client_id,nombre,email,telefono,genero,fecha_registro
CL-00001,Viviana Beatriz Sanmiguel Jordá,lauravalero@example.com,1497799228898,Femenino,2024-12-12
CL-00002,Dolores Daniela Expósito Llabrés,vicenteeliana@example.net,5210701707033,Masculino,2025-02-05
cl_00003,Roberta Tirado Isern,obenavides@example.org,7376132102196,Masculino,2024-06-21
cl_00004,Olalla Pla Cuevas,tarroyo@example.org,9494285473382,Masculino,2024-09-11
CL-00005,Miriam Ángel,onofre17@example.net,6755340992831,Masculino,2023-09-08
CL-00006,Casemiro Nevado-Sosa,viviana19@example.net,2721999144484,Femenino,2024-07-09
cl_00007,Eutropio Colom Escolano,isabel61@example.com,5057385121215,Masculino,2024-07-28
CL-00008,Gabino José Manuel Díaz González,alvaroarmida@example.net,7028093938815,fem,2024-02-26
CL-00009,Eva Solís-Canet,ctudela@example.com,4805225294612,Masculino,2025-04-24
cl_00010,Galo de Yáñez,correo@.com,2713118034265,Masculino,2023-09-30
cl_00011,Pepita Olmo Terrón,salfaro@example.net,1888362174173,Femenino,2024-06-03
CL-00012,Hugo Tomé Vigil,brunilda89@example.net,123456,Femenino,2025-02-01
CL-00013,Aurora Pino Blázquez,amoteobaldo@example.com,5493220169418,Femenino,2025-07-06
CL-00014,Marino Ricart Abellán,berrocalantonia@example.org,7754376883567,Masculino,2023-09-07
CL-00015,123,ale51@example.net,7975345909876,Masculino,2025-08-22
CL-00016,Rosenda Arellano Alberto,pmoles@example.com,0968281990972,M,2025-05-14
CL-00017,Teresa del Niño,hipolito26@example.org,5934016317333,Femenino,2025-07-17
CL-00018,Óscar Estrada,fernandezsandalio@example.net,3771796526089,Femenino,
CL-00019,Juanita Soto Folch,doloresbarroso@example.org,8920333247764,Femenino,2024-05-11
CL-00020,Gisela Macías Sánchez,correo@.com,4398896374574,Femenino,2024-01-18
CL-00021,Diana de Noriega,rosalva09@example.net,2781846279407,Femenino,2025-01-26
CL-00022,Gervasio Franch Rey,quesadalalo@example.org,0405771328049,Femenino,2025-03-04
CL-00023,Raúl Aparicio Muro,celso28@example.org,6108782620723,Femenino,2025-07-07
CL-00024,Daniela Consuela Ferreras Benavent,miguel-angel70@example.net,6-123-456,Desconocido,2025-02-27
cl_00025,Pedro del Múgica,juan-josegordillo@example.net,0644257912371,Masculino,2024-03-27
CL-00026,Victor Manuel Romero Palma,utrujillo@example.net,1448468716600,Femenino,2024-11-01
cl_00027,Dolores Peinado Casanovas,felix13@example.com,8688156186103,Femenino,2024-01-22
CL-00028,Horacio Jaén Hervia,valenzuelaaraceli@example.org,8917321270256,Masculino,2023-12-07
CL-00029,Ainoa Domínguez Nogués,carinaangulo@example.org,6461335426495,Femenino,2024-02-22
cl_00030,123,pintoivan@example.net,4716132050028,Masculino,2025-03-25
CL-00031,Silvestre Rodríguez-Vidal,vandres@example.org,6269694552390,Masculino,2025-04-17
CL-00032,Enrique Alemán Pelayo,elba14@example.net,4570850384764,M,2023-10-10
CL-00033,Luciano Beltran-Lillo,luis-miguelsolis@example.com,3929684602544,Masculino,2024-02-23
CL-00034,Clotilde de Pagès,maristela46@example.com,3350595018339,Masculino,2024-11-02
cl_00035,Jordana Paredes Benavent,xjerez@example.com,2987069374575,Femenino,2025-06-22
CL-00036,Evaristo Rivera,porfirio19@example.net,+34816233002,Masculino,2024-02-29
CL-00037,Josefina Romeu Palomar,javieraalfonso@example.com,4655473683017,Femenino,2024-05-15
CL-00038,Natalio Teodosio Perea Bayo,hrosado@example.net,8947185868571,Masculino,2024-09-20
cl_00039,Angelita Romeu Tena,zgalan@example.org,4999397100715,Femenino,2025-03-08
,Haydée Mena Lumbreras,@gmail.com,5793080926001,Femenino,2025-04-05
cl_00041,Brunilda de Carpio,holive@example.net,9677439293677,Masculino,2024-11-29
cl_00042,Octavia Sevilla Tudela,curro44@example.org,9204194344296,Femenino,2025-08-28
CL-00043,Odalys Nogueira-Elías,jose-luis46@example.net,2204853795594,Femenino,2023-08-30
cl_00044,Rebeca Acosta Aguado,eustaquiomarino@example.com,1500014072590,Femenino,2025-04-30
CL-00045,Lalo Adán Moll,felixbenito@example.org,5511221366114,Femenino,2024-11-19
CL-00046,José Mari Santana Tormo,yduarte@example.com,9583105648144,Masculino,2024-01-23
CL-00047,Buenaventura Robles Jódar,baldomero62@example.net,0823027085741,Femenino,2024-12-02
CL-00048,Melchor Cuadrado Ferreras,merche17@example.net,61234abc,M,2024-01-15
cl_00049,Cruz Pol Correa,posadapaco@example.com,3400832173454,Femenino,2025-03-12
CL-00050,Felicidad Martinez Novoa,,2418326785165,Masculino,2024-08-11
CL-00051,Samu del Cabanillas,qgonzalez@example.org,1727044700259,Masculino,2025-08-14
CL-00052,Fabiana Cornejo Miranda,wlago@example.net,3662645829549,Masculino,2024-12-15
CL-00053,Jaime Talavera Cózar,amaro88@example.org,7621963624231,Femenino,2023-12-09
cl_00054,Lupe Alcalá Llabrés,ghervas@example.net,4212299208250,Femenino,
CL-00055,Almudena Luís Martínez,llanosismael@example.org,5660426138319,Femenino,2023-10-16
cl_00056,José Luis Santamaria Villena,candela93@example.com,6554546455783,M,2024-06-20
CL-00057,Trini Juárez Solano,sdiez@example.net,8778555975638,Femenino,2025-04-14
cl_00058,Jose Miguel Díez-Cabrera,ciriacocasas@example.com,2929395503209,Femenino,2025-04-15
CL-00059,Wálter Barón Carbajo,perlagimenez@example.org,3494619256932,Femenino,2024-08-20
cl_00060,Felicia Cabanillas Caballero,,6-123-456,Masculino,2024-05-24
cl_00061,Sabas Esteban Vilanova,federico70@example.net,5922319520030,Masculino,2025-08-25
cl_00062,Quique Inocencio Lucas Jara,dionisiavargas@example.com,6580612065858,Femenino,2025-02-18
CL-00063,Ramón Moll Valentín,tespana@example.com,8581558667053,Femenino,2024-07-11
CL-00064,Alonso Beltrán Sola,nmas@example.net,6512796524554,fem,2025-06-22
CL-00065,Jonatan Carreras Nuñez,ltapia@example.org,2272638273054,Femenino,2024-09-14
CL-00066,Benito Abella Montero,jose-manuelvalle@example.com,0649854983807,Femenino,2023-09-11
CL-00067,Rosario Bernat Requena,qayuso@example.org,3266107817557,Femenino,2025-07-11
CL-00068,Roxana León Sevilla,guadalupe86@example.net,8558437552069,Femenino,2025-04-15
CL-00069,Azahara Baquero Castrillo,salvador81@example.com,4592911618228,Femenino,2023-12-03
CL-00070,Raimundo Yuste Verdú,@gmail.com,9529804443230,Femenino,2023-10-18
CL-00071,Marcial Araujo Benito,odalislamas@example.org,9071214677079,Femenino,2025-04-06
CL-00072,Vito Izquierdo,vcozar@example.com,+34984589021,fem,2026-01-01
cl_00073,Narcisa Prado-Soria,solanolilia@example.org,7256336381688,Femenino,2024-04-16
cl_00074,Joaquina Prieto Pons,gimenezhilario@example.org,1566506460221,Masculino,2024-08-13
CL-00075,Baltasar Llano,anabel84@example.net,2305354835185,Masculino,2024-02-20
CL-00076,Dafne Ros-Olmo,paula44@example.org,9353857370974,Masculino,2025-01-12
CL-00077,Valero Ariel Martinez Estévez,zgonzalez@example.org,3282654765737,Masculino,2023-12-14
cl_00078,Azahar Gracia Garcés,aitana71@example.com,0733275438516,Femenino,2025-05-16
CL-00079,Dafne Leticia Dueñas Cortés,ferrandezambrosio@example.com,0883593508096,Femenino,2024-01-25
cl_00080,Rosendo Mariano Zabaleta Quero,flaviafolch@example.com,6737845720585,M,2025-03-26
CL-00081,Chuy Vall Bayo,lquerol@example.com,8446509639421,Masculino,2025-02-20
CL-00082,Jerónimo Tejedor Briones,kolmedo@example.net,8308217611209,Masculino,2024-06-22
CL-00083,Olivia del Bauzà,pnevado@example.net,8909077608142,Femenino,2024-01-26
CL-00084,Celestina Águeda Carmona Huguet,adrian71@example.org,61234abc,Femenino,2024-09-10
CL-00085,Vicenta Barragán Iglesias,ruben66@example.com,6246271428931,Femenino,2024-01-11
cl_00086,Patricio Real,ccuellar@example.org,2754227604906,Femenino,2024-05-01
CL-00087,Florentino Leopoldo Vives Mariscal,yiriarte@example.net,3535391814060,Femenino,2024-09-04
CL-00088,Julie Luz Agudo Vara,leonor72@example.com,4926918844356,M,2024-02-15
CL-00089,Estela Moreno-Terrón,penalverseverino@example.com,8501138745695,Masculino,2025-03-14
cl_00090,@Oliver,,2394876707644,Femenino,2026-01-01
cl_00091,Nilda Tejero Leon,francisca20@example.org,0150694375822,Masculino,2023-12-21
cl_00092,Heraclio Pazos Sainz,morcilloflora@example.net,0533416795689,Femenino,2025-02-21
cl_00093,Pablo Villena Pera,grasamancio@example.net,3170192004820,Femenino,2025-05-25
CL-00094,Inocencio Sanabria-Olivera,anna86@example.org,8430762785542,Masculino,2024-06-11
CL-00095,Samu Llamas Benítez,bolanosjudith@example.com,6134127420802,Femenino,2025-07-24
CL-00096,José Manuel Sans Zamora,aaroca@example.org,61234abc,fem,2025-05-12
CL-00097,Gonzalo Sainz Ayuso,mireia12@example.org,8799285486374,Femenino,2024-04-08
CL-00098,Hernando Godofredo Silva Vaquero,castilloagustin@example.com,9361668055205,Femenino,2024-06-12
CL-00099,Rafa Gallart Aguirre,oliviapalomo@example.net,9810428705046,Masculino,2025-07-29
cl_00100,Otilia Escribano Prats,correo@.com,5371467095130,Femenino,2024-04-15
CL-00101,Ciríaco Zorrilla Lladó,carrojenaro@example.org,8898057149039,Masculino,2025-04-07
cl_00102,Dan Alegre Sanchez,ulisescaparros@example.com,8377829157918,Masculino,2024-12-22
CL-00103,Eli Quintero Mora,obduliavega@example.net,4698946084385,Femenino,2025-08-03
cl_00104,Roldán de Jove,yanezfeliciana@example.com,7025321386952,M,2024-11-15
CL-00105,@Oliver,qrosales@example.net,4871834136095,Masculino,2025-01-07
CL-00106,Juan Francisco Lumbreras,dianaayuso@example.com,2143603864670,Masculino,2025-01-01
CL-00107,Bernabé Valero Feijoo,kportero@example.com,4212106960201,Masculino,2025-06-17
CL-00108,Iris Zapata-Casanova,reinamora@example.com,123456,Femenino,2025-03-19
cl_00109,Olivia Roura,cristian16@example.net,1686909686565,Masculino,2024-10-02
CL-00110,Nacio Amor Puerta,,1556487516206,Masculino,2024-02-14
CL-00111,Jordana Coloma-Benet,anabelsolsona@example.com,2226551663555,Masculino,2023-11-26
CL-00112,Ángeles Lara Alemán Plana,jeronimobotella@example.com,6353980277189,M,2025-01-04
cl_00113,Charo del Segura,arellanodario@example.org,3833439313004,Femenino,2024-01-16
CL-00114,Hector Leal Garzón,villalbaconstanza@example.org,5618355861597,Femenino,2023-10-08
CL-00115,Brunilda Agustí Mariño,uburgos@example.org,4493308492364,Masculino,2025-06-11
cl_00116,Tristán Acosta Gárate,domitilavara@example.net,9333804074146,Masculino,2025-03-07
CL-00117,Vidal Roque Mendez Bastida,josefasegura@example.org,8135557780284,Masculino,2023-10-20
CL-00118,Adelardo Oller Aguiló,cristian34@example.net,3137486969313,Femenino,2024-07-12
cl_00119,Isidora Blazquez Rodriguez,orozcocayetana@example.org,0882388730609,Femenino,2025-03-14
cl_00120,,correo@.com,61234abc,fem,2024-07-06
CL-00121,Reynaldo Benito Díez,jose-angelmateu@example.com,5110849008359,Masculino,2025-08-11
cl_00122,Paula Casanovas Báez,ptejada@example.com,9008158022093,Masculino,2024-11-11
CL-00123,Simón Pulido Tur,amayanebot@example.org,6483900312254,Femenino,2024-01-11
CL-00124,Evelia Tena-Bejarano,gaston32@example.org,0595181854364,Masculino,2023-11-19
CL-00125,Miguel Ángel Barón,krobles@example.net,8301745192121,Femenino,2024-07-13
CL-00126,Calixta Vives Alegre,imari@example.org,2578193680940,Femenino,2023-11-14
CL-00127,Aristides Sanmartín-Juan,nievestormo@example.net,1500997837393,Femenino,2024-02-19
CL-00128,Lorena Hervia-Pozuelo,salazarbernardino@example.com,7931232593712,M,2025-05-14
CL-00129,Amador Godofredo Carrillo Lladó,jreguera@example.org,4975806354055,Femenino,2024-12-06
CL-00130,Regina Coello Cabezas,correo@.com,9566554731114,Masculino,2024-09-11
CL-00131,Marcelo Vera Navarro,collpiedad@example.org,4914138262931,Femenino,2024-04-01
cl_00132,Carmina Núñez Roselló,ciriacosoto@example.net,61234abc,Masculino,2025-02-13
CL-00133,Viviana Giner-Marín,chemabosch@example.net,6732476473106,Masculino,2023-09-09
CL-00134,Clara de Cabello,florrita@example.org,6204534706187,Masculino,2024-02-13
CL-00135,Remedios Tirado Requena,beldacurro@example.org,4112145558944,Masculino,2025-08-26
CL-00136,Alfredo Solé Larrañaga,alberdijuan-bautista@example.org,9117796572461,Masculino,2024-06-05
CL-00137,Plinio Alejo Ariza Hierro,qviana@example.com,3000772559733,Masculino,2025-07-30
CL-00138,Obdulia Nebot Riba,juan-josetapia@example.com,9484764536816,Masculino,2024-04-18
CL-00139,Samanta Corona Dueñas Mas,manuelagalindo@example.org,3531532604156,Femenino,2025-04-25
CL-00140,Ramiro del Badía,@gmail.com,4183234666823,Femenino,2024-12-26
cl_00141,David Albero Montaña,gala29@example.net,2142107972619,Masculino,2024-09-21
CL-00142,Tito Angulo,cortega@example.net,0723766514666,Masculino,2024-04-23
cl_00143,Delfina Lamas,guadalupecanales@example.org,2355645922491,Masculino,2024-09-14
CL-00144,Dimas Pedraza Rosa,ilerma@example.com,+34846 879 973,Desconocido,2026-01-01
CL-00145,África Figueroa Infante,cervantesbernabe@example.net,4888205313978,Masculino,2025-06-27
CL-00146,Gil Eric Conde Vazquez,pvalverde@example.org,1941341492130,Masculino,2025-03-03
CL-00147,Pío de Baeza,santanatono@example.com,8586542532653,Femenino,2025-04-20
CL-00148,Arturo de Llamas,valeraoctavia@example.net,1564528909837,Femenino,2025-04-05
CL-00149,Benito Coronado Somoza,almagrojuan-francisco@example.net,1356914000331,Masculino,2024-06-29
CL-00150,123,mzabala@example.com,2861836187045,Masculino,2025-08-07
CL-00151,Yéssica Calvo-Terrón,zacarias22@example.net,7148268255484,Femenino,2024-01-19
CL-00152,Apolonia Silva Durán,tamaritbalduino@example.net,2449485995822,Desconocido,2025-01-20
CL-00153,Bibiana Vigil Mayoral,falcoeusebia@example.net,6836928817255,Femenino,2024-02-13
CL-00154,Óscar Nicolás Giralt Verdugo,ivan78@example.org,9364108851399,Masculino,2025-08-16
cl_00155,Beatriz Alarcón Carrión,carrionmariana@example.org,1954072233337,Masculino,2023-11-15
CL-00156,Donato Solís-Padilla,landalucas@example.net,123456,Femenino,2025-07-08
CL-00157,Miguel Ángel Roda Pedraza,amaropenalver@example.com,9598472238868,Femenino,2024-05-11
CL-00158,Haroldo Almagro-Bastida,haydee07@example.org,8224881036225,Femenino,2023-08-31
CL-00159,Benita Calzada Coronado,chema25@example.com,7353079889393,Femenino,2024-08-05
,José Antonio Salom Vall,correo@.com,8161325805331,M,2025-03-08
CL-00161,Benigno Olmo Zorrilla,escribanohugo@example.net,5201815312858,Femenino,2025-05-02
cl_00162,Jose Ramón de Bejarano,gonzalovalles@example.com,1273336792204,Masculino,2026-01-01
cl_00163,Bernardo Goñi-Palacio,dperales@example.org,8511291167357,Masculino,2023-10-26
CL-00164,Marisol Padilla Bayona,esmeralda90@example.net,2759277191734,Masculino,2024-01-11
CL-00165,Román Barceló Pelayo,dprat@example.net,3371975022364,Femenino,2024-04-26
CL-00166,Leonel Carballo Coca,salcazar@example.net,9717489585952,Femenino,2025-08-27
CL-00167,Buenaventura Casas Teruel,alcides74@example.com,8586785976919,Masculino,2024-08-21
cl_00168,Leocadia Manzano Toledo,aurelia90@example.net,6-123-456,Desconocido,2025-01-27
CL-00169,Liliana Gutierrez Vázquez,edgardocarrasco@example.org,9265956331138,Masculino,2024-04-23
cl_00170,Edgardo Cisneros Corominas,btenorio@example.org,5247966318896,Femenino,2023-12-17
CL-00171,Liliana Gelabert Ramón,coronadomaximino@example.com,5332811469255,Masculino,2024-11-30
cl_00172,Felisa Yésica Blanch Almagro,bustamantetoribio@example.org,0460738348564,Masculino,2025-03-06
CL-00173,Eva María Sacristán-Diez,obaeza@example.org,9870179704084,Femenino,2025-03-16
CL-00174,Julio Higueras Peiró,andradefortunata@example.com,1474759140821,Femenino,2023-12-16
CL-00175,Benito Gómez Robledo,varelaluisina@example.net,6436984922178,Femenino,2024-04-04
CL-00176,Alejo Anaya Jurado,pcarvajal@example.org,7288242831939,fem,2025-02-20
CL-00177,Amelia del Pino,zuriarte@example.org,6596291328055,Femenino,2023-12-21
CL-00178,Silvia Valdés-Martí,josefinaarino@example.net,7181450642054,Masculino,2023-09-23
cl_00179,Paco de Coloma,alcidessala@example.org,1822881235772,Femenino,2025-08-22
cl_00180,,ifigueroa@example.org,123456,Femenino,2025-06-21
CL-00181,Úrsula de Sosa,bmosquera@example.org,9619206743762,Femenino,2025-08-18
CL-00182,Cornelio Alfaro Botella,marcelotrujillo@example.net,5162662751566,Femenino,2025-06-08
CL-00183,Isaías del Cañellas,antonadriana@example.net,1728896389341,Masculino,2025-01-01
CL-00184,Alejandro Arévalo Baena,portanico@example.org,5673266632600,Femenino,2023-12-07
CL-00185,Nicanor Moreno Bejarano Núñez,celsocornejo@example.org,8696036719942,Femenino,2024-06-01
CL-00186,Loida Pedraza,marciaplana@example.org,1541479874885,Masculino,2025-03-28
CL-00187,Edu Olivé,maribelrovira@example.org,3767642760375,Masculino,2025-07-15
CL-00188,Natividad Amador Palau,gala24@example.net,3859447103662,Femenino,2025-05-03
CL-00189,Isaura Gloria Conde Herrera,falcograciela@example.com,6481818539763,Masculino,2024-10-24
CL-00190,Elena Calderón Adadia,pascuala50@example.com,8801616879903,Masculino,2024-06-18
cl_00191,Andrés Calatayud Lorenzo,carmelaalbero@example.com,2259508839751,Masculino,2024-04-25
cl_00192,Cándida Falcó Cabezas,cabanillasflorinda@example.net,+34883 29 26 77,M,2024-09-02
CL-00193,Samu Mora,mgrau@example.com,4204417124445,Masculino,2025-06-08
CL-00194,Alcides Saura Morillo,iglesiasmontserrat@example.net,3147237573788,Masculino,2023-09-12
CL-00195,Martín del Pazos,canalscintia@example.org,1816011757126,Femenino,2024-11-16
CL-00196,Tere Andres Roldan,pbosch@example.org,4233212342717,Masculino,2025-07-14
CL-00197,Pablo Andres Bustos,alvaromarino@example.com,6070067417025,Femenino,2024-05-12
CL-00198,Lucila Ugarte Quesada,aurea99@example.net,9064541730281,Masculino,2026-01-01
CL-00199,Verónica Concha Viña Barón,cbautista@example.org,9195807143060,Femenino,2024-01-08
CL-00200,Fausto Sancho León Pellicer,correo@.com,7272160743672,Femenino,2025-01-13
CL-00201,Visitación Garmendia-Marcos,larranagatiburcio@example.org,4219532234290,Femenino,2025-05-19
cl_00202,Aníbal Sales Ledesma,utejero@example.net,6693010243565,Masculino,2025-03-25
CL-00203,Fátima Miranda Duarte,qizquierdo@example.com,8112095760372,Masculino,2024-04-14
CL-00204,Bibiana Fábregas Rivas,puenteiker@example.org,123456,Masculino,2025-02-23
cl_00205,Florina del Álvaro,elena75@example.net,8046603381729,Masculino,2024-07-14
CL-00206,Jacinto Pera,agustin78@example.net,5174287980800,Masculino,2024-04-21
cl_00207,Sabina Baños,zbarriga@example.net,1688518283673,Femenino,2025-05-30
cl_00208,Eliseo del Pereira,dvaldes@example.org,6739332680777,M,2024-04-14
cl_00209,Albino Serra Pou,kcobos@example.net,3112601222842,Femenino,2024-10-23
CL-00210,,correo@.com,6437195190803,Masculino,2025-06-04
cl_00211,Rogelio Barreda Robles,concha68@example.net,7635103635982,Masculino,2024-04-30
CL-00212,Carmela Rosell Carmona,montserratlucio@example.com,8586679619979,Masculino,2025-02-24
CL-00213,Carmela Pablo,aranzazubello@example.org,6852031599927,Masculino,2024-03-17
cl_00214,Darío Valcárcel Pagès,llago@example.org,9971281442898,Femenino,2024-11-25
CL-00215,Cleto del Vicens,camilaortuno@example.com,0550533474165,Masculino,2024-11-23
CL-00216,Ceferino Cepeda Amores,larreaolegario@example.com,123456,Femenino,
CL-00217,Carmelo Riera Vega,cristinanovoa@example.com,7914158756771,Masculino,2024-07-09
cl_00218,Perlita Asensio Uría,diegoinigo@example.net,2926443141337,Masculino,2024-04-16
cl_00219,Teresita del Ferrer,montserratjose-antonio@example.net,4755207707421,Femenino,2024-04-02
,Alexandra Gutiérrez Priego,elpidioiborra@example.org,2822720718410,Masculino,2024-01-09
CL-00221,Adora Reig Vergara,talba@example.org,5262246666262,Femenino,2025-07-18
CL-00222,Hugo Madrid Lobato,juan-carlosmoran@example.com,0130066076667,Masculino,2024-06-12
CL-00223,Che Chacón Valcárcel,narciso21@example.org,3159839405603,Masculino,2024-06-09
cl_00224,Baudelio de Oliver,mfabra@example.com,1884064211977,Desconocido,2024-09-03
cl_00225,,batlleainoa@example.com,0799450333665,Masculino,2023-09-07
CL-00226,Carlos Marin Terrón,poncio03@example.org,1879655283367,Femenino,2023-10-16
CL-00227,Lupe Soto Arellano,fuenteconsuelo@example.org,5552667664584,Femenino,2024-04-12
cl_00228,Dani Palomino Lara,calisto96@example.org,61234abc,Femenino,2024-10-16
CL-00229,Adrián Ismael Amor Mendoza,bmedina@example.com,5935216483786,Masculino,2023-09-22
CL-00230,Guiomar del Alsina,,7960653112605,Masculino,2024-09-07
cl_00231,Duilio del Bustamante,zalonso@example.net,5069603769043,Masculino,2024-12-11
CL-00232,Elisa Melisa Grau Dueñas,cesarsanchez@example.net,8492542499394,Masculino,2024-05-07
CL-00233,Benjamín del Puga,egabaldon@example.org,4283471703642,Masculino,2025-07-10
CL-00234,Miguel Ángel Marqués-Cámara,rayaporfirio@example.com,7777391569430,Femenino,
cl_00235,Imelda Pascual Higueras,jose-ramonalvarez@example.com,7061265313348,Femenino,2024-04-10
CL-00236,Evaristo Salazar Gallo,faustocano@example.net,7657802413885,Masculino,2024-04-24
cl_00237,Maxi Pujadas,lupeortuno@example.com,9473174371454,Femenino,2024-01-27
cl_00238,Charo Brígida Valencia Viana,alejandro39@example.com,0969459642687,Masculino,2023-11-16
CL-00239,Edgardo Rosa Roldán,dani71@example.org,1111932009952,Masculino,2024-01-31
,,colombuenaventura@example.com,+34979 124 749,fem,2024-09-25
CL-00241,Rosalina Sabina Tormo Ugarte,encarnacioncasado@example.net,3537753022669,Femenino,2024-11-06
CL-00242,Paloma Benitez Arrieta,primitivafrutos@example.org,5273472647268,Masculino,2025-03-08
cl_00243,Saturnino Jove Canals,omar99@example.net,1455379533150,Masculino,2023-11-14
cl_00244,Manuela Mayte Belda Becerra,clementegeorgina@example.org,9279855050321,Femenino,2025-07-05
CL-00245,Rosalía Baquero-Priego,jordisalcedo@example.org,0692784668774,Femenino,2024-12-23
CL-00246,Fabio Amador,vperal@example.net,5199875916274,Masculino,2024-11-08
cl_00247,Yaiza Aparicio Gallego,arielbayo@example.org,1528152933094,Femenino,2024-06-21
CL-00248,Ezequiel Torrens Capdevila,bernardo41@example.com,7044709554300,fem,2023-11-05
cl_00249,Juanita Diego-Valdés,isaias27@example.com,5152278221596,Femenino,2025-05-17
cl_00250,Kike Varela Baena,,0656221326488,Femenino,2025-01-10
CL-00251,Reyes Sierra Arranz,feliufelipa@example.com,9660182326733,Femenino,2024-01-08
CL-00252,Loreto Luján-Lucas,ipelaez@example.net,+34 974425367,Masculino,
cl_00253,Duilio Feijoo Bayo,amigosara@example.org,1989593764567,Masculino,2025-06-22
CL-00254,Kike Téllez Bauzà,tvizcaino@example.net,9467676532192,Masculino,2025-07-06
CL-00255,Elena Áurea Robledo Daza,cayetana02@example.com,5516726147644,Femenino,2024-05-19
CL-00256,Rolando Rivera Amores,ximena98@example.com,2824443228142,Desconocido,2024-11-02
CL-00257,Marc Rocamora,roldan02@example.net,2291387043823,Femenino,2025-01-30
CL-00258,Roberto Ferrando Narváez,ferranyago@example.net,0542449420889,Femenino,2023-09-19
CL-00259,Ignacia Jover Rojas,buenosalome@example.org,8498939293753,Masculino,2024-12-06
,César Esteve Mate,gelabertnacio@example.org,2846877730925,Femenino,2024-08-31
CL-00261,Selena Lorenzo Viñas,gracianagimenez@example.org,2726360473379,Masculino,2024-10-26
CL-00262,Diego Matas Pizarro,salamancacasandra@example.net,2884876775701,Femenino,2025-06-14
cl_00263,Margarita Miguela Verdejo Tormo,fermin23@example.net,8849953904516,Masculino,2024-07-18
CL-00264,Griselda Roselló Echevarría,ldalmau@example.net,123456,fem,2024-08-13
CL-00265,Amada de Pla,aura68@example.org,5940789328248,Femenino,2023-10-12
cl_00266,Eligio Raúl Urrutia Asenjo,sandalio28@example.org,1982704739397,Femenino,2024-12-26
CL-00267,Flor Solís Juan,cesarramirez@example.org,3584113776472,Masculino,2024-07-27
CL-00268,Aurora Múñiz Bosch,dsanchez@example.com,1235238162550,Femenino,2024-09-01
cl_00269,Eduardo Morales Torrecilla,elisabet83@example.net,4706650546742,Femenino,2024-12-25
cl_00270,@Oliver,@gmail.com,6894386868587,Femenino,2024-02-19
CL-00271,Aura Lobo-Vall,bernardavazquez@example.com,6596564594912,Masculino,2024-07-20
CL-00272,Berto Arjona Ribera,manzanaresalberto@example.net,8133104863921,fem,2023-10-11
CL-00273,Azucena Francisco Rebollo,maite01@example.com,0863706936902,Masculino,2024-10-31
CL-00274,Lucía Lucas Cañellas,maria-josequesada@example.org,8595797541573,Masculino,2024-10-07
CL-00275,Yolanda Puig Giner,calderonremedios@example.net,5147180462862,Femenino,2025-07-13
CL-00276,Clemente Berenguer-Pons,borjasegovia@example.com,123456,Masculino,2024-08-16
CL-00277,Josep Llanos Redondo,bauzajoel@example.net,6098657715000,Femenino,2025-08-08
cl_00278,Renata Feliu Cortés,almeidacosme@example.com,4068585520017,Femenino,2023-10-11
CL-00279,Lupe Escobar Otero,toribio51@example.com,3261906064332,Femenino,2025-06-06
,Calixta Cueto-Sebastián,@gmail.com,0578091962265,fem,2025-01-10
CL-00281,Anna Alfaro Guardia,alberdigisela@example.org,0327639506821,Masculino,2025-01-16
CL-00282,Fidela Aguilera Rosselló,telmo13@example.org,9018946480299,Masculino,2024-02-07
cl_00283,Octavio Escalona Echeverría,eligioramirez@example.net,0790889353372,Masculino,2025-04-27
CL-00284,Ariadna Vives Folch,bpalomar@example.com,5606906456415,Masculino,2024-07-03
CL-00285,@Oliver,victorianoperez@example.net,1045955255415,Masculino,2023-10-06
cl_00286,Jonatan Montes Vélez,seve63@example.org,1383985503602,Masculino,2025-02-24
CL-00287,Jose Angel Gual-Feijoo,truano@example.com,7463853574761,Femenino,2025-05-04
cl_00288,Anabel Fabra Cordero,federico00@example.org,61234abc,M,2024-04-15
CL-00289,René Galan,adelardofrias@example.net,0027173415127,Masculino,2025-01-21
cl_00290,Alfonso de Neira,correo@.com,4660876146617,Femenino,2024-07-27
CL-00291,Pastor Gilberto Aranda Franch,gagustin@example.com,2133962043060,Masculino,2024-08-13
cl_00292,Desiderio de Oliveras,rochaabril@example.org,8960315208598,Masculino,2024-12-13
CL-00293,Odalis Taboada Lasa,prudencia76@example.net,9618263574234,Masculino,2024-07-14
CL-00294,Blas Fonseca-Toro,xsevilla@example.org,1166149965593,Masculino,2025-03-21
cl_00295,Verónica Llabrés,ale02@example.net,5500785753942,Masculino,2024-12-26
CL-00296,Severiano Castro Zamorano,julianbru@example.net,7559503606400,Masculino,2024-07-26
CL-00297,Obdulia Murillo Soler,haroldo58@example.org,5979127483200,Femenino,2024-07-22
cl_00298,Jordi de Cal,lazaro93@example.org,9622015223557,Masculino,2024-08-08
CL-00299,Salomé Miranda Jove,fulgencio92@example.net,7334229421262,Femenino,2024-11-12
CL-00300,@Oliver,,6-123-456,Femenino,2023-11-04
CL-00301,Andrés Asenjo Castrillo,reinadario@example.net,4549845315021,Masculino,2024-10-08
CL-00302,Gala Hoyos Ferrando,luzabella@example.org,0119015005819,Masculino,2024-12-19
CL-00303,Antonio Cañellas Sevilla,donairelaura@example.org,2860527321320,Masculino,2024-08-01
CL-00304,Paola Aller Abascal,luis-angel67@example.net,7624938801567,fem,2024-04-20
CL-00305,Néstor Cáceres,niloferrando@example.com,2802696228521,Femenino,2025-08-13
CL-00306,Encarnacion Trujillo Agullo,sarita13@example.org,2124491571716,Femenino,2023-10-11
CL-00307,Juan Carlos de Paniagua,gustavo40@example.com,4743661978871,Masculino,2025-06-12
CL-00308,Humberto Leon Tomas,manceboedu@example.com,6404698961511,Femenino,2023-10-22
cl_00309,Emilia Castelló Rey,arsenio60@example.org,3848357238147,Femenino,2025-05-13
CL-00310,Julieta Ocaña Tenorio,,9292051855402,Masculino,2024-09-13
CL-00311,Leocadio Millán Maldonado,ale77@example.org,4973863991570,Masculino,2024-09-10
CL-00312,Severino Pla Báez,xalamo@example.org,61234abc,Desconocido,2025-03-30
CL-00313,Pacífica Tena Araujo,lguillen@example.com,8230389836271,Femenino,2024-09-10
CL-00314,Antonio Saura-Seguí,alexportillo@example.org,6080086970707,Masculino,2024-03-20
CL-00315,,znarvaez@example.com,8594745803339,Femenino,2024-03-16
cl_00316,Fausto Che Guerra Espejo,aurea30@example.com,9156148689807,Masculino,2023-10-13
CL-00317,María Del Carmen Bernarda Conde Salmerón,alberolaangelica@example.net,1143396330060,Femenino,2025-01-01
cl_00318,Juan José Redondo Llanos,bibianaisern@example.org,9805320359402,Masculino,2025-03-07
CL-00319,Balduino Pinilla Roig,bautistavinas@example.com,1032016800431,Femenino,2025-04-23
CL-00320,Yaiza Valero Arnal,correo@.com,8140118995543,M,2024-04-04
CL-00321,Rodolfo Diez Crespo,morena11@example.org,9343478712404,Femenino,2024-12-28
cl_00322,Pacífica Casanova-Aguado,felicidad10@example.org,2958316709754,Masculino,2025-07-08
cl_00323,María Carretero Vega,soraya70@example.org,1595465961065,Femenino,2024-07-17
cl_00324,Juana León Larrañaga,luis-miguelleon@example.net,6-123-456,Masculino,2026-01-01
CL-00325,Manuela Fuertes Mendez,maria-manuelaarevalo@example.com,7842620725852,Femenino,2024-12-20
cl_00326,Tamara Tello Galán,xagudo@example.com,2893223825357,Femenino,2025-06-21
cl_00327,Casemiro Quesada Llorens,ddiaz@example.org,1779235856756,Masculino,2025-02-05
cl_00328,Saturnina Baró Sanmartín,victoriaconesa@example.org,6055972834326,Masculino,2023-11-26
CL-00329,Otilia Morcillo-Ferrer,bherranz@example.com,1757519785079,Femenino,2024-09-08
CL-00330,,,9507593174909,Masculino,2024-06-23
CL-00331,Remedios Rosa María Gordillo Benet,fabiana54@example.org,7244794965212,Femenino,2024-02-11
CL-00332,Olivia Batalla Cañete,casandra40@example.net,1453170028818,Femenino,2023-10-05
cl_00333,Rosario Fiol Sáez,angel51@example.com,1498012948363,Femenino,2024-12-08
cl_00334,Ulises Capdevila Nevado,moranaitana@example.net,4726494954858,Masculino,2024-07-09
CL-00335,Nadia Ordóñez Batlle,barriojose-maria@example.org,7773264007135,Femenino,2024-09-01
cl_00336,Carmelo Bernat Cantón,leire71@example.com,6-123-456,M,2025-05-22
CL-00337,Duilio Heriberto Bejarano Riera,ileana31@example.org,1163248213324,Masculino,2025-02-22
CL-00338,Teodora Quintero,vfortuny@example.org,8774110890552,Femenino,2025-08-13
CL-00339,Vicenta Gallardo Baena,ybermudez@example.net,6478577774890,Femenino,2023-10-15
,Bernardita Azucena Alcaraz Paniagua,correo@.com,2316832637021,Masculino,2024-07-15
CL-00341,Itziar Nogueira Sevilla,ortunorosenda@example.net,0411099857065,Femenino,2025-06-24
CL-00342,Purificación Mónica Ponce Almeida,rosalia11@example.org,0967823997696,Masculino,
CL-00343,Baldomero de Peinado,laravilar@example.org,2943033313828,Femenino,2025-06-22
CL-00344,Rosenda Murillo Agullo,calistanoguera@example.org,6567391059194,Masculino,2024-11-19
CL-00345,123,felipealcazar@example.net,9113871264161,Masculino,2024-08-07
cl_00346,Adela de Ortega,marisa66@example.org,3188374839633,Masculino,2025-04-20
CL-00347,Evita Calderon Clavero,ernesto40@example.com,3031129316164,Femenino,2023-12-01
CL-00348,Duilio Antón Gordillo,merinoadora@example.com,+34876170287,Femenino,2025-06-26
cl_00349,Clara Barrera,fsoriano@example.com,0617958907676,Femenino,2024-10-07
CL-00350,Wálter Aguirre Casanova,correo@.com,9638858147329,Femenino,2024-06-05
cl_00351,Adelia Hurtado Casanovas,leonmas@example.net,8955869634754,Femenino,2024-01-15
CL-00352,Charo Nieto,sabatermaria-luisa@example.net,4717217998676,M,2025-08-25
cl_00353,Josefina Gomis Rico,queroadelia@example.org,5337976864633,Masculino,2024-03-05
cl_00354,Hernando Iglesia Vallejo,rogeliorovira@example.net,0156571350284,Femenino,2023-08-29
CL-00355,Ariel Doménech Ribes,bounydia@example.com,3145411979737,Masculino,2024-12-27
CL-00356,Carmelo Martínez-Llamas,chetorrijos@example.org,8787811276200,Femenino,2024-03-06
CL-00357,Lina Montes Zapata,ambrosiobastida@example.net,5038035599725,Femenino,2024-03-13
cl_00358,Ulises Bermejo Polo,blas51@example.net,5913549527287,Femenino,2024-09-12
cl_00359,Odalys Conesa Bautista,giselablanch@example.org,4623838874675,Masculino,2025-05-29
,@Oliver,correo@.com,61234abc,Femenino,
CL-00361,María José Angulo Casas,grosello@example.net,3299000855720,Femenino,2025-05-02
CL-00362,Miguela Carro-Mir,benaventquirino@example.com,2051407522297,Femenino,2024-04-28
CL-00363,Efraín Lasa Tenorio,perla23@example.org,1865071174018,Masculino,2024-03-26
CL-00364,Augusto Mayoral Artigas,olledo@example.org,7393087434739,Masculino,2025-08-11
CL-00365,Severino Amo Bolaños,garciaagustin@example.org,0136201529188,Femenino,2024-06-14
cl_00366,Eva María Celia Sarmiento Murillo,espanolrogelio@example.com,2988453876797,Femenino,2025-01-26
cl_00367,Eutimio Espejo Romero,rjurado@example.net,9092502797123,Femenino,2024-06-29
CL-00368,Manu Macías Lucena,mcantero@example.org,4227955640990,Desconocido,2024-07-25
cl_00369,Javiera Bermudez Gordillo,villegaslucila@example.com,3814656424306,Femenino,2024-11-16
CL-00370,Palmira de Isern,correo@.com,4789912273972,Femenino,2025-02-04
CL-00371,Nayara Diego-Catalán,pachecoasdrubal@example.com,0570520569816,Femenino,2025-06-16
CL-00372,Renato Quesada Carrasco,xvigil@example.net,61234abc,Masculino,2023-12-06
CL-00373,Fermín Mir Vall,yoller@example.com,3650838145024,Femenino,2024-08-29
cl_00374,Lucho Vilaplana,menendezsaturnina@example.com,3729809551843,Masculino,2025-06-23
cl_00375,@Oliver,torralbaevita@example.com,5283536154872,Masculino,2025-02-15
cl_00376,Custodio Farré Plana,bautista59@example.net,5903461453046,Femenino,2023-12-22
CL-00377,Gabino Roldan,esperanzacomas@example.net,0756231660131,Masculino,2025-01-07
CL-00378,Bruno Samper Pulido,pinaflorentina@example.com,0204266015843,Masculino,2026-01-01
CL-00379,Natividad Reina-Amor,bernardofuente@example.net,5698276287943,Masculino,2024-05-29
CL-00380,Eligia Nebot,chelo14@example.org,7669437633773,Masculino,2024-08-09
CL-00381,Arcelia Albina Carbonell Gutiérrez,aroanaranjo@example.org,9617217648584,Masculino,2024-12-15
CL-00382,Amaya de Osuna,salvadorvera@example.net,9031058252684,Femenino,2024-08-23
CL-00383,Ángel Gimeno,ezequielcapdevila@example.net,8375679438078,Masculino,2025-01-24
CL-00384,Ariel Carpio-Ochoa,aranzazumuniz@example.com,+34 876 621 903,M,2024-04-15
cl_00385,Amaya Aller Quintanilla,wfolch@example.com,7837734525295,Masculino,2024-05-04
cl_00386,Amancio Francisco Angulo,catalanfelisa@example.org,2096731908123,Masculino,2024-04-21
cl_00387,Vicenta Mesa Adán,mauriciovillalba@example.com,8754783393306,Masculino,2024-04-19
cl_00388,Ambrosio Garcés Martín,psimo@example.org,1043320271779,Femenino,2024-09-22
cl_00389,Galo Pla Gallego,narcisaguerra@example.net,8843543847082,Femenino,2023-09-14
cl_00390,Eusebia Céspedes-Valera,xoliver@example.com,6469306976295,Femenino,2025-01-26
cl_00391,Jose Angel del Baeza,ipalomares@example.net,3154546215371,Femenino,2024-04-25
cl_00392,Fabiola Palau Trillo,ialberdi@example.org,5897688317819,fem,2024-10-14
CL-00393,Sosimo Parejo Morera,ktejero@example.com,4223782849227,Femenino,2025-01-18
cl_00394,Luisa Moya Sabater,lloretbaltasar@example.org,0653696675147,Femenino,2024-11-14
CL-00395,Kike de Zurita,albinagalindo@example.net,2819907925690,Femenino,2025-07-18
CL-00396,Aurora Cámara,hipolitoocana@example.net,6-123-456,Femenino,2026-01-01
CL-00397,Lisandro del Gallo,wcanellas@example.org,6511586222483,Femenino,2024-11-05
CL-00398,Angelita Alcaraz Andrade,maria-doloresescobar@example.com,4453177595288,Femenino,2025-01-17
cl_00399,Pascual Lastra Otero,costajuan-luis@example.net,7909467896934,Femenino,2024-07-30
,Gabino Cuéllar Vélez,,4309420053728,Femenino,2025-05-23
cl_00401,Montserrat Ibarra Pereira,hugomartin@example.com,0949347239809,Femenino,2024-09-24
CL-00402,Moisés Expósito Dominguez,tcoronado@example.org,0296443730073,Masculino,2025-05-17
cl_00403,Miguela Mendizábal,romannovoa@example.org,7827396021881,Masculino,2025-03-01
cl_00404,Guiomar Linares,alfredo44@example.com,0327931888899,Femenino,2025-08-20
cl_00405,Quique Valentín Ripoll,ojedajose-angel@example.org,3960681051257,Masculino,2023-09-23
cl_00406,Chuy de Fortuny,fmesa@example.org,5744416005216,Femenino,2024-09-06
CL-00407,Adelia Madrid-Carranza,xalfonso@example.net,0675163602657,Masculino,2024-12-20
CL-00408,Arsenio Inocencio Alsina Antón,silvioferreras@example.net,+34877 490 228,Desconocido,2024-04-20
CL-00409,Palmira Martí Jordán,cerdaneliana@example.com,8572411501427,Masculino,2025-05-12
CL-00410,Benjamín Herrero Correa,,7902768469621,Masculino,2024-10-09
CL-00411,Anastasio René Atienza Montoya,ritamiranda@example.org,2318272864129,Masculino,2024-03-18
cl_00412,Gloria Filomena Roselló Estevez,amor68@example.net,1674304505536,Femenino,2024-11-30
cl_00413,David Ros-Cortes,celsososa@example.net,1480197005854,Femenino,2024-12-18
cl_00414,Ezequiel Peñas Codina,oguillen@example.net,8700560842623,Femenino,2024-02-09
CL-00415,Mercedes Osuna Alcolea,quevedoaranzazu@example.net,9208553238070,Masculino,2024-10-22
cl_00416,Fanny Garriga-Roma,zariza@example.com,2408634697499,fem,2024-06-22
cl_00417,Flor Vargas Comas,rosalinda52@example.org,1690149591779,Masculino,2024-01-18
CL-00418,Julieta Benavides Solano,ceferinobaeza@example.com,7439359661550,Femenino,2023-09-17
CL-00419,Juan Manuel Rebollo Merino,antonnorberto@example.net,8397638017290,Masculino,2024-06-03
,@Oliver,@gmail.com,123456,Femenino,2023-09-24
cl_00421,Seve Grau Buendía,ysantos@example.net,8998043537940,Femenino,2024-06-11
CL-00422,Mauricio Tomás Pazos,nmorata@example.org,8658218230219,Femenino,2024-02-01
CL-00423,Georgina Arteaga Asenjo,alvarezlorena@example.net,4280375400699,Masculino,2025-07-03
CL-00424,Javiera Emilia Chaves Angulo,gmoreno@example.net,4610791356928,M,2024-09-11
cl_00425,Julio César Benitez,tonimoles@example.net,1185024835073,Masculino,2023-10-13
CL-00426,Miguel Tapia,campopurificacion@example.org,8176735176732,Femenino,2025-03-22
CL-00427,Gil Cal Collado,xpalau@example.com,4727441597315,Femenino,2024-02-13
cl_00428,Teófilo Ballesteros Belmonte,mariamesa@example.net,7118648229759,Masculino,2025-03-07
CL-00429,Claudio Carmona Cuadrado,inogues@example.org,1598893641661,Masculino,2025-07-06
CL-00430,Tiburcio Abad Quirós,jposada@example.com,1676346560396,Masculino,2025-02-15
cl_00431,Adolfo Uribe Olivera,gironvanesa@example.com,6377234460898,Femenino,2025-08-21
CL-00432,Hilda Roldán,sanchezlaura@example.org,6-123-456,Masculino,2024-08-25
cl_00433,Fulgencio de Sotelo,luis-angel34@example.net,2107984722525,Masculino,2024-09-22
cl_00434,Guadalupe de Benet,cordobaclotilde@example.org,3488379206495,Masculino,2024-05-31
cl_00435,123,barraganisabela@example.com,3899155646582,Masculino,2025-08-15
cl_00436,Juan Pablo Pedrero Ángel,loreto62@example.org,2677981723050,Femenino,2025-03-24
CL-00437,Jose Francisco Oliver Canals,marc03@example.com,1324529972900,Masculino,2024-04-01
cl_00438,Marcela Feijoo Amorós,eusebio27@example.net,3938834924923,Femenino,2024-05-28
CL-00439,Adriana Barrio Blanco,usolsona@example.com,1659199837586,Femenino,2024-06-01
,Loida Conde Nuñez,,0983026554687,Desconocido,2024-03-08
CL-00441,Isabel Noriega Pablo,jacintomugica@example.com,8778496645846,Masculino,2024-08-22
CL-00442,Modesta Evelia Carreras Alcalde,ferrandizguadalupe@example.org,2874777426024,Femenino,2025-05-28
cl_00443,Adelardo Pablo Alcázar,juan-francisco30@example.net,4938718007014,Femenino,2024-11-22
CL-00444,Ani Melero Osuna,zacariasmateos@example.com,61234abc,Masculino,2024-03-18
CL-00445,Darío Lobato Frutos,loretovilla@example.com,4066454729505,Masculino,2024-11-02
CL-00446,Emilia Guardiola Leiva,bolanosanibal@example.com,5377104568164,Masculino,2025-05-20
cl_00447,Pilar Arcelia Poza Viña,rochadominga@example.org,6433401012521,Masculino,2025-02-06
cl_00448,Bárbara Borrell Jurado,victorinomartin@example.com,7439242998952,Masculino,2024-11-16
cl_00449,Aura Alvarado Martí,utorrent@example.org,9140953315517,Femenino,2025-02-16
CL-00450,@Oliver,,7149247042915,Masculino,2026-01-01
CL-00451,Paloma Gracia Daza Royo,reginacerdan@example.com,2912661261064,Femenino,2025-07-15
CL-00452,Olivia de Arellano,suarezrosalia@example.org,2478714183767,Femenino,2024-05-20
cl_00453,Galo Agustín Hervás Rueda,rita43@example.org,1318090201937,Masculino,2024-11-15
CL-00454,Tecla Falcó Valencia,amandocompany@example.com,3911486897884,Masculino,2024-12-09
cl_00455,Guiomar Asunción Arroyo Lorenzo,amandocampoy@example.org,2697769722690,Femenino,2024-08-13
CL-00456,Gerardo Lucas,ani82@example.org,+34823 611 787,Masculino,2024-10-28
CL-00457,Fito Gual Barrena,osvaldopardo@example.org,6747475939871,Masculino,2024-09-23
CL-00458,Rocío Palomares Bru,angulomarcela@example.net,0901612748977,Masculino,2023-12-29
CL-00459,Paula Palau Bueno,pastor49@example.net,2099694051754,Femenino,2024-07-18
,Clara Huertas Dávila,danialfonso@example.net,4695421506730,Femenino,2025-03-16
CL-00461,Valeria Flor Ferrer,jcarbajo@example.org,4036011417015,Masculino,2025-03-02
CL-00462,María Pilar Fortuny Codina,adora66@example.org,0553633846348,Femenino,2023-12-30
cl_00463,Calixta de Andrés,anguitacasandra@example.net,4992476587085,Masculino,2023-09-07
CL-00464,Venceslás Cerdán Calderón,ariasmaria-pilar@example.org,9156277249300,M,2024-09-19
CL-00465,@Oliver,ripolleloisa@example.net,2412924538841,Masculino,2024-05-27
cl_00466,Eva María Aguirre Calatayud,guerrerojoaquina@example.net,3421354671121,Femenino,2024-12-22
CL-00467,Catalina Sala Vera,priegociriaco@example.com,4651770548214,Masculino,2023-10-13
cl_00468,Macario Alfonso Rivero,gdieguez@example.net,123456,Femenino,
CL-00469,Gema Noemí Sarmiento Parejo,almudenamartin@example.com,7294154858799,Femenino,2023-09-11
cl_00470,Gervasio Melero Verdejo,puigedelmira@example.com,9081382152156,Masculino,2024-03-08
CL-00471,Gloria Murcia Orozco,ambrosio43@example.org,8719708437880,Femenino,2025-08-01
cl_00472,Maricruz Corbacho-Baquero,ximenaalbero@example.net,2688046796569,M,2023-10-30
CL-00473,Catalina Espada Jover,qbalaguer@example.com,2951404057884,Masculino,2023-12-21
CL-00474,Itziar Lara Ribes Sainz,ocarbajo@example.org,4988949694715,Masculino,2024-10-18
cl_00475,Rosalina Florinda Valera Isern,alcazarherminio@example.org,0679450407904,Masculino,2024-05-26
CL-00476,Paulina Gutiérrez Mur,darias@example.com,9962824394159,Femenino,2024-02-23
CL-00477,Marta Torrens-Marin,lupita54@example.com,4987528472407,Masculino,2025-02-15
CL-00478,Nidia Adelia Berrocal Leal,samuel49@example.net,2353126557502,Masculino,2024-10-12
CL-00479,Tatiana Tello Segarra,lbilbao@example.org,5076373169696,Masculino,2025-08-23
,123,correo@.com,123456,M,2024-05-30
CL-00481,Guillermo Pinilla,otiliamiguel@example.net,0811585156363,Femenino,2023-09-12
CL-00482,Gala Adriana Ortuño Maldonado,ntejero@example.net,5411764675518,Masculino,2024-02-16
CL-00483,Plinio Clavero Juárez,iruiz@example.net,2984588959950,Masculino,2025-04-26
cl_00484,Gerardo de Molina,maria-angeles47@example.org,8601400677331,Femenino,2024-06-07
CL-00485,Heraclio Salas Blanco,guillenisidora@example.org,9385249063773,Femenino,2024-12-10
cl_00486,Febe Valenzuela Torre,baldomero16@example.com,0129289698745,Masculino,2025-05-09
CL-00487,Adriana Gracia Naranjo,maytelozano@example.com,2947213170120,Masculino,2024-10-18
cl_00488,Morena Belmonte,rosalinafalco@example.net,1975440506048,Desconocido,2025-02-17
CL-00489,Francisco Javier Santiago Cazorla,miguela66@example.com,5815748993458,Femenino,2025-07-30
cl_00490,Hortensia Mármol Quevedo,,1921385858650,Femenino,2024-12-09
CL-00491,María Jesús Serna-Barón,tdavila@example.org,6218940008798,Masculino,2024-03-03
CL-00492,Basilio de Casares,menendezursula@example.com,+34839236428,Masculino,2024-12-29
CL-00493,Teodora de Gelabert,rosalia79@example.com,6792952576975,Femenino,2023-10-19
CL-00494,Lucila Bastida-Marqués,cuestafilomena@example.net,5147807840868,Masculino,2024-11-04
cl_00495,@Oliver,rosario10@example.com,8029599981130,Masculino,2024-10-20
CL-00496,América Guerra,pfernandez@example.com,7627795451093,Masculino,2025-06-26
cl_00497,Armando de Carlos,loida19@example.net,3149114014107,Femenino,2024-12-05
cl_00498,Josefa Font-Gelabert,vnunez@example.com,6648294052870,Femenino,2023-11-27
cl_00499,Isidora de Cuéllar,rodolfovalcarcel@example.com,6597462936140,Masculino,2025-04-16
,Iker del Elías,adelinasalom@example.org,5991074157878,Masculino,2024-11-28
CL-00501,Gil Tejedor Duarte,barrenaemilia@example.net,6467585436882,Masculino,2024-01-22
CL-00502,Jaime Salcedo Jordán,irmaperez@example.com,4547724641252,Femenino,2025-03-02
CL-00503,Miguel Ángel Vélez Pelayo,reinajuan-jose@example.com,9510452391737,Masculino,2023-12-01
cl_00504,Pastora de Pomares,blasmanzanares@example.org,+34923 52 95 39,M,2025-06-13
cl_00505,Camilo Fabra Arnaiz,borjapatricia@example.org,7241897721021,Femenino,2024-12-21
CL-00506,Goyo Ángel Portero,anibal41@example.org,3024601727335,Femenino,2025-03-01
CL-00507,Teodoro Amaro Gaya Moya,uribejose-antonio@example.net,3748074009579,Masculino,2024-08-08
cl_00508,Marina Catalán Niño,hbarco@example.org,0655781313142,Masculino,2024-11-23
CL-00509,Fausto Córdoba Portillo,maldonadofelix@example.com,5396436243618,Femenino,2025-06-15
cl_00510,Régulo de Rey,,9866917377319,Masculino,2024-10-31
cl_00511,Aroa Fernanda Puig Galvez,pinedapiedad@example.net,4551541651502,Masculino,2024-12-02
cl_00512,Alonso Tamayo Bernad,reinaldobayona@example.org,0455965143909,Desconocido,2025-04-11
cl_00513,Máximo Puerta,narcisomarti@example.org,7810908082430,Femenino,2024-06-01
CL-00514,Toribio Paredes,macariacasals@example.org,6658228427716,Femenino,2025-05-26
CL-00515,María Belén Muro Cabañas,fausto63@example.com,9836925543437,Femenino,2025-01-19
CL-00516,Luis Lucas Girona,carmelafigueras@example.net,+34 716 20 55 21,Femenino,2024-07-25
CL-00517,Isidro Bejarano Lucena,amelia79@example.org,8421744873770,Femenino,2024-05-27
CL-00518,Luna Cases Isern,jose-luisserna@example.com,5035953437409,Femenino,2025-01-12
CL-00519,Hernando Chamorro Quevedo,ursulaaznar@example.org,3517223019008,Masculino,2025-06-17
cl_00520,Dominga Beatriz Iñiguez Bartolomé,,2971567315350,Desconocido,2024-10-20
cl_00521,Hermenegildo Vilaplana Alcaraz,svaquero@example.com,3329958920828,Masculino,2025-07-06
CL-00522,Gabino Lloret Múñiz,ggracia@example.net,0780082340328,Masculino,2025-06-23
CL-00523,Eutropio Castellanos Seguí,ebarbera@example.com,5023029370718,Masculino,2023-11-27
CL-00524,Samu Modesto Saura Bru,fidelajover@example.com,6841571906620,Masculino,2024-11-04
cl_00525,Fátima Criado Guillén,maite96@example.com,0188019425403,Femenino,2024-08-12
CL-00526,Febe Soler-Meléndez,simonfernandez@example.org,3301781188856,Femenino,2025-02-05
cl_00527,Severino Carbó Codina,nilopineiro@example.com,6769424109377,Femenino,2025-04-05
CL-00528,Domitila Aguilera Garzón,leonorsalmeron@example.com,61234abc,Desconocido,2025-08-09
CL-00529,Emelina Flora Aroca Garay,earmengol@example.net,0534754810656,Femenino,2024-04-04
CL-00530,Danilo Solé Mínguez,,3608720589409,Femenino,2023-10-15
CL-00531,Eloísa Rozas Ángel,marinapareja@example.net,2478981894837,Femenino,2024-05-19
CL-00532,Natanael Bayón Acevedo,ralcantara@example.org,0677156241490,Femenino,2024-12-21
CL-00533,Abilio Llano Rincón,pelaezsusana@example.net,0158261904807,Masculino,2024-05-17
cl_00534,Cruz Olivares Suárez,emiliana28@example.com,0593449080138,Masculino,2025-06-21
CL-00535,Leandra Porta Serna,donato11@example.com,0393414218197,Femenino,2024-06-14
cl_00536,Angélica de Pomares,severinoherrera@example.com,7233415467456,fem,2023-12-09
cl_00537,Feliciana Tolosa Ordóñez,anselma93@example.net,4532165023708,Femenino,2024-05-18
CL-00538,Marcelino Rivero Mosquera,bbueno@example.net,9573063086132,Femenino,2025-03-13
CL-00539,Prudencia Escalona-Santamaria,reyesbarragan@example.net,5920704889272,Masculino,2023-10-18
,Luis Miguel de Cuesta,,61234abc,Femenino,2026-01-01
cl_00541,Lupita Gaya Mateo,blancoliliana@example.net,4539179366261,Masculino,2025-01-01
CL-00542,Ruperta Osuna Manzanares,rcabanas@example.org,8878520324532,Femenino,2024-01-25
cl_00543,Seve Roca,luciomarmol@example.com,4599389659290,Masculino,2023-11-09
CL-00544,Carmelo Miró Borrás,tureulalia@example.com,5829784273652,Masculino,2024-03-22
cl_00545,Calixta del Marí,galvezcosme@example.net,1257033973200,Masculino,2024-07-26
CL-00546,Alondra Bastida Amor,corona67@example.com,4134868700138,Masculino,2023-12-20
CL-00547,Víctor Cristian Alvarez Roca,cloefortuny@example.com,9763808514544,Femenino,2025-02-24
cl_00548,Primitiva Miró Marti,anagutierrez@example.com,6458919781044,Masculino,2024-07-05
cl_00549,Patricio Bejarano Palomo,cayetana53@example.net,4559914810235,Femenino,2024-01-25
cl_00550,Noemí Cuesta Sosa,correo@.com,1750266876319,Masculino,2024-11-08
cl_00551,Evaristo del Abellán,daranda@example.com,4415932945040,Femenino,2024-01-22
CL-00552,Nacho Manuel Tena,colomaurelia@example.com,6-123-456,M,2025-05-20
CL-00553,Reina Figueroa-Oller,amaliafuertes@example.com,4645068518251,Masculino,2025-04-29
CL-00554,Fernando Jover Borrego,ogallego@example.org,2674807093327,Masculino,2024-05-04
CL-00555,123,vduenas@example.org,2527716970397,Femenino,2024-08-17
CL-00556,Obdulia Coloma-Barceló,jeronimoquintana@example.org,6923922667507,Masculino,2024-08-31
CL-00557,Dominga Escudero Lamas,catalajonatan@example.net,6775936638796,Masculino,2025-08-13
cl_00558,Nico Seco Bertrán,rogelioduran@example.net,0855225441662,Masculino,2024-08-09
CL-00559,Malena Gutiérrez Ureña,isidro44@example.com,2860031315600,Masculino,2025-01-22
CL-00560,Chus Carro Cifuentes,ucastellanos@example.com,8788374871379,Masculino,2024-01-05
cl_00561,Edmundo Borrás Llorente,lorena81@example.org,2148425919783,Femenino,2023-11-10
CL-00562,Imelda Olivera Guardiola,anselma31@example.com,1424146447855,Masculino,2025-07-11
cl_00563,Micaela Vicente Díaz,jacinto36@example.net,5724743473426,Femenino,2023-12-16
CL-00564,Gerónimo Sala Briones,hcarmona@example.com,6-123-456,Masculino,2024-07-20
CL-00565,Calixto Calderón Casal,mariscalmauricio@example.com,9263726469114,Masculino,2024-06-24
cl_00566,Cloe Olivares Sandoval,eespada@example.org,2091005985955,Femenino,2025-06-10
CL-00567,Bartolomé Mena Ruiz,udonaire@example.net,3593908790923,Femenino,2025-05-13
CL-00568,Petrona Saavedra Puig,sandalio75@example.net,4894000710433,fem,2025-07-24
cl_00569,Concepción Lago,frios@example.net,5348506418356,Femenino,2023-11-21
CL-00570,@Oliver,correo@.com,1378392748845,Masculino,2024-08-06
cl_00571,Leandra del Pino,manola68@example.net,5392376609071,Femenino,2024-03-12
cl_00572,Donato Héctor Mascaró Almazán,vilanovalilia@example.org,5880560465547,Masculino,2025-01-16
cl_00573,Vito Crespo Amor,larajaime@example.net,9319509256435,Masculino,2024-08-26
cl_00574,Olimpia Miguel Valls,venceslas89@example.net,7197554220714,Masculino,2025-07-05
cl_00575,Otilia Villa,mroldan@example.com,9372000112511,Femenino,2024-07-08
CL-00576,Pedro Boada,gsarmiento@example.org,61234abc,Desconocido,
CL-00577,Julio César Rivero Vilanova,fburgos@example.net,8986350927714,Femenino,2024-05-13
CL-00578,Celso Morell Blazquez,azurita@example.com,9239209452077,Masculino,2023-10-20
CL-00579,Leyre Plaza,inocenciocastillo@example.net,2458888350637,Femenino,2025-05-02
cl_00580,Eutimio Santiago Román Marin,,5406627565442,Masculino,2025-06-16
cl_00581,Dalila Prado Almeida,hclavero@example.net,9880811582931,Masculino,2025-04-19
cl_00582,Toño de Sevillano,maximiano99@example.net,1646046490610,Masculino,2024-10-07
cl_00583,Calixta Martín Marco,peraeloisa@example.com,9182517547849,Masculino,2025-04-09
CL-00584,Teresa del Beltrán,narcisacordoba@example.com,6066291430903,Desconocido,2024-11-02
cl_00585,Maristela Gallardo Macías,bernardorecio@example.net,6713774045033,Femenino,2025-05-13
CL-00586,Dominga Barrera,hgalan@example.net,5054384127722,Femenino,2024-02-24
CL-00587,Enrique Rebollo,heliodoro80@example.net,1609968266543,Masculino,2024-03-08
CL-00588,Glauco Company Vendrell,josearmengol@example.org,123456,Femenino,2025-04-01
cl_00589,Quirino Sanmartín-Nuñez,wabascal@example.net,0730606342734,Femenino,2025-02-07
CL-00590,Miguel Ángel Andrade Monreal,@gmail.com,2002082513788,Femenino,2025-04-21
cl_00591,Pilar Fanny Lozano Castells,donato02@example.org,4623674894381,Masculino,2023-10-30
CL-00592,Telmo Cáceres Calzada,fidela17@example.net,1228218183464,M,2024-04-03
CL-00593,Dan Paredes Garrido,aguadogalo@example.net,7790323646564,Femenino,2024-01-27
cl_00594,Joaquín Erasmo Pintor Ros,teresa20@example.org,9738719965327,Masculino,2025-02-10
CL-00595,Virgilio Barragán Egea,leandrolaguna@example.org,2383082018516,Masculino,2025-02-06
cl_00596,Valero Yáñez Morante,basiliocerdan@example.com,7116557691380,Femenino,2025-06-07
CL-00597,Nilda Rodríguez Peña,cristinamuro@example.com,4732428066808,Femenino,2024-12-30
cl_00598,Marc Heras Espinosa,amilcar66@example.org,0181403713029,Masculino,2024-02-21
cl_00599,Raquel Vallés,esolana@example.com,7423486459001,Femenino,2025-04-14
CL-00600,Natividad Acevedo Zamora,,61234abc,Desconocido,2023-12-28
cl_00601,María Del Carmen Purificación Pastor Martín,fpinto@example.com,6461719462488,Masculino,2025-03-21
CL-00602,Noa del Ramirez,rebecahurtado@example.com,5402801256148,Masculino,2023-12-11
CL-00603,Paca Arnau Salom,manuelaandrade@example.org,2361654148293,Femenino,2023-10-01
cl_00604,Gonzalo Fabra,cintia05@example.net,4178577630589,Femenino,2024-06-01
CL-00605,Isidoro Calleja Múgica,arodriguez@example.org,4616456460876,Femenino,2024-09-30
cl_00606,Mariano Expósito Balaguer,tristanrios@example.net,4141691749974,Femenino,2025-01-14
CL-00607,Ema Sierra Roldán,leyrelanda@example.com,6822992963028,Masculino,2024-02-21
CL-00608,Sebastián Cañellas Losa,caridadverdugo@example.org,4704444047851,Femenino,2025-07-30
cl_00609,Ximena Viñas-Perez,baltasarponce@example.org,3426559792273,Femenino,2024-10-29
cl_00610,Régulo del Márquez,correo@.com,6323954835537,Femenino,2024-02-13
CL-00611,Jose Ignacio Zabala-Manzanares,claverojose-luis@example.com,3308210540504,Femenino,2024-10-12
cl_00612,Celestino Guitart Arellano,rroman@example.com,123456,Femenino,2024-06-10
CL-00613,Abel Cepeda Guzman,inmaculada15@example.net,8128502017116,Femenino,2024-11-05
cl_00614,Máximo del Anaya,upazos@example.com,2956462805785,Femenino,2025-07-26
CL-00615,Máxima Diez Castell,estersolis@example.org,9896594410507,Femenino,2025-01-04
CL-00616,Josefa Saez Talavera,otalavera@example.com,3539044060196,fem,2024-05-01
CL-00617,Carmelita Báez Salgado,balduinomacias@example.net,5087902222589,Femenino,2025-02-20
CL-00618,Félix Córdoba Contreras,aitana65@example.net,8794371126169,Femenino,2024-05-16
CL-00619,Isaías Galán-Expósito,xaviertamayo@example.net,5015404366756,Masculino,2023-09-14
cl_00620,Julio César Ripoll Morell,@gmail.com,9385831704666,Femenino,2024-09-10
CL-00621,Pastor Prat,miriam81@example.com,6716517956891,Femenino,2024-06-27
cl_00622,Augusto Rosales Valdés,wperello@example.com,6332380024110,Masculino,2023-10-10
CL-00623,Emma Beatriz Uriarte Lledó,jacintobauza@example.org,8780816399383,Femenino,2025-02-27
CL-00624,Camilo Alegre Alemán,florinda59@example.com,123456,fem,2023-09-29
CL-00625,Régulo Ribes Cortes,bpaniagua@example.org,0052930899627,Femenino,2023-09-21
CL-00626,Marianela Mamen Tejada Tormo,mauriciochaparro@example.net,0002597229639,Masculino,2025-08-07
cl_00627,Tito Castrillo Arteaga,escobarvictoriano@example.net,4419463235603,Femenino,2024-01-26
cl_00628,Borja Álamo-Perea,carbonellmar@example.com,5645019787629,Femenino,2024-12-04
CL-00629,Rosa María Carina Vara Barón,loretomas@example.net,0151321601791,Femenino,2024-06-08
CL-00630,123,correo@.com,0500289122791,Femenino,
CL-00631,Mirta Roldán Jerez,navarroandres@example.org,4031925054969,Masculino,2024-03-23
CL-00632,Mauricio Jesús Gallo Carnero,nicolasaquesada@example.net,1520824220875,Masculino,2023-12-09
cl_00633,Heriberto Cobo Sola,vcarvajal@example.com,4101931406121,Femenino,2024-08-16
cl_00634,Serafina Roura Cabrero,esteban95@example.com,2249905904145,Masculino,2024-12-14
CL-00635,Estefanía Ferrándiz Gonzalez,mercedespriego@example.org,3157098990809,Femenino,2025-06-17
CL-00636,Odalis Rivas Bonilla,hgalvez@example.com,+34841 39 66 74,Femenino,2024-02-25
cl_00637,Áurea Mendizábal Vazquez,bgracia@example.com,7236393164827,Femenino,2024-07-25
CL-00638,Fulgencio Angulo Manso,atienzacandela@example.org,6577943965785,Femenino,2025-02-27
CL-00639,Cristóbal Manso Peral,chaparrosabas@example.net,7739498039467,Masculino,2024-02-02
cl_00640,Ángel de Osuna,correo@.com,8725025929348,Femenino,2024-12-22
CL-00641,Gloria Benet Camacho,jordannoemi@example.net,0325766908793,Masculino,2024-12-10
CL-00642,Casemiro Trujillo,lrebollo@example.net,9253011002111,Masculino,2025-03-14
CL-00643,Dorita Sanz Redondo,lhervas@example.org,5606332024203,Masculino,2024-04-09
CL-00644,Leonor Abascal Armas,vito36@example.org,4311287706718,Masculino,2024-04-01
cl_00645,,hacosta@example.com,7308487293804,Masculino,2025-05-01
cl_00646,Tania del Orozco,manolo68@example.com,6331917721434,Femenino,2024-01-14
CL-00647,Dorotea de Andrés,galvezhernan@example.net,6541798996249,Femenino,2025-08-17
CL-00648,Macaria Marí,pascuala08@example.net,61234abc,Masculino,2026-01-01
CL-00649,Cloe Guerrero Fortuny,vsomoza@example.com,4457674999454,Masculino,2025-03-26
CL-00650,América Moya Valero,sabinaecheverria@example.org,2033999279903,Femenino,2024-07-31
cl_00651,Pío Zamorano Morán,clarisa98@example.com,2332743633009,Masculino,2023-11-17
CL-00652,Laura Ferrero Casado,madridevelia@example.com,0889693997093,Masculino,2024-11-12
cl_00653,Abel Olivé Sainz,scriado@example.org,7660136599685,Masculino,2024-10-03
CL-00654,Evita Urrutia Gutiérrez,leticiavigil@example.net,5515991528033,Masculino,2023-09-02
CL-00655,Amaya Hidalgo Lamas,mgalan@example.org,2027354544109,Femenino,2024-09-18
cl_00656,Natalio Solano,galodomingo@example.com,1070961054012,fem,2024-12-26
CL-00657,Galo Luján Bárcena,andreselias@example.com,1506854282905,Masculino,2024-05-21
cl_00658,Gertrudis Roxana Coello Coca,villaangelica@example.com,7757742752603,Masculino,2023-09-22
CL-00659,Asdrubal Roura Acero,pastor15@example.net,2039397854157,Femenino,2025-06-05
,,@gmail.com,123456,Masculino,2023-12-02
cl_00661,Alejandra Plaza Sedano,coronacalvo@example.com,5757182409262,Femenino,2024-01-16
CL-00662,Judith Quintanilla Tudela,morataflora@example.net,0725658735300,Masculino,2025-08-16
cl_00663,Eva Leal,turjulian@example.org,6322295930378,Masculino,2024-11-22
cl_00664,Herberto Montero Castañeda,corralnicolas@example.org,9149498756693,M,2023-10-23
CL-00665,Josué Sevillano Pino,davidcampos@example.org,3389144552292,Masculino,2024-02-16
CL-00666,Juan Pablo Vigil Agustín,eufemia23@example.net,7667994188197,Femenino,2024-02-29
CL-00667,Eliana Vilanova Torrens,oelorza@example.net,7188337300738,Femenino,2024-11-04
CL-00668,Juana Quero Barceló,sol31@example.net,0727856518216,Masculino,2025-07-08
CL-00669,Adelaida Lozano Egea,eva51@example.com,0681081918705,Masculino,2025-02-18
cl_00670,Rubén Belda Camacho,,6973919624169,Masculino,2024-06-20
cl_00671,Aarón Villena Alvarado,arranzoctavia@example.net,9272291188302,Masculino,2025-01-01
cl_00672,Roberto Oliva Sarmiento,picelso@example.org,61234abc,Femenino,2025-04-28
cl_00673,Custodio Sáez Fernandez,valeraruben@example.org,7652036769508,Masculino,2023-12-19
cl_00674,Emelina Escudero Tejada,jrio@example.org,9796725027488,Femenino,2025-08-19
cl_00675,,omarcos@example.org,4413015013923,Masculino,2023-12-05
CL-00676,Trini Valentín Sevillano,bautistapiquer@example.net,8749098188732,Masculino,2024-08-14
cl_00677,Tecla del Aragonés,luis84@example.org,5589172392131,Femenino,2025-05-07
CL-00678,Alba Selena Solano Acero,virgilio09@example.org,9500031527066,Femenino,2025-05-18
CL-00679,Juanita Ariza Sarmiento,vicentaabad@example.org,6787371144337,Masculino,2024-04-19
CL-00680,Renato Chico-Alcántara,@gmail.com,8047562374322,Masculino,2024-10-13
CL-00681,Mercedes del Borrego,chus86@example.com,3155147212413,Masculino,2024-03-11
CL-00682,Pánfilo Gibert Gilabert,vidalvictorino@example.org,6661695990949,Femenino,2025-03-18
cl_00683,Martirio Calleja Asensio,srey@example.org,1186519897860,Femenino,2024-08-18
CL-00684,Maite Melero Gras,narvaezbegona@example.org,+34 843 69 77 87,Femenino,2024-08-29
CL-00685,Melania Barceló Hierro,virginiacanton@example.net,5768077910429,Masculino,2024-09-08
cl_00686,Ariadna Miranda Blanco,cintia11@example.org,4507848832920,Femenino,2024-11-16
cl_00687,Maribel Terrón Mulet,kcisneros@example.net,2076726491289,Masculino,2024-02-05
CL-00688,Pánfilo Abascal Tejedor,mcoloma@example.org,2460468713591,Femenino,2024-09-04
CL-00689,Abraham Garcés,jordana07@example.com,5406090041999,Masculino,2024-04-13
CL-00690,@Oliver,,3611930542017,Masculino,2025-06-09
CL-00691,Lope Peñas Aroca,nazaretmulet@example.net,7022759225077,Masculino,2023-10-24
CL-00692,Eutimio Costa,maria25@example.org,5321025614524,Masculino,2025-08-28
cl_00693,Nico Alonso Leon Lerma,hfiguerola@example.net,5237847723669,Femenino,2024-12-22
CL-00694,Edelmira Laguna Olmo,salvador27@example.org,8744129583228,Masculino,2023-11-19
cl_00695,Ascensión Armas Gimeno,gloria38@example.com,5028144061066,Femenino,2025-01-22
CL-00696,José Manuel Benito Valdés,alvarotristan@example.com,6-123-456,Femenino,2023-11-06
cl_00697,Adolfo Wálter Oller Montenegro,elisa99@example.org,3424682684097,Masculino,2024-09-30
CL-00698,Angelino Palau,malenaalcaraz@example.com,2897842488985,Masculino,2024-01-04
CL-00699,Aarón Larrea Giménez,uriajimena@example.org,4033365027724,Masculino,2025-08-15
CL-00700,Manola Echeverría Lozano,correo@.com,8083620952268,Masculino,2024-02-06
cl_00701,Tomasa de Cuadrado,ascensionportero@example.org,1405419196133,Femenino,2025-05-09
cl_00702,Javiera Aragón Alba,idaza@example.net,2220308431647,Femenino,2026-01-01
CL-00703,Pancho Duque Pereira,fernanda91@example.net,5910005168649,Masculino,2025-04-05
cl_00704,Bienvenida Zabala Llabrés,clementinaparedes@example.net,5269562603910,Femenino,2024-01-25
cl_00705,,carbopaulino@example.org,5303616304427,Femenino,2023-10-16
CL-00706,Paco Carpio Baeza,nmarino@example.com,7971455453641,Masculino,2024-04-09
CL-00707,Joel Toro Benavente,primitivo32@example.com,4286407317892,Femenino,2024-04-23
CL-00708,Visitación Somoza Chico,ligia14@example.com,123456,Femenino,2025-08-04
CL-00709,Urbano Zabaleta-Calatayud,qcarrillo@example.com,1078772235518,Femenino,2024-06-05
CL-00710,Basilio de Martí,correo@.com,3354104404813,Femenino,2023-08-30
cl_00711,Eva María Peralta-Carro,xdiaz@example.com,5802700241785,Femenino,2024-08-30
CL-00712,Hernando Rocha Llanos,rufina07@example.com,2952641102111,fem,2023-11-01
CL-00713,Eli Luján Alcalá,dlloret@example.com,8950640148741,Masculino,2025-03-31
CL-00714,Zaida Peiró Lledó,tmarco@example.com,6580974595612,Femenino,2024-04-01
cl_00715,Toni Expósito Castelló,ileanasolana@example.net,8690600168471,Femenino,2023-12-23
CL-00716,Lucio Criado Olivera,calvetoriana@example.org,1492164095911,Masculino,2024-08-31
cl_00717,Macaria Teruel Herrero,xyanez@example.net,6907205094344,Masculino,2024-09-23
cl_00718,Graciano Ureña Soto,cruzbarba@example.net,1025151963022,Femenino,2024-03-21
CL-00719,Óscar del Sala,corneliosole@example.org,1024580787677,Femenino,2023-11-29
CL-00720,123,@gmail.com,6-123-456,M,2025-02-28
CL-00721,Dionisia Girona-Poza,valero15@example.org,9649408450568,Femenino,2023-10-24
CL-00722,Paca Jódar-Palmer,caminorico@example.net,5801413348210,Femenino,2024-07-14
cl_00723,Félix Macias Llabrés,isaac18@example.net,4805646808202,Femenino,2024-03-27
CL-00724,Aránzazu del Cuevas,mayte45@example.org,6617319196414,Femenino,2024-09-27
cl_00725,Herminia Plaza Carrión,benetleire@example.com,2920473009184,Masculino,2025-01-09
cl_00726,Celestino Fabra Borrego,gutierrezloreto@example.net,7465733484477,Masculino,2024-09-01
CL-00727,Alba Pedrosa Buendía,walemany@example.net,0805041943049,Femenino,2024-03-06
CL-00728,Maribel Lamas Guzman,sanmiguelmaria-dolores@example.com,8410704018954,Desconocido,2024-08-12
CL-00729,Cecilio Tejada Piñol,purificacion87@example.org,9470058563320,Femenino,2024-02-24
CL-00730,Íñigo Cuéllar Machado,@gmail.com,9768841527114,Masculino,2024-11-22
CL-00731,Herminia Gil-Juárez,ana85@example.net,1259589958431,Masculino,2024-03-04
CL-00732,Félix Valerio Carrillo Goicoechea,benavidesconcepcion@example.net,61234abc,Femenino,2025-03-28
cl_00733,Dimas Esteban Cabezas,machadoamaro@example.org,2166025652165,Masculino,2024-03-21
CL-00734,Carmina Luciana Luna Gomez,concepcion42@example.com,8538084503110,Femenino,2023-09-12
CL-00735,Leoncio Moles-Belmonte,irodenas@example.com,4779789334608,Masculino,2024-01-18
CL-00736,Flavia Gallo Garzón,amarquez@example.net,2478989213284,M,2025-02-28
CL-00737,Isidro Sainz Almagro,smacias@example.com,6258117649363,Femenino,2024-01-30
cl_00738,Amador Ballesteros Boada,sevillamontserrat@example.net,6079459567142,Femenino,2026-01-01
cl_00739,Aitana Amores Valero,celestinarivero@example.net,3897587203916,Femenino,2024-12-03
CL-00740,Eliseo Beltran,@gmail.com,7450489341435,Masculino,2023-10-02
cl_00741,Adoración Sierra Paz,isidora44@example.org,3333079393759,Masculino,2025-08-16
CL-00742,María Cristina del Quiroga,placido69@example.net,6534389799573,Masculino,2024-09-15
cl_00743,Dimas Zabala Clemente,kike66@example.net,9521365455245,Masculino,2023-12-27
cl_00744,Jordi Palomo-Batalla,cespedesluis-angel@example.org,6-123-456,M,2025-04-24
CL-00745,Febe Ferrándiz Manjón,kamaya@example.com,5614183636643,Femenino,2023-12-31
CL-00746,René Leon Almansa,xalegria@example.org,2596733307116,Masculino,2025-08-28
CL-00747,Danilo Jover-Galindo,ambrosio68@example.com,3357611086707,Femenino,2025-01-30
CL-00748,Sandra Porcel,zabalahaydee@example.org,3419671340725,Masculino,2025-05-09
CL-00749,Adelardo Jurado Tapia,candelasantamaria@example.com,8265551764731,Masculino,2024-12-27
cl_00750,@Oliver,correo@.com,9107999415012,Femenino,2023-10-09
cl_00751,Demetrio Márquez Sarabia,meleroteo@example.net,5384175966212,Femenino,2025-03-11
CL-00752,Nidia Cal Pulido,mizaguirre@example.org,1670095884416,fem,2023-09-28
cl_00753,Ascensión Talavera Blanes,olegarioduarte@example.org,0984139756285,Femenino,2023-12-25
cl_00754,Vito Quintero Morante,arturovarela@example.net,6321607564829,Masculino,2024-06-06
CL-00755,Luisa Salazar Franch,cmorales@example.net,1897013648916,Masculino,2024-09-05
CL-00756,Toribio Villena Barba,estefania76@example.com,123456,Femenino,2025-05-26
CL-00757,Pancho Castañeda Sánchez,trinidadespinosa@example.org,4460973509238,Femenino,2024-02-23
CL-00758,Maxi Rebollo Solano,hidalgofabian@example.com,0752367909022,Masculino,2024-06-16
CL-00759,Obdulia de Jordán,feliciaesparza@example.com,9905654785715,Femenino,2024-09-15
cl_00760,Victor Jordán Simó Patiño,correo@.com,9052938383599,Masculino,2024-10-24
cl_00761,Aroa Roldan,chitapelayo@example.com,7579641778574,Masculino,2024-04-08
CL-00762,Marino Recio Aranda,oandrade@example.org,7208543673612,Femenino,2024-10-01
cl_00763,Malena del Aznar,elviratorrens@example.com,5477172858540,Femenino,2024-11-06
CL-00764,Nereida del Carbajo,amor98@example.com,5179160339565,Femenino,2023-12-23
cl_00765,@Oliver,oscar40@example.net,7157243868441,Masculino,2024-06-22
CL-00766,Laura Puerta Correa,juan-antonio99@example.net,1791521470038,Femenino,2025-08-27
cl_00767,Alberto del Canals,duquegonzalo@example.net,5586156028332,Masculino,2024-11-06
cl_00768,María Belén del Polo,esther19@example.org,6-123-456,Desconocido,2024-10-14
cl_00769,Flor Macias,xrivera@example.net,8116075582214,Femenino,2024-05-13
cl_00770,Vicente Torrecilla,correo@.com,9857078757390,Masculino,2025-08-10
CL-00771,Fernanda Carpio Saez,fpuerta@example.net,5551108672464,Femenino,2024-12-10
CL-00772,Alex Gutierrez Juárez,sbenitez@example.com,6619224705871,Femenino,2023-10-24
cl_00773,Filomena Zabala Peinado,morillojose-maria@example.net,7421885850428,Femenino,2024-08-31
CL-00774,Nico de Plana,ntoro@example.org,6607596681098,Masculino,
CL-00775,Amaro Alemán Llorente,oporras@example.org,4462548803942,Masculino,2024-10-30
cl_00776,Custodia Cadenas Pascual,egearoberta@example.com,3269516674094,Desconocido,2024-02-16
cl_00777,Sabina Pacheco Baños,natividadsilva@example.org,6673611166301,Masculino,2023-11-08
cl_00778,Gema Chaparro Torrecilla,aurelianoaliaga@example.com,3741383607590,Masculino,2024-02-25
cl_00779,Wálter Delgado Borja,ruben57@example.org,2102847509065,Masculino,2023-11-23
cl_00780,,@gmail.com,6-123-456,Femenino,2024-05-16
CL-00781,Gilberto Naranjo Costa,estefaniajara@example.org,9789095770091,Masculino,2025-03-24
CL-00782,Máxima Hoyos Izaguirre,leyre67@example.com,9284865599776,Masculino,2025-04-16
CL-00783,María José Bertrán Torrecilla,alfonsojaime@example.net,6561060562324,Femenino,2023-10-16
CL-00784,Ambrosio Belmonte Peñalver,renemontserrat@example.com,6124332859460,fem,2024-12-06
cl_00785,Elisabet Reina Aramburu,spatino@example.net,4315807081417,Femenino,2025-07-29
CL-00786,Chuy Comas-Somoza,soniatudela@example.net,9980494074494,Femenino,2025-07-05
CL-00787,Mercedes Viña Llabrés,clemente77@example.net,3728572920021,Masculino,2024-04-04
CL-00788,Evaristo Gimenez Santamaría,aurelio09@example.org,8689641579781,Femenino,2024-11-23
cl_00789,Paco Ayala-Martin,campillojesusa@example.net,1218516690423,Masculino,2024-09-29
CL-00790,Evangelina Almagro Bueno,,9509706020064,Masculino,2025-06-11
CL-00791,Diego Hoz Muñoz,macariopenas@example.org,6922934994335,Masculino,2023-12-23
CL-00792,Nayara Neira Villalba,clarisa49@example.net,+34 886 482 940,Masculino,2026-01-01
CL-00793,Severino Batalla-Ros,enoguera@example.org,4574493822756,Masculino,2024-03-31
CL-00794,Jose Criado Huertas,leticia24@example.net,2170439404330,Masculino,2025-05-15
CL-00795,123,belenarce@example.net,7203262042614,Masculino,2024-02-14
CL-00796,Rosalva Maza Castell,tejeradebora@example.org,2926461963079,Femenino,2024-04-10
CL-00797,Felipe Benitez Carlos,bartolome32@example.org,0350639702595,Masculino,2024-03-25
CL-00798,Encarnación Esteban-Montesinos,wserra@example.com,3010466834077,Femenino,2025-03-14
CL-00799,Ovidio Morcillo Carpio,trinidad54@example.org,1391109110535,Femenino,2024-11-06
cl_00800,Félix Asenjo Campoy,,4844015161410,fem,2024-01-08
CL-00801,Adalberto Ríos Carbó,carpiopepita@example.org,2613121586518,Masculino,2025-02-07
cl_00802,Yolanda Blanch Jurado,pacificarocha@example.org,4381636878986,Masculino,2024-03-25
CL-00803,Jaime Erasmo Piña Piquer,navasadela@example.net,8970880147531,Femenino,2025-05-28
CL-00804,Pánfilo Ciro Palmer Román,rouraedelmiro@example.com,61234abc,Femenino,2023-10-04
CL-00805,Geraldo Tomás Doménech,guadalupepatino@example.net,8285660228737,Masculino,2025-03-24
CL-00806,Chema Godoy Huerta,hoyosmatilde@example.org,2770464205111,Femenino,2024-02-20
CL-00807,Calixta Escobar Sevilla,jjaume@example.org,6240415868756,Femenino,2023-09-26
CL-00808,Rafaela Gámez-Ramis,carbajoreinaldo@example.net,3553956267777,Desconocido,2024-02-09
cl_00809,Adela Marin Girona,jviana@example.com,9465725279455,Femenino,2024-12-15
CL-00810,@Oliver,,2472619057406,Femenino,
CL-00811,Nicolasa Andrade Pineda,azorindani@example.org,6365997932173,Masculino,2025-01-23
CL-00812,Rosenda Mascaró Bermejo,serafinaescolano@example.com,8880550484660,Femenino,2025-03-07
cl_00813,Matilde del Aranda,julian86@example.com,6213818505296,Masculino,2023-10-31
cl_00814,Elpidio Cobo Rivas,salcedoblanca@example.com,3005097197587,Femenino,2024-11-02
CL-00815,Samuel Almagro Gomez,manola45@example.org,6277669432034,Masculino,2024-02-04
cl_00816,Emilia Barreda-Gibert,patriciodominguez@example.org,123456,Femenino,2024-08-27
cl_00817,Sebastian Garmendia Ferrero,lucianocompany@example.org,4712908133079,Masculino,2024-05-03
cl_00818,Isidora de Somoza,aranzazutome@example.net,0969725615455,Femenino,2023-10-15
CL-00819,Ruy Gomis Donaire,gjodar@example.com,6887133873471,Masculino,2024-12-05
CL-00820,Candelario Bru Macías,correo@.com,6523132313335,Femenino,2024-09-16
CL-00821,Ruperto Márquez Cuenca,osoriojose@example.net,8227522389839,Femenino,2024-07-23
CL-00822,Josué del Arteaga,lopezcandelas@example.com,8247723098663,Femenino,2024-07-24
CL-00823,Bartolomé Neira Porcel,nazaretdonaire@example.net,0609442341650,Masculino,2024-02-16
cl_00824,Édgar Lerma Olivera,zcepeda@example.net,5892489849787,fem,2025-04-16
cl_00825,Cristian Corbacho Rosell,fguillen@example.org,8015778731386,Femenino,2024-03-19
CL-00826,Sosimo Pereira Cruz,mhoz@example.com,3168931943731,Femenino,2024-08-20
CL-00827,Valentina Riquelme Pareja,sabas91@example.com,4638806757989,Femenino,2024-03-27
CL-00828,Tamara Camacho Acosta,remigio62@example.com,+34 821 284 806,Masculino,2025-02-07
CL-00829,Julián José Ángel Barba Abellán,bferrandiz@example.com,0058577131852,Femenino,2025-06-10
CL-00830,Eleuterio Ruano-Castro,,5614486016010,Masculino,2025-07-30
CL-00831,Tere Milla Barrena,sergio31@example.net,3326547300184,Masculino,2024-03-24
cl_00832,Felicidad de Tomé,eliseoalmansa@example.org,6382275022769,Masculino,2025-04-13
cl_00833,Albino Vergara Moll,artigasfrancisca@example.com,1218150474967,Femenino,2024-10-27
CL-00834,Rafa Clemente Oller,diezemiliana@example.com,4357398867154,Masculino,2025-02-01
CL-00835,Berto Aragonés Puga,ecortes@example.com,8055406018493,Masculino,2024-10-12
cl_00836,Che del Rebollo,lucas58@example.org,8058184296721,Masculino,2025-02-04
CL-00837,Beatriz del Yuste,linaresmelisa@example.com,3106618848352,Femenino,2023-10-16
CL-00838,Juan Bautista Aguiló Puga,xcalatayud@example.org,9727862481325,Masculino,2023-11-27
CL-00839,Andrés de Moreno,fcalleja@example.com,8274100785819,Femenino,2024-08-14
CL-00840,Américo Jover Neira,correo@.com,6-123-456,fem,2025-01-08
cl_00841,María Del Carmen Amorós,jovita32@example.org,0178008724302,Femenino,2024-05-28
CL-00842,Ulises Fuster Carro,mtejada@example.net,9622302863612,Masculino,2024-01-01
CL-00843,Javier Artigas Echeverría,maricelamascaro@example.com,3619200593816,Masculino,2024-04-11
CL-00844,Carmelo Bas Echeverría,mariamarino@example.org,3398032602220,Masculino,2024-06-17
cl_00845,Rebeca Coral Mir Pellicer,primitivo49@example.net,3730789155299,Masculino,2024-08-03
CL-00846,Nazaret Hernán Garrido Girona,nayaracastellanos@example.org,6889312104051,Femenino,2026-01-01
cl_00847,Amado Juan Francisco Pedraza Miranda,xtome@example.net,0055692150639,Masculino,2024-05-19
CL-00848,Lina Lobato Abellán,carmelaabella@example.org,4879579497306,fem,2024-03-30
cl_00849,Toño Diaz-Maestre,romansilva@example.com,1297822932885,Masculino,2024-05-28
CL-00850,Yago Malo Jáuregui,,5245044136191,Masculino,2025-05-11
CL-00851,Chus Amorós Giménez,jeronimomachado@example.net,2012675552878,Femenino,2024-12-10
CL-00852,Julia Villena Pomares,ana59@example.org,6-123-456,Masculino,2024-12-19
CL-00853,Salvador de Torrens,vinicio19@example.org,5126337635285,Femenino,2025-05-05
CL-00854,Roberto Feliciano Ferrándiz Carbó,pradonydia@example.net,0218591677264,Masculino,2024-04-07
cl_00855,@Oliver,uroma@example.net,1299028121995,Masculino,2025-03-30
cl_00856,Nicolasa Carmen Mate Cal,nlarranaga@example.com,8455573127327,Femenino,2023-12-29
CL-00857,Victor Manuel Atienza-Figueroa,jvazquez@example.net,9854848804908,Femenino,2024-12-05
cl_00858,Cintia Palomo Corral,kcobo@example.net,3656578934535,Femenino,2024-05-25
CL-00859,Victorino Acuña Canals,lledoteresa@example.org,1326409711682,Femenino,2023-12-02
cl_00860,Francisco Ariza Morera,@gmail.com,7260346943667,Masculino,2025-04-15
CL-00861,Cleto Capdevila Clavero,dgaya@example.com,0756566119446,Masculino,2024-02-15
CL-00862,Matilde Aller Flor,dionisialumbreras@example.net,4013810173035,Femenino,2024-10-14
cl_00863,Gaspar de Salazar,yhuerta@example.com,6686949172219,Masculino,2025-02-03
CL-00864,Ana Belén Pi Tudela,carlitoledesma@example.net,+34 969707617,M,2026-01-01
CL-00865,Anselmo Marquez Viñas,mfiol@example.net,6420259147612,Femenino,2023-10-29
cl_00866,Heriberto Cabello Torrijos,lujantrinidad@example.com,4370888825666,Masculino,2025-02-27
CL-00867,Morena Saura Arteaga,cebriannicolau@example.org,0461803926280,Femenino,2025-06-17
CL-00868,Ibán Millán Alba,sgomez@example.com,5019950853888,Masculino,2025-07-19
CL-00869,Inmaculada Carnero Barrios,pastorsaldana@example.net,5135051073435,Femenino,2025-01-31
CL-00870,Gertrudis Maestre Capdevila,,9494013569356,Masculino,2025-05-26
cl_00871,Fanny María Cristina Martinez Valdés,bernardacrespo@example.org,6673972469712,Femenino,2024-04-01
CL-00872,Nando de Varela,nestor21@example.net,8465786407365,Femenino,2024-05-29
cl_00873,Hernán Segovia Carbajo,emma32@example.org,3328886970124,Masculino,2024-09-30
CL-00874,Plácido Ferrándiz Cabanillas,fabregasarsenio@example.com,1424645852623,Femenino,2025-01-21
cl_00875,Samu Quevedo-Infante,zoraida64@example.net,8078081311837,Femenino,2023-12-28
cl_00876,Palmira Torres Tejada,porfiriohervia@example.net,61234abc,Masculino,2024-02-22
CL-00877,Emiliano Blas Talavera Ródenas,jeremias18@example.net,9957049659244,Masculino,2023-10-14
CL-00878,Ambrosio Cruz Carreras Cabrero,macuna@example.org,7370860169100,Masculino,2023-09-25
cl_00879,Alejandro Cantero Agustín,isaaccastillo@example.net,5852528568733,Femenino,2024-08-26
cl_00880,Matilde Real,,7732606496077,Masculino,2024-11-15
CL-00881,Leonel Millán-Rodrigo,beatriz94@example.com,9537787882242,Masculino,2024-12-01
cl_00882,Juan José Barral Salinas,sancho61@example.com,3351384968257,Masculino,2025-03-22
cl_00883,Raúl Esteban Mayol,vpenas@example.org,0556640009824,Masculino,2025-01-28
CL-00884,Filomena Hurtado Esteve,danielmancebo@example.org,1410585030421,Femenino,2023-10-15
CL-00885,Juan Francisco Montaña Castillo,vallsjose@example.net,3306188489950,Femenino,2024-11-19
CL-00886,Lola Elorza Cortés,icastro@example.com,0642207655685,Femenino,2025-03-11
cl_00887,Agustina Martín-Estevez,planacarina@example.net,5616060963677,Masculino,2023-09-12
cl_00888,Ámbar Viviana Espinosa Barroso,jose-antoniolluch@example.com,123456,Femenino,2024-09-23
CL-00889,Rufina Pellicer Arranz,ignacia41@example.com,9218015572912,Femenino,2025-07-27
cl_00890,Ildefonso del Llorens,ovidio66@example.net,1818956930844,Masculino,2023-10-08
CL-00891,Oriana Polo-Múñiz,garcesamparo@example.com,6360608337152,Femenino,2024-10-17
cl_00892,Teo Prieto Pellicer,chaparroestrella@example.org,7131018154748,Femenino,2023-10-02
CL-00893,Lope Sosa Bosch,consuelo36@example.net,5623980496486,Femenino,2024-05-18
CL-00894,Benito del Posada,dmascaro@example.org,3788195199379,Femenino,2024-10-21
cl_00895,María José Acuña Fabra,dmarcos@example.net,5962068068262,Masculino,2025-02-11
CL-00896,Roque Contreras Pujol,aguilarsara@example.net,8015196959094,Desconocido,2025-08-22
CL-00897,Ana Coello Osuna,walter38@example.org,3321453611827,Masculino,2024-05-31
CL-00898,Adelia Manuel,placido11@example.net,4304381187211,Masculino,2024-03-01
CL-00899,Carlito Rodríguez Royo,falba@example.net,0415243560904,Femenino,2024-03-31
,Martin Palmer Escrivá,@gmail.com,+34 941993007,Femenino,2024-08-14
CL-00901,Toño Pérez Vallés,bienvenidanebot@example.org,6377330130737,Masculino,2024-05-10
CL-00902,Amador Duque Gallardo,cristobal44@example.org,4208376188221,Femenino,2024-08-04
cl_00903,Juan Antonio Manuel Pablo Montoya,orodrigo@example.com,8633299376609,Masculino,2023-09-10
cl_00904,Aitor Rey Rojas,paca27@example.org,9445361641649,Femenino,2024-08-26
CL-00905,Remedios Emilia Jove Prada,adeliaaroca@example.com,7555406200544,Femenino,2024-12-02
CL-00906,Cruz Alonso,pblanes@example.org,9404386509956,Masculino,2023-11-01
CL-00907,Leonel Arévalo,granadosveronica@example.org,2574434784344,Femenino,2025-06-30
cl_00908,Marcos Oliva,augustosalinas@example.net,2891134079720,Masculino,2025-04-28
CL-00909,Amor Barrios Andres,samuel64@example.com,2626260655890,Femenino,2024-12-06
cl_00910,Mar Izaguirre Vicente,@gmail.com,7255746764287,Masculino,2025-04-20
cl_00911,Felisa Recio,dolores56@example.org,5957012903022,Femenino,2024-11-01
CL-00912,Rosario Marco Ródenas,herediatristan@example.net,61234abc,Femenino,2024-07-05
cl_00913,Vicente Fernandez Vallés,carrenoangel@example.com,8592179868461,Femenino,2024-08-14
cl_00914,Desiderio Teófilo Almagro Gabaldón,ester91@example.org,1675467599106,Masculino,2023-10-16
CL-00915,,kfortuny@example.com,9605310495349,Femenino,2025-01-30
CL-00916,Rosa Castell Plaza,gnicolau@example.com,5787789079662,Masculino,2023-09-07
cl_00917,Paz Acero Lago,pulidorosario@example.org,5124996909059,Femenino,2024-02-11
cl_00918,Brunilda Abellán,leonardo41@example.org,3886310154613,Masculino,2026-01-01
CL-00919,Julieta Abad Cabello,cadenaslorenza@example.net,3865509297295,Femenino,2024-06-19
cl_00920,Adelia Pía Serrano Figueroa,correo@.com,0759396821230,Femenino,2024-10-16
CL-00921,Piedad Herrero,estefaniavillar@example.org,2437876691156,Masculino,2024-02-24
CL-00922,Narciso Cid Arellano,iglesiatimoteo@example.net,6487556060543,Masculino,2025-01-13
CL-00923,Quique Blanca Serra,adelaida91@example.org,9490943799965,Femenino,2024-07-08
cl_00924,Cecilio Piñeiro Seco,gamador@example.org,123456,Masculino,2024-08-29
cl_00925,Chucho Sanabria,regulo54@example.net,4156238306316,Masculino,2025-04-25
cl_00926,Verónica Melero Girona,lortiz@example.org,7745379933066,Masculino,2024-07-20
CL-00927,Susanita Valbuena Bernat,carrenoolivia@example.com,9330961542975,Femenino,2023-12-03
CL-00928,Domingo Prada Tamayo,pinillamaria-del-carmen@example.org,4815728372366,Femenino,2024-03-09
CL-00929,Chus de Romero,chuchonadal@example.org,5196051231534,Femenino,2025-05-13
cl_00930,,,4859110502013,Masculino,2025-03-02
CL-00931,Heraclio Vendrell Sánchez,jose-antoniopalacios@example.com,6607572655678,Femenino,2024-02-06
CL-00932,Victor Manuel de Serrano,lazaro53@example.net,8830153579953,Masculino,2024-11-05
CL-00933,Fito Rios Urrutia,eligiazamora@example.com,7856868347378,Femenino,2025-08-03
CL-00934,Odalys Higueras Jara,denriquez@example.com,3241616270097,Femenino,2024-07-04
cl_00935,Ana Belén Nicolás Alba,saurapatricio@example.org,6300130192069,Femenino,2024-09-01
CL-00936,Anna Carballo-Mora,sancho51@example.net,6-123-456,Femenino,2026-01-01
cl_00937,Dionisia Malo Porta,opascual@example.net,0441748990115,Masculino,2025-07-12
CL-00938,Fabio Barrios Amores,galvanmaria@example.org,3074211522487,Masculino,2024-05-22
CL-00939,Hilario de Salom,venceslas52@example.net,8897110287845,Masculino,2024-06-03
,Áurea Ros Coello,,3190787171208,Femenino,2023-12-21
CL-00941,Ale Marti Huertas,micaelacolomer@example.com,4315243537152,Masculino,2025-04-13
CL-00942,Rita de Velázquez,xheredia@example.net,4354097459520,Masculino,2024-01-12
cl_00943,Bruno Bautista Álvarez,vanesa30@example.org,9584248563028,Masculino,2023-09-25
cl_00944,Isaura Hervia Camino,celso43@example.org,9410832344308,Masculino,2024-08-04
cl_00945,,nalcalde@example.org,2837294248658,Masculino,2024-06-23
cl_00946,Alondra de Yuste,dimas56@example.org,2620000380557,Femenino,2024-02-04
cl_00947,Fausto Fulgencio Armengol Madrid,adela63@example.com,4637681937244,Masculino,2025-01-27
cl_00948,Máxima Palau Vendrell,carrenoluz@example.com,6-123-456,Masculino,2024-05-08
cl_00949,Margarita Mónica Osuna Pomares,amandabusquets@example.net,8119557488252,Femenino,2025-06-02
CL-00950,Anastasio Estrada Díaz,jose-manueltoro@example.net,0419908119981,Femenino,2023-11-13
CL-00951,Ezequiel del Prats,melisacasares@example.org,9266251368018,Masculino,2025-08-02
CL-00952,María Teresa Águila Toro,xcortes@example.org,1151658425174,Desconocido,2025-02-08
CL-00953,Vilma del Lopez,lvizcaino@example.org,7667675434279,Masculino,2024-03-20
cl_00954,Felipe Castell Fuster,asdrubal39@example.net,6556379777164,Masculino,2023-12-21
CL-00955,Apolonia Menendez Hidalgo,nazaret59@example.com,1936175672578,Femenino,2023-11-30
CL-00956,Tecla Alfonso Francisco,rosellalbino@example.com,9761618614140,Masculino,2024-04-11
CL-00957,Pánfilo Vilalta Salgado,margaritamata@example.org,6593467312085,Femenino,2024-11-22
CL-00958,Abilio Nogués Merino,arcelia91@example.com,6067385786127,Masculino,2025-01-30
cl_00959,Herminio de Querol,abrahamarce@example.org,6154651334794,Masculino,2024-02-05
cl_00960,Federico Casanova Coloma,,123456,M,2024-10-13
CL-00961,Carmelita Llano Lasa,jasenjo@example.com,7384180834947,Masculino,2025-07-15
cl_00962,Paulino Daza Peralta,maria-manuelajuan@example.org,0598650462473,Masculino,2024-09-27
CL-00963,Valero de Jaume,marianopomares@example.org,2085321715785,Femenino,2024-04-03
CL-00964,Encarna Cerezo Cabanillas,svilanova@example.net,7001334491891,Femenino,2023-12-05
cl_00965,Ruth Palomino Benito,calderonbaltasar@example.net,2953569957688,Masculino,2025-02-07
cl_00966,Luciana Abascal Alarcón,herranzseve@example.org,5572416787848,Femenino,2024-07-20
cl_00967,Roxana Sebastián Ángel,peraltasabas@example.com,2882571273402,Masculino,2025-05-18
CL-00968,Luisina Cáceres Pardo,santostorre@example.net,0115500002822,Femenino,2024-06-20
CL-00969,Candelario Ibarra Maldonado,etorrecilla@example.net,8095279419020,Masculino,2025-07-16
CL-00970,Ángel Rios,,5292167938059,Femenino,2024-10-31
CL-00971,Sergio Arteaga Mariño,inmaculadaortuno@example.org,3381902202425,Femenino,2025-07-02
CL-00972,Belén Salazar Cuenca,amilcarenriquez@example.com,6-123-456,Femenino,2024-01-06
cl_00973,Jordi Quiroga,onofreyanez@example.com,9709328517075,Masculino,2024-10-30
cl_00974,Sebastian Folch Lobato,julietagimenez@example.org,7775997801277,Masculino,2025-01-27
cl_00975,,nico93@example.com,4678173088404,Masculino,2023-10-20
CL-00976,Isaac Lillo Neira,oponce@example.net,9818691204954,fem,2023-10-17
cl_00977,Manuela Vilar Ricart,vera81@example.net,9831475730692,Masculino,2024-01-07
CL-00978,Fortunata Franco,otome@example.net,4725959648555,Masculino,2024-12-31
CL-00979,Aroa Prada Montalbán,sacedo@example.com,3443512850998,Femenino,2023-12-29
cl_00980,Oriana Verdejo-Exposito,correo@.com,0972327457059,Femenino,2024-04-02
CL-00981,Sandra Quero Pastor,glaucofabregat@example.com,3560080729879,Masculino,2024-11-16
cl_00982,Juan Salamanca-Losada,aguilerajose-luis@example.org,1973610423723,Masculino,2025-04-08
CL-00983,Néstor de Carvajal,trinidadpinol@example.com,7467830583164,Masculino,2023-09-26
cl_00984,Miguel Ángel Narváez-Revilla,eduardo39@example.net,123456,Masculino,2025-06-13
CL-00985,Pilar Martina Gutierrez Palomares,zmosquera@example.com,0157242313399,Femenino,2024-06-18
CL-00986,Dafne Rozas Giralt,colomrita@example.org,4384035775960,Masculino,2024-09-13
cl_00987,América del Ochoa,maxi42@example.org,7066032193465,Femenino,2025-07-03
CL-00988,Vera Jáuregui,samperemperatriz@example.net,7617944304627,Masculino,2023-09-21
CL-00989,Teodoro Segura,jimenezisidro@example.com,1794606917608,Femenino,2023-12-13
CL-00990,Chema Tadeo Sales Perea,correo@.com,8401953939457,Femenino,
CL-00991,Manola Segovia Español,romulobenitez@example.org,3303651330814,Femenino,2023-10-04
CL-00992,Rafa Nevado-Carrillo,jesus13@example.net,7521886681706,Masculino,2025-08-05
CL-00993,Encarnita Ariadna Pelayo Barco,herbertocapdevila@example.com,6967453398124,Masculino,2024-10-04
cl_00994,Domitila Salvador Vidal,ariel97@example.net,8501850885263,Femenino,2023-10-09
CL-00995,Silvia Montoya Belda,linaropero@example.com,0753440192529,Femenino,2024-04-14
cl_00996,Natalio Heriberto Tovar Roselló,coral97@example.net,61234abc,Femenino,2025-05-10
CL-00997,Humberto Manjón-Ortiz,noelia12@example.com,9566504828702,Masculino,2025-06-28
CL-00998,Adora Gordillo Carrillo,adela40@example.net,1062024154231,Femenino,2024-12-11
cl_00999,Ramón Alonso Murcia,cesaroliva@example.com,2710663923583,Masculino,2023-10-15
,Ramiro Carrión Sevilla,,3879591512657,Femenino,2025-02-28
CL-01001,Prudencia Regina Ballesteros Aguiló,namoros@example.org,6303477008699,Femenino,2025-03-24
CL-01002,Eustaquio Cadenas Angulo,jsalva@example.com,4510034266718,Femenino,2023-10-20
cl_01003,Natalia Candela Rodriguez Jáuregui,candelassastre@example.net,5604848476613,Femenino,2023-09-19
CL-01004,Nicolasa Ricart Moll,privero@example.com,4361698907298,Femenino,2025-01-20
CL-01005,Griselda Quirós,xmir@example.com,2792747801620,Femenino,2023-12-15
CL-01006,Moreno Patricio Lopez Bermúdez,mgimenez@example.org,8630754245850,Femenino,2025-01-18
CL-01007,Oriana Barrios Saura,losaeva@example.net,4375876837189,Femenino,2024-12-30
CL-01008,Bibiana Figueroa Pedro,xuriarte@example.net,61234abc,M,
CL-01009,Julio Ibarra,higuerasmarisela@example.net,6217323827061,Femenino,2024-02-26
CL-01010,Reyes Mosquera Tamarit,stejero@example.net,3003372296599,Masculino,2025-07-16
CL-01011,Miguel Ángel Carlos Bartolomé,mvaquero@example.com,0319864656915,Femenino,2023-11-01
CL-01012,Fabricio Angelino Pla Barrena,zcoronado@example.net,8749019218783,Masculino,2024-02-12
cl_01013,Nico Acevedo Díez,nayara13@example.net,8633028293525,Masculino,2023-11-26
cl_01014,Alba Santamaría Julián,esteveguiomar@example.org,9597716769204,Femenino,2023-10-23
CL-01015,Pelayo Araujo Velasco,garrigarosalva@example.net,9997729785084,Masculino,2024-07-21
CL-01016,Carlito Campo Landa,sanchezmohamed@example.net,8773162535416,fem,2025-07-07
CL-01017,Paula Estevez Badía,elbagisbert@example.net,0875572910333,Femenino,2025-03-03
cl_01018,Moreno Luis Mosquera Carrillo,lluchcelestina@example.net,1493927962257,Femenino,2023-12-28
CL-01019,Nilo Ramón,aguedagamez@example.com,3115057310139,Masculino,2023-12-27
cl_01020,,correo@.com,61234abc,Masculino,2024-08-30
CL-01021,Luz Matilde Uribe Huertas,rincongabriela@example.com,4524310528236,Masculino,2024-08-22
CL-01022,Haydée Díaz,echevarrialucio@example.net,0868380312414,Masculino,2024-08-21
cl_01023,Luisina de Saura,emilia39@example.net,5241996709291,Masculino,2024-06-12
CL-01024,Febe Navarro Sola,banton@example.org,6324191972210,M,2024-04-19
CL-01025,Tatiana del Lara,osalvador@example.net,0490163624368,Masculino,2023-12-04
CL-01026,Mercedes Galvez Páez,noepeiro@example.com,8560986230326,Masculino,2025-05-07
CL-01027,Godofredo Puente-Tejada,xmanzanares@example.net,9900922438035,Femenino,2025-05-26
CL-01028,Julio Mosquera Parra,tejeropaco@example.net,3313823394043,Masculino,2025-06-02
CL-01029,Maxi Gonzalez Garcés,croman@example.com,9634680028524,Femenino,2023-12-04
CL-01030,Teo Rodriguez,,3168322132513,Masculino,2024-05-03
CL-01031,Gustavo Carbó Alcaraz,ainara07@example.net,0910244776988,Femenino,2023-08-29
CL-01032,Pánfilo Hermenegildo Castrillo Mateos,fabricioanaya@example.com,6-123-456,Desconocido,2025-03-03
CL-01033,Pastor Sánchez Llanos,lara86@example.com,1581713712777,Femenino,2025-08-14
CL-01034,Joaquín Coronado Armengol,fsabater@example.com,7951036137390,Masculino,2024-06-18
CL-01035,,tbarriga@example.org,8618991831589,Masculino,2025-07-12
CL-01036,Jose Antonio Ponce Prado,xsalmeron@example.org,7515447018963,Femenino,2025-05-11
CL-01037,Camilo Alcalá Olivera,obenavente@example.net,5137851674731,Femenino,2025-05-08
CL-01038,Andrés Rosado Dávila,tportero@example.org,9361570674540,Femenino,2023-10-14
CL-01039,Gerardo Cabeza Téllez,cespedesgodofredo@example.net,8663696017598,Femenino,2025-07-17
,Perlita de Rocamora,correo@.com,1754699236512,Femenino,2023-11-25
cl_01041,Remigio Olmo Verdejo,epombo@example.net,4376016167377,Masculino,2024-09-16
CL-01042,Alfonso Vargas Moles,figuerasrocio@example.com,7627267801364,Femenino,2024-04-22
CL-01043,Prudencio Acedo Santamaría,jaenjacinta@example.org,4975174754897,Masculino,2024-10-18
CL-01044,Leocadio Cases,dsanz@example.net,123456,Femenino,2026-01-01
CL-01045,Camilo Jaume,yago57@example.com,3365122749996,Masculino,2023-12-18
CL-01046,Tatiana Sobrino Puig,gabaldonabilio@example.org,7654061105953,Femenino,2025-05-01
cl_01047,Evita Montalbán,amaro63@example.net,7719909324832,Masculino,2023-10-31
cl_01048,Eutropio Molins Ochoa,moranteruperto@example.org,4063701920820,Masculino,2024-07-14
cl_01049,Luciano Morera Mir,upla@example.com,9332529823760,Masculino,2024-06-01
cl_01050,Borja de Bautista,querolnadia@example.net,2693366632643,Masculino,2023-10-09
CL-01051,Lorenzo Vaquero Bas,alcalamontserrat@example.net,6502328367806,Femenino,2023-10-19
cl_01052,Estrella del Galindo,ariadna08@example.com,8528298093412,Femenino,2023-10-31
cl_01053,Fermín Victorino Muñoz Vargas,miguel15@example.com,7896795909997,Femenino,2025-07-18
CL-01054,Nélida Escudero Prado,nnunez@example.org,9731441737817,Masculino,2024-10-09
CL-01055,Amador Giménez,sedanonoelia@example.org,1796658689640,Masculino,2024-05-15
CL-01056,Andrés Felipe Ruano Benítez,rebollojosue@example.com,+34 988 21 53 28,M,2025-04-28
cl_01057,Victoria Bueno Bello,ouriarte@example.com,4001125095530,Masculino,2025-05-31
cl_01058,Rafa Salvador Llobet,itziar45@example.org,4352156646747,Masculino,2024-03-09
cl_01059,Sergio del Marqués,zabalabaltasar@example.org,5175563897796,Masculino,2025-01-17
cl_01060,Godofredo Berenguer Cueto,,8282974731805,Masculino,2025-01-30
CL-01061,Aurora de Lobo,marvarela@example.net,1445411677708,Femenino,2025-05-11
CL-01062,Adolfo Barrera,nelidabusquets@example.net,0830452846528,Masculino,
cl_01063,Mohamed Cesar Reyes Camps,llara@example.net,0756129977084,Masculino,2025-03-01
CL-01064,Marita Andrés Campo,corderojulieta@example.org,0496845760450,Femenino,2023-10-01
cl_01065,,eufemiasierra@example.net,2356849913188,Masculino,2024-04-06
cl_01066,Teresa Reyes Corbacho,bvarela@example.org,9338058341256,Femenino,2024-09-13
CL-01067,Jovita Rico Padilla,ycifuentes@example.com,9965407807705,Masculino,2024-10-02
CL-01068,Zaida Narváez Alberto,guadalupeborja@example.org,123456,Femenino,2024-10-09
cl_01069,Serafina Capdevila Blanco,upou@example.org,9957088904011,Masculino,2023-09-20
cl_01070,Carolina Ruiz Mas,,4028551157493,Femenino,2025-02-04
cl_01071,Juan Luis Bernal-Huertas,hmorera@example.net,7245871831567,Masculino,2024-05-02
CL-01072,Teodoro de Montoya,annanogueira@example.org,3072025904360,Femenino,2023-09-13
CL-01073,Cloe Briones Alemany,gmayo@example.net,7202670958306,Masculino,2024-06-12
cl_01074,Azeneth Bellido,adadiaalmudena@example.net,6326738381749,Masculino,2025-07-06
CL-01075,Celso Lozano Fajardo,manzanaressamu@example.com,0115856589295,Masculino,2023-11-10
CL-01076,Benjamín Celestino Adadia Pastor,luisotero@example.org,6239916711409,Femenino,2024-04-22
CL-01077,Francisca Marcos Cerro,graucalixto@example.org,9097279630304,Femenino,2025-06-18
CL-01078,Tatiana de Rojas,guadalupe53@example.com,4741141116847,Masculino,2024-09-15
CL-01079,Ezequiel Jacobo Correa Pol,amarin@example.com,3638980618123,Masculino,2024-06-20
cl_01080,@Oliver,,61234abc,Masculino,
CL-01081,Salomé de Jiménez,ruizchucho@example.com,5186281207498,Masculino,2023-09-22
CL-01082,Ofelia Bas Benavides,lazarolerma@example.org,6048217615530,Masculino,2023-12-14
CL-01083,Noemí Saura Morales,corneliosalmeron@example.com,8849854036199,Masculino,2024-07-10
CL-01084,Vasco de Gonzalez,vmelendez@example.net,0292862730716,Masculino,2024-05-27
CL-01085,Benito Benito Acero,apariciotrini@example.org,0293224091173,Masculino,2024-03-23
cl_01086,Emilio Chema Llanos Lorenzo,rayaruperta@example.org,5203413178480,Femenino,2023-09-21
CL-01087,Ramón Pazos,isabel66@example.org,7822427706812,Femenino,2024-11-10
cl_01088,Julio César Belmonte,yarevalo@example.org,1666591970367,Masculino,2025-04-07
cl_01089,Gerardo Benito Vives,lermabaldomero@example.net,3182029064977,Masculino,2024-03-30
CL-01090,Nayara Ribas,@gmail.com,9818080883134,Femenino,2024-11-02
CL-01091,Valentina Campoy Bautista,sobrinopaloma@example.net,4574333205268,Femenino,2024-04-15
cl_01092,Gil Pozuelo Diéguez,quesadamoreno@example.com,123456,Femenino,2024-10-29
CL-01093,Natalia Marisa Pombo Quero,sotodaniela@example.com,5823946407073,Masculino,2025-04-12
CL-01094,Almudena Fuertes Baquero,burgosnazario@example.com,0559112077583,Femenino,2024-07-15
cl_01095,Sebastian Marquez-Collado,rosaurasales@example.com,6419784029218,Masculino,2025-02-14
CL-01096,Víctor Burgos Jordá,epaniagua@example.org,0291945340434,fem,2024-09-29
CL-01097,Lucila Toledo Toledo,avilanova@example.com,0468164964880,Masculino,2025-08-02
CL-01098,Curro Capdevila Aznar,olegarioadan@example.org,2140569105799,Femenino,2024-06-17
CL-01099,Fito Mesa,pablojosep@example.net,6729785601383,Masculino,2024-10-21
,Iván Palomares,correo@.com,4114963838231,Masculino,2023-10-31
CL-01101,Néstor Izquierdo Nicolau,calderongerman@example.net,7205180788150,Masculino,2024-07-30
CL-01102,Ainoa Morcillo Tur,amanda38@example.net,5110338760571,Femenino,2025-04-09
CL-01103,Teobaldo Martin Moraleda Mesa,estelanunez@example.com,9200805648675,Masculino,2025-06-04
cl_01104,América Ainoa Menendez Adán,irosello@example.net,6-123-456,M,2024-08-13
CL-01105,Rebeca Duran Casals,leonorroldan@example.com,5133715684269,Masculino,2024-10-27
CL-01106,Octavia Gomila Portero,isapina@example.com,3057889344969,Masculino,2024-12-12
cl_01107,Modesto Grande-Iglesia,wrivero@example.net,2874326839275,Femenino,2024-06-26
CL-01108,Benigno Plácido Cuesta Otero,clara03@example.org,4763245447514,Femenino,2025-07-06
CL-01109,Julio César Palmer,maxi89@example.net,2163178746610,Masculino,2025-02-06
CL-01110,,,0002515716731,Masculino,2024-03-23
cl_01111,Mónica Aznar-Barrera,tudelaevelia@example.net,6605398539185,Femenino,2023-09-15
CL-01112,Matilde Belén Román Paz,roldannatanael@example.org,7856465666741,M,2024-07-02
CL-01113,Ruperta Águila Izaguirre,capdevilacharo@example.org,5932723980728,Femenino,2024-10-01
CL-01114,Julián Prat Borrás,maria-manuela50@example.org,9292821710658,Femenino,2025-05-16
CL-01115,Graciano Cornejo Yáñez,acedolidia@example.org,8810533243851,Masculino,2025-06-03
cl_01116,Natalio Prats Izaguirre,htrillo@example.org,61234abc,Masculino,
CL-01117,Rubén Rodríguez Pazos,iglesianatalia@example.com,9393733109443,Masculino,2024-04-18
CL-01118,Juan Antonio Eloy Royo Donaire,monterotelmo@example.org,1288987262957,Femenino,2023-10-08
CL-01119,Miguel Ángel Doménech Jurado,dangomez@example.com,5033409384588,Femenino,2025-04-06
cl_01120,Eusebio Paz Ortiz,correo@.com,8466421244881,fem,2025-07-30
CL-01121,Paco Izaguirre Tormo,isa48@example.net,5144411150209,Masculino,2024-06-08
cl_01122,Alejandra Barrio Neira,abecerra@example.com,1061942821677,Masculino,2024-07-26
cl_01123,Julio Garcia Nieto,abigailchamorro@example.com,2937649452429,Femenino,2024-06-15
CL-01124,Loreto Nydia Cuesta Torres,nidiariquelme@example.org,7786013896733,Femenino,2023-12-09
cl_01125,@Oliver,tristanmoraleda@example.com,2311754351998,Masculino,2025-06-09
CL-01126,Dora Fabiola Molina Serna,pepito93@example.org,0490154390905,Femenino,2025-07-26
cl_01127,Bruno Torrents Fuster,melchorruiz@example.net,6408767797513,Masculino,2025-07-03
cl_01128,Purificación Alcolea,vallsdemetrio@example.org,61234abc,fem,2025-08-01
CL-01129,Carlota Estrada-Villanueva,ulisesbarrios@example.org,5312921929335,Femenino,2025-07-27
CL-01130,Cándida Cabrero Porta,correo@.com,5315261943887,Femenino,2023-10-04
CL-01131,Eliana Ballesteros Arribas,samuel24@example.net,3362972573464,Femenino,2024-06-12
CL-01132,Macario Carrasco Martinez,cloe20@example.com,2781760001252,Femenino,2025-01-24
cl_01133,Esperanza Quevedo Lloret,marisela80@example.com,1203276474677,Femenino,2024-06-24
CL-01134,Olivia Donoso-Cabello,asuncion35@example.org,7993985701016,Masculino,
CL-01135,Natalio Blanch Solera,eserra@example.org,8934648724109,Masculino,2023-11-22
CL-01136,Emelina Maura Amaya Vall,sanchezcustodia@example.org,6184343683117,Femenino,2023-12-18
CL-01137,Carmela Elorza-Tapia,puriarte@example.net,7475468371697,Masculino,2024-03-16
CL-01138,Odalis Garcés Palmer,pgibert@example.net,6443535694073,Femenino,2025-06-10
cl_01139,Amelia Contreras Pareja,jordanfabiana@example.net,5043931017339,Masculino,2024-07-08
,,@gmail.com,123456,Masculino,2024-10-16
cl_01141,Vasco Acosta Cadenas,xtudela@example.org,3434266805362,Femenino,2024-07-01
CL-01142,Miguel Ángel Jódar Priego,gertrudis22@example.com,5908659850272,Femenino,2024-04-26
cl_01143,Lalo Rico Quintana,monicamas@example.net,9513056662175,Masculino,2023-12-26
CL-01144,Cirino Moya Tello,olopez@example.org,2680391093764,Femenino,2024-10-11
CL-01145,Iván Ocaña Casanova,zcatalan@example.net,2239341721090,Masculino,2025-06-21
CL-01146,Xavier Sanabria,beltranjonatan@example.com,6676174469304,Masculino,2025-05-23
cl_01147,Teobaldo Gárate Marí,albina50@example.net,6359358878073,Masculino,2024-02-18
cl_01148,Alejandra Ortega,vilaltavioleta@example.com,6849175258358,Femenino,2025-07-31
CL-01149,Isidora Amat Franco,buendiajuan-pablo@example.com,7536436840486,Femenino,2024-09-14
CL-01150,Cristina Prado,marcosjuan-jose@example.org,9557593249223,Femenino,2024-02-09
CL-01151,Teodosio del Tejedor,marinopaco@example.org,5798878605796,Femenino,2024-08-09
cl_01152,Pilar Haydée Juliá Guardia,florazurita@example.net,123456,M,
CL-01153,Nerea del Abella,isaura85@example.net,0505648003237,Femenino,2024-05-30
cl_01154,Celestino Alba Luz,pmachado@example.org,6407920732770,Femenino,2025-01-21
CL-01155,123,olalla47@example.net,5884949492340,Femenino,2024-09-06
CL-01156,Felipe de Murcia,alcides49@example.net,6031574836111,Masculino,2023-10-16
cl_01157,Lidia Cerdán Casals,juliearagones@example.org,9523874893457,Masculino,2024-09-28
CL-01158,Luis Miguel Taboada Caro,sllado@example.com,5391261365853,Masculino,2023-09-01
cl_01159,Celestino Calzada Barragán,lmontana@example.net,5563279733603,Femenino,2024-05-31
,Paulino Gil Samper,,5737516776276,Desconocido,2024-06-11
CL-01161,Jenny Landa Alba,tjulian@example.net,9554775248843,Masculino,2024-03-16
CL-01162,Purificación Madrigal Blazquez,amparo02@example.com,7159906079678,Femenino,2023-10-15
cl_01163,Clara Carmona-Vilaplana,fortunata38@example.org,0869443609141,Masculino,2024-12-20
CL-01164,Amaya Diego,maristelaclavero@example.net,123456,Femenino,2024-06-25
cl_01165,Cayetana Robledo Gómez,fernandezmatias@example.net,0326989499381,Masculino,2025-05-21
CL-01166,Íñigo Portero Mateos,ulaguna@example.net,2658548400033,Masculino,2023-11-26
CL-01167,Calixta Serna Gargallo,carminagordillo@example.org,3509722296665,Femenino,2024-10-06
CL-01168,Urbano Saldaña Briones,lino24@example.com,1704591790815,Desconocido,2025-08-18
cl_01169,Regina Aznar Donaire,oblazquez@example.com,9753569010472,Femenino,2025-01-11
cl_01170,@Oliver,correo@.com,1653947968975,Femenino,2025-08-20
CL-01171,Kike Xavier Estévez Valenzuela,noe86@example.com,1037818755662,Femenino,2023-09-08
CL-01172,Aitana Sevilla Vilalta,cristina24@example.com,0608129024292,Femenino,2025-04-10
CL-01173,Samuel Acuña,lucasalberdi@example.org,9363882900916,Femenino,2024-07-19
CL-01174,Cruz Blanco-Conesa,iker35@example.org,9405310686093,Femenino,2025-06-25
cl_01175,Nicolasa del Tejedor,veronicaballester@example.org,6573372008615,Femenino,2024-06-17
cl_01176,Abigaíl Flor Abascal,fontnoe@example.org,6-123-456,Desconocido,2023-11-09
CL-01177,María Luisa del Tejera,geraldo12@example.org,8107723901437,Masculino,2025-01-01
CL-01178,José Antonio Sans Cifuentes,guillermorocha@example.net,9661575726249,Masculino,2024-05-11
CL-01179,Carmen Vilanova Echevarría,eusebiopedrosa@example.net,0836580498134,Femenino,2023-12-23
CL-01180,Ulises Manrique-Pinedo,@gmail.com,0941685582968,Masculino,2024-10-24
CL-01181,Pascual Salamanca,ruth14@example.com,6340664755181,Femenino,2023-10-31
CL-01182,Danilo Barbero Corominas,esparzaaurea@example.org,4896400273198,Masculino,2024-08-07
CL-01183,Ruy Nevado Talavera,wmalo@example.com,4409848555269,Femenino,2024-12-17
CL-01184,Godofredo Azorin-Antón,ayllonnereida@example.net,7997890028873,M,2023-10-28
cl_01185,123,ovidio59@example.net,1666437069599,Masculino,2025-07-20
CL-01186,Óscar Bastida,eulaliapalau@example.net,9544767828947,Masculino,2024-07-14
cl_01187,Ciro Martorell Alcalde,valerogertrudis@example.org,3261653382040,Femenino,2023-09-04
CL-01188,Julio Gárate,cecilioramos@example.net,123456,Masculino,2026-01-01
CL-01189,Piedad Pardo Álvaro,ricoespinosa@example.net,1087218361530,Femenino,2025-03-23
CL-01190,Cebrián Calderon Lopez,@gmail.com,2486799320747,Masculino,2024-06-11
CL-01191,Flavio Alonso-Cervera,salvadorsanz@example.org,5787071243458,Femenino,2025-08-24
CL-01192,María José de Diego,gilberto85@example.com,4905464229071,fem,2025-05-26
cl_01193,Eusebia Luz Canales Cerezo,lararufina@example.net,3982046096300,Masculino,2025-05-18
cl_01194,Tomasa Carretero Arjona,chelo61@example.net,1069033975032,Femenino,2025-03-26
cl_01195,Ariel Cortina Maza,jose-mari11@example.org,0989050200780,Femenino,2025-08-07
CL-01196,Guadalupe Montero Bas,graciabayon@example.com,5920312518097,Femenino,2024-10-03
CL-01197,Esmeralda Alvarez-Goicoechea,margarriga@example.com,0446786159633,Femenino,2025-08-12
cl_01198,Edgardo Palomo-Saldaña,azorinmatias@example.org,8298489581333,Masculino,2024-12-29
CL-01199,Juan José Juanito Godoy Palma,bilbaomaria-belen@example.org,2799255322782,Masculino,2024-09-08
cl_01200,@Oliver,,123456,Masculino,2024-07-12
cl_01201,Américo Barbero Gallo,qvina@example.org,0202987301932,Masculino,2024-08-27
CL-01202,Íñigo Lucas Caparrós,edmundoartigas@example.net,6454677894274,Masculino,2025-07-04
cl_01203,Alberto Valera Duque,georginaalsina@example.org,6113179658914,Masculino,2025-03-10
CL-01204,Erasmo Roda Verdú,usosa@example.com,2657495438640,Masculino,2024-08-17
CL-01205,Nazaret Hervás Tello,silvia84@example.com,8632889111887,Masculino,2025-05-12
CL-01206,Jacobo Velázquez Sanchez,xduarte@example.com,0542999914609,Masculino,2026-01-01
CL-01207,Candelas Lola Barrio Cobo,baltasarlinares@example.com,5321667197753,Femenino,2024-12-21
cl_01208,Lupe Oliva-Carbajo,garayjose-francisco@example.com,3078172535510,Masculino,2025-06-21
CL-01209,Lucio Campo Canet,almeidaadela@example.com,0136027744038,Masculino,2025-05-20
CL-01210,Ciriaco Mateo Pol Torrent,correo@.com,7899262739716,Femenino,2024-09-10
cl_01211,Clímaco Barrios,julieporcel@example.net,7038203721462,Femenino,2025-06-20
CL-01212,Yolanda Diaz Cánovas,fherrero@example.com,6-123-456,Masculino,2023-09-05
cl_01213,Rosalina de Guardia,reina63@example.org,8643516877819,Femenino,2024-12-27
cl_01214,Angélica Miguela Rodríguez Gimeno,ssuarez@example.com,2741581393040,Masculino,2025-02-12
CL-01215,@Oliver,qgonzalez@example.net,9689676754549,Femenino,2025-02-23
CL-01216,Humberto de Perez,flanda@example.com,8426556479784,M,2024-10-14
CL-01217,Rafael Alegre Suárez,ucarpio@example.com,4486614353031,Femenino,2024-11-05
CL-01218,Yago Palma Landa,vguijarro@example.com,4715813132532,Femenino,2025-03-31
CL-01219,Danilo Alcalá Huertas,ovives@example.net,1653288133907,Masculino,2025-03-15
CL-01220,Diana Tapia Morata,,0289973325007,Masculino,2023-12-13
CL-01221,Francisca Costa-Azorin,jaimesandoval@example.org,1249468994904,Masculino,2023-09-19
CL-01222,Prudencio del Gil,blanestomas@example.org,9739537049565,Femenino,2024-03-20
cl_01223,Eutimio Marin Pelayo,estevediana@example.org,9770176906322,Masculino,2024-07-12
cl_01224,Pepito Natalio Exposito Querol,marquesguiomar@example.com,6-123-456,Femenino,2026-01-01
CL-01225,Noemí Buendía,berto75@example.org,6038803348565,Femenino,2025-02-11
cl_01226,Emperatriz Torrents Pareja,nborja@example.com,0397561987965,Femenino,2024-01-22
cl_01227,Mamen Peralta Barragán,flavia38@example.net,7922561653819,Femenino,2025-01-28
CL-01228,Mayte de Castilla,urenaalcides@example.net,5799966295984,Femenino,2025-06-16
cl_01229,Alejandra Palomar Blasco,mpomares@example.org,7866726579719,Femenino,2025-08-10
CL-01230,,correo@.com,1774946460659,Femenino,2024-05-02
CL-01231,Fortunata Uribe,ruperto39@example.com,1750443115418,Femenino,2024-06-07
CL-01232,Lino Hernando Acedo,describano@example.org,5197355266616,fem,2023-11-08
cl_01233,Miriam Ortiz,pepitonino@example.org,1264528320153,Masculino,2024-03-24
CL-01234,Anacleto Valencia Zabala,joel36@example.net,0610123293729,Femenino,2024-09-04
CL-01235,Consuelo Egea Talavera,arseniocerdan@example.net,6770386427680,Masculino,2023-09-03
CL-01236,Carlos Clavero Vazquez,nsalom@example.net,123456,Masculino,2024-03-01
CL-01237,Almudena Constanza Llano Folch,hbilbao@example.net,3896856362770,Masculino,2025-01-04
CL-01238,Flavio Revilla,juanitocarmona@example.net,1163964602220,Masculino,2024-05-12
cl_01239,Jordán Córdoba Bolaños,gsaez@example.com,4792581861075,Masculino,2024-08-27
CL-01240,Bartolomé Asenjo Anguita,orianaripoll@example.com,4603559219098,fem,2025-05-06
cl_01241,Estefanía Flores,miriampallares@example.com,7168401590105,Femenino,2024-10-23
CL-01242,Jacobo Valero Bravo,aura92@example.net,7789712886981,Masculino,2026-01-01
cl_01243,Adolfo Llobet Conde,walter44@example.net,7294074987917,Femenino,2024-05-16
CL-01244,Reynaldo Dueñas-Perelló,luisana@example.com,7735084023943,Masculino,2025-01-17
cl_01245,123,ciriacomatas@example.com,3835489548864,Femenino,2024-12-10
CL-01246,Luis Miguel Aparicio-Ricart,fuentesleocadia@example.org,1193506700108,Masculino,2024-09-12
cl_01247,Fortunato Alfaro Aller,pavondamian@example.org,2631101084867,Masculino,2024-02-06
CL-01248,Beatriz Samper Carrión,maria-del-carmentormo@example.org,61234abc,Desconocido,2024-08-11
CL-01249,Sonia Chaves Puerta,serraofelia@example.org,6304801562551,Femenino,2024-02-09
CL-01250,Roberta Ferreras Gámez,correo@.com,3305911211830,Femenino,2025-07-03
CL-01251,Abigaíl de Bernat,batlleconcepcion@example.com,1376551552330,Femenino,2025-01-30
CL-01252,Rosalina Castillo Galán,rnicolas@example.net,5937591840970,Femenino,2025-07-30
CL-01253,Adolfo Armas Palma,fheredia@example.com,1740522900984,Femenino,2024-09-06
CL-01254,Guadalupe Villar Alcázar,banossalomon@example.org,7599910996576,Femenino,2024-07-26
cl_01255,Paloma Mancebo Serra,zaidabenavent@example.org,7768641359958,Masculino,2025-08-17
cl_01256,Calisto Tejera,lorenasoto@example.com,3410863305575,Desconocido,2023-10-17
CL-01257,Ignacia Vara-Larrea,carrenoeufemia@example.com,9811582195395,Femenino,2025-06-13
cl_01258,Odalys Castellanos Ugarte,rogeliomelendez@example.com,5363232391582,Masculino,2024-08-27
CL-01259,Juanito Villena Rivas,vargasandres-felipe@example.com,8832510934943,Masculino,2025-01-20
CL-01260,Yago Arjona Arenas,,61234abc,Femenino,
CL-01261,Kike Barceló Aragonés,jcardona@example.org,3284747626880,Masculino,2025-08-12
CL-01262,Félix Jordán Quintero,nbarrios@example.com,0067436097527,Femenino,2025-06-17
CL-01263,Ramona Camps Quevedo,elialamo@example.com,7897537647326,Femenino,2024-01-24
cl_01264,Galo del Juan,maricelacuervo@example.com,3129541887051,M,2024-10-24
CL-01265,Cebrián Murillo Cañellas,luisinacornejo@example.com,1347318548421,Masculino,2025-05-27
CL-01266,Nicolasa Llopis Calvo,mauricio52@example.org,2913529615272,Femenino,2025-08-05
cl_01267,Isabel Benavides Miralles,marcoszamora@example.com,9874627131569,Masculino,2024-11-11
cl_01268,Rosalía del Olivé,panchoferrero@example.com,9346838826169,Femenino,2025-07-04
CL-01269,Tamara Santana Contreras,danilopedraza@example.org,2225807930154,Masculino,2024-11-19
CL-01270,Victorino de Canet,,5246566437821,Masculino,2024-02-21
cl_01271,Luis Ángel Ruiz Prada,josefinamanso@example.org,7927375967912,Masculino,2025-04-11
CL-01272,Salvador Roca Chico,jose-miguelcobo@example.org,6-123-456,fem,2025-07-03
CL-01273,Iris Fuentes Bartolomé,jose-mari42@example.org,8687404485355,Femenino,2024-10-04
CL-01274,Tamara Luna Teruel,guiomardominguez@example.net,4475230411572,Masculino,2024-05-05
CL-01275,Daniela Ordóñez Castelló,mpozuelo@example.net,4632233764370,Femenino,2024-11-16
cl_01276,Fabio Águila Guzman,icespedes@example.org,6187688367495,Masculino,2024-10-06
CL-01277,Víctor Amat,gheras@example.org,6463091166700,Femenino,2025-07-13
CL-01278,Isabel Aguiló Bosch,feliciatorralba@example.org,9272197135929,Masculino,
cl_01279,Marc Calderón-Rosado,cayetanacerezo@example.net,5021303457071,Femenino,2025-04-18
CL-01280,Alba Gargallo Cerro,leticiamoya@example.net,6813399596387,M,2023-10-19
cl_01281,Severiano José Luis Gargallo Solís,nicolasadan@example.net,7225436558224,Masculino,2023-09-10
CL-01282,Charo Tomé Naranjo,bermudezrene@example.com,1757821398089,Masculino,2024-10-15
CL-01283,Jose Ignacio de Domínguez,elviraescalona@example.org,2347220564430,Masculino,2024-04-20
CL-01284,Raimundo Cabañas Luján,lolabermudez@example.com,123456,Femenino,2025-02-19
CL-01285,Espiridión Nebot Rey,diegosaez@example.com,0212810605949,Masculino,2023-11-11
cl_01286,Renata Molina Uriarte,maximiliano10@example.org,4542667763228,Femenino,2024-11-07
CL-01287,Miguel Ángel Vilalta Echevarría,cfabregat@example.com,2451555900180,Masculino,2024-01-07
CL-01288,Vilma Corominas Egea,nnogueira@example.com,1712303737837,Femenino,2023-11-07
cl_01289,Ana Murcia Barrio,iglesiasjuan-jose@example.net,4454462684849,Femenino,2024-12-22
CL-01290,,,0099139449546,Masculino,2025-05-07
CL-01291,Valentín Cerdá Rodríguez,taniamontserrat@example.com,4649419388042,Femenino,2024-09-03
CL-01292,Crescencia Cabrero,gpardo@example.net,1658924716315,Masculino,2025-08-22
cl_01293,Nico Valera Galvez,yagosantos@example.net,3141690513205,Masculino,2024-09-03
CL-01294,Ceferino Vera-Mendez,cristianhidalgo@example.com,7262465379152,Femenino,2025-03-03
cl_01295,Ruben Manuel-Mesa,iescamilla@example.org,6750208914620,Femenino,2025-01-08
cl_01296,Tristán Aliaga Cuevas,noemi63@example.net,6-123-456,Masculino,
cl_01297,Olimpia Guiomar Dalmau Benavente,ybatlle@example.net,6133748303278,Masculino,2024-08-08
CL-01298,Sebastian Donaire-Ferrer,zanaya@example.org,0143086271892,Femenino,2025-01-06
CL-01299,Lupe Belda Salamanca,mperales@example.net,7950955452124,Masculino,2025-06-26
CL-01300,Ramiro Íñigo Pavón Cañizares,correo@.com,8970960670913,Masculino,2024-12-12
CL-01301,Julieta Badía,zmunoz@example.com,3798905821987,Femenino,2024-12-17
cl_01302,Felipe Chaparro Bueno,quique85@example.org,7212435074336,Femenino,2025-02-03
CL-01303,Anacleto Iriarte-Casals,qdieguez@example.com,7560969532245,Femenino,2025-06-05
CL-01304,Josep Antón Figueras,ypera@example.org,6539133979763,Desconocido,2023-10-07
cl_01305,Carla Sobrino España,yustenilo@example.org,2174638987657,Masculino,2025-02-11
cl_01306,Cayetana Ángel Rojas,hernandezlazaro@example.org,9214601789704,Femenino,2024-04-17
cl_01307,Gloria Lloret-Cuervo,serafina03@example.org,8888329750001,Masculino,2024-05-30
CL-01308,Ema Priego,calzadaadelardo@example.net,6-123-456,Femenino,2025-05-11
CL-01309,Román de Gálvez,adelaidarebollo@example.com,2568621479511,Masculino,2024-04-21
CL-01310,Gisela Porcel Villena,,4854266182684,Masculino,2024-11-06
CL-01311,Leire Serrano Niño,maria-del-carmenechevarria@example.com,1969894788175,Masculino,2024-05-13
CL-01312,Alcides Ramón Almagro,glauco97@example.com,2731165562173,Desconocido,2023-11-26
cl_01313,Juan Manuel Duque Galindo,amancioalfaro@example.net,6283432597025,Masculino,2024-09-10
cl_01314,Graciano Cobos Roma,manoloanaya@example.com,1725903314936,Masculino,2024-10-09
CL-01315,Albert Jáuregui Oliver,emilianamari@example.net,8369232640020,Femenino,2024-03-16
CL-01316,Teobaldo del Espinosa,cobosegismundo@example.org,7279966222306,Masculino,2024-09-15
CL-01317,Loida de Jordán,evaristo07@example.org,2072306223810,Femenino,2024-07-15
CL-01318,César Serra Valverde,agustina58@example.org,9414609859607,Femenino,2024-01-17
CL-01319,Remedios Santamaría Rosa,yabascal@example.com,2785041351104,Masculino,2025-08-24
cl_01320,,,123456,fem,2025-07-16
CL-01321,Áurea Solano,villalongaosvaldo@example.org,8830710105494,Femenino,2024-09-10
CL-01322,Perla Revilla Molins,zuritafelipa@example.net,6624953078936,Masculino,2024-10-26
cl_01323,Anastasio de Agudo,pgascon@example.net,5407495816496,Femenino,2025-06-06
CL-01324,Calisto Uribe Vélez,adannoelia@example.net,0126700560019,Femenino,2025-01-22
CL-01325,Rosalva Aliaga Corominas,ipedrero@example.net,2031060770947,Femenino,2024-01-21
cl_01326,Joan Rebollo Antón,lucianaoliveras@example.com,3444248219394,Masculino,2024-11-23
CL-01327,Emiliano Lloret Castañeda,xlinares@example.org,6417609774305,Femenino,2025-08-25
cl_01328,Cristóbal de Boada,maximianoramon@example.net,0788552618609,fem,2024-08-13
cl_01329,Maristela Espejo Pina,ramosezequiel@example.net,1096330867986,Masculino,2025-03-12
CL-01330,Marino Tejada Sanmiguel,,2360311070517,Femenino,2023-11-20
CL-01331,Loida Llabrés Marti,gonzaloaznar@example.com,8311612098897,Masculino,2024-02-16
cl_01332,Viviana Luciana Barragán Camps,curro46@example.net,6-123-456,Femenino,2026-01-01
CL-01333,Blas Marco Elías,valeroalcalde@example.net,3031297026271,Masculino,2024-05-21
cl_01334,Borja Barrera Gimeno,acarvajal@example.net,9170088550393,Masculino,2023-12-06
CL-01335,@Oliver,wabellan@example.net,7462024254525,Masculino,2023-09-30
cl_01336,Roberta del Quintanilla,mirovasco@example.net,3182597220616,Desconocido,2024-03-11
CL-01337,Celestina Rios-Esparza,eligio81@example.com,8897829407626,Femenino,2024-05-01
CL-01338,Roxana Pellicer,torrenssimon@example.net,7148871651020,Masculino,2023-10-01
CL-01339,Juan Pablo Fabregat Castillo,catalansosimo@example.org,4845967462963,Masculino,2023-09-04
CL-01340,Isaac Casares,@gmail.com,9463564429481,Femenino,2025-04-13
CL-01341,Natalia Carbajo-Balaguer,juliana05@example.com,3153605197495,Femenino,2024-08-27
CL-01342,José Mari Jurado Chaparro,alarcongodofredo@example.net,8982232067088,Femenino,2024-08-05
cl_01343,Diana Garmendia Núñez,alejo21@example.com,5101261914113,Masculino,2024-02-08
cl_01344,Ruy de Vilar,samantaangulo@example.org,6-123-456,Desconocido,2024-11-24
CL-01345,Chelo Vendrell Fábregas,graciela86@example.net,2990947453701,Femenino,2024-05-07
cl_01346,Isabel Valero Palomares,emayoral@example.org,5539195672408,Masculino,2023-10-26
CL-01347,Buenaventura Jiménez Llamas,rroman@example.org,6529928379485,Femenino,2025-05-02
CL-01348,Aroa Otero Jordá,roblesedelmira@example.com,0055235742974,Femenino,2024-08-29
CL-01349,Norberto Nadal Verdú,isidora02@example.net,5312777933370,Masculino,2025-04-02
cl_01350,,benigna24@example.org,0866403555814,Femenino,2026-01-01
CL-01351,Dionisio del Berrocal,trinidad56@example.net,6949498884302,Femenino,2024-02-18
CL-01352,Ofelia Sáez Verdugo,gabriel26@example.com,7537703693292,Femenino,2025-02-24
cl_01353,Magdalena Corominas Ródenas,paulinoespanol@example.org,5931748465287,Femenino,2024-12-25
cl_01354,Ema Tirado Gil,cpera@example.com,9148124710583,Femenino,2023-11-15
CL-01355,Jerónimo Soto Ortega,fmulet@example.org,1919164956173,Masculino,2023-10-19
CL-01356,Jessica Cabanillas-Franco,juanita24@example.net,123456,Masculino,2024-08-23
cl_01357,Ricarda Quintanilla Goñi,flledo@example.com,2832784980540,Masculino,2025-02-04
CL-01358,Ariel Navarro Llabrés,nbermudez@example.org,2431914753764,Femenino,2024-05-26
CL-01359,Angelina Landa Escobar,nvilar@example.com,9795838276641,Masculino,2024-12-11
CL-01360,Aristides Mínguez Antón,,8064259966989,M,2023-09-30
CL-01361,Blas Pozuelo-Pedrero,kagustin@example.org,8842632604622,Femenino,2024-08-03
CL-01362,Emilia Serrano-Gomila,remigio00@example.net,0209559633810,Masculino,2024-05-17
CL-01363,Regina Gallart Cámara,lfeijoo@example.net,2336267615552,Femenino,2024-05-05
cl_01364,Rosalva Abril Rivera Heras,hpino@example.net,7331097011822,Femenino,2023-10-25
cl_01365,Loida Alvarez Cazorla,bernadagustin@example.org,7042666636447,Femenino,2025-05-28
CL-01366,José Luis Mesa Tomas,pielisa@example.org,9070334301812,Masculino,2024-02-10
CL-01367,José Ángel Maza Farré,pratscipriano@example.com,4319670891475,Masculino,2024-12-10
cl_01368,Rafael Viana Elías,oscar92@example.com,+34871 00 86 94,Femenino,
cl_01369,María Cristina Castro Reig,ainoa08@example.com,8005071744364,Masculino,2024-09-03
CL-01370,Juan Antonio Vilaplana Antúnez,@gmail.com,9941234304945,Masculino,2024-11-14
CL-01371,Amaya Chaparro Puga,eandres@example.net,4997455994106,Femenino,2025-06-29
CL-01372,Natividad Carmona Puga,msoriano@example.net,1134340918150,Masculino,2024-02-15
CL-01373,Corona de Vigil,ecastello@example.org,1549256936802,Femenino,2023-12-28
cl_01374,Miguela Mateos-Jove,wmascaro@example.com,6589876869528,Femenino,2024-03-13
CL-01375,Ruperta Giralt Tejada,samu14@example.com,8767252909560,Masculino,2025-08-12
CL-01376,María Pilar Rosa María Cañete Marcos,ezamora@example.net,0730786149067,Desconocido,2025-08-04
cl_01377,Ileana Berta Sevillano Cal,gomismelchor@example.net,2291312398688,Femenino,2025-03-09
cl_01378,Sabas Folch,urbano07@example.org,5519655586333,Femenino,2023-11-21
cl_01379,Xiomara Atienza Nebot,juan-manuelpalmer@example.com,7345245639123,Femenino,2023-10-21
,,correo@.com,6-123-456,Masculino,2024-09-24
cl_01381,Abilio Arribas Bermejo,florentino55@example.org,5290485787847,Femenino,2024-01-23
CL-01382,Vicente Ildefonso Cabo Polo,amor58@example.org,7412615536444,Masculino,2023-08-31
CL-01383,Martin León Cabañas Becerra,diezlourdes@example.org,5463635924927,Masculino,2024-12-01
CL-01384,Jacinto Menéndez,godofredolosada@example.com,8127214811164,fem,2023-09-28
cl_01385,Mamen del Escrivá,ecapdevila@example.org,4921003757543,Femenino,2025-02-04
CL-01386,Isabela Solís-Vilalta,iban75@example.net,5816318235350,Femenino,
CL-01387,Patricio Atilio Garrido Font,iriartehector@example.net,1261047674435,Femenino,2024-05-08
CL-01388,Lorena del Cano,climaco70@example.org,7829646697163,Masculino,2024-01-01
CL-01389,Sandalio Juárez-Pi,eutimio66@example.org,7073722706358,Femenino,2024-11-10
CL-01390,Cosme Garay-Planas,suarezafrica@example.com,9940110073945,Femenino,2024-04-27
cl_01391,Charo Bilbao Caparrós,dfarre@example.com,6286413522511,Masculino,2024-04-24
CL-01392,Begoña Páez Esteve,sarnal@example.org,61234abc,Femenino,2025-08-13
cl_01393,Ileana Aznar Cabello,maria-angeles49@example.com,6155640115745,Masculino,2025-08-22
CL-01394,Víctor del Alfonso,remigio40@example.net,8222321171939,Femenino,2023-11-17
CL-01395,@Oliver,piliibarra@example.com,3397282978045,Masculino,2024-09-17
CL-01396,Juan Antonio Bastida,melisa04@example.net,1017991382234,Femenino,2025-05-06
CL-01397,Isaías Rocha Roig,sofia93@example.com,4168127286210,Femenino,2025-05-16
CL-01398,Eligio García Montero,menendezfaustino@example.net,9693982189339,Femenino,2024-07-23
CL-01399,Cebrián Frías,albertportillo@example.com,6603977233777,Masculino,2024-12-06
,Alexandra del Robles,,8024890530045,Desconocido,2023-10-07
CL-01401,Ema de Vizcaíno,alma56@example.net,3760315672487,Masculino,2025-07-15
CL-01402,Roque de Escalona,palomabenet@example.org,0756533912259,Femenino,2023-10-01
cl_01403,Rubén Morán-Zurita,eprats@example.org,4355436391821,Femenino,2025-07-01
CL-01404,Custodia Mosquera Soto,lcampillo@example.com,+34 825 005 697,Masculino,2026-01-01
CL-01405,América Gascón Palmer,tsegarra@example.net,9158779761696,Femenino,2024-01-28
cl_01406,Alberto Alberola Barceló,juan-pablo41@example.org,0396651069434,Masculino,2024-09-09
CL-01407,Victor Manuel Bellido Mas,samuel14@example.com,0688238146540,Masculino,2024-03-13
CL-01408,Mercedes Mena Feijoo,tenoriorosaura@example.net,3883790609126,fem,2024-04-16
CL-01409,Maximino Salvador Arranz,arturo17@example.com,2160851351375,Femenino,2024-09-05
cl_01410,@Oliver,,2029742423697,Masculino,2023-10-11
CL-01411,Fernando Maestre Escribano,ainaraalamo@example.net,1125498063949,Masculino,2023-10-06
CL-01412,Severino Aznar Vera,azeneth51@example.com,4511329884719,Femenino,2024-07-11
CL-01413,Horacio Verdugo,igallego@example.com,7780422145265,Masculino,2025-04-28
CL-01414,María Manuela Llopis Gras,luz00@example.net,4767983576400,Masculino,2025-05-16
CL-01415,Cruz Jacinto Tamarit Palma,mateosrosaura@example.com,1177433780629,Masculino,2025-07-10
cl_01416,Agapito Tovar Navas,juan-manuel11@example.com,+34946184217,Masculino,2024-01-12
CL-01417,Demetrio Campo Barbero,manuela53@example.org,9085222664244,Femenino,2024-07-20
cl_01418,Yolanda Carmona Conde,taramburu@example.com,4324577777355,Masculino,2024-12-29
cl_01419,Noé Jonatan Casanova Sacristán,tamara17@example.com,6876506797686,Masculino,2025-05-21
CL-01420,Jose Ignacio Herrera Osorio,@gmail.com,8139318496501,Femenino,2025-07-12
CL-01421,Emiliano Lerma Angulo,jpujadas@example.org,6900787622875,Femenino,2025-04-12
CL-01422,Gala del Urrutia,rayllon@example.net,9767845833363,Femenino,2024-06-29
cl_01423,Alberto Ramírez Pujadas,melchorsoto@example.net,1819178169485,Femenino,2024-09-06
CL-01424,Carmela Ramis,violetalarrea@example.com,5295209384997,Masculino,2023-11-17
cl_01425,123,reynaverdugo@example.net,4606487657362,Masculino,2023-09-26
CL-01426,Rogelio Julio Villena Mancebo,adora31@example.com,0258076091198,Masculino,2023-09-02
cl_01427,Fabricio Ríos Cánovas,castellanoshernan@example.org,8463049090072,Femenino,2024-03-13
cl_01428,Asunción Cuenca,ines99@example.net,61234abc,Femenino,2024-03-29
cl_01429,Azahar Soriano Miró,bernarditatejedor@example.com,2429609344774,Femenino,2024-02-18
CL-01430,Eugenia del Ferreras,,1193693315596,Masculino,2024-01-21
CL-01431,Ramona Mas Ávila,fpenas@example.com,1704850388021,Masculino,2025-05-28
cl_01432,Tomás Cano Vara,droura@example.com,7398937306890,Femenino,2024-07-27
CL-01433,Leonor Quintana Ferrán,vicenteester@example.com,8087457308246,Masculino,2024-08-30
CL-01434,Victor Alarcón Catalá,tenorioflavia@example.net,8124886230972,Masculino,2024-09-08
cl_01435,Marcial del Abril,pespinosa@example.com,0784819589700,Masculino,2024-07-12
cl_01436,Venceslás Macias Pellicer,marcelo03@example.com,9374278044781,Masculino,2024-04-04
cl_01437,Octavia Taboada Chacón,asenjohilda@example.com,3830440953799,Femenino,2024-03-31
CL-01438,Nico Rosendo Perera Franch,ambarsuarez@example.net,2609655753142,Femenino,2025-08-08
cl_01439,Haroldo Lillo,jjimenez@example.org,2373035540114,Femenino,2024-02-19
cl_01440,@Oliver,@gmail.com,123456,fem,2026-01-01
CL-01441,Dolores Antúnez Puig,panfilo28@example.org,3520347261509,Masculino,2025-01-05
CL-01442,Esperanza Porta Busquets,emiliohervas@example.net,9672935639662,Masculino,2023-12-16
cl_01443,Jacinto Montenegro,riossabas@example.net,4410776180807,Femenino,2025-02-01
cl_01444,Dorita Alberola Losa,amadorgaston@example.org,9525899483555,Masculino,2025-04-09
CL-01445,Felicia del Botella,bertobotella@example.net,6623499351672,Femenino,2025-02-14
cl_01446,Danilo del Manzanares,luciobeltran@example.org,1109720759740,Femenino,2025-03-14
cl_01447,Lupe Solís Prieto,odalysaviles@example.org,0689185146068,Femenino,2024-11-23
CL-01448,Melchor Lara,modesta10@example.net,4807565993462,Femenino,2024-06-23
CL-01449,Joel Aguilar Goicoechea,reinaldocardona@example.com,9142020839695,Femenino,2024-06-26
cl_01450,Estefanía del Sanz,maitepons@example.org,2747088588803,Femenino,2024-07-06
cl_01451,Marta de Cervantes,xfeijoo@example.org,7617929293667,Femenino,2025-08-11
CL-01452,Feliciana Valero-Baquero,porterojeremias@example.org,+34 825 09 58 78,Masculino,2024-05-05
CL-01453,Adán del Ávila,zfigueroa@example.org,4147508019088,Masculino,2025-06-13
cl_01454,Gil Fabián Granados Mena,pombonarcisa@example.net,9496589224679,Femenino,2024-11-16
CL-01455,@Oliver,paloma02@example.net,0250926908283,Masculino,2023-12-15
cl_01456,Calixto Coloma,dpintor@example.com,0202680459989,Desconocido,2024-04-25
CL-01457,Rebeca Ferrández Neira,barrosjosep@example.net,7242757035688,Masculino,2024-04-02
cl_01458,Fidel Tovar Fortuny,candelasarmiento@example.net,6123248609649,Masculino,2025-07-05
CL-01459,Íñigo Real,vquintanilla@example.org,2953036497294,Masculino,2025-06-30
CL-01460,Poncio Coloma,@gmail.com,2059895055926,Masculino,2024-06-25
CL-01461,Fidela Nuñez Martí,loreto54@example.com,6636752098497,Femenino,2023-09-08
CL-01462,Timoteo Rosendo Calvet Galán,nelida57@example.org,7642999974146,Masculino,2024-01-12
CL-01463,Paula Marina Martorell Canet,dafnefabra@example.com,0946835500867,Masculino,2024-11-09
CL-01464,Claudia Ayllón Ricart,samu49@example.org,123456,Masculino,2023-12-20
CL-01465,Adoración Moliner Barral,rcasanovas@example.net,7666786943210,Femenino,2024-11-03
CL-01466,Eligia Fuentes Cerezo,chemaquiroga@example.com,3973453907261,Masculino,2024-04-03
CL-01467,Fidel Pazos Fortuny,ezaragoza@example.com,4291494953167,Femenino,2024-07-05
CL-01468,Manu Peralta Mur,lumbrerasalma@example.org,0559009756832,Femenino,2025-07-17
CL-01469,Gil Alemany Plana,eleuterio17@example.com,3374062361669,Femenino,2025-03-10
cl_01470,,@gmail.com,1594590398254,Femenino,2024-06-30
cl_01471,Iker Rocamora,jose-antonioferran@example.org,7619954862123,Masculino,2025-03-14
CL-01472,Tito Rosa Ordóñez,salamancamaximino@example.org,1214367355665,M,2025-07-02
CL-01473,Fernanda Melero Cabrera,nvina@example.com,7091679606958,Femenino,2024-07-12
cl_01474,Emma del Seguí,abellaeligia@example.com,1447356278297,Femenino,2023-11-12
CL-01475,Aura Zapata Olivé,calatayudalex@example.org,5089341291819,Femenino,2025-06-23
cl_01476,Pelayo Estevez Fabra,aguilafrancisco@example.com,6-123-456,Masculino,
cl_01477,Carla Montesinos Ayala,obdulia30@example.net,9769851872700,Femenino,2025-01-02
CL-01478,Basilio Barrios-Meléndez,valerovilma@example.net,3401858253148,Masculino,2024-08-04
CL-01479,María Luisa Cabanillas,klobo@example.net,6974031369479,Femenino,2025-04-16
CL-01480,Gonzalo Saldaña Becerra,,4493328483322,M,2025-06-05
cl_01481,Erasmo Ricart-Revilla,neiraamaro@example.org,7513022233726,Femenino,2024-02-08
CL-01482,Javiera Manuel Quintero,araceliperera@example.org,6984736858003,Femenino,2025-06-11
CL-01483,Adelardo Villanueva-Salvà,celestina78@example.net,2366524097680,Femenino,2025-01-11
cl_01484,Soraya de Valle,danisimo@example.net,1273450240406,Femenino,2024-05-30
CL-01485,123,qserrano@example.org,2458446987144,Femenino,2024-05-21
cl_01486,Genoveva Chaves Berenguer,bhoz@example.org,1980057539990,Masculino,2024-10-09
cl_01487,Albina Alberto Segarra,camilo66@example.com,8185128238451,Masculino,2025-01-11
CL-01488,Gabino Amílcar Muñoz Folch,charo16@example.com,6-123-456,Femenino,2024-02-11
cl_01489,Eleuterio Catalá-Sastre,maxi10@example.com,9753670506940,Masculino,2025-03-31
CL-01490,Elvira de Sabater,isaiascobo@example.net,6151665791013,Femenino,2025-02-17
cl_01491,Roberta Toledo Gras,marinblanca@example.net,6805590546221,Femenino,2023-09-20
cl_01492,Teobaldo Madrid Bárcena,reyna40@example.net,3548337265183,Femenino,2025-02-16
CL-01493,Plinio Mayoral Escribano,ososa@example.com,3135767870588,Femenino,2024-10-14
cl_01494,Flor Polo Monreal,cmascaro@example.net,2553809819998,Femenino,2026-01-01
CL-01495,Fabiana Martín Ramirez,doroteapaez@example.net,5892231096916,Femenino,2024-08-10
CL-01496,Jessica Puente Miralles,fsaez@example.com,0887171577607,Masculino,2024-04-08
CL-01497,Augusto Serra-Parra,julio-cesar06@example.net,1392662410287,Masculino,2023-09-23
CL-01498,Onofre Mulet-Villanueva,jpons@example.com,0961797513948,Femenino,2024-06-17
CL-01499,Ruy de Arrieta,magdalena86@example.org,4016927164293,Masculino,2024-06-30
,,correo@.com,6-123-456,Femenino,2024-05-29
CL-01501,Aurelio Hervás,ufranco@example.com,9953717656641,Masculino,2024-10-07
cl_01502,Román del Alvarez,amando22@example.net,1226905627237,Femenino,2025-07-18
CL-01503,Mirta Fuente Chaves,africa99@example.com,1194245430019,Femenino,2023-09-09
CL-01504,Alfonso Villalonga Montaña,iban17@example.net,8693535270975,Desconocido,2024-02-25
cl_01505,Urbano Badía Ortega,bsantos@example.org,0838560485623,Masculino,2024-06-11
CL-01506,Loreto Anaya Manzano,ecarnero@example.net,0049883571771,Masculino,2024-06-10
CL-01507,Almudena Leon Suárez,pilarsegui@example.net,8761916481975,Masculino,2025-08-27
cl_01508,Tomasa Gomez Casal,eropero@example.net,7572691859558,Femenino,2025-05-14
cl_01509,Cebrián Bonet Bayón,aitana22@example.com,7302653602237,Femenino,2024-01-14
CL-01510,Ciríaco Carreño Amaya,,6719729026660,Masculino,2024-01-21
CL-01511,Roberta Ferreras-Grau,aroa16@example.org,4808286623583,Femenino,2023-11-30
cl_01512,Albina Prada Alvarado,rosalinda08@example.org,+34 846 67 27 85,fem,2026-01-01
CL-01513,Maxi Osuna,juan-bautista78@example.net,9017015537120,Femenino,2025-06-07
cl_01514,Eutimio Fajardo Palmer,vbas@example.net,2055145458558,Femenino,2024-03-11
CL-01515,Teresita del Haro,cuellarjose-manuel@example.org,1119736793405,Masculino,2024-05-09
cl_01516,Maxi Valls Atienza,juan-carlosgil@example.net,9213349849793,Masculino,2024-04-11
CL-01517,Maxi Ferrándiz Briones,mireduardo@example.net,2349886770977,Femenino,2025-04-12
CL-01518,Angelita Pedro,zfiguerola@example.org,2592946463577,Femenino,2025-04-07
CL-01519,Jose Miguel Miralles Miralles,batlleiban@example.net,2327621575269,Masculino,2023-12-23
cl_01520,Nayara del Pozuelo,,1827245632545,Masculino,2024-10-20
CL-01521,Armida Rubio Elías,macarenalobo@example.org,4788229521060,Femenino,2024-01-29
cl_01522,Felicidad Amores Amo,zbarriga@example.net,3055201828602,Masculino,2024-02-24
CL-01523,Erasmo Girona Cerdán,horacio04@example.com,7873113741697,Masculino,2025-07-15
cl_01524,Ángel Gras Valencia,anselmo15@example.com,6-123-456,Femenino,2023-08-31
CL-01525,Abilio Noguera Sabater,cervantesjulia@example.net,4076966244967,Masculino,2023-11-13
CL-01526,Jose Villalba Pallarès,larregui@example.net,6006500476018,Masculino,2024-12-02
CL-01527,Diana Gálvez Herranz,valeria46@example.net,4996672388787,Masculino,2024-02-02
CL-01528,Rafael Río-Salgado,maldonadoteofilo@example.net,4899604592462,Femenino,2024-12-09
CL-01529,Mariano de Querol,carmelamontesinos@example.net,4337578829824,Masculino,2025-07-05
CL-01530,,@gmail.com,7166229378243,Masculino,2026-01-01
cl_01531,Marcial Lorenzo Arregui,rocawalter@example.org,3635680165725,Masculino,2024-03-07
cl_01532,Ambrosio Calleja Tormo,natalialillo@example.org,1736388554700,Masculino,2023-09-27
cl_01533,Edelmiro Falcó Calderon,ileana34@example.com,3502748507550,Femenino,2024-08-27
CL-01534,Xavier Valenzuela Pou,trinisolis@example.org,1733286850263,Femenino,2025-08-28
cl_01535,Manu Evita Berenguer Viñas,bartolomecolom@example.com,4555567655479,Masculino,2023-11-24
CL-01536,Rico Río,villaverdeblanca@example.org,6-123-456,M,2024-06-27
CL-01537,Sergio Villalobos,oscar48@example.net,3890504207571,Masculino,2025-01-09
CL-01538,Zacarías de Dávila,bmendez@example.net,6182130586115,Femenino,2025-04-11
CL-01539,Paula África Talavera Cabañas,agustingerman@example.net,1824248651384,Femenino,2024-10-20
cl_01540,Joaquín de Bárcena,,6522251000821,Masculino,2024-12-03
cl_01541,Adelia Marita Lorenzo Amorós,yaiza07@example.com,0306580233387,Masculino,2025-08-20
CL-01542,Esmeralda Amor Cabezas Juárez,etelvina91@example.com,7816298459412,Femenino,2025-03-24
cl_01543,Octavia Cabeza Sánchez,puentemaxi@example.net,9854966201874,Masculino,2025-02-01
CL-01544,Leyre Iborra-Espinosa,magdalena79@example.com,4275031948409,Desconocido,2024-11-02
cl_01545,,mbaez@example.com,4414836384976,Femenino,2023-12-03
CL-01546,Marisol Arévalo Escolano,azeneth34@example.com,4956263344005,Masculino,2023-11-16
CL-01547,Hortensia Plana Machado,miguel86@example.com,3005710094652,Femenino,2025-04-09
cl_01548,Telmo Bernad Abella,cisnerosanastasia@example.net,6-123-456,Femenino,
CL-01549,Heraclio Mariño Perales,pedrazagema@example.org,1505052721170,Femenino,2024-03-08
CL-01550,Fátima Peralta-Pinilla,gabriela00@example.com,4566762352031,Femenino,2024-04-04
CL-01551,Caridad Benito Roselló,rubenlobo@example.com,0848901408147,Masculino,2025-02-08
CL-01552,Alma Jaén Carmona,pradogregorio@example.org,0470858701867,fem,2025-02-26
cl_01553,Saturnina Salmerón Sanmartín,cristianpeinado@example.com,2659184999371,Masculino,2023-10-20
CL-01554,José Antonio Rosales,pomboagata@example.net,7633461265492,Femenino,2024-02-29
CL-01555,Gustavo Rico Moles,rodaaurea@example.com,8328618877893,Masculino,2024-01-18
cl_01556,Marino Segura Ayllón,trinidadacero@example.net,4390565618380,Masculino,2025-02-28
CL-01557,Javi Granados Méndez,aragonisaura@example.org,5922460073621,Femenino,2024-04-24
cl_01558,Amancio Lope Cifuentes Bru,ebarcelo@example.org,7393150256103,Masculino,2024-10-19
CL-01559,Juliana Batlle Castañeda,ruypuerta@example.org,8419306261182,Masculino,2023-09-03
,@Oliver,hguzman@example.net,61234abc,M,2024-06-21
cl_01561,Onofre Palomar-Iñiguez,sbenavides@example.net,8100940992316,Femenino,2025-03-24
CL-01562,Rico Parejo-Benet,wserra@example.net,7942962148193,Femenino,2024-03-17
cl_01563,Remigio Falcón-Meléndez,poujuanito@example.com,2946385940958,Femenino,2024-02-23
CL-01564,María Pilar Leonor Iriarte Bas,fantunez@example.com,3236104389742,Masculino,2025-02-04
CL-01565,Ulises Campillo Solana,raquelpellicer@example.com,3453370309199,Masculino,2024-09-05
cl_01566,Heraclio Valero Boada,patricia11@example.com,4911845133940,Femenino,2025-07-14
CL-01567,Aureliano Jover Galiano,wvicente@example.org,0325360076820,Masculino,2023-10-01
cl_01568,Íñigo Velasco Cózar,cmartinez@example.com,1526179418010,Femenino,2024-11-18
cl_01569,Carolina Cruz Rius Cabrero,menapili@example.com,3297362267265,Femenino,2023-12-17
CL-01570,Febe Aznar-Haro,correo@.com,1366097185115,Femenino,2024-01-19
CL-01571,Marina Villegas Moya,cerezopaz@example.com,5727867301607,Masculino,2024-01-26
CL-01572,Tatiana Leon Chaves,doroteacamacho@example.org,123456,Femenino,2023-10-09
CL-01573,Roberto Benet Rocha,herrerolisandro@example.org,7873617328191,Masculino,2024-09-19
CL-01574,Carmelo Vilaplana Guillen,felicidadgutierrez@example.org,3230727698866,Masculino,2024-12-03
CL-01575,Isaías Goñi Mayol,geronimo98@example.org,8996671297817,Masculino,2023-12-19
CL-01576,Obdulia Rubio Mosquera,magdalena66@example.net,3490679783665,Femenino,2024-01-02
CL-01577,Gisela de Mata,hbastida@example.org,4651116324781,Masculino,2024-04-04
CL-01578,Anita de Velasco,qcalderon@example.org,7250705167682,Masculino,2024-05-26
CL-01579,Ildefonso Tomé Raya,adoramartin@example.org,2429627464337,Masculino,2024-11-24
,Bruno Alvarez Calatayud,,7623584933165,Femenino,2024-06-20
CL-01581,Custodio Sastre Prat,barroyo@example.org,7267215758327,Masculino,2025-05-15
CL-01582,Sebastián Mayol Tomas,bauzamarino@example.org,0499077796721,Masculino,2025-06-01
CL-01583,Eligio Santamaría-Calvo,eligiagual@example.net,7283491404094,Femenino,2024-11-09
CL-01584,Leonor Losada-Camino,eulaliadieguez@example.org,61234abc,Masculino,2026-01-01
cl_01585,Cosme del Quirós,perlita54@example.net,6730877375852,Femenino,2023-10-21
cl_01586,Carmina de Lledó,duqueaureliano@example.net,0655757817578,Masculino,2024-11-29
CL-01587,Diana Soto Cuadrado,lucasgil@example.com,7918085799104,Masculino,2024-12-19
cl_01588,Julio César Abascal Alba,valero01@example.net,7005238974035,Masculino,2024-12-24
cl_01589,Juan Antonio Estévez Avilés,jiglesias@example.com,7151435607843,Femenino,2024-03-05
CL-01590,123,,8185424469562,Femenino,2024-10-28
CL-01591,Ezequiel Bartolomé-Reig,msegura@example.com,6258298737220,Masculino,2024-09-11
cl_01592,Heraclio Lago Bernat,climaconoguera@example.com,6998851837099,Desconocido,2024-05-05
cl_01593,Marco Acosta Lamas,esther95@example.net,2735419737852,Femenino,2025-07-06
CL-01594,Lucila de Pérez,cordobacustodia@example.net,7854383189641,Femenino,2025-07-23
cl_01595,Luisina Marquez-Solera,josue85@example.net,0987331932001,Femenino,2025-03-21
CL-01596,Bernardino Reig Ortega,bayonnicodemo@example.org,123456,Femenino,2024-02-19
CL-01597,Eligia Roura Durán,wjuan@example.com,5542166589012,Femenino,2025-08-04
CL-01598,Salvador Joan Villalba Abella,lazaropolo@example.org,0908489128530,Masculino,2025-04-24
cl_01599,Palmira Escolano Gras,soriajordana@example.com,3833706933915,Masculino,2024-05-17
CL-01600,Plácido Uribe Campoy,@gmail.com,2582349901122,Femenino,2024-12-19
CL-01601,Porfirio Bilbao Amores,esthercifuentes@example.org,9695523014061,Masculino,2025-04-04
cl_01602,Alejandra Granados-Varela,ribascarmen@example.net,1515236217879,Femenino,2026-01-01
CL-01603,Prudencia Roldan Ortiz,cpallares@example.com,3362201409218,Femenino,2024-11-26
CL-01604,Vicente Narváez Córdoba,luis-miguel43@example.net,1453761813635,Femenino,2025-03-21
CL-01605,@Oliver,granadosestrella@example.net,6426088106361,Femenino,2024-06-03
CL-01606,Casandra Nadal Blanch,balduino91@example.net,0893297818092,Masculino,2023-11-07
CL-01607,Montserrat Julia Cifuentes Garzón,raquel41@example.org,9147879384177,Femenino,2023-12-04
cl_01608,Marciano Elías Roldán,orio@example.net,+34943 180 252,M,2024-12-24
cl_01609,Lino Flor,cabezafernando@example.net,4940395637790,Femenino,2023-11-21
CL-01610,Antonia Rueda Vilaplana,correo@.com,3114912356300,Femenino,2024-01-01
CL-01611,Andrea Saavedra,aristides58@example.com,8810615039673,Masculino,2024-02-28
CL-01612,Tomás Villanueva Tamarit,monicabarral@example.net,4952130928602,Masculino,2025-01-10
cl_01613,Juanita Rodriguez-Conesa,gisela16@example.net,6111662550614,Femenino,2024-02-22
CL-01614,Valeria Miguel Cases,alejandra45@example.org,8507541202368,Masculino,2024-08-26
CL-01615,Valentina Amorós Blanco,alfonso36@example.com,0719822182868,Masculino,2025-03-17
cl_01616,Sosimo Barberá-Vigil,andrea94@example.org,3659356872985,M,2025-03-07
CL-01617,Silvio de Cañellas,riosrosario@example.org,1436555695382,Femenino,2023-08-29
cl_01618,Benigna Huguet Torre,zaira19@example.net,1303536871069,Femenino,2023-10-03
CL-01619,Santos Tomas Goñi,ramoniris@example.com,9717411032546,Masculino,2025-05-23
CL-01620,,correo@.com,6-123-456,Femenino,2026-01-01
cl_01621,Bartolomé Benítez-Peralta,xgonzalez@example.net,4987246915230,Femenino,2025-05-01
cl_01622,Curro Peinado Sedano,ferrandezjacobo@example.net,4797342123504,Masculino,2025-07-19
cl_01623,Jerónimo Estévez Murillo,pesteve@example.net,5749429130328,Femenino,2025-07-11
CL-01624,Gracia Peralta,vsanmiguel@example.net,1692194688099,Desconocido,2024-02-07
cl_01625,Moisés Suárez Salvador,lazaroaguilar@example.org,5749686144734,Femenino,2024-05-07
cl_01626,Emigdio Ureña Borrell,wpujadas@example.org,9665085820290,Femenino,2024-09-29
CL-01627,Tomasa Sanabria Canals,carbonellporfirio@example.com,6525342342509,Masculino,2024-12-08
CL-01628,Estela Pedrero,marc43@example.net,0567082180499,Masculino,2024-12-31
CL-01629,Ernesto Robles,ciriacomaldonado@example.net,2142792379552,Femenino,2025-03-12
CL-01630,Roldán Campoy-Vergara,@gmail.com,2293489101605,Femenino,2025-01-19
CL-01631,Lucho Tejedor Soriano,jordiadadia@example.org,6079566253497,Femenino,2024-05-15
CL-01632,Juan Luis Noguera-Jordán,larabarragan@example.org,6-123-456,Desconocido,2024-05-06
cl_01633,Víctor Baños Gil,maximinoalberto@example.org,2404004922645,Femenino,2024-07-18
CL-01634,América Pombo Pol,rosalva38@example.com,1269907977130,Femenino,2025-07-01
CL-01635,,ocorral@example.com,0738121397767,Masculino,2025-05-11
cl_01636,Tomasa Pía Sánchez Higueras,djimenez@example.com,2209591892644,Masculino,2025-06-11
CL-01637,Lucía Ayllón Antúnez,ester58@example.org,4039720505197,Masculino,2025-07-13
CL-01638,Pepito Montaña,corona44@example.net,5026974069063,Masculino,2026-01-01
cl_01639,Valentina Domínguez,bastidafelipe@example.com,3101782856413,Masculino,2024-02-13
cl_01640,Clemente Ibarra Acosta,correo@.com,5030744904228,M,2025-01-05
CL-01641,Cayetano Blasco,ignaciasalamanca@example.com,2503628095023,Femenino,2025-06-17
CL-01642,Juan Antonio Iniesta Ledesma,leire02@example.net,4213352152005,Femenino,2024-11-28
CL-01643,Sosimo Bou Cuevas,gala77@example.org,3778676061533,Masculino,2025-01-23
cl_01644,Rafael Coello-Galán,trinidadchacon@example.net,6-123-456,Masculino,2025-03-30
CL-01645,Tomasa Bautista Daza,mirmarc@example.net,9928914445675,Masculino,2024-10-29
cl_01646,Javiera Fuertes Tomás,zcasanovas@example.org,2260920042064,Femenino,2024-02-22
CL-01647,Olga Casal Villaverde,mirallesmaximiano@example.net,4248503258540,Femenino,2024-10-20
cl_01648,Lupe Pomares Duque,lbalaguer@example.com,2251041888592,fem,2025-06-15
cl_01649,Che Aliaga,friquelme@example.com,0591043180637,Femenino,2024-07-23
cl_01650,123,,6900285988798,Masculino,2025-08-14
CL-01651,Hortensia Linares Antúnez,granadoscorona@example.org,4255179000852,Femenino,2024-02-09
cl_01652,Ascensión Rosell Alvarado,veronicagarcia@example.com,3111279612553,Femenino,2024-09-04
CL-01653,Victor Manuel Ayllón,mayoralteo@example.com,2034172167722,Masculino,2024-10-12
CL-01654,Sandalio Hervás-Naranjo,fortunata22@example.net,3348332721821,Femenino,2024-02-15
CL-01655,Emiliano Roma,rosendolarranaga@example.org,2013217728202,Masculino,2025-01-05
cl_01656,Jordana Vives Estevez,daniel57@example.org,61234abc,fem,
cl_01657,Telmo Gallardo Neira,yherrera@example.com,7097427337630,Masculino,2025-04-30
cl_01658,Dalila Carlos Conde,morenaheredia@example.net,1288866011562,Femenino,2024-02-21
CL-01659,Vito Bayo Carbó,nbustamante@example.com,5999007116574,Masculino,2024-09-08
,Ofelia Maristela Manzanares Moliner,correo@.com,6746251746903,Masculino,2024-05-02
cl_01661,Edu Catalá Montaña,ale72@example.org,7492300693602,Masculino,2024-07-09
CL-01662,Flavio del Torres,victoria27@example.com,0741914665361,Femenino,2025-05-16
cl_01663,Odalys Cabello-Alvarez,marisahervas@example.net,2712014056723,Masculino,2024-09-01
cl_01664,Custodia Quintana Acosta,dviana@example.org,3433411552250,Femenino,2025-04-09
cl_01665,@Oliver,adelaidasuarez@example.com,6389717130605,Masculino,2025-06-19
CL-01666,Bibiana Taboada,arielandrade@example.net,2910482771421,Masculino,2025-03-23
CL-01667,Emilio Morata Bonilla,luisa00@example.com,9912954539940,Femenino,2024-03-07
CL-01668,Alondra Marquez Moraleda,casemiropla@example.net,123456,Masculino,2023-12-09
CL-01669,Fernando Isaac Suárez Ros,khoz@example.net,8831586323615,Masculino,2024-01-18
CL-01670,Anabel Villalonga Cuevas,gbarros@example.org,7878936784957,Masculino,2023-12-11
CL-01671,Plácido Pellicer Alfaro,cbarral@example.net,0164270137270,Femenino,2023-12-01
CL-01672,Ruperto Camacho Mascaró,jordana68@example.com,2369607094037,Femenino,2023-10-17
CL-01673,María Cristina Exposito Villegas,calvofebe@example.com,5238702244611,Femenino,2024-09-13
cl_01674,Viviana Gelabert Céspedes,valentin02@example.org,4347102874026,Femenino,2024-05-23
CL-01675,Dafne Castillo Peláez,quirinoriera@example.org,7018848018274,Femenino,2023-12-20
CL-01676,Marciano Carlos,victor69@example.net,2444939405726,Femenino,2024-03-23
cl_01677,Conrado Otero Córdoba,felixdonoso@example.net,4770880464367,Masculino,2024-11-02
CL-01678,Trinidad de Carvajal,mllobet@example.net,3537798351843,Masculino,2024-09-25
CL-01679,Jose Antonio Arias Salvà,matilde21@example.org,7293026116092,Femenino,2024-02-13
cl_01680,,correo@.com,123456,Masculino,2023-11-16
CL-01681,Almudena Herrera Bravo,judith85@example.com,8059030475073,Masculino,2024-12-07
CL-01682,Magdalena Guzmán Cerro,jeremias70@example.net,6117677552013,Femenino,2023-12-04
CL-01683,Manuela Adadia Palau,ikermanuel@example.net,4818405181403,Femenino,2025-04-06
cl_01684,José Mari Águila Pelayo,lorenzoencarnacion@example.org,0808735756362,Masculino,2024-06-30
cl_01685,Aurelia del Armas,fannybusquets@example.net,9364918956741,Masculino,2024-07-13
CL-01686,Samanta Echevarría Domínguez,aguirreyesica@example.org,1329652415308,Masculino,2024-08-25
CL-01687,Violeta Bermúdez Soler,cabezascristian@example.com,1421974014389,Femenino,2023-09-25
CL-01688,Alfonso Victor Yuste Morán,vrios@example.com,3449687068371,Masculino,2025-07-10
CL-01689,Marino Pozo Mateo,aracelimayol@example.net,5871133241581,Masculino,2023-10-12
cl_01690,Cayetano Narváez,,9582876270943,Femenino,2025-04-23
CL-01691,Valeria Canet Llorens,javiera38@example.net,8803914564844,Masculino,2024-01-15
cl_01692,Hector Rubio Losa,peraencarnita@example.org,61234abc,Masculino,2026-01-01
CL-01693,Venceslás Carrera Gallego,lucasgiron@example.net,9514962102323,Masculino,2025-05-12
cl_01694,Javier Custodio Bárcena Bernal,zvidal@example.net,2226322948704,Femenino,2024-12-21
CL-01695,@Oliver,ceferinodavila@example.com,9010257845158,Masculino,2024-08-02
CL-01696,Raimundo Luna,aduarte@example.net,1385361410074,fem,2024-01-25
CL-01697,Guadalupe Martinez Morera,chamorrotomas@example.net,7987129416058,Femenino,2023-12-21
CL-01698,Calisto Catalá,angelicapuente@example.org,2154964367409,Femenino,2024-04-24
CL-01699,Encarnación Belda Hoyos,suria@example.org,4241042623600,Femenino,2023-09-11
,Mateo Sigfrido Cerezo Marín,correo@.com,5045575630524,Femenino,2025-05-11
cl_01701,Belén Dulce Merino Tejera,calderonjesusa@example.net,3818030289526,Femenino,2024-06-25
CL-01702,Griselda Salinas-Salas,cisnerosandres-felipe@example.com,1822770911077,Femenino,2023-11-13
CL-01703,Abril Mateos Zabaleta,alfredo85@example.org,4647756143892,Femenino,2023-11-17
CL-01704,Amando Tomas Alcántara,rojastere@example.net,123456,Desconocido,2025-03-12
CL-01705,Abril Angelina Montes Garcia,jodarangelica@example.org,5014452611132,Femenino,2024-07-10
CL-01706,Zaira Ripoll Morell,saludchaves@example.net,9998753094357,Masculino,2025-02-15
CL-01707,Pili del Expósito,oandreu@example.org,6633759198685,Femenino,2025-05-12
cl_01708,Gonzalo Romero-Bravo,diezjose@example.com,3446960823397,Masculino,2025-08-07
CL-01709,Javier Vigil Valera,monteslorena@example.net,4830383482186,Femenino,2024-12-30
CL-01710,,correo@.com,7046237422039,Masculino,2025-04-29
CL-01711,Úrsula Montaña Miralles,lidiafont@example.org,7445932547756,Femenino,2024-10-25
CL-01712,Carmela Bibiana Salazar Tejada,zpuerta@example.com,8558348909978,Femenino,2025-01-12
CL-01713,Salomón Silva Adadia,ymanzanares@example.org,4074651047772,Masculino,2023-10-16
cl_01714,Amancio Bonilla Piña,buendiabrunilda@example.com,8531652552702,Femenino,2025-07-28
CL-01715,Maricruz Casado Alfaro,opellicer@example.com,1420944783133,Masculino,2025-03-02
cl_01716,Morena Ileana Vázquez Llabrés,ycarreras@example.net,123456,Masculino,2023-09-19
CL-01717,Marianela Alexandra Miranda Ferrero,llamasbernardita@example.com,5415828877917,Femenino,2024-04-03
cl_01718,Sonia Moreno Zamorano,barraganjose-manuel@example.org,3546454355546,Femenino,2023-12-13
cl_01719,Victorino Amor Nevado Gracia,moralesestrella@example.org,6805054020551,Femenino,2025-07-19
CL-01720,Julio César de Carbonell,correo@.com,7006066155453,Masculino,2025-07-01
cl_01721,Soraya Pelayo Martí,rodriguezanabel@example.net,0629876469582,Femenino,2025-08-26
CL-01722,Vito Mata Pou,kperea@example.com,9014805684188,Femenino,2023-12-28
cl_01723,Pelayo Lobo Zabaleta,candela16@example.com,3565271004464,Femenino,2025-04-09
cl_01724,Socorro Andreu Nieto,gomezjulia@example.com,2781848937794,Femenino,2024-09-07
CL-01725,@Oliver,arjonaestrella@example.net,7588768472938,Femenino,2024-04-01
CL-01726,Lorenza Saavedra Duque,nereida10@example.net,9571684608525,Masculino,2024-12-29
CL-01727,Fidel Macías-Alemany,odalys80@example.org,9764529804407,Masculino,2023-09-24
cl_01728,Álvaro Zabaleta Herranz,melania50@example.com,61234abc,Desconocido,2026-01-01
CL-01729,Esther Puig Vara,osoriomartina@example.com,0975617987857,Femenino,2023-11-20
CL-01730,Galo Javi Ochoa Maldonado,,8804404599529,Femenino,2024-07-18
CL-01731,Anita Avilés Ribas,llanopio@example.com,3112217799274,Masculino,2024-02-21
CL-01732,Montserrat Otilia Espejo Jerez,pazosmacaria@example.net,7926525090729,Masculino,2024-12-17
CL-01733,Joan Paco Caparrós Delgado,kvazquez@example.net,2143385355967,Masculino,2024-12-07
CL-01734,María Dolores Ocaña,lino65@example.net,3593626586213,Femenino,2025-05-19
CL-01735,Pancho Marc Anaya Mayoral,ypi@example.net,6689349011499,Masculino,2024-01-08
cl_01736,Nicanor de Solano,asuncion95@example.org,1974844095219,M,2024-11-23
cl_01737,Pablo Ariza Corbacho,aelorza@example.net,5791722951324,Masculino,2024-11-20
CL-01738,Juana Becerra Larrañaga,jacinto73@example.com,7331920057592,Femenino,2024-01-29
cl_01739,Nilda Córdoba Sáenz,mendizabalguillermo@example.com,1486993837906,Femenino,2025-04-12
cl_01740,@Oliver,,+34924 09 50 54,Femenino,2024-01-09
cl_01741,Alberto Gomila Badía,hcisneros@example.org,0248633991867,Femenino,2025-03-31
CL-01742,Ainoa Gallego Villegas,bernabe91@example.com,6917631778898,Femenino,2024-12-17
cl_01743,Teodosio Mir Bautista,nicodemo95@example.net,1538443226623,Masculino,2025-04-27
cl_01744,Santos Florentino Amores Ramos,pascualjose-ignacio@example.com,5317582489908,Femenino,2024-01-17
cl_01745,Tomasa del Arnau,chuy41@example.net,7867750133028,Femenino,2024-04-09
cl_01746,Clotilde Noguera Perea,ester05@example.org,3945652739498,Masculino,2024-07-21
cl_01747,Encarnación Sanz Calvo,trini32@example.com,0209419757848,Femenino,2024-12-14
CL-01748,Bernardita Marcos Azcona,hernan22@example.net,4169577873586,Masculino,2024-02-03
CL-01749,Eusebio Báez Gomez,pastora96@example.com,5181276479553,Femenino,2025-08-19
cl_01750,Pascual Villalba,@gmail.com,3946900353664,Masculino,2025-01-18
CL-01751,Samuel de Marti,perelloazahara@example.com,4448963835701,Masculino,2024-09-14
cl_01752,Débora Mena Mora,edelmiro04@example.com,61234abc,Masculino,2025-05-17
CL-01753,María Dolores Catalán Juárez,reginajorda@example.com,1327785883918,Femenino,2024-06-16
CL-01754,Dan Salinas Valenciano,josep18@example.net,3870673703730,Masculino,2024-02-22
CL-01755,Lorenza Aznar Pelayo,daniela07@example.org,3145119234859,Femenino,2024-03-12
cl_01756,Tito Samper Llanos,fernandezvera@example.net,6230077381330,Masculino,2025-08-15
CL-01757,Amaro Solé Álvarez,elimontoya@example.org,2224582595949,Femenino,2025-02-12
CL-01758,Cebrián Coronado Mayo,castanedaprimitiva@example.com,4381492555743,Femenino,2023-12-24
CL-01759,Tiburcio Gómez Barrena,valeria08@example.org,6152266439789,Masculino,2025-08-12
CL-01760,Dalila Tejedor Fabregat,,7990822614891,fem,2024-10-07
CL-01761,Clotilde Vallés Ibáñez,manucozar@example.com,9126501939293,Femenino,2023-11-04
cl_01762,Teo Sanjuan Castañeda,wcarro@example.net,9890138549947,Femenino,2025-08-14
CL-01763,Azucena Morante-Company,jesusaheras@example.com,3060317871863,Femenino,2024-06-30
cl_01764,Ovidio Lluch Giménez,rafa13@example.org,123456,Femenino,
CL-01765,Dionisia Morata Carrillo,soteloblas@example.net,0752768193844,Masculino,2024-08-05
CL-01766,Leoncio del Nuñez,alebravo@example.net,0808974766171,Masculino,2025-07-13
cl_01767,Luciana Moya,samador@example.net,3550791483559,Masculino,2024-11-17
cl_01768,Nazaret Alfaro Diez,ramon75@example.com,6296096071093,fem,2023-12-22
cl_01769,Celestino Cerezo Cano,aurelia95@example.com,2347187105629,Masculino,2023-11-21
CL-01770,@Oliver,ksoler@example.net,3603199440337,Masculino,2024-12-01
cl_01771,Abigaíl Corral Boix,rosa-maria80@example.net,6674383085985,Femenino,2024-07-26
CL-01772,Odalys Viviana Bernat Huguet,graciaaguado@example.net,1155346266580,Masculino,2024-09-05
CL-01773,Joaquina Coronado Jordá,castellsjose-angel@example.com,1783973462115,Masculino,2023-10-06
cl_01774,Josep Chaparro Bermejo,florentinocorral@example.org,7793791344868,Masculino,2024-12-29
CL-01775,Adelardo Salazar Angulo,diezleandro@example.org,2177924898013,Masculino,2024-02-06
cl_01776,Aroa Esther Galindo Calleja,ugrau@example.net,+34 821832781,fem,2024-08-24
CL-01777,Jose Francisco del Valderrama,aurelio92@example.com,1162986015177,Femenino,2023-12-14
cl_01778,Amando Bermejo Ruano,bayonaadora@example.net,5361232872970,Femenino,2025-01-03
CL-01779,Wilfredo Larrea Castell,fcalderon@example.net,9175552439797,Femenino,2024-11-27
cl_01780,Paola Nieto Blanco,adeliaprat@example.org,6121041212637,Masculino,2024-10-09
CL-01781,Encarnita Rivero Luque,jrozas@example.net,5381377190976,Femenino,2024-09-25
cl_01782,Galo Borrego Collado,fabricioagudo@example.net,8129067348716,Femenino,
cl_01783,Mar Febe Barranco Sanjuan,bernabelumbreras@example.org,3390146466620,Masculino,2025-06-02
CL-01784,Teodora Plana Boix,bernardaalamo@example.org,7515077362056,fem,2024-01-09
cl_01785,,hguzman@example.net,4255340138988,Masculino,2025-07-17
CL-01786,Ximena Almeida Garzón,vbolanos@example.com,6146538080600,Masculino,2025-06-07
CL-01787,Enrique Ripoll Salvà,apolinar69@example.org,9194655772574,Femenino,2024-01-12
CL-01788,Baltasar Daza Jordá,ricartangelita@example.com,+34 976 85 80 42,Masculino,2024-05-08
CL-01789,Alejandro Alcaraz Lledó,aceroisa@example.com,3932485407057,Femenino,2024-03-06
cl_01790,Venceslás Tomas Nadal,tlloret@example.com,7278057905718,Femenino,2024-04-09
CL-01791,Conrado Anguita Lastra,ovidio20@example.com,2892248116513,Masculino,2025-05-15
cl_01792,Gerónimo de Herranz,teofilollado@example.org,7933945080782,fem,2023-12-27
cl_01793,Rufino Heras-Abellán,leyre72@example.net,3669533909360,Masculino,2024-12-04
cl_01794,Gastón Aguiló Aragón,larranagamaristela@example.net,9352762373088,Femenino,2023-12-03
CL-01795,Manuel Sacristán,herranzligia@example.com,1275798143186,Femenino,2023-12-28
cl_01796,Ceferino Tapia Cabeza,ivan46@example.com,6737089697190,Femenino,2024-05-18
CL-01797,Wálter Ferrández Puerta,etelvinamontenegro@example.net,4384189980016,Femenino,2025-02-21
CL-01798,Angelina Roselló Larrea,bzabala@example.net,7746369835926,Femenino,2024-08-12
CL-01799,Basilio Jacinto Casares Torrens,asensiociriaco@example.net,5309649189135,Masculino,2024-05-01
CL-01800,Josué Carrillo Tamayo,@gmail.com,61234abc,Femenino,2025-03-06
CL-01801,Amarilis Fonseca Figuerola,ruthballester@example.com,6874933202939,Masculino,2025-07-27
CL-01802,Martina Puga Gallego,mariciriaco@example.net,5142160800660,Femenino,2025-05-03
cl_01803,Nicolasa Asensio Criado,teofila48@example.com,5465739617865,Femenino,2024-09-30
CL-01804,Tomasa Pedraza Mendoza,javier67@example.net,5707297428085,Femenino,2023-10-24
CL-01805,Silvia Angulo Mendizábal,rodolfobastida@example.net,1287699693391,Femenino,2025-05-06
CL-01806,Margarita Plana Aguirre,espiridioncorrea@example.org,8171768382654,Femenino,2025-07-09
CL-01807,Ruben Saldaña Balaguer,mariselabermudez@example.com,4289304321700,Femenino,2024-03-16
cl_01808,Dora Paniagua,rosa-mariahervia@example.com,0137097680354,Desconocido,2024-02-07
cl_01809,Plácido Daza Pedraza,cecilio61@example.org,7860201840825,Masculino,2025-04-03
CL-01810,Juana Rocío Arcos Casanova,,0900145265139,Femenino,2025-06-02
cl_01811,Ciríaco Pareja Carbajo,ubenavente@example.com,4906064685045,Femenino,2024-07-19
cl_01812,Paco Valero Pintor,apolinar61@example.org,123456,Femenino,2023-09-06
CL-01813,Florencio Anaya,montserratangelino@example.com,3519748998518,Femenino,2024-10-31
CL-01814,Amalia Sanjuan,gbatlle@example.net,5681501136301,Femenino,2024-08-18
CL-01815,,ramiro74@example.org,0329049162185,Femenino,2024-01-12
CL-01816,Susana Viñas Gomila,barodan@example.net,7886681107402,fem,2024-12-06
cl_01817,Marta Primitiva Arranz Briones,rojaspastora@example.org,5157508441591,Masculino,2024-04-11
CL-01818,Cecilia Zapata Peñalver,guerrabelen@example.org,3627215201577,Femenino,
cl_01819,Gertrudis Villar Serra,pmillan@example.com,4837702820449,Femenino,2025-01-10
cl_01820,Delia Blanes Arjona,,7519972541688,Femenino,2024-10-05
CL-01821,Jonatan Izquierdo Luque,ramon08@example.org,4462659064530,Femenino,2024-02-04
cl_01822,Fausto Lasa Zabaleta,olivafrancisco-javier@example.com,7680360107959,Masculino,2024-11-24
CL-01823,Isa Gomila,ponsclotilde@example.org,8016769220586,Masculino,2024-01-07
CL-01824,Severiano Planas Sanchez,uribas@example.com,6-123-456,fem,2024-02-06
CL-01825,Serafina Nicolau-Menendez,ferminreguera@example.com,4326761898027,Masculino,2024-10-17
cl_01826,José María Guardiola-Company,narcisacampoy@example.net,6440374304294,Masculino,2025-07-28
cl_01827,Zoraida Martí,remigio99@example.org,2897040679138,Masculino,2024-01-04
cl_01828,Juan Bautista Tovar Laguna,candidonoguera@example.net,5839877466494,Femenino,2025-04-27
CL-01829,Belen Mascaró,dolores35@example.com,2170792305920,Femenino,2025-04-15
CL-01830,Eladio Briones-Calderon,,5701574157516,Femenino,2023-12-09
cl_01831,Leonardo Collado-Pomares,calvoruth@example.com,1893452738480,Femenino,2023-11-26
CL-01832,Graciano Enrique Varela Rocha,inocenciocastells@example.org,0357373125259,Femenino,2025-08-23
cl_01833,Guillermo Valentín-Oliveras,jesusapalacio@example.org,8384544765379,Masculino,2024-07-15
cl_01834,Noé Romero Benet,venceslaspomares@example.net,3355058937389,Masculino,2024-05-02
cl_01835,Xiomara Español,lcodina@example.org,9406183095930,Masculino,2024-03-14
CL-01836,Carmina Lozano Bayón,luzrosell@example.net,6-123-456,Femenino,2025-04-08
cl_01837,Daniel Polo-Azorin,hoyosmilagros@example.net,4454486252903,Masculino,2025-05-18
cl_01838,Araceli Noguera Cazorla,pinillapalmira@example.org,5273564573454,Masculino,2024-10-15
CL-01839,Rodrigo Garriga Mulet,regueramaria-dolores@example.org,3741354022397,Masculino,2024-01-22
CL-01840,Nayara Murillo Guzman,,1981384315305,Femenino,2024-01-13
CL-01841,Agustina Dulce Benitez Cortes,lorenzojacinto@example.net,4967847321841,Masculino,2025-04-11
CL-01842,Martina Rincón Pujol,narcisomedina@example.org,6635907502703,Femenino,2025-07-08
CL-01843,Silvio Donato Zorrilla Castejón,ptoledo@example.com,0416922620304,Femenino,2024-11-25
CL-01844,Rodrigo Tito Tolosa Dueñas,qtudela@example.net,4628677792799,Masculino,2025-06-20
cl_01845,123,jorgecarrion@example.org,5804284924972,Masculino,2025-02-09
CL-01846,Eva María Jessica Cifuentes Iborra,sevillanoabraham@example.net,5770513949377,Femenino,2025-08-04
CL-01847,Catalina Maricela Leon Elorza,valenciamiguel@example.net,3005966594651,Masculino,2025-08-14
cl_01848,Dalila Guitart Escobar,zruano@example.net,6-123-456,fem,2023-12-13
cl_01849,Dionisia María Jesús Serrano Abad,jose-manuelporras@example.org,7181662064595,Femenino,2024-05-29
CL-01850,Vilma Villalobos,rosenda32@example.org,2266309213365,Masculino,2024-10-21
cl_01851,Rafa Girona Polo,apolinar37@example.net,5027059660744,Femenino,2024-07-15
cl_01852,Lucas Peñalver Soriano,joan77@example.net,3039388287523,Masculino,2023-09-14
CL-01853,Carlito Gallart Toro,duenasnadia@example.org,9418992395270,Masculino,2023-12-06
CL-01854,Xavier Lopez Uribe,vitocano@example.net,8000839891492,Masculino,2026-01-01
cl_01855,Chus Eladio Samper Rodríguez,dcalderon@example.net,2181384239560,Femenino,2024-07-11
CL-01856,Violeta Saura Pla,narcisoespanol@example.com,8479382028474,Desconocido,2024-07-09
CL-01857,Tiburcio Ángel Chacón,montenegroelpidio@example.com,7506485911717,Masculino,2024-11-08
CL-01858,Jovita Cabañas Santiago,pbarrio@example.net,0904872051273,Femenino,2025-06-27
CL-01859,Modesto Barco Sainz,rocio48@example.org,6656126781540,Femenino,2024-12-02
cl_01860,123,@gmail.com,6-123-456,Masculino,2025-08-20
CL-01861,Efraín Moll Girona,benigna06@example.net,9207081177165,Femenino,2025-04-16
cl_01862,Regina Galán Domingo,hcabanas@example.com,6402059880005,Masculino,2024-11-09
cl_01863,Jacobo Carretero,graciela25@example.org,5087176812128,Masculino,2024-09-27
cl_01864,Celestina Guillen Abellán,josefina72@example.org,7870594220375,Masculino,2023-10-17
CL-01865,Seve Porras-Gárate,catalinarozas@example.net,4418063469580,Masculino,2025-06-08
CL-01866,Cruz Lara Español,wrico@example.org,0352726542904,Masculino,2024-11-05
cl_01867,Edgardo Navas Cámara,tamayojose@example.org,8827378580425,Masculino,2025-05-19
CL-01868,Crescencia de Villalonga,castrilloagueda@example.net,6567311391487,Femenino,2023-09-09
CL-01869,Maite Gimeno Cabello,montserratrivas@example.org,2175799688313,Masculino,2024-10-04
CL-01870,Lucio del Ugarte,,5393128319153,Femenino,2023-10-22
cl_01871,Severo Echeverría Rivas,emiliana57@example.org,1886624700164,Femenino,2023-12-11
CL-01872,Chucho del Lara,olimpia59@example.org,6-123-456,Desconocido,2026-01-01
CL-01873,Ángeles Dominguez Manrique,wmolins@example.net,8991523512131,Masculino,2025-08-13
cl_01874,Guiomar Uriarte Pujol,calista74@example.org,0480463740581,Femenino,2025-02-13
cl_01875,123,gustavovinas@example.net,8108274394084,Masculino,2023-10-18
cl_01876,Aureliano del Murillo,yessica19@example.com,7521046174289,Masculino,2025-06-15
cl_01877,María Montoya Huguet,nilo49@example.net,0676760873429,Masculino,2023-09-27
CL-01878,Miriam Benigna Pizarro Moll,sotoodalys@example.org,9131611411729,Masculino,2024-06-07
cl_01879,Marianela Nieves Castro Taboada,baudeliovalentin@example.org,9002133218082,Femenino,2023-09-05
CL-01880,Alba Vera Castelló,mariano62@example.com,8673751175421,Masculino,2024-08-22
cl_01881,Crescencia Blanco Vilanova,colomerisaias@example.com,7955182401746,Femenino,2023-12-04
CL-01882,Belén de Llorente,galindomarcelino@example.org,5686668044132,Femenino,2025-04-23
CL-01883,Domitila Feijoo,psandoval@example.com,3024006520499,Femenino,2024-07-30
cl_01884,Angelino Doménech Soriano,timoteo31@example.com,61234abc,Masculino,2025-04-17
CL-01885,Benita Abad-Pinilla,nietojosep@example.com,3166508209621,Femenino,2024-10-31
CL-01886,Francisca Tejero Gelabert,guijarroaurora@example.org,4298466527749,Masculino,2025-03-01
CL-01887,Eva María Ortiz Ramírez,escalonamanola@example.net,3268940283126,Femenino,2024-02-17
CL-01888,Rosendo Gras Gonzalez,rosadoariel@example.org,0555943862333,Masculino,2025-06-25
CL-01889,Carmela Salom-Enríquez,ogarces@example.org,6156958082260,Masculino,2024-10-30
CL-01890,123,lblanes@example.net,1835220254636,Masculino,2026-01-01
CL-01891,Chita Costa Lozano,chitapastor@example.net,6951417054143,Femenino,2024-12-09
CL-01892,Nilda Gisela Baeza Novoa,cleto46@example.com,7104630313027,Femenino,2025-02-19
CL-01893,Dionisio Parra Carrera,hurtadoale@example.com,4161090029127,Masculino,2023-12-07
CL-01894,César Bermejo Valbuena,uvillar@example.net,3861107757427,Masculino,2024-07-18
cl_01895,Nico Gisbert Chico,albano12@example.net,9608515097160,Masculino,2023-10-22
CL-01896,María José Álamo Herrero,cerdanmodesto@example.org,+34 875100464,M,2024-09-15
cl_01897,Cayetano Sanabria,priscila37@example.com,1835915572587,Masculino,2024-11-24
CL-01898,Loreto Esparza Acedo,mcastrillo@example.com,9420362936711,Femenino,2025-05-11
CL-01899,Felicia Bou Bustos,ildefonsolasa@example.org,0549049827394,Masculino,2024-07-29
CL-01900,Narciso Gaya-Ibarra,,1249734255611,Masculino,2024-02-26
cl_01901,Candelario Redondo Zurita,ariel32@example.net,8949225285349,Masculino,2023-12-03
CL-01902,Victoria Alfaro,reginabas@example.org,8223307857159,Masculino,2025-02-27
cl_01903,Hector Larrea Vara,ruy72@example.net,0400824415525,Femenino,2024-05-10
CL-01904,Clara del Luz,judithvaldes@example.org,4409632792274,Desconocido,2024-05-09
cl_01905,123,xcoronado@example.com,0495498893607,Masculino,2024-10-21
CL-01906,Jaime Lorenzo Pareja,ysomoza@example.net,6588181455914,Masculino,2025-03-20
CL-01907,Hermenegildo Carrera Porcel,tbarroso@example.net,0535972931709,Masculino,2024-08-13
CL-01908,Dani Gervasio Mate Bonet,osvaldo13@example.com,61234abc,Masculino,
cl_01909,Pascuala Carballo,cleto07@example.org,3467601177704,Masculino,2025-04-11
cl_01910,Pedro Vilalta Ureña,correo@.com,8297920970070,Femenino,2024-12-17
CL-01911,Espiridión del Mariño,sofia34@example.net,0208800778092,Femenino,2023-12-11
cl_01912,Fulgencio del Navarrete,vroldan@example.net,1821084006560,M,2023-09-29
cl_01913,José Domingo Montoya,abenavides@example.org,0742704279832,Masculino,2024-03-21
CL-01914,Martina Noguera Heras,jose-angelroda@example.net,7568643153608,Femenino,2024-02-08
CL-01915,Bernarda Aitana Moll Ureña,kanglada@example.net,3604465300798,Femenino,2023-12-07
CL-01916,Flor Gil Corominas,padillarogelio@example.org,7601265187361,Masculino,2024-09-01
CL-01917,Custodia Ros Montes,lbueno@example.org,7034719133209,Masculino,2025-02-22
cl_01918,Pascuala Millán Girona,ivan00@example.com,6008032484759,Femenino,2024-12-19
CL-01919,Jordi Otero-Morcillo,aguiloadan@example.org,8449677089931,Masculino,2025-02-11
cl_01920,,correo@.com,123456,Desconocido,2023-10-18
CL-01921,Marisol del Gisbert,fidelaclemente@example.com,8873912505286,Femenino,2025-02-19
cl_01922,Dan Tur Jimenez,gbadia@example.com,3663447713185,Masculino,2025-01-19
CL-01923,Azucena Meléndez González,pagescelso@example.org,4015645313266,Masculino,2025-04-09
CL-01924,Vidal Valverde Peñas,manuelita69@example.org,0124949173139,Femenino,2024-12-22
cl_01925,Bernarda del Bilbao,feliciana50@example.com,8281799060934,Femenino,2024-09-18
cl_01926,Lorenza Cardona Bolaños,ovidiolarranaga@example.com,7414482176701,Femenino,
CL-01927,Cayetano Mariano Gabaldón Franch,xandreu@example.org,0616282259623,Femenino,2025-03-23
CL-01928,Segismundo de Barbero,gnicolas@example.com,6091958983211,Desconocido,2024-03-22
CL-01929,Pelayo Anglada Iniesta,zaragozaisabela@example.com,6357705155425,Femenino,2024-07-06
CL-01930,Feliciano Ibarra-Benavides,haydee13@example.org,5154046677341,Masculino,2024-11-02
CL-01931,Jose Angel de Cervera,nunezadora@example.net,2028821327157,Masculino,2025-01-01
CL-01932,Carla Beltrán Pina,valeria98@example.org,+34 887161394,Masculino,2025-05-05
CL-01933,Pili Tovar Casares,gallartsarita@example.net,9401299345562,Femenino,2024-01-28
cl_01934,Aurora Sanchez-Avilés,gemaatienza@example.net,4494527943844,Masculino,2024-05-08
CL-01935,@Oliver,rtoledo@example.net,4115719220548,Masculino,2023-09-02
CL-01936,Gervasio Pujadas Narváez,droca@example.org,2824065244256,Desconocido,2024-04-21
cl_01937,Plácido Abril Gárate,emigdiorocamora@example.com,3906879844870,Femenino,2025-04-14
CL-01938,Susana Cruz,framos@example.org,0200928526464,Femenino,2024-12-01
cl_01939,Segismundo Carretero-Higueras,faustinoecheverria@example.com,1741976985969,Masculino,2025-07-31
cl_01940,Tadeo Fabra Nadal,@gmail.com,5103675443758,Masculino,2023-10-18
CL-01941,Adoración Romero Benavente,victorino09@example.net,9428380029582,Masculino,2024-10-09
CL-01942,María José Hernando,mcamacho@example.org,9413780212570,Masculino,2023-10-19
CL-01943,Chuy Catalá Verdejo,osvaldozapata@example.net,2863946877074,Femenino,2024-05-24
CL-01944,Prudencio Paredes Valle,aliagasonia@example.net,61234abc,Desconocido,2026-01-01
cl_01945,Dulce Riquelme Abella,jverdugo@example.org,8066378235931,Masculino,2025-05-07
CL-01946,Josefa Barriga Marqués,benaventepaloma@example.com,0523275046450,Masculino,2024-04-05
CL-01947,Raimundo Gilabert Álvarez,ubarco@example.org,5207856538515,Femenino,2023-12-07
CL-01948,Laura Arrieta Fuentes,gilpeiro@example.org,3401942611670,Masculino,2024-10-10
cl_01949,Gabriela Olivera Pedraza,eliana67@example.org,0683104006417,Femenino,2025-07-20
cl_01950,@Oliver,,1133024772072,Femenino,2023-09-27
CL-01951,Kike Sebastián Benito,rteruel@example.org,5066889320212,Femenino,2024-03-07
CL-01952,José María Duarte Saez,delfina61@example.com,2904259413201,Femenino,2025-06-30
cl_01953,Salomón Moles Téllez,roquebarroso@example.org,9124998583607,Femenino,2025-03-16
CL-01954,Encarnacion de Sáenz,queroramiro@example.com,4518991670142,Masculino,2025-02-10
cl_01955,Camila Vigil Arcos,falcopastora@example.org,7127190205603,Femenino,2024-06-10
CL-01956,Sebastian Piquer Leiva,ubeltran@example.org,6-123-456,Masculino,2025-08-02
CL-01957,Agustín Ojeda Puga,cmiranda@example.org,5393445863528,Femenino,2025-08-15
cl_01958,Vinicio del Boix,amadorevangelina@example.com,1268368519574,Femenino,2024-06-23
cl_01959,Calista Máxima Garcés Taboada,cquesada@example.net,1288973492252,Femenino,2024-11-08
,Áurea Araujo Ricart,quirinogallo@example.com,3076574362943,Desconocido,2025-07-20
cl_01961,Candelario Adán-Ayllón,banguita@example.net,9198647254811,Masculino,2024-10-14
CL-01962,Camilo Villaverde-Fabra,aaronfernandez@example.org,7981515294807,Femenino,
CL-01963,Casandra Saura Belda,mauravalbuena@example.org,9433504777724,Masculino,2023-10-22
CL-01964,María Dolores Guardia-Alfonso,martinando@example.net,3464350439281,Femenino,2025-08-16
CL-01965,123,panfilo76@example.org,9943859544495,Femenino,2024-10-21
CL-01966,Goyo Eutropio Ledesma Sacristán,dominga46@example.net,5861491347579,Femenino,2024-02-09
CL-01967,Perla Pineda,rozasteodora@example.com,6622726337326,Masculino,2024-06-12
CL-01968,Fulgencio Sáenz Vázquez,romanmarcelo@example.com,+34 923 52 24 72,Masculino,2024-10-22
CL-01969,Ximena Serrano,milagros21@example.net,1852345195253,Femenino,2025-08-28
CL-01970,Feliciana Solana Cuenca,,0933334062812,Femenino,2024-08-12
cl_01971,Zoraida Barceló-Jimenez,sllobet@example.com,3293479175339,Femenino,2025-04-15
CL-01972,Jorge Tejada Torrent,heracliopablo@example.org,0906572918922,Femenino,2024-01-11
CL-01973,Ramona Menendez-Torralba,gaston60@example.com,8142126910784,Femenino,2024-12-08
CL-01974,Loida Palau Raya,iglesiasrosenda@example.net,0987429072844,Masculino,2023-09-07
CL-01975,Lisandro Romeu-Torrent,fabianamuniz@example.org,5834193425242,Masculino,2025-03-31
cl_01976,Virginia Medina Pol,blascomacarena@example.org,4068008225282,M,2023-12-15
cl_01977,Amador Perales Vizcaíno,carlos08@example.org,8087569205311,Masculino,2025-05-12
cl_01978,Heriberto Soto Mínguez,btalavera@example.com,0844300091830,Masculino,2024-03-26
CL-01979,Valero Noriega-Frutos,fernandezpatricia@example.net,7232254894950,Masculino,2025-05-22
,@Oliver,@gmail.com,6-123-456,Masculino,2026-01-01
CL-01981,Casemiro Grande Ramis,ceciliabernal@example.org,5376842637599,Masculino,2024-12-26
cl_01982,Anunciación Vega Asenjo,vnavarrete@example.com,5019247835480,Femenino,2023-10-14
CL-01983,Martin Guillen Múgica,acalzada@example.com,1130096521472,Femenino,2024-12-31
CL-01984,Tristán Alvarez Zamorano,carlos92@example.com,2023289585341,Desconocido,2025-05-14
CL-01985,Felicia Lluch-Patiño,wsilva@example.net,7891407069327,Femenino,2024-12-28
CL-01986,Lilia Balaguer Dominguez,romulo55@example.net,3800104580128,Femenino,2025-03-24
CL-01987,Toribio Amigó Sanmiguel,ipozo@example.net,6270713688489,Masculino,2024-11-11
cl_01988,Calixta Agudo Sureda,roxanabaena@example.net,1915041387026,Masculino,2024-05-15
cl_01989,Candela Anguita Arroyo,lagomarino@example.net,1211004740007,Masculino,2024-07-15
cl_01990,Mariano Berrocal Posada,,1611646899698,Masculino,2024-03-02
cl_01991,Bibiana Tomas Acuña,uzorrilla@example.net,0316342408712,Femenino,2024-01-28
CL-01992,Francisco Javier León,eusebio46@example.org,+34 880 43 01 97,M,2025-07-03
CL-01993,Sancho Carnero-Gimenez,uminguez@example.com,2628984483462,Masculino,2024-01-17
cl_01994,Luisina Nadal Pacheco,arranzvinicio@example.net,7661855509472,Femenino,2024-10-22
CL-01995,123,godoyelena@example.com,2199867504961,Masculino,2023-10-02
CL-01996,Nazaret Perez Ramos,marinasalas@example.com,1363831296145,Masculino,2024-02-01
CL-01997,Jose Manuel de Álvaro,sanmartinrosalina@example.org,9930011442471,Femenino,2024-08-25
cl_01998,Elías Carvajal Alcántara,relorza@example.com,6507251825142,Masculino,
CL-01999,Segismundo Lamas Cerro,tormoramona@example.org,6410354224399,Femenino,2024-05-02
CL-02000,Ani Borrego Corral,ascensioniglesia@example.org,1460252041398,Femenino,2025-01-10
CL-02001,Erasmo Uribe Ferrándiz,amada28@example.com,3595487833095,Masculino,2025-02-17
CL-02002,Tomás Azorin Bertrán,calzadajuliana@example.com,5744734250092,Femenino,2023-11-24
CL-02003,Gertrudis Santamaría Mosquera,nunezrolando@example.org,8560613436089,Masculino,2024-01-13
CL-02004,Pili Gallardo Ibañez,vicensodalys@example.org,123456,Masculino,2024-06-15
CL-02005,Amando Farré Perea,calisto96@example.org,6173806093347,Masculino,2023-11-04
CL-02006,Jacobo Gallego Cifuentes,tomasavidal@example.com,6687229838018,Masculino,2025-08-12
CL-02007,Nydia Benet Polo,lina17@example.com,4043064031102,Masculino,2025-06-29
CL-02008,Adoración Roldan Orozco,kanguita@example.net,1545571908924,Desconocido,2024-08-26
CL-02009,Estefanía Trujillo,iblanca@example.net,7291933490904,Masculino,2023-10-09
cl_02010,,@gmail.com,1491370269509,Femenino,2024-10-01
CL-02011,Gilberto Prats Anguita,isabelarueda@example.org,2336836936752,Femenino,2025-05-19
CL-02012,Arcelia Ferrando,sabas88@example.net,9701762936290,Masculino,2025-07-15
CL-02013,Teodora Durán Cervantes,fmendizabal@example.net,1460802791212,Femenino,2024-05-01
CL-02014,Sandalio de Montesinos,requenanoa@example.org,7639637047042,Masculino,2023-08-30
cl_02015,Jordi de Vidal,varelapriscila@example.com,8923828454206,Masculino,2025-03-15
cl_02016,Tito Galiano Carretero,yrosell@example.com,61234abc,M,2024-02-18
CL-02017,Camilo Perales Viñas,jimenabernal@example.net,9620037924430,Femenino,2023-11-02
CL-02018,Patricio Herberto Muñoz Ricart,vicentaadadia@example.net,7896691135324,Masculino,2025-07-03
CL-02019,Cloe Mateo Gracia,calderonpili@example.org,2468442498187,Masculino,2024-07-31
cl_02020,Clotilde Belda Llorens,,5913563972375,Femenino,2023-10-17
CL-02021,Trini Bastida,rodolfo50@example.com,0539210001952,Masculino,2024-05-05
CL-02022,Lucho Marín Heras,tomas65@example.org,7165424036570,Masculino,2023-10-25
CL-02023,Celestino Arce Garriga,pbonet@example.net,1589834067553,Masculino,2025-01-16
CL-02024,Cebrián Olmo Reina,dieguezmaristela@example.org,9401999237283,fem,2024-07-13
CL-02025,@Oliver,berto91@example.com,2148694505859,Femenino,2024-04-30
CL-02026,Beatriz Bauzà Araujo,marcelino18@example.net,1675201825015,Femenino,2024-12-31
CL-02027,Ana Belén Mir Guzman,psantana@example.net,4282850303198,Masculino,2024-06-05
CL-02028,Augusto Benito Fernández Gracia,morcillocalixta@example.net,123456,Femenino,2025-02-02
CL-02029,Luisa Acero Bosch,mcorominas@example.org,6750645358911,Masculino,2024-05-17
CL-02030,Palmira Gallego Giralt,,5877034676551,Masculino,2025-01-29
CL-02031,Leandro Sanmiguel Contreras,jose-manuel14@example.net,8616909030253,Femenino,2024-10-20
cl_02032,Horacio Guardia Otero,sserra@example.net,6645389640443,Femenino,2025-05-21
cl_02033,Jafet Vicens Téllez,saavedraapolonia@example.org,3407360933639,Masculino,2024-07-25
cl_02034,Narcisa Chaparro Alarcón,pedrerosilvestre@example.org,4996031557968,Femenino,2026-01-01
CL-02035,Tomás Cañas Pablo,qmarco@example.net,8639033944476,Masculino,2023-09-01
cl_02036,Roberta Vera Aguilera Barba,rjuan@example.com,2411040172185,Masculino,2025-06-01
cl_02037,Dulce Estevez Alberola,leonorperea@example.com,9773279307754,Femenino,2025-02-15
CL-02038,Jose Ramón Coca Pablo,creguera@example.com,3102837222399,Femenino,2024-12-09
CL-02039,Ruy Figueroa Amorós,quirogatito@example.net,0599275976290,Femenino,2024-04-14
cl_02040,@Oliver,@gmail.com,61234abc,fem,2023-10-02
cl_02041,Florinda Olivares-Botella,jordisoto@example.net,9100355873477,Femenino,2024-04-30
CL-02042,Celso Ojeda Sandoval,baltasarsegarra@example.net,6788276328266,Femenino,2024-11-22
CL-02043,Víctor Marín-Salamanca,egargallo@example.org,2819116459812,Masculino,2024-03-29
CL-02044,Iker Carpio-Antúnez,ale98@example.org,4207130295165,Femenino,2024-04-30
CL-02045,Bautista Guijarro Coloma,eguerrero@example.com,3817261100895,Masculino,2024-08-23
CL-02046,Román Franco-Manrique,puigamerica@example.com,2173460464451,Femenino,2024-08-02
CL-02047,Cecilio Revilla Jaén,zaragozaleandra@example.net,6199503667863,Masculino,2025-05-17
cl_02048,Bonifacio Acevedo,horaciogallo@example.net,0636295050192,fem,2023-12-07
CL-02049,Aníbal de Casares,zrivera@example.org,9872682768632,Masculino,2024-02-22
CL-02050,Ricardo Enríquez Guardia,,9842395042569,Femenino,2023-10-29
cl_02051,Arcelia del Antúnez,bruno07@example.com,5462118162995,Femenino,2024-08-02
CL-02052,Nazaret Criado-Amor,magdalenanieto@example.org,+34 817 67 51 22,Femenino,2026-01-01
CL-02053,Loida Sebastián-Roma,zfranch@example.net,3410455776016,Masculino,2023-12-27
cl_02054,Amador Tiburcio Caparrós Ramón,placidoatienza@example.org,9916533599868,Femenino,2025-03-11
CL-02055,,pastorperal@example.org,7057161603034,Femenino,2024-02-08
CL-02056,Mariana Pinedo-Gálvez,xsancho@example.com,9772895769899,M,2024-08-15
CL-02057,Esther Ponce Llabrés,cbriones@example.net,5854237614866,Masculino,2023-10-22
CL-02058,Nerea Escamilla Montalbán,vallsjuan-jose@example.com,0226397473178,Masculino,2024-03-27
cl_02059,Gerardo Seco-Colom,florinda60@example.com,9669420720343,Femenino,2024-05-10
CL-02060,Toribio Amílcar Menendez Puerta,@gmail.com,9101339649723,Femenino,2025-07-29
CL-02061,Hipólito Martinez Diego,vcanete@example.org,5013230395672,Femenino,2024-09-12
CL-02062,Candelaria Rivero,gpoza@example.com,9297169540209,Masculino,2024-05-24
cl_02063,Sofía Múñiz Gutierrez,qmate@example.org,7769136317011,Femenino,2024-02-05
CL-02064,Francisca Clotilde Pereira Fábregas,grandepastora@example.net,+34965 04 52 29,Femenino,2023-12-17
CL-02065,Rosa Cabello,aureliagracia@example.com,8606423737846,Femenino,2025-05-14
cl_02066,Lara Guillén Vélez,dmontero@example.com,3843848193896,Masculino,2024-09-06
cl_02067,Eufemia Gabaldón Trillo,hilariogarcia@example.com,1471459386577,Masculino,2025-03-21
CL-02068,Agapito Bernad Gutierrez,jose41@example.org,0226807748217,Masculino,2024-02-26
CL-02069,Vilma Cases Capdevila,catalanreyna@example.org,6216710360486,Femenino,2024-01-21
CL-02070,@Oliver,correo@.com,7758523016582,Masculino,2025-04-03
CL-02071,Anabel León-Tomás,martinileana@example.net,2453591073897,Masculino,2023-11-29
cl_02072,Desiderio Ibañez Alarcón,isidora02@example.org,7132756841112,Masculino,2025-04-26
CL-02073,Evelia del Nebot,bibianaroldan@example.net,8922679254962,Femenino,2025-02-28
cl_02074,Cristian Vázquez Gisbert,castillojulieta@example.org,7872857733074,Masculino,2024-08-06
cl_02075,Saturnina Tejera-Duarte,laragarces@example.net,7850260923748,Femenino,2025-01-01
CL-02076,Jose Ramón Font Santamaría,gonzalezcloe@example.org,61234abc,Masculino,2024-06-27
cl_02077,Daniel Garrido Vega,esoto@example.com,2448688201666,Femenino,2024-02-03
cl_02078,Manuel Peláez Blasco,emarcos@example.org,9030758858518,Femenino,2024-11-21
CL-02079,Quique Zabaleta Garcés,benjaminneira@example.org,5505781009541,Masculino,2023-11-16
CL-02080,Eufemia Cloe Galan Piña,,1708947388399,fem,2024-05-30
CL-02081,Herminia Marqués Sandoval,rgallart@example.com,8451490501806,Masculino,2023-10-26
CL-02082,Cayetano Salamanca Arévalo,vigilcarina@example.com,5470000539421,Masculino,2025-07-09
cl_02083,Amor Huertas Fuentes,jacintaurena@example.net,7801355834340,Masculino,2025-05-14
CL-02084,Lupe Niño Carranza,meleroangel@example.com,2981300634142,Masculino,2024-07-22
cl_02085,123,bromeu@example.com,6506541001695,Femenino,2024-08-11
CL-02086,Alcides Lorenzo,barrigaitziar@example.net,1343232146053,Femenino,2024-06-26
CL-02087,Sol Clotilde Santamaria Donoso,odalys17@example.com,2957796324147,Masculino,2024-09-28
CL-02088,Leandra Navas Alberola,lucilasans@example.org,+34901 08 61 46,Masculino,
CL-02089,Ariel Simó Barrio,jose95@example.net,2330772487193,Masculino,2023-08-31
cl_02090,Duilio Sosimo Zorrilla Fuertes,leire55@example.com,9668194515689,Femenino,2025-05-23
cl_02091,Serafina Sanchez Andrade,hpacheco@example.net,3195481940641,Femenino,2025-05-10
CL-02092,Estrella Borrell Piña,vvazquez@example.org,3109372989180,Masculino,2024-06-19
cl_02093,Emilio Olivé-Sanabria,ayllonsamuel@example.org,6352782947017,Femenino,2023-11-22
CL-02094,Virginia de Carmona,cintiaferrando@example.net,1085132446030,Masculino,2024-05-27
CL-02095,Berto Mancebo Aznar,pili13@example.org,1701026884234,Femenino,2025-02-07
CL-02096,Consuela Aguiló Moreno,fpizarro@example.com,6332288670640,Desconocido,2024-10-10
CL-02097,Ruperto Ugarte Carvajal,tpalmer@example.net,4677725505970,Femenino,2025-04-21
CL-02098,Jose Alejo Camps Cobo,lmorales@example.org,5964480147215,Masculino,2025-06-11
CL-02099,Zaira de Villaverde,miguel-angelhurtado@example.net,8901130891070,Masculino,2024-12-09
cl_02100,Lino Tejedor Jaume,correo@.com,123456,Masculino,2024-10-09
CL-02101,Óscar Marco Bayo,lidiavergara@example.com,7951464114533,Masculino,2024-09-28
CL-02102,Prudencio Perera Guardia,oarce@example.org,7236738224926,Femenino,2025-07-29
cl_02103,Josué Miguel Guitart Peña,aurelia44@example.net,4613345161666,Femenino,2025-01-31
cl_02104,Griselda Garrido,ltrillo@example.com,7916884562301,Desconocido,2024-12-15
CL-02105,Maximiano Ponce Pizarro,villarmaxi@example.org,0379638691252,Masculino,2025-03-11
cl_02106,Elpidio Osuna Sanmartín,epedrosa@example.org,2591357342463,Femenino,
CL-02107,Tere Pía Reig Garay,teclafigueroa@example.net,7266340976232,Femenino,2024-12-12
cl_02108,Edelmira de Rosado,sgrande@example.com,7480825280202,Femenino,2024-09-26
cl_02109,Nicolasa Fabiola Valcárcel Quintana,durananastasia@example.com,8217738609626,Femenino,2025-07-16
CL-02110,Adela Moles Ferrándiz,@gmail.com,0048502367438,Femenino,2025-07-15
CL-02111,África de Benavente,vilanovaelias@example.com,5725258162852,Femenino,2025-07-17
cl_02112,José Luis Josué Verdejo Beltrán,taboadaaurelia@example.com,+34834 66 66 30,Desconocido,2024-04-03
CL-02113,Anselmo Rafa Calderón Ayllón,melchorsalom@example.net,5915906545210,Masculino,2025-03-16
CL-02114,Dalila Alberdi Llobet,aceromaria@example.net,3772033930146,Masculino,2023-10-10
cl_02115,123,toledojeremias@example.net,9059507810055,Masculino,2024-05-19
cl_02116,Lucho Arana Llamas,lamat@example.org,8891951581386,Masculino,2024-09-06
CL-02117,Cayetano Huerta Perelló,blassedano@example.net,1238362185551,Femenino,2025-03-01
CL-02118,Salvador Pérez Ponce,ygamez@example.net,0645847360412,Masculino,2024-12-24
CL-02119,Benito Leiva Hurtado,felixbarrena@example.com,5160728777569,Masculino,2024-05-22
,Conrado Anaya,,0207987227250,Femenino,2025-03-23
cl_02121,Juan Bautista Almansa Tejero,chucho60@example.org,7939450142725,Femenino,2024-04-19
CL-02122,Ariel Anunciación Moraleda Rojas,molinsbernardita@example.net,3723272089892,Femenino,2024-10-06
CL-02123,Osvaldo Gallego-Ángel,sbaez@example.net,5137027098673,Femenino,2025-07-15
cl_02124,Vito Carbó,cerdancandida@example.net,+34872438880,Masculino,2026-01-01
CL-02125,Pastor Manuel Cerezo,palomaresjesusa@example.net,4423735691531,Masculino,2024-02-02
CL-02126,Baltasar Vinicio Royo Cepeda,larnaiz@example.org,7582283382900,Masculino,2024-10-10
cl_02127,Hernando de Espejo,gtoledo@example.com,9472617303078,Femenino,2024-01-15
CL-02128,Ruy Alberola Céspedes,sferrer@example.org,1670022348890,M,2023-09-26
cl_02129,Leoncio Rius Fernandez,pepe92@example.org,9346649930221,Masculino,2023-11-09
CL-02130,Marcelino Teo Álamo Soriano,correo@.com,5210762421597,Femenino,2024-10-23
CL-02131,Elisa Torrijos Trujillo,zsoriano@example.org,2021402710437,Femenino,2024-05-19
CL-02132,Wálter Andreu Montenegro,fgargallo@example.com,9475004912852,Femenino,2024-10-06
cl_02133,Gala Martínez Amor,basilioayllon@example.net,2783222718055,Masculino,2024-12-24
cl_02134,Laura Vendrell Galiano,armaschucho@example.org,9313606402458,Femenino,2024-07-12
CL-02135,Jose Ignacio Fabra,mendezluis-angel@example.org,5574264191318,Femenino,2023-09-20
cl_02136,Luciano Peralta,priscilaguerrero@example.com,61234abc,Masculino,2024-04-11
cl_02137,Félix Ros Carreño,peralmartina@example.org,2864793948259,Masculino,2024-04-14
cl_02138,Andrés Felipe Calleja,nnadal@example.net,8410977919905,Femenino,2024-05-09
CL-02139,Judith Rozas Tejada,americo38@example.com,3461594126327,Femenino,2025-04-03
,Vito Bonilla,,2996953868109,Masculino,2024-05-14
CL-02141,Isidora Quero Morera,fidela60@example.com,0767943587449,Masculino,2025-01-27
CL-02142,Cristina Batalla Robles,vilma96@example.org,8460569135586,Masculino,2024-11-14
CL-02143,Malena Vall Rocamora,eufemia89@example.net,1471747664180,Masculino,2024-03-21
CL-02144,Marcelino Farré Amor,maria-doloresbayo@example.org,1779104210372,fem,2024-02-01
cl_02145,@Oliver,calistobenavent@example.org,4404640045623,Masculino,2025-08-16
CL-02146,Celestina Carvajal Ballester,eutropioosorio@example.com,1658601619267,Masculino,2025-07-26
CL-02147,Néstor Cipriano Escolano Abellán,lunarosello@example.com,9357631019588,Femenino,2024-02-11
CL-02148,Chita Mateo Valls,balduinollamas@example.com,+34 924 71 35 10,Masculino,2023-09-26
cl_02149,Ceferino Juliá-Beltran,ocasal@example.org,3209021013532,Masculino,2024-04-04
cl_02150,Adelardo Macías Iborra,kmorell@example.net,3649035343987,Femenino,2025-07-08
CL-02151,Fabio Rocha Corbacho,cgimenez@example.org,0767659015645,Masculino,2023-11-10
CL-02152,Clarisa Vizcaíno Román,celestina25@example.org,6103179422266,Femenino,2025-06-30
cl_02153,Domingo Ramis-Castillo,claudio96@example.com,3851677705006,Masculino,2023-09-25
CL-02154,Josué Ramos Vall,zaida74@example.org,7437112117402,Masculino,2023-09-12
CL-02155,Nieves Albero-Pablo,santamariamaria-dolores@example.org,8840211643683,Femenino,2024-11-06
CL-02156,María Fernanda Rivera Badía,kbellido@example.com,3152653649858,Masculino,2025-01-02
CL-02157,Alfonso Casado Solera,lunahigueras@example.net,3604765989032,Masculino,2025-07-22
CL-02158,Roldán Ros,palmeramaro@example.com,3483292091262,Femenino,2024-09-21
cl_02159,Reyes Dalmau Alonso,coronagarcia@example.net,3842954306596,Femenino,2025-02-25
CL-02160,@Oliver,,61234abc,Desconocido,
CL-02161,Tito Burgos Padilla,mangulo@example.net,3237566853575,Masculino,2025-03-02
CL-02162,Salomé Carrera Ángel,julie59@example.net,3766800239717,Femenino,2023-09-15
CL-02163,Emma Cámara Ortega,hbarreda@example.org,0248169676217,Femenino,2024-04-14
CL-02164,Salvador Esparza-Miralles,francisco-javier87@example.net,1815719084626,Femenino,2024-03-15
cl_02165,Victorino Pizarro Urrutia,agataramis@example.com,2741612692367,Masculino,2024-12-13
cl_02166,Pepe Roselló Pereira,emiliasureda@example.com,9611754818901,Masculino,2024-03-30
CL-02167,José Luis Kike Castellanos Iglesia,evaristodominguez@example.net,4478566396532,Masculino,2025-01-10
CL-02168,Ruperto Trillo Vila,fmelero@example.com,5299595870707,fem,2024-05-13
cl_02169,Teo Linares Ricart,sferrandiz@example.org,5058422663355,Femenino,2023-10-24
cl_02170,Ricardo de Raya,@gmail.com,0591148094026,Femenino,2023-10-25
CL-02171,Primitiva de Ojeda,consuela41@example.net,9080542654632,Masculino,2023-12-27
CL-02172,Jenny Acedo-Tamarit,lazaro29@example.org,+34864 64 55 45,Femenino,2024-10-18
CL-02173,Araceli Julián Gómez,blancadiana@example.net,2983519753405,Femenino,2024-10-11
cl_02174,Miguela del Rodriguez,baroluciana@example.com,1297555490336,Femenino,2024-03-15
CL-02175,Teodoro Figueras Gordillo,nacioolivera@example.com,1425662381477,Masculino,2023-11-21
cl_02176,Amado Paniagua Ribera,nestorcoca@example.com,2102724929097,fem,2024-10-13
cl_02177,Amor Anglada Malo,georginavizcaino@example.com,9387040959951,Femenino,2024-03-27
CL-02178,Prudencia Benavides Pinedo,npombo@example.com,5127823397556,Femenino,
cl_02179,Jose Francisco Vicente Querol,sebastianloida@example.org,2657316828810,Masculino,2025-03-15
,Isabela Valero Baquero,correo@.com,6811320044710,Femenino,2025-01-14
CL-02181,Eloy Báez Ribas,jmoraleda@example.net,2681435145583,Femenino,2025-02-08
CL-02182,Celia Varela Grau,nidia59@example.org,9012133337850,Masculino,2024-10-17
cl_02183,Emiliana Canet España,madrigalflavia@example.net,3081834575893,Femenino,2024-05-12
cl_02184,Xiomara Becerra-Tejero,almagrocamila@example.net,+34 925 555 275,M,2024-06-30
CL-02185,Alexandra Olmo Barranco,alenovoa@example.com,1873265501572,Femenino,2025-06-12
CL-02186,Lino Gomez Ferrando,fulgenciovalbuena@example.net,2802806028750,Masculino,2024-12-20
cl_02187,Eulalia Sandoval-Pereira,teremoliner@example.net,7986386357786,Femenino,2024-03-03
cl_02188,Elodia Chaves Reyes,venceslas90@example.org,7211495876138,Femenino,2025-06-13
CL-02189,Dalila Alvarez Vara,nrocamora@example.com,5885102943975,Masculino,2024-01-04
CL-02190,@Oliver,,2627910668976,Masculino,2025-05-14
cl_02191,Alba Ferrer Armengol,gmesa@example.com,9492836247737,Masculino,2024-08-24
cl_02192,Alfonso Ropero Manjón,mollseveriano@example.org,0603297580884,Masculino,2025-07-11
CL-02193,Lupe Dolores Aguirre Carbonell,noa32@example.org,8550381184148,Masculino,2024-10-06
CL-02194,Amparo Alemany Ocaña,feliuzacarias@example.org,8238399356244,Femenino,2024-08-10
CL-02195,Berta Vargas Núñez,benaventealejandra@example.net,6265387742278,Masculino,2024-04-16
CL-02196,Evita Ponce Infante,ciprianojara@example.net,61234abc,Masculino,
cl_02197,Luciana Calderón Marquez,toribioribes@example.com,0444995127978,Masculino,2024-12-15
CL-02198,Edmundo del Valderrama,emigdio08@example.org,5620321582974,Femenino,2025-08-20
CL-02199,Jose Villanueva Pujol,expositocipriano@example.com,1984060363921,Masculino,2023-09-20
cl_02200,Albino del Quesada,,6250329102015,Femenino,2023-09-02
CL-02201,Custodia del Miranda,dionisiomariscal@example.com,3545900365552,Masculino,2024-09-25
cl_02202,Américo Santana-Carrión,pilarmarquez@example.org,3541172890953,Masculino,2024-07-18
cl_02203,Rodolfo del Pastor,zacariasaliaga@example.com,3978678362936,Masculino,2024-10-25
CL-02204,Tristán Paredes Sanmartín,cebrian70@example.com,2729897615718,Masculino,2024-02-06
cl_02205,@Oliver,ferranarturo@example.com,4499446610403,Femenino,2024-10-25
cl_02206,Maximiliano Barba Tena,asenjomaria-belen@example.com,8048881034405,Masculino,2024-11-03
CL-02207,Ciro Dominguez Somoza,emperatrizjuarez@example.net,2897883933611,Femenino,2024-06-02
CL-02208,Calisto Báez-Villaverde,jayala@example.org,+34 973 83 46 81,Masculino,2024-08-06
cl_02209,Lisandro Nicolau Losada,ncepeda@example.org,4574717912562,Femenino,2024-03-24
CL-02210,Cosme Morán Garay,correo@.com,8241598069192,Femenino,2024-12-26
CL-02211,Azeneth Márquez-Guillen,rmuniz@example.org,0763773265874,Femenino,2024-01-29
cl_02212,Eligio Alberto Cepeda,villaeusebia@example.com,5433150185625,Masculino,2023-09-28
CL-02213,Wálter del Piña,izquierdopablo@example.org,3269208559117,Masculino,2024-10-19
CL-02214,Olimpia Franch-Cañete,uporcel@example.com,9255159828309,Masculino,
cl_02215,Severino del Pont,cnavarrete@example.com,9387527218349,Femenino,2024-11-12
cl_02216,Jose Manuel Blanco-Riera,diezamalia@example.com,0593509461834,fem,2025-03-25
CL-02217,Julio de Conesa,sosimo61@example.net,9103666707789,Femenino,2025-04-26
CL-02218,Joel Régulo Prieto Roca,julio-cesar89@example.org,9459533718358,Femenino,2025-02-12
cl_02219,Nacho del Agustí,melchor27@example.com,5291145355149,Femenino,2025-08-27
CL-02220,Anna Ribera Giner,correo@.com,6-123-456,Femenino,2024-04-17
CL-02221,Jacinto Correa Salazar,azaharsabater@example.org,8257864023598,Femenino,2025-02-19
CL-02222,Eloísa Zamora,valderramavanesa@example.net,1382350046469,Femenino,2025-01-10
CL-02223,María Del Carmen Belda Feliu,nrosa@example.org,5136755955140,Masculino,2024-05-26
CL-02224,Encarnación Roselló Gallart,secojuan-antonio@example.org,7693189276606,Femenino,2024-01-11
CL-02225,Lidia Nicolás Dominguez,andres90@example.org,6974510432979,Masculino,2025-05-17
CL-02226,Camila Alemán,ialcazar@example.com,2799177136542,Masculino,2024-06-20
CL-02227,Luciano Anglada Beltrán,zfrutos@example.org,7499488545067,Femenino,2025-01-29
cl_02228,Sabas Gargallo,angelitacastillo@example.net,4770088687361,Femenino,2023-09-15
cl_02229,Teodora Natividad Ferrández Velasco,reinamariano@example.org,2360461443535,Masculino,2024-04-05
CL-02230,Daniela Llamas Fuertes,,2865282550146,Femenino,2024-08-01
CL-02231,Azahara Andres Carbó,zchamorro@example.net,0949589801984,Masculino,2025-07-16
cl_02232,Ceferino Mínguez Samper,nicolasa10@example.org,61234abc,Femenino,2026-01-01
CL-02233,Fortunata Alvarado,gilalcala@example.com,3340599527010,Femenino,2024-08-14
cl_02234,Gustavo Guitart Cerezo,segoviapio@example.net,8185156555742,Masculino,2024-01-25
cl_02235,@Oliver,cerezojoaquin@example.com,8047621961450,Masculino,2024-11-23
CL-02236,Iker Jose Carlos Verdugo Escrivá,xrossello@example.com,3186911116562,Femenino,2025-07-22
cl_02237,Noa Aranda Cabezas,florentinoacedo@example.org,6786602337985,Masculino,2024-03-30
CL-02238,Gaspar Marco,pradaisidora@example.org,2162328049981,Masculino,2024-07-30
cl_02239,Calixta Aragón Quero,visitacionhidalgo@example.com,2279579838887,Masculino,2023-11-05
cl_02240,Alex del Velasco,@gmail.com,8261581485707,Masculino,2025-01-04
CL-02241,Nerea Bermudez Cid,ksandoval@example.net,2499553045056,Femenino,2024-03-22
cl_02242,Ignacio Parejo Barrera,anastasia93@example.com,7265326585743,Femenino,2023-09-25
CL-02243,Agapito Pi-Cruz,maria-cristinarios@example.net,3257546451158,Femenino,2024-11-10
CL-02244,Rafael Posada Gras,petrona60@example.com,61234abc,Femenino,2025-01-24
cl_02245,Josefina Emilia Beltrán Barragán,albina92@example.com,7026731307836,Femenino,2024-09-13
CL-02246,Rodrigo Durán Alegria,camilocheca@example.net,4030768032166,Femenino,2024-05-16
CL-02247,Dani Casemiro Guitart Zorrilla,manola80@example.net,1191236332250,Femenino,2024-08-02
CL-02248,Matilde Villalba Albero,juliana02@example.org,7597399450162,Desconocido,2025-07-03
cl_02249,Olimpia de Córdoba,iquevedo@example.net,8473191001499,Femenino,2025-03-11
CL-02250,Fermín Bejarano Conde,,6997737331813,Femenino,2026-01-01
CL-02251,Álvaro Ciríaco Guijarro Clemente,irovira@example.com,7095037736616,Masculino,2024-04-06
cl_02252,Griselda Muñoz Herranz,romanbuendia@example.net,8662716037405,Masculino,2025-01-06
CL-02253,Patricio Pallarès,sgarzon@example.net,2553581116476,Masculino,2023-09-12
CL-02254,Bernardita Guitart Puente,pradaleopoldo@example.net,5385784122487,Femenino,2024-10-04
CL-02255,Maricela Giner Valencia,fulgencio71@example.com,6217515818679,Femenino,2023-09-25
CL-02256,Luis Ángel Juan Luis Sierra Alcalde,manuelpulido@example.org,+34969 037 377,Desconocido,2023-09-04
CL-02257,Marta Orozco Olmedo,rlujan@example.com,1721523358087,Masculino,2025-06-10
CL-02258,Nayara Carretero Álamo,ysala@example.com,9568332441273,Femenino,2025-07-09
CL-02259,Gustavo Valbuena-Peña,grasjuan-bautista@example.net,7380053431571,Femenino,2024-01-14
cl_02260,Nicolás Teruel Bautista,lucenaluis@example.net,9982347120913,Masculino,2025-06-15
CL-02261,Nazaret Sara Sevillano Llobet,menendezcandelario@example.net,2752159235448,Masculino,2025-07-05
CL-02262,Eloy Torralba Calderon,emilioortuno@example.net,5892003847731,Femenino,2024-02-22
cl_02263,Abilio Narciso Bejarano Cerezo,vvelasco@example.net,5963252177339,Masculino,2025-06-30
CL-02264,Esmeralda Barrio Montenegro,ignacioiglesia@example.com,5072252727098,Femenino,2023-11-29
cl_02265,David Carbó Aguiló,miguela95@example.org,6218031896659,Femenino,2024-06-04
cl_02266,Rosenda Campoy Tamayo,paredesamor@example.org,7003209936577,Femenino,2024-08-11
cl_02267,Abigaíl Sans Tirado,queromalena@example.net,8347797299828,Masculino,2024-12-22
cl_02268,Juan Carlos Pintor Huertas,kalbero@example.net,61234abc,Femenino,
CL-02269,Lucio Vicens Heras,serafina96@example.com,3010317641249,Femenino,2024-12-03
CL-02270,Modesto Calleja-Ripoll,correo@.com,4629856340709,Femenino,2024-03-27
CL-02271,Herminio Menendez Ferrández,emigdiofalco@example.org,7409998591648,Femenino,2024-03-29
CL-02272,Benigno Lorenzo,macario99@example.net,6514264326441,M,2024-10-27
cl_02273,Eustaquio Morán Múgica,fuentesjose-luis@example.com,8414543626761,Femenino,2024-12-05
cl_02274,Mónica Martin,barraldamian@example.net,0546758509516,Femenino,2024-08-16
CL-02275,Abigaíl del Rosales,rosariohuguet@example.net,1517098100794,Masculino,2025-05-08
CL-02276,Olivia Donoso Guzman,evita91@example.org,0117162145264,Femenino,2023-12-08
CL-02277,Cayetana Dalila Barbero Guzmán,heraclio11@example.org,1869623917545,Femenino,2023-09-09
CL-02278,Nuria Aroca-Santos,feliciaurena@example.com,1380112506238,Femenino,2024-02-01
CL-02279,Jacinto Bravo Palmer,graujuan-antonio@example.com,6210238243016,Femenino,2023-12-02
cl_02280,,correo@.com,123456,Masculino,2024-07-23
CL-02281,Catalina Mayol Carrasco,realjuan-luis@example.com,6854349069941,Femenino,2023-09-18
cl_02282,Iker Cámara Boada,jacinto82@example.org,1119660626980,Masculino,2024-04-10
CL-02283,Leopoldo Losa,marisa25@example.org,5053091472809,Femenino,2024-05-05
CL-02284,Baltasar Ferrán-Piquer,gadadia@example.net,5050834447071,Femenino,2025-02-24
CL-02285,Albino Almazán Tejada,carmina31@example.com,6329573930772,Masculino,2024-05-25
CL-02286,Ale Cerro Real,arellanojuliana@example.com,4537385343252,Femenino,2026-01-01
CL-02287,Ciro Pons Rosselló,geraldoescobar@example.net,2650549515281,Femenino,2024-01-14
CL-02288,Hugo Valdés Hoyos,cardonagaspar@example.org,4585138081859,Masculino,2024-03-19
CL-02289,René Carlito Alcázar Roda,amaliamorata@example.net,8252851349286,Femenino,2024-10-30
CL-02290,Valero Escudero Ibañez,felipa09@example.net,9513115712562,Masculino,2024-10-18
cl_02291,Anabel Millán-Amor,mendezheliodoro@example.net,1280306341950,Masculino,2025-02-06
CL-02292,Jose Borja Moll Cabrera,annaisern@example.net,61234abc,Masculino,2024-08-24
cl_02293,Carlota Olivera Echeverría,annasamper@example.org,1150330875018,Femenino,2024-10-15
cl_02294,Abigaíl Alegre Moya,palberto@example.org,0168904283554,Femenino,2024-07-10
CL-02295,,fvilanova@example.com,9586089856413,Masculino,2025-04-04
cl_02296,Serafina Batalla Fernández,ceciliaguardia@example.net,1818488685967,M,2023-11-22
cl_02297,Ruth Áurea Carreño Castellanos,albanorequena@example.org,5156780733663,Femenino,2023-11-03
CL-02298,Oriana Fuentes-Sanz,berta65@example.org,3580345001308,Masculino,2024-06-11
CL-02299,Jesús Sedano Camino,lvalls@example.net,4315505604069,Masculino,2025-06-25
cl_02300,Abril Goñi Rosales,@gmail.com,6115154694585,Femenino,2023-12-27
CL-02301,Cleto Prieto Barrena,gribas@example.org,1337421455023,Masculino,2024-06-09
cl_02302,Hector Sastre,octaviorios@example.org,2610674097094,Femenino,2025-02-14
CL-02303,Carmelo Cañellas Fiol,parragerardo@example.com,1792590819241,Femenino,2025-07-05
CL-02304,Lázaro Salom-Alemany,juan-bautistaarteaga@example.org,+34 884 115 173,fem,2026-01-01
CL-02305,Ramona Roig,yolandacabrera@example.net,0972037138242,Femenino,2024-08-22
cl_02306,Chema Rico Gracia,villalobostamara@example.org,8776658393035,Femenino,2023-12-06
CL-02307,María Teresa Rosell,lamassandalio@example.net,3806590251143,Masculino,2024-03-23
CL-02308,Eric Barrios,maxiaramburu@example.org,8705902230327,Masculino,2025-07-23
CL-02309,Trini Arranz Ocaña,edelmiranavarrete@example.org,8504296068488,Femenino,2024-09-24
CL-02310,,@gmail.com,9822124433848,Femenino,2024-07-29
CL-02311,Modesta Céspedes Gras,vvalle@example.com,3625927242043,Masculino,2023-08-31
CL-02312,María Carmen Iñiguez Cerdán,chemaneira@example.org,9332853674168,Femenino,2023-11-19
CL-02313,Óscar Ledesma Morillo,aracelibarriga@example.net,0005173596118,Masculino,2024-12-12
CL-02314,Antonio Pomares Tovar,anacletopozo@example.org,4372447005084,Masculino,2024-01-08
CL-02315,Mayte Franco Rodrigo,gguzman@example.org,8277473834780,Femenino,2025-08-01
cl_02316,Reynaldo de Francisco,lledohumberto@example.net,123456,Femenino,2024-02-13
CL-02317,Fabiana Serna Gracia,aranaangelica@example.com,9861297211732,Femenino,2025-01-29
cl_02318,Socorro Raya Miguel,jacinto32@example.com,9214857319496,Masculino,2024-11-06
CL-02319,Bienvenida Llopis Domínguez,mcorrea@example.net,2004630131727,Femenino,2024-12-23
,Nazaret de Sainz,,9787420366508,M,2024-08-16
cl_02321,Lucila de Doménech,bermudezzaira@example.net,0552591488874,Femenino,2025-03-16
CL-02322,Julieta Modesta Roman Múgica,simoatilio@example.com,2454955013633,Masculino,2026-01-01
CL-02323,Aureliano Villar Pablo,maria-jesus78@example.net,7382241824183,Femenino,2024-04-10
cl_02324,Luisina Nazaret Amador Carpio,romanmaria-dolores@example.com,5359799048807,Masculino,2024-02-23
CL-02325,Sonia del Blázquez,amatjuan-luis@example.net,6825239525548,Masculino,2024-02-23
CL-02326,Eustaquio Puga-Menendez,evitahuerta@example.com,8734822868220,Femenino,2023-12-20
CL-02327,Rosenda Vallejo Benito,rcarranza@example.net,0999726559760,Femenino,2024-02-09
CL-02328,Jovita Gordillo Diéguez,benitezximena@example.net,+34875 69 97 85,Masculino,2025-04-19
CL-02329,Juanita Ruano Gomila,juanasilva@example.net,2277569942435,Femenino,2024-02-19
cl_02330,Ana Sofía Ainoa Fuentes Velázquez,,2193357170720,Femenino,2024-07-01
CL-02331,Flavio Saldaña Escalona,valeromaria-fernanda@example.com,9557220983703,Femenino,2024-01-20
CL-02332,Dionisio Luciano Badía Figuerola,tlillo@example.com,8481617883042,Masculino,2024-04-10
cl_02333,Marcela Benavent Río,abayo@example.org,8752388025289,Femenino,2025-01-15
CL-02334,Mariana Rivas Mendoza,elisabet99@example.net,4859232943947,Masculino,2025-03-31
cl_02335,Jacobo de Pont,lladoalondra@example.net,8194864855557,Masculino,2023-09-05
CL-02336,Hipólito Fortuny Alfonso,aitor61@example.com,1951371884858,Desconocido,2024-04-17
CL-02337,Melchor Montenegro,salvador69@example.org,3056997950485,Femenino,2024-12-27
cl_02338,Ofelia Abril Pareja,timoteoacevedo@example.net,3823152805497,Masculino,2024-10-24
CL-02339,Ángela Prada Crespi,ramona75@example.net,7528005064239,Masculino,2024-02-21
,,,+34 978 08 79 69,Masculino,2024-04-15
CL-02341,Gabriela Zamora Cabanillas,rpulido@example.net,9395048576303,Femenino,2023-09-28
CL-02342,Manola Peñas Díez,encarnita99@example.org,2287060595800,Femenino,2025-03-29
CL-02343,Ceferino Fabra Varela,estrella56@example.org,1159176076916,Femenino,2025-04-24
CL-02344,Renato Franch Lerma,arjonaroberto@example.org,9437163569942,M,2024-02-02
CL-02345,Clarisa Cloe Manzano Mata,jennifer89@example.net,3968708583841,Femenino,2024-08-05
cl_02346,Manu Tello Gonzalez,vinicioochoa@example.com,2798665387912,Femenino,2024-09-19
CL-02347,Dulce Bustos Olivera,brozas@example.org,4773689102407,Masculino,2024-12-06
cl_02348,Nazario Pera Tapia,espiridion41@example.org,6488390108099,Femenino,2025-03-30
cl_02349,Soledad Maestre-Ortuño,belenvalverde@example.org,0351388475305,Masculino,2025-04-04
CL-02350,Reyna Agustín Camps,,5646194977961,Femenino,2024-11-10
CL-02351,Samanta Cantero Rubio,jennypareja@example.org,6458651799969,Femenino,2025-07-06
CL-02352,Natanael Agustín,alondra09@example.org,6-123-456,Femenino,2023-09-03
CL-02353,Jenaro Mosquera-Bayo,brunildavalero@example.com,8780607269669,Femenino,2025-02-05
cl_02354,Victor Manuel Ortuño Sosa,cristianalemany@example.org,2792248615617,Masculino,2024-03-27
CL-02355,,uangel@example.org,3646253805436,Masculino,2024-04-08
CL-02356,Apolinar Aragonés Puga,manu78@example.org,8075847901132,Femenino,2024-12-18
CL-02357,Primitivo Uribe Ariza,tamaraantunez@example.com,0776256638978,Masculino,2024-06-20
CL-02358,Sonia Amigó Carnero,apariciovisitacion@example.org,0305960322704,Masculino,
CL-02359,Lope Carrera Castilla,lescamilla@example.net,0175916020686,Femenino,2023-11-06
,Maura Bilbao,,7375224890663,M,2024-08-08
cl_02361,Brunilda Lago Mateu,zandres@example.com,4628841384468,Femenino,2025-01-30
CL-02362,Telmo Escobar Tovar,zvillena@example.net,7624899840365,Masculino,2025-07-27
CL-02363,Feliciana Isidora Aguado Feliu,xmacias@example.net,8222036236861,Femenino,2024-10-30
CL-02364,Jordán Sierra Alberdi,leonel83@example.net,123456,Masculino,2024-03-05
cl_02365,Eric Valencia Gomez,onofre56@example.com,9086413576968,Femenino,2025-07-15
CL-02366,Eli Pons Nieto,marcosdimas@example.net,2081566659400,Masculino,2024-10-03
CL-02367,Eliseo Tirado Cantero,enriqueagullo@example.net,4614417791855,Femenino,2024-05-08
cl_02368,Ciríaco Ferrero Daza,leyre42@example.org,8161854221496,Masculino,2025-03-28
CL-02369,Ligia Zamora Salcedo,sebastiandiez@example.org,8916315567504,Femenino,2024-05-27
CL-02370,,apoloniatorrecilla@example.org,6987363254791,Femenino,2023-08-29
cl_02371,Juan Manuel Ayuso Miró,iquintana@example.org,9172759414861,Masculino,2025-01-13
cl_02372,Fermín Chaparro,eusebio75@example.org,8434743559655,Femenino,2025-01-15
cl_02373,Olimpia Mulet Fabregat,antonmanuela@example.org,2570061326775,Femenino,2024-05-13
CL-02374,Odalys Ramos Aguirre,fortunatobustos@example.org,8102073591199,Femenino,2024-06-15
CL-02375,Inocencio de Alba,lopezosvaldo@example.com,7918353092347,Femenino,2025-07-04
CL-02376,Reina Coronado Izquierdo,renato68@example.net,6-123-456,Masculino,2026-01-01
CL-02377,Cecilia Carballo Amorós,sotelovictoriano@example.com,1459030570547,Masculino,2023-10-06
CL-02378,Azahara Ferrández Bustos,saenzflorentina@example.net,0798954317110,Masculino,2025-01-11
CL-02379,Margarita Nayara Bermúdez Arnau,jeronimodiaz@example.org,6848740393708,Femenino,2024-05-29
,Gustavo Villegas Lerma,npavon@example.com,0366578125264,Masculino,2024-09-17
cl_02381,Laura Heras,conradobarrera@example.net,7691563789519,Femenino,2024-01-28
CL-02382,Bernardino Seco Ibañez,moranilda@example.org,9435345115494,Femenino,2024-06-07
CL-02383,Ana Belén Pallarès-Iborra,isabel34@example.net,3041291052735,Femenino,2024-02-26
cl_02384,Aurelia Nogués Hoz,emiliogascon@example.org,9928133359818,Femenino,2024-03-23
cl_02385,,mirtapadilla@example.net,6510073748968,Femenino,2023-10-04
cl_02386,Severiano Hector Cornejo Luz,gfortuny@example.com,3289572939967,Femenino,2023-10-10
CL-02387,Loreto Peinado Caparrós,quirosmarcos@example.org,2157723986406,Femenino,2024-03-20
CL-02388,María Belén Rocha,isaac50@example.com,6-123-456,Masculino,2025-06-22
CL-02389,Lucía Ávila Ferrera,jimenezmarcela@example.org,8346257954786,Femenino,2025-03-14
CL-02390,Martina Amigó Bejarano,,5330158213833,Femenino,2024-09-30
cl_02391,Marino Amo,zsuarez@example.org,0409868786684,Femenino,2025-01-22
CL-02392,Candelario Santos Iglesias,olivermaria-carmen@example.com,4470317035706,fem,2025-02-17
cl_02393,Concepción Vilaplana Huertas,arnalmohamed@example.org,1165430458288,Masculino,2024-12-09
CL-02394,Leandra Murcia Amador,prudencia44@example.com,1054796169527,Masculino,2025-04-27
cl_02395,Ariel Patricia Yuste Solsona,yjulian@example.com,5740687193600,Masculino,2025-02-06
CL-02396,Caridad Vicente Blasco,otiliabatalla@example.net,0233785970461,Femenino,2024-04-30
CL-02397,Eligia Valle Torrecilla,cobofeliciano@example.org,2976764082269,Masculino,2024-05-10
CL-02398,Ariadna Torrijos Cuesta,garridonuria@example.org,9783918209620,Masculino,2023-12-02
cl_02399,Augusto de España,benitovillalonga@example.org,5937956431710,Femenino,2025-01-22
CL-02400,@Oliver,@gmail.com,123456,Masculino,2025-07-18
CL-02401,Jesusa del Asenjo,martinportero@example.com,3674851543363,Masculino,2024-02-16
cl_02402,Silvestre Mármol Román,xleiva@example.net,2913111506677,Femenino,2025-07-22
cl_02403,Ricarda Cadenas Nuñez,zsegura@example.com,9891860681515,Masculino,2025-05-31
cl_02404,Berta Griselda Roselló Pera,dafne76@example.org,6071340083646,Masculino,2023-11-05
CL-02405,Haydée Carreras,mirta65@example.org,7619284390773,Masculino,2024-12-07
CL-02406,Ciro Ibarra Escolano,oriana38@example.org,0605242531214,Masculino,2024-10-28
CL-02407,Leocadia Quiroga Heras,carvajalangelina@example.net,9292532488475,Femenino,2024-02-08
CL-02408,Teresa de Guillen,galo41@example.net,6022475962394,M,2024-10-20
CL-02409,Imelda Díaz Rovira,elisa66@example.net,6140924151076,Femenino,2024-01-11
CL-02410,Javiera María Dolores Company Casares,correo@.com,7835167568220,Masculino,2023-09-11
CL-02411,Concha Balaguer Garcia,lisandro95@example.net,2308271957341,Masculino,2024-02-23
CL-02412,Cintia Vara Bello,consuelarebollo@example.net,+34 984 11 71 28,Masculino,
CL-02413,Malena Clarisa Duque Izaguirre,edmundovalls@example.org,5256331449944,Masculino,2025-05-08
cl_02414,Reyes Marquez Riba,svarela@example.com,9974007353337,Femenino,2025-08-19
CL-02415,Dora Nevado Benavent,urrutiaadoracion@example.org,0424506459886,Masculino,2024-12-21
CL-02416,Raimundo Blanch-Ureña,valerio53@example.com,6761240927898,M,2024-07-19
cl_02417,Glauco Dalmau Campillo,pastoredgardo@example.org,6842443081618,Femenino,2023-11-26
CL-02418,Galo Rios-Martín,dmanso@example.net,0184742426856,Masculino,2024-10-06
cl_02419,Óscar Roura-Clavero,iniguezcarolina@example.com,9324923292026,Masculino,2023-09-03
,Reyes Filomena Cánovas Gras,cloetoro@example.org,1459153973123,Femenino,2025-06-27
cl_02421,Diana Pili Pagès Castellanos,sanmiguelhumberto@example.com,2783239603512,Femenino,2024-05-19
cl_02422,Rómulo de Alemán,lperea@example.net,4159705985039,Femenino,2024-06-25
cl_02423,Ciro Cañas-Prats,aznarfeliciano@example.net,9543706215339,Masculino,2025-07-09
cl_02424,Eva María Alvarez,victoriabermudez@example.org,123456,Femenino,2024-07-12
CL-02425,Matías Alfaro Sáez,tbaena@example.com,5051120586513,Femenino,2025-04-10
CL-02426,Rosalinda Almeida Gual,escribanonoa@example.net,0467960228732,Masculino,2023-11-17
CL-02427,José Ángel Frutos Aramburu,msoto@example.com,0482904208033,Femenino,2024-11-28
cl_02428,Guadalupe Barreda Dalmau,blancahernan@example.net,2116711665009,Femenino,2024-10-29
CL-02429,Eutropio Pérez Pedro,marinamartin@example.org,3120187463104,Masculino,2023-12-26
CL-02430,,,0742366978580,Femenino,
CL-02431,Wálter Doménech Monreal,clarisatalavera@example.net,1421079742762,Femenino,2024-04-19
cl_02432,Fidel Tur Pardo,melaniarincon@example.org,2249428193528,fem,2023-12-25
CL-02433,Cristóbal Carballo-Piquer,amorosignacia@example.org,0509528464754,Femenino,2025-01-31
cl_02434,Cristian Marín Cisneros,quirogamohamed@example.com,2165200949200,Masculino,2024-10-03
CL-02435,Celia del Escudero,flavio13@example.com,4090488668936,Masculino,2025-03-23
cl_02436,Abilio Ibañez Narváez,bernabe15@example.com,+34978 897 143,Femenino,2023-09-07
CL-02437,Melisa Polo Cardona,olga11@example.com,9425198351487,Femenino,2025-06-21
CL-02438,Tiburcio Jurado Boada,noa97@example.com,6157889976426,Femenino,2025-02-25
cl_02439,Isidora Iglesia-Soria,ivalencia@example.net,4833606110343,Femenino,2025-08-01
cl_02440,Heraclio José Antonio Escalona Coll,@gmail.com,5203152220727,Masculino,2023-09-06
CL-02441,Rosario Abella Andres,nievesvalenciano@example.net,2655691742610,Masculino,2024-07-19
cl_02442,Nicolás Piñeiro Sacristán,balba@example.org,9660521597199,Masculino,2023-10-15
CL-02443,Heriberto Barceló Campos,lucia61@example.org,8804919356720,Masculino,2024-07-10
CL-02444,Lucila Roldán Roma,visitacion87@example.com,7720847316786,Masculino,2024-12-06
cl_02445,Tecla Rosado Aroca,reysancho@example.com,6010945262365,Masculino,2024-08-06
CL-02446,Griselda Tamarit Portero,monteroconcha@example.org,7082363025827,Femenino,2024-04-10
cl_02447,Abel Garriga Montalbán,vanesaalsina@example.net,6944623256269,Femenino,2024-08-05
cl_02448,María Pilar Riquelme Peinado,sotelotiburcio@example.com,61234abc,Femenino,2026-01-01
CL-02449,Catalina del Salvador,irene87@example.com,1464030862460,Femenino,2024-10-10
CL-02450,Amelia Pascuala Berenguer Escrivá,@gmail.com,6004255859753,Masculino,2024-04-05
CL-02451,Celestino Fonseca Batalla,juan-pablososa@example.net,3370029219689,Femenino,2024-05-13
cl_02452,Azahar Montoya,wpalacios@example.com,6487457555079,Masculino,2024-02-01
CL-02453,Cipriano del Somoza,valbero@example.com,2207266813847,Masculino,2024-11-01
CL-02454,Jordana Guijarro Chamorro,hnavarrete@example.org,6330906919343,Masculino,2024-07-25
CL-02455,Felipa Amada Melero Rodríguez,aitor57@example.com,3153895986242,Femenino,2024-02-10
cl_02456,Rosario Duran Tamarit,sduran@example.org,9191614997273,Desconocido,2023-10-26
cl_02457,Artemio Estevez Pavón,llorentereyna@example.org,0032649184015,Masculino,2025-01-26
cl_02458,Urbano Álamo,edelmira33@example.com,1096538411249,Masculino,2025-06-09
CL-02459,Fortunata Calvo Izquierdo,teresarosa@example.com,1240218979049,Femenino,2023-11-24
cl_02460,Blas Sevillano Blanca,correo@.com,+34 911605052,Femenino,2024-07-12
cl_02461,Ana Sofía Morell Barrena,sgrau@example.net,4866032510713,Femenino,2025-06-13
CL-02462,Paco Sabater Vera,amocleto@example.com,7917925970800,Femenino,2024-05-18
CL-02463,Santiago del Bermúdez,roque81@example.net,5139386964426,Masculino,2025-05-01
cl_02464,Roberta Rodriguez Santana,gilbertosalva@example.net,3468976487748,fem,2025-08-11
cl_02465,Macario Pedro Doménech,abigailbaez@example.net,8528366207186,Masculino,2024-07-24
CL-02466,Francisco Jose Sobrino Jurado,rferran@example.org,1379564875218,Masculino,2024-02-29
cl_02467,Nicolás Alcalá Oller,vidal43@example.net,8575064818782,Femenino,2024-03-09
cl_02468,Jose Ramón Alegre-Giralt,bellidohector@example.com,5789835766015,Masculino,2024-03-31
CL-02469,Narciso Gomis Pomares,cletogrande@example.net,3136324634804,Femenino,2024-06-30
cl_02470,Valero del Rey,@gmail.com,4801728396323,Masculino,2023-11-22
cl_02471,Juan José Rocamora Barral,curro17@example.com,4583621875725,Femenino,2024-10-01
CL-02472,Diana Montalbán Palomares,ycano@example.net,+34880 156 161,fem,2023-09-21
CL-02473,Germán Rosendo Madrid Crespi,geraldo96@example.org,0957042864061,Masculino,2024-07-27
CL-02474,Dan Ponce Vergara,escobarinocencio@example.org,8086408089714,Femenino,2024-06-26
CL-02475,,ascensionquiroga@example.com,8587226878659,Femenino,2025-07-07
cl_02476,Vanesa Riera Garay,llobetnerea@example.net,3561746531519,Femenino,2023-09-29
CL-02477,Teodosio Espejo Hervás,estherdiez@example.org,1355700450595,Femenino,2025-08-08
CL-02478,Anita Roig Godoy,belenabella@example.net,3193801027946,Femenino,2024-07-07
CL-02479,Oriana Llorente,tejedorflorinda@example.net,0346112487328,Femenino,2023-11-12
CL-02480,Máxima Ferrer Donoso,correo@.com,4476568305379,Desconocido,2025-06-25
CL-02481,Salomón Pera Borrell,santiago20@example.com,4231342442171,Femenino,2025-04-10
cl_02482,Natalia Benito Catalán,oteroleonel@example.net,7730419446274,Masculino,2024-07-27
CL-02483,Bautista Porta Tejero,morcilloduilio@example.net,8295048304300,Masculino,2024-02-07
CL-02484,Toni de Perera,wribas@example.net,6-123-456,Masculino,
CL-02485,Godofredo Gallo Fuertes,purificacion46@example.com,3412855784532,Femenino,2024-10-27
CL-02486,Virginia Soriano,gcastellanos@example.net,8173957237356,Femenino,2024-11-06
cl_02487,Caridad Cerdán Neira,marcosbuendia@example.org,7745845499542,Masculino,2024-12-14
cl_02488,Ángel Poza,ascension46@example.com,5246554520752,Femenino,2025-04-21
CL-02489,Dominga Calleja-Abellán,juliomarmol@example.net,0513896026387,Femenino,2025-06-26
CL-02490,@Oliver,,6599916482413,Masculino,2023-09-22
cl_02491,África Casares-Ordóñez,galindocosme@example.net,3020966951475,Femenino,2024-12-09
cl_02492,Valeria Carretero Miranda,guijarroalbano@example.com,1654936803570,Masculino,2025-07-27
cl_02493,Cirino Girona Melero,nicolasa62@example.net,4957580815027,Femenino,2024-02-20
cl_02494,Laura Hernando,kchico@example.com,2924691814814,Femenino,2025-01-01
cl_02495,Macaria Casal Ribas,duenasfeliciano@example.net,5948006724011,Masculino,2024-05-04
CL-02496,Pedro Maza Baeza,castejoncasemiro@example.org,123456,Desconocido,2025-04-21
cl_02497,Yaiza Busquets Morillo,escalonaroman@example.org,9618730123629,Masculino,2023-11-30
CL-02498,Jose Miguel Gómez Chacón,rodenassergio@example.com,5273279993790,Masculino,2024-02-28
CL-02499,Leonor Carbonell Cámara,dpineda@example.org,6385785411774,Femenino,2024-02-11
cl_02500,Anacleto Morcillo Camino,jcarreno@example.org,5254567634781,Masculino,2025-06-03
CL-02501,Bonifacio Montalbán-Bru,ciprianoplaza@example.net,2830313398612,Femenino,2025-01-20
CL-02502,Valeria Valdés-Torres,azucenaduran@example.net,8139995384461,Femenino,2026-01-01
CL-02503,Julio César Carlos Velázquez,juan-manuel64@example.net,9017359661046,Femenino,2025-06-10
cl_02504,Águeda Valcárcel Amor,salmerondavid@example.net,4238137404260,fem,2024-09-17
cl_02505,,olalla21@example.com,7294683376616,Masculino,2023-10-28
CL-02506,Emiliano Aller Alcázar,chus37@example.net,4673636886411,Femenino,2025-02-01
CL-02507,Cruz Palomino Suárez,jarroyo@example.net,6640020279826,Masculino,2024-10-08
cl_02508,Febe Castillo Seco,gtapia@example.org,6-123-456,Femenino,2025-02-19
CL-02509,Josefa Ugarte Moraleda,molinertadeo@example.org,3604969434533,Femenino,2025-05-08
CL-02510,Vito Lozano Aparicio,@gmail.com,2637729384637,Femenino,2023-09-11
cl_02511,Coral de Arana,asensiojacinto@example.net,0344400811923,Masculino,2023-09-12
cl_02512,Nicolás Lobo Barón,climaco03@example.com,1626315703978,fem,2024-05-27
CL-02513,Máximo Carretero Requena,ymaestre@example.net,3267584938556,Masculino,2025-01-21
cl_02514,Consuelo Barrena Román,orozcobrigida@example.net,3307087780310,Masculino,2024-06-08
CL-02515,Elpidio Amo Gargallo,vgil@example.net,0678807169893,Femenino,2025-01-16
CL-02516,Juan José del Perera,naranjopurificacion@example.com,4809553172957,Femenino,2024-06-02
CL-02517,Lisandro Torrijos,valeriovilar@example.org,2688448442809,Femenino,2024-03-24
cl_02518,Adela Felipa Casares Moraleda,gracia29@example.com,7265842141118,Femenino,2023-09-29
cl_02519,David Soriano Escudero,omarcorral@example.net,6325657234263,Femenino,2024-07-14
cl_02520,@Oliver,carinaarce@example.com,123456,Desconocido,2026-01-01
CL-02521,Leandro Santiago,elorzaadoracion@example.org,5509181200107,Femenino,2023-11-05
cl_02522,José Antonio Samper,selenaprado@example.com,3063031448394,Femenino,2024-07-10
CL-02523,Estefanía Riba,cpalomares@example.com,4310526958560,Masculino,2024-02-09
CL-02524,Alba Ugarte Grau,valeraemigdio@example.com,9353357296890,Femenino,2023-10-07
cl_02525,Bernabé Larrañaga Cadenas,jose-luis69@example.org,0731872908134,Masculino,2024-05-24
CL-02526,Regina Fabra-Talavera,racosta@example.net,7451369594710,Femenino,2024-10-18
CL-02527,Artemio del Segura,piliaramburu@example.org,1343126809381,Masculino,2024-10-13
CL-02528,Gastón Campoy Vilalta,baldomeropaniagua@example.net,3648905282810,fem,2025-07-16
CL-02529,Patricio Pareja Miguel,felicidadaviles@example.com,4478474789218,Femenino,2024-09-09
cl_02530,Lorena Palacio Villar,correo@.com,0690318632402,Masculino,2025-07-19
cl_02531,Baudelio Vizcaíno Viana,edmundoropero@example.com,4522773906642,Masculino,2024-11-30
CL-02532,Berto Julio César Cortés Quintana,fvalls@example.net,+34881 69 03 19,Masculino,2025-08-19
cl_02533,Ciríaco Segismundo Falcó Sancho,blanchmaxi@example.com,0308557916024,Femenino,2025-03-29
CL-02534,Juan Luis Aller Jimenez,aguadoangela@example.com,1399418545702,Masculino,2024-08-03
CL-02535,Hermenegildo Valencia Zaragoza,sebastiansoto@example.org,0647033749696,Femenino,2025-06-19
CL-02536,Ariel Manuel Zamorano Nicolás,adelatejera@example.com,0483308367729,Masculino,2025-01-27
CL-02537,Pelayo Adadia Losada,hilariorio@example.com,2188732597035,Femenino,2025-05-21
cl_02538,Aurelio Rey Montaña,regulollorens@example.net,1335249941829,Masculino,2025-04-01
CL-02539,Seve Ros Larrañaga,augustoguijarro@example.net,4783671590922,Femenino,2025-06-14
CL-02540,Maite Jiménez Fabra,carmelita32@example.net,4662645281576,Masculino,2024-10-02
CL-02541,Clarisa Giménez Madrigal,edgar24@example.net,0257867461853,Masculino,2025-01-11
CL-02542,Rolando de Infante,jesusaalvarez@example.com,7394004643376,Femenino,2025-08-18
cl_02543,Carolina de Pons,samuaparicio@example.net,7964879739035,Masculino,2024-06-14
cl_02544,Lidia Teodora Roig Suarez,albinocortes@example.org,61234abc,Masculino,2024-05-30
CL-02545,Curro Gil-Teruel,adelaleon@example.org,3830818291239,Masculino,2024-05-07
CL-02546,Ainara del Tena,bilbaodorotea@example.com,4052880758638,Masculino,2025-03-26
CL-02547,Maricruz Albina Prada Río,encarnacionhervia@example.net,0723576581688,Masculino,2025-05-04
cl_02548,Marciano Pascual Flor,remigio37@example.com,7230706778816,Masculino,2024-05-26
CL-02549,Paola Castelló Calleja,carmonasergio@example.net,9067858184088,Femenino,2024-11-04
cl_02550,123,,3972130687134,Masculino,2024-03-11
cl_02551,Emigdio Amílcar Tamayo Ibañez,eluis@example.org,6842353952816,Femenino,2025-08-16
cl_02552,Oriana Herrero Valentín,maximino80@example.com,9202940850989,M,2023-10-21
CL-02553,Zacarías Vicens,diezalexandra@example.net,8017063679737,Masculino,2024-09-11
CL-02554,Heraclio Villalonga Galiano,qalarcon@example.net,6459167157787,Masculino,2024-09-27
CL-02555,Amado de Arias,venceslas93@example.net,4145281007937,Femenino,2023-12-01
CL-02556,Benita Olmo Valverde,cgiron@example.com,61234abc,Femenino,
CL-02557,Luis Ángel Cámara Segovia,florentinasantana@example.net,5362145239560,Femenino,2025-05-29
cl_02558,Dalila Nicolás Gomila,delia61@example.com,9431712069994,Masculino,2025-06-21
CL-02559,Lina del Pérez,eligiopablo@example.net,2384079496735,Masculino,2024-02-09
,Jose Angel Nogueira Arco,,7226858104411,Masculino,2025-04-27
CL-02561,Paz Mulet Falcó,genoveva87@example.com,5040765748739,Masculino,2023-10-03
cl_02562,Marc Llorente Lozano,feliciana82@example.org,9337930700577,Femenino,2025-05-18
CL-02563,Lisandro Borrás Chaparro,vergararuben@example.com,7902386676568,Masculino,2023-10-17
CL-02564,Osvaldo Castillo Carrasco,felicianajaume@example.com,3738733709243,Femenino,2024-02-13
cl_02565,@Oliver,gesteban@example.net,1261433525560,Femenino,2024-02-20
cl_02566,Daniela Torres Armas,damaya@example.com,1115404447380,Femenino,2024-10-06
CL-02567,Elpidio Palomino Doménech,reina26@example.org,8714368544407,Femenino,2023-11-16
cl_02568,Íñigo Naranjo,vicentecordero@example.com,123456,Masculino,2024-06-11
cl_02569,Jordana Ibañez,agudogabino@example.com,2572060983416,Femenino,2024-07-10
cl_02570,Olimpia Pereira Pinedo,ldalmau@example.org,8155504562996,Masculino,2025-06-17
CL-02571,Feliciano Llorens-Portero,juan-bautistagomila@example.org,6832596878381,Femenino,2024-03-21
CL-02572,Nicanor Neira Lladó,leoncio28@example.com,9678107668903,Femenino,2024-12-01
CL-02573,Fabricio de Bartolomé,qmartinez@example.com,0325146473193,Masculino,2024-01-13
cl_02574,Joel Borrás Belda,gilberto04@example.com,3238677872941,Femenino,2024-04-26
CL-02575,Miriam Luque Vizcaíno,millansamanta@example.org,9515433345714,Masculino,2024-10-31
CL-02576,Mamen Crescencia Leon Salom,mirgonzalo@example.com,6644049928605,Masculino,2023-09-25
cl_02577,Hipólito Giralt Arnal,jose-manuelherrera@example.org,6798415038100,Femenino,2025-02-28
CL-02578,Aureliano Florencio Sedano Sebastián,zapatabibiana@example.com,6241405599050,Femenino,2025-04-13
cl_02579,Iván Segura Roldán,caridadsegura@example.net,2122624502360,Femenino,2024-10-02
CL-02580,123,@gmail.com,+34902 640 206,Femenino,2024-11-23
cl_02581,Amarilis Rico Sarabia,mirallesvidal@example.org,6857088388214,Femenino,2025-02-12
cl_02582,Primitiva Herrera Fábregas,carlito27@example.com,1483315393814,Masculino,2023-09-14
CL-02583,Loida Canales Valera,abrilreinaldo@example.com,7055808050235,Femenino,2023-11-14
CL-02584,Baltasar Cuadrado Alfonso,cecilioponce@example.com,8250417954692,M,2024-11-03
CL-02585,Encarnita Rosales Roldán,zllado@example.org,9636961289808,Masculino,2025-05-17
CL-02586,Imelda Cabo-Carro,dazabonifacio@example.net,6209315791065,Masculino,2025-04-29
CL-02587,Timoteo Pedro Peñalver,almudenarosa@example.net,3566982135920,Femenino,2024-10-18
cl_02588,Lara Morera,tlerma@example.net,6541249652804,Masculino,2025-04-23
CL-02589,Eduardo Rosa Expósito,zsanchez@example.com,0651814212937,Masculino,2024-01-29
cl_02590,Marcelino Menéndez Aguiló,,3756765003993,Masculino,2024-09-29
CL-02591,Enrique Prado Calzada,osunaoctavio@example.com,7021358709898,Femenino,2024-11-09
cl_02592,Prudencio Badía Monreal,palomodalila@example.com,+34 882 347 342,Masculino,
CL-02593,Noelia Fabra Donaire,anacleto93@example.net,8327963215977,Masculino,2025-06-05
cl_02594,Geraldo Jimenez Ugarte,victorbermejo@example.net,5986707161618,Femenino,2024-11-30
CL-02595,,ernestobermudez@example.net,6725309318329,Femenino,2024-01-11
CL-02596,Reynaldo Viñas Sabater,iborraamaya@example.net,9223971505003,Masculino,2025-05-19
CL-02597,Natalio Barberá Talavera,ralcolea@example.com,7275744762834,Masculino,2025-06-19
CL-02598,Gabino Gervasio Reig Tamarit,esmeralda40@example.net,3690705030593,Masculino,2024-01-20
CL-02599,Sancho Ponce,americo68@example.org,6784160339955,Femenino,2024-04-23
cl_02600,Epifanio Pedro Bernal Delgado,,9375037451826,Femenino,2024-09-01
CL-02601,Marcial Noriega Bravo,morenobellido@example.net,8016913315876,Masculino,2025-01-09
CL-02602,Clementina Casanovas Cuervo,victor-manuel39@example.net,3184271270101,Femenino,2024-05-10
CL-02603,Dorotea Hernando-Perales,fortunatomari@example.com,6992535292955,Femenino,2024-10-13
CL-02604,Matilde Cañas Arnau,nllabres@example.com,61234abc,Masculino,2024-08-06
CL-02605,Modesta Sales Gabaldón,pelayoamaya@example.com,6839652914718,Masculino,2024-06-02
cl_02606,Rosendo Agustín Gisbert,vegapatricia@example.net,0187571080644,Masculino,2025-07-16
cl_02607,Mateo Maestre Calatayud,ysegarra@example.org,9643466050469,Femenino,2025-08-01
CL-02608,Eustaquio del Cañellas,lledoazahar@example.net,9878936878993,Desconocido,2024-07-18
cl_02609,Melania Aller-Arjona,maria-dolores76@example.net,4585635959047,Masculino,2024-12-01
cl_02610,,correo@.com,0129111244568,Masculino,
CL-02611,Serafina Sarabia-Andreu,pcoloma@example.com,7138431325035,Masculino,2025-07-18
CL-02612,Rosaura Almansa,garzonjose-manuel@example.net,5868574051894,Femenino,2025-01-04
CL-02613,Azucena Emelina Sancho Amores,lbejarano@example.net,6262566851885,Masculino,2023-08-29
CL-02614,Yago Sosa Delgado,ruth47@example.net,5634284648740,Masculino,2024-09-19
cl_02615,Ruperta del Bustamante,marinotaboada@example.org,6659531302616,Femenino,2023-12-23
CL-02616,Ernesto Pelayo Cardona,yaliaga@example.org,61234abc,Masculino,2024-10-27
cl_02617,Fernando Oliva Nicolás,mauriciocompany@example.net,6487164160853,Masculino,2023-09-17
CL-02618,Chus Ordóñez,yaznar@example.org,4191122074956,Femenino,2023-12-19
cl_02619,Consuela Palmira Manso Cerro,lbastida@example.com,9269671042890,Femenino,2024-04-26
cl_02620,Martin Alcolea,correo@.com,2785407356438,Masculino,2025-04-28
CL-02621,Milagros Jimenez Elías,yroman@example.org,0638403742781,Masculino,2024-07-08
cl_02622,Rosaura Izquierdo Abascal,dsureda@example.org,3365919535668,Masculino,2024-08-01
CL-02623,Pelayo Gargallo,cloe54@example.net,4376988916086,Femenino,2024-02-07
CL-02624,Joan de Salcedo,bernardino17@example.com,8129392961852,M,2024-09-23
cl_02625,@Oliver,berto60@example.net,3222178318017,Masculino,2023-10-01
CL-02626,Adelia Macías Ferrándiz,pagusti@example.org,8507539673293,Femenino,2024-06-20
CL-02627,Alonso Carbó Amaya,salomon00@example.com,4387699895740,Masculino,2024-11-05
CL-02628,Apolonia Apolonia Perea Angulo,zmanzano@example.net,61234abc,Femenino,2024-05-05
CL-02629,Reyna de Mosquera,cervantesgisela@example.net,3226888054290,Masculino,2025-02-28
CL-02630,Fabián Roma-Fábregas,@gmail.com,0995016804320,Femenino,2024-05-29
CL-02631,Lino del Goicoechea,kgalvan@example.com,4785153847998,Masculino,2023-10-03
CL-02632,Victorino Mascaró Casado,alfonso55@example.org,2031383978788,Desconocido,2024-02-14
CL-02633,Luisa Morillo,nicolaspedro@example.com,8339696184084,Femenino,2025-01-01
cl_02634,Leopoldo Cuadrado-Gómez,rjordan@example.org,3653305447178,Femenino,2025-05-14
cl_02635,Maricela Cuadrado-Garriga,haparicio@example.net,9091035806390,Masculino,2024-03-06
cl_02636,Samanta Caballero Santamaría,xpujadas@example.net,8448985292841,Masculino,2025-06-15
CL-02637,María Teresa Alberola-Cámara,wgomez@example.org,5940472318867,Femenino,2024-05-16
CL-02638,Gervasio Pagès Lucena,idominguez@example.org,8398339463424,Femenino,2025-01-25
CL-02639,Balduino León Valencia,lcerro@example.net,8113796530572,Femenino,2023-10-25
cl_02640,,eligiogodoy@example.com,+34981 138 420,M,2024-03-01
CL-02641,Lázaro Aguiló Peinado,emilio96@example.com,2315159365195,Femenino,2024-10-24
CL-02642,Sabas Iñiguez Agudo,scuellar@example.com,8374788871083,Masculino,2025-02-09
cl_02643,Maristela Ferrero Murillo,iriscastell@example.com,3754603172985,Masculino,2025-08-16
CL-02644,Lucho Salamanca-Morata,leonelgimenez@example.net,7665756534410,Femenino,2025-06-26
CL-02645,Rafaela Sanabria Heredia,lfajardo@example.com,7002381411900,Femenino,2024-12-02
CL-02646,Eric Chaparro-Morán,eloisa82@example.com,7243616253788,Masculino,2026-01-01
cl_02647,Josep Plaza-Planas,batallaguadalupe@example.com,1032089286169,Masculino,2025-08-10
CL-02648,Piedad Gámez Arroyo,maxi72@example.net,3250657023365,Desconocido,2025-03-06
CL-02649,Delia Ocaña Checa,socorro20@example.net,7361554860472,Masculino,2025-05-21
cl_02650,Odalis María Carmen Acevedo Garay,correo@.com,8486551860749,Femenino,2024-06-06
CL-02651,Paula Mayo Valera,gabriel81@example.com,0641460764505,Femenino,2024-06-06
CL-02652,Leire Peralta Barranco,elianasalamanca@example.org,61234abc,Masculino,2024-11-02
CL-02653,Casemiro del Redondo,emaherrera@example.com,6273717083201,Masculino,2025-05-23
cl_02654,Wálter Nicodemo Maestre Ramis,calixtosamper@example.net,2152888251509,Femenino,2024-09-14
cl_02655,@Oliver,tlluch@example.org,3680154384726,Masculino,2024-08-04
CL-02656,Jimena Ledesma Bayón,hvelasco@example.com,8834632441638,Masculino,2024-02-17
CL-02657,Candelas Amador-Barba,flordebora@example.net,2259452752667,Masculino,2025-03-21
CL-02658,Amado Girona,cobosconrado@example.com,6740839021910,Masculino,2024-12-17
cl_02659,Teodosio Hernando Salom Rico,solerbelen@example.com,5895805120761,Masculino,2024-08-22
CL-02660,Lázaro Maestre Antón,,4732242003342,Masculino,2025-01-11
CL-02661,Lucía Tello-Donaire,nicanor96@example.net,1911053107002,Masculino,2024-05-27
CL-02662,Ramón Guillén Terrón,cmadrigal@example.org,9990302366351,Masculino,2025-02-08
CL-02663,Conrado Rueda Verdejo,isabel14@example.net,8140186227743,Femenino,2025-04-03
cl_02664,Evangelina de Gil,solersara@example.net,61234abc,Femenino,2023-12-12
CL-02665,Miriam Lasa Tirado,benignahigueras@example.org,6050403680582,Masculino,2024-08-10
CL-02666,Herberto Cisneros Ibañez,buendiaismael@example.org,6177909153047,Femenino,2025-04-26
CL-02667,Joaquín Arranz Corbacho,arevaloaurea@example.org,7008000610492,Masculino,2024-02-24
CL-02668,Martirio Barriga Martinez,nogueiraborja@example.com,2251194752159,Femenino,2024-07-30
cl_02669,Ignacio Paredes Rius,guadalupefrutos@example.org,0863029391027,Masculino,2025-07-25
CL-02670,@Oliver,arcebenigno@example.com,0293932720537,Masculino,2025-06-27
CL-02671,Camila Romeu Borrell,joaquina64@example.com,6240890208474,Femenino,2024-12-12
CL-02672,Manuelita Mayoral,qricart@example.org,2564910806409,Femenino,2024-12-13
CL-02673,Nicodemo Correa,htorres@example.com,8333328053243,Masculino,2024-01-20
CL-02674,Antonia Mendez Peralta,martirio15@example.org,8571479178216,Masculino,2024-05-02
cl_02675,Antonia Villar,nazaretgrande@example.net,4979117770027,Femenino,2025-03-16
CL-02676,Felicia Bustos Carretero,emilio24@example.net,123456,Femenino,2025-07-30
cl_02677,Nazaret Contreras Armas,eusebiagarces@example.net,5169032990963,Femenino,2024-12-25
CL-02678,Roque Cerezo Torrecilla,victorinonadal@example.net,2970563436718,Masculino,2025-05-01
CL-02679,Encarnación Alcalá Vargas,hermenegildo74@example.org,4518152106828,Femenino,2024-03-29
,Flavia Luque León,correo@.com,1054474427989,Femenino,2025-01-23
CL-02681,Perlita Ibañez Mosquera,teruelmaricruz@example.net,1760524167786,Femenino,2025-01-19
CL-02682,Alfredo Fábregas Sanchez,mvilalta@example.org,3958102515257,Femenino,2026-01-01
CL-02683,Esther Rico Zaragoza,juana67@example.net,7759194299411,Femenino,2025-03-19
cl_02684,Milagros Catalá Lasa,harodomitila@example.net,3326667169105,Femenino,2024-11-26
cl_02685,Sosimo Rodríguez Anguita,virgilio40@example.com,8283425869224,Masculino,2024-03-05
CL-02686,Pepe Aparicio-Sarabia,federicogarriga@example.org,5051210168386,Masculino,2025-03-17
CL-02687,Bernardino Juan Manuel Cueto Landa,jordaevelia@example.net,2577418808089,Masculino,2025-05-31
CL-02688,Román Quintanilla-Valencia,aristidesgilabert@example.com,61234abc,Desconocido,2025-03-07
CL-02689,Basilio Rosselló Pla,qoliver@example.net,8726662446482,Masculino,2024-01-17
cl_02690,Chita del Villalonga,,3838163840183,Masculino,2024-12-11
CL-02691,Anselmo Montero Flores,ntenorio@example.org,1412356930407,Masculino,2024-02-04
cl_02692,Juan José del Comas,jose-manuelmiranda@example.net,4774804804348,Femenino,2024-08-28
CL-02693,Ainoa Jiménez,odalys27@example.net,1975135936066,Masculino,2024-08-25
cl_02694,Jose Angel del Pavón,lucas86@example.net,6153752182475,Femenino,2024-10-06
CL-02695,Aristides Paredes,ameliarosales@example.com,8022860600307,Masculino,2025-05-26
cl_02696,Cristóbal Montenegro Montenegro,jose-antonio31@example.net,2547001952036,M,2025-02-01
CL-02697,Xavier Izaguirre Hierro,ingridrueda@example.com,2259201650626,Masculino,2023-11-08
CL-02698,Severo Granados Mínguez,davilaulises@example.net,1332685959145,Masculino,2024-11-01
CL-02699,Vicente Villa Azorin,camachoalvaro@example.org,3373437520745,Masculino,2024-05-11
cl_02700,@Oliver,,123456,Femenino,2024-03-23
CL-02701,Rosalía Alvarez Macias,graciela30@example.com,4641996741061,Femenino,2025-05-29
CL-02702,Aitor Oliver Mateos,mgordillo@example.com,5207672260956,Masculino,2024-12-23
cl_02703,Loreto Valls Cabello,earoca@example.net,1531255818855,Femenino,2025-07-31
CL-02704,Nicodemo Vicens Piñeiro,pili67@example.net,9787364393563,Desconocido,2024-11-04
CL-02705,Ramiro Cerdá Padilla,riveroche@example.com,9855266245990,Femenino,2023-11-30
cl_02706,Albino Blanco Zapata,ignacio39@example.org,3033125813398,Femenino,2025-06-06
CL-02707,América Benet Corominas,yago39@example.org,2220837883065,Femenino,2024-07-12
CL-02708,Jimena del Neira,leandrovilla@example.org,0471501774300,Masculino,2023-10-16
cl_02709,Alberto Frías Arellano,zmarino@example.com,1161777880964,Masculino,2024-04-29
cl_02710,Concha Múgica Canales,zoller@example.com,6143155757239,Masculino,2025-06-16
cl_02711,Trinidad Ramírez Lillo,hector98@example.net,8037666356662,Femenino,2025-06-05
cl_02712,Mireia Flor-Casals,rosaliabolanos@example.net,6-123-456,Femenino,2024-07-26
CL-02713,Norberto Vives Acosta,tvicens@example.net,0816254105848,Femenino,2024-02-22
CL-02714,Felicidad Castejón Campillo,bilbaoosvaldo@example.com,7799759941351,Masculino,2024-06-13
cl_02715,,jovita02@example.com,8635755819632,Masculino,2025-07-17
cl_02716,Ibán Llabrés Tovar,climacotejera@example.net,7642250805941,Femenino,2023-10-02
CL-02717,Bernardita Carballo Madrid,jbayo@example.com,5362557240636,Masculino,2024-06-21
CL-02718,Fidel Nieto-Lladó,silviaagudo@example.org,1856490035410,Masculino,2026-01-01
CL-02719,Amado Gilabert Jove,villalobosignacio@example.com,4859952750937,Femenino,2023-11-19
cl_02720,Pastora Novoa,,5056308192561,M,2025-07-20
CL-02721,Nuria Luque-Guardiola,loidabautista@example.org,6633509381685,Masculino,2025-01-21
cl_02722,José Luis Querol Casal,pelayopriego@example.org,7924810405826,Femenino,2025-02-11
CL-02723,Sebastian Piñol Sáez,tellojuliana@example.org,7057765934498,Femenino,2024-03-06
CL-02724,Reyes Villalba-España,sorianosebastian@example.com,+34 803 06 48 80,Femenino,2025-01-03
CL-02725,Roxana Castro-Palacio,alcalaiban@example.net,1327286252190,Masculino,2024-10-25
cl_02726,Faustino Carnero Gilabert,planasamanda@example.org,6699503180099,Masculino,2025-03-09
CL-02727,Evaristo del Ferrera,novoasilvio@example.com,3122183995690,Femenino,2023-11-08
CL-02728,Delfina Iriarte Osorio,jrubio@example.com,3085726284226,Masculino,2023-09-10
CL-02729,Herberto Burgos Salvà,donatojuarez@example.org,8116981046830,Masculino,2024-08-22
CL-02730,,@gmail.com,7764304850036,Femenino,2024-03-25
cl_02731,Rómulo Juan Cuesta Guzman,borjaalfonso@example.org,7339546523528,Femenino,2025-08-05
CL-02732,Clotilde Rincón,eli03@example.org,7036346262289,Femenino,2024-06-15
cl_02733,Mayte Guadalupe Mercader Molins,mtejada@example.com,9234161187106,Femenino,2024-08-10
CL-02734,Toño López-Ortuño,agatabaron@example.com,9774018956862,Femenino,2025-08-28
CL-02735,Alejandra Tejera-Yáñez,perabelen@example.net,9611494404216,Femenino,2025-06-18
CL-02736,Germán Jordán Alfonso,romulo59@example.net,6-123-456,fem,2025-04-21
cl_02737,Albina Ureña,zfranch@example.net,3288625285792,Femenino,2024-09-17
CL-02738,Azahara Jaén Cifuentes,pradojeronimo@example.org,1923093046031,Masculino,2024-01-09
CL-02739,Nerea Arroyo Garzón,jordan49@example.org,9607160992322,Masculino,2025-07-19
,Dulce Pinto Ros,,9151161970805,Femenino,2024-05-02
cl_02741,Lucía del Gonzalez,claudio47@example.org,5159600133395,Femenino,2024-05-23
cl_02742,Francisco Quevedo Olmo,ipiquer@example.com,6077957343647,Femenino,2024-05-13
CL-02743,María Teresa Piña,aroacampillo@example.org,1414604225040,Masculino,2024-09-20
cl_02744,Marino Iglesias Frías,espiridion41@example.org,9186351058084,fem,2025-08-03
CL-02745,@Oliver,blazquezefrain@example.net,1830519214466,Masculino,2024-04-14
cl_02746,Chucho Pombo Vall,augusto45@example.com,6166851020284,Femenino,2024-08-13
cl_02747,Eduardo Doménech Cuéllar,tejadaoctavio@example.com,5092804039892,Femenino,2025-08-27
CL-02748,Salomé Yolanda Tomé Villalonga,candelamadrid@example.net,61234abc,Femenino,2023-11-22
cl_02749,Eulalia Contreras España,adoracion83@example.com,5107418978648,Masculino,2025-05-20
CL-02750,Ulises Tito Farré Rivero,@gmail.com,3762352123350,Masculino,2024-11-02
CL-02751,Agustín Sosa Calvo,custodia01@example.net,2759620618157,Femenino,2025-05-01
CL-02752,Ernesto Criado Burgos,severinovega@example.net,9099442852199,Femenino,2024-12-05
CL-02753,Leticia de Anaya,maximiliano58@example.com,5031376460777,Femenino,2024-04-18
CL-02754,Pío Larrea Español,ovidiopizarro@example.com,8295239007969,Femenino,2025-08-18
CL-02755,Lázaro de Coello,puertapiedad@example.net,4007468813891,Femenino,2025-03-03
cl_02756,Seve del Valero,lermafrancisco-javier@example.net,5734778976860,Masculino,2025-02-24
CL-02757,Piedad Herrero Cerdá,prietojulian@example.net,0365265820610,Masculino,2024-01-31
cl_02758,Ambrosio Poza Mora,miriam41@example.net,6872164058131,Femenino,2025-05-29
cl_02759,Silvio Godofredo Domínguez Roca,matias98@example.com,1070933279261,Femenino,2024-05-16
,Noa de Saldaña,@gmail.com,+34 667 72 76 85,M,2023-10-12
CL-02761,Mercedes Casado,xbenet@example.org,9491716251517,Masculino,2025-03-08
cl_02762,Fermín Telmo Rodriguez Espada,ccarreno@example.org,2193565790479,Femenino,2024-04-17
CL-02763,María Manuela Rodrigo Camacho,gimenezsara@example.org,1164208143641,Masculino,2024-08-07
CL-02764,Eladio Escobar Llorens,maite78@example.net,1072312003264,Femenino,2024-12-15
CL-02765,Sara Alegria Badía,porrasnicanor@example.net,6060796408266,Femenino,2024-08-15
CL-02766,Isidro de Carbó,crescencia28@example.org,5703501021145,Masculino,2025-02-05
CL-02767,Nydia de Ramón,maxi68@example.org,3616119081295,Femenino,2025-05-21
CL-02768,Carlos Cleto Antúnez Escribano,kribera@example.net,3375307033195,Femenino,2025-04-10
CL-02769,Genoveva Aguirre Font,felipefrancisco@example.net,6307469287206,Femenino,2023-09-13
cl_02770,Máximo Blanes Roma,@gmail.com,6667876784495,Femenino,2025-08-15
cl_02771,Alberto de Fábregas,nlosa@example.net,0068300552797,Femenino,2025-07-08
CL-02772,Nidia Jover Garcia,dmaza@example.org,+34 888 167 907,Femenino,2026-01-01
CL-02773,Matías Meléndez Expósito,amado29@example.net,8495050051374,Femenino,2024-02-16
CL-02774,Marcia del Cabello,menaelisa@example.net,8814547979710,Femenino,2023-09-28
CL-02775,@Oliver,pugaamerica@example.com,4833868314245,Masculino,2025-03-20
cl_02776,Rosaura Alarcón Cantero,gilbertomarin@example.com,7773235407337,M,2023-12-13
cl_02777,Fortunato Quiroga Yuste,oheredia@example.com,4441077768629,Masculino,2024-07-26
CL-02778,Anita Sedano Galvez,ogutierrez@example.net,2804442186780,Femenino,2023-09-11
CL-02779,Domitila del Godoy,vcolomer@example.net,2689172339589,Masculino,2025-06-08
,Jennifer Heras Peláez,ignacio57@example.com,3917258906164,Masculino,2025-07-04
CL-02781,Tito Flor-Colomer,yherrero@example.net,1339447020654,Femenino,2024-01-24
cl_02782,Angelina Montenegro-Bosch,hectorruano@example.net,6986807359902,Femenino,2023-10-07
CL-02783,María Carmen Madrid Barrena,primitivomanzanares@example.net,0272585179988,Masculino,2024-10-14
CL-02784,Jose Manuel Palomares Jove,sigfrido69@example.net,+34900963914,fem,2024-09-13
CL-02785,Fabio Eladio Peralta Serrano,jllamas@example.com,1675911010273,Femenino,2024-08-01
CL-02786,Clementina Castells Lopez,valentina35@example.net,1248790460042,Masculino,2024-01-26
CL-02787,Herminia Acuña Querol,zsolsona@example.com,5260649632171,Masculino,2024-09-23
cl_02788,Anastasio del Fernández,marciafabra@example.org,6084946012341,Femenino,2023-11-26
CL-02789,Amada Navarro Batlle,afiguerola@example.org,4969845832533,Masculino,2024-06-16
cl_02790,,ovilanova@example.net,8374586912760,Masculino,2026-01-01
cl_02791,Cristian Cornejo Hervás,pcerro@example.com,0973770169264,Masculino,2024-07-05
cl_02792,Lidia Abril Feliu,bartolome86@example.org,3127396490129,M,2025-08-06
CL-02793,Dionisio Paredes Villalba,tejeraelena@example.net,4943263196985,Femenino,2023-11-04
cl_02794,Gervasio Ferrando Abella,pinaanna@example.org,8449836447769,Masculino,2025-04-26
CL-02795,Roldán de Viña,kcruz@example.net,2103620263617,Femenino,2024-11-24
CL-02796,Genoveva Tenorio Soto,lorena18@example.net,+34971096423,Masculino,2025-06-21
CL-02797,Marta Julia Jara Martorell,cecilio74@example.net,3452180512576,Femenino,2025-05-11
CL-02798,Perlita Molina Cortes,bricart@example.com,2529301793114,Femenino,2024-02-25
CL-02799,Daniela Galván-Valencia,kgalan@example.org,9456136007852,Femenino,2024-02-09
cl_02800,Heriberto Losa Mancebo,correo@.com,0448293580916,Masculino,2023-10-14
cl_02801,Danilo Méndez Borrás,goyo93@example.org,9840201393467,Femenino,2025-04-24
CL-02802,Cleto Chaves Campillo,cidamaya@example.org,3927129265929,Masculino,2025-04-20
CL-02803,Aníbal Lobato Pino,royopatricia@example.net,2934280535583,Masculino,2025-01-07
cl_02804,Eligia Menendez Solís,alberdisilvia@example.com,3254457802427,Masculino,2025-05-06
cl_02805,@Oliver,francisco42@example.com,9977126068309,Femenino,2024-09-02
CL-02806,Gerónimo Neira,blanca60@example.org,5365486234150,Femenino,2023-11-05
cl_02807,Marianela Dalmau Chaves,snicolas@example.org,1680482475829,Femenino,2024-09-16
CL-02808,María Luisa Mir Anaya,encarnacionlara@example.org,61234abc,Desconocido,2024-07-04
CL-02809,Primitivo Sedano,jordan47@example.net,8729445275193,Masculino,2025-07-20
CL-02810,Celia Esteban Iñiguez,,5919102627698,Femenino,2024-02-26
CL-02811,Virginia Cordero,robledomodesta@example.net,1775336670325,Masculino,2025-07-31
CL-02812,Candelaria Ferrández,vallsconsuelo@example.org,7859914167223,Femenino,2024-02-22
CL-02813,Emma Iniesta Criado,adelia00@example.com,5605014028339,Femenino,2024-05-13
CL-02814,Vito Pla Castrillo,faustinosantana@example.net,2683091664521,Femenino,2024-11-10
cl_02815,Nicolasa Villalobos Vilar,yolanda67@example.org,0436274125509,Femenino,2024-04-28
CL-02816,Adelaida Soria Clemente,abraham19@example.com,6445157517088,M,2025-05-11
CL-02817,Ariel Acedo Balaguer,ale58@example.org,0061008088905,Masculino,2025-01-29
CL-02818,Severino Román Porcel Pujol,umoll@example.com,2501238618699,Femenino,2024-09-13
cl_02819,Joel Hervás Solís,aragonreina@example.com,2152492703171,Masculino,2024-03-21
CL-02820,,correo@.com,61234abc,Femenino,2024-03-02
cl_02821,Rosalva Montes Barba,adelardocamacho@example.org,7971178071293,Femenino,2023-09-05
CL-02822,Duilio Lastra Bilbao,carminallano@example.org,9407858744453,Masculino,2023-11-29
cl_02823,Modesto Santos Gomila,gloria06@example.net,3993989057459,Masculino,2024-02-10
CL-02824,Alba Suarez Seguí,florentinomenendez@example.org,3922250158781,fem,2024-08-09
CL-02825,Belén Sabater-Paniagua,whoyos@example.net,2481809047015,Femenino,2023-10-08
CL-02826,América Gutiérrez Sola,severo34@example.com,3137477695961,Femenino,
CL-02827,Marita Marita Menéndez Baquero,galo74@example.com,7149682291408,Femenino,2024-08-27
cl_02828,Lorenza Urrutia Velasco,rebecaroig@example.net,0764223126416,Femenino,2024-07-24
CL-02829,Haroldo Belmonte,simoanselmo@example.org,3417844878847,Masculino,2024-02-28
CL-02830,Julián Reguera Catalán,correo@.com,2447474712584,Masculino,2025-05-11
CL-02831,Nieves Borrell Alba,leocadio92@example.com,0639928300861,Masculino,2024-09-26
CL-02832,Kike del Izaguirre,valderramapaulino@example.com,+34 888 607 408,M,2023-11-12
CL-02833,Francisco Amador Hidalgo,nprado@example.com,0440328612744,Masculino,2024-07-20
CL-02834,Clara del Granados,droman@example.com,0835094405297,Masculino,2023-09-27
CL-02835,123,cardonacayetana@example.net,4513236884317,Masculino,2024-04-17
cl_02836,Simón Arregui Barroso,vbernal@example.com,7028336412181,Femenino,2025-07-15
CL-02837,Balduino Nadal Menendez,soledadviana@example.net,0165074581428,Masculino,2025-07-17
CL-02838,Mirta Nazaret Cases Solsona,gervasiocompany@example.com,4824295133954,Femenino,2023-12-29
CL-02839,Elodia de Gutierrez,mateo16@example.net,5113271610701,Femenino,2024-11-03
,Pastor Castañeda Amor,correo@.com,6399421147181,M,2025-03-14
CL-02841,Ofelia Mar Bejarano Neira,gala28@example.org,1014339594419,Femenino,2025-06-11
cl_02842,Gabriel de Coloma,portillodorotea@example.org,7422249790192,Femenino,2024-09-01
cl_02843,Ainara Domínguez Perea,carrochus@example.org,4333449666513,Femenino,2023-09-14
CL-02844,Juan Antonio Castillo Iñiguez,francisco-javierbaena@example.org,6-123-456,Femenino,2024-01-17
cl_02845,Rocío Palacios Medina,isaurafigueras@example.com,6951633284756,Masculino,2024-12-03
cl_02846,Tiburcio Morillo Aramburu,tania82@example.com,7240245447576,Femenino,2024-03-11
CL-02847,Lucila Plana Valle,cebriancalleja@example.org,3511809106967,Femenino,2024-11-19
cl_02848,Seve Pinto Fonseca,camposcirino@example.org,7316858484616,fem,2025-05-17
CL-02849,Amor Pinto Armas,isabelgrau@example.net,8617770075623,Masculino,2023-12-01
CL-02850,,correo@.com,8168887367418,Femenino,2024-04-22
CL-02851,Baudelio Miguel Barral,ana-belenferrandiz@example.com,9933168666982,Masculino,2024-06-01
CL-02852,Epifanio del Vicente,dvives@example.net,2408309004580,Femenino,2025-01-08
CL-02853,Rosa Reyes Ródenas,luis-miguelmanrique@example.org,0689470187535,Masculino,2023-10-30
CL-02854,Édgar Simó Jódar,porterovinicio@example.com,9358448350443,Masculino,2023-09-23
cl_02855,Javier Pereira,eutropio96@example.net,2574686175865,Masculino,2025-05-18
CL-02856,David Santiago Salvà,cmendizabal@example.org,123456,Masculino,2024-08-23
CL-02857,Tito Salom Landa,samuel75@example.com,9653243447860,Masculino,2024-09-09
CL-02858,Carmina Segura Vélez,guadalupe11@example.net,3341563915886,Masculino,2024-11-28
cl_02859,Amancio Carreño Garmendia,graciana78@example.org,9003994028304,Femenino,2024-10-16
CL-02860,Clara Cobo-Menéndez,,1036435529103,Femenino,2025-01-26
cl_02861,Custodio Ríos Mayo,jesus67@example.com,2399086201463,Femenino,2025-07-13
CL-02862,Lucila Máxima Peña Sedano,villegasmiguel@example.net,6936089037906,Femenino,2026-01-01
cl_02863,Sandra Alejandra Elías Carreño,npages@example.com,0270786175706,Femenino,2024-06-24
CL-02864,Etelvina Codina,pomarescarmen@example.com,2454808505082,fem,2025-05-22
CL-02865,,ealmeida@example.com,0164963799588,Femenino,2024-08-27
CL-02866,Charo del Mas,xalvarez@example.net,6313863548784,Masculino,2023-09-11
CL-02867,Dulce Aramburu Tomé,mario14@example.net,7756378611994,Masculino,2024-09-04
CL-02868,Amílcar Delgado,feliciamarcos@example.net,61234abc,Femenino,2023-09-17
cl_02869,Nando Pérez,bertranluis-miguel@example.net,6710597319813,Femenino,2023-11-01
CL-02870,Úrsula Hervia Alba,sofia42@example.org,0341583756632,Femenino,2025-06-21
cl_02871,Olalla Carmona Cabeza,ernestocabeza@example.com,5515584370976,Femenino,2025-04-21
cl_02872,Zaira Ascensión Ferrer Mínguez,ruizotilia@example.org,2441564656537,fem,2024-10-27
CL-02873,Íngrid Verdú Mulet,oariza@example.com,6831099372575,Masculino,2025-03-20
CL-02874,Jacobo Montenegro,calamo@example.net,5973126408401,Femenino,2025-04-03
CL-02875,Zaira Piñeiro Vilanova,gluna@example.com,8698157454343,Masculino,2024-05-18
CL-02876,Ulises Pozuelo Duque,etelvinabenitez@example.net,8322818058214,Femenino,2025-04-13
cl_02877,Máxima Lorenzo Palacios,cuestahermenegildo@example.net,4575541917999,Masculino,2024-04-04
CL-02878,Nydia Amanda Ferrán Criado,desiderio37@example.com,5710242388123,Femenino,2025-06-02
cl_02879,Jose Molins Quevedo,zapatasara@example.net,4232479741979,Masculino,2024-08-24
CL-02880,,,61234abc,M,
cl_02881,Julieta Olivera Perales,baldomerofont@example.com,4795195024075,Femenino,2025-05-01
CL-02882,Conrado Suarez Martin,azaharjaume@example.net,6625426231703,Masculino,2025-01-16
CL-02883,Visitación Marí,ollerarmida@example.org,3122747222545,Femenino,2024-11-23
cl_02884,Pancho Cuevas Bertrán,brionestelmo@example.org,7815270015662,Masculino,2024-01-31
CL-02885,Leonor Aliaga Sastre,tbosch@example.org,9677524707294,Masculino,2025-04-30
CL-02886,Florentino Manzano Reig,chita76@example.com,2840657328028,Masculino,2025-05-26
CL-02887,Amelia Gomila Hoyos,morerapaco@example.org,3382525257123,Femenino,2025-07-02
CL-02888,Ildefonso Lope Fabregat Tejero,eulalialuque@example.org,0197040192405,Desconocido,2025-07-01
cl_02889,Omar Tormo Pinto,alonsofidel@example.com,7963483221180,Femenino,2024-07-15
CL-02890,Eli Ballester Alemany,,3678322521490,Masculino,2024-10-02
CL-02891,Águeda María Fernanda Andreu Pi,azconalorenza@example.com,3981286845648,Femenino,2024-04-15
cl_02892,Eliseo Verdú,qcodina@example.org,123456,Femenino,2025-08-21
cl_02893,Isaías Alcázar Lobo,dcerezo@example.net,4636348012130,Masculino,2024-05-26
CL-02894,Flor Bilbao Lamas,kmurcia@example.org,7845811671267,Masculino,2025-06-18
cl_02895,@Oliver,bsalom@example.org,3206221094995,Masculino,2024-07-13
cl_02896,Rocío Mayol Aramburu,jose-luis19@example.com,3942786400266,Masculino,2024-11-26
CL-02897,María Belén Villar,vcarbajo@example.org,7692996209126,Femenino,2024-02-16
CL-02898,Susanita Chamorro Iborra,chita95@example.org,4693314419234,Masculino,
CL-02899,Duilio Santiago Velázquez,estherrueda@example.org,8486885719994,Masculino,2023-11-08
CL-02900,Trinidad Narciso Bello Ballesteros,,5358092028732,Femenino,2024-07-01
CL-02901,Quirino Girón Moya,jose-antonio67@example.org,3620301670447,Femenino,2023-09-05
CL-02902,Víctor Reig Moll,violeta92@example.org,7030625197798,Masculino,2024-11-02
CL-02903,Eulalia Camino Casas,dafne22@example.org,7133381935680,Masculino,2024-08-14
CL-02904,Isa Lasa Recio,pedreroatilio@example.com,6-123-456,Femenino,2025-05-23
CL-02905,Vinicio Lastra Tomas,hmiranda@example.org,7628995520841,Femenino,2025-07-22
CL-02906,Agapito Valentín Gómez,nperalta@example.net,1157292880862,Femenino,2024-08-14
cl_02907,Melchor Peñalver Manso,gomisiris@example.org,4607714201673,Femenino,2025-07-01
CL-02908,Quirino Bermejo Díez,maguirre@example.org,0016539602835,Masculino,2023-09-25
CL-02909,Ciriaco Exposito Osorio,adelinaterron@example.org,9610014937182,Femenino,2024-11-20
cl_02910,,correo@.com,7904694047408,Femenino,2025-06-24
CL-02911,Nicolasa Rivera Garrido,elbacarbo@example.org,3351642027268,Femenino,2025-01-19
CL-02912,Rosendo Ros Zaragoza,simon17@example.com,6987132216521,Desconocido,2025-01-26
cl_02913,Renata Sancho Tapia,fausto79@example.net,1624866424967,Femenino,2024-08-10
CL-02914,Eduardo Iker Río Quintanilla,arroyomacaria@example.com,0540548285243,Masculino,2025-02-16
CL-02915,Alberto Villalonga Segarra,pcarvajal@example.com,2073676647472,Femenino,2023-11-01
cl_02916,Domitila Campo-Rodrigo,carla43@example.org,61234abc,Femenino,
CL-02917,Victoria Correa Canales,candida95@example.com,6518819963849,Femenino,2025-06-08
CL-02918,Úrsula del Rosales,sernafelipa@example.net,1249182234577,Femenino,2024-03-10
CL-02919,Cecilio Calvo,erico@example.net,8153262828810,Femenino,2023-12-26
cl_02920,Ariadna Casanovas Alcázar,,1213279832116,Desconocido,2024-12-09
CL-02921,Juanita Arribas-Noguera,ceciliachaparro@example.org,4825697128525,Femenino,2024-02-13
CL-02922,Concha Mireia Perez Mariño,fabian53@example.net,7803731421236,Masculino,2025-06-10
cl_02923,Nazaret Valbuena Rosa,ruyarranz@example.net,3050056275608,Femenino,2023-11-16
cl_02924,Teo Farré Gómez,quesadamoises@example.net,6656591486870,Masculino,2024-09-28
CL-02925,Marcia Bibiana Arévalo Moreno,ferrangaston@example.com,4687351467447,Masculino,2024-01-13
CL-02926,Graciana Recio Seco,lolapatino@example.com,7242615752763,Femenino,2024-01-19
CL-02927,Mirta Alcaraz Riquelme,clara@example.org,1983067949280,Masculino,2025-06-24
cl_02928,Emilio Madrid Sarmiento,montserratreyes@example.com,61234abc,fem,2023-09-28
cl_02929,Eloy Botella,micaela85@example.com,3002398397221,Femenino,2025-03-19
cl_02930,Benigno Reyes Quevedo Adadia,,2898948678567,Femenino,2025-08-21
CL-02931,Sonia Alcázar Rebollo,bejaranodalila@example.net,5435276590834,Femenino,2024-04-19
CL-02932,Eusebio Aznar Roca,jonatan64@example.net,1740248449314,Masculino,2024-08-04
CL-02933,Ricarda Quesada Pizarro,ricardo02@example.org,2697092103645,Masculino,2025-03-09
CL-02934,Claudio Moraleda Palau,gargalloantonio@example.com,4258149324191,Masculino,2026-01-01
cl_02935,Roberta Viña,eliseosolera@example.com,3606406306326,Masculino,2024-12-29
cl_02936,Jonatan Ochoa Crespi,lilia92@example.org,0608303391447,Desconocido,2023-09-07
CL-02937,Camilo Alcalde Román,jovita54@example.net,6624212735975,Masculino,2023-09-09
CL-02938,Wálter Miró Pacheco,marquezchelo@example.org,9244272042774,Masculino,2024-02-03
CL-02939,Martirio Verdugo-Sanmiguel,palmerdomitila@example.com,5123840471742,Masculino,2024-05-16
,,correo@.com,6-123-456,Femenino,2024-12-11
cl_02941,Odalys de Bautista,qredondo@example.com,4987286902277,Femenino,2024-04-16
cl_02942,Ángeles Alba Torralba,che87@example.org,5480920729015,Femenino,2024-05-15
cl_02943,Aitana Marqués Huerta,coronamorcillo@example.com,4462371248138,Femenino,2024-06-08
CL-02944,Che del Márquez,pozojose@example.net,2143272000791,Desconocido,2024-09-09
CL-02945,Adelaida Martinez Alcalá,samuel55@example.org,2791166297561,Femenino,2024-05-16
CL-02946,Sigfrido Pérez Agullo,rozasrosalina@example.net,4007514373538,Femenino,2024-04-29
CL-02947,Carmela Navarro Segura,victoria52@example.net,8608995632123,Masculino,2025-05-10
cl_02948,Juan Pablo Herranz Colom,rolandopinto@example.net,9565896684497,Masculino,2025-08-05
CL-02949,Francisco Javier Rosales Jerez,saenzcintia@example.com,4386069004781,Masculino,2025-03-27
CL-02950,Wálter Vázquez Galiano,valerio23@example.net,7940788178451,Femenino,2024-07-15
CL-02951,Victoria Navas Gil,colmedo@example.com,4308274484906,Femenino,2024-04-24
CL-02952,Tomás Samuel Blanca Gimeno,renato83@example.com,+34928 88 67 37,Masculino,2025-01-17
CL-02953,Melchor Jáuregui Castro,gallartcandela@example.org,8050602192449,Masculino,2024-04-26
CL-02954,Eufemia de Oller,ciriacoandrade@example.org,0934132506909,Masculino,2024-07-20
CL-02955,123,vaqueroemma@example.net,2112107532347,Masculino,2024-11-14
CL-02956,Tomasa Ariza-Reig,ernesto82@example.net,1678312252713,Masculino,2025-01-11
cl_02957,Renata Elías Bustos,nbaez@example.net,6204600409651,Masculino,2024-01-16
cl_02958,Celestina Casanovas Peralta,ebayon@example.com,3151642458807,Femenino,2024-09-26
CL-02959,Julián Tolosa Bernad,pereramanuel@example.org,5026599673686,Masculino,2024-03-21
cl_02960,Félix Abella Pujol,,4662104840491,Desconocido,2025-07-04
cl_02961,Benita Orozco,jjuan@example.net,9797244481933,Masculino,2024-01-15
cl_02962,Donato Yáñez Macías,eugeniofont@example.com,7869342561147,Masculino,2025-01-12
cl_02963,Marciano Sans Valdés,trujillorenato@example.com,5728652427532,Masculino,2024-09-05
CL-02964,Nilda del Calzada,raul43@example.com,+34871 23 46 00,Masculino,2024-08-27
CL-02965,Eutropio Ordóñez-Villar,edelmiro76@example.org,3752155825600,Masculino,2025-06-07
CL-02966,Consuelo Quiroga,obdulia80@example.net,5763787590740,Femenino,2024-11-26
CL-02967,Natalio Ignacio Uriarte Garriga,mohamedsosa@example.org,3586688121227,Masculino,2024-11-02
cl_02968,Toni Gordillo Durán,fannyayuso@example.org,0376801892319,Masculino,2025-04-18
CL-02969,Carlos Cobo-Cabañas,enoriega@example.com,8971825393013,Femenino,2024-09-18
CL-02970,@Oliver,bbarragan@example.org,6892375512353,Femenino,2025-08-01
cl_02971,Natividad de Diéguez,macaria72@example.org,6857095198424,Femenino,2025-05-15
CL-02972,Aitor Cornelio Rius Perea,domenechseverino@example.com,7756814854042,Femenino,2024-09-12
CL-02973,Rafael Vergara Casado,charojimenez@example.org,9212636763454,Masculino,2025-04-14
cl_02974,Rosalía Valle,lduenas@example.org,7915437849346,Femenino,2025-01-06
CL-02975,Regina Egea-Malo,zserra@example.org,1487660556485,Femenino,2024-08-27
cl_02976,Sol Tamarit Rodriguez,hgarriga@example.org,61234abc,Masculino,2023-10-27
CL-02977,Nacio Parra Montserrat,pozodavid@example.org,6860927835406,Femenino,2023-10-21
CL-02978,Ildefonso Vera Arteaga,comasatilio@example.org,9690049790382,Masculino,2024-10-23
CL-02979,Herminia de Juliá,florentino97@example.org,3561992376712,Femenino,2024-05-25
cl_02980,Cintia Miralles,andresangelica@example.net,1549157052378,Masculino,2023-11-24
CL-02981,Raquel Núñez-Sales,norbertoescalona@example.net,1701089151410,Masculino,2025-07-29
CL-02982,Cándida Valdés Paniagua,cortesnilo@example.com,2332068670580,Femenino,2024-01-03
cl_02983,Eulalia Fabra Cortes,wllobet@example.com,5619919329247,Femenino,2025-05-01
CL-02984,Alberto Armengol-Cordero,isaactenorio@example.net,6063249288800,M,2024-02-12
cl_02985,,llorentecipriano@example.org,3128511143246,Femenino,2024-11-16
cl_02986,Flora Valentín,pedrosamohamed@example.org,3362181715667,Masculino,2024-07-24
CL-02987,Haydée del Morera,amatdominga@example.net,5362986639517,Masculino,2024-06-16
CL-02988,Andrés Felipe Galvez Oller,fito76@example.org,123456,Femenino,2026-01-01
CL-02989,Salomón del Blázquez,anunciacion74@example.net,9046313678132,Masculino,2025-04-05
CL-02990,Maxi Viana Llopis,@gmail.com,8595463437759,Masculino,2025-06-21
CL-02991,Marcial Durán Alba,elodia48@example.org,0732814249582,Femenino,2023-10-28
CL-02992,Jesús del Bermejo,estefania03@example.com,1926134814006,Femenino,2024-03-01
cl_02993,Juanito Bou Alcántara,emelinalosada@example.net,5605486189193,Femenino,2024-04-21
CL-02994,Albino Ariño-Guzman,valentinredondo@example.org,9721357591558,Femenino,2024-05-24
cl_02995,Simón Marín Prats,vilarchema@example.com,7204872410718,Masculino,2025-03-09
CL-02996,Griselda Juárez Sanmartín,nunezjaviera@example.com,4064627931315,Femenino,2024-12-02
cl_02997,Beatriz Domingo Mendez,domitilavalls@example.net,8734469709890,Femenino,2025-05-30
CL-02998,Nicanor del Cid,jharo@example.com,6592808182477,Masculino,2024-05-27
CL-02999,Rufina Ferreras Galan,sgiralt@example.com,8459295520119,Masculino,2025-08-25
cl_03000,Remedios del Lozano,,61234abc,fem,2025-05-30
CL-03001,Esmeralda Leiva Vicens,zcuellar@example.net,2575907180596,Femenino,2023-09-10
CL-03002,Julio del Martínez,perlitagirona@example.net,2246825913706,Masculino,2024-05-22
cl_03003,Cleto Sierra Heras,julio-cesar84@example.org,0704829452669,Femenino,2024-11-14
CL-03004,Jesusa Amat Palma,ciriacotejedor@example.com,9044799196133,Masculino,2024-04-22
cl_03005,Osvaldo de Pagès,carmen42@example.org,3125535354542,Femenino,2024-08-06
CL-03006,Adalberto Gutierrez Mayoral,teresa97@example.com,1247318140455,Femenino,2024-10-23
CL-03007,David Medina-Arteaga,agustijuanita@example.net,1332777484013,Femenino,2024-09-25
CL-03008,Otilia Emiliana Fiol Belda,cerdapriscila@example.org,3445303800338,M,2024-08-05
CL-03009,Maximiano Rey,sebastiangarcia@example.com,1162143475820,Masculino,2025-05-18
CL-03010,Eva Tomas Iborra,adadiaciriaco@example.net,5953012500599,Femenino,2023-11-15
CL-03011,Alba Giralt Monreal,iniestaale@example.com,9024272859068,Femenino,2024-04-06
CL-03012,Baudelio Ferrando Cabello,lorenzosalas@example.net,6-123-456,Masculino,2024-08-16
cl_03013,Adelaida Camino Miguel,salonso@example.net,7639143789318,Femenino,2024-11-17
CL-03014,Martirio Iborra Barberá,elviradiego@example.com,2065765647443,Masculino,2024-05-29
CL-03015,Camilo Calleja Bayo,estefania49@example.org,9789027710140,Masculino,2025-04-30
cl_03016,Mariano Jose Francisco Sanmiguel Anguita,telmovarela@example.org,5045785595622,Desconocido,2024-06-29
cl_03017,Fidel Ferrández-Malo,nrojas@example.net,0439049821584,Femenino,2024-06-22
CL-03018,Haroldo de Amorós,ytudela@example.net,3723317610115,Masculino,2024-05-02
cl_03019,Remigio Salas Galvez,maria-del-carmenmontana@example.com,6552403591828,Masculino,2025-04-24
,Nereida Borja Adán,,8125334520429,Femenino,2024-12-07
CL-03021,Aristides Baró Sans,faustino14@example.com,0122465415412,Masculino,2023-10-29
CL-03022,Baltasar Navarro Prada,bilbaosebastian@example.com,6280043901631,Femenino,2025-08-19
cl_03023,Bartolomé Jimenez Bou,jtrujillo@example.org,9457963443624,Masculino,2024-02-23
cl_03024,Guiomar Carballo Colomer,pozuelomelania@example.com,61234abc,Femenino,
cl_03025,Francisco Jose Juan Antonio Calatayud Echeverría,ohernandez@example.org,7954537092503,Masculino,2024-08-29
cl_03026,Hortensia Aranda Cases,maria-manuelalobato@example.com,9628344621291,Masculino,2025-02-07
cl_03027,Odalis Rico Cuenca,melisaalcalde@example.com,3738976837940,Masculino,2023-11-19
cl_03028,Fabio de Roldan,scardona@example.com,3028505621379,Masculino,2025-03-17
CL-03029,Herberto Castell Castell,prosales@example.net,2427873969246,Femenino,2023-11-05
CL-03030,123,correo@.com,4381020066343,Masculino,2024-06-15
CL-03031,Constanza Adriana Reyes Roselló,gastontorrent@example.com,2181538694126,Femenino,2024-11-21
CL-03032,Reinaldo Miranda Jordá,pelayodebora@example.com,1665715704870,Femenino,2023-09-15
cl_03033,Milagros Gracia Real,uballesteros@example.org,9036011122740,Femenino,2025-07-26
cl_03034,Florina Villa Quintanilla,valero05@example.com,7105954078594,Masculino,2025-01-14
cl_03035,Horacio Palau,pastor43@example.net,3268374473221,Femenino,2024-04-25
CL-03036,Cruz Ámbar Bou Fernández,pazoscristina@example.com,61234abc,Masculino,2025-04-04
CL-03037,Nidia Álvaro Neira,boueulalia@example.org,6144513920967,Masculino,2024-07-12
CL-03038,Dulce Leiva-Morera,leandra23@example.org,6388134600344,Femenino,2024-10-15
CL-03039,Remigio Castilla-Mateu,eugeniollobet@example.com,5908308972449,Femenino,2024-07-29
CL-03040,Mateo Bueno Sancho,,9372982016841,Femenino,2024-10-31
cl_03041,Guadalupe Pozo Crespi,borrellquique@example.org,8533889524646,Femenino,2025-04-11
cl_03042,Poncio Fonseca Robledo,tcazorla@example.org,7461822831700,Masculino,
CL-03043,Luciano Amor Noriega Tamarit,ortizchus@example.org,2191920409933,Masculino,2024-02-28
CL-03044,Elisa Marquez Cifuentes,pagesbernardino@example.org,8007209553768,Masculino,2023-12-04
cl_03045,123,chefiguerola@example.org,2766100988920,Masculino,2025-03-01
CL-03046,Milagros Huerta Guzmán,candidahervas@example.com,4219923715948,Femenino,2024-12-10
CL-03047,Amando Manzano Guerra,gironalucia@example.net,4452490527219,Masculino,2024-04-13
CL-03048,Gonzalo Fuster Reguera,aguedallamas@example.net,6-123-456,Femenino,2024-09-11
cl_03049,Ramón Valenzuela Colomer,zabalaeliana@example.com,6725346486193,Masculino,2024-10-25
cl_03050,Amílcar Recio Pineda,correo@.com,6432251272764,Masculino,2025-03-06
CL-03051,Jaime Cabello Prada,faustino75@example.com,1590784467350,Masculino,2025-02-19
cl_03052,Jose Francisco Mora,rojasjuan-manuel@example.com,5197638080449,Masculino,2024-01-31
CL-03053,Gisela Huertas,piocanas@example.net,8771121220964,Masculino,2024-07-26
CL-03054,Nicodemo Suárez Salvador,aalcalde@example.net,2364556816037,Masculino,2023-10-18
CL-03055,Rosario Iglesias-Oller,wyanez@example.org,0123980482554,Masculino,2025-06-08
CL-03056,Josefina Mendoza,mirtabaeza@example.com,0724128828795,M,2023-11-15
CL-03057,Guillermo Aparicio Tenorio,iamo@example.net,3795570482264,Femenino,2025-02-25
CL-03058,Liliana Pino-Diego,manuelamartorell@example.com,4227697835329,Femenino,2024-07-31
CL-03059,Dolores Suarez-Jódar,linasantos@example.net,9421283298007,Masculino,2025-06-22
CL-03060,Emiliana Domínguez Pombo,@gmail.com,61234abc,Femenino,2026-01-01
cl_03061,Evangelina Dionisia Morante Ferrández,leonelrodrigo@example.net,9310128959875,Masculino,2025-08-26
cl_03062,Dafne Castañeda,clotildebello@example.com,0881578757383,Masculino,2024-12-07
CL-03063,Nicolás Matías Canals Casanovas,rodriguezafrica@example.org,8400918939773,Masculino,2023-10-22
CL-03064,Chuy Iglesias-Valderrama,sabaterhumberto@example.org,4842464517657,Femenino,2024-12-06
cl_03065,Trini Aragonés Farré,eleuteriobenito@example.com,3713578099737,Masculino,2025-05-13
CL-03066,Federico Busquets Aranda,luciavalenciano@example.com,8452779478070,Masculino,2023-11-28
CL-03067,Leoncio Novoa Arrieta,manjonselena@example.org,2760375415746,Femenino,2024-05-26
CL-03068,Etelvina del Mariño,checaemperatriz@example.net,3186481247847,Masculino,2024-01-05
cl_03069,Tamara Josefa Soria Egea,ecarrera@example.com,4443570516633,Femenino,2024-01-08
CL-03070,Alejo Barrera Pedrero,@gmail.com,8612570356262,Femenino,2024-11-29
CL-03071,Bautista Patiño Bonet,rhoyos@example.org,5150553909850,Masculino,2023-12-02
CL-03072,Santos del Tolosa,medinahernando@example.net,+34827 18 76 77,fem,2024-09-22
cl_03073,Lino Cañellas Cabrera,rquiros@example.org,6041657496888,Femenino,2024-01-31
CL-03074,Geraldo de Tomás,upina@example.net,2293381307756,Femenino,2024-04-23
CL-03075,@Oliver,oriana49@example.net,7365406277931,Femenino,2024-05-16
cl_03076,Ramona Saura Folch,jonatan57@example.org,5301125786942,Femenino,2023-10-27
CL-03077,Ramón Fábregas Lorenzo,carmenmata@example.org,9873152975425,Masculino,2024-12-24
CL-03078,Celestino Ferrer Diéguez,cayetanallorens@example.com,0150320694803,Femenino,2024-04-21
cl_03079,Isaac Ramón Gascón,noe99@example.com,6832110089790,Femenino,2024-08-02
cl_03080,Cristian Pelayo Benito,,6326229739208,Femenino,2024-05-08
CL-03081,Francisco Javier Guardia Higueras,epifaniomancebo@example.net,4703325047464,Masculino,2025-01-28
CL-03082,Teodora Alberto,iestevez@example.org,6761136531590,Masculino,2025-02-24
CL-03083,José María Albero Pagès,kraya@example.com,7340876758351,Masculino,2025-07-11
cl_03084,Almudena Nogueira Aroca,ovega@example.net,+34946 920 250,Masculino,2024-02-28
cl_03085,Isaac Pepe Martí Cervantes,nadiaamador@example.com,9882542659372,Masculino,2025-03-11
CL-03086,Renato Castelló Valdés,tgisbert@example.com,7321407078436,Masculino,2024-07-07
CL-03087,Luisa Cerro,manriquemirta@example.org,9701275303590,Masculino,2025-01-29
cl_03088,Gala Llobet Vidal,nicolasabenitez@example.com,4236044510379,M,2024-12-05
CL-03089,Pío del Estevez,kmorera@example.org,4740935221640,Femenino,2025-05-31
CL-03090,Luis Ángel Peña,,6314940110035,Masculino,2024-04-11
CL-03091,César Beltrán Bilbao,luchobarreda@example.org,6915848500811,Femenino,2024-03-03
CL-03092,Hilario Castilla Valencia,ainara55@example.com,0163627316880,Masculino,2025-02-14
CL-03093,Pancho Millán Castro,judithvillar@example.org,4566544176089,Masculino,2023-09-25
cl_03094,Anunciación Arana Vizcaíno,aegea@example.com,6696766286271,Femenino,2025-08-17
CL-03095,Montserrat Criado-Sáez,raimundocasado@example.net,3119211029164,Masculino,2024-04-06
CL-03096,Elba Mosquera Cáceres,chelo52@example.net,61234abc,Masculino,
cl_03097,Raimundo Font Fuente,agustina68@example.com,6816884861120,Masculino,2024-04-12
CL-03098,Tiburcio Cecilio Ríos Tejada,pradoruth@example.org,4107309672079,Femenino,2024-02-10
cl_03099,Fidel Llorente Rodrigo,lvarela@example.net,1658504302142,Masculino,2025-03-19
cl_03100,Genoveva Villena-Valdés,flor25@example.org,0802139160079,Femenino,2024-02-04
CL-03101,Maite Alcázar-Esteve,priscila94@example.com,8337228827471,Masculino,2025-07-19
CL-03102,Belen Bolaños Jáuregui,zmiranda@example.net,1475672789273,Masculino,2025-06-24
cl_03103,Ovidio Portillo Menendez,reynaldo70@example.com,9707668979029,Masculino,2025-03-09
cl_03104,Ema Baena Carmona,jose-luishidalgo@example.com,5619179613100,M,2024-11-24
cl_03105,@Oliver,estherrios@example.com,4660384441319,Femenino,2024-07-06
CL-03106,María Del Carmen de Matas,qarnal@example.net,5661555237762,Femenino,2024-10-14
cl_03107,Nélida del Ponce,nereamoles@example.org,4098250929329,Masculino,2024-05-02
cl_03108,Ofelia Ortega Vicens,malenajimenez@example.org,123456,Femenino,2024-11-28
CL-03109,Máxima Pol Lara,mauricio24@example.net,5059698961244,Masculino,2024-09-24
CL-03110,Eleuterio Nadal Galiano,eufemiaricart@example.net,3120468248840,Masculino,2023-12-16
CL-03111,Abilio Vilar Costa,sanzelias@example.net,3101083399854,Femenino,2025-03-18
cl_03112,Clara Gracia Pazos,rosellpilar@example.net,2879320478913,fem,2024-06-23
CL-03113,Eva María Losada-Sarabia,pmaestre@example.org,7441733933176,Masculino,2024-11-10
CL-03114,Rodrigo Vidal Aliaga,esterolivera@example.net,1154465150248,Masculino,
CL-03115,Encarnacion Gracia Bonet,lopezalberto@example.net,7340954659300,Femenino,2024-08-09
CL-03116,Hermenegildo Amo Garmendia,selenatapia@example.com,3655836400914,Masculino,2023-12-07
CL-03117,José Ángel del Lucas,karevalo@example.org,1738690830892,Femenino,2023-10-07
CL-03118,Milagros del Gallego,deboragaya@example.com,3560178388951,Femenino,2025-07-12
CL-03119,Augusto Torrens Herrera,pjove@example.net,4874891088742,Masculino,2025-01-21
,123,,123456,Masculino,2023-12-29
CL-03121,Sergio Alberola Arribas,paulacalvet@example.com,8900129455584,Masculino,2024-01-11
cl_03122,Rogelio Espinosa Echevarría,burgosnico@example.net,3278228977452,Masculino,2024-08-08
CL-03123,Benita Catalán-Almagro,ibosch@example.org,8938490102995,Masculino,2024-10-13
cl_03124,Belen Mora Girón,quesadamarcio@example.org,3493025824856,Masculino,2024-04-06
cl_03125,Eleuterio Torrents Lago,mateoricarda@example.net,4265162790103,Femenino,2025-08-13
cl_03126,Coral Dueñas,domitilaescriva@example.com,0279566223909,Masculino,2025-02-11
cl_03127,Melania Tejedor,albarius@example.org,3156039878301,Femenino,2024-05-04
cl_03128,Miriam del Castro,ribagracia@example.net,6485892400710,Femenino,2025-08-24
cl_03129,Esteban Cañas-Rojas,renatorodriguez@example.org,1453985846881,Masculino,2025-01-03
CL-03130,Leandra Yuste Peralta,@gmail.com,3234220266466,Masculino,2024-04-22
cl_03131,Ernesto Íñigo Antón Cortina,arenasflorina@example.net,2943488513081,Masculino,2024-11-19
CL-03132,Gilberto Maestre Rocamora,samumartin@example.com,61234abc,Femenino,2023-12-12
cl_03133,Prudencia Peláez Fuentes,nilo11@example.com,2955382704942,Masculino,2025-06-07
cl_03134,Baldomero Uría Castells,zheras@example.org,3723224300904,Femenino,2024-03-17
CL-03135,123,boschgaston@example.org,3501193619693,Femenino,2024-07-02
CL-03136,Odalis Pedrero-Vargas,maxima06@example.com,5003120013889,Femenino,2024-10-25
CL-03137,Nadia Riquelme Alberola,marcelo50@example.com,1416489706072,Masculino,2023-08-31
cl_03138,Rodolfo Casal Ortega,lroma@example.com,8537696780930,Femenino,2024-01-27
cl_03139,Nydia Tello Tormo,emigdiojimenez@example.org,2670530189668,Masculino,2025-06-11
cl_03140,Jose Miguel Espinosa Iñiguez,,8884479719896,Masculino,2023-11-08
CL-03141,Román de Pascual,graualicia@example.net,5709416246114,Masculino,2024-12-30
CL-03142,Julio Malo Gilabert,esuarez@example.com,6578759277943,Femenino,2024-01-07
cl_03143,Maricela Marianela Gaya Gárate,natalia68@example.net,6183014506925,Masculino,2023-12-09
CL-03144,Itziar Robles-Ávila,agata66@example.com,61234abc,Masculino,2024-02-29
CL-03145,Itziar Gargallo Vendrell,ugarcia@example.net,9042996309286,Masculino,2025-02-11
cl_03146,Jordi Damián Tejero Burgos,vallesdavid@example.com,6132639347988,Masculino,2025-02-05
CL-03147,Sabas Echeverría Leal,pinillajenaro@example.org,2057633911333,Masculino,2024-03-25
cl_03148,Efraín Alemany,ariel83@example.com,2693936156063,Masculino,2024-03-28
cl_03149,Esperanza Eva María Oller Asensio,eaviles@example.net,1884051918016,Masculino,2025-02-25
CL-03150,123,,7537487414572,Femenino,2026-01-01
CL-03151,Eustaquio Roque Lledó Toro,jose-angel53@example.org,7787711096245,Femenino,2024-10-05
CL-03152,Humberto Cáceres Caro,moreno63@example.org,6620789644377,Masculino,2025-07-13
cl_03153,Glauco Bautista Ponce,mariaurea@example.net,6259219296382,Femenino,2025-08-17
CL-03154,Lucho Comas Sevillano,villalbalilia@example.org,6334318098704,Femenino,2023-11-02
CL-03155,Rosa Valeria Campo Duque,balduinodomenech@example.net,2920337009140,Masculino,2025-05-16
cl_03156,América Benavente Gallardo,flaviosaldana@example.net,+34949706826,Femenino,2025-07-04
cl_03157,Paz Monreal,icalderon@example.com,5666065136715,Femenino,2025-07-17
CL-03158,Sigfrido Hugo Llopis Codina,conradoaragon@example.net,9132234038452,Femenino,2025-04-15
CL-03159,Adalberto Ribera Escolano,gloriaserrano@example.net,4191004387893,Femenino,2024-08-23
cl_03160,René Hoz Mascaró,correo@.com,3351074883477,Femenino,2025-04-28
CL-03161,Marisela Vilalta-Montalbán,guadalupesolsona@example.org,3369929370791,Femenino,2024-09-02
cl_03162,Roberta Rosell-Mate,ricardacalderon@example.net,5503333507933,Femenino,2025-07-11
cl_03163,Cayetano Sáenz Laguna,nvazquez@example.org,2449645457219,Masculino,2025-04-08
CL-03164,Lina Iniesta Ortuño,mariano46@example.net,5762606036904,Masculino,2024-01-27
cl_03165,,soledad81@example.net,2360197144664,Masculino,2025-07-24
CL-03166,Marcelino Lara Arévalo,arcelia12@example.org,1115116353255,Masculino,2024-03-08
CL-03167,Lorena Gomis Aller,inocencio87@example.org,3526430968288,Masculino,2023-10-05
CL-03168,Claudio Morera,parana@example.com,61234abc,Masculino,
CL-03169,Rafaela Saez-Escrivá,vallesmayte@example.net,8540426370060,Masculino,2024-11-20
cl_03170,Baldomero Gomis Barba,correo@.com,4412648032049,Femenino,2025-01-12
cl_03171,Evita Rosales Madrigal,javiera98@example.net,0526190079444,Femenino,2024-07-06
CL-03172,Valero del Castañeda,gomisgisela@example.net,0296432497301,Masculino,2023-08-31
CL-03173,Heraclio Fajardo-Bernad,jose-maria50@example.com,0048455639823,Femenino,2025-07-17
cl_03174,Amado de Llano,xnogueira@example.org,6918722867347,Femenino,2025-04-05
cl_03175,Adela Colom Heras,cirino16@example.net,6375227356964,Masculino,2024-07-22
CL-03176,Maximino Martí Ferrán,maximinocastell@example.com,2856330295671,fem,2024-05-03
CL-03177,Eugenio Cobo Neira,gerardo65@example.com,3968167615007,Femenino,2024-12-27
CL-03178,Estela Rosales Blasco,esegui@example.org,6652804709726,Femenino,2023-12-12
CL-03179,María José Egea-Sedano,marisa90@example.com,3409682819808,Femenino,2024-09-23
,123,correo@.com,6-123-456,Masculino,2024-03-16
CL-03181,Delfina de Luís,norberto03@example.com,4308861792592,Masculino,2024-10-23
CL-03182,Dan Ballester Amorós,borregopurificacion@example.net,4647196282261,Masculino,2024-07-13
CL-03183,Efraín Escamilla-Cueto,marcio12@example.net,7120566761636,Masculino,2023-11-26
CL-03184,Edu Flor,adrian30@example.org,7245345977686,Femenino,2025-02-12
CL-03185,Aarón Amigó Pedraza,minguezpaloma@example.net,7076777947753,Femenino,2024-05-21
cl_03186,Salomón Dominguez Cases,riosjose-angel@example.com,2574914257715,Masculino,
CL-03187,Benjamín Mateos Cardona,borja29@example.org,4277996410560,Femenino,2023-11-06
cl_03188,Dulce del Albero,jlucas@example.org,4444355816447,Masculino,2024-07-01
cl_03189,Flavio Doménech Agudo,borrelltiburcio@example.net,1697355362734,Femenino,2024-07-11
cl_03190,Melania Lago Fernández,,7751512879040,Masculino,2025-02-19
CL-03191,Macarena Vila Arrieta,matachucho@example.com,8377791066909,Femenino,2024-12-19
CL-03192,Edmundo de Garcia,dimas35@example.net,61234abc,Femenino,2024-06-21
CL-03193,Yésica Verónica Céspedes Andreu,wmarmol@example.org,2837765128152,Masculino,2024-07-10
cl_03194,Fabiola Catalán Batlle,gutierrezjose@example.org,4929828589850,Masculino,2024-05-23
cl_03195,Adelina Aliaga Costa,belmonteotilia@example.com,7089021957637,Femenino,2025-08-01
cl_03196,Rubén Bejarano Hoyos,vanesaroldan@example.net,7285658974532,Masculino,2023-11-05
CL-03197,Coral Aller Arcos,yposada@example.net,0925624669653,Femenino,2024-07-13
CL-03198,Reyes de Reig,dorita40@example.net,9527965133673,Masculino,2024-01-15
CL-03199,Rosalina Sáenz Ros,chuchorossello@example.net,9871223043263,Masculino,2024-07-05
,Sandra Badía Vilanova,,4133746425176,M,2025-03-02
CL-03201,Adriana Carretero Aguilera,rene46@example.com,4160940881586,Femenino,2024-10-30
cl_03202,Chelo del Segovia,leandromuro@example.net,6189065339173,Masculino,2024-09-17
CL-03203,Rosario Tolosa Mateu,gcanas@example.org,1575834687288,Femenino,2025-06-02
cl_03204,Julián Manzano Urrutia,almeidaisaura@example.org,61234abc,Masculino,
CL-03205,Tiburcio Soriano Ropero,solelidia@example.com,4085165475999,Femenino,2024-05-31
cl_03206,Roberto Zaragoza Zapata,teodosioperalta@example.com,8779888979618,Femenino,2025-03-17
CL-03207,Ema Paredes Vázquez,severino25@example.com,9967601087025,Masculino,2025-06-12
CL-03208,María Jesús Arrieta Mayol,casesfortunata@example.net,5723558733915,Masculino,2024-09-28
CL-03209,Francisco Javier Florencio Soriano Cañas,andrea52@example.net,0655887917120,Masculino,2024-01-25
cl_03210,@Oliver,correo@.com,8869141838810,Femenino,2024-05-17
CL-03211,Claudia Acero,albertobuendia@example.org,0178709943140,Femenino,2025-07-09
CL-03212,Buenaventura Feliu-Peralta,felicianamateu@example.org,6125549222120,Femenino,2024-06-18
CL-03213,Nerea Marcela Pareja Calderon,carballomaxi@example.com,6492927972284,Masculino,2025-05-26
CL-03214,Jose Ramón Mendez,alondratolosa@example.org,1355798036560,Masculino,2025-08-25
CL-03215,Albert Gallego Monreal,feijootania@example.org,8995756534398,Femenino,2024-08-10
cl_03216,Noelia Anna Bauzà Ponce,jcarbajo@example.org,123456,fem,2024-07-31
cl_03217,Ana Belén Bernardita Corominas Sáenz,aristidesmadrid@example.org,5165191312463,Masculino,2023-11-15
CL-03218,Nazaret Miguel,jorge08@example.org,1996336488642,Masculino,2024-11-29
CL-03219,Adrián Gelabert-Sala,jose-antoniocriado@example.net,3896182132592,Femenino,2024-08-03
,Carlos Coll,deboralluch@example.org,6659142375422,Femenino,2024-10-04
CL-03221,Esmeralda Salom-Saez,ytorrijos@example.org,5997469073057,Masculino,2025-05-25
CL-03222,Darío Arce Giménez,boixbibiana@example.org,8706669580002,Femenino,2026-01-01
CL-03223,Cristóbal Godoy Salcedo,esperanzaalcazar@example.org,7811202229144,Femenino,2025-05-10
CL-03224,Alicia Blanch Ropero,caboborja@example.org,3030373671784,fem,2024-06-19
CL-03225,,molinsfidela@example.com,4238928046026,Masculino,2024-10-03
CL-03226,Prudencio Garcia Tejedor,nuribe@example.net,1978286808553,Masculino,2025-06-05
CL-03227,Sigfrido Batlle Fernández,uriainigo@example.org,1646334222552,Masculino,2025-05-31
cl_03228,Azahar Gallardo,ayalaeustaquio@example.org,61234abc,Masculino,2024-08-14
CL-03229,Dora Leocadia Almazán Báez,eladioconde@example.org,9014559558650,Femenino,2024-01-29
CL-03230,Ruth Gracia Alegria Segura,,1108237529068,Masculino,2024-05-27
cl_03231,Máximo Álvarez,hipolito85@example.com,4432396028972,Masculino,2024-12-28
cl_03232,Asdrubal del Milla,juangracia@example.com,4445756860524,M,2025-04-17
CL-03233,Antonia Agustina Perelló Nicolás,boadasofia@example.com,4481390112083,Femenino,2024-10-18
CL-03234,Godofredo Carlito Perelló Carreras,reyes30@example.com,8282663981768,Masculino,2024-01-13
CL-03235,Apolinar Barrena,salomonlluch@example.net,6589933879970,Masculino,2024-02-07
CL-03236,Sara Otilia Lloret Puerta,abigail56@example.com,6591982512939,Femenino,2024-11-17
CL-03237,Vicenta Bastida Alonso,rdomingo@example.net,6515142857572,Femenino,2024-04-25
CL-03238,Ariel del Lasa,oalegre@example.net,0491059577461,Femenino,2025-04-16
CL-03239,Julia Sanz Espada,carmelita02@example.net,3631970914743,Masculino,2023-10-12
,@Oliver,@gmail.com,123456,fem,2026-01-01
CL-03241,Curro de Baeza,penasfabian@example.net,7248747174191,Masculino,2025-01-01
cl_03242,Elvira de Benavent,elodia53@example.com,4615565508267,Femenino,2024-12-24
CL-03243,Victor Robledo Soriano,reyna83@example.org,8863350582112,Masculino,2023-12-28
CL-03244,Graciana de Canet,perlitafalcon@example.net,4280164753775,Masculino,2024-11-24
cl_03245,Toribio Girón Tenorio,heraclioalcolea@example.net,6780546277559,Femenino,2024-03-13
CL-03246,Francisco Alegria Blazquez,huertaartemio@example.net,5789880033104,Masculino,2025-06-17
CL-03247,Armando del Pou,arevaloadora@example.org,2936351898956,Femenino,2025-07-18
CL-03248,Rocío Angulo Sanjuan,julieta62@example.com,6817128957931,Desconocido,2023-10-09
CL-03249,Ester Reguera Segovia,mireiagonzalez@example.org,7969703424205,Femenino,2023-10-07
cl_03250,Julia Guzman Roura,,2474147144446,Femenino,2025-07-12
CL-03251,Urbano Acosta,juanitaplanas@example.net,4634032834602,Masculino,2024-10-10
cl_03252,Catalina de Bayo,herminia50@example.net,+34985 84 00 67,Masculino,2024-01-07
CL-03253,José Antonio Hernando Abril,aranzazu35@example.net,0714675316678,Masculino,2024-02-03
CL-03254,Emperatriz Vila Rebollo,coronadonazaret@example.com,2971589084682,Masculino,2025-06-06
CL-03255,@Oliver,sofiabaena@example.net,7231747171352,Masculino,2024-09-30
cl_03256,Fabricio Lluch Téllez,xgutierrez@example.com,6528527675711,Desconocido,2024-03-14
CL-03257,Clara Ainara Ballesteros Alcalde,josefina72@example.net,9434977166303,Masculino,2023-11-25
CL-03258,Ismael Cobos Echevarría,fabregatfelipe@example.org,2474884085163,Femenino,2025-04-16
CL-03259,Bartolomé Toni Manzano Bravo,tdavila@example.com,5402342391870,Masculino,2025-01-25
,Abel Coloma Novoa,,4705643749774,Femenino,2024-07-06
CL-03261,Roberta Serna Doménech,oterocristian@example.net,1015999942770,Masculino,2023-10-22
cl_03262,Adalberto Juan Luis Rivero Niño,vallesfabian@example.org,4345172259387,Femenino,2025-06-25
cl_03263,Víctor Abril Pavón,marianoolmo@example.com,8638185168457,Masculino,2023-12-28
CL-03264,Úrsula Busquets Amador,kzurita@example.net,+34858 704 640,M,2024-10-14
CL-03265,Atilio Baeza Noriega,salcedoguillermo@example.com,1716360176684,Masculino,2023-09-08
cl_03266,Elvira Fabiana Parejo Cardona,simonhoz@example.net,0781409965445,Masculino,2024-10-05
cl_03267,Concha Flor-Arias,manola63@example.net,3570830338667,Masculino,2024-01-26
CL-03268,Gisela Palau-Jurado,cirinorovira@example.net,4984479255939,Masculino,2024-07-02
CL-03269,María Dolores Ricart Serna,flucas@example.org,6223394180405,Femenino,2025-04-01
CL-03270,123,,6056304368478,Masculino,2025-01-03
CL-03271,Anabel Gallardo Carro,jordan17@example.org,7770488635669,Femenino,2023-10-01
cl_03272,Marco del Macias,tjodar@example.org,0692402908501,Femenino,2024-04-30
CL-03273,Maribel Plaza Roman,tbernad@example.org,9673876185292,Femenino,2025-05-28
CL-03274,Elena Cerro Querol,irosales@example.net,7354677746007,Masculino,2024-09-19
CL-03275,Alonso Moraleda,qmascaro@example.net,6190906391643,Masculino,2024-05-02
CL-03276,Macario Mena-Ariño,aitorosorio@example.com,+34986 11 09 91,Femenino,
CL-03277,Paulino Pavón Gabaldón,cozarhumberto@example.net,2335704540882,Masculino,2024-09-19
CL-03278,Azeneth del Ribes,saldanaberto@example.net,3115547561731,Femenino,2023-10-25
cl_03279,Francisco Javier Cañellas Rosado,kmayol@example.com,2628671898893,Femenino,2024-03-03
CL-03280,Gregorio Perera-Pedrosa,@gmail.com,6167799044197,M,2025-02-05
CL-03281,Íngrid Reyes,llorensaristides@example.net,5684003201850,Femenino,2024-12-24
CL-03282,Eric Rebollo Espinosa,jborrego@example.net,1819590247041,Masculino,2025-07-05
cl_03283,Vicenta Paloma Bueno Marqués,tito99@example.org,4335443569067,Masculino,2024-09-08
cl_03284,Palmira Riba Buendía,acevedoefrain@example.net,2123629017159,Femenino,2023-12-24
cl_03285,@Oliver,carmelita67@example.org,2115941343218,Masculino,2025-06-30
CL-03286,Marisa Caballero Sureda,pradoolegario@example.org,2989359405404,Masculino,2024-07-11
CL-03287,Eva María Canals Alberola,leire85@example.org,8029861871084,Femenino,2023-10-29
CL-03288,Jerónimo Arana Riba,kikeromero@example.org,+34948484549,Femenino,2025-08-21
CL-03289,Marciano Marti Verdú,fpujol@example.net,2742492213305,Masculino,2024-12-20
CL-03290,Rebeca de Batalla,correo@.com,4044287099048,Femenino,2025-02-09
cl_03291,Ignacia Arribas Porras,eolive@example.org,7045488770625,Masculino,2023-09-09
CL-03292,Xiomara Armas,bsegarra@example.net,5402396999866,Femenino,2025-01-19
CL-03293,Tamara del Barba,dcoll@example.org,0314071372329,Masculino,2024-05-03
CL-03294,Isabel Aroca Amaya,jgibert@example.com,7812311791363,Masculino,2026-01-01
CL-03295,Gregorio Alcaraz Pina,alcidesrosell@example.com,1648706810782,Masculino,2025-07-27
CL-03296,Paco Llobet Parejo,pbaez@example.net,9241496689456,M,2024-12-07
CL-03297,Agapito Prat-Aguirre,gracia04@example.net,8731633461606,Masculino,2024-02-11
cl_03298,Aroa Corral Pedro,vblanco@example.com,9185951578196,Masculino,2024-12-30
CL-03299,Rita de Zabaleta,micaelasantana@example.com,1671155373476,Masculino,2025-08-05
CL-03300,@Oliver,lladotoribio@example.com,+34901 420 925,Masculino,2024-11-07
cl_03301,Florinda Barral Ramirez,javier52@example.org,3270530881965,Femenino,2024-04-12
CL-03302,Fortunato Abilio Moles Conde,veronica63@example.net,9777363928333,Masculino,2023-11-01
cl_03303,Pepito Salamanca Duran,gonileonor@example.com,8629053723966,Masculino,2023-12-21
cl_03304,Felisa del Viñas,ulinares@example.org,4955745164717,Masculino,2023-11-04
CL-03305,Ani Raya Malo,rpedrero@example.net,9008326715737,Masculino,2024-05-13
CL-03306,Simón Jove-Escalona,cintia84@example.com,3835887879888,Masculino,2024-08-18
CL-03307,Ana Belén Valera-Gutierrez,zcasanova@example.com,3039473747136,Masculino,2025-08-13
CL-03308,Basilio Aparicio Pombo,irmadiez@example.net,1361810577469,Femenino,2024-02-14
CL-03309,José Ángel Heredia Canals,opalma@example.org,4122675505306,Femenino,2024-11-20
CL-03310,Marc Álamo,buenojavier@example.net,1418756397225,Femenino,2024-07-25
cl_03311,Emperatriz Herrera,kgoicoechea@example.org,9494248275307,Femenino,2024-10-09
CL-03312,Danilo Sureda,eloisablanes@example.com,123456,Masculino,2025-04-29
cl_03313,Hugo Mas Estévez,camila57@example.com,5512198073935,Masculino,2024-09-09
CL-03314,Pepita Corbacho,sergiobello@example.net,9059966993742,Masculino,2024-12-29
CL-03315,,gpatino@example.net,1234775422944,Masculino,2024-12-05
cl_03316,Mateo Caro Milla,manolorequena@example.net,6054754129385,Femenino,2024-06-22
cl_03317,Concepción Calleja Jiménez,dorita93@example.org,2644026642305,Masculino,2024-01-10
CL-03318,Cleto Quirós Samper,cruzgoicoechea@example.net,1985611454201,Femenino,2025-03-14
CL-03319,Feliciana Soriano-Torrens,elisabet83@example.net,9106112268726,Masculino,2024-04-19
cl_03320,Elvira Cobo,charo53@example.com,3544254090867,Desconocido,2023-09-23
CL-03321,Aureliano de Andrés,juliaevita@example.com,6028109700968,Masculino,2025-07-03
cl_03322,Eustaquio Jordá Macias,eutropiomarmol@example.org,2989757452484,Femenino,2024-11-20
CL-03323,Toribio Zabala Carrera,candida41@example.org,0923331214504,Femenino,2024-08-19
cl_03324,Marcial de Galván,dorotea14@example.net,61234abc,Masculino,2025-03-03
CL-03325,Alondra Cáceres Rico,rosa-maria36@example.org,4364879317371,Femenino,2024-09-03
CL-03326,Albert Silva-Merino,omar44@example.org,7380780444469,Masculino,2024-06-17
CL-03327,Javier Rosado,arribascristian@example.org,3658743748724,Femenino,2025-08-01
CL-03328,Amador Sotelo-Sobrino,pedrazacecilio@example.org,4031612723637,Masculino,2024-03-25
CL-03329,Humberto Ortiz Casanovas,falconjose-mari@example.com,4645789243531,Femenino,2025-03-14
CL-03330,123,,2053228698230,Masculino,2026-01-01
CL-03331,Guillermo Iborra Borrás,hlarranaga@example.net,2714174733720,Femenino,2023-11-12
cl_03332,Fabiola de Mínguez,torrijosnicolasa@example.net,7420222153877,Masculino,2024-06-20
cl_03333,Asunción Madrid Aguiló,borrellmorena@example.com,4888236716416,Femenino,2024-06-22
CL-03334,Chuy Llobet Ribes,rosariotorrijos@example.org,8691668745229,Masculino,2024-02-20
CL-03335,Etelvina Amor Reina,pradasaturnino@example.com,5873251835980,Masculino,2025-08-12
CL-03336,Zaira Aguilar,revillaprimitivo@example.org,6-123-456,Femenino,2023-11-18
cl_03337,África de Llamas,jacintabusquets@example.org,5056991135349,Masculino,2024-03-16
CL-03338,Rufina Martín Reina,goicoecheapaola@example.net,5139373604922,Masculino,2024-06-21
cl_03339,Ruben Cerezo Carretero,inocencio32@example.net,6139846655654,Masculino,2023-12-01
CL-03340,Malena Marina Espejo Madrigal,correo@.com,3221728567386,Masculino,2024-03-23
CL-03341,Severo Alcázar Martí,blancocelestina@example.org,6782024740385,Masculino,2025-06-05
CL-03342,Abigaíl de Granados,gimeneztoribio@example.com,6677281991393,Femenino,2024-01-17
CL-03343,Carmela Vara Álvarez,pchacon@example.net,1774551098441,Masculino,2024-12-08
cl_03344,Fortunato Jurado Rueda,garatehaydee@example.com,7773686288912,Masculino,2025-06-20
cl_03345,123,severino70@example.com,9642151940488,Masculino,2025-06-16
CL-03346,Corona de Criado,pbarragan@example.org,2002328668188,Masculino,2025-07-16
CL-03347,Rosenda Echeverría Iñiguez,eusebiabonilla@example.net,2819676070859,Masculino,2024-12-29
CL-03348,Gastón Barberá Somoza,colomergeraldo@example.org,+34975470217,Masculino,2026-01-01
cl_03349,Corona Tejera Sala,fcastello@example.com,6225179431642,Masculino,2024-03-26
CL-03350,Hernán Marín Rebollo,@gmail.com,4373413921950,Masculino,2025-04-27
CL-03351,Roxana Pardo Marti,marcelino53@example.com,7613194924108,Femenino,2024-03-30
CL-03352,Amor Calderón Perera,lastraisaac@example.org,8228778200865,fem,2024-06-19
cl_03353,Amada Tur Bello,uagustin@example.net,3194291402031,Femenino,2025-08-08
cl_03354,María Cristina del Sanmartín,tcastillo@example.org,4539966443258,Masculino,2024-01-28
cl_03355,Nicanor Amigó-Carvajal,expositoanabel@example.org,2283398689909,Masculino,2024-05-03
CL-03356,Martina Nebot Sanz,xzapata@example.net,0824589765657,Femenino,2024-12-13
CL-03357,Belén de Hernando,otalavera@example.net,0904684754925,Femenino,2025-05-05
CL-03358,Mar Pastor Aller,marinlorena@example.com,4195711599605,Masculino,2024-05-01
CL-03359,Fernando de Laguna,nereidaalvaro@example.com,6780209034934,Femenino,2024-06-20
,,correo@.com,6-123-456,fem,2024-10-20
CL-03361,Ibán Falcó Gimeno,esperanzapomares@example.net,7322471609741,Masculino,2025-07-09
CL-03362,Isaac Royo Canales,lola83@example.net,3473088966396,Femenino,2024-01-08
CL-03363,Jose Luis Mendez Escamilla,heraclio77@example.net,9257250137768,Femenino,2024-06-17
CL-03364,Fabián Reyes Milla Miguel,dmillan@example.net,8301413472838,Femenino,2024-11-28
cl_03365,Josefina Rios Flor,nluna@example.net,7380695495262,Masculino,2025-07-02
CL-03366,Fermín Villalba Español,rosa-mariabernal@example.org,9401425946963,Femenino,2023-11-18
cl_03367,Dani Navarro Aranda,gblanes@example.org,7449879532010,Femenino,2025-06-01
CL-03368,Agustina Abellán Cifuentes,lferrandez@example.org,6778863418416,Desconocido,2023-11-09
cl_03369,Gonzalo Báez-Mercader,estevezpepito@example.org,8866053043695,Femenino,2024-09-02
CL-03370,Flora Flora Plaza Gimenez,,0350413353514,Femenino,2024-05-26
CL-03371,David Anaya Álamo,antonio85@example.org,6709594443167,Masculino,2024-01-23
CL-03372,Néstor Carlos,lalberdi@example.com,+34 973879378,Femenino,2025-05-04
CL-03373,Anselmo Guardia Bermejo,pedrocorbacho@example.com,2874614557624,Femenino,2024-11-03
CL-03374,Cristian Ángel Rocamora,rmas@example.net,5103879698864,Masculino,2023-09-29
CL-03375,,valentinadiez@example.org,2643915239632,Femenino,2025-02-11
cl_03376,Julieta Borrego Llanos,gastonrico@example.com,4168710324391,Femenino,2023-11-13
cl_03377,Heliodoro Adalberto Neira Benet,petronaredondo@example.org,3917866856573,Femenino,2024-11-22
cl_03378,Ariel Cornejo-Abascal,quintanaalbino@example.org,0796880436510,Femenino,2023-10-22
cl_03379,Lucho Carnero Gordillo,nando03@example.org,5285089510923,Femenino,2025-06-12
cl_03380,Aníbal Roldán,correo@.com,9777326479117,Femenino,2024-07-12
CL-03381,Aníbal Barrio Arellano,josue84@example.org,2307709474686,Masculino,2025-01-09
CL-03382,Adelardo Sebastián,albert57@example.com,3559196433167,Masculino,2025-01-06
CL-03383,Pascual Hervás Pérez,jorge82@example.net,3443143786308,Femenino,2024-08-08
cl_03384,Saturnina Villalonga Carranza,macariomoles@example.com,61234abc,Masculino,2026-01-01
CL-03385,Ruth Goicoechea,aangel@example.com,2513905031141,Femenino,2024-09-17
CL-03386,Silvia Clavero-Marin,bustoseustaquio@example.com,7139385237570,Femenino,2025-07-22
CL-03387,Maximino del Padilla,doramarco@example.net,2208547886285,Femenino,2024-07-08
cl_03388,Humberto Jordá Roura,moratasonia@example.net,1208870624425,Femenino,2023-11-01
CL-03389,Román Llorens Puig,jose-angel11@example.com,8061594680996,Femenino,2023-12-12
CL-03390,,@gmail.com,2568170988591,Femenino,2025-06-21
cl_03391,Manu Pareja Castilla,joveraureliano@example.org,3423424801332,Femenino,2023-11-08
cl_03392,Visitación Cervantes Ripoll,romeujuliana@example.net,4819159826190,M,2023-12-25
cl_03393,Carmina Hoz Castell,oroman@example.net,6970419997950,Femenino,2024-03-01
CL-03394,Leonardo Vega-Pacheco,etapia@example.com,2632555276204,Femenino,2024-06-12
cl_03395,Amando Ferreras Plaza,alonso03@example.org,4177768185538,Femenino,2025-01-24
CL-03396,Amando Reyes-Velasco,zaira91@example.net,6-123-456,Masculino,2025-04-30
cl_03397,Andrea Cañas Ferrer,aurea68@example.com,9744507135651,Femenino,2025-02-01
cl_03398,José Antonio Ramos Báez,alemanyleyre@example.org,0977330014595,Masculino,2024-12-24
CL-03399,Dorita Sabater,wmartin@example.net,2981340248780,Femenino,2025-08-19
,Remigio Amigó,@gmail.com,5934087993262,Masculino,2025-04-18
CL-03401,Encarnita Mulet Ramirez,natanaelcompany@example.org,0676158388056,Masculino,2024-05-27
CL-03402,Lucio Benitez Fabregat,fortunato73@example.com,6332978492720,Femenino,2023-10-18
CL-03403,Abril Gimeno Castells,tvicens@example.com,1649592467158,Femenino,2024-11-05
cl_03404,Aarón Oliveras Adadia,hmillan@example.com,5883496661913,Femenino,2025-05-18
CL-03405,@Oliver,nestor32@example.com,5389001894729,Masculino,2025-01-21
CL-03406,Elisa Palacios Pujol,florinavalle@example.net,4404185367019,Femenino,2023-10-08
cl_03407,Visitación Alegre Alegre,munozmariano@example.com,2763191217252,Femenino,2024-03-19
CL-03408,Lupita Egea Iglesias,almazansalomon@example.net,+34 944230242,Desconocido,2025-03-11
CL-03409,Ale del Benitez,arribasariel@example.com,3827667213253,Masculino,2024-08-02
CL-03410,Gracia del Andreu,@gmail.com,9450246470435,Femenino,2023-10-20
CL-03411,Rosa María Benavente Santamaría,kclemente@example.net,4884113468789,Femenino,2025-04-25
CL-03412,Aureliano Robles Mateu,catalinatejada@example.com,1768133718169,Masculino,2025-02-02
CL-03413,Marina Busquets Ferrando,xpinedo@example.net,5407715722600,Femenino,2023-10-21
cl_03414,Pili Elorza Barón,rsalvador@example.org,8375735921222,Masculino,2025-02-22
CL-03415,Calisto Calderón-Luque,tgrau@example.com,1427148624326,Femenino,2024-01-04
cl_03416,Bautista Giménez-Cabrero,santiago65@example.org,9354988909312,fem,2023-12-24
CL-03417,Jessica Vicens Pozo,palmeralbino@example.org,1866477230095,Masculino,2025-02-22
CL-03418,Ale Cervera-Pastor,cayetanagallart@example.com,5469915429155,Femenino,2023-11-29
cl_03419,Irma Flor Toro Cabañas,udominguez@example.com,3121541795861,Masculino,2024-12-27
,,agustin59@example.org,61234abc,Masculino,2023-10-19
CL-03421,Aránzazu Teruel,lagunanarciso@example.net,4441836292750,Femenino,2024-12-23
CL-03422,Édgar Barranco Rosselló,vallseutropio@example.org,4774423325814,Masculino,2025-01-10
CL-03423,Francisco Javier Gimenez Enríquez,ncabeza@example.org,3212448555837,Femenino,2024-08-13
cl_03424,Belen Ayllón,wbenavides@example.net,5653633748506,Masculino,2024-07-13
CL-03425,Agapito Marí Luís,alcaldeadolfo@example.org,7122917997031,Femenino,2024-04-20
CL-03426,Álvaro Olmo Mendoza,pinicolasa@example.net,4421843531118,Femenino,2024-06-14
CL-03427,Eleuterio Tiburcio Pintor Tirado,mchaves@example.net,7136392786591,Femenino,2025-04-15
cl_03428,Lorenzo Bueno Villena,javimadrid@example.org,2817306564445,Masculino,2024-10-04
CL-03429,Marcelo Mur Giménez,valegria@example.com,0700323028987,Femenino,2023-09-30
CL-03430,Lino Ramírez-Olmedo,jvelez@example.com,4529783059541,Femenino,2023-10-02
CL-03431,Rufino Torrens-Seguí,igallo@example.net,6975090921095,Masculino,2023-11-08
cl_03432,Eligia Sáez Feliu,sabatergodofredo@example.com,61234abc,Desconocido,2025-01-14
CL-03433,Georgina Amaya Fortuny,yzaragoza@example.org,1484569927772,Femenino,2024-07-27
CL-03434,Edmundo Dominguez Carrión,hllado@example.net,1653167731757,Masculino,2023-10-20
cl_03435,Moreno Puente Mateos,esaenz@example.org,6869246140726,Masculino,2025-05-23
cl_03436,Juan Bernad Moya,emasierra@example.org,9780079630582,Masculino,2023-09-04
cl_03437,Trinidad Palau Losada,diegoanacleto@example.net,8157632767931,Masculino,2025-04-13
CL-03438,Cecilio del Gargallo,amilcar25@example.net,7423851840431,Femenino,2026-01-01
cl_03439,Nicolasa Heredia-Lamas,salamancavalentina@example.com,1265043865978,Femenino,2024-12-29
CL-03440,Estefanía Vila,,0046767328003,M,2024-12-30
CL-03441,Moreno del Aramburu,vegacasandra@example.org,7452255891256,Femenino,2024-06-20
cl_03442,Victoriano Lara Salmerón,geronimosastre@example.net,1439156762539,Masculino,2024-02-11
CL-03443,Paulino Calatayud Zabaleta,sandraespinosa@example.com,4124503648260,Femenino,2025-01-30
cl_03444,Fidela Sarabia Folch,marcosayala@example.com,61234abc,Femenino,2025-06-17
CL-03445,Yolanda Perez-Arregui,xmacias@example.com,0996018115964,Femenino,2024-10-14
cl_03446,Yolanda Verdú-Delgado,reyna45@example.org,0087571732126,Femenino,2024-08-04
cl_03447,Sebastian Bru Gracia,marinanastasio@example.net,4823687727971,Femenino,2023-09-29
cl_03448,Miguela Tamayo Cueto,smir@example.net,6107988015140,Masculino,2025-05-30
CL-03449,Natividad Toledo Montoya,lara82@example.net,2419948608418,Masculino,2024-02-24
CL-03450,123,,8387207273183,Masculino,2023-09-14
CL-03451,Leoncio Coronado Esteve,javi85@example.com,1145548272464,Femenino,2025-06-21
CL-03452,Teodora Sanabria Roura,canetjuan-bautista@example.net,9521261570029,Masculino,2025-08-02
cl_03453,Asdrubal Sales Blanco,jesuscalderon@example.org,0386138308381,Masculino,2024-08-11
CL-03454,Dimas Núñez Rovira,amancio23@example.org,4345528453393,Femenino,2024-11-22
CL-03455,Encarnita del Azcona,manuellerma@example.org,7843338101555,Masculino,2024-02-26
CL-03456,Elisa Company Vera,pcobo@example.org,6-123-456,fem,
cl_03457,Luz Valle Jaén,benitofederico@example.org,5534111857913,Femenino,2023-09-09
CL-03458,Berto Evaristo Ferrando Medina,spineda@example.org,2722586331669,Femenino,2025-05-19
CL-03459,Lorena Soria,aureliatovar@example.net,6386993152456,Femenino,2024-12-05
,Candelario Duque Viñas,,4157476026975,Femenino,2024-05-01
CL-03461,Candelario Manuel González,filomenamercader@example.net,4100872194160,Masculino,2025-06-08
CL-03462,Jose Manuel Gallo Ocaña,felipavalenzuela@example.org,9895478826315,Femenino,2023-10-30
cl_03463,Mariana Cerro-Álamo,checapepe@example.org,4014582167719,Femenino,2024-02-04
CL-03464,Fabián Acero Anguita,reyeselias@example.net,3246875378775,Desconocido,2024-07-26
CL-03465,Rodolfo Puente Amores,panguita@example.net,2924189811207,Femenino,2025-08-22
CL-03466,Ignacia Amor Ríos Figueroa,graciana87@example.com,8239946538657,Femenino,2025-08-25
cl_03467,Pacífica Cerdá,victoria23@example.net,0766272438673,Femenino,2024-05-30
CL-03468,Loreto Díez Valbuena,agil@example.org,123456,Femenino,2024-11-08
cl_03469,Osvaldo Timoteo Quero Palacios,joelbriones@example.net,5892098480801,Femenino,2024-05-04
CL-03470,Rebeca Company Oliveras,,4094565272276,Femenino,2025-06-02
cl_03471,Almudena Carrión Castejón,vilaplanasimon@example.com,4906455040313,Masculino,2025-01-22
CL-03472,Fortunato Manuel-Domínguez,lescobar@example.net,6289327976809,Femenino,2025-04-26
cl_03473,Narcisa Mármol Daza,maria-luisaperello@example.net,2209845747523,Femenino,2023-11-24
CL-03474,Abraham Sarabia Conesa,josue85@example.net,9028395281292,Masculino,2026-01-01
CL-03475,Adalberto Palacios Llopis,leandra86@example.org,1743428709634,Masculino,2024-10-16
CL-03476,Nereida Tamayo,zgalindo@example.com,7570222688199,Masculino,2024-05-08
cl_03477,Jose Luis Montes Sevilla,znicolau@example.com,7368970947261,Masculino,2024-08-18
CL-03478,Sabas Chamorro Carpio,savila@example.com,6956121507912,Femenino,2024-05-23
CL-03479,Calixta de Casado,yessicagarrido@example.net,8206845752730,Femenino,2025-01-11
CL-03480,123,,6-123-456,M,2024-04-13
CL-03481,Glauco Reina Cañellas,gualcamila@example.net,1092380256579,Masculino,2024-06-06
CL-03482,Amaro Almazán Gelabert,franciscocuenca@example.com,5120233426257,Masculino,2025-07-09
cl_03483,Leticia Cerro Barrios,sarmientofelicia@example.net,5214642755061,Femenino,2025-05-31
CL-03484,Teodoro Mayoral Duran,cabezarosaura@example.net,4557449331588,Masculino,2024-07-11
cl_03485,Pili Alcázar Herrero,buenoleonel@example.org,3875953071865,Femenino,2024-10-14
CL-03486,Trini Franch,gualnayara@example.org,1811649427409,Femenino,2025-04-12
CL-03487,Goyo de Hierro,jose-antonio54@example.net,5019836967389,Masculino,2024-07-03
CL-03488,Débora Castellanos Cervantes,lmarques@example.org,0010864627156,M,2024-08-04
CL-03489,Manolo Ugarte Higueras,federiconebot@example.com,0979929182539,Masculino,2024-09-01
cl_03490,Asdrubal de Vilanova,claudio69@example.net,7999549351486,Masculino,2025-08-12
cl_03491,Angelina de Bartolomé,martirosalva@example.net,1133195097461,Femenino,2024-05-29
CL-03492,Amílcar Hoz Cáceres,valljoaquin@example.org,123456,Masculino,2026-01-01
CL-03493,Remedios Rodrigo Elías,trinidadbertran@example.com,0644984609484,Femenino,2024-02-08
CL-03494,Noé Molins-Gilabert,florinagarmendia@example.com,2639590813566,Femenino,2023-10-29
CL-03495,Marc Acedo-Casado,nildagonzalez@example.com,9316268784719,Masculino,2023-10-24
CL-03496,Miriam de Lucas,reinavalero@example.net,7032041594752,fem,2024-08-10
cl_03497,Elba Cañete Barranco,piedad32@example.org,2837186239583,Masculino,2025-06-29
cl_03498,Marcos Acedo Campoy,pavonlisandro@example.net,9639433924082,Femenino,2024-08-26
CL-03499,Carlito Zabala Leon,raulvendrell@example.com,2351202917794,Masculino,2024-03-03
CL-03500,Estefanía Rozas Múñiz,@gmail.com,0907396594273,Masculino,2025-05-12
CL-03501,Amalia Barrera Fabregat,desiderioalmagro@example.org,8948071429397,Masculino,2024-03-28
CL-03502,Segismundo Hoz Calleja,canteroremedios@example.org,1995497189279,Masculino,2025-01-16
CL-03503,Martina Jove Soler,alejandra14@example.org,6365957821601,Femenino,2024-10-03
CL-03504,Hipólito Moliner Barroso,beltrangodofredo@example.org,61234abc,fem,2025-04-07
cl_03505,Cayetana Meléndez Plana,camachohumberto@example.org,0723257222498,Femenino,2024-11-04
cl_03506,Raquel Heras-Aragón,nzabaleta@example.net,8975665813578,Femenino,2024-07-24
CL-03507,Venceslás Bárcena Mulet,hrosello@example.net,5099700323197,Masculino,2024-09-06
CL-03508,Rosenda España Diéguez,arambururodolfo@example.net,2546982406818,Masculino,2024-01-03
CL-03509,Luis Miguel Arenas Múñiz,morenoescribano@example.org,6375001192295,Masculino,2024-07-10
CL-03510,,@gmail.com,9766537450765,Masculino,2026-01-01
CL-03511,Eugenia Benavente Núñez,maria-del-carmenmayol@example.com,1341533549566,Masculino,2023-09-21
cl_03512,Yéssica Gallardo Blanes,sosimo92@example.com,5526730219310,fem,2024-04-02
cl_03513,Alcides Guijarro Carlos,umanrique@example.net,8303939674661,Masculino,2023-12-24
CL-03514,Luisina Requena Casals,bharo@example.net,4187583314458,Femenino,2024-02-19
CL-03515,Roque Montaña Girón,almudenavalle@example.org,7349374511038,Femenino,2024-06-03
cl_03516,Victor Manuel Reguera Oller,josuefernandez@example.org,61234abc,Masculino,2024-02-25
CL-03517,Joaquina Roda Duran,gomezconcha@example.net,8313298508536,Masculino,2024-02-25
CL-03518,Manuelita Salas Lara,macariosierra@example.org,4350810213882,Femenino,2024-08-16
CL-03519,Cristian Jordá Escrivá,ruben52@example.com,7902696391821,Masculino,2025-05-03
cl_03520,Modesto Navas Batalla,vilmaestevez@example.net,0857030206834,Masculino,2024-05-17
CL-03521,Ignacia Muñoz-Bermejo,zairaaguilo@example.com,3631442956363,Femenino,2025-07-28
CL-03522,Dalila Teófila Falcón Oliver,fheras@example.org,2803445220685,Masculino,2025-01-29
cl_03523,Francisco Javier Gallart López,amelia78@example.org,2286949344838,Femenino,2024-07-14
CL-03524,Rogelio Olivé Planas,dominga11@example.org,6619822950771,Femenino,2025-04-02
CL-03525,123,ortizcrescencia@example.org,0961118685734,Femenino,2024-02-11
cl_03526,Inés Muro-Bello,ucortes@example.net,6466215541905,Femenino,2024-02-03
CL-03527,Eligia Pablo Escribano,pepe96@example.net,5001866027309,Femenino,2023-11-07
CL-03528,Alfonso de Balaguer,hugobarbero@example.org,123456,Femenino,
cl_03529,Josep Cid Casares,ppalau@example.com,3897159568351,Masculino,2025-03-29
CL-03530,Marta Olivares Valderrama,peiroedgardo@example.net,1552039249615,Femenino,2025-03-13
CL-03531,Dionisio Sancho Varela,evaristocardenas@example.com,0011180306112,Masculino,2023-12-24
CL-03532,Sancho Ribas Lledó,canalscebrian@example.com,0365315988147,Femenino,2025-08-13
cl_03533,Víctor Amador Sabater,telmo37@example.org,6148533729199,Femenino,2025-04-15
CL-03534,Florina Julián,huguetbrunilda@example.net,2417868270157,Masculino,2025-06-18
CL-03535,Sol Amaya Jerez,lisandro15@example.org,0425182233370,Masculino,2025-05-07
CL-03536,Adán de Fiol,pereracosme@example.net,8702262396080,Femenino,2024-03-22
CL-03537,Baldomero Palma-Mateu,piorebollo@example.org,5071406613305,Femenino,2023-09-23
CL-03538,Marc Tamayo Roig,hmadrigal@example.net,4676042878626,Masculino,2023-10-27
CL-03539,Adán Azorin,dalcala@example.com,5270357195879,Masculino,2025-04-06
CL-03540,,benaventloida@example.net,123456,Masculino,2024-10-16
CL-03541,Fernanda Pagès Araujo,olarranaga@example.org,7716572356426,Femenino,2025-05-29
CL-03542,Yolanda Palmira Duque Girón,nidia79@example.com,2055417554748,Masculino,2024-03-16
cl_03543,Paz Pérez Sobrino,kordonez@example.com,8576098792766,Femenino,2023-09-13
CL-03544,Octavio Valls Estévez,bustamanteoctavio@example.org,1864111020255,fem,2024-05-07
CL-03545,María Palma Camacho,gsotelo@example.net,4443358897064,Masculino,2025-08-16
cl_03546,Amalia Arteaga Gonzalez,zcarmona@example.org,6563686136221,Masculino,2026-01-01
CL-03547,Alejandra Izquierdo Escrivá,jimenatorralba@example.com,5807449599818,Masculino,2024-08-24
CL-03548,Kike Casado Izquierdo,gomezbasilio@example.com,1321451298581,Masculino,2024-11-27
CL-03549,Manuel Camacho Valverde,jginer@example.com,9201764891430,Femenino,2024-09-15
CL-03550,Alejo Teruel Baeza,,8278166146861,Femenino,2024-02-08
CL-03551,Maximino Moliner Pavón,zmesa@example.org,0737442597401,Masculino,2024-08-27
CL-03552,José Luis Rosell Izquierdo,aurora44@example.com,61234abc,Masculino,2025-01-20
cl_03553,Dominga Estefanía Pujadas Donaire,alcaldesaturnina@example.com,9074876726145,Femenino,2025-03-28
CL-03554,Nélida Valls Garmendia,aguedalerma@example.net,1238451533339,Femenino,2023-10-27
CL-03555,,warranz@example.net,1420104657803,Femenino,2024-11-04
cl_03556,Bienvenida Ramírez Calvo,victor-manuel73@example.org,6193184738538,Femenino,2025-07-06
CL-03557,Alejandra Domingo Rodriguez,fitoescolano@example.org,8558391226050,Femenino,2024-08-13
CL-03558,Delia Gonzalo Sanjuan,caromarta@example.org,6831184162215,Femenino,2025-04-18
cl_03559,Sergio Pou Duarte,palaciosmodesto@example.com,8610839585005,Femenino,2024-01-06
cl_03560,Fátima Juana Quintero Abellán,,8118267855095,Femenino,2023-11-24
CL-03561,Cebrián Uría-Cadenas,danilo26@example.net,3311847935242,Masculino,2024-08-15
cl_03562,Felisa Muro Feliu,pcamps@example.net,4615646327891,Femenino,2023-08-29
CL-03563,Griselda Aranda Valdés,salinasotilia@example.com,1104608211199,Femenino,2024-08-04
CL-03564,Purificación Rozas Moles,ychico@example.org,61234abc,Femenino,
cl_03565,Toribio Nadal Osorio,haroldo85@example.com,5810554304929,Femenino,2024-06-03
CL-03566,Liliana Vidal Sastre,tomaspili@example.org,6141884698252,Masculino,2024-07-29
CL-03567,Marisol Jódar Molins,alegrehortensia@example.org,1534732041127,Femenino,2025-01-15
CL-03568,Dalila Emma Tejero Rodríguez,guillermosamper@example.com,9953530834198,Desconocido,2025-04-06
CL-03569,Martin de Moliner,ngomez@example.org,2356951314285,Masculino,2024-10-28
CL-03570,123,ylloret@example.net,4671027711690,Femenino,2024-01-12
CL-03571,Buenaventura Almazán-Abril,bpuente@example.com,5233606651049,Masculino,2024-03-18
CL-03572,Patricia Fuentes-Arcos,heliodoro09@example.com,8950421485002,Femenino,2025-06-01
CL-03573,Calista Sarabia Carpio,valerosilvia@example.net,8747641417562,Femenino,2024-07-01
CL-03574,Anselmo Díez-Español,amador12@example.com,2911517062846,Masculino,2024-06-02
CL-03575,Guiomar Cortina Guerrero,herreramaria-belen@example.net,1503725540981,Masculino,2024-03-16
cl_03576,Carmen Muñoz Salom,losadalorena@example.org,123456,Masculino,2025-01-25
CL-03577,Lázaro del Barros,maria-doloresgranados@example.com,1337588332496,Masculino,2025-04-09
cl_03578,Emelina de Garcés,rclavero@example.net,5517487816985,Masculino,2023-11-25
cl_03579,Pascual Castellanos-Adán,renato90@example.org,9888750878476,Femenino,2025-02-03
,Cruz Cabello-Céspedes,,7153952694963,Femenino,2025-03-09
CL-03581,Brunilda Bayona Vizcaíno,adelardo73@example.net,6820870391688,Femenino,2024-08-26
CL-03582,Ernesto Quiroga Torrens,cpons@example.org,9151905808555,Femenino,
CL-03583,Paulino Santamaría Márquez,estebanmaricruz@example.com,1829866702976,Femenino,2024-08-20
CL-03584,Espiridión Espada Arellano,gabriela11@example.com,0102646602087,Femenino,2024-07-31
CL-03585,123,salinassarita@example.org,9760927718543,Femenino,2025-01-26
cl_03586,Chelo Izaguirre Tejero,arturo28@example.org,8081293961639,Masculino,2023-10-16
cl_03587,Albert Robledo Bas,martinbejarano@example.org,4725971394829,Femenino,2023-09-22
CL-03588,Rafael Sanabria Ochoa,juan-bautista08@example.com,123456,Masculino,2023-10-01
CL-03589,Bernardo de Ordóñez,raimundo59@example.net,1362397284777,Femenino,2025-04-13
CL-03590,Rufina Aramburu Pardo,@gmail.com,2761479598775,Femenino,2024-03-27
CL-03591,Cristina Cárdenas Aragonés,glorianogues@example.com,1680878458925,Masculino,2023-11-02
CL-03592,Herminia Luján-Aguirre,jaimealeman@example.com,3376446923646,fem,2025-02-24
CL-03593,Crescencia Mulet Poza,cgil@example.com,9086675112118,Masculino,2025-06-07
CL-03594,Adelina del Camino,ruben21@example.org,4482406631862,Femenino,2025-08-17
CL-03595,Adán Aragón Zapata,octavio86@example.net,4763564767840,Femenino,2024-05-16
CL-03596,Rodolfo Valentín Hoyos,zcatalan@example.com,0745637206975,Femenino,2024-01-29
cl_03597,Chucho Anguita Berrocal,ptovar@example.com,1054687474667,Femenino,2024-05-10
cl_03598,Roberto Estrada-Casanovas,irischeca@example.net,0471531546331,Masculino,2024-05-15
CL-03599,Selena Viñas Campillo,ktello@example.net,2036204865986,Femenino,2024-05-17
CL-03600,@Oliver,,123456,Masculino,
CL-03601,Victor Manuel Peláez Espada,candidosola@example.com,4399110429104,Masculino,2024-09-05
CL-03602,Noelia Parejo Lloret,hugo32@example.net,0544514210181,Masculino,2025-07-12
CL-03603,María Belén Agudo,nico92@example.com,3914515038297,Masculino,2024-08-07
CL-03604,Paola Múgica Landa,omena@example.net,4786147711481,Femenino,2024-01-05
cl_03605,Pancho Montalbán Portero,santosalex@example.com,2057620660679,Masculino,2025-02-19
CL-03606,Joaquín Juliá Grande,pdalmau@example.net,1626837262688,Femenino,2025-08-02
cl_03607,Ovidio del Gómez,haroldobernat@example.org,8797985090115,Masculino,2025-08-19
CL-03608,Marina del Pinto,zabaletamercedes@example.net,2176096912823,Femenino,2023-12-01
CL-03609,Hernán Riba Samper,benita61@example.org,2672530673712,Femenino,2024-12-06
cl_03610,Patricio del Lorenzo,,0645843047204,Femenino,2025-01-16
cl_03611,Rómulo Calisto Moreno Solsona,yesicasanmartin@example.net,9766408345422,Masculino,2024-12-14
CL-03612,Luís Cañete Gálvez,ariquelme@example.net,+34 879 154 742,Masculino,2024-01-14
cl_03613,Clara Juanita González Chamorro,xcoello@example.net,7055337866383,Femenino,2025-02-02
CL-03614,Wilfredo Jimenez Pombo,fabiana39@example.net,4188508284749,Femenino,2024-02-29
CL-03615,Raúl Mascaró Lillo,uteruel@example.com,8821761142477,Masculino,2024-04-16
CL-03616,Domingo Osuna Requena,taboadaelisabet@example.org,5844549665016,fem,2024-11-26
CL-03617,Trini Rojas Aller,uriarteloreto@example.org,3830899523811,Masculino,2024-07-14
cl_03618,Emelina Arranz Riba,contrerasclaudio@example.org,7938812911820,Masculino,2026-01-01
CL-03619,Manola Segura Font,petronanevado@example.com,6711915520270,Femenino,2024-01-03
,Prudencio Escolano-Tomé,,6856136629964,Femenino,2025-08-26
CL-03621,Inocencio de Amor,marceloanguita@example.org,9774625138815,Femenino,2024-02-14
CL-03622,Toni de Calvo,mendozadaniel@example.net,3604641061325,Femenino,2025-06-20
CL-03623,Elena Molins-Cortina,cortinabernardo@example.net,8821452044085,Masculino,2025-03-03
CL-03624,Vinicio Barroso-Aguirre,hnebot@example.com,123456,Masculino,2023-09-16
cl_03625,Florentino Lope Cortina Ferrero,carina90@example.org,5133089430980,Masculino,2024-08-31
CL-03626,Mercedes Barragán Puga,eusebiaartigas@example.net,3789107912341,Femenino,2024-11-05
CL-03627,Sigfrido Arellano Crespo,jimenapineiro@example.org,2633785825434,Masculino,2024-11-14
CL-03628,Eva María Valls Conesa,oocana@example.net,2129856978986,Masculino,2024-08-01
CL-03629,Antonia Viana Pons,condepili@example.com,5292738100003,Masculino,2023-10-14
CL-03630,,@gmail.com,9884293896583,Masculino,2025-08-20
CL-03631,Armida Oriana Gallo Bernal,moyapatricia@example.org,7171397838223,Masculino,2025-07-21
cl_03632,Cirino Almagro-Ricart,abiliobarros@example.net,0382384940254,Femenino,2025-08-08
CL-03633,Tadeo Galiano-Bastida,teobaldo35@example.net,4526627780731,Masculino,2025-08-25
CL-03634,Reyna Martin Valencia,obduliatalavera@example.org,0427762853297,Masculino,2024-07-17
CL-03635,Judith Vidal-Giner,calvarez@example.com,6896385965267,Femenino,2024-04-05
CL-03636,Francisco Javier Conesa-Díaz,paulahidalgo@example.net,123456,Masculino,2026-01-01
cl_03637,Gervasio Velasco Mas,paulinobaez@example.org,3776033414229,Masculino,2023-11-10
cl_03638,Teo Gimenez Sacristán,ttoledo@example.com,9175277603144,Femenino,2024-06-23
CL-03639,Severo del Gimenez,segismundo44@example.net,5644641923366,Masculino,2023-12-03
CL-03640,Cloe Becerra Zabaleta,,0063469684157,Masculino,2025-05-06
CL-03641,Yésica Hurtado Buendía,baropancho@example.org,7426442203136,Femenino,2024-03-19
CL-03642,María José Castells Aparicio,elodia69@example.net,9871784918376,Masculino,2023-11-22
CL-03643,Jose Luis Moll Madrid,maximaanton@example.net,3283522619334,Masculino,2024-05-17
CL-03644,Isidora de Román,pmateo@example.org,6343933597506,Masculino,2025-06-21
CL-03645,,coelloluciana@example.com,5486661872908,Masculino,2024-03-08
CL-03646,Luisina de Rosales,aamigo@example.com,6133955573209,Masculino,2024-01-19
CL-03647,Silvia Carbó-Gonzalo,jesusapereira@example.com,0165585687104,Femenino,2024-02-03
CL-03648,Eligio Conde Osorio,pedrerocristina@example.net,61234abc,M,2025-08-06
CL-03649,Yolanda Portillo Valbuena,lcarnero@example.org,0994279823504,Masculino,2023-10-31
CL-03650,Fernando del Artigas,gastonbravo@example.net,0417766414855,Masculino,2024-03-24
CL-03651,Josefa Requena Domínguez,ocanaagustina@example.com,9432787153183,Femenino,2025-08-03
CL-03652,Daniela Céspedes-Benito,albano55@example.org,3636212154105,Masculino,2024-10-29
cl_03653,Carmen Quintana Matas,pintomiguel@example.org,2564351568753,Femenino,2025-03-19
CL-03654,Aurelia Mayol-Bernal,francisco-jose16@example.org,7063043095598,Femenino,
cl_03655,Clotilde Collado,ipoza@example.com,3200408640239,Femenino,2025-06-22
cl_03656,Calisto Perera Juan,berta52@example.net,7342760457225,M,2025-03-02
cl_03657,Gilberto Jenaro Español Ros,sanchoeustaquio@example.org,3252093927947,Masculino,2024-04-02
cl_03658,Gustavo Espejo-Herrero,duilioarce@example.com,7495758307033,Masculino,2024-07-14
cl_03659,Macario Figueroa Arellano,borozco@example.net,3825109675748,Masculino,2025-01-30
cl_03660,123,@gmail.com,+34 911413555,Masculino,2025-01-05
cl_03661,Margarita Paredes Pinto,jafet01@example.org,9222583067475,Femenino,2023-11-01
CL-03662,Dorita Fiol Castilla,hpenalver@example.net,7069222092113,Masculino,2024-08-25
CL-03663,Daniel Ferrández-Esteban,marina59@example.net,9570050907070,Masculino,2025-02-11
CL-03664,Valentín Sánchez Alvarez,qjover@example.org,9758896468860,Desconocido,2024-02-11
cl_03665,Alejo Matas Casares,ohurtado@example.org,2949537107689,Masculino,2024-11-21
cl_03666,Luis Ángel Serna Marti,xsolano@example.net,2067487854856,Femenino,2025-01-07
CL-03667,Marc Cantero-Aller,espinosamarisa@example.org,4955512637386,Masculino,2025-03-23
CL-03668,Che Durán Sala,cipriano30@example.org,9419303063672,Femenino,2024-11-04
cl_03669,Paco Solera Rios,calisto37@example.com,0549932534677,Masculino,2025-07-20
CL-03670,María Luisa del Giralt,sanchezpastor@example.com,4842933359889,Femenino,2025-07-10
CL-03671,Ceferino Wilfredo Alcázar Terrón,currutia@example.com,4326260440916,Femenino,2025-05-19
cl_03672,Yaiza de Diego,encarnitaalamo@example.com,+34977749681,Femenino,
CL-03673,Beatriz Fernanda Riera Ariño,inigo74@example.org,3727709449402,Femenino,2025-01-19
CL-03674,Benjamín Amando Rosselló Manzano,qmanzanares@example.com,4282022518120,Femenino,2025-05-09
CL-03675,,ericprado@example.org,5973593931343,Femenino,2025-04-24
cl_03676,Caridad Garcia Benito,yesica67@example.com,3466423945007,Masculino,2023-12-01
CL-03677,Julia Clotilde Giner Benavente,olivia78@example.org,6209723939349,Femenino,2024-10-29
CL-03678,Nieves de Valverde,dmarmol@example.net,5198703501799,Femenino,2025-04-19
CL-03679,Débora Soler Segura,taboadaregulo@example.org,0213476594558,Masculino,2023-09-07
cl_03680,Félix del Abascal,,3938776909726,Masculino,2024-11-28
CL-03681,Maricela Amaya Gutierrez,berta21@example.net,4403822545902,Masculino,2025-01-23
cl_03682,Luís Valera Gomila,guitartrita@example.com,4838962341353,Masculino,2024-04-10
cl_03683,Carmelo Villar Esteban,mendozaatilio@example.net,4381892494356,Masculino,2024-10-02
CL-03684,Isidoro Iñiguez Monreal,alegriacirino@example.com,+34 921 43 22 16,Femenino,2024-02-27
CL-03685,Lorena Tejero Narváez,dancastells@example.com,3390865179949,Femenino,2024-09-06
CL-03686,Augusto Kike Casas Benitez,rosendaalamo@example.com,3101355178354,Masculino,2024-09-21
cl_03687,Isa Cervantes Lara,nevadomatias@example.net,9838785570134,Femenino,2024-09-04
CL-03688,Diego Teruel Arjona,ssaenz@example.net,4199425816058,fem,2023-09-24
cl_03689,Elpidio Belmonte-Verdejo,elorzahilario@example.org,6734378912054,Femenino,2025-06-11
CL-03690,123,,5724349568098,Masculino,2026-01-01
CL-03691,Jordi Acosta Jaén,irene65@example.com,3875865511301,Masculino,2023-11-21
CL-03692,Manu Ferrer Tomás,chita32@example.org,5278225053537,Femenino,2024-03-05
CL-03693,Bautista Aguiló Gimeno,adelina56@example.com,5132033975963,Femenino,2024-05-15
cl_03694,Jacobo Tena-Pastor,franchjorge@example.net,7845093426516,Femenino,2024-06-10
cl_03695,Gastón Rivas Bilbao,chelo03@example.com,1814670216263,Masculino,2023-12-14
CL-03696,Feliciano Cañas Tirado,ale22@example.com,6-123-456,Desconocido,2024-12-22
CL-03697,Fidela Segovia,salud95@example.org,4300776393601,Femenino,2025-04-26
CL-03698,Lalo Muro Luján,jennifer75@example.com,2353362304276,Femenino,2024-03-31
cl_03699,Emiliana Cañete Manrique,clementinajulia@example.com,8257452031723,Femenino,2025-01-08
,Noelia Goñi Coello,,2499754923499,Masculino,2025-07-16
CL-03701,Perlita Bello Borrego,marcelinopalomares@example.org,7392757507098,Masculino,2024-05-11
CL-03702,Luis de Peinado,dionisio27@example.net,6405047466216,Masculino,2024-11-19
cl_03703,Candela Alvarez Pulido,juliapaniagua@example.com,3239240217009,Masculino,2024-07-30
CL-03704,Dulce Barberá Goicoechea,renatagomis@example.net,0118211940761,Femenino,2025-03-15
CL-03705,,nazario83@example.net,8239949554772,Masculino,2025-07-01
CL-03706,Fermín Morell-Albero,lblanch@example.org,8745250335386,Femenino,2023-10-22
CL-03707,Cayetano del Marí,mgrande@example.net,3292222297972,Femenino,2024-08-05
CL-03708,Gema de Vicente,ocanaangeles@example.net,6-123-456,Femenino,
CL-03709,Glauco Villena Barón,nilo22@example.com,3510449701176,Femenino,2024-02-09
CL-03710,Julio César Sotelo Plana,,1823221679803,Masculino,2024-11-22
CL-03711,Natalia Escudero Díez,puenteanastasia@example.net,2250539080278,Femenino,2024-08-16
CL-03712,Josefa Huguet Leon,nelidagibert@example.com,5325700864921,fem,2025-04-23
CL-03713,Alonso Guillén Prieto,rvila@example.com,8935396171860,Femenino,2024-07-23
CL-03714,Gastón Navarrete-Pineda,victoriano91@example.net,0918220797569,Masculino,2024-12-23
CL-03715,Natividad de Prieto,tarellano@example.net,9001399459595,Femenino,2024-11-30
CL-03716,Mireia Rocamora,jose-antoniosierra@example.org,9809942057271,Masculino,2023-10-07
cl_03717,Julián Alemany Pacheco,dbarroso@example.com,6533426390829,Masculino,2024-09-10
CL-03718,Marino Ballesteros Fuertes,serraazahar@example.com,0676360657850,Masculino,2024-04-12
CL-03719,Rodrigo Cueto Agullo,jose-antoniomoran@example.net,0834641946724,Femenino,2025-02-05
cl_03720,123,@gmail.com,6-123-456,fem,2025-08-26
CL-03721,Edelmira Escribano Olivera,adrian70@example.net,1955481895542,Femenino,2025-01-20
cl_03722,Eugenio Abril Marcos,anabelherrero@example.com,0857081944734,Masculino,2024-09-13
cl_03723,Mariano Solana Pou,ayusoharoldo@example.org,1768391396957,Femenino,2024-02-29
cl_03724,Espiridión Cortes,ipedro@example.com,1837368573502,Masculino,2024-04-01
CL-03725,Clementina Somoza Escobar,umontalban@example.net,1579756938871,Femenino,2023-12-25
CL-03726,José Manuel Ledesma Valle,rolando90@example.org,9627649048520,Masculino,2026-01-01
cl_03727,Poncio del Mur,amayalaguna@example.net,8944576741902,Masculino,2024-04-22
CL-03728,Catalina Rocamora Francisco,rosendootero@example.com,9470567657059,M,2024-05-09
CL-03729,Anacleto Peiró Agustín,yessica45@example.org,5367266794965,Masculino,2023-10-31
cl_03730,Wálter Noriega,correo@.com,0393640141727,Femenino,2025-08-06
CL-03731,Odalys Bravo Solera,genoveva90@example.net,0681455089850,Masculino,2024-11-26
CL-03732,Matilde Requena-Bautista,usantos@example.com,61234abc,Femenino,2025-08-24
cl_03733,Martin Fuente Sanjuan,dolores14@example.com,7132018885876,Masculino,2023-10-15
CL-03734,Isaac Crespo Palomar,german17@example.net,7963812768942,Masculino,2025-08-17
CL-03735,123,franciscoguillen@example.org,1618973949048,Femenino,2025-08-09
CL-03736,Ramona Alberto Arcos,carina01@example.org,3628605190457,Femenino,2025-04-02
CL-03737,Pedro Revilla Cabeza,sanmartinsergio@example.net,0453031134547,Masculino,2025-04-17
CL-03738,Edu Enríquez Campillo,qclavero@example.net,3911600792625,Femenino,2024-04-23
cl_03739,Donato Franco-Esteve,yago88@example.com,2787746076766,Masculino,2025-08-14
CL-03740,Victorino Garay Leon,correo@.com,9448440105673,Femenino,2024-07-08
CL-03741,Patricia Torrents Ordóñez,almagroolegario@example.org,9498822091805,Femenino,2025-06-12
cl_03742,Dulce Carrillo Baños,bromeu@example.com,9607427740847,Femenino,2024-01-08
CL-03743,Hernán Arranz Barral,nllobet@example.com,8146042324164,Femenino,2024-03-29
CL-03744,Heraclio Serrano Viña,verduhoracio@example.net,61234abc,Desconocido,
CL-03745,Máximo Barbero Márquez,agibert@example.com,9592042813415,Femenino,2023-09-15
cl_03746,Julio César Mendez-Caro,htolosa@example.org,9977722611096,Masculino,2024-02-21
CL-03747,Etelvina Almansa Castell,elvira53@example.org,0510108919330,Femenino,2024-08-16
cl_03748,Hernán Garrido-Godoy,isaac65@example.org,0495712786992,Femenino,2024-06-01
CL-03749,Luciana Meléndez Lago,bernardo63@example.net,6840301839440,Masculino,2025-04-04
cl_03750,Edgardo Ferrando Pelayo,correo@.com,4352996660826,Femenino,2025-08-18
cl_03751,Carla Miralles-Téllez,hozjimena@example.org,1547903527825,Masculino,2025-07-22
CL-03752,Donato Parejo,efrainvera@example.com,9725089848643,Femenino,2024-01-23
CL-03753,Dionisio Eliseo Lladó Puga,fito16@example.net,1605913324775,Femenino,2025-03-06
cl_03754,Pacífica Blasco-Valbuena,amadocodina@example.com,2255653058489,Femenino,2023-12-17
CL-03755,Belen del Acuña,anayaflorencio@example.net,0439882695205,Femenino,2024-08-19
CL-03756,Eliseo Zapata Vazquez,gironaencarna@example.org,61234abc,Masculino,2023-10-12
CL-03757,Inmaculada Sotelo Gisbert,bgomez@example.org,4156830408326,Masculino,2025-03-07
cl_03758,Teresita de García,egodoy@example.com,2794646203752,Femenino,2023-11-11
CL-03759,León Rivas Manrique,macarena90@example.com,8702340997274,Femenino,2024-06-13
CL-03760,Olivia Santamaria-Aliaga,tonodonoso@example.com,9655175211276,Femenino,2023-09-06
cl_03761,Jennifer Ponce Barberá,micaela48@example.net,9586032385541,Femenino,2024-12-04
cl_03762,Rosalinda Moya Blanes,patricioarana@example.com,1526673800793,Masculino,2024-07-16
cl_03763,Yolanda Mariscal Roman,aguilasimon@example.org,9719514385033,Masculino,2025-05-14
CL-03764,Adelia Catalán Manso,saritavalle@example.com,5399591911585,Femenino,2024-12-07
CL-03765,123,upelaez@example.com,4328046556165,Masculino,2024-05-03
cl_03766,Leandro Canet Medina,guiomar78@example.org,0316044862032,Masculino,2024-09-04
CL-03767,Crescencia Lorena Gilabert Casado,leonciocastejon@example.org,6523248760335,Masculino,2025-06-26
CL-03768,Chucho Reig,amadoroliver@example.com,6-123-456,Desconocido,2023-11-28
cl_03769,Belen María Ángeles Suarez Girón,pelayo62@example.org,0251996817126,Femenino,2024-09-18
CL-03770,Jose Manuel Nieto Benítez,@gmail.com,9730804460958,Masculino,2024-12-08
CL-03771,Alex Miguel-Zapata,kmarmol@example.net,6116476119155,Masculino,2024-05-20
cl_03772,Georgina Giralt Abellán,tlinares@example.com,9319386102253,Masculino,2024-07-24
CL-03773,Nicodemo Lobato Vara,sigfridohuertas@example.net,3646534708135,Masculino,2024-08-21
CL-03774,Eloy Ocaña Palacios,gregorioolive@example.com,5839873538719,Femenino,2024-03-16
CL-03775,Carmen Águeda Vaquero Puig,aramburureinaldo@example.org,2359109763329,Femenino,2024-04-01
cl_03776,Isidora de Bas,ballesterantonio@example.org,0298579662550,Femenino,2023-09-04
CL-03777,Nidia Oliveras Moll,caridad53@example.com,5941056534630,Femenino,2023-10-05
CL-03778,Arcelia de Ochoa,vallspili@example.org,9875251485679,Femenino,2023-12-09
cl_03779,Luz Beltrán Nogués,emulet@example.org,4273636879692,Femenino,2025-04-20
cl_03780,Liliana Simó-Grande,,123456,Femenino,
cl_03781,Ángela Salcedo Pacheco,ramisbernabe@example.com,0015408409649,Masculino,2023-10-06
CL-03782,Alejo Farré,clara89@example.org,3735763368231,Masculino,2024-04-05
CL-03783,Severino Páez Arnaiz,carmeloaliaga@example.net,1644569445242,Femenino,2025-02-16
CL-03784,Olivia Patiño,aleal@example.net,0032572508067,Masculino,2025-07-06
CL-03785,Víctor Méndez Rocha,faustinolosada@example.net,9047539215919,Femenino,2024-10-13
cl_03786,Félix Campillo Ferrández,gerardo41@example.com,6110469871064,Femenino,2024-08-17
CL-03787,Josep Victorino Gomez Pozuelo,fpereira@example.org,4176364325588,Femenino,2024-08-05
CL-03788,Carmina Gutierrez Montserrat,cruzbrigida@example.net,6736837685424,Masculino,2025-07-25
CL-03789,Emelina Palomar Castejón,jonatanjaume@example.com,1605060620505,Femenino,2023-11-22
CL-03790,Vanesa Hernández Pinedo,@gmail.com,8961000215379,Femenino,2024-04-30
CL-03791,Jacinta Ballester,elena63@example.com,9161334342227,Masculino,2024-04-15
cl_03792,Dorotea Mercedes Larrea Egea,mariselasanmiguel@example.net,123456,fem,2023-11-23
CL-03793,María Manuela Mateos Martorell,vcabo@example.org,8174876755224,Masculino,2024-04-11
CL-03794,Silvia Ángel Robledo,samucalderon@example.com,7373971702996,Masculino,2024-11-27
cl_03795,@Oliver,augustopareja@example.org,1755864319515,Masculino,2023-12-07
CL-03796,Rosario Berrocal Gomez,crescenciaferrando@example.org,6547997363520,Masculino,2023-11-07
CL-03797,Poncio Luján-Ureña,eloisacarballo@example.org,1215302196392,Femenino,2024-04-12
CL-03798,Albano Celestino Roldán Mateo,ajaen@example.net,6988350854040,Femenino,2026-01-01
CL-03799,Cecilio Bonifacio Cervera Mayo,llozano@example.org,7162093452831,Masculino,2024-04-09
,Eufemia Manu Aznar Sainz,,3287448931760,Masculino,2024-03-17
cl_03801,Itziar Arjona Mayol,manuel49@example.org,5057351425714,Masculino,2023-10-30
CL-03802,Verónica Nuñez Tormo,mariselaheras@example.org,8489026192573,Femenino,2023-12-10
CL-03803,Heriberto Lastra,felipa12@example.com,7379497826332,Masculino,2025-04-16
CL-03804,Hugo Meléndez Ortuño,guiomarfabregat@example.com,+34 979 422 251,Femenino,2025-01-07
CL-03805,Leticia Atienza Calleja,brionesaroa@example.com,4140531486975,Femenino,2024-06-14
cl_03806,Francisco Jose Sastre Reyes,ibecerra@example.com,1060593210979,Femenino,2024-08-08
CL-03807,Cecilia Gutiérrez Lobato,mcolom@example.net,9018174575193,Femenino,2024-10-08
CL-03808,Priscila Puente Sáez,bejaranoteodora@example.com,2012609457029,Femenino,2023-12-26
CL-03809,Salud Mora-Castellanos,sheras@example.com,7112904439846,Femenino,2024-04-14
CL-03810,123,silvia72@example.com,2276513586365,Femenino,2024-03-19
cl_03811,Macarena Manuel Lumbreras,jalberola@example.org,2937557848914,Femenino,2024-01-12
CL-03812,Viviana Bernarda Salvador Porta,angelicamartinez@example.net,4601224108558,Femenino,2025-03-29
cl_03813,Manu Pozo-Olmo,duenascesar@example.com,8818937098732,Femenino,2023-12-26
CL-03814,Miriam Ibáñez Manrique,amarogarcia@example.com,6923745710466,Masculino,2025-02-05
CL-03815,Margarita Moraleda Feliu,teofila78@example.org,0890801181243,Masculino,2025-06-16
cl_03816,Jesús Gutierrez Barreda,remigioballester@example.com,123456,M,
CL-03817,Adelina Teresita Moll Cabezas,clara@example.org,9931219734381,Femenino,2025-03-14
CL-03818,Armida Roselló Terrón,villalongatere@example.org,4426991808664,Masculino,2024-12-25
CL-03819,Roxana Corral,santamariaedelmiro@example.org,4155938287076,Femenino,2024-04-24
,Rosendo Martín Pintor,alberto60@example.com,3523244684253,Masculino,2025-02-25
cl_03821,Quirino de Botella,mirtaanton@example.com,4318300225998,Femenino,2024-04-04
CL-03822,Adriana Artigas Palau,africatejedor@example.org,6885822394629,Masculino,2025-03-25
CL-03823,Pelayo Estévez Galan,robertalinares@example.net,4836977573351,Femenino,2025-03-27
cl_03824,Maite Mesa Cabrera,corona30@example.org,5435949461356,Masculino,2025-06-27
CL-03825,Narcisa Guerra Mayo,joaquina98@example.com,7975900478615,Masculino,2025-04-22
CL-03826,Reyes Durán Caro,mayte32@example.org,2259504002250,Masculino,2024-09-13
cl_03827,Adelina Sanz Rosa,macarena37@example.com,0394643382293,Masculino,2023-09-30
cl_03828,Ana Ríos,lferran@example.net,+34941 29 78 57,Masculino,2024-03-01
CL-03829,Leopoldo Acero Garay,america24@example.com,5308664971640,Masculino,2023-10-27
CL-03830,Julio César Chaves Comas,asdrubal45@example.com,6624595746317,Femenino,2023-09-25
CL-03831,Benito del Calvet,almudena57@example.org,8669334988304,Femenino,2024-09-04
cl_03832,Candelario Alberto Conde,palvarez@example.net,5792935342559,Masculino,2024-10-17
CL-03833,Alejandro de Ojeda,molinervalero@example.net,9662388712409,Masculino,2023-10-25
CL-03834,Sosimo Ramis,mdelgado@example.com,7300671394104,Femenino,2026-01-01
cl_03835,Sergio Acuña Manso,juana25@example.org,7035198652990,Femenino,2023-12-15
CL-03836,Visitación Rodríguez Castilla,nevadoaura@example.net,6450333709208,Masculino,2024-10-12
CL-03837,Custodio Feijoo Arrieta,talcala@example.org,3454620163343,Masculino,2025-02-15
CL-03838,José Borja Font,ghervas@example.org,1425469996422,Masculino,2025-07-03
CL-03839,Amaro Toledo Valdés,izaguirreester@example.org,8957102549625,Femenino,2024-03-22
,,,123456,fem,2024-09-26
CL-03841,Candelario Hidalgo-Nicolás,alejandracadenas@example.net,1707182398774,Femenino,2024-09-29
CL-03842,Flor Exposito Santamaria,azahara02@example.org,2288715610724,Femenino,2025-07-18
cl_03843,Gervasio Guillen Andrade,yaznar@example.com,5369344309192,Femenino,2024-03-25
CL-03844,Luis Castilla Galván,zamoraemigdio@example.org,8351901252857,Femenino,2025-02-25
CL-03845,Martin Corominas Torre,bonillaceferino@example.org,3530080446176,Masculino,2025-03-08
CL-03846,María Belén Vaquero Sáez,catalanrosalinda@example.com,3218709158425,Masculino,2024-07-11
cl_03847,Teodora Sáez Rivera,aliagatelmo@example.com,2295667111240,Femenino,2024-11-19
cl_03848,Eustaquio Solana Manzano,andreuangel@example.com,9006651658609,fem,2024-09-15
CL-03849,Javiera Gema Alfaro Asensio,jose31@example.net,8958905782431,Femenino,2025-04-26
CL-03850,Vidal Puga Contreras,correo@.com,0647581166277,Masculino,2024-06-12
CL-03851,Regina Marianela Guzmán Ferreras,valenciajuan-carlos@example.com,9345614873794,Masculino,2025-03-03
CL-03852,Adelaida Espejo Barbero,almeidadaniela@example.net,123456,Femenino,
cl_03853,Isa Calderón Iglesia,gallegoalfredo@example.org,1850124335860,Masculino,2023-10-13
CL-03854,Ana de Pombo,omaroller@example.com,6762516987218,Femenino,2023-09-03
cl_03855,Ramiro Llopis-Vilalta,fernandezmartirio@example.org,6098943664374,Femenino,2025-04-02
cl_03856,Alejo Lorenzo Redondo,zlobo@example.org,0221970535793,M,2024-08-10
CL-03857,Vito Gracia Pedro,vcorbacho@example.net,7508256563791,Femenino,2024-08-24
CL-03858,Ámbar Urrutia Muro,aescudero@example.com,2500275929720,Masculino,2023-12-11
CL-03859,Samuel Montalbán Tur,tacuna@example.org,2453389940146,Masculino,2025-05-04
cl_03860,Octavia Lopez Agullo,@gmail.com,0759232690178,Masculino,2025-08-04
CL-03861,Victoriano Galan Salinas,laguilo@example.net,3254380221500,Masculino,2023-09-16
CL-03862,Gala Español Gual,olmedojovita@example.org,3196720022815,Femenino,2024-02-17
cl_03863,Anastasia Arcos-Valcárcel,miguel-angel28@example.com,1685724369030,Femenino,2024-03-10
cl_03864,Prudencio Bellido-Leon,ambrosioayllon@example.org,61234abc,M,2024-03-08
CL-03865,Palmira Guillen,pacorobles@example.org,1139134683406,Femenino,2025-08-10
cl_03866,Caridad Nazaret Quero Rios,leonclotilde@example.org,0260794284092,Femenino,2024-01-07
CL-03867,Román Ricardo Saez Cuesta,mgonzalez@example.com,1373515595603,Femenino,2023-10-09
cl_03868,Fulgencio Villalobos-Andres,ruth28@example.org,4950094929856,Femenino,2025-01-22
cl_03869,Selena Zurita Morillo,nereida66@example.net,4017095253441,Femenino,2024-11-19
CL-03870,,grandeazahar@example.net,0609064113171,Femenino,2023-11-07
CL-03871,Dorita Escribano Lago,lalo72@example.com,0667800943935,Masculino,2025-03-03
cl_03872,Azahara de Iborra,rafaelaespanol@example.org,2039580513640,M,2024-10-19
CL-03873,Jose Mir,noeliaarevalo@example.org,9277727724208,Femenino,2025-04-25
CL-03874,Isidro Casado Leal,upadilla@example.com,3933564750539,Masculino,2025-06-16
CL-03875,Roberta Diego Zabala,evelazquez@example.net,3662857787002,Masculino,2024-05-28
CL-03876,Maura del Pomares,maricruz24@example.net,+34 841 92 29 23,Femenino,2025-03-27
CL-03877,Eliana Acero,valbuenajimena@example.org,1385131761878,Femenino,2024-03-09
cl_03878,Reina Pereira Cerdá,eufemia07@example.net,5433793713411,Masculino,2025-04-05
cl_03879,Abigaíl Pellicer-Sureda,gcoca@example.net,0180231234454,Masculino,2023-11-14
CL-03880,Candelas Busquets Cadenas,,9622795684859,fem,2025-02-08
cl_03881,Hortensia Vizcaíno Sanmiguel,giselaaroca@example.net,3074935552809,Femenino,2025-04-28
CL-03882,Virginia Garcés Valero,huertasleire@example.net,6995989744509,Femenino,2023-11-24
cl_03883,Alejandro Carvajal Niño,ycollado@example.org,1703291928020,Masculino,2023-09-19
cl_03884,Encarnita Benavente Duque,lcardenas@example.com,2226472534672,Femenino,2025-01-01
CL-03885,@Oliver,lbenavides@example.net,4461189616025,Masculino,2024-08-15
CL-03886,Claudia Lobo,iarias@example.com,8442032439382,Femenino,2024-07-13
CL-03887,Eusebio Narciso Ocaña Zamora,anselmo61@example.com,1240535446782,Femenino,2024-05-22
cl_03888,Timoteo Haro Méndez,julian23@example.org,61234abc,fem,2024-07-26
CL-03889,Ani Ochoa Berenguer,wtrillo@example.net,5277733274515,Masculino,2024-11-08
CL-03890,Quique Soriano Rey,,2013760029133,Masculino,2024-01-11
cl_03891,Dorita Carbó Cabanillas,ymir@example.org,5297387869740,Masculino,2025-06-22
CL-03892,Mateo Villalba-Robledo,teofilovillalobos@example.org,2618254535862,Masculino,2024-08-09
cl_03893,Vicenta Alcaraz Bernat,juanitocontreras@example.com,7643183448406,Masculino,2024-08-28
CL-03894,Zaida Agustí Acuña,bautistanavas@example.com,4825890781164,Femenino,2025-04-25
CL-03895,Pilar Arias Amo,priscila86@example.com,9766203556697,Femenino,2025-05-15
CL-03896,Rosendo Miralles Sanjuan,custodiavillar@example.org,0205510189616,fem,2024-12-16
CL-03897,Lourdes Oliveras-Cordero,ramona81@example.org,5824398745256,Femenino,2024-01-27
cl_03898,José Ángel Aragonés Pelayo,irene48@example.com,1115900211744,Masculino,2024-01-26
CL-03899,José Nicolás Serrano,irma87@example.net,3771856841674,Masculino,2025-01-21
cl_03900,@Oliver,ruedaadelia@example.net,6-123-456,Femenino,2023-11-30
cl_03901,Óscar Clavero Ramis,diezclaudia@example.com,5536934077857,Femenino,2025-07-13
CL-03902,Anastasia Chita Ramos Lorenzo,rplanas@example.org,5115342967498,Femenino,2023-09-13
cl_03903,Manuelita Gomez Valenciano,sabascabanillas@example.org,6861804950671,Femenino,2023-09-16
CL-03904,Lupita de Fernández,jbello@example.org,6811519945693,Desconocido,2023-10-30
cl_03905,Visitación Raya Crespo,roberto54@example.com,6708743127402,Femenino,2024-05-05
cl_03906,Efraín Gálvez Fuente,bermejoalex@example.com,1737774874592,Masculino,
CL-03907,Benigno de Borrás,calcirino@example.net,9304598372891,Masculino,2024-03-15
cl_03908,Ángela Arcos Lumbreras,gregorio77@example.com,7753446756354,Masculino,2024-05-11
CL-03909,Segismundo Sedano Esteve,vallesmalena@example.com,1026485626983,Masculino,2024-08-01
cl_03910,Buenaventura Castañeda-Castrillo,,7076121485428,Femenino,2024-02-19
cl_03911,Guiomar Cáceres Campoy,tbaro@example.org,7497730375741,Femenino,2024-01-04
CL-03912,Marisa Arenas Paniagua,lamasmanu@example.org,6-123-456,Desconocido,2024-11-11
CL-03913,Soraya Herranz Rosales,aguilarcarmela@example.org,5625182040626,Femenino,2025-05-29
CL-03914,Juanito Melero Perez,juan-carlosmarin@example.org,2411668522383,Masculino,2023-12-13
CL-03915,@Oliver,trinidadmorera@example.org,0532512533396,Masculino,2023-10-14
CL-03916,Teresita Alfaro Guzmán,clarisa04@example.com,2859842586406,Femenino,2024-05-18
CL-03917,Cosme Reguera Molina,florentino78@example.com,8227407994319,Masculino,2024-06-20
CL-03918,Josefa Plana Avilés,gabrielacoloma@example.org,7608311696601,Masculino,2023-09-18
CL-03919,Amanda Pérez,eustaquio06@example.com,6509475229211,Masculino,2025-04-11
cl_03920,Fabiola Baena,,2643797607116,Desconocido,2024-07-07
cl_03921,Epifanio Salamanca Martín,remedios61@example.com,9070931247492,Femenino,2024-02-08
cl_03922,Ramona Gonzalez Zurita,ana21@example.org,7532144970083,Masculino,2024-10-11
CL-03923,Manuelita Carballo Ortega,qgallardo@example.com,4625490241434,Femenino,2024-06-17
CL-03924,Benjamín Eladio Galvez Mas,telmo46@example.net,123456,Masculino,2026-01-01
cl_03925,Reyna Peinado Contreras,rafa59@example.org,8421133634067,Masculino,2025-04-04
CL-03926,Amador Salazar Manuel,fabianaugarte@example.org,6393030609298,Masculino,2023-09-12
CL-03927,Remigio Lopez Ros,caballerovictoriano@example.com,6681862163705,Femenino,2024-08-08
CL-03928,Ruy Barros Busquets,graciela66@example.org,1733362910283,Desconocido,2023-09-17
CL-03929,Hermenegildo del Bermúdez,camilaochoa@example.net,6803797234184,Femenino,2024-04-10
CL-03930,@Oliver,eulalia33@example.net,0689074978943,Femenino,2025-05-06
CL-03931,Matías Cirino Estévez Cervantes,boadasarita@example.com,9775956305824,Masculino,2025-05-30
CL-03932,Candelaria Mena Cabanillas,victoria50@example.net,6446737781867,Femenino,2024-10-15
CL-03933,Haydée Barrios-Olivé,obauza@example.net,4070442440233,Femenino,2023-10-11
cl_03934,Nacio Segovia Higueras,crios@example.org,1288926192640,Masculino,2023-10-23
cl_03935,Berto Cecilio Gomez Marti,sosaamalia@example.net,7396905480828,Femenino,2024-03-27
cl_03936,Goyo de Sevillano,xquiros@example.net,123456,fem,2025-03-14
CL-03937,Rodrigo Fausto Baeza Verdejo,ricarda25@example.net,2577620487831,Masculino,2025-01-04
cl_03938,Hector Gutiérrez Carnero,calvetapolonia@example.org,1823275477878,Masculino,2025-06-18
cl_03939,Teodoro Piquer Jordán,vmunoz@example.org,9109326450531,Masculino,2024-01-09
CL-03940,Socorro Espinosa Fabregat,,9088878935997,Femenino,2025-08-20
CL-03941,Édgar del Acuña,loida45@example.org,7850205175382,Femenino,2024-08-23
cl_03942,Socorro de Ramirez,talaverajulieta@example.org,9141553043542,Masculino,2023-11-30
CL-03943,Jenny Enríquez Baeza,laraguerrero@example.org,7605844651693,Masculino,2024-07-31
CL-03944,Herminia Carmona Benito,casandrajimenez@example.org,6891375982747,Desconocido,2025-06-06
CL-03945,123,nicolasparra@example.com,4578772107039,Femenino,2024-12-11
CL-03946,Serafina Genoveva Duarte Aguirre,vicentaprats@example.com,3971810643833,Masculino,2025-04-18
CL-03947,Ofelia Rufina Mulet Paniagua,gustavomendez@example.com,1182944541938,Femenino,2025-01-07
CL-03948,Isabela del Lerma,mascaropascuala@example.net,123456,Masculino,2025-07-24
CL-03949,Cristian Donaire Chaves,araujorebeca@example.net,3211207504004,Femenino,2023-11-11
CL-03950,Sebastián Pinilla Reina,@gmail.com,3771757655028,Femenino,2023-08-30
CL-03951,Ligia Jimenez Ribes,juarezruben@example.com,9106167015586,Femenino,2024-09-11
cl_03952,Angelino Moreno Barrera,blopez@example.com,3336697575798,Desconocido,2024-03-09
CL-03953,Hermenegildo Nicolau Santamaría,dulcebarbera@example.org,7608593939824,Femenino,2025-03-18
cl_03954,Porfirio Ruiz Tapia,vallerasmo@example.org,9780204328750,Masculino,2024-02-12
cl_03955,Remedios Piquer Gual,carmela94@example.com,4965340893901,Masculino,2023-11-28
CL-03956,Rosario Morcillo,xgisbert@example.com,3044489589485,Masculino,2024-12-04
CL-03957,Heriberto Ruperto Portero Planas,revillabautista@example.com,3231470026214,Masculino,2023-11-28
cl_03958,Ildefonso Ruiz Marti,xbarba@example.org,1168735925701,Femenino,2024-09-10
CL-03959,Ovidio Javi Ferrer Zamora,maria-carmen59@example.com,0339573980332,Masculino,2025-03-01
CL-03960,@Oliver,correo@.com,6-123-456,Desconocido,2026-01-01
CL-03961,Pancho Vergara-Losada,cbenavente@example.net,7575296106074,Femenino,2025-05-21
CL-03962,Trinidad Arce Monreal,juan-bautista62@example.com,5813285282096,Masculino,2025-06-21
cl_03963,Danilo José Manuel Cuervo Palomar,lagunaisidoro@example.org,3703492563448,Femenino,2024-04-05
CL-03964,María Manuela Delgado Cruz,mberrocal@example.net,1746097424985,Masculino,2025-01-23
CL-03965,Beatriz Higueras Jordán,bernabeperez@example.org,8481529567056,Masculino,2025-08-26
cl_03966,Guiomar Gordillo,pcarrera@example.org,4969927882429,Masculino,2025-01-19
cl_03967,Salud Casas Amaya,marquesconstanza@example.org,4728357281890,Masculino,2025-07-04
CL-03968,Eugenia Murcia-Bonilla,isaacvina@example.org,1111634485957,Femenino,2025-06-23
CL-03969,Daniel Barral-Estrada,agata88@example.net,0164572307465,Masculino,2024-09-02
CL-03970,Cayetana Ferrer Crespi,,3470405704467,Masculino,2024-08-28
cl_03971,Socorro Manuel,tomasa39@example.com,7064494903696,Masculino,2025-02-10
cl_03972,Rosalinda Valbuena,ferminhuerta@example.net,123456,Masculino,2024-06-06
cl_03973,Pepe Mancebo Bertrán,gutierrezcasandra@example.net,3908478687765,Masculino,2024-11-10
cl_03974,Etelvina Granados Borrell,luqueurbano@example.net,9379083737619,Femenino,2024-08-25
CL-03975,123,npi@example.net,1811176156210,Femenino,2024-06-30
CL-03976,Anna Álvaro,arteagaeligia@example.com,2456067520718,Femenino,2024-09-15
CL-03977,Chema Paniagua Vives,paulinaalmagro@example.org,6351100566805,Masculino,2025-05-25
CL-03978,Ariel Folch Montenegro,regulopedrero@example.org,8150845137446,Femenino,2023-10-08
cl_03979,Valeria Priego Barros,xfabregas@example.com,3811739863064,Masculino,2025-03-16
CL-03980,Joan Porras Rius,correo@.com,3317542060588,Masculino,2024-04-12
cl_03981,Valerio Sevilla-Canales,agustincornelio@example.org,4433274965938,Masculino,2025-06-19
CL-03982,Norberto González Puig,ogoicoechea@example.org,3681860261171,Femenino,2025-04-09
CL-03983,Baldomero Batalla Reguera,jportillo@example.net,0452644239241,Masculino,2024-03-22
CL-03984,Magdalena Angulo Poza,bernabellorente@example.com,+34 922 457 751,Desconocido,2025-01-28
CL-03985,Julie Alcolea Díez,juan-antoniogordillo@example.net,0646780520593,Masculino,2024-09-11
cl_03986,Concepción Valencia Cañete,miriam80@example.com,1428103962857,Femenino,2024-12-22
CL-03987,Amada de Fuentes,celiaquerol@example.com,6338875264097,Femenino,2024-03-16
cl_03988,Matías Sans Salas,campossabas@example.com,1946075151254,Femenino,2023-10-19
CL-03989,Dorotea Verdugo Enríquez,jose-miguel16@example.net,7399362733674,Femenino,2025-04-08
CL-03990,@Oliver,,9259481637695,Masculino,2024-04-21
CL-03991,Marisol Bilbao Pons,sgarcia@example.net,8940381199332,Femenino,2023-09-23
cl_03992,Eloy Alcalde Pérez,rquintero@example.net,4128912327820,M,2024-07-17
CL-03993,Armida Barroso Olivares,rocazacarias@example.com,1208805330792,Masculino,2025-06-22
cl_03994,Wilfredo Almagro Amigó,pquesada@example.com,7125695724022,Femenino,2024-09-30
CL-03995,Maximino Solís Morillo,ilamas@example.com,9078342580160,Femenino,2024-08-25
cl_03996,Silvestre Castejón Raya,aureliano82@example.org,123456,Masculino,2026-01-01
cl_03997,Silvia del Segovia,alejandro07@example.com,8841596102281,Femenino,2024-04-21
CL-03998,Beatriz Rivero Ferrández,ascension15@example.com,3840882891333,Femenino,2024-01-23
CL-03999,Irma Ema Angulo Mata,inunez@example.org,3905353170360,Masculino,2024-09-24
,Obdulia Villalobos-Pulido,correo@.com,4585792621516,M,2025-05-19
CL-04001,Evita Orozco,catalina62@example.com,4983901066972,Masculino,2025-01-19
cl_04002,Asdrubal Trujillo-Benavent,castillaadelia@example.org,4193171782050,Femenino,2025-01-28
CL-04003,Saturnina Blanch Morante,mireia90@example.net,0496369471648,Masculino,2024-11-22
cl_04004,Francisca Pombo-Aguirre,garciaplacido@example.com,0704633883887,Femenino,2025-05-22
CL-04005,,violetaplanas@example.org,1240786999749,Masculino,2024-11-10
CL-04006,Guiomar Polo Villalba,joseppallares@example.net,6827596618104,Femenino,2024-09-17
CL-04007,Hipólito Vizcaíno Pellicer,alfredomiguel@example.net,8214165439581,Masculino,2023-12-09
CL-04008,Leonel de Vives,eugenio48@example.net,123456,M,2024-09-23
CL-04009,Duilio Dani Rueda Ibáñez,oyuste@example.com,0473341903403,Masculino,2024-04-10
cl_04010,Carlos Espejo Sanmartín,,5752283410169,Masculino,2024-04-24
CL-04011,Perlita Jenny Aliaga Cabañas,lino68@example.org,1846864309160,Masculino,2023-11-23
cl_04012,Amando Prado Prado,huertasvalentin@example.org,5176629728067,Femenino,2023-12-13
CL-04013,Pascual Vicente Almazán Solís,corderoflorencia@example.com,9428309952619,Masculino,2025-06-14
cl_04014,Daniel Ochoa Delgado,uibanez@example.net,0218113958148,Femenino,
CL-04015,Conrado Uriarte Colom,angelaabad@example.com,6102583237334,Masculino,2024-06-17
CL-04016,Filomena Acevedo Vigil,evitanebot@example.org,2284892630529,Desconocido,2023-09-16
cl_04017,Dimas Borja,melchormalo@example.net,9797266233506,Masculino,2025-04-28
CL-04018,Manu Zapata Collado,dulce61@example.net,1892197704782,Masculino,2024-08-21
CL-04019,Nico Ponce Murillo,segismundovizcaino@example.net,0212837002082,Femenino,2024-05-05
CL-04020,,correo@.com,61234abc,Femenino,2024-07-22
cl_04021,Valeria Olmo Amador,lgabaldon@example.org,7622279336049,Femenino,2024-05-29
cl_04022,Heraclio Olivé Exposito,torrijoseloy@example.org,2293204063828,Femenino,2024-03-06
CL-04023,Emilio Toro Garmendia,jllamas@example.org,6714598518352,Masculino,2025-02-15
CL-04024,Basilio del Agustí,inigovillalonga@example.com,1105889181554,Desconocido,2025-08-22
cl_04025,Palmira Diaz,casalmaxima@example.net,5590440874888,Masculino,2024-10-21
cl_04026,Geraldo Che Bernat Narváez,pintorlorena@example.com,8872176369833,Masculino,2024-05-22
CL-04027,Ruben de Gras,bsala@example.org,7080986263573,Masculino,2024-05-18
CL-04028,Evaristo Eladio Leon Marti,timoteo24@example.net,5241169987596,Masculino,2024-04-01
CL-04029,Anita Conde-Salcedo,ullopis@example.com,4732723292457,Femenino,2023-11-10
CL-04030,Clementina Sáez Acedo,@gmail.com,3241818014333,Masculino,2023-10-25
cl_04031,Julián Guitart Leal,carrenomartin@example.org,3231843040478,Femenino,2024-05-25
CL-04032,Isaías Nevado Maldonado,belen04@example.org,6-123-456,Masculino,2025-05-08
CL-04033,Edgardo Cortés-Milla,dominga31@example.net,4699307509898,Femenino,2025-04-04
CL-04034,Julio César Lucho Amador Macias,benavidesmireia@example.org,2357228252893,Masculino,2024-04-25
cl_04035,,falcograciana@example.com,3832792692332,Femenino,2024-06-25
cl_04036,Javi de Berenguer,cmarcos@example.com,2751970005346,Masculino,2025-07-07
CL-04037,Ricarda Alcalá Bustos,pjove@example.org,5115422842615,Femenino,2023-11-27
cl_04038,Gilberto Pintor,genovevainfante@example.org,8418818847311,Femenino,2025-07-08
CL-04039,Virgilio Puga Arrieta,vera19@example.net,1712013207894,Femenino,2024-07-17
cl_04040,Rosaura Melero,lgomis@example.net,1073284499173,Desconocido,2025-06-15
CL-04041,Arturo Borja-Beltrán,cromeu@example.com,6613735594541,Masculino,2025-06-05
cl_04042,Lucho Figuerola Mata,xmir@example.com,0115975336913,Masculino,2024-05-17
cl_04043,Sabas Olivera,atiliopinto@example.com,0641400570582,Masculino,2024-10-17
cl_04044,Juan José Seguí Navarrete,rsoria@example.com,+34925375699,Femenino,2025-01-03
CL-04045,Encarnacion Guardiola Huertas,escrivagerman@example.com,1768594122671,Masculino,2023-12-02
CL-04046,Martirio Vilar Piñol,zaira44@example.net,6088958626221,Femenino,2025-04-21
cl_04047,Iván Manzano Lledó,zuritaconrado@example.com,2230897313653,Masculino,2024-11-28
CL-04048,María Pilar Espinosa Alcántara,urenaroberto@example.org,0105857947920,Femenino,2025-05-07
CL-04049,Rebeca Seguí-Franco,cvelez@example.com,4694832699972,Femenino,2024-06-13
CL-04050,Estela Serna-Mateu,@gmail.com,3057111993954,Masculino,2026-01-01
CL-04051,Raquel Ileana Gual Amorós,agapito18@example.com,9683664494192,Femenino,2024-09-18
CL-04052,Mercedes Mercader Anglada,masteodosio@example.org,8654050436877,Masculino,2025-07-18
CL-04053,Lucho Tur Falcó,otorrents@example.net,4724049721759,Femenino,2023-12-01
CL-04054,Rafa Carbó Díaz,cgimeno@example.net,3349200343714,Masculino,2025-06-18
CL-04055,Plácido Puig-Planas,manusilva@example.org,6472063739140,Masculino,2025-07-06
cl_04056,Carmelo Sáez Soria,acolom@example.com,6-123-456,Masculino,2024-02-25
CL-04057,Fernando Atilio Santana Perea,vilarseverino@example.net,8150602104544,Femenino,2023-09-30
CL-04058,Chita Cámara Castro,josefarivero@example.org,3078009985424,Femenino,2024-10-01
CL-04059,Angélica Pelayo-Alsina,pcoloma@example.com,3849995157788,Masculino,2025-05-24
CL-04060,Osvaldo Roldán Reyes Martin,@gmail.com,8901572289309,Masculino,2023-11-26
cl_04061,Leticia Rocha Vázquez,linovalle@example.com,8239060584294,Femenino,2024-04-16
cl_04062,Priscila Leocadia Lucena Bello,eligiarobles@example.net,8143381194655,Masculino,2024-07-06
CL-04063,Fidel Palomar Ochoa,lbelda@example.org,7431554088954,Masculino,2023-08-29
CL-04064,Fabio Roman Bernal,calderonmanuela@example.com,3364613465367,fem,2024-04-22
CL-04065,,gallartchus@example.net,4313172030646,Masculino,2024-10-19
CL-04066,Chus Cabeza Serra,jacintoarcos@example.com,2715826070188,Masculino,2024-08-02
CL-04067,Fulgencio Andrade-Llano,auroragarcia@example.net,5552284914886,Masculino,2024-11-04
CL-04068,Cecilia Simó Merino,laura86@example.com,6-123-456,Femenino,
CL-04069,Casandra de Prado,nicanor28@example.org,3425057004670,Masculino,2025-04-06
CL-04070,Lilia Quiroga Torrecilla,planapepito@example.com,4504028071629,Femenino,2024-09-22
CL-04071,Feliciano Jerónimo Anglada Amat,gonzalobadia@example.net,8347267482269,Femenino,2025-06-02
CL-04072,Luz Montes-Planas,juanapujol@example.net,1038068529558,Masculino,2024-11-06
CL-04073,Purificación Gallego Valderrama,pardoignacia@example.com,1042981795941,Femenino,2024-01-18
CL-04074,Eugenia Palomares,lluchximena@example.org,9592569767944,Masculino,2025-07-11
cl_04075,Anabel Cornejo Ripoll,riveranadia@example.com,9527377405040,Femenino,2023-12-05
cl_04076,Tristán Gallego Milla,carino@example.org,3924828764731,Masculino,2025-02-26
CL-04077,María Benavente Segarra,valcarcelbaudelio@example.com,3426841865551,Masculino,2023-11-21
CL-04078,José María Cal Santana,gpena@example.net,7357423072780,Masculino,2024-07-12
CL-04079,Aarón Eric Gallo Frías,joelcastillo@example.net,0014333274966,Femenino,2024-02-13
,@Oliver,,61234abc,Masculino,2023-10-19
cl_04081,Leonel Tito Esteve Lastra,diezlucia@example.org,3390169997386,Masculino,2025-08-19
CL-04082,Ignacia Elías-Barriga,tnovoa@example.net,6783131341122,Femenino,2023-12-22
CL-04083,Adelardo Villena Laguna,jordana25@example.org,6212217121992,Femenino,2025-05-03
cl_04084,Agustina Berrocal Alba,luciocaballero@example.com,6208890448651,Femenino,2025-01-19
CL-04085,Flora Medina Rosell,esanmiguel@example.org,4416785185675,Masculino,2025-08-13
CL-04086,Reyes Morell Tur,claudianunez@example.com,7635030078438,Masculino,2025-01-19
CL-04087,Ulises Solís,abrahamgibert@example.org,5537231402590,Femenino,2024-11-13
cl_04088,Marianela Bernal Berenguer,andreureyes@example.org,8405530036733,Desconocido,2023-11-24
CL-04089,Tristán Salcedo Baró,hlloret@example.org,0261017555823,Femenino,2023-12-13
cl_04090,Luís Belda Diego,varamburu@example.net,1086662193624,Masculino,2024-01-09
CL-04091,Marcia Paniagua,kcarretero@example.net,9224032812564,Masculino,2024-07-16
CL-04092,Jose Angel Abilio Miralles Prieto,albano14@example.org,+34 800409140,Femenino,2023-09-12
cl_04093,Candelario Niño Moraleda,zgimeno@example.org,3599232676377,Masculino,2025-02-09
CL-04094,Salud Manuel Sarabia,wplanas@example.com,3077253608003,Masculino,2024-11-27
CL-04095,,leire18@example.org,5084663861116,Femenino,2025-08-19
cl_04096,Ema Carreras Marqués,donatollado@example.net,8212130927079,fem,2025-02-11
CL-04097,Eligia Mireia Alfonso Guijarro,tejadadimas@example.org,3916569932220,Femenino,2025-04-11
cl_04098,Visitación Zamora Gargallo,ayalaartemio@example.net,0166598375309,Femenino,2024-10-14
CL-04099,Toni Corral-Castilla,selena59@example.net,4676616941125,Masculino,2024-07-21
cl_04100,Guadalupe Lumbreras,,5724501578785,Masculino,2025-06-26
cl_04101,Angélica Mendizábal Ibañez,ulastra@example.com,2070788508326,Masculino,2023-09-20
CL-04102,María Luisa Isa Clavero Rosselló,porteroelisa@example.org,4681184664119,Masculino,2025-05-29
cl_04103,Natalio Samper-Coello,wcornejo@example.com,7910967271312,Masculino,2024-08-22
cl_04104,Sonia Ochoa-Perelló,aaronportillo@example.org,6-123-456,Masculino,2026-01-01
cl_04105,Octavia González Sanz,gualotilia@example.org,0214137809143,Masculino,2024-09-28
CL-04106,Noelia Navas,nacioechevarria@example.org,5669906758446,Femenino,2023-10-06
cl_04107,Ciríaco de Galindo,romeuesperanza@example.org,7802788340274,Masculino,2024-05-09
CL-04108,Iris Morera,qtorre@example.com,9618860458789,Femenino,2025-06-10
cl_04109,Joel Olmedo Milla,kotero@example.net,4159336669643,Femenino,2023-10-31
CL-04110,@Oliver,blascoalbert@example.net,7975639746069,Masculino,2025-04-09
cl_04111,Consuelo Río Donoso,pedro96@example.org,4702697671522,Femenino,2025-01-29
CL-04112,Marisela Prats,olga92@example.net,1648206577826,Femenino,2025-02-03
CL-04113,Florentino Trillo Echeverría,hilariomoliner@example.net,1129462871170,Masculino,2024-02-09
CL-04114,Benjamín Jaén Padilla,torrecilladuilio@example.com,2831019051370,Masculino,2023-11-08
CL-04115,Maxi Perez Portero,yzorrilla@example.net,8636788403302,Masculino,2023-12-23
CL-04116,Encarnacion del Alcolea,nacio06@example.org,123456,Femenino,2023-11-21
CL-04117,Santos Tur Serna,dominguezdiana@example.com,0055149207793,Femenino,2023-10-18
cl_04118,Alicia Jurado Urrutia,vicenteramona@example.com,7673267495330,Femenino,2024-07-31
CL-04119,Vinicio Buendía,francisca97@example.org,9622538635175,Masculino,2024-01-28
CL-04120,Dorotea del Rocamora,,5369589308894,Desconocido,2025-02-13
CL-04121,Pepita Agudo Angulo,nibanez@example.com,4535940407292,Femenino,2025-02-06
CL-04122,Prudencia Cáceres,mendezarmida@example.net,5705494756009,Femenino,2026-01-01
cl_04123,Timoteo Lago,rocairma@example.com,3826050689676,Masculino,2024-04-04
cl_04124,Martirio Morán Ugarte,jpacheco@example.net,9049590678119,Femenino,2024-08-31
cl_04125,@Oliver,alonsochucho@example.net,7723600743599,Masculino,2025-07-29
CL-04126,Reyna Perera Lasa,wdonaire@example.com,5021180079545,Femenino,2024-05-15
cl_04127,Chuy Rojas Barragán,casandra57@example.net,0750767006913,Femenino,2025-02-11
cl_04128,Leandro Inocencio Marti Coloma,ivangalvez@example.com,+34 880 206 542,M,2025-05-01
cl_04129,Chema Jurado Almeida,ypol@example.net,7740743509868,Femenino,2023-09-13
CL-04130,Mar Lara Granados,,6811612682012,Femenino,2024-12-30
cl_04131,Tatiana Salinas Bernad,qcazorla@example.org,3155622060675,Masculino,2023-12-30
CL-04132,Camilo del Diez,casalsjose-francisco@example.net,9157491762795,Masculino,2023-12-03
CL-04133,Patricia Galván Peral,hugoespada@example.org,7401587377093,Masculino,2025-08-17
cl_04134,Che Benavides Hernández,abalaguer@example.com,8593673017389,Masculino,2023-10-09
CL-04135,Purificación Jurado-Machado,ordonezedelmira@example.org,7277190515254,Femenino,2024-01-05
CL-04136,Adriana Arranz Gual,xmoll@example.net,0419114344367,Femenino,2025-05-16
cl_04137,Sosimo Amador Alfaro,nandres@example.org,8516493769614,Femenino,2025-05-24
CL-04138,Adoración Diez Balaguer,marc39@example.org,5289665243597,Femenino,2023-10-31
CL-04139,Javi Lastra Arana,gomezjimena@example.com,3250315945902,Femenino,2025-07-13
,@Oliver,correo@.com,123456,Femenino,2026-01-01
CL-04141,Macarena Bou-Valdés,hlasa@example.com,5380902873016,Femenino,2025-08-01
CL-04142,Marita Cózar-Rodríguez,xcalvo@example.net,3683790360671,Masculino,2023-10-14
cl_04143,Vicente Pardo Montero,chavesfebe@example.org,6890435992746,Femenino,2024-08-31
cl_04144,Elisabet Castrillo Ibarra,gloriaagudo@example.net,0373651791530,Femenino,2025-05-05
CL-04145,Demetrio Hoz Escribano,maria-teresa30@example.org,4919694410388,Femenino,2024-03-10
CL-04146,Ramona Uría Río,dmugica@example.org,7842598303974,Masculino,2025-01-23
cl_04147,Alexandra de Pino,nicolasa21@example.com,9026378124144,Femenino,2025-06-20
cl_04148,Duilio Ávila Comas,calmilagros@example.net,3149305773412,Masculino,2023-09-26
cl_04149,Ciríaco Gallo Cueto,plinio04@example.net,2041282823947,Femenino,2023-11-20
cl_04150,Nadia Somoza,palomareig@example.org,1709920543691,Masculino,2025-03-14
cl_04151,Evaristo Llopis Llanos,izaguirrezacarias@example.org,2973346814115,Masculino,2024-11-15
cl_04152,Vidal Aguado Soler,zsotelo@example.org,+34920497752,Desconocido,2024-02-12
CL-04153,Roldán del Ros,salomgabriela@example.com,3692148861309,Masculino,2024-03-25
cl_04154,Susanita Peiró Guzmán,barbarafigueroa@example.net,1673444198782,Femenino,2025-01-17
CL-04155,,arnalpriscila@example.net,1549647864754,Masculino,2025-04-02
cl_04156,Teresa Castrillo,eliaspujol@example.com,3536620450905,Femenino,2024-10-29
cl_04157,Pepe Montesinos Bellido,isidoro80@example.com,0183097980912,Femenino,2024-11-05
cl_04158,Pascual de Arteaga,aguiloeusebio@example.net,5024066033291,Masculino,
CL-04159,Eduardo Hervás Tamarit,nicolasavillena@example.org,9657125460353,Masculino,2025-08-07
cl_04160,Quirino Moraleda Torrecilla,qlozano@example.net,4642940322100,fem,2025-06-25
CL-04161,Selena Huertas Mulet,juan-luis95@example.com,3999778546990,Masculino,2023-11-04
CL-04162,Teodoro Palomar Palacios,albino86@example.net,2664431982763,Masculino,2025-07-21
CL-04163,Osvaldo Solera,zabaletavaleria@example.net,1729721834950,Masculino,2025-04-15
CL-04164,Lidia Rodrigo,upuga@example.net,6-123-456,Masculino,2024-05-22
CL-04165,Lupita Acosta-Redondo,gil69@example.org,9524425314032,Masculino,2024-04-21
CL-04166,Álvaro Pons,vrios@example.com,5423566493395,Masculino,2024-06-08
CL-04167,Hermenegildo Goñi Bueno,victorelias@example.com,7541648234602,Femenino,2023-11-12
cl_04168,Osvaldo Orozco-Expósito,guitarthilda@example.net,8874134212703,Desconocido,2024-08-31
cl_04169,María Jesús Miralles Enríquez,btomas@example.com,1726760098677,Masculino,2025-06-20
cl_04170,,correo@.com,7812391817804,Femenino,2024-10-05
CL-04171,Elpidio Palma Martin,wpalomino@example.org,2688623205052,Masculino,2025-07-27
cl_04172,Lina Hoz Beltrán,arevalonilda@example.net,6046192283797,Masculino,2024-12-12
CL-04173,Felipe Severo Guardiola Reig,lujanherminio@example.net,8993282743290,Masculino,2023-11-08
CL-04174,Dionisio Valderrama Benet,osvaldo50@example.com,5352027658761,Femenino,2024-02-11
CL-04175,Rodrigo de Montesinos,wrios@example.net,1618196831254,Femenino,2024-01-10
CL-04176,Débora Herrero Barriga,larreajose-antonio@example.org,123456,M,2026-01-01
CL-04177,Hugo Bellido Lerma,pili04@example.com,5380039240530,Masculino,2024-02-17
CL-04178,Rosa de Peiró,seguraalonso@example.org,9403810299837,Masculino,2025-06-08
CL-04179,Albina Gallardo Morán,elena98@example.org,4636030435257,Masculino,2024-11-25
CL-04180,Felisa Guardiola Tenorio,,6852771018795,Femenino,2024-02-21
CL-04181,Samuel Tovar Larrañaga,nebotmaria-pilar@example.com,9030357254533,Masculino,2024-01-15
CL-04182,Florentina Lobato Cano,gimenezjulie@example.org,7198385186130,Femenino,2025-04-01
cl_04183,Wilfredo Armengol-Ayllón,cebriansainz@example.com,0486395841785,Femenino,2024-02-16
CL-04184,Aníbal Sierra-Torrijos,emmamartin@example.net,7011404608492,Desconocido,2025-08-21
CL-04185,123,marcelino88@example.net,0446379754066,Masculino,2025-05-26
cl_04186,Leoncio Lumbreras Baeza,ccanet@example.org,7750669807866,Masculino,2024-02-20
CL-04187,Albino Ángel-Boix,nestorcabo@example.net,3191475548934,Femenino,2024-06-07
cl_04188,Nuria Solsona,casandra03@example.com,61234abc,Femenino,2024-06-12
CL-04189,Norberto Bru Bellido,msevilla@example.org,1388254740702,Femenino,2025-01-02
cl_04190,Noemí Torrijos,correo@.com,3249658764034,Masculino,2023-12-26
cl_04191,Alberto Vergara Llabrés,juanita53@example.com,9362655182432,Masculino,2025-02-18
cl_04192,Alberto Gabaldón,xcatalan@example.com,7012731406711,fem,2024-03-28
cl_04193,Rufina de Romero,joselosada@example.com,2239064343890,Masculino,2023-10-16
CL-04194,Marcelino de Vallés,guiomar92@example.com,2548150965193,Femenino,2026-01-01
cl_04195,Cristian Tudela Baquero,emiliano23@example.org,2335237521621,Femenino,2024-10-21
CL-04196,Violeta Ariza Solé,adrian13@example.com,1328086897225,Femenino,2024-01-07
cl_04197,Olalla Espada Perales,csolano@example.com,4200593736090,Femenino,2024-09-20
cl_04198,Xavier Quero Carrillo,blascoanselmo@example.com,4934805625601,Femenino,2025-02-24
cl_04199,Inmaculada Miranda Pelayo,gamezmarcio@example.org,5884345043990,Femenino,2024-04-17
cl_04200,,,123456,M,2024-04-28
CL-04201,Rosaura Águila Borja,balaguerleoncio@example.com,5990993472055,Masculino,2024-03-22
CL-04202,Tristán Ródenas Lladó,anselma48@example.com,5802354120395,Masculino,2024-10-02
CL-04203,José Ángel Barral Nadal,qbas@example.net,7764155824677,Femenino,2025-06-16
cl_04204,Sigfrido Cuervo,domingagirona@example.com,5576353192587,Femenino,2023-12-30
cl_04205,Vasco Poza Valenzuela,reina76@example.com,9305158642379,Femenino,2025-08-21
cl_04206,Alonso Serna Gual,jose-ramonrivero@example.com,7217683221423,Femenino,2024-01-22
CL-04207,Ruperto Damián Tapia Arnal,agataverdejo@example.org,9429128809148,Masculino,2025-06-05
CL-04208,Marcos Mir,ccaparros@example.com,6452056303332,Femenino,2024-05-02
CL-04209,Jeremías Cazorla Guzmán,alba57@example.org,0977256770986,Masculino,2024-07-04
CL-04210,Francisco Jose Torralba Carbonell,,0409443563310,Femenino,2024-12-28
cl_04211,Conrado Cordero,perellocelestino@example.net,9076851330040,Masculino,2024-04-20
cl_04212,Palmira Hernández,gabriela55@example.com,+34 984045597,Masculino,
CL-04213,Amarilis Pujol Martín,vinasjose-maria@example.net,9120141185111,Femenino,2025-01-14
CL-04214,Carmelita Hierro Cueto,yesica75@example.org,8967327962706,Masculino,2024-01-06
cl_04215,123,sevearanda@example.com,8048253427879,Femenino,2025-05-04
CL-04216,Raúl Franco Cerdá,inocenciopulido@example.com,1418766299290,fem,2023-10-13
cl_04217,Amancio Batlle Cal,juancaro@example.org,6538991036344,Femenino,2024-07-14
CL-04218,Sara Perales Agudo,hervaselvira@example.net,7372731737569,Femenino,2025-03-25
CL-04219,Victoria Camacho Becerra,abigail60@example.net,6098548560435,Masculino,2024-01-16
,Emma Pina Riquelme,,1002095376889,Femenino,2024-03-02
cl_04221,Jennifer Vera Rebollo,tania20@example.net,2660248528174,Femenino,2025-07-19
CL-04222,Juana Álvaro,tmuro@example.net,5526854755441,Femenino,2025-07-06
CL-04223,Juliana Domínguez Oliveras,ooliva@example.org,6403338065445,Femenino,2023-12-09
CL-04224,Dora Murillo,bmanso@example.net,+34 981954201,Desconocido,2024-06-27
CL-04225,Isidoro Puerta-Quintero,alcazarnereida@example.com,5967193702627,Masculino,2024-11-04
cl_04226,Tatiana Nuñez-Bartolomé,wbustamante@example.com,4285351230261,Femenino,2025-05-28
CL-04227,Viviana Gelabert Campo,edelmiroborrell@example.org,3855400615697,Masculino,2025-04-20
CL-04228,Albert Olmo Sola,kfeijoo@example.com,4208558385322,Masculino,2023-11-12
cl_04229,Jeremías Cantero Adán,nicanorharo@example.com,7525248326871,Masculino,2024-08-17
cl_04230,123,correo@.com,2300339149735,Femenino,
cl_04231,Fito Varela Salcedo,juan-antoniomariscal@example.com,7146956577756,Masculino,2023-11-28
CL-04232,Clemente Marti,tejadaeliseo@example.com,7749972807725,Desconocido,2024-09-14
CL-04233,Fernanda Tur Catalá,remedios13@example.org,0810145430114,Femenino,2024-12-17
CL-04234,Duilio Zamorano Batalla,hernandezcristobal@example.net,7052381382170,Femenino,2025-03-25
CL-04235,Román Garriga Macías,pcarrera@example.org,0844085988195,Masculino,2024-05-07
cl_04236,Lino Suárez-Cifuentes,miguela93@example.org,123456,Femenino,2024-05-30
CL-04237,Osvaldo Franch Viña,josue36@example.net,1133231509948,Masculino,2024-06-01
CL-04238,Miguel Ángel Bellido,dduarte@example.org,3354350449460,Masculino,2024-02-18
CL-04239,Estela Torralba Valero,auroravalenciano@example.org,6429866397909,Femenino,2024-10-02
CL-04240,Consuelo Oliver Calleja,imur@example.org,4732956586485,Desconocido,2024-04-25
CL-04241,Eva Llamas Andrés,francomauricio@example.com,5726537401456,Femenino,2024-09-12
cl_04242,María Jesús Borrás Sainz,eveliamoraleda@example.net,1877302427710,Masculino,2025-03-12
CL-04243,Joaquina de Llobet,lucho73@example.com,7590132451458,Femenino,2024-06-21
cl_04244,Lalo Carrera Taboada,abascalcebrian@example.com,2917018791954,Masculino,2024-05-18
cl_04245,Eulalia Elvira Cózar Redondo,pelayoantonio@example.org,3448652512067,Femenino,2023-12-07
CL-04246,Baltasar del Zaragoza,morenaserra@example.net,3842117915024,Masculino,2024-09-24
CL-04247,Azahar Rocamora Benítez,bpulido@example.net,1989707686192,Femenino,2024-09-08
cl_04248,Esperanza Rojas Pablo,bcampoy@example.com,+34 885 932 508,M,2024-10-21
cl_04249,Eliseo Teruel-Pacheco,luqueaugusto@example.com,3293100498835,Masculino,2024-01-14
cl_04250,Josué Font Gonzalez,,9927050945776,Femenino,2025-08-20
cl_04251,Adelina Ortiz Flor,duquebarbara@example.org,1500486370547,Masculino,2024-04-30
CL-04252,Ramiro Lladó-Alcázar,dlerma@example.net,6542552023718,Masculino,2025-08-14
CL-04253,María Pilar Palmer Esteban,felisa72@example.com,0684723364943,Femenino,2023-08-30
CL-04254,Anastasio Mas Montes,xcastells@example.org,7598115002177,Masculino,2025-05-08
CL-04255,Glauco Bonet-Torrecilla,olivareschus@example.org,5015024124865,Femenino,2024-09-21
cl_04256,Soraya Heras Vara,etellez@example.org,6640314996709,Femenino,2024-05-27
CL-04257,Primitiva Echeverría Manrique,jerezsilvestre@example.net,0590316522276,Masculino,2025-03-15
cl_04258,Anabel Carpio,aranzazu72@example.net,2472187685628,Masculino,2023-10-31
CL-04259,Fidela Escalona,felixagustin@example.com,2525578821448,Masculino,2024-10-09
cl_04260,,,123456,Masculino,2024-04-13
CL-04261,Lina Manuel Agustín,begona87@example.org,7874642242071,Masculino,2025-04-28
CL-04262,Celestina Ricart Parejo,manu54@example.org,4163949327702,Masculino,2024-05-05
cl_04263,Dora Gordillo-Piñol,espiridionporras@example.org,4068693287873,Femenino,2025-03-23
cl_04264,Osvaldo Nicolás Barco,collbenjamin@example.net,6438279187617,M,2024-05-09
cl_04265,Leyre Bou Sobrino,asdrubal79@example.net,2277469536510,Masculino,2024-07-20
cl_04266,Fulgencio Mármol Ordóñez,ycervera@example.org,4156487066673,Masculino,2024-05-15
CL-04267,Noemí Carrillo Sanchez,beatrizcaballero@example.net,3141317629518,Masculino,2023-09-05
cl_04268,Fortunata Gras Galván,gamezisaac@example.net,8345859182950,Femenino,2024-05-21
cl_04269,Joel Frutos Bellido,custodia58@example.com,2962287921079,Masculino,2024-02-03
CL-04270,Olegario Salom Iñiguez,pontjenny@example.org,8332952036318,Femenino,2024-12-13
cl_04271,Consuelo Cano Jaén,victoria19@example.com,2752440986399,Masculino,2024-05-17
CL-04272,Luciano Vaquero Viana,rafaelblanca@example.org,61234abc,Masculino,2023-10-01
cl_04273,Valerio Hector Beltran Aragón,balfonso@example.net,4826937643049,Femenino,2025-07-01
cl_04274,Ariel Gargallo Cuervo,amando59@example.org,1653780491875,Masculino,2024-07-20
cl_04275,@Oliver,ksureda@example.org,8953878904225,Masculino,2023-12-27
CL-04276,Felipa Vall Toledo,porterocebrian@example.net,2859890924317,Femenino,2024-12-06
CL-04277,Ramona Valverde,santos13@example.com,7555864958014,Femenino,2024-06-23
CL-04278,Verónica de Gras,echeverriajuan-manuel@example.net,1315497389748,Femenino,2023-10-07
cl_04279,Leandro de Palomo,espinosamartina@example.org,6958580440870,Femenino,2024-10-16
CL-04280,Godofredo Guillén Amores,@gmail.com,2406036245608,Femenino,2025-01-11
CL-04281,Teófilo Bayona Vallés,jeronimo28@example.org,6329871697924,Femenino,2024-09-27
cl_04282,Ligia Palomo Puente,icapdevila@example.org,2515537989631,Femenino,2024-07-09
cl_04283,Amparo Tejero-Sans,vasco16@example.net,5159672372989,Masculino,2025-07-24
CL-04284,Rosa Huerta Tejera,gilabertpatricio@example.com,6-123-456,Masculino,2024-04-11
CL-04285,Néstor Llano,damor@example.com,1288192378409,Masculino,2025-03-25
CL-04286,Néstor Villanueva Ferrando,joel70@example.com,1531305850063,Femenino,2025-05-30
cl_04287,Maxi Jaime Arregui Ayala,elias59@example.com,7548459474656,Masculino,2023-09-15
CL-04288,Octavio Guardiola Ferrández,ruben22@example.net,8341585042004,Femenino,2025-04-12
CL-04289,Bernarda Cobos Roura,humbertoarjona@example.com,1466738500294,Femenino,2024-07-18
CL-04290,,@gmail.com,8377127092934,Masculino,2023-12-22
CL-04291,Albert Beltran Fuentes,belen79@example.com,2600192130261,Masculino,2023-12-26
CL-04292,Adriana Marqués Pineda,agapitomarquez@example.net,4938115304316,Masculino,2024-07-03
cl_04293,Baldomero Horacio Albero Laguna,pastorlupe@example.org,8389344636677,Masculino,2023-08-29
CL-04294,Gabriela Rey Losada,melchor00@example.org,1222679904057,Masculino,2024-03-18
CL-04295,Piedad Posada Pérez,mollblanca@example.com,2185662579893,Femenino,2024-03-09
CL-04296,María Jesús Amores Armengol,gutierrezsofia@example.org,61234abc,Masculino,2024-11-20
CL-04297,Cecilia Gutiérrez Téllez,buenoangela@example.com,8325254787921,Masculino,2025-03-25
CL-04298,Omar Castilla Vicens,julianapinol@example.com,0505363613244,Femenino,2024-01-02
cl_04299,Santos Baena Alba,anguitatatiana@example.org,1718028355825,Masculino,2024-09-21
CL-04300,Juan Antonio Donoso-Amaya,@gmail.com,1469107295496,Femenino,2025-02-15
CL-04301,Mariano Quevedo Ariza,leiregarate@example.com,1311915988907,Femenino,2024-06-01
cl_04302,Jonatan Hernando Oller,joan14@example.com,7613471990717,Femenino,2026-01-01
cl_04303,Zoraida Belmonte Borja,sanchomarcio@example.org,6512824448083,Femenino,2024-11-12
CL-04304,Dominga Folch Jáuregui,rebeca92@example.org,6843033290881,fem,2025-06-13
CL-04305,@Oliver,palmiraterron@example.net,4522978490024,Femenino,2024-03-13
CL-04306,Amado Iván Díez Ortuño,lcoloma@example.org,4271183287596,Masculino,2025-02-27
CL-04307,Jovita Sáenz Blanch,rosa-maria20@example.com,0339641544477,Masculino,2024-01-16
CL-04308,Elena Montaña Asenjo,alejo55@example.net,123456,Femenino,2025-06-12
cl_04309,Xavier Dávila,sosimojerez@example.net,0205929090301,Femenino,2024-10-18
CL-04310,Albert Casals Tena,@gmail.com,7180976384806,Masculino,2024-10-16
CL-04311,Pili Herrera,ingridalberdi@example.org,2668443218095,Femenino,2025-08-26
CL-04312,Adolfo Alvarado Ferrándiz,inocenciojover@example.net,0914772028838,Masculino,2024-08-19
cl_04313,Timoteo Cabañas Marcos,qcodina@example.org,3506000075017,Femenino,2024-04-23
cl_04314,Luis Reguera Toro,sotoeufemia@example.com,2911615440994,Femenino,2024-12-20
cl_04315,Rosalía Dora Pedrosa Arribas,candelasfolch@example.com,4881022507071,Masculino,2023-10-29
cl_04316,Rita Valentín Canet,tbartolome@example.com,2930627901328,Femenino,2025-02-08
CL-04317,Trinidad Ester Villar Rovira,rogelioarroyo@example.net,7409166422495,Masculino,2024-01-11
CL-04318,Jesusa Palau Tena,cardenasjose-angel@example.com,0258690158930,Masculino,2024-04-18
CL-04319,Vera Valcárcel Aragonés,pinillaesperanza@example.org,0267758809611,Femenino,2023-12-09
,Juan Francisco Lozano Alarcón,@gmail.com,6-123-456,fem,2026-01-01
CL-04321,Guiomar Calvo Alcaraz,dimas72@example.org,7233520924087,Femenino,2023-11-21
CL-04322,Adora Sanchez Marco,upuga@example.com,6516049277532,Femenino,2024-07-08
CL-04323,Reina Mercedes Cortes Guzmán,cerdaalexandra@example.com,9306332723388,Masculino,2024-12-31
cl_04324,Ismael Murcia Parejo,lmolins@example.net,0728262921918,Masculino,2025-06-11
cl_04325,Sara Amo-Oliveras,ainara57@example.com,8153992231632,Masculino,2024-11-19
CL-04326,Gaspar del Solana,martivenceslas@example.net,3981405440393,Femenino,2023-10-19
CL-04327,Samu Márquez Múgica,juan-pablomonreal@example.net,7857449931346,Masculino,2024-03-08
cl_04328,Bonifacio Ortuño Franco,ariadnacalderon@example.net,5512024160338,Femenino,2024-02-03
CL-04329,Manuela de Alcaraz,francisco-javier46@example.net,7961922673212,Femenino,2025-02-28
CL-04330,Pánfilo Huertas Luque,allergaston@example.net,2624911242526,Femenino,2024-02-25
CL-04331,Artemio Coll Girona,lmorera@example.org,7559374837126,Masculino,2024-07-23
CL-04332,Encarnacion del Ferrando,encarnaguitart@example.org,61234abc,Masculino,2023-10-19
CL-04333,Julio del Pereira,uaparicio@example.com,0151655061247,Masculino,2023-10-12
CL-04334,Fidela Ochoa Hernández,rodriguezestela@example.org,3267838633980,Femenino,2024-05-23
CL-04335,Guillermo Borrell-Lladó,lola52@example.com,5322818559132,Femenino,2024-11-28
cl_04336,María Dolores Montesinos Mínguez,lhuertas@example.com,4186238944758,M,2025-06-13
cl_04337,Erasmo Belda,quevedoiker@example.com,3833385899089,Femenino,2024-10-14
CL-04338,Nacho del Oliver,marinatrujillo@example.com,6405548067650,Femenino,2026-01-01
CL-04339,Maximiliano Naranjo Manzano,mbarranco@example.com,7676508772076,Femenino,2024-09-28
cl_04340,María Ángeles Chelo Avilés Lopez,munozalonso@example.net,6127304111828,Femenino,2024-08-02
cl_04341,Natividad de Borrás,manu05@example.org,5136780010441,Masculino,2024-02-14
cl_04342,Vera Espinosa Gomila,rocadomitila@example.net,3525928881869,Femenino,2023-12-29
cl_04343,Simón Cárdenas Ríos,fernanda76@example.org,6054056584061,Femenino,2024-04-12
CL-04344,Candela del Caro,rioblanca@example.org,61234abc,fem,2024-05-15
cl_04345,Haydée Sans Alba,pio10@example.com,0284623378580,Masculino,2024-11-08
CL-04346,Renato Español Vallés,pneira@example.org,6825715808598,Femenino,2024-07-20
cl_04347,María Zabala,fulgenciorosello@example.net,4021800692854,Masculino,2025-07-06
cl_04348,Nicolasa Lorenzo Mascaró,ferrandezchuy@example.com,8399628069523,Masculino,2025-07-30
CL-04349,Ale Alvarez Robles,ntome@example.org,5894191202918,Masculino,2025-03-16
CL-04350,123,amor65@example.net,8946837872296,Masculino,2024-07-11
cl_04351,Virginia del Nebot,marranz@example.com,4413233977853,Femenino,2023-11-01
CL-04352,Ana Belén Calderón Casals,albertoalbano@example.com,1915601881880,Masculino,2023-11-27
cl_04353,Yéssica Esperanza Alba Ángel,julietaharo@example.org,7474705578240,Masculino,2024-07-26
CL-04354,Héctor Carbajo Fuster,thuguet@example.net,4332673333177,Femenino,2023-11-04
CL-04355,Florinda Cárdenas Plaza,adelabuendia@example.org,9772990041706,Femenino,2024-12-07
CL-04356,Jesusa Perales Torrent,burgosaitor@example.net,6-123-456,Masculino,
CL-04357,Lisandro Zurita Nadal,maria-jose47@example.org,7347886881341,Femenino,2023-10-05
cl_04358,Paula de Lorenzo,sanjuanjavier@example.org,6260058033924,Femenino,2025-03-25
CL-04359,Victorino Ferrández Alfonso,blanesjose-antonio@example.com,3542030655576,Femenino,2025-01-07
cl_04360,Ruy Quintana Rico,@gmail.com,6831917326949,Desconocido,2024-04-20
cl_04361,Estrella Castillo,gilmaestre@example.net,4115920117742,Femenino,2024-03-19
cl_04362,Abril Plana-Mayo,lilianacabrero@example.org,1442753890345,Masculino,2024-02-29
cl_04363,Alejandro Lozano Chacón,dianaabad@example.net,1206792839585,Femenino,2024-08-16
CL-04364,Yolanda Artigas Merino,dgiralt@example.com,0892763822452,Femenino,2024-11-07
CL-04365,,nandorincon@example.net,0449966776537,Masculino,2025-07-01
cl_04366,Germán Vega Morales,baroca@example.org,3973538320107,Masculino,2023-10-14
cl_04367,Catalina Galvez-Zapata,reyes76@example.com,0349533072855,Femenino,2024-12-29
CL-04368,Isaura de Maldonado,isaacpozo@example.com,123456,Desconocido,2025-02-17
CL-04369,Ildefonso Uría Cervera,samuelmur@example.com,4113858935742,Masculino,2023-12-07
cl_04370,Pascual Ledesma Calleja,,1742214838851,Masculino,2025-01-07
CL-04371,Ale Peinado Cal,malcalde@example.org,9794406584849,Masculino,2024-11-06
CL-04372,Marcelino Coloma,mateharoldo@example.com,1040431853622,Femenino,2024-07-03
CL-04373,Marta del Torre,claudia03@example.com,4985037701172,Femenino,2024-01-15
CL-04374,Tatiana Lledó Mena,prueda@example.com,5987111424901,Femenino,2026-01-01
cl_04375,Carlos Villalonga Segura,adalberto97@example.com,6764643259305,Masculino,2024-06-18
CL-04376,Alejandro Barberá Gomez,gonijenaro@example.com,5095909250471,M,2024-04-07
CL-04377,Amado de Luís,rpujol@example.com,3075957190311,Femenino,2025-01-07
cl_04378,Amando Folch Vicens,ydavila@example.net,3443005196313,Masculino,2024-08-30
cl_04379,Berto Gibert Abella,ingrid06@example.com,3919262801042,Masculino,2023-10-22
cl_04380,123,,61234abc,Masculino,2025-01-20
CL-04381,Claudia Palmer-Peralta,pili76@example.com,6975476006642,Masculino,2024-05-10
CL-04382,Édgar Iglesia Isern,iarregui@example.net,5590994337602,Femenino,2023-12-08
cl_04383,Felipa Noelia Priego Millán,chavesmalena@example.org,2972031183797,Masculino,2024-04-16
CL-04384,Emilia Calleja-Alcázar,cabellofabio@example.com,5832126111481,Desconocido,2024-08-15
CL-04385,Remedios Salgado,gvalera@example.org,8363192903595,Masculino,2024-10-11
cl_04386,Priscila Ángel Zurita,llamasgraciela@example.net,8273255286548,Femenino,2025-07-23
CL-04387,Héctor Guiomar Andrés Valdés,caminoflorencio@example.com,5441338157245,Femenino,2023-09-16
CL-04388,Mayte Blasco,psotelo@example.com,7383383300081,Femenino,2025-04-08
cl_04389,Abraham Serrano Ferrero,bilbaoanselmo@example.net,1399468732822,Femenino,2025-07-29
CL-04390,Lino de Borrell,,7233311930945,Femenino,2024-04-26
CL-04391,Merche Llobet-Campos,wbeltran@example.com,8829891111570,Femenino,2025-01-16
CL-04392,Mariana del Palomo,gilberto52@example.org,+34 942364540,Masculino,2026-01-01
CL-04393,Vicenta Alcolea Barranco,fdominguez@example.net,0931366714659,Masculino,2024-04-21
cl_04394,Odalys Murillo,pepito31@example.org,7722366516470,Femenino,2025-01-09
CL-04395,,bcuadrado@example.org,6519367242340,Femenino,2023-09-23
CL-04396,Gerardo Figueroa-Seguí,gaston97@example.net,1944996470527,Masculino,2023-10-30
CL-04397,Eufemia Obdulia Catalán Olivares,lluchnuria@example.org,4032018759067,Masculino,2025-02-19
CL-04398,Eva Vilalta-Marcos,angelicaginer@example.net,2545002879421,Femenino,2025-07-23
CL-04399,Yéssica Lola Páez Llobet,santosbaquero@example.org,0659640302596,Femenino,2024-07-10
cl_04400,Gonzalo Cañete Quero,@gmail.com,7772919754544,Desconocido,2024-05-19
CL-04401,Cristóbal Llobet Arana,flavio68@example.com,1869221282259,Masculino,2024-11-04
cl_04402,Ligia Morcillo Ángel,paz25@example.com,5409862424630,Masculino,2024-11-20
cl_04403,Esther Lozano Muro,eva59@example.org,7526877104960,Masculino,2023-12-12
CL-04404,Lorenzo Palacio Alberto,tbarranco@example.com,6-123-456,Femenino,2024-12-04
cl_04405,Fortunato del Gordillo,uescamilla@example.org,1295511484617,Masculino,2024-02-19
CL-04406,Carmina Arjona Palma,ujimenez@example.org,6835063229115,Masculino,2024-05-19
CL-04407,Rosario Blázquez-Correa,millanrocio@example.com,6563337001210,Femenino,2024-11-21
CL-04408,Carlota del Gutierrez,manuelester@example.com,4039944129565,Desconocido,2025-01-27
cl_04409,Piedad Hernandez Royo,almazanmaximino@example.org,4398114817445,Femenino,2024-04-25
CL-04410,123,correo@.com,3907001348372,Masculino,2024-04-07
CL-04411,Norberto Gracia Rivera,florenciapedro@example.com,8881209599043,Masculino,2024-01-02
CL-04412,Remedios de Barrera,pmayol@example.net,1258681269385,Femenino,2023-11-22
cl_04413,Trinidad Alegria Carrión,maria-dolores52@example.com,7694213114057,Masculino,2025-07-28
cl_04414,Nicolás Benítez Carrasco,moreno89@example.net,3649705723764,Femenino,2024-11-26
CL-04415,Evaristo Costa Tejedor,brigida50@example.com,3625257564055,Femenino,2025-07-11
CL-04416,Ruy Anaya Abril,obdulialamas@example.net,6-123-456,Femenino,2024-02-01
CL-04417,Cornelio Pallarès Otero,karranz@example.net,0154594503098,Femenino,2024-08-04
CL-04418,Pablo Reina Vigil,virgiliollabres@example.net,5641839710403,Femenino,2025-02-24
cl_04419,Fabiana Arteaga Quintana,julietagalindo@example.com,3997812144031,Masculino,2025-06-07
,Amalia Alcolea Rocha,@gmail.com,1660505751502,Masculino,2025-03-03
CL-04421,Nerea Gascón Torre,ramonavizcaino@example.com,1606782250993,Masculino,2025-04-09
CL-04422,Daniel Glauco Alvarado Robles,escuderoelpidio@example.net,4846546126771,Femenino,2024-08-30
CL-04423,Guiomar Samanta Oller Pintor,brioneserasmo@example.com,4353604730260,Masculino,2024-04-08
CL-04424,Diana Casado-Mate,jbarral@example.net,7028031653926,fem,2023-10-22
CL-04425,123,hortensiallado@example.com,3046654531902,Masculino,2024-07-17
CL-04426,Isidro Cazorla-Vicens,elisabetarnau@example.org,0702939682777,Masculino,2024-07-19
CL-04427,Martirio Nélida Sans Sosa,paulino31@example.net,7319991774298,Masculino,2024-08-26
CL-04428,María Belén Corral-Palomares,andres-felipe81@example.org,+34884 939 733,Masculino,2026-01-01
CL-04429,Ainoa Reig Garrido,maria-carmen59@example.com,1922811444532,Masculino,2023-11-26
CL-04430,Ofelia Morera-Amorós,correo@.com,0119791867946,Femenino,2023-09-23
CL-04431,Ariadna Mascaró Fajardo,calamo@example.com,2497535448452,Femenino,2023-10-04
cl_04432,Olegario Poza Camino,vendrellfortunata@example.net,9156689731767,Femenino,2024-02-14
CL-04433,Eusebio Venceslás Márquez Alegria,benavidesximena@example.org,3252698095443,Femenino,2024-11-29
CL-04434,Pepito Ricart Antúnez,maria-josepoza@example.net,4033971134616,Femenino,2024-05-24
CL-04435,Flor Fuertes Ramírez,ecastrillo@example.net,4388172305683,Femenino,2024-12-28
cl_04436,Reina Carvajal-Sarmiento,higuerasbibiana@example.com,1430959238667,Masculino,2024-07-31
cl_04437,María Jesús Casanovas Estevez,vlerma@example.com,3601212860507,Masculino,2024-09-16
CL-04438,Íngrid Portillo Bayona,carrionantonio@example.org,9545714023312,Femenino,2024-05-19
cl_04439,Renato Ortega Zamora,escuderoadelia@example.net,2280004213895,Femenino,2025-04-26
cl_04440,123,,6-123-456,M,2025-08-19
CL-04441,Trini Sáez Alsina,isaavedra@example.org,4501887752889,Masculino,2023-09-09
CL-04442,Diana Tenorio Hernandez,lluchtrinidad@example.com,6225286347301,Femenino,2025-05-25
CL-04443,Liliana Cases Varela,vazquezcrescencia@example.com,7076156748291,Masculino,2025-01-20
cl_04444,Cipriano Lucas Ibarra,zcarnero@example.net,6838808774449,Femenino,2024-09-20
CL-04445,Fortunata de Solís,solismagdalena@example.com,0709936167202,Masculino,2024-02-01
CL-04446,Amancio Criado Rico,hfuertes@example.com,5654688244488,Masculino,2023-12-10
CL-04447,Jacinto Basilio Romeu Blazquez,orianasevilla@example.net,8027843219950,Femenino,2024-08-15
CL-04448,Araceli Nydia Haro Ricart,victoriano68@example.org,7542538608029,Masculino,2023-11-28
cl_04449,Calista Belmonte,emilia06@example.org,4448884497726,Femenino,2024-07-03
CL-04450,Manu Prieto,@gmail.com,8046479729226,Masculino,2023-10-02
CL-04451,Severino Escudero Aroca,jeremiasfranch@example.org,4726943355365,Femenino,2023-09-13
cl_04452,Nacio Casanovas-Tello,lupita57@example.net,6-123-456,Masculino,2023-10-20
CL-04453,Andrés Felipe Oliveras,pelaezroldan@example.com,1710727709065,Femenino,2024-10-17
CL-04454,Luis Miguel Viñas Casal,aitorsoria@example.org,4243029863092,Femenino,2024-08-03
cl_04455,@Oliver,artemioplana@example.com,7632257683730,Femenino,2023-11-29
CL-04456,José Ángel de Iñiguez,xhoyos@example.org,4342867082071,Desconocido,2024-01-21
CL-04457,Mario de Gutiérrez,julio10@example.com,3806348611283,Masculino,2024-04-10
cl_04458,Concha Roca,roberto96@example.net,8201408074561,Masculino,2024-09-09
CL-04459,Bonifacio Tomás-Rivero,pedrosacarmela@example.org,6044163369454,Masculino,2025-02-14
,Amancio Lillo,,0752856851097,Femenino,2024-08-19
cl_04461,Ovidio Bolaños Toledo,pinillafelix@example.net,0648612597915,Masculino,2024-03-14
cl_04462,Roberto del Pellicer,amadorjordi@example.net,9157182013421,Femenino,2025-05-29
cl_04463,Priscila Canals Heras,evalls@example.net,0270912233153,Femenino,2024-02-26
CL-04464,Bernardo Abril Sanmiguel,jose-carlosvilaplana@example.net,123456,Femenino,
CL-04465,Omar Alcides Paredes Vizcaíno,adoracion61@example.org,6545649680741,Femenino,2024-07-28
cl_04466,Jonatan Rincón Gárate,candida41@example.net,0802089612545,Femenino,2025-07-31
CL-04467,Eufemia Maldonado Bernat,rguzman@example.org,9615225260333,Masculino,2024-02-06
CL-04468,Begoña Uría Vigil,mfont@example.com,4647561931555,Femenino,2025-03-10
CL-04469,Natividad Carretero,gyuste@example.com,0179333759608,Femenino,2024-04-11
CL-04470,@Oliver,lobatojacinto@example.org,4965696082249,Femenino,2024-06-26
cl_04471,Jaime Jove-Jove,nuriabejarano@example.com,6629294122065,Femenino,2025-08-24
CL-04472,Rosario Barroso Figuerola,zorrillaalvaro@example.org,3923509412999,fem,2025-06-04
cl_04473,Iván Sureda,bernardaserrano@example.net,6688567590409,Masculino,2025-03-02
cl_04474,Mohamed Corominas Roig,iesteban@example.org,5032157676295,Femenino,2024-10-27
CL-04475,Pepito Pelayo Toledo,celestino98@example.org,6948802845413,Masculino,2024-04-14
CL-04476,Eleuterio Cánovas Meléndez,bayojose-angel@example.com,61234abc,Femenino,2025-01-16
CL-04477,Josep del Ortuño,inigo32@example.net,8668655983469,Masculino,2024-10-10
CL-04478,Fernanda Peñas Castejón,angel39@example.com,8313649403692,Masculino,2024-09-07
cl_04479,Moisés Murcia Tejedor,hervasmanola@example.org,9410472131109,Masculino,2024-03-30
,Ale Tomé Briones,venceslas12@example.net,0214555004766,Masculino,2025-07-24
CL-04481,Teodosio Roura Bayo,nando63@example.net,3702560436791,Femenino,2024-03-26
CL-04482,Ofelia Ochoa Naranjo,pgutierrez@example.com,2912984908301,Masculino,2026-01-01
CL-04483,Augusto del Badía,chelofont@example.org,1053860241755,Masculino,2025-05-19
CL-04484,Augusto de Gracia,lopeznatanael@example.com,7084225429341,Femenino,2024-11-08
CL-04485,@Oliver,pacoegea@example.org,7780891304249,Masculino,2025-05-30
cl_04486,Brunilda Fuster,ysantamaria@example.com,8299999950861,Femenino,2024-02-27
cl_04487,Segismundo Peña Marti,suareznoe@example.net,9234991349141,Masculino,2025-07-22
cl_04488,Claudio Quintana Arias,porfirio60@example.com,61234abc,M,2023-09-07
CL-04489,Bárbara Cortés Calderón,josuecasal@example.net,9687246398761,Femenino,2025-08-11
CL-04490,José Antonio Córdoba Pedrosa,correo@.com,4130853166298,Femenino,2024-03-17
cl_04491,Emelina Valle Castellanos,javierpablo@example.com,2762277382805,Femenino,2024-06-25
CL-04492,Primitivo Cosme Jiménez Barrios,nayaranogues@example.net,6175347925788,Masculino,2024-10-09
CL-04493,Adelia Anguita Rivera,jbauza@example.net,8405876263775,Femenino,2023-10-03
CL-04494,Abel Narciso Martí Carbó,florasegui@example.org,3967107890801,Femenino,2025-07-01
cl_04495,Marino Colomer Durán,clarisacarballo@example.net,3561411218176,Femenino,2024-02-24
CL-04496,Consuelo Ferrán Blázquez,hugogomez@example.org,4474137256789,M,2025-03-04
CL-04497,Andrea Bautista Mas,asdrubal27@example.org,1193434349046,Masculino,2024-01-05
CL-04498,Ovidio Carrillo,prudencio25@example.org,8856230976995,Masculino,2025-02-28
CL-04499,Teófila Espinosa Roda,roldanciriaco@example.com,9109456845969,Masculino,2023-09-12
cl_04500,@Oliver,,61234abc,Femenino,2026-01-01
CL-04501,Eutropio Madrigal Chaparro,uaviles@example.net,9379827478476,Masculino,2023-11-16
CL-04502,Concepción de Echevarría,riberasamuel@example.net,2647601875110,Femenino,2025-03-14
CL-04503,Javiera Cañas Lozano,belmontemaria@example.org,5980964785601,Femenino,2025-04-09
cl_04504,Yaiza Ferrero Garmendia,camila85@example.org,5466151858687,Femenino,2025-01-14
cl_04505,Gabino Blanca-Sosa,lperal@example.net,6559801767040,Masculino,2024-01-07
CL-04506,Montserrat Rey Acevedo,migueladominguez@example.com,3646022235461,Femenino,2024-12-12
cl_04507,Nidia Benitez Saura,lorenzoabascal@example.com,0057210046842,Femenino,2024-05-11
cl_04508,Prudencio Tovar Pedro,adanpena@example.org,8689903337617,Femenino,2023-11-05
CL-04509,Benita Vigil Santos,wsamper@example.com,8874798935098,Femenino,2025-03-29
CL-04510,Martina Calderón Arrieta,,6505766706086,Masculino,2024-10-13
cl_04511,Bernarda Vara Sedano,solenazaret@example.net,1471172048744,Masculino,2025-03-16
CL-04512,Bartolomé Ortuño Casado,pgallardo@example.org,61234abc,fem,2024-11-15
CL-04513,Marina Pons Santos,sizquierdo@example.org,6037414685375,Masculino,2025-06-26
CL-04514,Trinidad Bernad Galan,perlitaanguita@example.com,8932277376057,Femenino,2025-06-02
CL-04515,123,amadoborrego@example.net,3543326242520,Femenino,2025-05-28
cl_04516,Candelaria Cobos Zamora,wgomis@example.net,7759242993673,Masculino,2025-05-15
cl_04517,Ovidio Vallejo-Maestre,agueda23@example.org,6765064601089,Femenino,2024-05-09
cl_04518,Isaías Dani Neira Catalán,eutropio16@example.net,5375790149700,Masculino,2025-07-31
CL-04519,Ricardo Mendoza Páez,mpont@example.org,2726324996619,Masculino,2024-12-01
CL-04520,Ileana del Aranda,bejaranoalbino@example.net,8290119467692,M,2024-06-07
cl_04521,Feliciana Calderon Fuster,lupe09@example.org,8631722575528,Masculino,2025-07-16
cl_04522,María Cristina Antúnez Padilla,bamigo@example.net,7932306238332,Masculino,2025-04-29
CL-04523,Rosenda Huguet-Adadia,primitivaroura@example.com,3369664493960,Femenino,2023-10-09
CL-04524,Mohamed Espada,armandotaboada@example.com,6-123-456,Femenino,2024-08-01
CL-04525,Cintia Marquez,mcasanova@example.net,9064414292474,Femenino,2025-07-07
CL-04526,Marina Florina Luna Cuesta,zgonzalez@example.net,5654061458614,Masculino,2025-06-30
cl_04527,Trini Aznar Tello,reyes46@example.org,8316561485708,Masculino,2023-11-06
cl_04528,Heliodoro Botella Olivé,raimundodonaire@example.com,7248757315698,fem,2024-10-16
cl_04529,Eugenia Bautista Llabrés,morananita@example.com,0618307945566,Femenino,2024-07-18
cl_04530,123,tandres@example.org,0711831304461,Masculino,2024-02-27
cl_04531,Marcela Tudela,ralberdi@example.net,2750982761906,Masculino,2025-08-03
CL-04532,Edgardo Cerro-Rincón,qcoll@example.org,1615570680455,Femenino,2025-04-04
CL-04533,Cebrián Borrell Segarra,pologeronimo@example.net,0750234420117,Masculino,2025-06-03
CL-04534,Manuel del Herranz,paulino14@example.com,5858227904632,Femenino,2024-01-29
CL-04535,Cayetano Cuesta-Piquer,georginaaragon@example.net,2754086837982,Masculino,2024-12-24
CL-04536,Concha Vargas Llorens,pfranch@example.net,123456,Masculino,
CL-04537,Josué Acosta Arévalo,florentina97@example.org,8737703191670,Masculino,2024-08-07
CL-04538,Leocadia Piñol-Alfaro,saritamugica@example.com,9244619047830,Femenino,2024-12-09
CL-04539,Lalo Jódar,eaguirre@example.net,3493994595405,Femenino,2025-07-15
CL-04540,Nilda Bermejo Ballester,,5970739630730,Masculino,2024-08-06
CL-04541,Prudencio de Paredes,carmenbaena@example.net,6788687516284,Femenino,2025-06-11
CL-04542,Samuel Herberto Roldán Guillen,elbanovoa@example.com,6137088926119,Masculino,2025-08-11
cl_04543,Rosenda Capdevila Bonilla,arnaizpaz@example.com,5265664595048,Masculino,2025-05-30
CL-04544,Vera Ribas Sevillano,smanzano@example.org,8535479055910,Desconocido,2024-02-28
CL-04545,123,osaura@example.net,9633703364629,Femenino,2025-08-14
CL-04546,Flora Abad Pomares,mmoliner@example.org,6776666043716,Femenino,2024-07-07
CL-04547,Iris del Alcalá,alberomayte@example.net,5426941281988,Masculino,2025-01-02
CL-04548,Prudencio Salas Núñez,mauricioflor@example.com,61234abc,Masculino,2023-09-02
CL-04549,Felisa Bellido Mercader,gabino84@example.org,0907192756983,Masculino,2024-08-15
cl_04550,Melchor Galvez Gallo,correo@.com,7482284656544,Femenino,2024-01-13
CL-04551,Ema Adadia Perales,galanconrado@example.com,1533106078463,Masculino,2025-04-25
CL-04552,Calista del Mascaró,sevillanoprimitiva@example.net,5261821792957,Desconocido,2023-09-08
cl_04553,Olga del Pastor,rico42@example.org,4529951211836,Femenino,2024-08-31
CL-04554,Anita del Santos,psobrino@example.org,1303374382593,Femenino,
cl_04555,Loreto Arnaiz-Posada,fpaez@example.net,3762106287943,Masculino,2024-10-02
cl_04556,Tadeo Benito-Linares,lconde@example.com,7689302999279,Femenino,2025-03-30
cl_04557,Crescencia Domingo Mercader,colomerestrella@example.com,9572868265394,Femenino,2025-04-08
CL-04558,Amparo del Egea,neiraadoracion@example.com,5687717800583,Masculino,2024-11-25
CL-04559,Chus Pulido Barros,sbejarano@example.org,8783649815036,Femenino,2025-03-05
,@Oliver,,6-123-456,fem,2024-02-28
CL-04561,Mireia Álvaro Puerta,pinoanacleto@example.org,6280032554628,Femenino,2024-11-26
CL-04562,Belén Asenjo Pastor,arodrigo@example.org,2560166970375,Masculino,2024-10-16
cl_04563,Eutropio Teobaldo Calleja Cadenas,valeroguillen@example.net,8181170096265,Masculino,2024-06-11
cl_04564,Maximino Espejo Carmona,valeropablo@example.com,0957212704126,Femenino,2024-05-15
CL-04565,Esther Sabater Rodrigo,demetrioarias@example.org,2337907898869,Femenino,2023-12-19
cl_04566,Fabiola Pascual,wlobato@example.org,2824332983107,Masculino,2024-03-22
CL-04567,Trinidad Samuel Borrás Mariño,juan-carlosadan@example.org,5093241678158,Femenino,2023-09-30
cl_04568,Laura Balaguer Elías,eugenia02@example.com,0000963000051,Desconocido,2024-12-17
cl_04569,Valeria Jordán Tirado,pancho08@example.com,8224413225402,Masculino,2024-07-15
CL-04570,Dulce Villa Malo,correo@.com,5853273429493,Femenino,2025-07-25
CL-04571,Tiburcio Céspedes Valentín,hortensia76@example.org,8306829693763,Masculino,2025-01-16
CL-04572,León Amílcar Aranda Roldan,pliniogimeno@example.org,61234abc,Masculino,
CL-04573,Amor Dominguez,cbarbero@example.org,3895686003614,Masculino,2024-07-04
CL-04574,Mohamed Matas Ortuño,juanitacaballero@example.com,7209574333890,Masculino,2024-10-20
CL-04575,123,ymontero@example.net,9463437984316,Masculino,2023-10-20
CL-04576,Rodrigo Torre Armengol,ximena96@example.com,1423196275982,fem,2023-12-27
CL-04577,Calisto del Bonet,lalvarez@example.org,3639542146615,Femenino,2024-05-19
cl_04578,Gustavo Ballesteros Ribes,octavio86@example.org,7251669555034,Femenino,2025-02-13
CL-04579,Eloísa Arregui Iniesta,blanca06@example.net,2658870680344,Femenino,2024-12-29
cl_04580,Calixto Régulo Fábregas Carretero,correo@.com,4228341944410,Masculino,2024-11-19
CL-04581,Alcides Josué Goicoechea Alvarez,cadenasandres@example.org,2039503821014,Masculino,2023-10-26
CL-04582,Eduardo Pardo Alba,baezacosme@example.org,3958379778064,Femenino,2024-10-12
CL-04583,Charo Marco-Bustamante,sampervirginia@example.net,2667430827736,Femenino,2023-10-30
cl_04584,Victor Heras Agullo,bertacuevas@example.com,123456,Desconocido,2025-01-19
cl_04585,Daniel Ordóñez Abad,jose-ignacio41@example.com,2730445502598,Femenino,2024-08-27
CL-04586,Evelia Durán Padilla,krosello@example.net,5322045858085,Femenino,2024-01-27
CL-04587,Reinaldo Villalba Riquelme,maristelasedano@example.net,4708235388858,Masculino,2023-09-11
cl_04588,Salvador Fonseca,serafinacepeda@example.net,9527422585404,Masculino,2024-09-16
CL-04589,Montserrat Avilés Losa,nieves95@example.com,2355091527669,Femenino,2023-10-09
CL-04590,123,,8023771891175,Masculino,2025-05-30
CL-04591,Paloma Español-Jurado,fmoya@example.net,1471990781684,Masculino,2024-07-05
CL-04592,Agustín Echevarría Mármol,mjove@example.org,8994900584649,M,2025-01-29
CL-04593,Valerio Edmundo Artigas Lumbreras,guillenhermenegildo@example.org,7638146575779,Masculino,2024-05-16
CL-04594,Reyes Vicente Vergara,partigas@example.com,9857808603099,Femenino,2025-04-28
cl_04595,Graciana Huerta Canales,pedrocozar@example.com,7483398042572,Femenino,2024-02-15
CL-04596,Arsenio Romeu Román,angel94@example.net,6-123-456,Femenino,2023-09-16
CL-04597,Matilde Gual-Ros,irozas@example.org,1741575100084,Masculino,2024-01-25
CL-04598,Pepita Trinidad Cañete Girona,maria-luisa50@example.org,5069242972877,Femenino,2023-09-10
CL-04599,Amaya de Campillo,urbanovara@example.net,7658323281993,Femenino,2025-07-07
CL-04600,Luis Miguel Reguera-Sáez,,3056326105525,M,2025-08-22
CL-04601,Josué Chico Andrés,peralescaridad@example.net,0126149705103,Masculino,2024-04-06
CL-04602,León Blasco Albero,gabriel63@example.com,9948490607427,Masculino,2024-07-01
CL-04603,Carmelita Sancho-Gimeno,zvillalobos@example.net,4007227890201,Masculino,2025-03-22
cl_04604,Ana Sofía Briones Vega,custodia21@example.org,7612771376017,Femenino,2024-08-17
CL-04605,,pradoana@example.net,1580314957961,Femenino,2024-05-20
cl_04606,Alba Leonor Larrea Villar,pereaisa@example.com,3944827807571,Masculino,2024-11-30
CL-04607,Eleuterio Manso-Lillo,cristobalmillan@example.org,5733746332668,Masculino,2024-12-30
cl_04608,Victoria Benigna Zamorano Pozo,amarilisfortuny@example.com,123456,Masculino,2025-07-01
CL-04609,Julieta Toro Roman,roviramarcos@example.org,3200308141826,Masculino,2024-10-05
CL-04610,Consuelo Castelló Alfonso,,5437666761088,Femenino,2025-06-15
cl_04611,Camilo Feliu Jover,escobaranselma@example.com,5066439298000,Femenino,2024-09-29
CL-04612,Nicodemo Abascal Llano,rochaeligio@example.org,7694244888422,Masculino,2025-03-18
CL-04613,Basilio Cleto Álvarez Salazar,lina74@example.com,7722813159268,Masculino,2024-02-09
CL-04614,Gerónimo Paniagua,primitivamosquera@example.com,2035749360233,Masculino,2024-02-23
CL-04615,Lola Orozco Amores,tiburciolopez@example.net,9904792563823,Femenino,2025-04-23
cl_04616,Emma Ema Arco Marín,dguillen@example.com,3681396552166,fem,2025-03-31
CL-04617,Perlita Casals Campoy,dmorillo@example.org,7463725595300,Masculino,2023-09-15
CL-04618,Filomena del Menéndez,jose-angelpina@example.org,3049434383384,Femenino,2024-05-09
cl_04619,Benjamín Vila Benavides,omonreal@example.org,1367790826029,Masculino,2024-04-20
,123,atejedor@example.com,61234abc,Femenino,2024-07-09
CL-04621,Azeneth Bayona Ripoll,tpozo@example.net,0463151180763,Femenino,2025-02-07
cl_04622,Ovidio Feijoo Miró,maximiano90@example.net,1013991673492,Femenino,2025-02-08
CL-04623,Manuel Amado Bertrán Linares,amandobatalla@example.org,4200474244393,Femenino,2024-03-25
CL-04624,Edelmira de Moliner,teresita62@example.com,1069842049285,Desconocido,2024-02-06
CL-04625,Sol Expósito Amor,ana10@example.org,8791422902985,Femenino,2024-12-30
CL-04626,Alondra Murillo Calatayud,manuelmata@example.com,2272590287860,Masculino,
CL-04627,Flavia Vall Morán,lucenacesar@example.net,4557518498685,Masculino,2023-09-19
CL-04628,Eloy Elías-Muñoz,rosariobueno@example.net,1404579817296,Masculino,2024-05-23
CL-04629,Tadeo Milla Uribe,torredolores@example.org,3354112110281,Masculino,2024-12-23
CL-04630,Godofredo Estrada Solís,correo@.com,0815743802660,Masculino,2024-07-09
CL-04631,Andrés Felipe Narváez Sola,cortinaeufemia@example.org,3263384409102,Femenino,2023-08-30
CL-04632,Berto Isaac Iriarte Casado,imancebo@example.net,61234abc,Femenino,2025-02-14
cl_04633,Araceli Lladó Rios,carina56@example.org,6926625686231,Masculino,2024-05-26
CL-04634,Amarilis Gutiérrez Coloma,espinosacelestino@example.com,4267265164357,Masculino,2023-12-15
CL-04635,@Oliver,carreramicaela@example.org,5649871414913,Masculino,2024-08-11
CL-04636,Ariel Piñeiro Cisneros,carlotamarco@example.net,4829967062246,Femenino,2024-01-21
cl_04637,Domitila Pacheco,roman64@example.org,9383789152145,Femenino,2024-07-29
CL-04638,Consuela Hoyos Miralles,dulceanguita@example.net,1130117105908,Masculino,2025-04-19
CL-04639,María Cristina Rodríguez Alemán,regulo32@example.com,5038647374391,Femenino,2025-01-02
CL-04640,Teodora del Morcillo,maria-belenarmengol@example.com,4773964037370,fem,2023-12-11
cl_04641,Emma Cantón Barrera,dguillen@example.com,0217643068484,Masculino,2024-11-23
CL-04642,Odalis Solera Solís,xegea@example.org,6758904868875,Masculino,2023-12-26
CL-04643,Sol Rosaura Isern Conde,gcalzada@example.com,1717680906917,Masculino,2025-07-08
CL-04644,Mateo Escudero Segovia,rita64@example.net,123456,Femenino,2024-03-17
CL-04645,Adolfo Tomás-Mayol,torralbaanselmo@example.com,9674706280276,Femenino,2024-12-24
CL-04646,Angélica Blázquez-Palomar,manuela48@example.net,9869993442719,Masculino,2024-05-19
cl_04647,Tamara Espejo-Mayol,qroda@example.net,1163768961752,Masculino,2025-07-10
CL-04648,Paloma del Rebollo,batallaisidora@example.org,0676892253743,Desconocido,2025-08-04
CL-04649,Brunilda Vergara Isern,dariogallo@example.org,7003557368432,Masculino,2023-11-21
CL-04650,@Oliver,correo@.com,8117898730709,Femenino,2024-09-25
CL-04651,Maximiliano Eloy Jove Pinilla,manuela54@example.net,1446357382766,Femenino,2024-05-14
CL-04652,Fanny Cañete,nydialarranaga@example.org,0567533320736,Masculino,2023-08-31
cl_04653,Gastón Simó Echevarría,zinfante@example.org,7908254899541,Femenino,2025-01-13
CL-04654,Manu de Cardona,hozfelix@example.org,0204318666303,Femenino,2024-08-20
cl_04655,Marita de Baquero,ymoll@example.net,6140821506814,Femenino,2023-12-18
CL-04656,Berta Palau Ortiz,nmelendez@example.net,123456,Femenino,2024-02-12
cl_04657,Micaela Eva Caballero Acuña,rinconamaya@example.com,6629981541362,Femenino,2024-07-12
CL-04658,Marita Pagès Estévez,carminaabad@example.net,5133680983293,Femenino,2024-08-14
cl_04659,Felipe Alfaro Correa,emma27@example.org,9250755470519,Femenino,2024-06-15
,Rosa María Cuevas Cabello,@gmail.com,4688219104276,Masculino,2025-01-30
cl_04661,Cristian Neira Hoyos,ucastilla@example.org,8372027838547,Masculino,2025-03-23
CL-04662,Bernabé Simó Huguet,ainiguez@example.net,5550549179797,Masculino,
CL-04663,Reyna Amor Larrañaga,ani01@example.org,8433940209177,Masculino,2024-09-21
CL-04664,Cipriano Laguna Barón,ricarda40@example.net,7484870498829,fem,2023-11-13
cl_04665,@Oliver,zairagimenez@example.com,5755279978470,Femenino,2025-05-20
CL-04666,Kike Reyes Salamanca,juanitaperera@example.org,7750201835151,Masculino,2023-09-08
CL-04667,Florinda Quevedo Llanos,desiderio14@example.org,7984657956737,Masculino,2025-07-06
cl_04668,Leocadio Sevilla Monreal,pjodar@example.org,+34 946 66 23 52,Masculino,2024-05-12
CL-04669,Jenaro Coello Cáceres,cesaramat@example.com,1868029907040,Femenino,2024-01-12
CL-04670,Leticia Tania Dominguez Cuéllar,frutosalejo@example.net,2123428848370,Femenino,2025-07-30
CL-04671,Gustavo Amor,samantabarreda@example.org,4006945352543,Femenino,2024-08-18
CL-04672,Ana Morillo-Murcia,narcisoortiz@example.org,3123409477976,Masculino,2024-02-05
CL-04673,Eufemia Hortensia Talavera Niño,sjordan@example.com,3685961686637,Femenino,2023-12-30
CL-04674,Sandra Menéndez Castejón,pelayolozano@example.net,5975800592189,Masculino,2024-07-05
CL-04675,Rocío Flores Escrivá,fannypino@example.net,8127230695302,Masculino,2023-11-27
CL-04676,Ovidio Llobet,edu04@example.com,1571921941778,Masculino,2025-06-11
CL-04677,Cristian Fito Ríos Nadal,warnau@example.com,2134530368947,Masculino,2024-03-16
cl_04678,Armida Izaguirre-Torrents,zquintanilla@example.net,8205819267474,Femenino,2024-05-02
CL-04679,Amelia Bas Martínez,tomas33@example.com,7451195925339,Femenino,2023-11-30
,Águeda Pareja Leal,@gmail.com,6-123-456,Femenino,
CL-04681,Leoncio Barceló Montalbán,terrongeorgina@example.org,5667534695587,Femenino,2025-01-15
cl_04682,Celso Ramis Lara,angela53@example.com,3426872507306,Femenino,2024-07-22
cl_04683,Dominga Carvajal-Silva,farregui@example.net,6627922333997,Masculino,2025-08-27
cl_04684,Jose Ignacio Diez Ramírez,omar89@example.org,3715888076045,Femenino,2025-04-08
cl_04685,Candela Caro Vera,ngras@example.org,4691333350470,Masculino,2024-08-09
CL-04686,Jesús Busquets Luján,isabelpazos@example.com,8154795302766,Masculino,2024-11-24
CL-04687,Rufino Amador Bayo,valentin79@example.com,6832489291425,Masculino,2023-10-07
cl_04688,José Mari Carretero Vilar,glauco95@example.net,1306797043470,M,2024-01-31
cl_04689,Manolo Erasmo Canet Fabra,gllabres@example.com,3494250526164,Masculino,2024-11-20
CL-04690,Paulina de Balaguer,correo@.com,6640269992357,Femenino,2025-01-18
CL-04691,Loreto Barceló Feijoo,benitosamuel@example.net,8642592533224,Femenino,2024-09-15
CL-04692,Salomé Castillo,pouandrea@example.org,6-123-456,Masculino,2023-08-29
CL-04693,Violeta Garrido Portillo,isabelaguila@example.com,7305380091372,Masculino,2024-03-13
CL-04694,Marcio Torrens,arnaizberta@example.net,5347479699029,Femenino,2024-01-05
CL-04695,,gochoa@example.org,3893932028355,Masculino,2024-12-15
CL-04696,Pía Somoza Torralba,asdrubal10@example.org,1765410408279,Femenino,2024-03-21
CL-04697,Carlos Bartolomé Collado,mdonaire@example.com,3387439322427,Femenino,2025-04-22
CL-04698,Virginia Diez Fiol,eacuna@example.org,3963368716749,Femenino,2024-02-13
CL-04699,Guadalupe de Villa,jacintagras@example.org,5111493832821,Masculino,2025-05-08
CL-04700,Juanito Llopis Casals,,9194597482520,Femenino,2024-09-25
CL-04701,Pastor Sosimo Machado Ledesma,irma08@example.org,9210841805750,Femenino,2025-08-03
CL-04702,Primitivo Ariza Toledo,opuerta@example.net,1727106468118,Femenino,2024-01-22
CL-04703,Saturnina Bermúdez-Escolano,jimenezreyna@example.com,6620912718244,Femenino,2024-01-30
CL-04704,Celestina de Atienza,gabaldonteobaldo@example.com,61234abc,Femenino,2024-06-04
CL-04705,Josefa Roxana Bermúdez Pujol,fajardoluciano@example.com,3688610899659,Masculino,2025-01-27
CL-04706,Gertrudis Ángel Herranz,ani45@example.org,9029125864846,Masculino,2024-05-13
CL-04707,Alma Carreras Talavera,urenaclimaco@example.org,9813466002357,Femenino,2025-06-05
cl_04708,María Manuela Blazquez,rafaelagrande@example.org,3563160730340,Masculino,2025-05-20
CL-04709,José Mari Valle,manolaescalona@example.org,1176698749211,Femenino,2025-05-08
cl_04710,,,4221210014296,Femenino,2024-03-09
CL-04711,Celestina Ledesma,penabeatriz@example.org,5375510041252,Femenino,2024-09-04
cl_04712,Isaura María Álvaro Haro,yago17@example.org,8486147317031,Desconocido,2024-07-30
CL-04713,Clemente del Herranz,machadoanastasio@example.org,6170337341025,Femenino,2024-08-07
cl_04714,Rómulo Santos Aguiló,bruno89@example.com,0692723888894,Femenino,2024-02-16
CL-04715,Felix Rovira Agudo,luis-angelcabeza@example.net,6875859124893,Masculino,2025-05-20
CL-04716,Eliana Vallejo Canales,ceciliaescribano@example.net,123456,Femenino,2023-12-05
CL-04717,Dani Vilalta Goicoechea,nietopastora@example.net,9366376577357,Masculino,2024-12-16
CL-04718,Maristela Daza-Francisco,mluis@example.org,2247778795200,Masculino,2024-10-17
CL-04719,Martina Camila Espada Agustí,ariel16@example.org,4528837026313,Masculino,2024-07-10
cl_04720,Roberta Candelas Jordán Tamayo,@gmail.com,6990128133320,fem,2024-12-23
cl_04721,Teodosio Jurado,maria-manuela74@example.com,8975656403548,Masculino,2025-02-12
CL-04722,Dani Ropero Matas,ggual@example.net,9425831553526,Femenino,2023-10-05
CL-04723,Débora Arcos-Nogueira,tllabres@example.org,0320603805793,Masculino,2025-06-15
cl_04724,Hilario Valderrama Pera,nalba@example.com,4536847066146,Femenino,2024-04-19
CL-04725,,manu90@example.net,3155395088320,Femenino,2024-07-21
CL-04726,Eusebio Suarez,manuvicens@example.net,7488678092245,Masculino,2023-10-20
CL-04727,Inés Zaragoza Coca,padillaaureliano@example.net,3657131548522,Masculino,2024-05-14
CL-04728,Casandra Posada,mhervas@example.org,+34969 81 75 53,M,2024-04-14
CL-04729,Noemí de Canals,leandrobarral@example.com,3561687162794,Femenino,2025-08-25
CL-04730,María Ángeles Jerez Blanch,celiagarcia@example.org,4877738353919,Masculino,2024-08-16
cl_04731,Antonio Tito Arregui Iglesias,ublanch@example.com,0882785257960,Femenino,2024-10-21
CL-04732,Fausto Berrocal Márquez,miriamsebastian@example.org,6354865271187,Femenino,2024-12-28
cl_04733,Francisca Calvo Barriga,pbeltran@example.net,3516803708800,Masculino,2023-12-05
CL-04734,Jenaro Lastra Checa,concha41@example.com,5076362159518,Femenino,
cl_04735,Lucio Santos Torrens,aferrandiz@example.com,8644481484204,Femenino,2023-09-19
CL-04736,Esteban Ordóñez Canals,jbenitez@example.org,0691795210444,Desconocido,2024-07-26
CL-04737,Julieta Romero Coello,ripollbenito@example.net,4004492005491,Femenino,2025-01-31
CL-04738,Arturo de Izquierdo,martorellisaac@example.org,0867892830558,Femenino,2025-07-09
CL-04739,Graciano Murcia,xripoll@example.com,2076320866420,Femenino,2025-01-08
CL-04740,,,+34966 304 994,Masculino,2024-11-13
CL-04741,Leocadia Gallo Galvez,marcelino72@example.net,2790368629722,Masculino,2023-11-24
CL-04742,Olimpia Carbajo Olivé,angelica91@example.net,1203249218575,Femenino,2025-07-10
cl_04743,Iker Roque Guerra Miguel,maria-del-carmenmartinez@example.com,6341323775793,Masculino,2025-03-09
cl_04744,Jesús Quevedo Huerta,maitesantos@example.net,4828838715835,M,2025-01-11
CL-04745,Verónica Baeza-Aroca,imata@example.com,7264254046597,Femenino,2023-09-06
CL-04746,Ema Marcia Montaña Blanch,bermejocelso@example.org,3115424020897,Femenino,2025-01-31
cl_04747,Macaria Pardo Cabrero,arielpino@example.net,0561398502452,Masculino,2024-05-31
CL-04748,Vinicio Díaz Berrocal,dsuarez@example.com,4831478933288,Femenino,2024-05-16
cl_04749,Aureliano Molins-Abella,zoraidapalacio@example.com,4025895555210,Masculino,2024-12-18
CL-04750,Hortensia Abella,,2661637827154,Femenino,2024-03-17
CL-04751,Pablo Sanmiguel Bravo,smacias@example.org,2548195678391,Femenino,2024-07-04
cl_04752,Encarnita Torre-Cervantes,wizquierdo@example.org,61234abc,M,2025-04-30
CL-04753,Onofre Natanael Antúnez Roldán,nataliolerma@example.com,8307233360403,Femenino,2023-09-17
cl_04754,Evita Bravo Haro,montesdimas@example.com,6099947494242,Masculino,2025-05-27
CL-04755,@Oliver,bhervas@example.org,5879113587416,Femenino,2025-02-21
cl_04756,Custodia Cózar Nieto,augusto54@example.com,6755259658986,Femenino,2024-11-28
CL-04757,Noa Pi Sainz,isaac78@example.com,6497703646342,Masculino,2023-11-03
CL-04758,Ulises de España,gonzaloarjona@example.org,2528449055882,Femenino,2023-09-16
cl_04759,Almudena Clemente Calderón,catalarosario@example.org,9971819247171,Femenino,2024-11-29
cl_04760,Socorro Ferrando,correo@.com,4246062065102,fem,2025-03-27
cl_04761,Estefanía Barrena Sanz,roldanzamora@example.net,2563156510165,Masculino,2024-10-12
CL-04762,Pancho Rosselló Santamaría,alberolasegismundo@example.com,5171782960303,Masculino,2024-02-24
cl_04763,Marc Benítez Aguiló,castromanolo@example.org,1984304454435,Masculino,2024-06-17
CL-04764,Basilio Arias Benítez,godofredoegea@example.org,+34946 03 92 01,Femenino,2024-10-03
CL-04765,Chita Perelló Merino,fatimaferrer@example.org,3693628848929,Masculino,2025-08-16
CL-04766,Guadalupe Morales Acevedo,cperello@example.net,0504998573483,Femenino,2024-10-08
cl_04767,Domingo Cornejo Vilar,gomisjuanito@example.org,4460375068698,Masculino,2023-10-13
CL-04768,Juan Manuel Pedrosa Noguera,albert33@example.net,4879528441319,M,2024-11-14
CL-04769,Nazaret Saldaña Hoz,leoncorral@example.com,3676840403380,Masculino,2025-01-09
cl_04770,Basilio Taboada Hierro,,2794034851404,Femenino,2026-01-01
cl_04771,Jaime Galan-Múñiz,martiriosaura@example.com,8587317737638,Femenino,2025-04-19
CL-04772,Ema Bou Hernandez,azaharabolanos@example.org,8679247719066,Masculino,2024-09-29
CL-04773,Bruno del Téllez,jduarte@example.net,9703095332018,Femenino,2024-09-26
CL-04774,Charo Machado Borrego,danilo93@example.org,5374487510603,Femenino,2024-05-29
CL-04775,Raquel Irma Rincón Bayona,maria-cristina88@example.org,0957394604417,Masculino,2024-11-01
cl_04776,Raquel Carro Zabala,jose-ramon06@example.com,+34 922113145,Femenino,2025-04-26
cl_04777,Hugo Páez Sanmartín,juanita78@example.net,5060086897652,Masculino,2025-07-22
cl_04778,Marcial Gámez Pelayo,alcalavito@example.net,7805546504183,Masculino,2024-08-06
CL-04779,Tadeo Milla Martí,milagros28@example.org,8222137078840,Masculino,2025-06-24
cl_04780,Obdulia Felicidad Santos Oliva,correo@.com,1150547721792,Femenino,2025-01-02
cl_04781,Faustino Correa Fuster,belenmatas@example.net,5550962917499,Femenino,2024-03-15
CL-04782,Adela Bernad Carro,pfonseca@example.net,1824642777492,Femenino,2024-08-28
CL-04783,Abraham Ferrera Esparza,usantamaria@example.org,6163955002366,Masculino,2024-11-29
CL-04784,Julio Goicoechea Cañizares,rfalcon@example.org,0777138281169,fem,2024-09-18
CL-04785,,hernandezrosa@example.net,4962704050288,Masculino,2024-09-17
CL-04786,Telmo Quesada Ariza,feliualba@example.org,0128247743946,Femenino,2024-09-16
CL-04787,Ignacia de Uría,gabrielagimenez@example.com,9174147558338,Femenino,2025-02-27
CL-04788,Matías Domingo Bertrán,toribioarino@example.com,+34 945007602,Masculino,
CL-04789,Josué Gabaldón Carretero,bdavila@example.org,1313787942848,Masculino,2024-08-31
CL-04790,Marcial de Estrada,@gmail.com,5617334335569,Femenino,2025-04-14
CL-04791,Ana Sofía Cornejo Mate,daniel26@example.net,4932184665309,Masculino,2024-11-01
cl_04792,Tomás Moreno,pelayo54@example.org,1597173594663,Masculino,2024-12-03
CL-04793,Viviana Soto Becerra,ksantiago@example.org,7784646848088,Masculino,2025-03-28
CL-04794,Selena Muñoz Estévez,quique83@example.net,8325321588590,Femenino,2025-05-22
CL-04795,Herminia Tormo Porras,sarnaiz@example.net,8854185579473,Masculino,2024-02-18
CL-04796,Onofre Pujadas Alberdi,vmatas@example.com,4091459768109,Femenino,2025-06-01
cl_04797,Roberto Ribera Escrivá,faustovilanova@example.net,3340490964690,Masculino,2023-09-09
cl_04798,Aura Pérez Tejada,santiagocaro@example.org,5153712543900,Femenino,2025-02-27
cl_04799,Erasmo Zapata Ropero,maestrebasilio@example.com,2447505128037,Masculino,2025-06-17
cl_04800,@Oliver,correo@.com,6-123-456,Masculino,2025-05-09
CL-04801,Cosme Padilla,delfinaalmansa@example.net,7564161062366,Femenino,2024-06-24
CL-04802,Mercedes Noguera,humberto91@example.com,0416401755088,Masculino,2024-09-23
CL-04803,Lilia Diéguez Azorin,lclavero@example.org,4472041003812,Femenino,2025-04-22
CL-04804,Jose Miguel Leocadio Roselló Dalmau,llanoeva-maria@example.net,1170965743422,Femenino,2025-03-09
CL-04805,Adela Capdevila Lluch,porcelignacia@example.net,0318353147516,Masculino,2024-10-31
CL-04806,Eugenia Soria Montalbán,porteroluisina@example.net,3456471207782,Masculino,
CL-04807,Régulo Villaverde Molins,colomfelix@example.org,9477330359865,Masculino,2025-04-07
CL-04808,Bernardino Lamas Gual,ollerremigio@example.com,2121463935917,Femenino,2024-10-23
CL-04809,Wálter Roselló Bellido,pacasancho@example.org,8520512396415,Femenino,2024-03-12
CL-04810,Xavier Barba Martínez,,8840662458903,Masculino,2025-04-02
cl_04811,Luis Ángel Ricart Carreño,zamoranosebastian@example.com,8951856653320,Femenino,2025-06-06
CL-04812,Toribio Perea Ferrándiz,olimpialozano@example.net,6-123-456,Femenino,2024-08-16
CL-04813,Cosme Gimeno,mcamacho@example.net,6631520306222,Femenino,2025-06-20
CL-04814,Amando Abril-Álvarez,vilanovafeliciano@example.com,2255027943711,Femenino,2024-06-25
CL-04815,Tecla Bertrán Alonso,ncoca@example.net,4014317755292,Masculino,2024-01-28
CL-04816,Noa Suarez Jurado,vcalvo@example.org,1461460340484,Masculino,2025-06-14
CL-04817,Abraham Gámez Anguita,febegodoy@example.org,2771289320826,Femenino,2024-04-17
CL-04818,Alfonso Bonet,amayacantero@example.com,2380573606942,Femenino,2023-11-17
CL-04819,Juan Antonio Leon Esteve,vidal71@example.com,8671029319710,Femenino,2025-08-20
,Bibiana Mayo Arrieta,nico53@example.net,2872530032881,Masculino,2023-12-15
CL-04821,Pilar Arrieta Neira,sandovalrufino@example.net,8094704102859,Masculino,2023-09-16
cl_04822,Pili Nebot-Ponce,dgaliano@example.net,7873242743253,Femenino,2024-05-18
cl_04823,Mariana Serrano Hoyos,bermejoflavio@example.org,0933748744748,Femenino,2025-07-03
CL-04824,Maxi Tudela,gerardobriones@example.org,+34 826 06 62 03,Desconocido,2024-01-05
CL-04825,Rico Juan Luis Cuenca Navas,lopezregina@example.com,5131385798500,Masculino,2024-09-24
cl_04826,Ámbar Pedro Peiró,barcozacarias@example.org,7657815327707,Masculino,2023-11-15
cl_04827,Prudencio Bolaños,marmolraimundo@example.net,1500619706267,Femenino,2024-12-22
CL-04828,Noé Beltrán-Guzman,ximena41@example.org,6191920025018,Masculino,2024-03-23
cl_04829,María Jesús Sosa Iriarte,felixgimenez@example.com,2988448410994,Masculino,2024-08-28
CL-04830,,,1633967901353,Femenino,2023-10-16
CL-04831,Luciano Pozuelo Salvador,roquefeijoo@example.org,4973297215741,Femenino,2024-06-16
CL-04832,Emigdio Zabaleta López,eusebia05@example.org,2571717678599,Masculino,2024-03-03
cl_04833,Pánfilo Sevillano Morell,celestina66@example.net,6003057886553,Femenino,2023-09-26
cl_04834,Adelaida Pons Saavedra,pepita09@example.net,1772506540875,Femenino,2024-01-05
CL-04835,Omar Gilabert-Lladó,ifigueras@example.net,5035336213371,Femenino,2024-12-25
CL-04836,Victoriano Peñas,jluque@example.org,61234abc,Femenino,2024-07-21
CL-04837,Asunción Cornejo Uría,vanesatormo@example.org,0195982738579,Masculino,2025-06-05
CL-04838,Macarena Matilde Alcalá Barriga,marcio45@example.org,0353093626824,Femenino,2024-01-15
cl_04839,Filomena Aranda Quirós,rcuervo@example.net,7053504606695,Masculino,2025-03-08
CL-04840,Cipriano Andreu Sotelo,,5903205167883,M,2024-02-20
CL-04841,Isidoro Herrero Carvajal,catalina02@example.net,1417029835576,Femenino,2024-06-23
CL-04842,Eufemia Pomares Salvà,alvaropaola@example.com,6387795248634,Femenino,
cl_04843,Cristina Solís Murillo,dani77@example.com,1455511979971,Femenino,2023-10-17
cl_04844,Belen Recio Casals,sbadia@example.com,8048637076098,Femenino,2024-04-01
cl_04845,Claudio Eduardo Santamaría Cantero,donosoalbert@example.com,9537190618714,Masculino,2023-09-08
CL-04846,Paola Cruz Roman Adán,miguel-angelpeiro@example.net,5681279300386,Masculino,2023-10-09
CL-04847,René Anguita Mayoral,nicolasa81@example.org,2650658907129,Femenino,2023-11-13
CL-04848,Fausto Puig-Ureña,bautista29@example.org,123456,Femenino,2024-08-12
cl_04849,Heliodoro Haro Haro,leocadio22@example.net,1335505921788,Masculino,2024-04-18
CL-04850,Pastor Abascal Sanmiguel,,4969788678436,Femenino,2025-04-06
CL-04851,Maximiliano Arregui Bauzà,estevezgervasio@example.org,7060597523018,Masculino,2025-02-16
CL-04852,Manolo Mario Cepeda Cardona,fmarti@example.com,5363030992013,Femenino,2025-07-26
CL-04853,Asunción Amaya,vbarros@example.org,5901629303904,Femenino,2024-01-22
CL-04854,Inocencio Adán,rodriguezsebastian@example.org,0206835209043,Masculino,2025-07-13
cl_04855,Gregorio Farré Sanabria,franciscasobrino@example.org,3727197830575,Femenino,2024-01-04
CL-04856,Venceslás Sobrino Monreal,fuentegerman@example.net,5673050300466,M,2025-03-09
CL-04857,Xavier Arce Peñas,mrojas@example.net,7233915440775,Femenino,2024-11-19
CL-04858,Gerónimo Sarabia Salinas,emiliano28@example.net,0796123826036,Masculino,2025-07-29
CL-04859,Gracia de Villena,leon62@example.com,7045823220331,Femenino,2025-04-22
CL-04860,@Oliver,@gmail.com,123456,Femenino,2026-01-01
cl_04861,Macaria Ascensión Soler Jordá,eloisablasco@example.com,4267115070262,Femenino,2024-04-28
CL-04862,Manuel Vicente Bayón,amaya31@example.com,9207168825948,Femenino,2025-01-26
cl_04863,Cristian Abascal,giselaferrando@example.com,0119883979362,Masculino,2025-04-17
cl_04864,Pacífica Mayoral-Botella,angladavilma@example.org,4195743854854,Desconocido,2024-07-07
CL-04865,Encarnacion Comas Gomis,jropero@example.com,7957868710122,Masculino,2025-06-22
CL-04866,Araceli Salinas,lcespedes@example.com,5370325295294,Femenino,2024-10-22
CL-04867,Fabiana Jara-Criado,galagimenez@example.net,1557371481991,Femenino,2025-01-01
CL-04868,Onofre Sanz Arellano,raulcabrero@example.org,0999148115593,Masculino,2025-06-10
CL-04869,Manu Madrigal-Coello,wsalinas@example.com,9687034184133,Masculino,2024-03-24
CL-04870,María José de Jordán,correo@.com,6304407531942,Masculino,2025-06-30
cl_04871,Silvia Vidal Barriga,arroyoleon@example.org,1629631158418,Masculino,2023-12-14
CL-04872,Carmina Zabala Piña,magdalena74@example.org,61234abc,Masculino,2025-05-07
cl_04873,Encarnita Borrego-Benavente,manolarequena@example.com,7401401901364,Femenino,2024-02-13
cl_04874,Bienvenida Nadal,severianolucas@example.com,9900848204768,Femenino,2025-02-14
cl_04875,,julieta55@example.org,1847161175977,Masculino,2025-08-20
CL-04876,Mónica Agullo,evillalobos@example.org,3699973137556,Femenino,2023-11-28
cl_04877,Custodia Prada Carbó,ebatalla@example.org,5972279807829,Femenino,2025-07-20
CL-04878,Miguel Ángel Iglesia Zurita,octaviopalau@example.net,4575092866885,Masculino,2026-01-01
cl_04879,Zaida del Carro,agudoaurora@example.net,8477297394018,Femenino,2024-07-27
,Santos Morera Oliveras,correo@.com,7288980482225,M,2025-02-14
CL-04881,Lilia Lopez Herrero,csedano@example.net,6240411684531,Femenino,2025-07-08
CL-04882,Nilo Tena-Casas,amadoleal@example.org,3151194470415,Masculino,2025-08-08
CL-04883,Águeda Maxi Casas Sevilla,donatotellez@example.org,5742959278951,Masculino,2024-06-09
CL-04884,Porfirio Iván Nuñez Abad,emma28@example.net,123456,Masculino,2025-03-09
cl_04885,Inocencio Cesar Amor Llorente,jose-angel98@example.com,6151313707248,Masculino,2024-11-16
cl_04886,Inocencio Godofredo Soria Tello,herminia22@example.org,8952171925772,Femenino,2025-07-30
CL-04887,Esperanza Lozano Castro,tgalvan@example.org,6997202767731,Masculino,2024-04-02
cl_04888,Ángel Montserrat,castillacirino@example.com,4202564062968,Femenino,2024-08-02
cl_04889,Mayte Soler,hernandezpanfilo@example.org,2011516765233,Masculino,2024-07-12
CL-04890,123,pereznoelia@example.org,1849562941250,Masculino,2025-03-27
CL-04891,Antonia Pujadas Rocamora,buenosimon@example.org,5060204442173,Masculino,2025-03-09
CL-04892,Marcia Juliana Mancebo Bárcena,duilio23@example.com,3971665837282,Femenino,2024-05-16
cl_04893,Camila de Cerro,palmirabaez@example.org,6407977152177,Femenino,2025-08-07
CL-04894,Domitila Perez Pujadas,riverafausto@example.net,4254364419316,Masculino,2023-11-13
CL-04895,Macaria Ugarte Vargas,africavendrell@example.com,9073412659017,Femenino,2025-03-13
CL-04896,Ceferino Pozuelo Clemente,cristobalgirona@example.com,6-123-456,Femenino,2024-08-18
CL-04897,Cándida Palau Salmerón,olivialaguna@example.com,3626205190855,Femenino,2024-08-25
CL-04898,Inocencio de Vilalta,efrainblanca@example.com,2230629463251,Masculino,2024-05-27
CL-04899,Moisés del Pedrero,virgiliochico@example.org,7983590675824,Masculino,2024-05-01
,Hernando Balaguer Sureda,mgomis@example.net,0659609570633,Masculino,2023-12-30
cl_04901,Hipólito Cobo Escolano,sroig@example.com,6384820314041,Masculino,2024-08-04
CL-04902,Anselma Vizcaíno Abascal,dmorillo@example.org,4723553724201,Masculino,2024-06-15
CL-04903,Macaria Salamanca Beltran,mprado@example.net,2919990855442,Femenino,2023-12-15
cl_04904,Ciríaco Nadal Montaña,luis28@example.com,0051031697607,Masculino,2023-12-01
cl_04905,Aureliano Jove-Gonzalez,paula02@example.net,2603623946423,Masculino,2025-02-21
CL-04906,Mirta Cañizares-Paniagua,jroman@example.net,2443104890302,Femenino,2023-11-03
CL-04907,Arcelia Barberá Moya,frio@example.com,5060842942975,Femenino,2025-01-29
CL-04908,Agapito Borrell Ibarra,herediainigo@example.com,+34881903610,Femenino,2024-09-17
cl_04909,Petrona Echeverría Tamarit,nayaraboix@example.com,5144362526957,Masculino,2024-10-10
CL-04910,Sabina Feliu Navarro,@gmail.com,3794561142861,Masculino,2023-12-21
cl_04911,Evangelina Acero-Camino,juan-luis74@example.com,7033326901547,Femenino,2025-01-19
CL-04912,Luciana Huertas Narváez,horacio11@example.net,3001441706746,Masculino,2024-01-23
CL-04913,Porfirio Quesada Uría,mauraleiva@example.com,7697115249563,Femenino,2024-12-16
CL-04914,Tadeo Dominguez Cánovas,roldanaureliano@example.net,0846260195239,Masculino,2025-02-21
CL-04915,Seve Gerardo Vallejo Escudero,josep56@example.com,8882003750843,Femenino,2025-08-16
CL-04916,Reyes Carro Gargallo,jvall@example.org,8457199922820,Femenino,2025-04-18
CL-04917,Isaac Andreu,llobetsalud@example.net,8323430445524,Masculino,2025-07-15
CL-04918,Margarita Aguiló,lluis@example.org,5054320062959,Masculino,2024-04-19
CL-04919,Enrique Ribes Pedrero,encarnacionjurado@example.com,6489765659436,Masculino,2025-03-15
,Marcos Calvo Coll,,61234abc,Femenino,2023-12-24
CL-04921,José Luis Íñigo Alarcón Velázquez,pserna@example.net,4031705677578,Masculino,2025-01-01
CL-04922,Santiago Cabrero Céspedes,elenapascual@example.com,5603399785909,Masculino,2024-12-29
CL-04923,Lourdes Landa-Bertrán,imelda53@example.org,5852450246089,Femenino,2025-06-26
CL-04924,Isabela Dominguez Bárcena,santamariaangelino@example.com,0575885409185,Femenino,2023-10-19
CL-04925,Encarnita Lobato Ballesteros,zacariasarregui@example.org,7634517195535,Femenino,2024-05-07
CL-04926,Alfonso Vilanova,vmurcia@example.com,7592284188723,Masculino,2025-06-02
CL-04927,Antonio Ortega Carlos,adrianamoliner@example.net,4763647519380,Femenino,2025-01-26
CL-04928,Agustín Coloma Morcillo,gonzalezjulieta@example.net,2832139627309,Masculino,2025-05-05
cl_04929,Nicanor Elorza Blanes,yjodar@example.com,4010595029529,Femenino,2023-11-15
cl_04930,Rolando Benet Clemente,@gmail.com,4130033908555,Femenino,2023-10-30
cl_04931,Xiomara Diego Palomo,eulaliacobo@example.com,5484915141654,Masculino,2025-08-21
CL-04932,Petrona Iriarte Sáenz,fidelaheras@example.com,61234abc,Masculino,2026-01-01
CL-04933,Renato Reguera Pinto,xvara@example.com,7085175485450,Femenino,2024-07-31
CL-04934,Baltasar Gargallo Ferrero,cebrian33@example.net,3351179321344,Masculino,2024-05-18
CL-04935,,eugenio17@example.net,2303604542274,Femenino,2023-09-15
cl_04936,Gerardo Albero Mayoral,jleon@example.com,7697662578444,Desconocido,2025-07-11
CL-04937,Atilio Iriarte,alondrarubio@example.net,0425337660812,Masculino,2024-07-28
CL-04938,Margarita Anabel Murcia Hernando,rpons@example.com,1608888025715,Masculino,2023-12-24
CL-04939,Socorro Dionisia Higueras Quero,marisasegarra@example.com,7034294969504,Masculino,2024-12-01
,Lorenzo Escrivá Jurado,correo@.com,3730996534865,Femenino,2025-04-17
CL-04941,Ramona Estévez Ferrández,martinaexposito@example.com,4932294609853,Femenino,2024-03-03
CL-04942,Roxana Rosalinda Navarrete Ortiz,gpinilla@example.com,1641609514531,Femenino,2024-05-17
CL-04943,Rosario Ibáñez Corral,llanojuan-luis@example.com,0747438643489,Masculino,2023-09-10
CL-04944,Sol de Priego,jeronimo36@example.com,+34 977 73 27 26,fem,2024-02-02
cl_04945,Álvaro Feliciano Torrens Ruiz,mirandagracia@example.net,7941544834307,Masculino,2024-08-08
cl_04946,Paulino Bas Vázquez,benigna24@example.org,1506188169027,Masculino,2023-10-04
CL-04947,Sergio Gallo Gras,scabo@example.net,8589261385959,Femenino,2023-10-18
CL-04948,Moisés Jerez Granados,godofredo14@example.com,2429255349298,Femenino,2023-12-10
cl_04949,Martin Cardona Bueno,acostaelpidio@example.org,8274279585135,Femenino,2024-03-30
CL-04950,,,8035972688805,Masculino,
CL-04951,María Belén Montoya-Llopis,emilia55@example.net,3411287917139,Femenino,2024-11-15
CL-04952,Ema Llorens Villena,agustiamilcar@example.net,3481824335887,fem,2024-05-22
CL-04953,Luz Berenguer-Palau,amiranda@example.com,7489724762687,Femenino,2024-09-25
CL-04954,María Jesús Lozano Castells,carbajoignacio@example.com,7764906669587,Femenino,2025-01-15
CL-04955,Graciela Benavente-Casanovas,purificacionlumbreras@example.com,2393025715266,Femenino,2024-02-01
CL-04956,Nicolás Andreu Morell,osoriano@example.net,6-123-456,Masculino,2024-01-06
cl_04957,María Ángeles Gelabert,americocazorla@example.net,2290556852907,Femenino,2024-07-25
CL-04958,Ismael Salinas,soraya78@example.org,1789490958201,Femenino,2025-03-01
CL-04959,Juan Bautista Gallardo,ambarvidal@example.org,4293153190191,Femenino,2025-04-28
,Ofelia Nieto,americosarabia@example.org,5328450293932,fem,2024-01-13
CL-04961,Francisco Javier Duarte Perera,albino64@example.net,4557452755215,Masculino,2023-09-30
CL-04962,Ariel Saez,kroma@example.com,9487836604948,Femenino,2023-09-23
CL-04963,Leticia Chacón Ugarte,carinacortina@example.com,5751687018585,Masculino,2024-01-14
CL-04964,María Ángeles Nieto Julián,abelsureda@example.com,2054049212203,Femenino,2024-11-30
cl_04965,Alexandra Losa Llorente,tejedorchelo@example.com,4932518476907,Masculino,2024-11-10
CL-04966,Vasco Modesto Laguna Collado,iborraveronica@example.com,4494052722056,Masculino,2023-11-19
CL-04967,Juan Manuel Casanova Aguirre,bastidaarsenio@example.net,3898163520418,Masculino,2024-11-18
CL-04968,Ildefonso Almagro-Vélez,ypatino@example.org,+34946 219 667,Femenino,2024-04-27
CL-04969,Edgardo Ledesma,mayopacifica@example.org,1625113808982,Femenino,2023-09-28
CL-04970,Griselda del Peñas,@gmail.com,8337212687592,Femenino,2025-06-26
cl_04971,Claudia Lucas Enríquez,apareja@example.com,5505379361453,Femenino,2025-05-19
CL-04972,Marita Canet,diezjulieta@example.net,6488050434942,Masculino,2024-12-09
CL-04973,Nazaret Arco Valle,cfranch@example.com,0010006556135,Femenino,2025-04-07
CL-04974,Hermenegildo Anselmo Fábregas Cantón,alejandrorey@example.org,6934653086206,Femenino,2024-02-14
cl_04975,Melania Amat Donaire,rosario03@example.net,8888042856536,Masculino,2025-07-02
CL-04976,Trini del Gutierrez,criadoleon@example.net,6884601663994,M,2024-02-06
CL-04977,Reynaldo Domínguez Nadal,humberto29@example.org,3846532816244,Femenino,2025-02-12
CL-04978,Isidoro Cándido Dalmau Maldonado,llanosmaria-carmen@example.net,2524879216632,Masculino,2024-07-25
cl_04979,Candela Morante Porras,adelinabaron@example.org,9808492246463,Masculino,2024-12-17
CL-04980,Casemiro Vázquez,uchaves@example.org,+34 920294991,Masculino,2025-04-09
CL-04981,Federico Lerma Conde,madrigalfidel@example.org,3534396949796,Masculino,2024-02-17
cl_04982,Víctor Feliu Juliá,alfredogarcia@example.org,9899047977608,Masculino,2023-10-22
cl_04983,Joaquín Rubén Gimeno Valcárcel,agil@example.com,2762506299546,Femenino,2024-01-29
CL-04984,Octavio Alvarado Alvarado,ursulabernal@example.org,9747719953412,Femenino,2023-12-13
CL-04985,Julio César Bernat Rius,elarranaga@example.org,3285075329453,Masculino,2024-02-22
cl_04986,Filomena Pardo,gilsandra@example.net,4306164759853,Femenino,2026-01-01
CL-04987,Leocadia Morán-Larrañaga,ricoflor@example.net,0794322593238,Masculino,2023-11-25
CL-04988,Adelia Villa Estevez,tcamara@example.com,4192493003140,Femenino,2025-01-20
cl_04989,Maximiliano Jose Francisco Piquer Arribas,chaparroamando@example.org,6041753536508,Femenino,2024-09-26
cl_04990,Macario Fonseca Alemany,,0330709893215,Masculino,2025-03-31
cl_04991,Paz Evita Ruano Gabaldón,jose03@example.com,3709394155363,Masculino,2025-01-20
cl_04992,Quirino Saldaña,bbarriga@example.com,+34749935142,fem,2023-12-28
cl_04993,Danilo Marcos Velasco,anastasiacorral@example.com,0251253516812,Femenino,2024-05-07
CL-04994,Albano Pomares Garcia,sainzrosalva@example.com,3929738428151,Femenino,2024-10-06
CL-04995,@Oliver,auramancebo@example.org,4911150758616,Femenino,2025-05-14
CL-04996,Pili Oliveras Boada,sanchocalvo@example.net,5754929699217,Femenino,2024-03-01
cl_04997,Pepito de Royo,aroa78@example.net,7853814030264,Femenino,2024-05-04
CL-04998,Tadeo del Meléndez,emilio26@example.org,0057380615262,Femenino,2024-07-17
CL-04999,Perlita del Ruiz,atur@example.org,4306379789389,Masculino,2024-01-27
,Eladio Merino-Barco,,9885525869867,Masculino,2024-11-14
CL-05001,Fabiana Julie Pol Santiago,pieugenio@example.org,1009947402451,Masculino,2024-06-23
CL-05002,Hilda Yéssica Alvarez Landa,frequena@example.com,9725272291225,Femenino,2024-06-12
CL-05003,Pepe Escamilla Lillo,pzabaleta@example.com,7612266917263,Masculino,2024-08-14
CL-05004,Blas Font Linares,maria-doloresvalbuena@example.com,123456,Femenino,
cl_05005,María Fernanda de Robles,tono01@example.com,0157697998285,Femenino,2025-02-21
CL-05006,Onofre Alarcón Cuenca,pereracarmelita@example.net,8706551495492,Femenino,2023-11-24
cl_05007,Damián del Llabrés,chuycarro@example.net,7494031946769,Femenino,2025-03-07
cl_05008,Felicia Ibarra,hernando09@example.com,7734976652483,fem,2024-12-13
CL-05009,Susanita Maricela Portillo Ibáñez,fajardolucio@example.org,9127808565794,Femenino,2025-05-15
CL-05010,123,@gmail.com,7548540511328,Masculino,2025-08-19
CL-05011,María Dolores Vallejo Pinedo,daguila@example.com,4961527113454,Femenino,2024-03-13
cl_05012,Carmen Cruz Pozuelo,veronicanaranjo@example.com,3442552169739,Masculino,2024-04-10
CL-05013,Francisco Jose Chus Gutiérrez Planas,csalvador@example.com,5249401407570,Masculino,2024-09-07
CL-05014,Eutropio Villanueva Castells,eiglesias@example.com,9238154109119,Masculino,2024-05-02
cl_05015,Inés del Blanes,mauriciosaura@example.com,9667657473636,Femenino,2025-06-28
cl_05016,Jose Francisco Díez Gilabert,vtejedor@example.com,61234abc,fem,2024-04-14
CL-05017,Damián del Llorente,pnavas@example.com,5240174572022,Femenino,2024-07-31
CL-05018,Telmo Cerro,selenarobledo@example.net,3921133735198,Femenino,2024-06-16
CL-05019,Espiridión de Manzano,expositocintia@example.org,8386731103829,Masculino,2025-06-15
,Severo Alegria Aragón,,9799453467285,Femenino,2025-03-27
cl_05021,Pastor Luís Gallardo Alegre,jmoliner@example.com,2574195436469,Femenino,2024-02-14
CL-05022,Herberto Aurelio Noriega Rubio,ferrerasovidio@example.org,9989002853826,Femenino,
CL-05023,Elisa Gascón Martín,jose61@example.net,9745092760790,Femenino,2025-02-16
CL-05024,Joel Amor-Arias,palmira80@example.org,6858984832467,M,2025-02-12
CL-05025,@Oliver,angelencarnita@example.com,3915034554197,Femenino,2023-12-01
cl_05026,Isidro Mur Prats,brunildacampoy@example.com,1532331030088,Masculino,2023-09-03
CL-05027,Rosario Palacios Alcalde,ortizefrain@example.org,9535261127705,Femenino,2024-01-17
cl_05028,Cayetano Pánfilo Roda Orozco,trinidadolmo@example.com,123456,Masculino,2023-09-04
CL-05029,Jose Llopis Santana,boixisaac@example.net,8273586922304,Femenino,2024-10-09
CL-05030,Patricio Elorza Galán,,9161596332602,Masculino,2025-06-30
cl_05031,Manu Amador,gacedo@example.net,0367177647666,Femenino,2023-11-23
CL-05032,Jimena Navas Angulo,aranzazugelabert@example.net,6365784484266,Masculino,2023-12-02
cl_05033,Dominga Beltran Arana,arnaubibiana@example.net,9353880948773,Masculino,2024-01-19
CL-05034,Ambrosio Urrutia Villalonga,xpizarro@example.org,7819088134328,Femenino,2025-05-23
cl_05035,Nydia Eufemia Gil Castells,ameliaaguilera@example.com,3561836397308,Femenino,2024-03-08
CL-05036,Héctor Fábregas Murillo,hcalleja@example.com,7416986741396,Femenino,2024-01-09
CL-05037,Emiliana Arnau-Manzano,fusteralfonso@example.com,6871512642321,Masculino,2024-01-04
CL-05038,Cirino Pi Arana,marceloenriquez@example.org,2353436871727,Femenino,2024-03-25
CL-05039,Lupita Camino Pedro,morantedora@example.org,1340057660231,Masculino,2024-04-20
cl_05040,,acalvet@example.com,6-123-456,Desconocido,2026-01-01
CL-05041,Marcial Quintero Gámez,maller@example.net,2921326013055,Femenino,2023-09-22
cl_05042,Pastor de Mate,tamara51@example.org,8725257581360,Masculino,2025-03-04
CL-05043,Pánfilo Hoz Cazorla,estrellaandreu@example.org,0073427031033,Masculino,2024-08-25
CL-05044,Roque Fernández Larrañaga,carlossilvio@example.net,2474004846437,Femenino,2024-03-25
cl_05045,Amador de Benítez,saldanaceferino@example.net,7850477343200,Femenino,2024-03-23
CL-05046,Dan Jordá Royo,inocencio66@example.org,2804510260868,Masculino,2024-12-07
CL-05047,Édgar Mármol-Torrens,xcarreras@example.net,7108766794229,Femenino,2023-11-23
CL-05048,Sigfrido Gil-Luz,marina89@example.com,3525125552326,fem,2024-04-09
CL-05049,Tomás Isidoro Galán Ariza,trini84@example.net,3459773782844,Femenino,2024-01-21
CL-05050,Domingo Jódar-Flores,,6648863861398,Femenino,2025-06-07
cl_05051,Pancho Hierro Cabrera,olivemarco@example.com,2496796428890,Femenino,2025-04-28
CL-05052,Baudelio del Lerma,sabas43@example.com,123456,Femenino,2025-06-22
CL-05053,Adoración Gutierrez Tamayo,lorenzoblanes@example.net,4832001221780,Masculino,2024-07-17
CL-05054,José Ángel Botella Castejón,everdu@example.org,4092659650697,Femenino,2024-06-21
cl_05055,@Oliver,norbertoribes@example.org,3643993179720,Masculino,2024-10-02
CL-05056,Rubén Elías Lago Gil,ulamas@example.net,6564847420741,fem,2025-06-19
cl_05057,Severino Castejón Pavón,nunezjose-francisco@example.org,3815381881863,Femenino,2025-03-21
cl_05058,Perlita Fanny Sanmartín Carpio,aguadomanolo@example.com,3272175152317,Masculino,2024-11-16
CL-05059,Sol Hernandez-Isern,linosuarez@example.com,3653693728238,Masculino,2025-08-16
CL-05060,Eulalia Jerez Marqués,pepitaguillen@example.net,9884818779123,Femenino,2025-07-03
CL-05061,Jimena del Zorrilla,ascension99@example.net,4092091285630,Femenino,2025-03-17
CL-05062,Adora Escobar Mosquera,hcamara@example.org,6129287373543,Masculino,2023-09-19
CL-05063,Bibiana Paredes Izaguirre,martilorenzo@example.org,8788966099482,Femenino,2023-12-15
CL-05064,Atilio Aramburu Peláez,marc71@example.net,6-123-456,M,2025-08-28
CL-05065,Cristóbal Piquer Pedrero,gilestevez@example.org,4914462351074,Masculino,2024-11-16
CL-05066,Pelayo Samper-Arévalo,zvillar@example.net,8004755396897,Femenino,2023-11-13
CL-05067,Tito Soria-Campo,vpuig@example.org,4477679035156,Masculino,2025-02-23
cl_05068,Florentino Chaves Gras,borregoovidio@example.net,3166752164434,Femenino,2023-09-14
CL-05069,Lucio Marquez Santiago,pascuala73@example.net,5153067712867,Masculino,2024-09-13
CL-05070,,correo@.com,0300475870019,Femenino,2024-07-19
CL-05071,Cecilia Bayona-Piñol,chamorroevita@example.org,2903377212031,Masculino,2025-03-06
cl_05072,Remigio Cortina,salvadoramoros@example.net,3411357340670,Desconocido,2025-01-28
cl_05073,Manolo Sastre-Saez,ramonjesusa@example.com,0432496181234,Femenino,2024-01-31
CL-05074,Nadia de Barón,atienzapriscila@example.org,9239593208077,Masculino,2025-08-17
CL-05075,Basilio Barba Becerra,annatorrens@example.net,6071794922435,Masculino,2024-06-25
CL-05076,Arcelia Robledo-Ferrández,guillermoquintana@example.com,61234abc,Masculino,2023-10-08
CL-05077,Josefa Becerra,anibal78@example.net,2583204878611,Femenino,2025-04-22
cl_05078,Amor de Arjona,amelia37@example.org,2066938944318,Masculino,2024-01-30
cl_05079,Loreto Diez Fábregas,mramos@example.org,6933226267773,Femenino,2024-01-25
CL-05080,María Dolores Rosa Caballero Vallejo,rricart@example.org,3683473360261,M,2025-04-07
CL-05081,Arcelia Coloma Cuadrado,agapitocapdevila@example.org,7597257777534,Masculino,2024-03-06
CL-05082,Martirio Iglesias Leiva,tmedina@example.org,1964220786854,Femenino,2024-12-01
CL-05083,Mario Aguiló Vallés,ollerflorinda@example.com,8793067468326,Femenino,2024-10-16
CL-05084,Felipe Rocha Becerra,sanabriaanna@example.org,2763076034503,Masculino,2025-01-16
CL-05085,@Oliver,ramon77@example.org,5547875479463,Masculino,2024-05-08
cl_05086,Catalina del Amo,cpastor@example.net,6231263686857,Masculino,2024-06-18
cl_05087,Leyre Gutiérrez Huguet,kvalderrama@example.com,1944919369417,Masculino,2025-03-27
CL-05088,Dafne de Nadal,canton@example.net,123456,fem,2024-06-26
CL-05089,Amílcar Nuñez-Ferrando,cpulido@example.org,0454235180801,Masculino,2023-12-27
CL-05090,Jose Miguel Feliu Quintero,,3622341921108,Femenino,2023-11-30
CL-05091,Asdrubal Hidalgo Viña,planahector@example.com,1440671970787,Femenino,2023-10-28
CL-05092,Valentina Maldonado Pujadas,lloretgraciano@example.com,7934866055183,Masculino,2024-02-23
CL-05093,Rita Valcárcel Pagès,benito37@example.net,7417046048479,Femenino,2023-12-05
CL-05094,Maristela Cantero Arnal,bcanas@example.org,3667151432930,Femenino,2025-05-16
CL-05095,Renato de Ródenas,riquelmepepita@example.net,9504831393419,Femenino,2025-05-19
CL-05096,Nicanor Pacheco Carrión,reynatejero@example.net,5561524431327,Desconocido,2025-02-22
cl_05097,Régulo Peñas Azorin,hectorcerro@example.net,0346122211691,Femenino,2023-10-07
CL-05098,Tatiana Jáuregui Alcalde,itejada@example.net,6231866122156,Femenino,2024-07-02
CL-05099,Susanita Bello,aaronruiz@example.com,2803444261645,Femenino,2024-05-07
cl_05100,@Oliver,,+34848 271 913,Masculino,2023-12-22
CL-05101,Griselda Llorens Losa,irmacarbajo@example.org,4456152040162,Femenino,2025-01-18
cl_05102,Sergio Falcón,marciano62@example.org,3100145063725,Masculino,2024-11-09
CL-05103,Perlita Cabo Moreno,lmurcia@example.org,7654341161901,Masculino,2023-12-21
cl_05104,Lucía Sanjuan-Gras,enriquepenas@example.net,6881720776741,Femenino,2023-11-29
CL-05105,Domingo Gonzalo Aroca,gregorio45@example.com,6771761742132,Femenino,2025-01-24
cl_05106,Ana Sofía Verdú,aranzazu01@example.net,3824059244320,Masculino,2024-07-31
CL-05107,Quique Talavera Arteaga,goyomayo@example.net,4513206409024,Femenino,2025-05-20
cl_05108,Tecla Doménech,wporras@example.com,7427956027409,Femenino,2024-09-12
CL-05109,Luís Gaspar Robledo Pazos,estrella36@example.org,7304664645914,Masculino,2025-03-21
cl_05110,Dani Saavedra Goñi,correo@.com,0290117467138,Masculino,2025-08-17
cl_05111,Pastora Sanz Losada,roberto66@example.net,2835696994292,Femenino,2023-11-21
CL-05112,Susana Poza-Barrena,taboadamarisa@example.org,+34 886 45 09 53,Desconocido,2025-04-23
CL-05113,Carina de Tolosa,marino32@example.net,2707180057256,Masculino,2023-12-19
CL-05114,Magdalena Diez Santamaría,rbustamante@example.net,0546438852028,Masculino,2024-10-18
cl_05115,,consuelagomis@example.org,5859395541452,Femenino,2025-02-11
cl_05116,Marco Español Mulet,calisto35@example.com,0275700618927,Femenino,2025-07-28
cl_05117,Marcelino Cabello Quero,qcamino@example.com,5796688847776,Masculino,2024-02-04
CL-05118,Ernesto Arrieta Bermúdez,maria-belenarjona@example.net,9561958401226,Femenino,2023-11-19
cl_05119,Aroa Landa Gámez,wbernat@example.net,1465261577064,Femenino,2023-09-16
cl_05120,Miguel Álamo Bartolomé,,6606877480820,Masculino,2023-10-18
cl_05121,Marcio Atilio Serna Quintana,rosalvamanuel@example.org,3731301856885,Femenino,2024-10-31
CL-05122,Haroldo Almeida Cabanillas,ainara35@example.com,9630317125014,Femenino,2025-01-21
cl_05123,Aarón Roldán Anaya,samu97@example.net,9860114347605,Masculino,2023-11-08
cl_05124,Susanita Elorza Bartolomé,juan-francisco16@example.com,6-123-456,Masculino,2024-11-09
CL-05125,Adelina Barón Heras,mgalan@example.com,0643361473367,Femenino,2025-05-17
CL-05126,Javiera Tejada Gallart,hteruel@example.org,8177461843373,Masculino,2023-10-27
CL-05127,Tomasa Gallego Cabeza,guadalupegoicoechea@example.com,6265106553169,Femenino,2024-11-24
CL-05128,Vicente Esteban Casanova Guillén,tbarral@example.net,6066798176297,Femenino,2024-02-24
CL-05129,Miguel Soria Buendía,ignaciaplanas@example.com,9326851299474,Femenino,2025-07-01
cl_05130,@Oliver,correo@.com,8841139913268,Femenino,2026-01-01
CL-05131,Magdalena Salazar Cano,salazarbautista@example.net,7773890627152,Masculino,2023-12-04
cl_05132,Adelia Salas Montalbán,morillojose-miguel@example.org,1775328697914,Femenino,2023-09-08
CL-05133,Celestino Bauzà-Donaire,crespiblanca@example.com,7315996249964,Femenino,2025-07-02
CL-05134,Reynaldo Millán Calatayud,tomasarino@example.com,6966566293972,Femenino,2023-10-17
CL-05135,Ramiro de Carbajo,nherranz@example.org,8423978401004,Masculino,2023-10-13
cl_05136,Dorita Novoa Río,arceliahuerta@example.net,6-123-456,Desconocido,2024-03-23
cl_05137,Jesusa Martorell Cabanillas,mmanrique@example.com,7338379977142,Masculino,2024-03-19
CL-05138,Julieta Arco Luís,celso87@example.org,0514611509902,Masculino,2025-04-07
CL-05139,Adalberto Amor Coloma,vilaplanajose-francisco@example.com,2594197362651,Femenino,2024-07-01
,Eloy Trillo Franch,@gmail.com,2753255219876,Femenino,2024-06-16
CL-05141,Etelvina Solsona Oliveras,sluque@example.org,8978979989915,Masculino,2024-11-05
cl_05142,Fanny Puerta Cal,amadorrita@example.org,8078645852551,Femenino,2024-04-25
CL-05143,Leandro Guillen Granados,javiera82@example.net,7277922264445,Femenino,2025-02-08
cl_05144,Pánfilo Aragonés Vaquero,rbosch@example.org,1000121609391,M,2024-10-24
CL-05145,,kmoliner@example.net,5782192552419,Femenino,2024-02-04
cl_05146,Telmo Rafael Bonilla Muro,currobas@example.com,9310383058333,Masculino,2024-03-29
CL-05147,Rosalva Gabaldón Girón,encarnacion25@example.com,4766734386504,Femenino,2025-07-31
CL-05148,Cándida Lledó Arnal,santiagojoaquin@example.org,61234abc,Femenino,2026-01-01
CL-05149,Evelia de Miralles,lucenanoa@example.net,8385998502783,Masculino,2024-07-22
CL-05150,Aitor Varela Vallés,@gmail.com,9266261325051,Masculino,2024-03-06
CL-05151,Maribel Grande-Pomares,vicentereig@example.org,0433508657380,Masculino,2024-11-27
CL-05152,Rubén Ramis Santamaría,cebrian02@example.com,2222145888286,Desconocido,2024-08-15
CL-05153,Jose Francisco Artigas Cantero,barredaana@example.org,3022415586617,Masculino,2025-02-20
CL-05154,Olimpia Alegria-Soria,estevezgala@example.com,6967088627102,Femenino,2023-10-10
CL-05155,Patricia Giralt Sanz,cosme99@example.com,7151707768901,Femenino,2024-06-29
cl_05156,Encarnacion Ochoa Cepeda,atilio00@example.com,7618717547072,Masculino,2023-09-19
CL-05157,Loida Mayo Rosselló,maura94@example.com,1044031989204,Masculino,2023-10-14
cl_05158,Ana Sofía Juan Campos,carlaaliaga@example.org,8652973633097,Masculino,2025-06-18
CL-05159,Georgina de Sancho,caridadpavon@example.net,8960946994273,Masculino,2023-12-06
,,@gmail.com,6-123-456,Desconocido,2024-01-02
CL-05161,Dulce Reina Anglada Benavides,cisnerosleire@example.org,2332674214750,Masculino,2024-07-13
cl_05162,Olga Duran Revilla,scerdan@example.com,7075805310032,Femenino,2024-06-24
cl_05163,Oriana Anna Cornejo Zaragoza,soledadojeda@example.com,6310176315563,Masculino,2025-07-03
cl_05164,Priscila del Solano,nico35@example.net,4782443262234,Masculino,2024-03-02
cl_05165,Armida Amo,qpina@example.net,2407765973271,Masculino,2023-11-15
CL-05166,Baltasar Sancho Díez,gabino32@example.com,8612364939097,Masculino,2024-10-07
CL-05167,Manuelita Ignacia Ureña Soto,melchor52@example.net,5726369914050,Femenino,2023-11-08
CL-05168,Maite Goñi Ribas,llobetblas@example.org,1170523005702,M,2023-11-25
cl_05169,Dionisia del Expósito,marisela15@example.org,3518354002061,Femenino,2024-11-16
CL-05170,Amancio Llamas Arnal,buria@example.net,8156472123494,Femenino,2024-09-04
cl_05171,Vasco Egea Lillo,dlobo@example.net,8106126074139,Femenino,2023-10-17
CL-05172,León Montalbán Boix,nidiaclemente@example.net,+34821538858,Masculino,2025-02-10
CL-05173,Mirta Micaela Ramírez Ferrándiz,teofila49@example.org,3428769614042,Masculino,2024-10-03
CL-05174,Ciríaco Múgica Duarte,ycalvet@example.net,9026603713508,Femenino,2023-10-28
cl_05175,@Oliver,jose-francisco02@example.com,3099886415694,Masculino,2025-07-01
CL-05176,Angélica Manuel Pombo,aurelio99@example.com,3103349337388,Femenino,2025-06-21
CL-05177,Socorro Yuste Peña,afuente@example.org,4225798774956,Masculino,2023-11-19
CL-05178,Severo Marí Porta,guzmanaura@example.org,2914753268823,Femenino,2024-09-23
cl_05179,Mayte Garmendia,ecordero@example.org,7492783904161,Femenino,2024-02-25
,Amanda Cisneros Rodriguez,correo@.com,3095993658786,Femenino,2025-01-23
CL-05181,Apolinar Cristóbal Gracia Toledo,vegaevelia@example.org,0526189364324,Masculino,2025-02-25
CL-05182,Sosimo Collado-Peral,nacho46@example.org,9902101750280,Femenino,2024-10-21
CL-05183,Chita Gomis Alemany,encarna12@example.net,1827988538459,Masculino,2023-09-12
cl_05184,Evelia Varela,jguillen@example.net,123456,fem,
cl_05185,Duilio Canales Ruano,jonatan24@example.net,6607030272433,Femenino,2024-09-14
cl_05186,Fabricio Tenorio-Montesinos,canalesjuan-luis@example.com,5944159221757,Masculino,2024-12-01
CL-05187,Pascual Alcalde Torrens,joaquinaferran@example.org,2356781501897,Femenino,2025-05-25
CL-05188,Félix de Sevillano,furibe@example.net,5922310925829,Masculino,2024-06-12
CL-05189,Genoveva Feijoo Mendizábal,vbarba@example.com,9949706484448,Masculino,2025-05-22
CL-05190,@Oliver,@gmail.com,8038150740699,Femenino,2024-09-02
cl_05191,Desiderio Belda Madrigal,bpol@example.net,5538466603856,Femenino,2025-05-12
CL-05192,Corona Pedrosa Iñiguez,manolo31@example.net,3335824211514,M,2024-10-31
cl_05193,Máximo Núñez Boix,virginia58@example.com,3060214065313,Masculino,2024-08-21
cl_05194,Patricio Verdú Díez,apozo@example.org,8732839894963,Masculino,2024-03-27
CL-05195,María Luisa Díez-Ferrándiz,elvira04@example.net,3243411700689,Femenino,2024-05-13
CL-05196,Abraham Pera,estevezulises@example.com,123456,Femenino,2025-04-18
cl_05197,Alba Ariza Cardona,eutropiomonreal@example.com,0534203188706,Masculino,2025-03-03
CL-05198,Vidal Joel Cordero Moya,vmorcillo@example.net,2542285638557,Femenino,2024-05-18
CL-05199,Lola Amorós Capdevila,nicanor42@example.net,6787706800011,Femenino,2024-04-09
CL-05200,Baldomero Olmedo Novoa,climaco36@example.org,9609204247998,Femenino,2024-03-26
cl_05201,Reyna de Salvador,dmorata@example.net,4974824713277,Femenino,2024-09-24
CL-05202,Alcides Castro Redondo,benaventeamado@example.org,2668727481086,Masculino,2025-02-14
CL-05203,Sabina Benavent Barceló,villanuevaedu@example.com,4766843644709,Femenino,2024-02-17
CL-05204,Roldán Sosa Alberdi,ceciliopineiro@example.org,0621288579341,Masculino,2024-05-15
cl_05205,123,galloedgardo@example.org,2815794503908,Masculino,2024-01-25
CL-05206,Margarita Morante Rico,atienzarosario@example.net,2998030423822,Masculino,2024-09-02
CL-05207,Zaira Inés Álvaro León,rosario45@example.com,0460574095525,Femenino,2024-02-02
CL-05208,Loreto Campoy Arroyo,maxigutierrez@example.net,+34847556549,Masculino,2024-07-01
CL-05209,Feliciana Hidalgo Gámez,olivaresgeronimo@example.net,2383948439109,Masculino,2025-04-29
CL-05210,Evangelina Torrent,,9032826951144,Masculino,2023-12-15
CL-05211,Ricardo Reguera-Bejarano,francisco-javier36@example.org,3456154839362,Masculino,2024-01-09
CL-05212,Roberto Riba Valcárcel,njauregui@example.org,1453589847029,Masculino,2024-06-01
CL-05213,Sosimo Balaguer Pol,jsaldana@example.org,1429879876418,Femenino,2024-06-11
CL-05214,Reyna Álamo-Salgado,payllon@example.org,3204229075036,Femenino,2025-01-25
CL-05215,Amando Guillen Sarabia,elucas@example.org,9124585747443,Femenino,2024-05-31
cl_05216,Isabel Carrión Verdú,pascualsanchez@example.com,5431829511048,Femenino,2024-05-14
CL-05217,Remedios Peinado Catalá,graciano79@example.org,4517111484868,Femenino,2025-02-17
CL-05218,Samu Zamorano Torres,ameliacastello@example.com,5740047325914,Femenino,2025-02-20
CL-05219,José María Gil-Arco,epifanio13@example.org,1929963668819,Femenino,2025-02-14
cl_05220,123,,61234abc,Femenino,2026-01-01
CL-05221,Milagros Maura Ferrán Haro,campillovictoria@example.org,5818155746381,Femenino,2024-11-19
CL-05222,Ricarda Casanova Cepeda,dcarreras@example.com,6996956799966,Masculino,2025-04-28
CL-05223,Flora Rivera Sarmiento,pamor@example.com,1362320413178,Masculino,2024-10-22
CL-05224,Rodolfo Román González,pedrocristian@example.net,8117683850444,Desconocido,2025-01-21
CL-05225,Reyes Martirio Peral Acevedo,njauregui@example.net,8886940555319,Femenino,2024-03-10
CL-05226,Dora Roca Varela,rebollomarco@example.org,5406348375388,Masculino,2023-10-17
CL-05227,Gracia Sanjuan Carnero,vazorin@example.net,6091588135892,Masculino,2024-05-24
CL-05228,Nando Fuente,patricia37@example.com,5426206071141,Masculino,2024-03-04
CL-05229,Francisca Jessica Cañellas Valdés,tonogarriga@example.org,8376740069599,Femenino,2024-03-27
cl_05230,Ismael del Barral,marcsabater@example.net,0763322421073,Masculino,2024-01-27
CL-05231,Purificación Pellicer Campo,inocenciococa@example.org,2335441120758,Femenino,2025-03-19
CL-05232,Martín Casal Cabrero,jimenezrafael@example.net,+34 825 09 89 86,fem,2025-05-16
CL-05233,Nidia Arias Aranda,zsaenz@example.org,1052897784991,Femenino,2024-07-01
cl_05234,Visitación Apolonia Castell Ros,efrain99@example.com,3443699292095,Femenino,2025-06-26
CL-05235,@Oliver,amanda25@example.com,5600584564834,Masculino,2025-07-02
CL-05236,Cesar Garcés Checa,umendez@example.net,7737149575532,Femenino,2024-06-29
CL-05237,Nicolás Fuster Solís,fernandezflavio@example.org,0453171123196,Masculino,2024-07-07
CL-05238,Victoria Roselló Peinado,eloisacalvo@example.org,8087709995487,Masculino,2025-01-04
CL-05239,Duilio Piñeiro Benavent,zpuga@example.net,7915894221722,Femenino,2025-06-19
CL-05240,Rodrigo de Pont,@gmail.com,1577762977797,Femenino,2024-05-22
cl_05241,Anacleto Pedrosa-Quintanilla,fguzman@example.com,0917064265587,Femenino,2024-06-07
CL-05242,Elpidio del Peralta,svalderrama@example.net,0681452917969,Femenino,2024-02-10
cl_05243,Maximino Piquer Angulo,adelaidacarbajo@example.com,9698972930640,Masculino,2023-09-11
CL-05244,Cristian Sabater Garcia,jelias@example.com,6-123-456,Femenino,2024-08-24
cl_05245,Chuy Camacho Casado,encarnacion01@example.com,9173902318249,Femenino,2024-11-26
CL-05246,Trini Cepeda Ruiz,abascalmanolo@example.org,2428601710394,Femenino,2025-08-02
cl_05247,Norberto Ledesma,sandra73@example.net,4740252744602,Masculino,2024-06-10
CL-05248,Isidro de Hervás,guerrerolope@example.org,8561885061718,Femenino,2025-06-23
CL-05249,Yolanda Flora Hoz Mesa,humbertojimenez@example.org,4231847796370,Masculino,2025-05-19
CL-05250,@Oliver,crosello@example.net,9331742168484,Femenino,2024-05-20
cl_05251,Francisca Benavente,farreconsuela@example.com,1031385414782,Masculino,2025-08-07
cl_05252,Rosalva Canales Arregui,purificacionasensio@example.org,0387533903916,Femenino,2024-09-24
CL-05253,Belen Rozas Duque,naranjocesar@example.net,9362212881802,Masculino,2025-07-21
cl_05254,Abel Rey Lerma,ramirominguez@example.com,7012811650521,Masculino,2023-11-11
cl_05255,María Teresa Trujillo Vara,isabelpaez@example.net,4208424008002,Masculino,2025-02-08
CL-05256,Jonatan de Giralt,deborayuste@example.com,6-123-456,Desconocido,
CL-05257,Gerónimo Sans,solanaadriana@example.net,6278663699626,Masculino,2024-06-28
cl_05258,Nélida del Gálvez,geraldo70@example.org,5013926382096,Masculino,2024-02-24
cl_05259,René Sancho Macias,salba@example.com,9185590100790,Masculino,2024-09-11
CL-05260,Juanito de Infante,ymontoya@example.org,7059175091787,Femenino,2025-06-20
CL-05261,Albina Luján-Vigil,ksans@example.org,5164389953093,Masculino,2024-09-05
CL-05262,Berto Roberto Piñol Mercader,ricardacepeda@example.com,2893003341630,Femenino,2025-01-11
cl_05263,Odalys Arias,zguzman@example.org,2322388580900,Femenino,2025-05-13
CL-05264,Jose Ramón Montero,belen14@example.com,4199706626359,Masculino,2023-12-21
cl_05265,Florina Muro Barbero,manzanoborja@example.net,0351748608291,Femenino,2024-04-05
CL-05266,Soraya Jiménez-Marco,damiancal@example.net,6268194096618,Femenino,2024-06-04
cl_05267,Daniela de Borja,felixbayon@example.com,9321331116884,Masculino,2024-05-07
CL-05268,Asunción Zamorano Cervantes,codinalidia@example.org,61234abc,Femenino,2025-04-30
CL-05269,Filomena Huerta,carminavillegas@example.net,9061037940028,Femenino,2025-05-29
cl_05270,Fulgencio Sanjuan Paz,villaeutropio@example.org,0122696421457,Masculino,2025-05-20
cl_05271,Victor Piquer Orozco,diego87@example.com,5025940854116,Femenino,2024-10-11
cl_05272,Pedro de Nebot,isidro47@example.org,2441795658928,Masculino,2023-12-29
cl_05273,Ignacio Uría Segura,tgonzalez@example.com,7836127241101,Masculino,2024-12-27
CL-05274,José Ramírez Garriga,lorenzacarlos@example.net,5392569570864,Masculino,
CL-05275,Haydée Sanjuan Guerra,pozocelso@example.com,0899250657718,Femenino,2025-08-13
CL-05276,Emilio Cortina Leon,plucena@example.net,5321923952346,Femenino,2023-09-09
CL-05277,Felix Arranz,cirocarretero@example.org,1373463421968,Femenino,2025-05-13
CL-05278,Gil Aguirre Codina,lroyo@example.org,2759704061851,Femenino,2024-01-15
CL-05279,Marcelo Báez Figuerola,goyoheras@example.com,6946986996782,Masculino,2024-10-22
,,,61234abc,Desconocido,2024-04-22
CL-05281,María Cristina Santos Coello,cabelloalma@example.net,8815077083093,Femenino,2023-11-08
CL-05282,Ramón Ángel Olmo,abrilrosalva@example.net,7906060633108,Femenino,2024-05-08
CL-05283,Manu Barranco Palomo,jlasa@example.com,3694292130070,Masculino,2024-07-04
CL-05284,Sandra Pons Ibañez,donato02@example.com,3000736842776,Femenino,2025-07-19
CL-05285,Pastor Prado-Moles,ucabrero@example.org,7478709622527,Femenino,2025-01-11
CL-05286,Daniel Tormo Barrena,rafael40@example.net,0298338937816,Femenino,2024-07-13
CL-05287,Candela del Vendrell,silvia34@example.com,3770139713785,Femenino,2025-06-25
cl_05288,Rosendo Quiroga Izquierdo,liliaesteban@example.net,6001204860803,Desconocido,2025-04-15
cl_05289,Severiano Araujo Sales,calistarodriguez@example.org,1816909265787,Masculino,2024-08-24
cl_05290,José María Chico-Estevez,correo@.com,3194169379101,Femenino,2024-05-24
CL-05291,Ainara Alemany Chamorro,benitoflorentina@example.org,8914067768288,Femenino,2025-01-07
CL-05292,Ruben Lorenzo Lorenzo,linablazquez@example.net,+34 949 139 842,Femenino,2024-07-04
CL-05293,Edu Piñol,querolpastora@example.net,8598629836658,Femenino,2025-06-26
CL-05294,Angelina Sanmartín,emma59@example.com,4853525518957,Femenino,2024-12-12
CL-05295,Cristóbal Olivé Cano,gertrudis82@example.com,7675549787325,Masculino,2025-02-09
cl_05296,Olimpia Uriarte Quintanilla,gdiaz@example.net,0168735343809,Desconocido,2024-07-09
CL-05297,Reynaldo del Escolano,beatriz15@example.net,5515189456804,Masculino,2025-05-22
CL-05298,María Jesús Esteban-Valderrama,caboelodia@example.net,4179449776359,Femenino,2024-02-14
cl_05299,Adelia Jáuregui,scarranza@example.net,8550884979497,Masculino,2025-04-08
CL-05300,Ambrosio Pinto Oliva,@gmail.com,3667133175669,Masculino,2025-05-01
cl_05301,Zaira Tormo Lerma,kvalenzuela@example.org,6128439275404,Masculino,2024-11-07
cl_05302,Marisa Sandoval Reina,flujan@example.org,1937950276643,Femenino,2024-08-27
CL-05303,Constanza Pallarès,aortega@example.org,1034899582527,Masculino,2024-05-22
CL-05304,Ramiro Milla,spedro@example.com,+34 978 85 62 46,Femenino,2024-04-28
cl_05305,Macario Rincón Azcona,norbertocamara@example.com,8099585190375,Femenino,2025-04-09
CL-05306,Sonia del Baños,luisa27@example.org,4746068063697,Femenino,2023-09-10
CL-05307,Manolo Larrañaga Saez,moyaviviana@example.com,1504691222193,Femenino,2025-01-01
CL-05308,Chelo Gual-Gonzalez,pedrojuliana@example.com,9597194326317,Masculino,2025-08-25
CL-05309,Regina Ferrero Pombo,dominga72@example.org,0381470591236,Femenino,2024-08-19
CL-05310,Ema del Galvez,correo@.com,8022928092527,Masculino,2026-01-01
cl_05311,Nidia Larrañaga Castellanos,folchclarisa@example.net,8516922304250,Femenino,2024-04-16
CL-05312,Hugo Puente Perelló,montserratcalzada@example.com,3966525330994,M,2024-03-15
CL-05313,Marisa Andres Barberá,elbaantunez@example.net,5221710834199,Masculino,2023-12-11
CL-05314,Marta Robles Zamorano,adadiarosa-maria@example.net,1030981095356,Masculino,2023-11-03
cl_05315,Sergio Pineda Franco,adalberto63@example.net,7414015459631,Femenino,2025-07-05
CL-05316,Ramiro de Haro,amarilis72@example.net,61234abc,Femenino,2024-06-30
CL-05317,Florencio Murcia,eleuteriobernal@example.org,5368742018086,Masculino,2024-05-15
cl_05318,Inmaculada Verdejo,edgardoriquelme@example.com,3861553097908,Femenino,2024-10-18
CL-05319,Gaspar Calvet,eprats@example.net,5008272996311,Masculino,2025-08-10
cl_05320,Segismundo Ribera Cazorla,,0761016596934,fem,2024-12-02
cl_05321,Sabas Aragonés Andres,magdalenabarros@example.org,0522313580061,Masculino,2023-10-03
cl_05322,Silvia Araceli Llanos Tomás,olalla39@example.org,9161361714670,Masculino,2024-07-04
CL-05323,Paulino Barbero-Reig,anna39@example.net,2242215019516,Masculino,2024-11-16
CL-05324,Consuelo Reina Sanchez,arizacarmelo@example.net,0497869356253,Masculino,2024-11-16
cl_05325,Gisela Arias Solana,asolis@example.net,5966582982430,Femenino,2024-06-05
CL-05326,María Jesús Sosa-Iborra,olegario78@example.org,3419763367683,Masculino,2025-02-13
cl_05327,Ascensión de Rico,mateo36@example.net,4394688102634,Masculino,2025-05-13
CL-05328,Teo Molina Barceló,murciadani@example.com,6-123-456,fem,2024-07-07
cl_05329,Malena de Ariño,alejandro81@example.org,2789496620826,Masculino,2025-01-16
CL-05330,Florina Cuadrado Sans,,3883935506359,Femenino,2025-06-03
CL-05331,Miguel Ángel Cabo Pino,barrigaluisa@example.net,4273847254945,Masculino,2024-08-06
CL-05332,Calista Alcalde,yaraujo@example.net,8845767498005,Femenino,2025-03-31
CL-05333,Severo Vaquero,rcarranza@example.org,0951591394255,Femenino,2025-07-07
CL-05334,Pánfilo del Rosales,jmoll@example.net,4066068946775,Masculino,2025-08-15
cl_05335,Genoveva Jordana Gracia Ribera,alarcongema@example.net,5095489192403,Femenino,2025-07-08
CL-05336,Aránzazu Coronado-Rios,marcialpinol@example.org,6510562744873,fem,2023-12-29
cl_05337,Renato Badía-Camacho,perezcristina@example.org,7037417644435,Femenino,2025-04-10
cl_05338,Clemente Alemán Gelabert,pepecanas@example.com,1116279730765,Femenino,2025-02-11
CL-05339,Paca Alfonso Pintor,victoriano20@example.net,2619865553951,Femenino,2025-05-02
CL-05340,123,,+34800 351 756,Masculino,2024-01-15
cl_05341,Anselma Roldán Andres,herreracalisto@example.net,6433985077502,Femenino,2024-11-15
cl_05342,Angelina Diez Arévalo,desiderioboix@example.com,3111422996542,Femenino,2025-04-25
CL-05343,Rafaela Morales,francomaxima@example.net,6605917748265,Femenino,2024-08-04
CL-05344,Augusto Sanmiguel Montaña,salgadopastora@example.net,8660487842094,Masculino,2023-11-06
cl_05345,Che Galán Rosado,abrilalbino@example.org,4721425824288,Masculino,2024-02-11
CL-05346,Adelardo Casals Bermudez,rodolfopages@example.org,9339060067440,Femenino,
CL-05347,Emilia Calzada Leiva,mayojuan-carlos@example.net,9239497567292,Masculino,2025-04-25
CL-05348,Angelita Martí Royo,catalamaximiano@example.net,3133859078118,Femenino,2024-09-19
CL-05349,Genoveva Benavente Parra,lorenzo68@example.net,4016825370821,Masculino,2025-06-08
CL-05350,Delfina Alcaraz Iglesias,silvahipolito@example.org,3725632170981,Masculino,2024-02-26
CL-05351,Guillermo Mínguez-Álamo,salomon91@example.com,6931381368220,Masculino,2025-06-05
cl_05352,Florencia Quero Maestre,rogelio53@example.net,6-123-456,M,2024-12-24
CL-05353,Domingo Briones Coloma,lanton@example.net,9275146057366,Masculino,2023-10-28
cl_05354,Isidora Garcia Aguilar,fprat@example.org,0019914193803,Femenino,2024-01-04
CL-05355,@Oliver,ccastillo@example.com,8683026398586,Masculino,2025-03-09
cl_05356,Daniel Cadenas-Sastre,lisandroexposito@example.org,5156563682196,Masculino,2024-01-06
CL-05357,Aurelio del Lopez,ricardo48@example.net,7812388983431,Masculino,2023-09-13
CL-05358,Iván Sanmartín Parejo,yustepiedad@example.com,6414870398053,Femenino,2023-11-12
CL-05359,Anunciación Mármol Barbero,mrobles@example.com,8484317057696,Femenino,2024-01-26
cl_05360,Ignacio Bermúdez Sevillano,,4499245753965,fem,2024-05-12
cl_05361,Cristian Rosselló Pereira,kgracia@example.com,8108222328250,Femenino,2025-04-11
CL-05362,Josep Laguna Cortina,atilio62@example.org,3284093429903,Masculino,2024-02-23
CL-05363,Raúl Tena Mendez,spino@example.net,7932458073446,Femenino,2025-04-01
CL-05364,Francisco Jose Oliva Arrieta,ccheca@example.org,61234abc,Masculino,
CL-05365,Rosario Larrañaga-Santos,batlleluciana@example.net,9143091490835,Masculino,2023-10-18
cl_05366,Maribel de Valera,juan-carlosmoya@example.com,8264890610726,Femenino,2024-03-30
CL-05367,Jose Ramón Diego Blanes,rodrigueznacio@example.net,6056587587588,Masculino,2025-01-01
CL-05368,Delia Higueras Río,pujoljoel@example.org,8905457238592,fem,2023-09-21
CL-05369,Macarena Villalba-Barroso,irivera@example.org,2384783518797,Femenino,2025-07-20
CL-05370,,,5465716714720,Femenino,2023-11-11
cl_05371,Ovidio Luján Jaume,rpuig@example.net,9221268842713,Femenino,2024-10-12
CL-05372,Trinidad Óscar Burgos Camacho,jmate@example.net,5048363919258,Femenino,2025-07-11
CL-05373,Tomás Pizarro Gisbert,machadojesusa@example.net,2677095985544,Masculino,2024-07-21
CL-05374,Javiera Marqués-Villegas,arandatrinidad@example.org,8714943681622,Femenino,2024-02-05
CL-05375,Vicenta Soraya Tomas Carballo,montserratclarisa@example.org,3779767377816,Masculino,2025-07-11
CL-05376,Jose Ramón Horacio Gilabert Álamo,duriarte@example.net,+34 947 332 827,M,2024-09-02
CL-05377,Ángel Luque-Escrivá,reinaldoquintana@example.org,4901725730547,Masculino,2023-12-20
CL-05378,Miguel Ángel Carnero Díaz,luciana29@example.net,3639691272491,Masculino,2024-09-06
cl_05379,Fulgencio Rius Manrique,espanolvicenta@example.net,6263055895402,Femenino,2024-11-13
cl_05380,Pía Vega Tolosa,,9580938015544,Femenino,2025-03-06
cl_05381,Elvira Ballester,fidela12@example.net,3428625177631,Femenino,2023-12-30
cl_05382,Jose Luis Villalobos Orozco,ymerino@example.org,5265750149494,Femenino,2026-01-01
cl_05383,Darío Martín Solana,acasals@example.com,1152998456760,Masculino,2023-11-08
cl_05384,Quirino Fuente,qcalzada@example.com,5346608498073,Masculino,2025-03-18
CL-05385,,natanaelramis@example.net,8216585113934,Masculino,2025-07-01
CL-05386,Guiomar Adadia Roda,maciasisabel@example.net,7393848853556,Masculino,2025-03-03
CL-05387,Artemio Ribes Santamaria,ymarino@example.net,1182621611539,Masculino,2023-09-05
cl_05388,Tito Pina Arce,ligia31@example.net,123456,Masculino,2024-05-21
cl_05389,Luz Revilla,aguilaconstanza@example.net,0640940044572,Femenino,2025-07-11
cl_05390,Íñigo Rebollo-Gimenez,,6237443671371,Femenino,2024-07-20
CL-05391,Gustavo Arenas Moles,mireiarovira@example.com,1156183185529,Masculino,2024-06-24
CL-05392,Eva Gutiérrez-Gómez,pedroabilio@example.com,6003486315059,Femenino,2024-11-26
CL-05393,Evangelina Ledesma Campo,seve74@example.com,4092300592844,Femenino,2023-12-02
CL-05394,Dan Alcides Fiol Rivas,casanovaildefonso@example.com,0310625987845,Masculino,2025-08-01
CL-05395,Jeremías Redondo Guerrero,rosendo49@example.net,4965986844450,Masculino,2024-11-07
cl_05396,Dominga Bernat Arco,lorenamiranda@example.org,5486494534859,Masculino,2024-08-02
CL-05397,Nieves Barberá Benitez,benaventlucio@example.com,1948847880080,Masculino,2025-01-18
CL-05398,Victoriano Otero Galan,paniaguajoan@example.org,4029013418097,Masculino,2024-04-09
CL-05399,Chus Piñol Riera,teodoranadal@example.net,4620378926302,Masculino,2025-04-20
CL-05400,@Oliver,,6-123-456,Femenino,2024-01-25
CL-05401,Martina Rosa Crespo,bertoasenjo@example.net,3323239102770,Femenino,2024-08-30
CL-05402,Silvio Navarro Aguirre,hcatalan@example.com,0396921949706,Masculino,2024-10-13
CL-05403,Evelia Moya-Cortes,dvalenciano@example.com,7368324250988,Femenino,2025-05-03
CL-05404,Griselda Teruel Vizcaíno,cruz76@example.com,0707010371634,Masculino,2023-12-31
cl_05405,Camilo Gras Gomila,cmiro@example.org,0825060099752,Masculino,2025-03-04
CL-05406,Héctor Palau,jose-antonio77@example.net,4265474764052,Femenino,2023-08-30
cl_05407,Florentino Casares Benet,lucas36@example.org,5365337790384,Femenino,2025-03-07
CL-05408,Anselmo Roda,teofilo88@example.net,4162992262415,Masculino,2024-06-21
CL-05409,Guadalupe Iniesta Gaya,lucasosvaldo@example.net,7428615029047,Femenino,2025-05-09
CL-05410,Jose Miguel Ropero Flores,,2046429447436,Femenino,2024-05-27
cl_05411,Martín del Duran,reynaldoverdejo@example.net,6818697475793,Masculino,2024-12-25
cl_05412,Maricruz Yáñez,colladomerche@example.org,6-123-456,Masculino,2024-01-05
CL-05413,Tania Mata-Trujillo,flaviotrujillo@example.com,1845445637312,Masculino,2024-03-27
CL-05414,Silvio Amo,wvalle@example.org,8844515991535,Masculino,2024-03-04
cl_05415,@Oliver,zcastrillo@example.net,1791389647294,Masculino,2024-05-19
CL-05416,María Prado Pintor,armaselodia@example.com,0858205959589,Masculino,2025-07-20
CL-05417,Claudio Gimeno Bayón,fmoreno@example.net,2846912041086,Masculino,2024-09-14
cl_05418,Gonzalo Garay Galiano,nestortorrens@example.org,6493058903705,Femenino,2025-01-06
CL-05419,Rosalinda de Andrés,azaharapujol@example.net,7188963043153,Masculino,2023-10-31
CL-05420,Ana Belén Galván Villaverde,,7472471997674,Masculino,2023-11-12
CL-05421,Eusebia Peinado Mur,fcasals@example.net,6508480538536,Femenino,2025-07-29
CL-05422,Amanda Peiró Carranza,herminiocolom@example.net,9597180986107,Masculino,2024-03-02
cl_05423,Abilio Peral Izaguirre,solercatalina@example.org,2906523838954,Femenino,2024-02-22
CL-05424,Reyna Martínez-Granados,eulaliabaro@example.net,123456,Masculino,2025-05-03
CL-05425,Remedios Redondo,campoadalberto@example.net,8885570323338,Femenino,2023-10-23
cl_05426,Purificación Pina-Donaire,mcarbo@example.net,3043142421604,Femenino,2024-02-21
CL-05427,Ágata Pavón Jerez,busquetsmariano@example.org,9346001214664,Femenino,2024-06-26
cl_05428,Ester Zurita Peiró,natividad27@example.net,1365534849217,Masculino,2025-04-08
cl_05429,Sol Pagès Gelabert,gema01@example.com,9430000692500,Masculino,2024-01-13
CL-05430,@Oliver,,5846597425370,Masculino,2025-01-04
CL-05431,Débora Luque Vergara,xvalera@example.org,6644338007952,Femenino,2024-04-06
cl_05432,Cecilio Hierro,fatimasacristan@example.com,3557936847543,Desconocido,2025-08-21
cl_05433,Jose Manuel Villalobos Tomé,marino61@example.org,8053525474374,Femenino,2025-01-10
cl_05434,Calixto Galo Montoya Quintero,guadalupesalcedo@example.org,9306491330029,Masculino,2025-08-21
CL-05435,Paco Zorrilla Campillo,azahara06@example.com,7693806135142,Femenino,2023-12-14
cl_05436,Fabio Sebastián Crespi Cerro,david62@example.net,61234abc,Femenino,
cl_05437,Haroldo Baltasar Guerra Higueras,ligiavalls@example.com,6781384860776,Femenino,2024-04-24
CL-05438,Juan Pablo del Conesa,enriquelasa@example.com,2966295143557,Masculino,2024-05-23
CL-05439,Amado Tenorio Casado,luis-angel27@example.com,9025214812205,Femenino,2023-09-11
CL-05440,Ángel Goicoechea-Cobo,manuel85@example.net,0309186191554,M,2025-01-15
CL-05441,Paca Riera-Arana,severobriones@example.org,7267139363804,Masculino,2025-08-04
cl_05442,Leire del Alarcón,bbarcena@example.org,7742610414567,Femenino,2024-03-26
cl_05443,Angelino Valcárcel-Hoyos,mateuteobaldo@example.org,7861204476715,Femenino,2024-04-07
CL-05444,María Jesús Neira Parra,nico65@example.org,3015338898550,Masculino,2025-03-24
CL-05445,Sabina Losada Saavedra,medinadolores@example.com,2642759334981,Masculino,2024-08-31
CL-05446,Vidal Barrera Prado,lcepeda@example.org,0725702226430,Femenino,2025-07-13
CL-05447,Albina Gascón,zbenet@example.net,6619375833253,Femenino,2025-07-30
cl_05448,Santos Andres Barros,carrerasjuan-carlos@example.org,6-123-456,M,2025-08-25
cl_05449,Dalila Tolosa Menendez,cuellarduilio@example.com,0197850187121,Masculino,2023-09-29
CL-05450,Agustín Guzmán Ribera,,1779133616440,Femenino,2025-01-04
cl_05451,Ezequiel Aranda Murillo,sanabriaursula@example.net,6506592606431,Masculino,2024-06-09
cl_05452,Humberto de Manzano,wilfredo48@example.org,4075767336348,Masculino,2025-03-01
CL-05453,Dafne Hoz Sastre,bernardita43@example.com,6725286955128,Masculino,2024-09-27
CL-05454,Rubén de Rueda,herbertosainz@example.net,4034630337363,Femenino,2026-01-01
CL-05455,Roberto Clemente Bou Carpio,roxana39@example.org,3090894781399,Femenino,2024-05-09
CL-05456,Guadalupe Román Álvaro,marcelinomayol@example.net,7325134294281,Masculino,2025-08-08
CL-05457,Félix Expósito-Sureda,gmur@example.org,9217011010555,Femenino,2024-09-29
CL-05458,Onofre Cleto Ángel Valero,tdelgado@example.net,7101769584232,Femenino,2024-08-12
CL-05459,Joaquín Noguera Soto,horaciovalenciano@example.org,8876982485359,Masculino,2024-04-15
cl_05460,Renata del Fuentes,,123456,Femenino,2023-12-25
CL-05461,Elvira Folch-Robledo,hmartorell@example.org,6518034211988,Femenino,2023-10-15
CL-05462,Carmelo Gómez Llamas,josebastida@example.com,0571308291541,Femenino,2024-07-16
cl_05463,Cayetana Franch Pérez,fmontserrat@example.com,8758688786430,Femenino,2025-08-12
CL-05464,Amalia del Fuente,cmaldonado@example.com,4225860732392,Masculino,2024-03-22
cl_05465,Regina Aparicio-Ripoll,teofiloagullo@example.org,5173191611966,Masculino,2024-06-19
CL-05466,Seve Fabra Folch,paola13@example.net,8540884813476,Femenino,2024-12-14
CL-05467,Albino Cobo,paca79@example.com,1793870143598,Masculino,2024-12-04
CL-05468,Mariano Aranda-Rincón,fabradafne@example.com,2991086222780,Femenino,2023-09-21
cl_05469,Fabiola Diaz Aguado,kanglada@example.org,1481581201046,Masculino,2023-12-06
CL-05470,Fátima Gallego Carreño,@gmail.com,7972729732955,Masculino,2025-07-05
cl_05471,Galo de Padilla,smartinez@example.org,6901063380649,Masculino,2023-09-30
cl_05472,Mónica Sans-Mas,gnebot@example.com,6-123-456,M,
CL-05473,Ciriaco Ferrero Saura,alarconcarmelo@example.com,7834256971490,Femenino,2025-05-25
CL-05474,Sonia Ballester Carrión,samuelvina@example.org,2676450162907,Femenino,2025-07-09
CL-05475,123,vgimenez@example.net,3427528560786,Femenino,2025-01-30
cl_05476,Marcelo de Romero,gomilatadeo@example.net,1214031660527,Masculino,2023-09-22
cl_05477,Azeneth Reig Guzmán,rodriguezalexandra@example.com,0869005512490,Femenino,2024-09-09
CL-05478,Albert Pedrero Villegas,martinezhector@example.com,2337957320912,Masculino,2024-03-11
CL-05479,Benjamín Lago Carrera,cesar11@example.com,9214246706586,Masculino,2023-10-10
cl_05480,Marta Padilla,@gmail.com,2519636431220,Femenino,2025-05-12
CL-05481,Nélida Tapia Vallés,aurelianoheredia@example.com,8356703672628,Femenino,2025-02-07
cl_05482,Filomena Guijarro,ainoaterron@example.com,1212657906650,Femenino,2024-11-02
cl_05483,Ildefonso Fabra Arce,perlita72@example.net,8651726984915,Femenino,2025-03-29
CL-05484,Ibán Pablo Sala Noriega,marisol91@example.org,+34803 91 66 49,Femenino,2024-11-25
cl_05485,Matías Arnal Calderon,paula90@example.org,0901049558430,Masculino,2024-07-31
CL-05486,César Aranda Esparza,vtorre@example.com,1888105247930,Masculino,2025-08-27
CL-05487,Ana Franco Carlos,ygalan@example.org,0776220918792,Femenino,2024-06-17
CL-05488,Eva María Cervantes Guillén,alvaro02@example.com,7850896293388,fem,2025-03-26
cl_05489,Ana Belén Estévez Castro,eporcel@example.org,0639871691163,Femenino,2023-12-14
CL-05490,Guadalupe del Rincón,qquerol@example.org,2595252222886,Femenino,2026-01-01
CL-05491,Bernabé del Mora,horaciocontreras@example.org,9659712858636,Femenino,2024-03-13
CL-05492,Cornelio Santos Vázquez,qalmeida@example.net,7270277800702,Femenino,2023-12-17
CL-05493,Mauricio Guijarro Sanchez,wsoto@example.net,3092129779490,Masculino,2025-07-26
CL-05494,Aníbal Lago-Guijarro,ktellez@example.net,9234436340518,Femenino,2025-06-06
CL-05495,Cristian Vilaplana Martínez,samuel02@example.com,9683790098363,Masculino,2023-09-07
CL-05496,Apolinar Cano,mcorral@example.org,123456,Masculino,2025-08-17
CL-05497,José Luis del Crespo,rosa-maria58@example.org,0475214775454,Femenino,2023-11-13
cl_05498,Lilia Cobo Vara,gromeu@example.org,0110311283302,Femenino,2024-12-10
cl_05499,Rafa Asensio-Rios,jodarcintia@example.net,1624752396547,Masculino,2025-08-13
cl_05500,Belén Cañas Calvet,@gmail.com,9589570101849,Femenino,2024-01-04
CL-05501,Anna Calzada Gutierrez,baramburu@example.org,7671781945239,Masculino,2024-01-01
CL-05502,Juan Carlos Calatayud-Pedrero,pascualmarino@example.com,4892251289506,Masculino,2025-06-10
cl_05503,Guadalupe Vizcaíno Bayo,amayasanabria@example.org,1331635565934,Femenino,2024-12-04
CL-05504,Marta de Prats,felicidad07@example.net,4094954248387,Masculino,2025-02-20
CL-05505,Graciano Botella-Álvaro,saturnino57@example.com,4269883360579,Masculino,2025-04-25
CL-05506,Marcela Beltran Tejera,ruperta97@example.net,2743603923454,Masculino,2023-12-24
CL-05507,Inocencio Hervia-Murcia,angelinobejarano@example.net,4329127373297,Femenino,2024-02-04
CL-05508,Moreno Lluch,naranjojose@example.net,6-123-456,Masculino,2024-11-22
CL-05509,Demetrio Somoza Puig,lorenza54@example.com,0061286433265,Femenino,2023-10-19
cl_05510,Florentina Castilla Pardo,correo@.com,7187456917538,Masculino,2025-08-25
CL-05511,Maristela Porta Madrid,marianamontero@example.org,1627240011387,Femenino,2023-12-04
CL-05512,Fabio Serna Maza,marcoambrosio@example.com,5326583828101,Desconocido,2024-10-04
cl_05513,Apolinar Borrás-Salas,eliana17@example.com,3397046724807,Femenino,2024-05-12
CL-05514,Alejandro Olivares,gagusti@example.net,5566539224284,Femenino,2023-09-02
CL-05515,Nilda Barral-Muro,worozco@example.com,7602140687559,Femenino,2025-05-22
CL-05516,Marisela del Saura,cardonaespiridion@example.com,1599854143530,Femenino,2025-01-28
CL-05517,Rita Solsona Lobato,villalobosarcelia@example.org,6135577864377,Masculino,2024-05-11
cl_05518,Ester Vila Carrión,bonifacio76@example.net,9471604054251,Masculino,2023-10-21
CL-05519,Berta Serrano-Cuevas,lluna@example.com,9940273664671,Masculino,2023-09-05
cl_05520,123,,61234abc,Femenino,2025-04-07
CL-05521,Sabas Paz Talavera,paulino95@example.net,4314667178212,Masculino,2023-12-02
CL-05522,José Cuéllar,renatoaguado@example.org,4628133175923,Femenino,2025-07-20
CL-05523,Samu Uría,escolanoamelia@example.net,2055704024420,Masculino,2024-05-28
CL-05524,Julio Efraín Gómez Blázquez,xalcala@example.org,4631541851594,Femenino,2025-02-28
CL-05525,Calisto Giménez,molinanarciso@example.com,3314339406466,Masculino,2025-04-13
cl_05526,Noé Vila Peinado,emperatriz69@example.org,2597584928708,Femenino,2024-04-21
CL-05527,Felicidad Campos-Iglesias,herediaanselmo@example.org,1612535385005,Femenino,2023-11-10
CL-05528,Leocadia del Cantón,alexiglesia@example.org,0940168538488,Desconocido,2024-03-04
cl_05529,Domitila Angulo-Múgica,olalla99@example.com,1489686856240,Masculino,2023-11-24
cl_05530,Cebrián Losada Mena,tamaraaragon@example.org,9513198975649,Femenino,2025-05-15
cl_05531,Máximo Joel Hernández Baena,imoya@example.com,8187938605058,Femenino,2024-08-23
CL-05532,Gema Reyes Aznar,loreto42@example.com,6-123-456,Masculino,2023-12-12
CL-05533,Flavia Vergara Noriega,gemaesteve@example.net,1363367895177,Femenino,2025-02-12
CL-05534,Mauricio Monreal Trillo,aaron97@example.net,9277680084257,Femenino,2024-08-30
cl_05535,,piglesia@example.org,4623515146549,Femenino,2024-09-10
cl_05536,Ana Manzano Carpio,gisela06@example.com,8716024354322,Femenino,2025-05-25
CL-05537,Leticia de Somoza,elbaseco@example.net,3435798139668,Masculino,2023-10-21
cl_05538,Vicente Uriarte Trujillo,ssala@example.org,0537101981375,Femenino,2025-07-23
CL-05539,Paula Carmina Roman Cobos,chema51@example.org,3208159667137,Femenino,2023-11-13
cl_05540,Chelo Delia Puente Palau,correo@.com,7247704772351,Femenino,2025-06-25
CL-05541,Ulises Tormo Becerra,lduarte@example.net,1759205570401,Masculino,2025-03-10
cl_05542,Curro del Macias,loida88@example.com,2629866828309,Femenino,2024-01-13
CL-05543,Fernanda Ugarte-Herranz,nazaretfolch@example.com,3273022558279,Femenino,2024-11-17
CL-05544,Gema Jurado Morell,angelina64@example.net,6-123-456,fem,2024-08-27
CL-05545,Adelia Porta,mcanales@example.net,7998203539220,Masculino,2025-08-09
CL-05546,Guadalupe de Alegria,sgimeno@example.org,2555861596323,Femenino,2024-05-20
CL-05547,Eutimio Arribas Jordán,carbonellfortunato@example.org,6635489691611,Femenino,2023-09-20
CL-05548,María Carmen Zaida Madrid Paz,qsaldana@example.org,7457290568823,Femenino,2025-01-07
CL-05549,Eutimio Sureda-Pedro,aordonez@example.org,2188827432353,Femenino,2024-12-19
CL-05550,,ritarosell@example.org,4926167098769,Femenino,2024-02-10
cl_05551,Lorenzo de Rubio,barrosrafa@example.com,3646155279535,Femenino,2024-01-04
cl_05552,Lina Tello,giraltamor@example.net,2866499301783,Femenino,2025-08-26
cl_05553,Emperatriz Sancho Casado,elodiabaena@example.net,2575667310917,Femenino,2023-09-30
cl_05554,Leoncio Espinosa Lucas,alamocelestino@example.com,7565317049088,Masculino,2024-09-23
CL-05555,Lucho Belda Pujol,jcervera@example.net,6458872506818,Femenino,2025-05-31
CL-05556,Melania Granados Casas,joveiban@example.com,61234abc,Masculino,2023-11-25
CL-05557,Custodio Espinosa Larrañaga,montserratpomares@example.com,2214169439483,Femenino,2024-11-30
CL-05558,Marco Damián Acosta Pareja,agustintono@example.org,0847733592528,Masculino,2024-10-18
CL-05559,Sandra de Mena,florentina00@example.net,8756861618399,Femenino,2024-07-21
cl_05560,Rubén Higueras Solera,,2474495358442,Femenino,2023-11-29
cl_05561,Jafet Iniesta-Reyes,efrain24@example.com,5092786090906,Masculino,2025-02-18
cl_05562,Gilberto Durán,socorro24@example.net,8401882363407,Masculino,
CL-05563,Ruben Collado Agudo,valerio51@example.com,6709818671697,Femenino,2024-01-30
CL-05564,Timoteo Pinto Herranz,toribio37@example.net,2473445025650,Masculino,2024-11-12
cl_05565,123,elpidiorecio@example.net,3217436963559,Masculino,2024-10-10
CL-05566,Francisca Talavera-Santiago,evarela@example.net,9567355108928,Femenino,2024-01-16
CL-05567,Goyo Javi Garzón Ribera,rebecacanas@example.org,3810470419500,Masculino,2024-06-20
CL-05568,Adelardo Peralta Luna,glaucoprieto@example.com,6-123-456,fem,2024-07-01
CL-05569,María Pilar Bernal Peral,severianoescalona@example.net,7796609490016,Masculino,2025-06-27
CL-05570,Jose Mayo Vicens,@gmail.com,1814712671392,Masculino,2024-08-24
CL-05571,Delfina Tania Galiano Arias,tmelero@example.org,0196433105268,Masculino,2024-08-30
cl_05572,María Ojeda Salmerón,danilo55@example.org,5537130787277,Masculino,2023-10-10
CL-05573,Maricela Maura Amores Llopis,vnoriega@example.com,0635115123333,Femenino,2024-07-18
cl_05574,Chus Plácido Caparrós Zamorano,carlos80@example.com,7054846728739,Masculino,2024-05-03
CL-05575,Ana Sofía Granados Gómez,priscila68@example.com,9328766214809,Femenino,2024-03-07
CL-05576,Isidora del Quintanilla,eutimio15@example.com,8348249206043,fem,2024-02-21
cl_05577,Gracia Benavent Roldán,fabregashipolito@example.net,3791286896785,Masculino,2024-04-23
CL-05578,Rufina Leyre Carrasco Salas,encarnacion73@example.net,9611559239988,Masculino,2024-07-07
CL-05579,Emperatriz del Exposito,cpujol@example.com,8440742254175,Masculino,2025-03-09
CL-05580,Rosalía Barbero Verdugo,,+34 885 812 547,Masculino,2026-01-01
CL-05581,Azeneth Pazos Pozo,martinroberta@example.com,3981981800944,Masculino,2024-10-28
CL-05582,Salvador Fabregat-Casanovas,valeramacarena@example.org,8926186660619,Femenino,2024-11-01
CL-05583,Gastón Trujillo Menéndez,salud02@example.net,9697025030771,Femenino,2023-11-04
CL-05584,Alfonso Echeverría Carbó,allertamara@example.com,8546597264062,Femenino,2024-11-30
CL-05585,Paulino Alvarado Tudela,enriquegimenez@example.net,1575143582604,Femenino,2024-02-28
cl_05586,Amaya Alonso Mancebo,eliasleandro@example.com,7675203185795,Femenino,2024-12-30
CL-05587,Amador Coloma Amaya,zbilbao@example.org,3173522173768,Masculino,2024-05-26
CL-05588,Clara Ochoa Bertrán,crivero@example.net,2114933676825,Masculino,2024-10-21
CL-05589,Prudencia del Narváez,maribel73@example.net,3175952713709,Masculino,2025-05-31
cl_05590,Javiera Conde Escolano,correo@.com,0172134125213,Masculino,2024-07-03
cl_05591,Melania Alfonso Alfonso,emma08@example.net,2531065485285,Femenino,2025-07-08
cl_05592,Natalio Pérez Vila,llopisdavid@example.org,+34 735 674 883,Femenino,2023-11-29
cl_05593,Enrique Solsona,flastra@example.org,8371310806478,Femenino,2024-01-09
CL-05594,Macaria Prieto Donaire,julianmarciano@example.org,3820290978456,Masculino,2025-01-24
CL-05595,Noa Barreda Bas,rodolfo33@example.org,5681623961721,Masculino,2025-03-28
cl_05596,José Manuel Peralta Arteaga,galaescribano@example.com,4017312878142,Masculino,2025-02-07
cl_05597,Álvaro Pelayo,tristan60@example.net,0152911417331,Femenino,2024-05-16
CL-05598,Salomé Terrón Cornejo,caparrossamu@example.net,0698669018358,Femenino,
CL-05599,Seve Marcos Iborra,luciana60@example.org,3225283189372,Femenino,2024-01-30
cl_05600,Vasco Galindo Angulo,,6617861617149,M,2024-09-12
CL-05601,Azucena Vilalta,juliana05@example.net,5677576306979,Femenino,2025-04-19
CL-05602,Nicolás Azorin,claudia57@example.net,7725713446511,Masculino,2023-12-26
CL-05603,Aurelio Morán Mayo,jcampoy@example.org,9381235737045,Femenino,2025-06-25
CL-05604,Germán de Arroyo,baenahortensia@example.com,61234abc,Femenino,2023-11-15
cl_05605,Olivia Andrés,lucilaborrego@example.org,8360142095749,Femenino,2024-01-05
CL-05606,Abilio Alarcón Alcaraz,carballolino@example.com,1300655546194,Masculino,2024-11-24
CL-05607,Salvador Ferrán Torrijos,cadenasambar@example.com,8738132654843,Masculino,2025-06-08
CL-05608,Chita Barranco Cruz,blasruiz@example.net,8217453454124,fem,2024-09-15
CL-05609,Genoveva de Leiva,bartolome58@example.com,5141039982161,Masculino,2025-06-02
CL-05610,@Oliver,correo@.com,1396527648675,Masculino,2024-07-21
CL-05611,Ainara Velasco Peinado,delfinafeijoo@example.org,8399201055936,Femenino,2023-11-30
cl_05612,Miguela de Capdevila,riberaamparo@example.org,3265176959812,Femenino,2024-06-19
CL-05613,Antonia Lina Guillen Barral,felicia62@example.net,4452077965239,Masculino,2025-05-31
cl_05614,Pepe Aguado-Tomas,pastoraneira@example.net,9350773654418,Femenino,2024-04-24
CL-05615,Sosimo Barrio Calleja,barrosobrunilda@example.com,2913713701881,Femenino,2025-07-27
CL-05616,Amor Acuña Sevillano,olivia98@example.com,61234abc,M,2025-04-27
CL-05617,Palmira Cañizares Tejero,millangertrudis@example.org,1405029324224,Femenino,2024-08-19
cl_05618,Belen Gálvez,leonel18@example.net,6281044328994,Masculino,2023-09-21
cl_05619,Germán Urrutia,nochoa@example.net,2708713787119,Masculino,2024-07-10
cl_05620,Dionisia del Buendía,fabiangalvez@example.net,4733594573284,Masculino,2024-06-25
CL-05621,Susanita Cerezo Lladó,saturninozamorano@example.net,8839040420373,Femenino,2023-09-27
CL-05622,Inmaculada Díez Coll,xjerez@example.com,9430515153734,Femenino,2024-01-29
cl_05623,Andrés Felipe Bárcena Millán,curro82@example.com,8057462987525,Femenino,2024-03-30
CL-05624,Flavia Palomo,rsarabia@example.net,3712495167638,fem,2024-01-05
CL-05625,,juliana89@example.com,2906267609655,Masculino,2024-09-17
CL-05626,Wálter Vidal Prat,luciogalvan@example.net,7638488941265,Femenino,2023-12-22
CL-05627,Félix Fuente Jiménez,desideriopinedo@example.net,5141579640092,Femenino,2024-01-12
cl_05628,Jesusa Saavedra-Figueras,proma@example.org,6-123-456,Femenino,2025-04-30
CL-05629,Victor Blanch Salas,sanaya@example.com,9183440389699,Masculino,2024-07-05
cl_05630,Vasco Ibañez Anglada,@gmail.com,2949073991113,Masculino,2025-01-07
CL-05631,Marita Gimenez Barriga,villarsonia@example.com,8109896042025,Masculino,2024-09-05
CL-05632,Graciano Alonso Quero Ramis,hfrutos@example.org,0106207978826,M,2023-12-12
CL-05633,Carmina Uría,arrietamaximiliano@example.org,1914109382471,Femenino,2024-03-20
CL-05634,Tomasa Miguel Grande,cruz63@example.net,0006573355591,Femenino,2024-11-11
cl_05635,Severino Escudero Arranz,ximenarios@example.org,2206795171453,Masculino,2023-10-21
CL-05636,Anselmo Luque Rosa,adelia26@example.com,9162196814896,Masculino,2025-01-09
CL-05637,Andrea Bauzà Pascual,aranzazu17@example.com,0465643928916,Masculino,2025-02-10
cl_05638,Merche Olivares Juliá,gcuesta@example.org,0248747355022,Femenino,2024-06-03
CL-05639,Verónica de Sotelo,gustavopalau@example.com,9701005373951,Femenino,2023-10-02
CL-05640,@Oliver,,+34843 919 266,fem,2024-04-09
CL-05641,Juan Ramis Lloret,castroamado@example.com,3235082933148,Femenino,2024-02-15
CL-05642,Domingo Quintanilla-Pol,sbatlle@example.com,1086870101891,Masculino,2025-08-23
CL-05643,Efraín Leon Quevedo,calista37@example.org,6236502451988,Femenino,2024-09-22
CL-05644,Nicanor Arce,marisarevilla@example.net,1749791992941,Masculino,2023-09-09
CL-05645,Genoveva Remedios Tur Raya,ptrillo@example.com,4304209061831,Masculino,2024-06-04
cl_05646,Joel Nebot Uribe,luzanna@example.com,7987227712330,Masculino,2024-03-25
CL-05647,Marisela Maxi Bernat Morillo,rupertabru@example.net,7719065723717,Masculino,2024-02-12
CL-05648,Severino Iborra-Calvet,rosnicanor@example.org,0566146385501,Femenino,2025-02-17
cl_05649,Rolando Salcedo Coca,xmenendez@example.com,0162536998741,Masculino,2024-08-03
CL-05650,Manu Jaime Casanovas Sotelo,,9932091519293,Femenino,2024-03-05
CL-05651,Rosendo Badía Pulido,eugenioalfonso@example.com,2281013452944,Femenino,2025-03-24
CL-05652,Andrés Felipe Cobos-Mora,molinerseve@example.com,6-123-456,Femenino,2026-01-01
CL-05653,Tadeo Abascal-Cabo,izquierdoflorina@example.net,8302661786664,Masculino,2024-10-22
CL-05654,Hermenegildo Campo Ferreras,echeverriamorena@example.org,8461590427095,Femenino,2024-09-15
CL-05655,@Oliver,manuelita67@example.org,5491220643680,Masculino,2025-04-25
cl_05656,Teófilo Galván Ibáñez,fescriva@example.net,1440370460142,Masculino,2024-11-02
cl_05657,Bautista del Botella,francisco86@example.net,3160865172237,Femenino,2023-12-20
CL-05658,Ale Velázquez Madrid,yfranco@example.com,6063892753452,Femenino,2024-09-01
cl_05659,Ester Trini Quirós Guitart,ocasanovas@example.net,0180865225109,Masculino,2024-08-03
,Serafina Sanmiguel Pinedo,correo@.com,9572778200866,Femenino,2025-02-21
CL-05661,Ofelia Barranco-Gimeno,eliseo38@example.net,4750512900659,Femenino,2025-01-14
CL-05662,Manuel Rebollo-Paredes,wribas@example.org,7587373479787,Masculino,2025-05-08
cl_05663,Felicidad María Ángeles Mínguez Bernal,agustina80@example.com,2174862087193,Femenino,2024-11-24
CL-05664,Valerio Valbuena Garrido,luciano15@example.net,+34874 07 89 61,M,2025-03-21
CL-05665,Arturo Priego Tello,jmarquez@example.org,6439391827965,Masculino,2023-12-27
CL-05666,Albino Soriano,adolforeig@example.net,7915870572410,Femenino,2024-07-28
CL-05667,Rosalva Cózar Vilalta,carpiomariana@example.net,1669288786084,Femenino,2024-05-14
cl_05668,Cintia Ferreras Vázquez,zorrillacatalina@example.net,3722940064605,Masculino,2024-03-12
CL-05669,Andrés Felipe Larrea Alcántara,dmora@example.org,1904067423629,Masculino,2023-11-29
cl_05670,123,,9797753712791,Femenino,2026-01-01
CL-05671,Asdrubal Hervia-Suarez,tfeliu@example.org,4975163963965,Femenino,2023-12-14
CL-05672,Arturo Ibarra Coronado,piedad00@example.net,0474471803139,Masculino,2025-05-08
cl_05673,Heriberto Aitor Santamaría Pereira,cidmerche@example.com,8402858731137,Femenino,2024-09-25
CL-05674,Humberto Robledo Esparza,kalcantara@example.org,8155118086997,Femenino,2025-06-16
CL-05675,Ximena Merino Priego,palmaadoracion@example.com,5177674049419,Masculino,2025-02-19
CL-05676,Pedro Collado Flores,fyanez@example.com,6-123-456,Masculino,2025-06-08
cl_05677,Eloísa Casado Guerra,abrahamdiez@example.net,7533027854822,Femenino,2023-09-15
CL-05678,Vicenta Franco Alegria,nazaretmerino@example.com,5071960974686,Masculino,2025-06-20
CL-05679,Encarna Ordóñez,lorenza84@example.org,5101380330597,Femenino,2023-10-09
cl_05680,Simón Rolando Blázquez Mesa,,6013259791837,Masculino,2024-01-07
cl_05681,Alicia Revilla Gisbert,ucoca@example.org,6710373220865,Femenino,2023-11-12
cl_05682,Adolfo Acero Maldonado,balduinoreig@example.org,5131860383917,Femenino,2024-03-14
CL-05683,Cloe Carreño Barón,rafaelaperera@example.net,8240673147496,Masculino,2025-03-02
cl_05684,Mariana Casares Bonet,ppujol@example.net,9906198200407,Femenino,2024-11-08
CL-05685,Kike Baró Ibáñez,jose-franciscoibarra@example.com,4128389299635,Femenino,2025-03-06
cl_05686,Calista Pizarro Meléndez,reyna56@example.org,7877800222165,Masculino,2024-01-26
cl_05687,Marina Bautista Ibáñez,mazaapolinar@example.net,4968386485463,Masculino,2025-01-24
CL-05688,Áurea Aroca Frías,felicidadfernandez@example.org,+34 877 881 425,fem,
cl_05689,Maribel Carmona-Canet,ibancalderon@example.net,6679384718447,Masculino,2025-01-16
cl_05690,Pablo Albert Barroso Gámez,correo@.com,1094718101381,Femenino,2025-06-16
CL-05691,Felicidad Anglada Franco,epages@example.net,4070992416472,Femenino,2024-05-09
CL-05692,Palmira Valverde Rivas,abrilzabala@example.net,3497288993021,Femenino,2025-06-05
cl_05693,María Manuela Gutierrez Cordero,marita45@example.com,2849369779804,Femenino,2024-08-03
CL-05694,Íñigo Torrents Hervás,fuentesosimo@example.com,8948965586265,Masculino,2024-10-08
CL-05695,Socorro Castellanos Castro,merchehurtado@example.org,8216741455943,Femenino,2024-03-25
CL-05696,Isaías Cervera Lobato,atienzaestrella@example.net,6184600357582,Desconocido,2025-08-08
CL-05697,Eugenia Montenegro Porras,severinoroda@example.com,0793365311767,Femenino,2024-09-04
CL-05698,Eugenia Capdevila Torrijos,rosaliaballesteros@example.net,4583669440027,Femenino,2024-11-03
cl_05699,Reyes Leal Gascón,irenesalvador@example.com,6314303734745,Masculino,2024-03-24
cl_05700,123,correo@.com,6-123-456,Masculino,2024-03-01
CL-05701,Gilberto Alcázar Marti,kcalatayud@example.com,3836779259316,Masculino,2024-02-21
CL-05702,Zaira Barceló Salinas,fontvenceslas@example.net,7968196915643,Masculino,2024-11-27
CL-05703,Edmundo Roldán Rincón Dalmau,andresjose-mari@example.com,4976795396252,Femenino,2023-10-28
CL-05704,Nicolasa Baró,hcerda@example.org,5849451365156,Masculino,2024-12-25
CL-05705,Débora Jiménez Acosta,diazmanu@example.net,7580511744191,Femenino,2025-06-06
cl_05706,Francisco Javier González,rtalavera@example.net,2463470517422,Femenino,2026-01-01
CL-05707,Cruz Blanca Alba,jose-manuelsalmeron@example.com,2654379888056,Femenino,2024-06-08
CL-05708,Plinio Ferrando Costa,margaritamariscal@example.com,0371215362971,Masculino,2024-05-12
CL-05709,Mateo Sergio Mata Batalla,solanapaloma@example.net,9788857358957,Masculino,2025-07-19
cl_05710,Noelia Escolano Macias,,8683086574752,Masculino,2025-01-23
cl_05711,Mariana Ribes-Gárate,gustavo37@example.org,5081964952303,Masculino,2025-06-18
cl_05712,Lourdes Tejero-Pujadas,fernando59@example.org,123456,M,2025-04-30
CL-05713,Antonio Castells Sobrino,lhoyos@example.org,7525926675304,Masculino,2024-05-08
CL-05714,Damián Posada-Ferrándiz,luis-miguel92@example.com,7502297215459,Masculino,2024-01-04
CL-05715,,godofredo51@example.com,8083758472148,Femenino,2024-05-30
cl_05716,María Cristina Valls Figueras,miguelconcepcion@example.net,9299260785030,Masculino,2025-06-12
cl_05717,Febe Palacio Nogués,xbenitez@example.net,6951741207851,Femenino,2024-10-15
cl_05718,Florentino Martí,carmelitacarbonell@example.net,0075644019246,Femenino,2024-01-20
cl_05719,Maura Martin Bolaños,umanrique@example.com,9628167345962,Masculino,2024-09-04
,Leocadio Marcial Antúnez Rodrigo,correo@.com,0423049384275,fem,2025-02-20
CL-05721,Dionisia Torre Izquierdo,ramona39@example.com,9386584168613,Femenino,2023-10-18
CL-05722,Manuela Puga Bilbao,leivamaximiliano@example.net,6877756895773,Masculino,2024-09-13
CL-05723,Rogelio de Chacón,rleal@example.net,7090091388915,Femenino,2025-05-17
cl_05724,Ovidio Marín Noguera,raquel00@example.org,6-123-456,Femenino,
CL-05725,Calisto Tejedor Murillo,aurelio64@example.net,4544508764113,Masculino,2025-04-02
CL-05726,Antonio Marín Cortes,aguilarconstanza@example.org,3349716412736,Femenino,2025-02-26
CL-05727,Tomás Barros Ruano,ruperto31@example.net,3095479888539,Masculino,2024-06-08
CL-05728,Ariel Vara Marqués,sevesosa@example.com,4488211049855,fem,2025-04-20
cl_05729,Blanca Arregui Martínez,scorbacho@example.org,6202651300602,Femenino,2025-06-30
cl_05730,Dimas Garay,correo@.com,0398596263757,Femenino,2024-01-29
CL-05731,Esther Bustos Rovira,bernatseveriano@example.net,1332331886284,Masculino,2024-07-20
CL-05732,Julián Rebollo Alberola,brobledo@example.net,5421212014309,Masculino,2023-11-16
CL-05733,Pepita Celestina Rosado Madrid,alemanyhugo@example.net,8168691871794,Femenino,2025-06-27
CL-05734,Eloy Roca Silva,villaloboscintia@example.com,1420793278038,Masculino,2024-07-02
CL-05735,Flor Cuadrado-Corral,teresitagimeno@example.com,3735060956744,Masculino,2025-06-22
cl_05736,Etelvina Andreu Revilla,casandraespanol@example.com,+34883 88 82 59,M,2023-09-03
CL-05737,Irma de Ramos,cvillalonga@example.com,4133641961844,Masculino,2024-08-21
cl_05738,Adora Ballesteros,rosalina88@example.net,7698581191985,Masculino,2024-03-14
CL-05739,Florencia Expósito-Arnal,edgar75@example.org,0724270920540,Masculino,2024-11-13
CL-05740,Calixta Barrios León,,0244624690583,Femenino,2025-04-15
CL-05741,Loreto Uriarte Suárez,maximino03@example.org,3607256348128,Masculino,2023-11-22
CL-05742,Rafael Dominguez Fortuny,casandrapereira@example.com,3735285244016,Masculino,2025-07-01
cl_05743,Felix del Sanmartín,carmina30@example.net,4445294051941,Masculino,2023-10-01
CL-05744,Cleto Salcedo Riera,carromarcial@example.net,1436943074705,Femenino,2024-11-27
CL-05745,,wleon@example.com,0460091611151,Masculino,2025-08-21
CL-05746,Vasco Villegas Arias,verdurodrigo@example.org,9015175915721,Femenino,2023-09-19
cl_05747,Teo Luna,zjimenez@example.com,6435743783660,Masculino,2024-11-21
cl_05748,Macarena Morena Paz Prado,gperal@example.org,123456,Femenino,2024-08-29
cl_05749,Sergio Iñiguez,blancaleocadia@example.org,0750295291434,Femenino,2023-09-18
CL-05750,Hernando Soria,ricartrolando@example.net,4443796403890,Femenino,2023-12-13
CL-05751,Javier Segarra Sala,tpelayo@example.net,8359541268904,Masculino,2024-11-11
CL-05752,Rodolfo Palomino Mínguez,galo97@example.org,8377796925021,Femenino,2025-07-28
CL-05753,Brígida Cabeza Ropero,leonor89@example.net,7504786196118,Masculino,2024-11-04
cl_05754,Araceli Pavón Expósito,dianaanguita@example.net,6414291091520,Femenino,2023-09-06
CL-05755,Pascuala Millán,manolaperera@example.com,5235721920223,Masculino,2024-06-06
CL-05756,Gil Roca,irodenas@example.org,3030579332377,Femenino,2025-07-22
CL-05757,Bernardita Cuenca Pelayo,cluz@example.com,3521838386843,Masculino,2025-04-06
CL-05758,Nazaret Pérez Bermudez,alcidesalmeida@example.net,4834678600107,Femenino,2024-02-01
CL-05759,Consuelo Castells Tormo,iris24@example.net,5395223220999,Masculino,2025-05-16
cl_05760,123,@gmail.com,123456,Femenino,2026-01-01
CL-05761,Juan Luis Sales Verdú,renata44@example.net,1311443048499,Femenino,2024-01-20
CL-05762,Hilario Juan Antonio Clemente Torrens,agustinpelaez@example.org,5145220804044,Femenino,2023-11-22
CL-05763,Dan del Carvajal,saturnino55@example.com,8911735627444,Femenino,2024-02-03
CL-05764,Débora Quintana Villalba,becerraolalla@example.com,7036998821348,Masculino,2025-06-24
CL-05765,Jose Miguel Prado Ojeda,iborrarene@example.org,5884417474046,Femenino,2025-08-03
CL-05766,Abilio Asenjo Arco,kmartin@example.com,0175921909433,Masculino,2023-11-21
CL-05767,Gustavo Ramis Blanes,andresisidro@example.com,6218002209281,Masculino,2024-04-26
CL-05768,Maximino Verdejo Hernando,herminiovillena@example.net,5433472173510,fem,2025-01-14
CL-05769,Lorena Agullo Tejedor,ogimenez@example.com,3951735495157,Femenino,2024-10-08
CL-05770,René Escolano Gordillo,correo@.com,1734073782014,Masculino,2023-09-04
CL-05771,Jesús Manzano,hperal@example.com,7087893892304,Masculino,2025-02-23
cl_05772,Trinidad Becerra Figueras,jestrada@example.net,61234abc,Masculino,2025-06-01
CL-05773,Lucas Losa Cuesta,etorrens@example.org,0126264797189,Femenino,2023-10-07
cl_05774,Che Alonso Daza,nadiamendoza@example.net,1688047919381,Femenino,2023-08-31
CL-05775,123,anselmoberenguer@example.net,0210520745875,Femenino,2024-07-25
CL-05776,Amalia Asensio Guitart,guzmanulises@example.org,5062897422578,Desconocido,2025-04-12
cl_05777,Miguela Carbonell Sanz,estevezflorinda@example.org,5737937034194,Masculino,2024-11-12
CL-05778,Verónica Ripoll Novoa,pili46@example.net,9631726503732,Masculino,2026-01-01
CL-05779,Raquel Arrieta Farré,chita54@example.org,6616073519310,Masculino,2025-06-19
cl_05780,Josefa Gabaldón,,1447418154348,Femenino,2024-05-06
CL-05781,Chus Cano Alcázar,pliniocampos@example.net,2392753785736,Masculino,2024-05-09
CL-05782,Carmelita Recio Alfaro,charocases@example.com,9039016906203,Femenino,2024-12-04
cl_05783,Nazaret Valbuena-Flor,nicolasdionisio@example.net,0077073289014,Masculino,2024-02-10
CL-05784,Brígida Fabregat-Durán,ralcantara@example.com,123456,M,2024-06-04
CL-05785,Pastor Costa Román,jpelaez@example.net,7746484799380,Masculino,2024-02-14
cl_05786,Pancho Moya Checa,fidelpavon@example.net,0782153844519,Femenino,2023-09-02
CL-05787,Epifanio Tur Solé,fioljorge@example.net,5426576437361,Masculino,2025-03-04
CL-05788,Marc de Lorenzo,cleto69@example.com,7457691434109,Masculino,2025-03-30
CL-05789,Jose Francisco Alegre Esteban,alexandramancebo@example.org,1411776106812,Masculino,2024-06-23
CL-05790,@Oliver,,1797644045153,Masculino,2023-11-05
CL-05791,José María del Colomer,benigno55@example.net,1972569128831,Masculino,2024-11-21
CL-05792,María Serna Guitart,trinimanrique@example.org,7646532353064,fem,2024-06-23
CL-05793,Martín Manzanares Pedrosa,mariana34@example.org,2784352620779,Masculino,2024-09-30
CL-05794,América Quirós Donaire,esole@example.net,3424404501671,Masculino,2024-08-04
CL-05795,Jacinta Anguita Nebot,pinarocio@example.com,8154899319664,Masculino,2024-01-06
CL-05796,Dan Simó Agullo,mcerezo@example.net,123456,Femenino,
cl_05797,Eliana Tirado Girona,vbayona@example.net,0070431995683,Masculino,2024-02-29
CL-05798,Leopoldo Martín Revilla Jáuregui,pedrobeltran@example.net,2630935926870,Masculino,2024-09-01
CL-05799,Isidro Vélez-Rebollo,elisabet39@example.net,3284374348605,Masculino,2025-03-06
cl_05800,Berta Manzanares Ortiz,correo@.com,5422957901978,Desconocido,2025-08-14
CL-05801,Víctor Cárdenas Olivares,edelmiro83@example.com,4656329631051,Femenino,2023-10-05
cl_05802,Jessica Maza-Tomas,bgrande@example.com,9410314839719,Masculino,2025-02-26
CL-05803,Toni Ponce Puga,hector61@example.com,5311763832402,Femenino,2024-09-23
CL-05804,Sergio Adrián Tejedor Royo,candelacalzada@example.com,9366827515737,Masculino,2025-03-04
CL-05805,,reinaldomarin@example.com,6396943115185,Masculino,2025-06-04
cl_05806,Andrés Felipe Agustí Rodrigo,monicapozo@example.org,4609700313634,Femenino,2023-11-15
CL-05807,Fabiola Francisco Sáenz,paulina26@example.org,9503584206183,Masculino,2025-08-04
CL-05808,Cebrián del Chamorro,casemirogras@example.org,123456,M,2023-12-11
cl_05809,Ascensión Reig Jove,mateosdebora@example.org,6244414339624,Masculino,2024-11-21
CL-05810,Aarón Vilar-Ibáñez,,2329302358176,Femenino,2024-03-31
CL-05811,Lina Arnau-Tudela,palmerpanfilo@example.org,5708728593316,Masculino,2024-08-31
CL-05812,Melania Piñeiro Valls,nicanorcobos@example.org,7933381915887,Femenino,2025-08-28
CL-05813,Elodia Aparicio Fiol,almavalera@example.net,5766883670744,Femenino,2024-10-07
cl_05814,Delfina Rivero,acastell@example.org,0350555579632,Masculino,2024-08-31
CL-05815,Custodia Navarro,ramona03@example.org,7137286348110,Masculino,2024-08-04
CL-05816,Mónica de Miguel,epifanio24@example.org,5226894787694,M,2024-06-21
CL-05817,Ulises Zapata-Botella,ainara55@example.net,1453688329722,Masculino,2025-08-02
CL-05818,Eligia Carlota Alegre Gómez,ballesteroseva@example.org,7985171345346,Femenino,2024-08-23
CL-05819,Curro de Lladó,adan97@example.net,3802126297725,Femenino,2024-04-08
CL-05820,,correo@.com,123456,Femenino,2023-09-28
CL-05821,Agustín Mariscal Robledo,griseldasala@example.net,0416632543717,Masculino,2024-12-05
CL-05822,Ambrosio Raúl Cabeza Lastra,gonzalo60@example.com,8869672464060,Femenino,2024-02-09
CL-05823,Ricarda Miró Cabeza,paulina39@example.com,3648264776013,Femenino,2024-03-07
CL-05824,Xiomara Maricruz Barroso Blázquez,gelabertepifanio@example.net,4038813281309,M,2023-11-02
CL-05825,Toribio del Quiroga,canasnereida@example.net,5478945507317,Masculino,2025-05-30
CL-05826,Agapito Mateu,german88@example.org,6667859565892,Femenino,2024-05-04
CL-05827,Custodia de Pereira,azconacesar@example.net,1889601198299,Femenino,2024-03-31
CL-05828,Amador del Sanchez,tgilabert@example.com,2242204130625,Masculino,2024-04-27
CL-05829,Graciano del Río,porfirio30@example.org,3037698398001,Masculino,2024-01-06
cl_05830,Ainara Esparza Paredes,correo@.com,2059522592282,Femenino,2025-03-10
cl_05831,Eric Guillén Arnal,ezequielolive@example.com,5630920826313,Masculino,2025-05-04
CL-05832,Reynaldo de Falcón,torrecillaruperta@example.com,+34 924 723 882,Desconocido,
CL-05833,Constanza Polo Luz,albanomorata@example.com,6011210652184,Femenino,2024-08-25
CL-05834,Delia Palomo-Fábregas,agapito94@example.net,1935023607656,Masculino,2025-01-25
cl_05835,@Oliver,vgarcia@example.org,2669200478886,Femenino,2025-02-12
CL-05836,Rocío Vicens Bertrán,vguardiola@example.com,0044671084015,Femenino,2023-11-17
cl_05837,José María Sobrino Saura,mporras@example.org,4910235562707,Masculino,2023-11-15
CL-05838,Geraldo Silvio Caballero Gimenez,zcanales@example.org,7162261607092,Masculino,2024-10-26
cl_05839,Isidoro Mayoral Gómez,franchsofia@example.net,0250939789973,Masculino,2025-05-25
CL-05840,Felix Sanmiguel Manzanares,@gmail.com,2047320649059,Desconocido,2025-06-24
CL-05841,Jacobo Pascual Sierra,gamezana-sofia@example.com,1438936499210,Femenino,2025-04-18
CL-05842,Máxima Peralta Porras,dtamarit@example.org,4342396099202,Masculino,2024-09-05
CL-05843,Nando Badía Sotelo,barrosodiana@example.org,3619006984088,Masculino,2023-12-04
CL-05844,Begoña Juliana Anaya Ordóñez,jfalcon@example.net,61234abc,Masculino,2025-04-12
CL-05845,Cebrián Cantón Garay,moraroberto@example.net,2565307320822,Masculino,2024-08-29
cl_05846,Abigaíl Noguera-Espada,nieves11@example.net,7098609726146,Femenino,2023-09-30
CL-05847,Emiliano Mosquera Larrea,pastormalena@example.com,2597671769517,Masculino,2025-07-05
cl_05848,Alondra Domingo Maestre,gironaale@example.net,1908596551388,Femenino,2025-08-27
cl_05849,Leonor Amanda Gaya Bonilla,dbelda@example.net,6585172273360,Femenino,2024-06-02
cl_05850,@Oliver,walter91@example.net,8255840399677,Masculino,2026-01-01
cl_05851,Aurelia Morell Lasa,albina39@example.net,4610601206890,Femenino,2024-02-25
CL-05852,Lupita Arana Escribano,segismundosaura@example.org,8961666404770,Masculino,2024-08-17
CL-05853,Segismundo del Galán,geronimocasanova@example.net,5857874424206,Masculino,2023-09-15
CL-05854,Eloy de Quintanilla,psalom@example.net,7002235580951,Femenino,2025-04-17
CL-05855,Anacleto Chaparro Vara,eheras@example.org,5161549025298,Femenino,2025-07-28
CL-05856,Modesta del Segura,ema15@example.com,6-123-456,Desconocido,2024-10-21
CL-05857,Nilda Puente Soler,celestina79@example.com,0723152243908,Femenino,2023-10-15
CL-05858,Feliciana Lopez Roca,rosalia49@example.net,5086886150607,Femenino,2023-11-29
CL-05859,Esther Garcia Peláez,angeles48@example.org,8069925879197,Masculino,2024-04-05
,Nilda Dávila Amaya,,3111229881502,Femenino,2024-12-10
cl_05861,Gisela de Maldonado,perlitagalindo@example.com,4240504260301,Masculino,2024-08-23
CL-05862,Ricardo de Aguirre,wvaquero@example.net,5079698875924,Masculino,2025-03-19
CL-05863,Áurea Gaya Girón,franciscocamino@example.com,6881756858097,Femenino,2024-05-18
CL-05864,Simón Echevarría-Samper,dalilaroca@example.net,5049350695547,fem,2024-01-13
CL-05865,@Oliver,genoveva18@example.org,6398228291719,Femenino,2025-03-13
CL-05866,Celia Torralba-Chaves,rodenasvalentina@example.com,9636147591337,Femenino,2024-04-28
CL-05867,José Pomares Tudela,jesusapatino@example.net,6112728857012,Masculino,2024-08-06
CL-05868,Esperanza Marin,villaramando@example.com,61234abc,Masculino,
cl_05869,Jose Carlos Alcalde,elodiabarco@example.net,8935881798745,Femenino,2025-02-23
CL-05870,Lupe Ramos-Almeida,@gmail.com,9735550357501,Femenino,2025-04-21
CL-05871,Artemio Molina Gomez,jbou@example.com,4746112888202,Masculino,2024-10-18
CL-05872,Felipe Segura-Cuevas,rolandoraya@example.org,6795027890968,Desconocido,2024-03-10
cl_05873,Nieves Soler Cases,qnicolas@example.com,0945159918795,Femenino,2025-02-10
CL-05874,Melchor Dueñas Arnaiz,wilfredoposada@example.com,1457576399800,Masculino,2025-08-04
CL-05875,Guadalupe Delgado Esteve,lcanellas@example.com,7693308643320,Femenino,2025-07-20
CL-05876,Cesar Rios Palomares,cramirez@example.org,4871187148612,Femenino,2024-05-02
cl_05877,Rolando Tomas Pomares,pacotellez@example.org,9292902447348,Femenino,2024-04-13
CL-05878,Gerónimo Calleja Cabrero,marianodomenech@example.org,4902696755730,Masculino,2025-07-30
CL-05879,Nereida Carreras-Gomila,bernabepino@example.com,7109676514432,Femenino,2025-02-22
cl_05880,Silvestre Palomares Rodríguez,,+34 933142388,Femenino,2023-10-23
CL-05881,Ruperto Ponce Botella,asdrubalriba@example.org,2508733761478,Masculino,2025-01-08
CL-05882,Teodosio Morales Sosa,marciopol@example.org,8555548262129,Masculino,2025-04-28
cl_05883,Ainoa Villanueva Bravo,ucamara@example.org,6932184571990,Femenino,2024-08-10
CL-05884,Amada Armengol Franch,rmontes@example.org,3608612044287,Femenino,2023-11-29
CL-05885,Máxima Milla,pintorvicente@example.org,6341727960310,Femenino,2025-02-15
cl_05886,Gertrudis Cuervo Llopis,berta47@example.com,2107529911269,Femenino,
CL-05887,Tatiana María Carmen Macias Báez,olalla92@example.org,7460096779577,Femenino,2023-09-14
CL-05888,Cirino Grau Diaz,hernandezviviana@example.net,1013296896291,Masculino,2025-02-24
CL-05889,Ema Javiera Gonzalo Dávila,ramona87@example.net,5925049159845,Masculino,2024-12-27
CL-05890,Quirino Flor Pardo,correo@.com,4500694658651,Femenino,2024-06-17
cl_05891,Aarón de Sevillano,bertaluis@example.net,1641269945970,Masculino,2024-07-01
cl_05892,Nando Campoy Esteban,pabloblazquez@example.com,+34 872026866,Masculino,2025-06-21
CL-05893,Juan Luis Verdú-Rincón,climaco75@example.org,5120566702889,Femenino,2025-06-18
CL-05894,Herminio Jonatan Villa Alcalá,crescencia12@example.net,9891943862663,Masculino,2024-05-07
cl_05895,Evelia Palma Tello,reynagelabert@example.net,1371880058927,Femenino,2025-05-20
CL-05896,Eusebio Patiño Sevillano,tcanals@example.net,7326984098401,fem,2025-02-08
cl_05897,Ceferino Alejo Cuevas Barberá,rosalina09@example.org,6589911878475,Femenino,2024-05-21
CL-05898,Florentino Cabañas Carrasco,rmorera@example.org,8106601657192,Femenino,2025-05-11
CL-05899,Miguela Pascuala Río Zapata,felixalvaro@example.org,7206410508169,Masculino,2024-07-04
cl_05900,Juan Antonio Español-Abril,,8762657483961,Femenino,2024-11-27
cl_05901,Nicolasa Alcaraz Román,kcastello@example.com,5303707522711,Masculino,2024-05-28
cl_05902,Lorenza Salcedo Guitart,maria-carmenvega@example.com,7561049911348,Masculino,2024-04-15
cl_05903,Nereida Bravo-Mate,pacoescobar@example.com,8799053063922,Femenino,2024-07-07
CL-05904,Bernardita Escobar Gil,mireia21@example.net,+34873229289,Femenino,2026-01-01
CL-05905,Mayte de Alarcón,ildefonsochico@example.net,6857243733926,Masculino,2024-12-13
CL-05906,Roque Gibert Cerro,jtormo@example.net,1588894967936,Femenino,2024-02-08
CL-05907,Gil Mas,toribio06@example.com,9326605182428,Masculino,2024-07-10
CL-05908,Pastora Rodriguez Mateo,heliodoroalegria@example.com,0276333420476,Femenino,2025-01-03
CL-05909,Regina Aliaga,jacintapacheco@example.net,1174508214354,Masculino,2024-10-22
cl_05910,,correo@.com,3071069132840,Masculino,2025-05-03
cl_05911,Raimundo Torres,edu09@example.org,3288689406441,Femenino,2024-01-24
CL-05912,Eva Expósito Olmo,laroca@example.com,1061661082223,M,2024-12-04
CL-05913,Poncio Almansa Galindo,jovehermenegildo@example.net,4431248517542,Femenino,2025-05-04
cl_05914,Maxi Yéssica Arranz Ordóñez,zbello@example.net,9125371828037,Masculino,2023-09-18
CL-05915,Carmina Teruel,lgibert@example.com,6770541792249,Femenino,2024-08-18
cl_05916,Corona Salvà Haro,macario28@example.org,6-123-456,Femenino,2023-11-01
cl_05917,Leoncio del Aramburu,teofila93@example.com,2474114644097,Masculino,2025-07-04
cl_05918,Olegario Aznar Martín,lorenzoeladio@example.net,5546379136634,Masculino,2024-03-14
cl_05919,Ignacio Echevarría Segarra,jimenafrancisco@example.com,2902452640017,Masculino,2024-11-25
,Isidoro del Borrell,begonaferrer@example.net,1286372727188,Desconocido,2024-10-16
CL-05921,Bonifacio Ariño Galvez,aguiloignacia@example.net,5082080919874,Femenino,2024-05-01
CL-05922,Cruz del Miró,wcerda@example.net,2497309946400,Femenino,2024-11-05
CL-05923,Luisina Escribano Arregui,fuertesaureliano@example.org,2794029603784,Masculino,2024-10-02
CL-05924,Mario Guillen-Cortes,alcantaraflorencio@example.net,7259039362516,Femenino,2025-03-01
CL-05925,123,qbatalla@example.net,4274224244300,Femenino,2024-06-27
CL-05926,Nacho Jove Borja,galo47@example.org,1577396085666,Masculino,2024-04-27
CL-05927,Octavio Barreda-Luz,ereyes@example.net,8871611737554,Masculino,2025-07-14
CL-05928,Remigio de Tirado,srossello@example.net,61234abc,Femenino,2024-09-14
cl_05929,Teobaldo de Losada,juana38@example.com,0181839962212,Masculino,2024-03-10
CL-05930,Cleto Prats Rico,lbas@example.com,7311678586186,Masculino,2024-12-19
CL-05931,Ismael Leiva Colom,fpalma@example.net,5187723136293,Masculino,2025-02-20
CL-05932,Florina Fernanda Cañas Querol,edelmira51@example.net,5999833481063,Masculino,2025-02-24
CL-05933,Ofelia Angelita Velázquez Leiva,concepcion03@example.org,4695533605849,Femenino,2024-05-24
CL-05934,Fito Porras-Sierra,patricio08@example.com,8873064234754,Masculino,2024-02-24
CL-05935,Fabio del Alvarez,solsonaarcelia@example.org,2586171027440,Femenino,2023-12-08
cl_05936,Noemí Cloe Águila Catalá,rogelio62@example.net,0466078400170,Femenino,2023-12-02
cl_05937,Carlito Vallés,angelescatala@example.com,4470558139933,Femenino,2025-05-26
CL-05938,Aarón Oliveras Castañeda,pineiroplinio@example.net,5438535056809,Masculino,2025-07-09
cl_05939,Herberto Quintanilla Noguera,flavia04@example.com,6484558891107,Femenino,2025-01-28
CL-05940,123,,123456,Masculino,2023-09-12
CL-05941,Josefina Alberola Narváez,csandoval@example.net,4326068870950,Masculino,2024-12-25
CL-05942,Rogelio Urrutia Alcalá,tcampo@example.net,0268800429179,Masculino,2025-07-25
CL-05943,Mayte Catalán Agudo,fannyalvarez@example.org,9930687956228,Masculino,2024-06-25
CL-05944,Manola Rocamora Guillén,amor56@example.net,8007968458524,fem,2024-10-20
CL-05945,Dulce Benavent,gutierrezmarcela@example.org,3029615865774,Femenino,2025-07-02
cl_05946,María José Arellano Vázquez,edmundodonaire@example.net,4841947241462,Masculino,2025-07-13
CL-05947,Leopoldo Tejedor-Aliaga,eric45@example.net,7002108983987,Masculino,2025-03-03
cl_05948,Josué Andrés Llamas,luqueafrica@example.org,4541451466732,Femenino,2025-04-05
cl_05949,Eutimio Carbonell-Arellano,adelaidaiglesia@example.org,2615546978835,Masculino,2023-09-12
cl_05950,Virgilio Poncio Taboada Moliner,dalmeida@example.org,9250470336884,Masculino,2024-05-26
CL-05951,Juan Luis Moisés Vila Agustí,teruelcristobal@example.com,6736103348226,Masculino,2023-10-17
CL-05952,Basilio Guitart,ariel53@example.net,61234abc,M,2024-06-26
CL-05953,Amada Plaza Castelló,marisabonet@example.com,0425981814382,Femenino,2024-05-06
CL-05954,Marc Barrena Talavera,uchamorro@example.org,2505944621263,Masculino,2024-09-04
CL-05955,@Oliver,isidoromas@example.net,1346090339562,Masculino,2025-08-02
CL-05956,Sandalio Gabriel Requena Jover,angelita94@example.net,7838095824556,Femenino,2024-01-12
cl_05957,Fortunato Godoy-Robles,nilo90@example.org,4586306635172,Femenino,2025-08-19
CL-05958,Juan Francisco Reina Azorin,camilogallardo@example.org,6259389313888,Femenino,
CL-05959,Bonifacio Caparrós Calleja,jblanch@example.com,1986788363180,Femenino,2024-04-13
cl_05960,Albino Mateo Higueras Manso,@gmail.com,7681453652857,M,2023-12-31
cl_05961,Melisa Lerma-Cuevas,reyna19@example.com,1573093566961,Masculino,2024-05-30
CL-05962,Juan Bautista Pinedo Carbajo,viviana40@example.org,6243473583762,Masculino,2023-09-01
CL-05963,Luis Miguel Mateos Heras,villalobosisaias@example.org,4572222503884,Masculino,2023-12-17
cl_05964,Chita Falcón Llopis,adan10@example.net,61234abc,Femenino,2025-02-23
CL-05965,Epifanio Novoa Jover,horaciojerez@example.org,0891300384963,Masculino,2025-03-27
CL-05966,Eloy Barrio Fuente,florencia33@example.net,1186588975826,Masculino,2023-10-15
CL-05967,Adora Seco Olivares,santiagoarturo@example.com,7182042569134,Femenino,2023-09-16
CL-05968,Vera Camila Dueñas Pi,ribesgregorio@example.com,0042229532651,M,2025-02-23
CL-05969,Silvio Benavent-Escudero,encarnacion97@example.org,8714705850150,Femenino,2023-12-30
CL-05970,123,@gmail.com,3821180688745,Femenino,2025-08-05
CL-05971,Silvia Lucía Puerta Gascón,gallojose-ramon@example.net,6628194334453,Masculino,2024-09-17
CL-05972,Felicia Carrasco Serra,americo43@example.com,8214953494880,Masculino,2023-11-11
CL-05973,Bartolomé Osuna Murillo,monrealdesiderio@example.org,9739817037281,Masculino,2024-11-07
cl_05974,Seve Amigó Colomer,reyesamaro@example.org,2921447635537,Femenino,2023-12-26
CL-05975,Palmira Solano,jlluch@example.org,2114745164339,Femenino,2024-05-01
CL-05976,Nazaret Miró Quintana,nrobles@example.com,123456,fem,2026-01-01
CL-05977,Clementina Quintanilla-Cuadrado,nazario78@example.net,5251679260958,Femenino,2023-10-14
CL-05978,Heliodoro Sevillano Espada,zsevillano@example.net,3483354856454,Masculino,2024-02-13
CL-05979,Narcisa Pi-Pellicer,robledoadelina@example.org,0894512757237,Femenino,2024-05-25
cl_05980,Chelo Abascal Andrade,,6053836524002,Masculino,2024-06-19
CL-05981,Genoveva Antúnez Seco,ggimenez@example.net,5563141362362,Masculino,2024-06-22
CL-05982,Pepita Piña,reyes07@example.org,0323617984460,Femenino,2024-04-30
cl_05983,Maxi Baró Cordero,lalobellido@example.com,6996038403996,Masculino,2024-08-13
CL-05984,Noemí Escrivá-Bas,palomaaragon@example.org,7675546493264,Femenino,2024-07-10
CL-05985,@Oliver,saritasacristan@example.org,2592410358826,Masculino,2024-08-01
cl_05986,Sebastian Lupe Bastida Martín,adalberto90@example.org,4923581693651,Masculino,2024-08-12
CL-05987,Adoración Seguí Alcántara,aguilogaston@example.org,6045716964348,Masculino,2024-05-29
CL-05988,Remedios Giménez Tovar,elisabetmanrique@example.com,61234abc,Masculino,2024-09-07
CL-05989,Epifanio Páez Cuenca,maribelduenas@example.net,3243684870075,Femenino,2023-10-18
CL-05990,Úrsula Cañas Ricart,,3556197389396,Masculino,2024-03-22
cl_05991,Angelita Acuña Salas,felipasoto@example.net,8327904359855,Femenino,2025-02-18
CL-05992,Ruth Emelina Núñez Mateos,isaac68@example.org,6414822083224,Femenino,2024-07-02
cl_05993,Vera Lloret Velázquez,martinmari@example.net,9143802460750,Masculino,2024-01-20
CL-05994,Luna Crespo Mercader,sdiez@example.com,0847719526491,Femenino,2024-06-20
cl_05995,Vidal Ledesma Mayol,qreig@example.org,6070947858509,Masculino,2024-11-11
CL-05996,Montserrat Urrutia Amor,emiliana49@example.net,6850085025712,Masculino,2024-07-27
CL-05997,Encarna Blasco-Armas,ireal@example.net,6820178577402,Femenino,2025-01-11
CL-05998,Aristides Plácido Ribera Seco,lolamulet@example.org,4348311933022,Masculino,2025-03-28
CL-05999,Alex del Quero,qvalero@example.com,2385551200328,Femenino,2025-03-12
cl_06000,123,,6-123-456,Desconocido,2025-07-03
CL-06001,Valerio Antúnez Calzada,samuelguillen@example.org,5785959789017,Femenino,2025-01-26
CL-06002,Javier del Hernández,herasjenaro@example.com,5425232726143,Femenino,2024-04-09
cl_06003,Gonzalo Herminio Paz Miró,fernandezmoreno@example.com,8775139120035,Femenino,2024-06-14
CL-06004,Eduardo Iñiguez Olivera,natividad59@example.org,6125224504452,Femenino,2024-01-01
CL-06005,Sergio Luis Ángel Cortina Mendizábal,elena57@example.net,6525156664140,Masculino,2024-05-08
cl_06006,Adolfo Arnal,inigomoya@example.org,9905330482943,Masculino,2025-07-12
CL-06007,Pía del Mendez,seve89@example.com,5512010712652,Masculino,2024-03-22
cl_06008,Florentino Ojeda Ferrán,fortunata75@example.net,9161447088401,M,2024-08-30
cl_06009,Leonel Trillo,dionisiavall@example.net,2940098388089,Femenino,2024-02-15
CL-06010,Aránzazu Rodriguez-Ríos,,1063546963834,Masculino,2023-12-17
cl_06011,Bibiana Escribano Pérez,fcarrion@example.org,0468894786218,Femenino,2025-03-28
cl_06012,Salvador de Arjona,nereaalfaro@example.org,123456,Masculino,2026-01-01
cl_06013,Consuela Palacios Izaguirre,iglesiasnacio@example.com,7934823047325,Masculino,2025-05-16
CL-06014,Conrado de Romero,torrensnelida@example.org,8230914832083,Femenino,2025-04-19
CL-06015,Candelario Gonzalo,basapolonia@example.net,8278640306283,Masculino,2024-10-19
cl_06016,Jose Ignacio Villalonga-Córdoba,pmontana@example.org,1349363425407,M,2025-04-04
CL-06017,Alejandro Barreda Abril,naranjoevangelina@example.net,4827409327894,Femenino,2024-01-22
CL-06018,Dalila Zamorano Velázquez,thierro@example.org,0503830397078,Masculino,2023-10-11
CL-06019,Belén Cueto Ferrández,recioezequiel@example.net,7771222210897,Femenino,2024-01-06
CL-06020,Eugenia Cadenas Requena,,8960466296817,Femenino,2024-08-20
CL-06021,Cándida Llamas-Tomé,carmela74@example.org,2310089218297,Femenino,2024-10-23
CL-06022,Custodio Rafa Pera Montserrat,adoraramos@example.org,7411057839668,Masculino,2023-12-29
CL-06023,Victorino Blanca,albert82@example.org,7155701667065,Femenino,2024-01-08
CL-06024,Paola Leiva Grande,bienvenidacoll@example.com,+34 936516929,Masculino,2024-06-13
CL-06025,Horacio Gallardo,rico08@example.org,4512117840287,Femenino,2025-07-15
CL-06026,Amada Sanmiguel Marqués,amalia75@example.com,2200218786454,Masculino,2025-07-28
CL-06027,Manuelita Miranda,hcortes@example.com,7835602467179,Femenino,2023-09-29
CL-06028,Belén Carrión Flores,azucenavazquez@example.org,6883287116193,Masculino,2025-01-16
CL-06029,Isaura Jáuregui Benavent,roigeva-maria@example.net,9931316071977,Femenino,2024-11-05
CL-06030,Aurora Gonzalez Roman,,4365214582900,Femenino,2025-08-22
CL-06031,Milagros Porcel Mayoral,azaharabatlle@example.com,5495364857734,Femenino,2024-05-01
CL-06032,Florentina Palau Gelabert,almudena79@example.com,4578661845240,fem,2024-03-08
cl_06033,Jovita Fernández Oliveras,domingo55@example.org,0717464293407,Masculino,2025-03-28
cl_06034,Hilario Múñiz Román,rosalindaribas@example.com,0565663916417,Femenino,2023-10-01
cl_06035,Isidoro Carbajo-Moliner,olimpialloret@example.com,8001738857400,Masculino,2023-09-27
cl_06036,José Iñiguez Cuesta,yramos@example.net,+34949 524 320,Masculino,2024-10-03
CL-06037,Guadalupe del Barco,milagrosesteban@example.net,4255010324954,Femenino,2025-08-02
cl_06038,Noa Correa Tamayo,jruiz@example.org,7066100394466,Femenino,2023-10-30
CL-06039,Duilio Losada Ramis,balaguerchucho@example.org,4956195180097,Femenino,2023-11-10
CL-06040,Prudencio Ordóñez Domínguez,@gmail.com,7728147505761,Masculino,2025-05-23
CL-06041,Narcisa Tovar Losa,aaron80@example.org,6888628319023,Femenino,2024-02-27
cl_06042,Ibán Badía,barberocristobal@example.net,1552697638338,Femenino,2025-03-29
cl_06043,Belén Luján-Bartolomé,solisselena@example.org,4883313089214,Masculino,2024-02-27
CL-06044,Pastor Lucas Haro Vega,cesar24@example.org,2077377479020,Masculino,2024-12-13
CL-06045,Fernanda Jáuregui,oadadia@example.net,5770140790638,Femenino,2024-10-30
CL-06046,Loreto Carreño Crespi,oalvarado@example.com,7532761590165,Masculino,2025-08-07
CL-06047,Erasmo Ballester Amo,jose-antonio55@example.net,0534454993645,Masculino,2023-12-11
CL-06048,Débora Valdés Pinedo,estelarecio@example.com,61234abc,Desconocido,
cl_06049,Cleto Benavent Fortuny,cortinabrigida@example.com,6093245205172,Femenino,2023-11-02
cl_06050,Isabela Arellano Carballo,enriquezliliana@example.net,0367379549548,Femenino,2025-01-14
CL-06051,Marita Figueras Gil,tejeroofelia@example.org,3183044403373,Masculino,2024-08-01
CL-06052,Norberto Díaz Alemán,rolando91@example.net,3493641559540,Masculino,2024-06-26
CL-06053,Javier Barriga Grau,gironateresa@example.net,6422851342287,Masculino,2024-01-22
CL-06054,Remedios Estrella Valdés Arenas,vicenta60@example.com,9623668010899,Femenino,2024-10-27
cl_06055,Pepe Daza Arce,nachoguitart@example.com,9731827810072,Femenino,2023-11-29
cl_06056,Berta Gimeno,oliviaacevedo@example.net,9255847997967,Femenino,2024-07-05
CL-06057,Félix de Sierra,elisa36@example.com,8332990743026,Femenino,2024-03-18
CL-06058,Feliciano Fonseca Goicoechea,adelardo87@example.net,5480151787289,Masculino,2025-06-23
CL-06059,Jose Antonio Sandoval,amor98@example.org,9631363793365,Masculino,2024-05-19
CL-06060,123,,61234abc,Masculino,2024-06-29
cl_06061,Albano Rubio Viña,obduliaromero@example.net,7771201332477,Masculino,2024-04-26
CL-06062,Cesar Casas Soria,kikeiriarte@example.net,5362532685235,Femenino,2025-03-10
CL-06063,Apolonia Batalla Diego,sancho09@example.com,6726363524739,Femenino,2023-10-15
CL-06064,Socorro Noemí Luque Iborra,posadasantiago@example.net,5700855514722,Masculino,2023-11-25
cl_06065,Ovidio Alba Camacho,donatodomingo@example.com,9760944944736,Femenino,2024-10-19
CL-06066,Isaías Cano Clemente,armando35@example.com,5851203687556,Femenino,
cl_06067,Rocío Vara-Villegas,paniaguaamor@example.org,5983731402026,Masculino,2023-12-10
CL-06068,Amarilis Lumbreras Matas,elodia74@example.net,3824279183952,Femenino,2025-03-24
CL-06069,Consuelo Dalmau Castell,sebastianpedro@example.net,5172860252597,Masculino,2025-06-06
CL-06070,Fidel Andrés Castellanos Arévalo,expositotrinidad@example.net,1172093321658,Femenino,2025-03-28
CL-06071,Candelaria Vizcaíno Espejo,imelda26@example.com,1300983836579,Masculino,2023-09-25
cl_06072,Telmo Bernad Castilla,samanta02@example.org,123456,M,2024-09-03
cl_06073,Tiburcio Ropero Palmer,chus76@example.net,0786940531366,Femenino,2023-12-09
CL-06074,Marcela Carbó,manuelapombo@example.net,3525743310025,Femenino,2025-03-30
CL-06075,@Oliver,luzodalis@example.com,1165606071368,Masculino,2025-04-30
CL-06076,Dominga Castells Tudela,nanaya@example.net,8345314972976,Femenino,2024-07-27
CL-06077,Eligia Rius Bejarano,salomdavid@example.net,4871045800645,Masculino,2024-09-30
CL-06078,Petrona Campos Ramírez,xcarrasco@example.com,0677796568318,Masculino,2024-12-04
CL-06079,Constanza Chaparro Real,rodrigoluna@example.org,8823668171853,Femenino,2023-12-20
CL-06080,Gema Sarabia Revilla,hermenegildolosa@example.net,6158006990486,Femenino,2024-11-13
CL-06081,María Pilar Saavedra-Vélez,manuelsaldana@example.net,0716282568425,Masculino,2025-07-19
cl_06082,Rosario Barba Cano,eleuterio36@example.net,8828054926749,Femenino,2025-05-18
CL-06083,Bonifacio Clavero Mulet,recioseve@example.com,9910998809233,Femenino,2023-10-17
cl_06084,Ana Belén Hernández Arribas,eberenguer@example.org,61234abc,Femenino,
CL-06085,Jacinta Piedad Ugarte Bustos,olleragata@example.org,4697829365518,Masculino,2025-07-04
CL-06086,Gisela Barberá Sabater,dcortes@example.net,8740941666703,Masculino,2023-09-07
cl_06087,Obdulia Carvajal Herrero,ericmariscal@example.org,9569989971708,Femenino,2025-08-01
CL-06088,Efraín Tamayo-Leal,sigfridoribera@example.net,9441936899847,fem,2025-06-30
CL-06089,Natalia Pou Canals,juan-jose70@example.net,5348322341039,Femenino,2024-08-01
CL-06090,123,,8024814272127,Femenino,2025-04-19
CL-06091,Ruy Manolo Luz Villalobos,ovalcarcel@example.net,4462169981900,Femenino,2024-10-10
cl_06092,Ariel Navarro Leal,leandro74@example.org,2270157350744,Femenino,2025-08-14
CL-06093,Rosa María Céspedes,pujolrogelio@example.net,0424217470307,Masculino,2025-02-19
CL-06094,Aura de Criado,leopoldolara@example.com,5254039328728,Femenino,2024-12-09
cl_06095,Marcial Pavón Reguera,botellacarmina@example.com,4135689390715,Masculino,2023-11-29
CL-06096,Luisa Guerrero Cifuentes,garridonuria@example.net,123456,Masculino,2024-01-14
CL-06097,Elba Tolosa,luistirado@example.net,3946104157539,Femenino,2023-09-30
CL-06098,Jesusa Mercader Rosales,ferrerogervasio@example.org,6756290452377,Femenino,2024-10-30
CL-06099,Nuria Salom-Carnero,carmina54@example.com,5381360125985,Masculino,2024-02-12
CL-06100,Emelina Pombo Barón,geraldocastells@example.com,0512096299911,Femenino,2025-04-28
CL-06101,Buenaventura Pedro Raya,dalilatomas@example.net,8901877376055,Femenino,2024-04-20
CL-06102,Francisco Moll Bueno,jose-carlos97@example.net,1692991195049,Femenino,
CL-06103,Hernán Pablo Asenjo,arseniogracia@example.com,7665979987796,Femenino,2024-06-13
cl_06104,Victoria Mayol Girón,ppizarro@example.com,8623265587994,M,2025-04-15
cl_06105,Urbano Sanchez,qarellano@example.com,5534257076266,Femenino,2024-02-19
CL-06106,Marco Álvaro Benet,cristian42@example.net,8285700204810,Femenino,2025-02-03
CL-06107,Eutimio Mena Vilanova,natalia04@example.net,8573752709692,Femenino,2024-09-04
CL-06108,Sara Ramirez-Adán,juanjenaro@example.net,123456,Masculino,2023-11-20
CL-06109,Elisabet Hernandez Pellicer,abellatomas@example.com,7658485271261,Masculino,2024-12-21
CL-06110,Pepita Arco Jódar,@gmail.com,5444577558633,Masculino,2025-07-07
cl_06111,Ruben Pardo,dmoliner@example.net,9245698815242,Femenino,2024-03-07
cl_06112,Lalo Aznar Amigó,samaya@example.net,0523008013412,fem,2024-07-17
cl_06113,Apolinar Cid Morcillo,ruizcustodio@example.net,9046221363968,Femenino,2024-09-18
CL-06114,Leyre de Peña,che00@example.net,0504294780295,Masculino,2024-12-24
CL-06115,Casandra Berenguer Iglesias,tiburciopalau@example.com,2436014724651,Femenino,2023-09-15
CL-06116,Adalberto Campo Pombo,ylaguna@example.org,7808087436626,Masculino,2024-01-23
cl_06117,Norberto Expósito-Perez,pledesma@example.net,6835586899987,Femenino,2024-02-23
CL-06118,Carlito Sanabria Clavero,rcortes@example.net,0409942569217,Femenino,2024-01-06
CL-06119,Lina Exposito Baena,aroablanes@example.org,5045363722565,Femenino,2024-06-19
cl_06120,123,@gmail.com,61234abc,Desconocido,
CL-06121,Fito Candelario Caparrós Palomino,torresjose-luis@example.com,6589402682879,Masculino,2024-06-18
cl_06122,Benita Morán Torrijos,jangel@example.org,2890798547871,Femenino,2024-03-15
CL-06123,Alejandra Villar Enríquez,ugalindo@example.com,4105143364158,Femenino,2023-12-12
CL-06124,Rosendo Arjona Villalobos,ciprianovalcarcel@example.com,4322463126837,Femenino,2023-12-03
cl_06125,Leticia Pablo-Sacristán,mayofelicia@example.net,9520308087783,Femenino,2025-04-02
CL-06126,Plinio Bonet,nmontesinos@example.net,6370558193287,Masculino,2025-02-02
CL-06127,Cecilio Ramis Cortés,florentinabenet@example.org,0591981659766,Masculino,2024-12-02
cl_06128,Herminio Dueñas Pellicer,caraujo@example.com,1578778131885,Femenino,2024-07-19
CL-06129,Eleuterio Rico Mínguez Malo,gvalle@example.com,8623645083303,Femenino,2025-05-22
CL-06130,Teófila Hoz Mayol,,4978225455989,Masculino,2023-09-14
CL-06131,Paulino Bautista Cervantes,cgibert@example.com,4724409605097,Masculino,2025-05-19
CL-06132,Emilia Valle Rivas,feliuzacarias@example.org,6-123-456,Masculino,2025-04-18
CL-06133,Luisina Ortuño-Amador,amado48@example.com,5103076294124,Femenino,2023-10-17
cl_06134,Primitiva Olimpia Belmonte Mosquera,rosendo39@example.org,3171460863554,Masculino,2024-11-29
cl_06135,Miriam de Quiroga,uzamorano@example.net,5913121595488,Masculino,2025-03-05
CL-06136,Mirta Barroso Benavente,teodoroaller@example.com,5167015316538,Masculino,2024-06-02
CL-06137,Vanesa Vicente-Palmer,pepitacastillo@example.org,4357269923740,Femenino,2024-11-01
cl_06138,Isaura de Morán,jose-maria78@example.net,0769431352784,Femenino,
CL-06139,Soraya Arana-Cabo,rbeltran@example.org,0071426474222,Femenino,2025-05-01
,Agustín Pellicer,,4079568887207,Femenino,2024-09-19
CL-06141,Héctor del Cases,desiderio10@example.org,6677476379861,Masculino,2024-12-25
CL-06142,Aureliano Mur Borrego,hurtadorodolfo@example.net,4204524283582,Masculino,2025-03-15
CL-06143,Apolinar Cisneros Cabrera,rafaelagascon@example.com,9890482215680,Masculino,2025-08-10
cl_06144,Amando Castelló Tirado,ojedabibiana@example.net,6-123-456,fem,2025-02-20
CL-06145,Rodrigo Pol,lope64@example.org,3432479931125,Femenino,2025-06-23
cl_06146,Carmina Naranjo Coloma,soledad23@example.net,5042405508983,Masculino,2023-12-27
CL-06147,Adora María Cristina Diez Amores,urrutiaisidro@example.com,9567188319177,Femenino,2023-12-03
CL-06148,Plácido Aguirre Folch,dteruel@example.net,6777317602136,Femenino,2024-05-14
CL-06149,Azahara Juan Valderrama,rosalinda90@example.com,4192341770330,Masculino,2025-01-28
CL-06150,Loreto Montero Sierra,@gmail.com,6228375984800,Masculino,2024-03-08
cl_06151,Cándido Guadalupe Bayo Girón,neiramaria-del-carmen@example.org,3419371916276,Masculino,2023-10-07
CL-06152,Sofía Sierra Juliá,gmoreno@example.net,1462390611559,M,2024-03-22
CL-06153,José Rico Pi,vilaplanagraciela@example.net,7954714760756,Femenino,2023-10-03
CL-06154,Ángel Goyo Calderon Gomis,alcidesfrias@example.net,6244909798632,Femenino,2023-09-02
CL-06155,América Borrell,pascualremedios@example.com,9215365480377,Femenino,2023-11-24
CL-06156,Amelia de Ureña,sacedo@example.com,61234abc,Femenino,
CL-06157,Mirta del Miralles,ramiro89@example.com,0569516587384,Femenino,2025-07-01
CL-06158,María Romero Cerezo,eusebio48@example.com,8507338023449,Femenino,2024-04-01
cl_06159,Maricruz Lucena-Alfaro,qsalcedo@example.com,2750269362834,Femenino,2024-01-28
CL-06160,Chita Diego Echeverría,@gmail.com,2036860254670,Masculino,2024-10-03
CL-06161,Fortunata de Pedraza,benitezcustodia@example.net,8272003227840,Masculino,2024-10-16
CL-06162,Elena Poza Calvo,carrillonazaret@example.net,1670880659394,Femenino,2024-06-02
CL-06163,Reyes de Palacios,bautistapina@example.com,2571689917705,Femenino,2025-07-09
CL-06164,Aristides del Parra,vivianacueto@example.com,1184008867354,Masculino,2025-06-29
cl_06165,,ballesterosanastasio@example.com,1709136347657,Femenino,2025-08-18
CL-06166,Aristides Augusto Barranco Bayo,desideriovillanueva@example.com,2460565982472,Femenino,2024-01-29
cl_06167,Esperanza Peñalver-Osorio,tiradorebeca@example.com,7611292026462,Masculino,2024-02-11
cl_06168,Luis Ángel Reina Pol,jose69@example.com,123456,Desconocido,2023-10-09
cl_06169,Armando Corral,jordanarueda@example.net,5712596331078,Masculino,2025-06-23
cl_06170,María Carmen Barriga-Vega,,7434731772801,Masculino,2024-12-13
cl_06171,Marcelino Balaguer Rios,msalgado@example.com,1136007239554,Masculino,2024-01-11
cl_06172,Vidal Raya Moll,aguardiola@example.org,5239338135600,Masculino,2025-03-28
CL-06173,Jacinta Luisina Márquez Lluch,ufortuny@example.com,1365197951383,Masculino,2024-06-13
CL-06174,Remedios Pereira Barriga,elisa90@example.org,7439326698432,Masculino,2026-01-01
CL-06175,Xiomara Busquets-Gonzalo,vbonilla@example.net,5611160755494,Femenino,2023-12-03
cl_06176,Mercedes Mena-Franco,vricart@example.net,1363462871469,Femenino,2024-03-21
CL-06177,Amparo Castell Sandoval,olgacomas@example.org,7051151586800,Masculino,2024-09-08
CL-06178,Baudelio Quesada Vergara,ghigueras@example.net,1410777210462,Femenino,2025-01-03
CL-06179,Amando Lerma Almansa,gutierrezlupita@example.net,7522325977134,Masculino,2024-10-12
cl_06180,123,,+34887 562 948,Femenino,2025-02-06
CL-06181,Gala Andrea Valenzuela Camps,odalis01@example.org,6543818601307,Femenino,2024-01-31
CL-06182,Eusebia Garriga Pinto,raleman@example.org,3859013329676,Femenino,2024-05-01
CL-06183,Marita Córdoba-Galan,penalverbenito@example.net,5679650005959,Masculino,2024-05-30
cl_06184,Artemio Palomino Ortuño,nogueranuria@example.com,6058978555919,Desconocido,2025-03-20
CL-06185,Adrián Jáuregui Salas,olivaresedgar@example.org,6979205486344,Masculino,2024-09-05
CL-06186,Édgar Feijoo Pineda,ybello@example.org,6058969023329,Masculino,2024-12-24
CL-06187,Crescencia Ana Belén Quesada Vigil,lmarques@example.com,4348362170010,Masculino,2024-08-01
CL-06188,Visitación Carro Jerez,pbarbera@example.com,8568435535175,Femenino,2023-10-29
CL-06189,Mercedes Plana Rivas,ibenitez@example.net,4978743604784,Masculino,2025-03-17
CL-06190,Quique Pastor Alcántara,correo@.com,6366952434948,Masculino,2025-07-06
CL-06191,Ezequiel Redondo,segismundo56@example.org,3122209106229,Masculino,2025-04-03
CL-06192,Edelmiro Vera Nuñez,maximauribe@example.net,+34924157452,Desconocido,2025-08-26
cl_06193,Lucio Pozo Aparicio,candelas37@example.net,7852505256145,Femenino,2025-06-16
cl_06194,Florencio Silvestre Espinosa Navarrete,bonifacio03@example.net,9923028654227,Femenino,2025-05-19
cl_06195,,gordillojulio-cesar@example.com,2339662283489,Femenino,2024-05-25
CL-06196,María Cristina Alemany,angela95@example.com,5995132605857,Femenino,2023-11-05
CL-06197,Vinicio Vargas Morillo,uborras@example.net,5795021878511,Femenino,2024-03-15
CL-06198,Vilma Armengol Portero,ramona02@example.net,6763802753502,Femenino,2025-02-24
CL-06199,Verónica Pombo Zabala,sblanca@example.com,3156724816294,Masculino,2025-04-09
cl_06200,Úrsula Pombo,,4842705044371,fem,2025-03-14
cl_06201,Daniel del Alvarez,jonatanmiro@example.com,3398817974781,Masculino,2024-10-22
CL-06202,Leocadia Alemán Prieto,javi25@example.net,9081438444821,Femenino,2024-03-15
cl_06203,Roque Coca Gomis,yvelazquez@example.org,3222854820768,Femenino,2024-11-26
CL-06204,Ema Porcel,aguilaralbert@example.net,6-123-456,Masculino,2024-12-01
cl_06205,Catalina Gámez Riba,maxiporta@example.org,6105715006256,Masculino,2024-01-12
CL-06206,Filomena de Salmerón,acasal@example.org,6195482013423,Masculino,2024-09-25
cl_06207,Wálter Salvà Amor,garateasdrubal@example.org,5157702531585,Femenino,2024-06-02
CL-06208,Marc Palomo Pedraza,carmelaosorio@example.com,5116678191780,Desconocido,2025-05-06
CL-06209,María Carmen Mendez Osuna,madrigalestrella@example.net,0463265674817,Masculino,2025-07-24
cl_06210,Nidia Anguita Cifuentes,@gmail.com,1578518581448,Masculino,2025-07-18
CL-06211,Amor del Ugarte,diezmartina@example.com,3088967195692,Masculino,2024-04-02
cl_06212,Piedad Cases Bonet,tormogervasio@example.com,9075679529243,Femenino,2024-03-08
CL-06213,Hortensia Alba,sigfridofabregat@example.org,0268685660102,Masculino,2025-07-17
cl_06214,Néstor Guillén Ferrero,anitavargas@example.org,0473299235304,Masculino,2023-11-03
CL-06215,Albina Mateu Piquer,victoriano51@example.net,7552632709916,Femenino,2025-01-20
CL-06216,Filomena Ramis-Borja,soledadpintor@example.net,61234abc,fem,2024-06-17
CL-06217,Raúl Pascual Torralba,calisto90@example.com,5964033379534,Masculino,2024-09-16
CL-06218,Anacleto Campos-Rey,bjauregui@example.net,1772332487183,Femenino,2024-05-28
CL-06219,Clímaco Vidal Jordá,salmeronricardo@example.org,9473277468250,Femenino,2024-08-18
,Lucas Perea Cuervo,soriabenjamin@example.org,2969631630239,Femenino,2024-11-17
CL-06221,Galo Calleja-Tovar,bernarditarecio@example.net,1102268990120,Femenino,2025-02-13
CL-06222,Clemente Chema Rios Cabrero,joelmorcillo@example.org,9344212643950,Femenino,2025-01-02
CL-06223,Adelardo Bou-Requena,eugeniavaldes@example.net,6202244539034,Masculino,2024-06-07
cl_06224,Juana Galan,lazarojerez@example.com,0425916917626,Femenino,2024-01-26
CL-06225,123,wuria@example.com,6239933083390,Femenino,2023-12-01
CL-06226,Rosa Fábregas-Agudo,raul99@example.net,4632140987593,Masculino,2024-07-14
CL-06227,Custodio de Nieto,mateosjulio@example.net,7835008355848,Masculino,2025-07-18
cl_06228,Sarita Benítez Ibáñez,santiagofeijoo@example.com,+34806861034,Masculino,
cl_06229,Jose Luis del Carrasco,imeldamontserrat@example.org,4115057783502,Femenino,2023-10-05
CL-06230,Horacio Sans-Vara,jaureguinydia@example.org,8521842945541,Masculino,2025-04-19
CL-06231,Eva Cabeza Delgado,yrosado@example.net,1320215755885,Femenino,2024-02-11
cl_06232,Magdalena Cid Céspedes,fabianaacosta@example.org,9942593433770,Masculino,2024-07-02
cl_06233,Donato Trillo,jvizcaino@example.com,1031429941180,Femenino,2025-03-20
CL-06234,Noa Barral Márquez,pedroreinaldo@example.com,2249740619263,Femenino,2024-12-26
cl_06235,Andrea Pereira Sáez,asensioalondra@example.com,2158421911502,Femenino,2025-05-01
cl_06236,Marcelino Batlle Amo,daniloalba@example.net,8855816216800,Masculino,2025-06-06
CL-06237,Emiliano Montero Marquez,mascoral@example.com,7754705055729,Masculino,2025-07-27
cl_06238,Samuel Benavent Giménez,dimas24@example.com,8559539667694,Femenino,2024-01-31
CL-06239,Abigaíl Montenegro Vázquez,borrellrolando@example.net,8480004492460,Femenino,2024-09-10
,@Oliver,correo@.com,6-123-456,Masculino,2024-09-18
CL-06241,Dorita Arcos Rodriguez,luisina16@example.org,3859515123259,Femenino,2025-04-28
CL-06242,Agustín del Perera,fontalex@example.net,3428956016443,Femenino,2025-04-24
CL-06243,Leocadia Revilla-Nebot,amor92@example.net,6283374377495,Masculino,2025-04-17
cl_06244,Irma Barco Mateos,probledo@example.org,2684397787120,Masculino,2025-05-20
CL-06245,Silvestre Manrique Cases,lopezfeliciana@example.org,9408501862715,Femenino,2025-05-26
CL-06246,Trini Valenzuela Amaya,zmanjon@example.com,5159714551391,Masculino,2026-01-01
CL-06247,Hugo Garrido Marco,umanso@example.com,2150769488096,Femenino,2024-02-29
CL-06248,Néstor Jose Antonio Matas Blanca,jose-manuelsanmiguel@example.net,0341440689228,Masculino,2023-11-13
cl_06249,Gilberto Matas Fuster,iamoros@example.net,9746523172419,Masculino,2025-07-06
CL-06250,Dominga Moles Bastida,correo@.com,3129497695502,Femenino,2024-09-01
cl_06251,Candelas Rozas Lucena,delias@example.org,5689970417823,Femenino,2023-09-28
CL-06252,Ruperta Español Amor,eutimio23@example.org,61234abc,Masculino,2025-06-17
cl_06253,Fátima Rocío Olmo Arana,perlitanino@example.com,9031890549300,Masculino,2023-09-16
cl_06254,Berto de Valcárcel,qmayol@example.com,1687012685716,Femenino,2023-12-07
CL-06255,@Oliver,aznarhernan@example.org,0917475161990,Masculino,2024-10-05
cl_06256,Vinicio Rivera Zabala,amoresgabino@example.com,4489308966180,fem,2025-01-05
CL-06257,Dimas Cabezas,godoyeufemia@example.com,1697677948540,Femenino,2025-02-09
CL-06258,Marcela Yuste-Vara,maria-fernanda73@example.com,5119958319239,Femenino,2024-01-07
CL-06259,Cruz de Lledó,padillaaura@example.com,8682335596377,Masculino,2024-03-25
CL-06260,Isaura Lerma Busquets,@gmail.com,7712912669755,Femenino,2024-11-01
cl_06261,Carlota del Lucena,soledad04@example.org,1872628298457,Masculino,2024-01-28
cl_06262,Obdulia Cadenas Asenjo,marino53@example.net,1926592843505,Femenino,2024-03-27
CL-06263,Juanita Porta Benitez,lucilamelero@example.net,8427015655325,Masculino,2024-08-01
CL-06264,Juan Morante Jove,rufino40@example.net,61234abc,Desconocido,2024-08-22
CL-06265,Ana Belén Acevedo Gutierrez,ramireznoemi@example.net,9567045600195,Femenino,2024-05-10
cl_06266,Leocadia Diéguez-Ruano,grandediana@example.net,9226577834509,Masculino,2025-08-03
CL-06267,Lupe Anglada,sosimo65@example.net,9556565451131,Masculino,2024-12-19
CL-06268,Celso Manuel Ayllón Chamorro,quiqueaguilo@example.net,5852012840721,Femenino,2024-01-14
CL-06269,Melisa Rius Guerrero,miroamada@example.net,5121092627976,Femenino,2024-05-14
cl_06270,123,,6414594978487,Femenino,2023-09-17
CL-06271,Lorenza Seguí Redondo,dimas10@example.net,5272014337327,Masculino,2024-06-16
CL-06272,Consuela Pujadas Aguilar,ujove@example.net,4200663135613,Femenino,2024-09-08
cl_06273,María Dolores Valdés Cabañas,segarraconcha@example.com,4074827904396,Femenino,2024-05-30
CL-06274,Eva Moraleda,halcazar@example.com,1467455395933,Femenino,2024-06-09
CL-06275,Mariano Zacarías Chico Giménez,azenethmanrique@example.com,0773069926444,Femenino,2023-12-08
CL-06276,Eutimio Nazaret Villena Galván,salcedourbano@example.org,6-123-456,Femenino,2025-01-29
CL-06277,Albina Suárez Mármol,danielahuerta@example.org,1098396233661,Masculino,2025-07-07
cl_06278,Lucía Galvez,fausto12@example.com,9319553580147,Femenino,2023-10-19
CL-06279,Eric Fuente Sanjuan,lasamarita@example.net,8882296346409,Femenino,2025-04-19
cl_06280,Herminio Requena Nadal,,1881366127884,Femenino,2024-08-25
CL-06281,Rosa Guzmán-Arnaiz,xurena@example.org,4187870250205,Masculino,2024-12-18
CL-06282,Loreto Fuentes-Ferrero,rosa-mariamarquez@example.com,0585385652795,Femenino,2026-01-01
cl_06283,América Trujillo Vazquez,uvelazquez@example.org,8583142688071,Masculino,2023-11-14
CL-06284,Augusto Mariano Iñiguez Céspedes,fortunatadomingo@example.com,9810557808915,Masculino,2025-05-10
CL-06285,Febe Pera-Caballero,almudena44@example.com,2567032848642,Femenino,2025-01-16
CL-06286,Rubén Cirino Bermúdez Gimeno,cristobal70@example.org,4638269975546,Masculino,2025-05-07
CL-06287,Noelia Alcalá,benita56@example.com,9689987752984,Femenino,2023-10-10
CL-06288,Luciano Pedro Amaya Solís,wrios@example.org,61234abc,Femenino,2024-11-08
cl_06289,Serafina de Conde,marc13@example.net,3399689171858,Femenino,2024-09-16
CL-06290,Alejo de Vergara,correo@.com,1772627475460,Masculino,2023-10-13
CL-06291,José Ángel Zapata Hurtado,maviles@example.net,8027313417164,Masculino,2024-05-25
cl_06292,Vera Malo Folch,amigoluisa@example.org,2086656102933,Masculino,2025-02-25
cl_06293,Aurelio de Carreras,marinanogueira@example.net,7231923714275,Femenino,2024-01-20
CL-06294,Ulises Torrens,ppineda@example.net,1159170080578,Masculino,2023-12-11
CL-06295,Ana Sofía Gordillo Amores,cabanasquirino@example.net,5149827872229,Femenino,2024-02-11
CL-06296,Mariano Ibán Vendrell Abad,yyuste@example.org,1794958331795,fem,2024-05-10
cl_06297,Pepito Artigas-Benitez,rivaszacarias@example.org,4531694634132,Masculino,2025-08-18
CL-06298,Diana Gordillo-Molins,luciano93@example.net,3292443598314,Femenino,2023-10-29
CL-06299,Calixto Sureda,folchgabino@example.net,0168619194619,Femenino,2024-12-26
CL-06300,,correo@.com,123456,Femenino,2026-01-01
CL-06301,Alonso Baena Rocamora,albertopili@example.com,5451546796607,Femenino,2024-04-16
cl_06302,Nélida Leon-Romeu,ccervantes@example.net,6134384580911,Femenino,2025-03-22
CL-06303,Jeremías de Elías,tolmedo@example.net,0437215399537,Femenino,2024-05-08
CL-06304,René Marco Sureda Real,ksureda@example.com,9654542908915,Femenino,2023-11-28
CL-06305,Pastora Leticia Casanovas Pujadas,rodriguezmontserrat@example.com,2765200953714,Femenino,2025-04-17
CL-06306,Haroldo Fortuny Canet,xzurita@example.org,9366499285576,Masculino,2023-11-25
cl_06307,Gonzalo Espinosa Gracia,yoliva@example.com,9731975001901,Masculino,2023-12-12
cl_06308,Merche Granados Pellicer,bbernad@example.org,0719340442597,Masculino,2025-08-06
CL-06309,Emilio Rosado Cózar,omoraleda@example.net,5397980659875,Masculino,2024-08-09
CL-06310,Octavio Pazos Galan,,6783912146323,Masculino,2023-12-03
CL-06311,Jessica Frutos Alegria,knavas@example.net,3013763228168,Femenino,2023-12-28
CL-06312,Mayte Bastida-Alvarez,cabreramariano@example.org,+34 900815779,fem,2024-09-22
cl_06313,Tania del Álvarez,adelina16@example.com,9420443670492,Femenino,2024-10-19
cl_06314,Lilia del Soriano,valentina31@example.org,8742780031014,Femenino,2025-01-30
cl_06315,123,verdejoarturo@example.net,9735018816325,Masculino,2023-12-11
cl_06316,Eufemia de Cadenas,knoriega@example.com,9246871090485,Masculino,2025-06-02
CL-06317,Marina Nadal Piñeiro,valerio13@example.com,4679554335959,Masculino,2024-06-18
CL-06318,Araceli Roura-Silva,badiaileana@example.org,2170477093014,Femenino,
cl_06319,Luis Bejarano Alcalde,sibarra@example.com,6507152344110,Masculino,2024-08-20
,Rodrigo Pascual Paredes,aitorperales@example.net,1493412999623,Masculino,2024-03-28
cl_06321,Ciriaco Acero,maximinoochoa@example.org,6241434739735,Femenino,2024-09-13
cl_06322,Gertrudis Sanz Morán,martiedu@example.org,2653217021150,Femenino,2025-02-05
CL-06323,Geraldo Barberá Bellido,adoraluz@example.net,8368679967498,Masculino,2025-06-22
cl_06324,Juan Luque Carranza,munozguiomar@example.org,61234abc,Femenino,2024-09-12
CL-06325,Chelo Nieto-Montserrat,bellidolisandro@example.net,3369902056188,Masculino,2025-02-19
CL-06326,Plinio Pavón Rosa,collbaudelio@example.net,8373039155841,Femenino,2023-11-03
cl_06327,Cintia Prats-Jiménez,ainara57@example.org,9856219569164,Femenino,2024-02-01
CL-06328,Ceferino Guzman Boix,oponce@example.org,2724745054722,fem,2024-12-18
CL-06329,Arcelia Reyes Serrano Portero,veraotilia@example.org,7261344542050,Femenino,2023-09-09
CL-06330,@Oliver,@gmail.com,3548862362412,Masculino,2024-11-27
CL-06331,Candelaria Romero Vara,vbonilla@example.com,2654535474991,Masculino,2024-01-09
CL-06332,Lucía Capdevila Cid,ffeliu@example.net,5915848871226,Masculino,2024-01-16
CL-06333,Josefina de Canales,jose-mari57@example.com,1168145174176,Femenino,2023-09-22
cl_06334,Pedro Sacristán Badía,reynoemi@example.org,8788467909578,Masculino,2025-07-02
CL-06335,Yago Basilio Rodrigo Duran,escalonaleon@example.com,4220867200324,Femenino,2024-07-25
cl_06336,Ceferino Tristán Oliver Abril,sanmiguelazucena@example.net,+34 982 407 039,Masculino,2024-11-19
cl_06337,Florencia Valcárcel Manjón,nreina@example.com,5878460111727,Masculino,2025-06-12
CL-06338,Juan Francisco Amor-Tenorio,delfinasantos@example.com,5849304019884,Femenino,2023-12-27
CL-06339,Noa Juliá Márquez,teodora56@example.net,2160219167223,Masculino,2025-01-22
cl_06340,Felisa Canales Polo,@gmail.com,4971344897758,Femenino,2024-06-16
cl_06341,Toribio Mayo Solana,rcalvet@example.net,0274186523671,Masculino,2024-04-05
cl_06342,Adelaida Sáenz Toledo,francisco-josebelmonte@example.org,8273157709027,Femenino,2024-06-16
CL-06343,Gaspar de Cabezas,ibautista@example.net,1189668678284,Femenino,2023-12-16
cl_06344,Arsenio de Valverde,regulojauregui@example.org,3838036427960,Desconocido,2024-07-01
CL-06345,,lrodrigo@example.com,3463899327337,Femenino,2024-06-28
CL-06346,Plinio Sierra Vila,viviana47@example.net,8041370387178,Femenino,2025-02-28
cl_06347,Segismundo Marco Peña,clara43@example.org,8622120757926,Femenino,2024-11-20
CL-06348,José Ángel Quintanilla Palacio,pili58@example.com,123456,Femenino,2025-01-25
CL-06349,Ester Pulido Mateos,ogomez@example.com,6340934956026,Femenino,2024-09-13
CL-06350,Tomás del Murillo,,7844585480005,Masculino,2024-03-25
cl_06351,Encarnación Calvet Calatayud,dalilabejarano@example.com,6973623644609,Masculino,2024-08-14
CL-06352,Fortunato Bas,bayonmerche@example.net,5913014006374,Masculino,2024-12-01
CL-06353,Lupe Victoriano Acosta Alcalde,barrerafabio@example.org,2178515749501,Femenino,2024-10-25
CL-06354,Samuel Verdejo-Valls,jose-miguel36@example.net,6180069335081,Femenino,2025-04-29
CL-06355,Cristóbal López Albero,humbertocanovas@example.org,3624654650811,Masculino,2025-06-17
CL-06356,Luz Bayo-Álamo,javi83@example.org,2909778458400,Masculino,2024-04-12
cl_06357,Toribio Coca Artigas,jimena23@example.net,9962554194259,Masculino,2024-06-13
cl_06358,Tecla Caballero Cuadrado,miguelamedina@example.net,9984958700022,Femenino,2023-09-28
CL-06359,Vanesa Llano,rossebastian@example.com,3104492099459,Femenino,2024-03-27
CL-06360,@Oliver,arcoambar@example.net,123456,fem,2024-03-09
cl_06361,Joaquín Ortuño-Mínguez,ricardavillalobos@example.org,2464833652810,Femenino,2025-06-12
CL-06362,Bruno del Manjón,tferrero@example.com,5366256775127,Femenino,2025-08-03
CL-06363,Jaime Expósito,marita52@example.net,1613460646532,Masculino,2025-08-19
CL-06364,Lisandro Abellán Armengol,martorellleonor@example.org,3754091040682,Masculino,2024-02-16
cl_06365,Nereida de Velasco,bbaro@example.net,1341966155501,Femenino,2024-08-30
CL-06366,Marc Águila-Arregui,jordavilma@example.net,9071086356209,Masculino,2024-03-07
CL-06367,Vidal Perez Chamorro,alfonso19@example.com,6339377651453,Masculino,2023-11-18
CL-06368,Florencio Rosales-Bustos,eligioreguera@example.org,2935997564521,M,2025-03-10
cl_06369,Gloria Candelaria Guillen Rivero,elbavendrell@example.com,4072739851262,Femenino,2024-05-23
CL-06370,Valeria del Bartolomé,,9784237124510,Masculino,2025-03-08
CL-06371,Venceslás Pera Martinez,iborrego@example.com,3005561716385,Femenino,2025-05-11
CL-06372,Morena del Ferrán,maria-angeles60@example.com,+34800 65 25 28,Masculino,2026-01-01
CL-06373,Glauco Miguel Aller Bertrán,plinio62@example.net,9841410712345,Masculino,2025-05-20
CL-06374,Eloísa Estrella Saldaña Mata,ines77@example.org,8961706157494,Masculino,2024-10-17
CL-06375,,castejonpacifica@example.net,1979452925618,Masculino,2025-08-27
CL-06376,Sancho Casares Martínez,zllopis@example.net,7611372106716,Desconocido,2025-08-19
cl_06377,Rosalina Costa Jaume,amaya19@example.org,1535385580471,Masculino,2023-11-11
CL-06378,Imelda Granados Mata,gabriel51@example.org,3187333378594,Femenino,2025-04-17
cl_06379,Rosendo Valera-Quintero,adoracion20@example.com,4887639346956,Femenino,2025-05-05
,Vicente Sevilla,,3927313912588,Femenino,2024-09-11
CL-06381,Aristides Almagro Mateos,nico02@example.com,1484752911176,Femenino,2023-10-14
cl_06382,Narcisa Morante Arellano,oroma@example.net,4783493876470,Masculino,2024-08-19
CL-06383,Angelina del Tejada,alvarosanabria@example.com,4129161986607,Femenino,2025-07-13
cl_06384,Benito Acosta,vendrellmaximiano@example.net,+34 926157085,Femenino,2024-03-22
cl_06385,Damián Marqués Barberá,mataelba@example.com,5806928918443,Masculino,2023-09-25
cl_06386,Edelmiro Eugenio Sanmiguel Gras,qledesma@example.com,0352776309234,Masculino,2024-08-24
CL-06387,María Cases Villalobos,marisahoz@example.org,8160935713010,Femenino,2025-03-04
CL-06388,Tania Puig Melero,palomarnazario@example.net,9570523766797,Masculino,2024-01-13
CL-06389,Gabriel Calderon,pporta@example.org,6618014592569,Femenino,2024-01-17
CL-06390,@Oliver,correo@.com,6534550833466,Femenino,2026-01-01
CL-06391,Almudena Anglada,casalfortunato@example.org,7902837041473,Femenino,2023-12-29
CL-06392,Leopoldo Chacón Sabater,aprat@example.com,1790002629315,Desconocido,2025-05-30
cl_06393,Lina Pinto-Milla,ceciliamiro@example.org,8175060729004,Masculino,2023-11-08
cl_06394,Rubén Barberá,carrerasabraham@example.org,8911778268458,Masculino,2025-02-02
cl_06395,Horacio Castillo,sigfrido36@example.com,4575993329968,Masculino,2025-04-25
cl_06396,Paola Cuenca Ramirez,cayetano09@example.net,61234abc,Femenino,2024-09-18
CL-06397,Ainoa Alexandra Roldan Azcona,gilabertbasilio@example.org,4529541383421,Masculino,2025-01-31
cl_06398,Otilia Isabela Sanmartín Montoya,inigo81@example.org,4041407846908,Femenino,2025-01-09
cl_06399,Anabel Menéndez-Mas,nayaracozar@example.com,6034171673971,Masculino,2024-12-31
CL-06400,José Luis Barral Querol,,7810935948838,M,2025-06-13
CL-06401,Maximiano del Bermudez,osoler@example.org,0039893035700,Femenino,2024-07-15
CL-06402,Iris del Sabater,clotilde60@example.com,7324979774773,Femenino,2024-02-15
CL-06403,Elodia Velasco Lucena,kconesa@example.net,0731942123299,Masculino,2024-04-23
cl_06404,Nieves Sainz-Jara,graciajaume@example.org,8766731980277,Masculino,2023-10-03
CL-06405,@Oliver,gabaldonmaria-luisa@example.net,2692091688685,Femenino,2023-12-16
CL-06406,Jorge Pol Corominas,leonnatalio@example.org,8648343798028,Masculino,2023-10-06
CL-06407,Martín Acedo Valle,cosmepont@example.com,0293146789088,Masculino,2024-05-30
CL-06408,Samu Correa Acedo,colomascension@example.com,6-123-456,Femenino,
cl_06409,Alexandra del Posada,carmen64@example.net,2129722974840,Femenino,2025-05-31
CL-06410,Daniel González Casas,fpinedo@example.net,9442619472436,Femenino,2025-04-08
cl_06411,Cintia Mateo Artigas,ubenavente@example.com,5926753836860,Femenino,2023-09-18
cl_06412,Alfredo Alcalá Valls,inocencioplana@example.com,0830147926902,Femenino,2025-03-14
cl_06413,Ángel Carnero,camaramaria-teresa@example.com,2279284975790,Masculino,2024-12-02
CL-06414,Carmelo Martin Bueno,gilnatanael@example.org,5012919367951,Masculino,2024-08-12
CL-06415,Pepito Marcial Cornejo Valle,canalsdaniela@example.net,0857555497593,Femenino,2024-06-28
CL-06416,Marisa Castilla Ruano,jacobomosquera@example.net,3955592069461,fem,2024-02-08
cl_06417,Modesto Arnau Cerdá,nievesbru@example.com,0625417685106,Masculino,2023-11-25
CL-06418,Ramiro del Nuñez,campoyconrado@example.org,7442870190828,Masculino,2024-09-27
CL-06419,Wilfredo Pascual,edelmirogimenez@example.com,1747431985185,Femenino,2024-06-18
cl_06420,,,+34 842 77 21 08,Femenino,2024-07-10
cl_06421,Caridad del Tenorio,vareladesiderio@example.net,2070581602038,Femenino,2025-03-05
CL-06422,Rosendo Águila Céspedes,rosendoconde@example.net,8932179292532,Femenino,2024-03-16
CL-06423,Emigdio Puerta Andrade,pacifica57@example.net,3077879367980,Masculino,2024-06-03
CL-06424,Blanca de Pérez,maria-josecosta@example.com,9448131913342,Desconocido,2025-04-13
cl_06425,Liliana Frutos Baena,zaida01@example.org,5231941625440,Femenino,2025-06-10
CL-06426,Fidel del Coloma,adelaidavelazquez@example.net,6077720167798,Femenino,2025-06-06
cl_06427,Herminia del Ruiz,palomorosalia@example.net,7614233044827,Masculino,2024-06-08
CL-06428,Aroa Larrea Cabeza,juanita23@example.com,4062484368501,Femenino,2023-12-11
CL-06429,Nerea Buendía Villalonga,espiridionmilla@example.net,4230428796727,Masculino,2024-07-08
cl_06430,Rico Solera Company,,1092920203817,Masculino,2024-06-28
CL-06431,Bartolomé Arranz Camps,pedro83@example.org,7046694380855,Masculino,2024-07-26
cl_06432,Macario Andres Arranz,verdugonilo@example.org,123456,Desconocido,2025-07-15
CL-06433,Julián Escobar Ibáñez,qgordillo@example.org,0049307305981,Masculino,2024-02-23
cl_06434,Elvira Gual Ramírez,realsoledad@example.net,2100169232081,Femenino,2024-04-22
CL-06435,@Oliver,mberrocal@example.org,5837745954702,Femenino,2023-09-17
CL-06436,Mariano Caparrós Calzada,luispalomar@example.net,9418281576255,Femenino,2024-05-26
cl_06437,María Trujillo Gibert,luis-angelbusquets@example.net,7263749891911,Masculino,2025-08-28
CL-06438,Rosalva Alvarado-Arjona,lalogonzalo@example.org,2508552688589,Femenino,2024-05-18
CL-06439,Nerea Benavides Alegre,brioneschus@example.com,2325306515441,Masculino,2025-07-04
CL-06440,Carmelo Sotelo-Amores,uarregui@example.net,4148664780087,M,2025-01-07
CL-06441,Crescencia Petrona Coronado Gras,aitor61@example.com,3165323178619,Femenino,2025-08-28
CL-06442,Celia Romero Cerdá,ymontalban@example.net,1964767674885,Femenino,2024-10-26
CL-06443,Ximena Ramírez Segovia,isidoro58@example.net,9170295891220,Femenino,2025-04-08
cl_06444,Francisco Javier Merino Rojas,zmontenegro@example.com,+34826880486,Femenino,2026-01-01
CL-06445,Esperanza Valera Madrigal,curro72@example.com,1575761414066,Masculino,2023-11-03
CL-06446,Adela Rosa Calvo Morán,luciano78@example.org,0668191493347,Femenino,2023-09-10
CL-06447,Marino Acevedo,estradajose-antonio@example.org,1676334692508,Femenino,2024-02-07
CL-06448,Vilma Espada-Carmona,ramonmanzano@example.net,3413733018442,Femenino,2024-07-11
cl_06449,Dionisio Amores Chaparro,rufinagonzalez@example.org,7968763896869,Femenino,2024-10-26
CL-06450,@Oliver,anastasioiglesia@example.com,5138432302688,Masculino,2025-06-07
CL-06451,Severino Flor-Elías,qsalamanca@example.net,1691288109185,Femenino,2024-12-30
CL-06452,Leonor Capdevila Lozano,barberoofelia@example.org,4845299700438,Femenino,2025-04-08
cl_06453,Isaías de Gordillo,mohamedseco@example.com,5479971875376,Femenino,2025-06-16
cl_06454,Rosario Garriga,manolasoria@example.net,1714202619649,Masculino,2025-05-04
CL-06455,Leticia Jover Mate,fausto82@example.org,3896814377444,Masculino,2025-05-04
CL-06456,Renata Casanovas Guzman,angela71@example.net,6-123-456,fem,2025-06-25
cl_06457,Moreno Pons Palacio,mpuente@example.org,5871412753784,Masculino,2025-07-17
CL-06458,Roque Alcalá Domínguez,agustinguadalupe@example.org,7624753351412,Masculino,2025-02-01
cl_06459,Carmina Marqués Roda,munozencarnita@example.com,1867212398371,Masculino,2023-11-09
,Andrés del Novoa,@gmail.com,5944853958500,Femenino,2025-05-10
cl_06461,Pastor Martin-Campoy,bilbaonerea@example.com,1952518830591,Masculino,2025-06-30
CL-06462,Corona Elías Calvet,larreaclara@example.net,1887685460721,Femenino,2026-01-01
cl_06463,Tiburcio Alarcón Toro,remedioscarranza@example.net,3622622359868,Femenino,2025-05-12
CL-06464,Rosa María Castell Martí,pastorvera@example.com,4998273227647,Femenino,2024-11-14
CL-06465,@Oliver,gabinovalbuena@example.com,0080264938872,Femenino,2024-09-03
CL-06466,Concha Georgina Teruel Pineda,ribavenceslas@example.com,6234909552015,Masculino,2024-03-01
CL-06467,Marta Crescencia Valbuena Campillo,mugicacelestino@example.net,0145019835660,Masculino,2024-06-07
CL-06468,Bonifacio Peña-Palma,arnaizisidoro@example.com,61234abc,Masculino,2024-09-21
cl_06469,Estrella Sáez Tolosa,galobecerra@example.net,9996107714413,Femenino,2024-06-18
cl_06470,Baltasar Emiliano Villena Carnero,,2588300020002,Femenino,2024-01-16
CL-06471,Violeta Gutierrez Iniesta,zjaume@example.net,9911325520503,Femenino,2025-07-30
CL-06472,Chus Isern Cervantes,opulido@example.org,7981612811297,M,2024-07-01
cl_06473,Juanita Azcona,lucascozar@example.net,3584878038270,Masculino,2024-10-14
CL-06474,Íngrid Tormo Mata,viniciotorrecilla@example.org,9816559150350,Femenino,2024-02-15
CL-06475,Arcelia Miralles Ponce,osegarra@example.com,6340247085617,Femenino,2024-08-16
CL-06476,Arturo Briones Cano,eutimio60@example.net,2701503805953,Femenino,2023-10-21
cl_06477,Alondra Melero Machado,bernarditacespedes@example.org,6624903663736,Femenino,2025-05-30
CL-06478,Lorenza Arco Prieto,arnaujoan@example.net,3133578050724,Femenino,2024-04-03
CL-06479,Alcides Vives Falcón,olegariosantana@example.net,3048884118043,Masculino,2024-01-19
,,,6-123-456,Desconocido,2024-01-01
CL-06481,Nacio Peralta Rojas,maria-del-carmencanizares@example.net,7158095308055,Masculino,2025-04-05
CL-06482,Celestino Oliva Conesa,victoria70@example.net,5981508736488,Femenino,2024-02-05
CL-06483,Abel Anglada Codina,barrioroman@example.net,3096603632022,Femenino,2024-11-03
CL-06484,Reyna de Quiroga,remediospedraza@example.com,5896070619907,Femenino,2024-01-29
CL-06485,Gerardo Sáez Medina,leivaoctavio@example.org,7543362209200,Femenino,2024-06-30
CL-06486,Sergio Díaz Fernández,lobatodimas@example.org,6061646408786,Femenino,2025-05-01
CL-06487,Ángela Cabeza Salmerón,polvinicio@example.net,2182303679598,Femenino,2025-03-07
CL-06488,Esther Palma Carrión,ericgaray@example.com,4451869180739,fem,2025-04-12
cl_06489,Nieves Corbacho Carpio,leonmarco@example.net,6374941358848,Femenino,2025-05-18
cl_06490,Esteban Cabanillas Jerez,correo@.com,4753150661543,Femenino,2025-07-06
cl_06491,José María Alex Porta Nebot,torrensamelia@example.org,3139702331381,Masculino,2024-05-26
CL-06492,Silvestre Tamarit Morell,giselavillar@example.com,123456,Masculino,2024-11-11
CL-06493,Gonzalo Portero-Campos,chuy87@example.net,5856435266825,Masculino,2024-06-24
cl_06494,Borja Porcel Rosales,raimundo41@example.com,6646297886113,Femenino,2024-12-05
CL-06495,123,saraamo@example.org,4711946231545,Femenino,2024-10-20
cl_06496,Ricarda Soria Tomás,efrutos@example.net,5455798168750,Desconocido,2025-04-02
CL-06497,Zaira Pavón-Alsina,flaviaverdugo@example.com,1755780244201,Masculino,2024-07-05
CL-06498,Carla Mendez Torrens,paulino91@example.org,8425796332265,Femenino,2024-02-03
CL-06499,Flavio Baena Castell,anabel21@example.net,6969847868682,Femenino,2025-01-13
,Jose Miguel Bosch Lopez,,6971208897487,Masculino,2025-02-25
cl_06501,Ernesto Tomas,martiiris@example.org,6681878609436,Masculino,2025-04-06
CL-06502,Celestina Carvajal-Melero,hipolitoredondo@example.net,2961680505042,Masculino,2024-01-15
CL-06503,Selena Terrón Olivares,noeliagrau@example.org,9944237496468,Femenino,2024-11-06
CL-06504,Adelardo de Terrón,madridcustodio@example.com,+34 826122431,fem,2024-11-20
cl_06505,Encarnación del Arteaga,valcarceltimoteo@example.org,1752827002048,Femenino,2024-06-15
CL-06506,Marco Bellido Marí,maximabilbao@example.com,1314093634672,Masculino,2024-03-23
cl_06507,Salud Zamorano Pellicer,aitanafabra@example.net,7321261280320,Masculino,2024-02-17
CL-06508,Angelino Francisco Jose Sanmiguel Escamilla,nietoleyre@example.net,3098417889786,Femenino,2024-12-05
CL-06509,Manuelita Tello-Arregui,atilio53@example.org,4380871535735,Femenino,2025-05-09
CL-06510,123,correo@.com,8591892719698,Femenino,2025-01-21
CL-06511,Feliciano Meléndez Bellido,tmontana@example.net,0180012670423,Masculino,2025-02-07
CL-06512,Custodio Miró Santos,cayetano55@example.com,8554903799511,Femenino,2023-12-18
CL-06513,Olegario Domínguez Figueroa,alba52@example.org,0418796570262,Femenino,2025-08-02
CL-06514,Fito Mateu Gras,tomasernesto@example.org,6156277568847,Femenino,2023-12-11
CL-06515,Noa Rodríguez Juan,vperez@example.com,1382350490838,Masculino,2025-03-06
CL-06516,Adoración de Pomares,azahar96@example.net,61234abc,Femenino,2026-01-01
cl_06517,Maribel Flor Mármol,edgardoposada@example.net,0530743430438,Masculino,2025-06-11
CL-06518,Apolonia Catalina Osorio Cuervo,abilio28@example.com,9043163338023,Femenino,2025-07-23
cl_06519,Pelayo Lloret,aromeu@example.com,9271501167131,Masculino,2023-12-17
,Ildefonso Héctor Cuadrado Mármol,doroteamateo@example.org,7297509518203,Masculino,2024-06-13
cl_06521,María Pilar del Torres,tomas07@example.com,0014807248549,Femenino,2024-01-07
cl_06522,Albina Roig Zamorano,larauribe@example.net,9703999027640,Femenino,2024-12-18
CL-06523,Ariel Isa Ballesteros Antúnez,haromacaria@example.com,1465125485992,Femenino,2024-09-01
CL-06524,Clotilde Menendez Jaume,galanalberto@example.com,3886071136550,Femenino,2024-10-26
cl_06525,123,csotelo@example.org,5942654459760,Femenino,2025-06-19
CL-06526,Maite Antúnez Alberto,rodolfocarranza@example.org,1603002421075,Femenino,2024-09-11
CL-06527,Feliciana Bueno Villalonga,maciasbelen@example.com,0800723718215,Femenino,2024-04-28
CL-06528,Melchor Mateo,dheras@example.org,+34 949 75 11 20,Femenino,2024-11-11
CL-06529,Lorenzo del Bayón,miguelalberto@example.net,1572336568769,Femenino,2023-12-16
CL-06530,Irene Carranza Adán,correo@.com,4206797289865,Masculino,2025-07-31
CL-06531,Severino Amigó-Perea,gzabaleta@example.com,5002986328029,Femenino,2024-11-14
cl_06532,Aura Ropero Higueras,varribas@example.com,6954743530918,Femenino,2024-04-02
CL-06533,Zaira Jove Alonso,maria-angeles17@example.net,4092696378362,Masculino,2025-06-01
CL-06534,Cipriano Ríos Linares,cosme52@example.com,2555082206471,Masculino,2024-10-23
cl_06535,Lara Lladó Rosell,barbara76@example.net,6341799416066,Femenino,2024-05-07
cl_06536,Inocencio Salas Arellano,faustinofont@example.net,1308267612517,fem,2024-05-22
CL-06537,Perla Cuéllar Millán,almazanvanesa@example.com,3882743168942,Femenino,2025-04-09
cl_06538,Delfina Áurea Carbó Busquets,gustavolozano@example.org,2382524223681,Masculino,2024-07-07
cl_06539,Alba Cruz,herberto32@example.com,0963107059773,Masculino,2025-06-14
CL-06540,123,correo@.com,6-123-456,Femenino,2024-02-11
CL-06541,Darío del Escribano,danielasolsona@example.org,6740883509431,Masculino,2023-10-03
CL-06542,Eva María Rodrigo-Marí,oarroyo@example.com,2583949588840,Femenino,2023-10-10
cl_06543,Dorita Cloe Martín Cuenca,melisa11@example.com,8639014892159,Femenino,2024-01-17
cl_06544,Victoria Aguilera Valenciano,bernardino77@example.net,8687132645624,Femenino,2023-10-02
cl_06545,Emigdio Tello Real,anacleto38@example.org,9962451609768,Femenino,2024-05-30
cl_06546,César Mateos Perea,pelayolola@example.org,2406304738095,Masculino,2024-01-30
CL-06547,Constanza Giner Pinto,danparejo@example.org,5338535547674,Femenino,2025-03-25
cl_06548,Rosalva Morera Adadia,cecilia20@example.org,9576197854030,Femenino,2023-09-23
CL-06549,Victoria Gomez-Castrillo,romulo02@example.org,1788349675229,Masculino,2024-10-02
CL-06550,Odalys Cuesta Saldaña,@gmail.com,5445978035328,Masculino,2024-01-04
CL-06551,Josefa Granados Amo,vsoler@example.com,7272186507888,Masculino,2025-03-16
cl_06552,Laura Alberto Castell,eustaquio48@example.com,123456,Femenino,2025-07-08
cl_06553,Haroldo Tudela Alarcón,mugicabenita@example.com,0952277032437,Masculino,2024-02-22
CL-06554,Alejandra del Martinez,arielaguado@example.com,6840920655022,Masculino,2024-04-30
CL-06555,,noemi59@example.com,7852785211037,Femenino,2023-12-31
cl_06556,Hernando Goicoechea Aranda,ana-belen30@example.com,5037556185063,Femenino,2025-07-18
cl_06557,Basilio Domingo Román,martina36@example.com,7020722376408,Masculino,2024-11-04
cl_06558,Ignacia Alfonso Ojeda,adelinaotero@example.com,5569519844217,Femenino,2025-01-24
cl_06559,Fernanda Charo Múgica Cortina,hcarlos@example.org,3440499507049,Femenino,2025-07-13
,Gisela Palomares Batalla,,4570629365247,M,2024-01-02
CL-06561,Benita Melero Pino,micaela95@example.org,5016673877873,Masculino,2024-08-22
CL-06562,Teobaldo de Guerra,salomagustina@example.net,5483687023797,Femenino,2025-06-12
cl_06563,Basilio Fiol Montalbán,sadan@example.net,9404292335895,Masculino,2023-12-21
CL-06564,Liliana Coloma Cases,olga54@example.net,61234abc,Masculino,2023-10-19
CL-06565,Juanita Segura Ruano,teresitaojeda@example.org,4726366875850,Masculino,2025-08-03
cl_06566,Mireia Pulido Torrecilla,benitocanals@example.net,7921195235587,Masculino,2024-01-02
CL-06567,Armida Ana Belén Baena Recio,prudencioaller@example.org,4661997329052,Femenino,2024-06-11
cl_06568,Aarón Carreras-Bárcena,ramiroporcel@example.net,3451330810877,Masculino,2024-02-13
CL-06569,María Belén Bonilla Vidal,bernardablazquez@example.net,5678373124022,Masculino,2025-01-31
cl_06570,@Oliver,,7800520396142,Masculino,2026-01-01
cl_06571,Eufemia Sofía Marí Giralt,quirosedgar@example.org,1417171106562,Masculino,2024-10-28
cl_06572,Rufina Chaves Olivé,florentinadiez@example.net,2212513859242,Femenino,2025-08-11
cl_06573,Hermenegildo Reyes Marí,irma69@example.net,4615832647192,Masculino,2025-06-14
CL-06574,Cruz Uriarte Cañas,srivera@example.com,8896911229206,Masculino,2025-02-06
CL-06575,Carolina Nevado Morillo,abrahambarroso@example.net,9828875922271,Masculino,2024-08-06
cl_06576,Sebastian del Macias,chuchocerezo@example.org,61234abc,fem,2024-03-17
CL-06577,Roberto Vendrell Riera,jjaume@example.com,1524453165141,Femenino,2024-02-12
CL-06578,Lidia de Ríos,nicolasalopez@example.com,6712421095231,Masculino,2025-03-01
CL-06579,Macario Cano,qramirez@example.net,2454429871152,Femenino,2025-01-31
CL-06580,Adelardo Ureña-Pou,correo@.com,1289301641669,Masculino,2023-09-18
CL-06581,Azucena Bas Cervera,geronimoquintana@example.com,0935075151404,Femenino,2025-05-20
CL-06582,Rufino Espada Borrego,godoyanacleto@example.com,0438242041873,Femenino,2023-12-11
cl_06583,Jessica Blasco-Goñi,mtorrent@example.com,3395119368837,Femenino,2025-05-11
CL-06584,Angelino Ramis Gárate,lchico@example.net,0258348783993,Femenino,2024-09-06
cl_06585,,francoregulo@example.net,6926503316546,Femenino,2024-10-26
cl_06586,Ricarda Reig-Jordán,rguerrero@example.net,7404970285265,Femenino,2025-06-07
CL-06587,Felicidad Llorens Almazán,torrijosfernando@example.org,7705778176572,Femenino,2025-07-19
CL-06588,Anselma del Santana,morantefrancisco-jose@example.net,61234abc,Masculino,2024-05-07
CL-06589,Florinda Caro-Garmendia,planasandres@example.com,5020802949896,Masculino,2023-10-30
CL-06590,Felicidad Doménech,,7139680072062,Masculino,2024-07-08
cl_06591,Débora Lluch Vilaplana,rubenfuertes@example.net,5114230943575,Femenino,2024-02-19
cl_06592,Pancho Armengol Sarmiento,villenadelia@example.org,9665748529604,Femenino,2024-09-21
cl_06593,Daniel Morera Verdejo,blanca94@example.com,4086523145395,Masculino,2023-11-22
cl_06594,Nicolasa Calatayud,obdulia39@example.org,0713608106860,Femenino,2025-05-06
cl_06595,Lino Sabater Belda,quique27@example.org,7489088478472,Masculino,2024-09-26
CL-06596,Abigaíl Llanos Gámez,teofila94@example.com,1355732447672,Femenino,2023-10-06
CL-06597,Esteban Alemán Jara,emiliaatienza@example.com,1624911203820,Masculino,2025-06-09
CL-06598,Silvio Estévez-Samper,prudencia58@example.net,1633605495082,Masculino,2025-04-14
CL-06599,Amador Baena,valerohernando@example.com,5810489264070,Masculino,2024-12-07
CL-06600,123,correo@.com,+34 920 717 998,Masculino,2023-12-08
CL-06601,Reinaldo Suarez Higueras,wjordan@example.net,2910208521033,Femenino,2025-07-11
CL-06602,Marino del Guillén,varrieta@example.org,8382770158688,Masculino,2025-05-23
CL-06603,Vicenta Contreras Castell,boschteodora@example.org,5341943440191,Masculino,2023-11-26
CL-06604,Adoración Gutiérrez Maza,ecasal@example.net,5156526819398,Masculino,2025-07-21
cl_06605,Adelaida Somoza,calixtoherranz@example.org,2639224827396,Femenino,2025-06-11
CL-06606,Serafina de Benet,casandraaparicio@example.net,8219665956853,Femenino,
cl_06607,Soledad Malo Vicens,mascaromicaela@example.com,8326677175817,Femenino,2025-03-18
CL-06608,Azahara del Castro,leonor70@example.org,5409590035005,fem,2024-11-26
CL-06609,Salud Donoso Galindo,arnaumarisa@example.net,7466707560197,Masculino,2024-09-02
CL-06610,Elba Gallart Llopis,,8643853891834,Masculino,2024-04-05
CL-06611,Julia Esther Carrasco Jurado,albasalomon@example.com,1719109764807,Masculino,2024-11-06
CL-06612,Gema Téllez Hervás,vayllon@example.net,61234abc,Femenino,2024-10-20
CL-06613,Noé Alberdi-Moya,fito85@example.com,5188319023645,Masculino,2024-02-09
cl_06614,David Salgado,renato95@example.com,8239403522153,Masculino,2025-03-01
cl_06615,@Oliver,verduvictoria@example.org,9841945990926,Masculino,2024-02-28
CL-06616,Octavio Frutos,rseco@example.org,0201384675896,fem,2025-04-05
cl_06617,Feliciano Cornejo-Osorio,castillohilario@example.org,8316742997122,Masculino,2024-08-29
CL-06618,Jonatan Sarabia Sáez,ochoarolando@example.net,8951244473286,Masculino,2024-03-31
CL-06619,Florencio Gil Serna,mauricio39@example.net,3744879882249,Masculino,2025-07-17
CL-06620,Graciela Salamanca-Porta,correo@.com,3594367939854,Femenino,2023-10-22
cl_06621,Olalla Córdoba,carrerassalud@example.net,9679128673991,Femenino,2023-11-30
cl_06622,Sofía Larrea Galiano,nachoalfaro@example.com,3875372763861,Femenino,2025-06-01
CL-06623,África Zamora-Valcárcel,marianela60@example.org,8151253309901,Femenino,2024-05-27
CL-06624,Anabel Castilla Quintanilla,graciano73@example.com,123456,fem,2026-01-01
CL-06625,Melchor del Flores,quirinoasensio@example.net,1545054971446,Femenino,2025-04-17
CL-06626,Bernabé Cid Torres,haroldopedrosa@example.net,8734883817167,Femenino,2025-02-17
CL-06627,Ximena Mayo Santiago,faustino43@example.net,4390847834797,Femenino,2025-03-02
CL-06628,Loreto Exposito Macías,enrique04@example.com,0181486111928,Femenino,2023-10-18
cl_06629,Severino Néstor Hervia Campos,romanteodora@example.net,2976896910014,Femenino,2025-02-04
CL-06630,@Oliver,parejojorge@example.net,7498683136429,Masculino,2024-10-14
cl_06631,Fernanda Morán Manjón,tormogalo@example.org,3193951380894,Femenino,2025-04-28
CL-06632,Josep del Lamas,cristinalamas@example.com,8521413559527,fem,2025-07-11
CL-06633,Encarnacion Leonor Mateu Baeza,erasmo70@example.net,5099479732679,Femenino,2024-10-15
cl_06634,Carmela Sol Vilanova Palau,mhernandez@example.org,3021675051517,Femenino,2025-04-25
cl_06635,Blanca del Taboada,mendezaroa@example.net,6083366055531,Masculino,2024-02-09
cl_06636,Emilia Ordóñez Garzón,ani28@example.com,123456,Masculino,2024-04-12
CL-06637,Ildefonso Ferrer,xgascon@example.net,2292858314151,Femenino,2025-06-06
CL-06638,Imelda Peiró Castell,mateo97@example.net,9454118471843,Femenino,2024-08-22
CL-06639,Fermín Peralta Castillo,querodiana@example.org,3641678729086,Masculino,2025-07-15
,Valerio Quero Bayón,correo@.com,5128966143807,Desconocido,2025-04-15
cl_06641,Toño Hervia,fabregatflavia@example.net,3225017774481,Femenino,2025-01-14
cl_06642,María Dolores Coloma Barrios,inmaculada37@example.org,1906679137413,Femenino,2024-07-06
CL-06643,Galo Blázquez Jimenez,naleman@example.org,5173720992357,Masculino,2024-05-19
CL-06644,Pascuala Milla Ariño,lara25@example.net,9258640439930,Femenino,2024-08-29
cl_06645,,maricelaantunez@example.net,4302712049140,Masculino,2023-10-24
CL-06646,José Ángel Nicolau Olmo,coboanastasia@example.com,1253950800865,Masculino,2024-08-29
cl_06647,Severo del Toledo,teresasegovia@example.org,4706386374796,Masculino,2025-01-20
CL-06648,Bonifacio Duran Polo,barcenajordi@example.com,61234abc,Femenino,2023-11-11
CL-06649,Sebastian del Quiroga,manuelrico@example.com,5342522803905,Femenino,2025-02-27
CL-06650,Juana de Lopez,@gmail.com,1029310616133,Masculino,2023-09-30
cl_06651,Felix Velázquez Galiano,herediaruperto@example.com,4934219503085,Femenino,2024-10-31
CL-06652,Sebastián del Flor,martinalbina@example.org,4279119333310,Femenino,2024-10-18
cl_06653,Elisabet Chacón,dmanuel@example.net,8861111814254,Masculino,2025-07-01
cl_06654,Bernardino Amor Mur,mohamed21@example.com,1517208681337,Masculino,2025-07-18
CL-06655,Casandra Frutos Olivé,riquelmegregorio@example.com,1632302483420,Femenino,2024-03-25
CL-06656,Pepe del Ugarte,iroma@example.com,2605324286942,fem,2024-06-06
CL-06657,Edmundo Borrell Quirós,rnunez@example.com,6130550353279,Femenino,2025-07-07
CL-06658,Nydia Puga Velasco,lazaro62@example.org,1019366355928,Masculino,2023-10-01
CL-06659,Bárbara Sainz Gomila,reyesnogueira@example.com,1842325149142,Masculino,2024-09-07
,,,61234abc,Masculino,2026-01-01
CL-06661,Moisés Primitivo Ochoa Araujo,eliseovizcaino@example.com,8646225525131,Masculino,2024-02-08
CL-06662,Daniela Molins-Herrero,haroldo17@example.org,0811641997765,Femenino,2024-02-10
cl_06663,Vito Santamaria Tormo,fortunato73@example.com,8008774616553,Masculino,2024-03-21
CL-06664,Salvador Ropero Perera,carmelita47@example.org,2100419220204,Masculino,2025-08-15
CL-06665,Samanta Bernarda Bellido Valls,olalla76@example.net,4489809450856,Masculino,2024-05-08
CL-06666,Felix Izquierdo Alcaraz,arenascecilio@example.net,3836737500398,Masculino,2023-12-17
CL-06667,Judith Uribe Chamorro,cuevasalbert@example.net,8490597439435,Femenino,2024-01-29
cl_06668,Yésica Benita Chico Barros,seguracandelario@example.org,1938369422453,Masculino,2025-05-24
CL-06669,Malena del Acedo,jdonoso@example.org,5323085174310,Masculino,2025-02-07
cl_06670,José Mari Verdejo,,6672080990657,Masculino,2023-12-15
CL-06671,Clementina Pérez-Muñoz,carbonellwilfredo@example.com,6841846696366,Masculino,2023-12-31
cl_06672,Beatriz Florentina Arias Arranz,kmontesinos@example.org,6-123-456,Femenino,2025-02-04
CL-06673,Sabas Mayo Belda,pisern@example.net,5529294573689,Masculino,2024-09-02
cl_06674,Amando Villena Lasa,jimenamartinez@example.com,9713670920434,Masculino,2024-03-02
CL-06675,123,cisnerosanita@example.com,5583520050085,Masculino,2023-11-02
cl_06676,Victoriano Fiol Campoy,aperales@example.org,4787841913317,Femenino,2023-11-04
cl_06677,Che Guerrero-Hidalgo,ismael56@example.org,0767026844263,Femenino,2025-07-02
cl_06678,Pascual Madrid Castilla,pascual79@example.com,9211601631099,Femenino,
CL-06679,Jessica Paula Gracia Alcántara,wgarate@example.org,3406566120283,Femenino,2024-10-25
CL-06680,Saturnina Joaquina Bernad Cuevas,,9518876158643,Masculino,2024-06-07
CL-06681,Juan Manuel Iniesta-Gimenez,ealamo@example.org,6943117650120,Femenino,2025-06-19
CL-06682,Débora Echevarría,vicente78@example.net,6567194632413,Masculino,2024-07-18
CL-06683,Charo Uriarte Gracia,amparoporta@example.org,9603475719178,Masculino,2024-03-06
cl_06684,Néstor Alba,corona56@example.org,+34924 759 822,Femenino,2024-12-11
CL-06685,Tania Begoña Cabañas Reig,ferminrivero@example.org,4444260876906,Masculino,2024-09-10
CL-06686,Amaya Busquets Méndez,quevedobartolome@example.com,2645229329203,Masculino,2024-04-23
CL-06687,Florencia Bonet Mercader,estefaniamateu@example.org,9724707926402,Femenino,2024-06-18
CL-06688,Luz Armas Gallego,carrerasbalduino@example.org,4592591226533,fem,2025-04-23
cl_06689,Eladio Contreras Arenas,colomdionisio@example.net,7830848085158,Femenino,2024-12-06
cl_06690,Candelario Agustín Flor,@gmail.com,0524388898035,Masculino,2024-11-20
cl_06691,Espiridión de Vázquez,agapitocabrera@example.net,3194113797194,Masculino,2025-07-04
cl_06692,Agustín Niño Salazar,amorgarzon@example.com,2655276689466,Masculino,2024-08-22
CL-06693,Bernardino Ferrán Meléndez,penasserafina@example.com,9951791475438,Masculino,2025-08-16
CL-06694,Eleuterio Monreal,elpidio63@example.net,2770618928988,Femenino,2025-05-22
CL-06695,Jacobo Mata-Calatayud,loretosalmeron@example.org,6215381567207,Femenino,2024-02-02
CL-06696,Susana Comas-Amaya,perlaserra@example.com,+34974 88 71 64,M,
CL-06697,Fulgencio Peñalver-Godoy,placidotorrens@example.com,2421273348766,Femenino,2024-08-11
CL-06698,Antonia Dafne Camps Lozano,nicolasavives@example.net,4043431111732,Masculino,2025-07-25
CL-06699,Florina Amada Fuente Nogués,sevillaroberta@example.net,2270172534859,Femenino,2024-02-02
CL-06700,Haroldo de Casanovas,@gmail.com,8684206166387,Femenino,2023-08-29
CL-06701,Hilda Canales Morcillo,zarcos@example.com,6485157122338,Femenino,2025-04-12
cl_06702,Dora Cabeza,pinaesteban@example.net,7483368894953,Masculino,2025-06-19
cl_06703,Rómulo del Santana,rgarrido@example.net,2258679395044,Masculino,2025-04-10
CL-06704,Angelita de Machado,marcela07@example.com,3640006938927,Masculino,2024-12-14
CL-06705,,arandanayara@example.com,6319589935260,Masculino,2025-06-27
CL-06706,Morena Checa Palma,mendezmayte@example.net,4027573201406,Masculino,2024-01-13
cl_06707,Benjamín Corominas Valle,gutierrezeligio@example.net,0150861361998,Femenino,2025-06-08
CL-06708,Íñigo Vigil Sanabria,abayon@example.org,123456,Masculino,2025-04-15
CL-06709,Andrés Balaguer Chico,wbaquero@example.org,7174684960135,Femenino,2024-08-11
CL-06710,Octavio Lledó,pintorrenato@example.com,4206092771265,Masculino,2024-06-07
CL-06711,Alicia Barros,rolandopeiro@example.org,9941466008593,Masculino,2025-08-27
CL-06712,Javi Corral Martín,agata81@example.org,4675149605001,Femenino,2024-01-19
cl_06713,Imelda Olivia Villanueva Molina,mtello@example.org,9894817682104,Femenino,2024-07-22
CL-06714,Rolando Domínguez Roura,gallolucio@example.com,3592140723884,Femenino,2026-01-01
CL-06715,Mateo Flor Hidalgo,calixtamelero@example.org,8829781270806,Masculino,2024-02-25
CL-06716,Cándido Bernardo Ochoa Ortuño,ciborra@example.org,6441424331193,Femenino,2023-11-08
CL-06717,Lucho Ródenas,arcoxiomara@example.org,1461538298756,Masculino,2024-02-01
CL-06718,Ezequiel Ramirez-Hoz,chemavila@example.org,1618238635054,Masculino,2025-07-31
CL-06719,Mercedes Mendoza Saldaña,machadoroman@example.net,7809974634182,Femenino,2024-03-20
,Germán Baeza-Zamorano,matiasarregui@example.net,+34 971356905,Femenino,2024-07-10
cl_06721,Godofredo Fuertes Mir,mcampoy@example.net,2869532139177,Masculino,2025-06-07
cl_06722,Jose Carlos Anastasio Meléndez Coca,prico@example.net,2914591461725,Masculino,2023-09-03
CL-06723,Sarita de Manzano,lalo02@example.net,7484734238409,Masculino,2024-04-18
cl_06724,Julieta Quiroga Valera,ignacia22@example.org,4799153451287,Masculino,2025-04-30
CL-06725,Leonel Canet-Cisneros,antoniarodriguez@example.com,2190513274133,Masculino,2025-07-09
CL-06726,Ascensión Batalla Tomas,silvagerman@example.com,8286317565359,Masculino,2025-06-23
CL-06727,Rufina Bermejo,eleuterio36@example.net,7343602362140,Masculino,2024-02-17
CL-06728,Faustino Valero Hoz Soler,esperanzareguera@example.net,0729918959199,M,2024-12-13
CL-06729,José Mari Artigas Ríos,gomezzaida@example.org,7808429302508,Masculino,2024-09-12
CL-06730,Mohamed Carretero Nicolás,,4253946454569,Femenino,2023-10-31
cl_06731,Luis Miguel Garcia Borrell,arenasjacinto@example.com,0838203284912,Masculino,2023-12-22
CL-06732,Amílcar Mancebo,gabriela05@example.org,123456,Masculino,
CL-06733,Silvio Molins Amores,heliodoroarmengol@example.com,3423447451263,Masculino,2024-04-11
CL-06734,Candelaria Nidia Solano Rocha,paz28@example.org,8708409558914,Femenino,2023-09-12
CL-06735,@Oliver,marianoescobar@example.com,9128273068173,Masculino,2024-08-27
CL-06736,Zoraida Evangelina Cuervo Oliver,cisnerostere@example.net,0374539592440,Desconocido,2025-04-18
CL-06737,Francisco de Pi,hervastristan@example.com,3741409301634,Femenino,2023-10-04
CL-06738,Manu de Mesa,samuelalmeida@example.com,7214150475477,Femenino,2024-12-24
CL-06739,Alfonso Gomila-Bravo,toledoamando@example.org,4450828165277,Femenino,2024-02-28
CL-06740,Duilio Calatayud Llanos,,7698565325294,Femenino,2023-12-19
cl_06741,Bernardo de Rey,bernabe33@example.net,8731887730240,Masculino,2024-07-18
cl_06742,Edelmira Eufemia Alberdi Pons,barreraamor@example.com,8744699761540,Femenino,2024-12-09
CL-06743,Francisco Javier Maxi Taboada Sanz,xborja@example.org,9236537218371,Masculino,2025-02-13
CL-06744,Asdrubal Anguita Mur,solanodalila@example.org,61234abc,Femenino,2025-08-01
cl_06745,Felix Pinilla,jacintocalvo@example.org,7751966923447,Masculino,2024-09-02
cl_06746,Rosaura Herrera Téllez,esther94@example.org,6340983132573,Femenino,2025-06-13
CL-06747,Damián del Morante,nalemany@example.com,5562770223117,Femenino,2025-04-09
CL-06748,Nereida Figuerola Nadal,guiomar78@example.net,0221371540832,Femenino,2025-01-08
CL-06749,Salomé Alemany Almagro,roberta11@example.org,9058932867652,Masculino,2023-11-28
cl_06750,@Oliver,,6178198640298,Masculino,2023-10-22
CL-06751,Gonzalo Crespi Soler,ferrandezlourdes@example.org,8765822453705,Masculino,2024-08-04
CL-06752,Renato del Ureña,aranzazu80@example.org,8574085435869,Masculino,2025-08-01
CL-06753,Horacio Sarmiento Peñas,sanabriajafet@example.org,1539813024501,Femenino,2023-11-24
cl_06754,Jafet Barros,javieracerda@example.com,2124581343047,Femenino,2025-04-08
cl_06755,Montserrat Navas,erasmoaguilar@example.net,8791567183377,Femenino,2024-10-06
CL-06756,Marcelino Llorens,pacalledo@example.com,6-123-456,Masculino,2024-08-16
cl_06757,Modesto Canals,concha52@example.com,9855057500444,Masculino,2023-08-31
cl_06758,María Dolores Neira Cuevas,marianofeliu@example.net,4441669688193,Femenino,2023-11-08
CL-06759,Cándida Oriana Arévalo Durán,glauco50@example.com,4554244847809,Masculino,2024-11-07
CL-06760,Paco Barriga-Mascaró,@gmail.com,7580099294770,Masculino,2025-08-12
CL-06761,Albano Font,ktrujillo@example.org,7297737726145,Masculino,2024-08-10
CL-06762,Javiera Aller Posada,fmenendez@example.com,7832741592518,Femenino,2023-11-21
CL-06763,Chus Solana Cano,serafina46@example.com,8005259022773,Femenino,2025-01-29
cl_06764,Vilma de Jimenez,alonsomaria-pilar@example.org,9610396999028,Masculino,2023-09-05
cl_06765,@Oliver,navaseusebia@example.com,6407988887503,Masculino,2025-07-12
CL-06766,Pastor Orozco Sotelo,ygabaldon@example.net,2061667511294,Femenino,2023-11-10
CL-06767,Lara Roma,tescriva@example.com,3414691120825,Femenino,2024-07-28
cl_06768,Cintia Miró Alegre,lburgos@example.com,61234abc,Desconocido,
CL-06769,María Corral Quiroga,damiancorbacho@example.com,0012947778445,Masculino,2025-06-19
CL-06770,Alex Cal Portero,,1091799087085,Masculino,2025-02-14
CL-06771,Ariadna Escobar Almansa,berrocalpia@example.org,7426331451338,Femenino,2024-07-21
CL-06772,Máximo Madrigal,barrenaelodia@example.com,6028044703277,Femenino,2024-08-02
CL-06773,Jeremías del Tomas,perla03@example.net,2868791222986,Femenino,2025-04-03
CL-06774,Marisela Español Leiva,pastordalila@example.org,8645641788855,Femenino,2024-02-06
cl_06775,Eutropio Luna Martorell,maximianocastejon@example.com,4179327244366,Masculino,2025-03-06
CL-06776,Horacio Bustos Manjón,gabriela89@example.com,6720587902124,Femenino,2025-04-01
CL-06777,Vilma Zoraida Santana Villaverde,ngutierrez@example.net,2766869262765,Femenino,2025-02-27
cl_06778,Olegario Pinedo Mayol,ponseusebio@example.org,1546527153366,Femenino,2025-05-12
cl_06779,Francisco Javier Carlos Sanabria Bonet,jenniferotero@example.org,8467473576440,Femenino,2024-06-26
,@Oliver,atienzareinaldo@example.org,61234abc,Masculino,2023-10-17
CL-06781,Valerio Roura Adadia,lorenza94@example.net,9556040582295,Femenino,2023-12-05
cl_06782,Mireia de Arana,ccanizares@example.org,7396500650463,Femenino,2024-03-20
CL-06783,Judith del Quintana,carolinabellido@example.org,3884981491959,Femenino,2025-07-22
CL-06784,Arturo Beltrán Arnau,ltormo@example.com,0154304627101,Masculino,2025-01-01
CL-06785,Juan Antonio Guiomar Luján Azcona,perlacordoba@example.net,7997910776099,Femenino,2025-05-08
CL-06786,Marcelino Roselló Catalán,gonzalezjulia@example.com,5754734185340,Masculino,2026-01-01
cl_06787,Camila Castillo Soto,otiliacamacho@example.org,3305900864997,Femenino,2025-01-25
CL-06788,Noa Alicia Luís Mateu,noa46@example.org,6355277311019,Masculino,2023-12-08
CL-06789,Tiburcio Puig Expósito,cesar09@example.org,6572420311814,Femenino,2023-10-26
CL-06790,Fausto Abad Juan,,0371066427202,Femenino,2024-09-09
CL-06791,Pánfilo Parejo Calvo,romeronatalia@example.net,2305999206010,Femenino,2025-07-17
cl_06792,Paloma Cordero Carlos,marco13@example.org,123456,M,2025-08-21
CL-06793,Dionisio de Zapata,panfilosanchez@example.net,6512531525456,Femenino,2024-07-27
CL-06794,Yaiza Galan Montes,fmelendez@example.com,1268024286993,Masculino,2024-11-16
CL-06795,Luz Viñas Espejo,torrenscristina@example.org,1503788310634,Masculino,2024-10-15
CL-06796,Fito Ambrosio Rodríguez Moya,toribiobravo@example.org,3742138308433,Femenino,2025-01-13
cl_06797,Mireia Hernandez-Gimeno,toni25@example.org,7845457770422,Masculino,2025-06-12
CL-06798,Raúl Ortiz Bernal,luna42@example.net,7636463669689,Masculino,2024-11-13
CL-06799,Anita Cantón Amaya,floragueda@example.net,5609965548849,Masculino,2024-02-08
,Casemiro Egea López,tmenendez@example.com,9994685361013,Femenino,2024-04-02
CL-06801,Amaro Miralles,brigida16@example.org,9246675329582,Femenino,2025-04-14
cl_06802,Elpidio Seco Buendía,ciriacomoran@example.org,1761595821725,Femenino,2024-11-12
CL-06803,Consuela Gordillo,kpomares@example.net,3855262646509,Femenino,2025-04-01
cl_06804,Gregorio del Mínguez,nicolassegarra@example.net,6-123-456,Masculino,2026-01-01
CL-06805,Reyes del Bas,xferran@example.net,6614124007061,Femenino,2025-02-23
CL-06806,Goyo Bolaños Escrivá,marcbonet@example.org,5503996311419,Femenino,2024-08-06
CL-06807,Ovidio Garzón Rozas,pnicolas@example.net,4376981053462,Masculino,2024-03-10
cl_06808,Eutropio Manzano Arjona,peiroolalla@example.com,5274532384646,Desconocido,2023-09-01
CL-06809,Pepe Morata Herrera,colivares@example.net,2844473945286,Masculino,2023-12-08
CL-06810,123,correo@.com,3224018744329,Femenino,2025-06-14
CL-06811,Isaura Ariño Abril,trujillocecilio@example.org,6573613185704,Femenino,2023-09-06
cl_06812,Desiderio Mir Rocha,maria-del-carmen86@example.net,4768505184308,Masculino,2024-05-02
cl_06813,Ruperto Villegas-Borrego,mlinares@example.org,9800570161722,Femenino,2023-09-20
cl_06814,Eusebia Escribano Vargas,borrellsol@example.com,4297484938515,Masculino,2025-04-28
CL-06815,Óscar Verdugo Bellido,rsalvador@example.org,0521059632315,Masculino,2025-05-13
cl_06816,Adelia Prieto Gordillo,qluz@example.com,6-123-456,M,2024-12-25
CL-06817,Juliana Cerezo Garmendia,wmurillo@example.com,7054498682563,Masculino,2025-07-21
cl_06818,Isidoro Valenciano Vilalta,dlozano@example.com,4769044725523,Femenino,2025-01-05
CL-06819,Belén Acosta Recio,ascension35@example.org,4110120391891,Masculino,2024-02-18
,Leire Yáñez Alba,,6323663919946,Masculino,2024-12-09
cl_06821,Olga del Pacheco,elpidioborja@example.com,5242939196426,Masculino,2024-10-06
cl_06822,Francisca Barrena Aguilera,isauraluque@example.org,9038680403676,Masculino,
CL-06823,Pepito Pablo Cabo,chaconencarnita@example.com,1979369915098,Masculino,2025-04-04
cl_06824,Nicolás Alsina Benítez,herreramar@example.org,6915199645189,Desconocido,2025-04-24
cl_06825,,bernardinomendez@example.net,3729638175574,Masculino,2024-08-20
cl_06826,Alba Aparicio,maria-dolores90@example.com,2138131450875,Femenino,2025-06-02
CL-06827,Custodio Bernardino Ramos Monreal,maximabarriga@example.com,1755194756477,Masculino,2024-06-15
CL-06828,Juana Duque,rubenvall@example.org,+34 924 013 865,Femenino,2024-08-16
CL-06829,Albano Luna Ojeda,dazaregulo@example.org,5803987112626,Femenino,2024-11-07
cl_06830,Patricia Bermejo Duque,,6218002550127,Femenino,2025-05-04
CL-06831,Teodoro Hervia-Cadenas,anibalsarabia@example.net,0403354554272,Masculino,2025-01-28
cl_06832,Mario Dimas Valcárcel Heredia,urosello@example.org,9730703270836,Desconocido,2023-10-18
CL-06833,Juan Manuel Oliver,icortes@example.net,0694054132975,Masculino,2023-10-07
CL-06834,Rogelio Calderón-Frutos,teofilosoler@example.net,5051816956169,Masculino,2024-02-28
CL-06835,Sebastian Luciano Montenegro Navas,paloma30@example.net,5655823367704,Femenino,2025-08-25
cl_06836,Guiomar Martin Quintanilla,andres-felipeolmedo@example.com,9147323589804,Femenino,2024-09-13
CL-06837,Estrella del Menéndez,ramonamendizabal@example.org,7320883209442,Masculino,2024-02-10
CL-06838,Jovita Lobo Morera,odalis52@example.com,1716690381189,Femenino,2024-06-16
cl_06839,Paz Flores Villar,leoncioangulo@example.net,7771897539028,Femenino,2025-01-27
CL-06840,123,,+34 943 61 24 58,M,
CL-06841,Hernán Cepeda Ruiz,herminiabuendia@example.com,1980231315150,Femenino,2024-10-19
CL-06842,Fortunato Nogueira Guerrero,lujanmarcela@example.com,6137167910353,Masculino,2025-04-04
CL-06843,Luis Marín Yuste,esteban85@example.com,4487919586291,Masculino,2024-04-26
CL-06844,Candelaria Ramis Ramón,vargasmontserrat@example.net,3999228492196,Masculino,2023-08-30
CL-06845,Ariel Gallego Cardona,maria-carmen01@example.com,6336787163304,Masculino,2024-02-20
CL-06846,Nereida del Cabrera,benita98@example.com,8075141970716,Masculino,2024-12-17
CL-06847,Amarilis Morata Mir,bcarreno@example.net,0763340663893,Femenino,2025-04-19
CL-06848,Tomás Rueda Pujadas,nereida12@example.net,3884405249761,Femenino,2024-01-04
cl_06849,Lisandro Alfaro-Parra,luis42@example.com,3799305603309,Femenino,2025-04-09
CL-06850,Leandra Llamas Ariza,@gmail.com,9577490586074,Masculino,2024-05-25
CL-06851,Blas Bellido Batlle,blazquezadolfo@example.com,5796233954692,Femenino,2024-11-27
CL-06852,Lourdes Tejedor Clemente,yessicaamores@example.net,6-123-456,Femenino,2024-05-27
CL-06853,Manuel Valls,nunezflorencia@example.org,0225151425986,Masculino,2024-10-05
CL-06854,Ramón Bernal Huertas,consuelo52@example.net,5639692257952,Femenino,2023-10-03
CL-06855,123,jose-manuelcuenca@example.com,4509771797289,Masculino,2024-02-07
cl_06856,Maximino Mayol Carrión,gomezale@example.com,4039838432331,Desconocido,2025-01-15
cl_06857,Ovidio Colomer Moles,angelisa@example.com,0027437900949,Femenino,2024-08-28
cl_06858,Rosalinda Anabel Rosell Quintero,urenacelestino@example.com,1309048889456,Femenino,2025-03-16
cl_06859,Nando Ferrero-Vigil,urenabenigno@example.org,0033161428029,Femenino,2024-04-17
,Dorotea León Roma,,8933251537243,Masculino,2025-03-28
CL-06861,Genoveva Zamorano Marín,romanleire@example.net,9911719066166,Masculino,2023-11-29
cl_06862,Trinidad Salmerón Cabrero,amilcar47@example.org,3832239164269,Femenino,2025-02-12
CL-06863,Cebrián Ruano Moll,wcuadrado@example.org,0969001560013,Femenino,2024-02-11
CL-06864,Mónica Ramis Carretero,cristinacozar@example.net,61234abc,Desconocido,2024-12-16
cl_06865,Noemí del Lozano,mgonzalez@example.net,7140520956751,Femenino,2023-11-30
cl_06866,Leyre Murcia Pedrero,uvendrell@example.org,2621826296069,Femenino,2024-09-14
cl_06867,Eugenia Olivares-Muñoz,ursula89@example.com,0176767436427,Masculino,2024-03-23
CL-06868,Piedad Sancho Ribas,maria-manuela72@example.org,2709623768057,Femenino,2024-06-25
cl_06869,Eric Vidal Elías Bustamante,geronimocanete@example.com,8017758498919,Femenino,2024-04-24
cl_06870,@Oliver,,8600013005580,Masculino,2025-06-01
CL-06871,José Mari René Bou Mateos,hsalazar@example.com,0069419085463,Femenino,2024-07-20
CL-06872,Sancho Alejandro Grau Gutiérrez,posadasalomon@example.net,8534184165219,Masculino,2025-04-26
CL-06873,Gastón Jove Quevedo,paloma45@example.org,3928577249584,Femenino,2025-03-26
cl_06874,Curro Viña Guillén,maximilianogallardo@example.net,9271857528482,Masculino,2025-08-24
CL-06875,Rafaela Bermúdez,lino15@example.net,2274882567253,Masculino,2025-04-22
CL-06876,Francisco Javier Mateu Cabo,oatienza@example.com,6-123-456,Femenino,
cl_06877,Albano Román Benavides,peraandrea@example.org,9403484188506,Masculino,2025-06-14
cl_06878,Charo Guerra Tolosa,techeverria@example.net,5955562692450,Masculino,2024-11-17
CL-06879,Amado Fuente Cepeda,morena33@example.net,2525611282418,Masculino,2023-09-19
CL-06880,Ricarda Laguna-Arce,,2507287156179,M,2024-11-19
CL-06881,Filomena Clavero Guardiola,torrensjuan-carlos@example.org,4969267971511,Femenino,2025-01-26
cl_06882,Herminia Soler Calderón,salvador87@example.org,3495448899599,Masculino,2025-04-05
CL-06883,Martín Amo Alonso,ocastrillo@example.net,7503808613349,Masculino,2025-02-20
cl_06884,René Roma Aranda,isaurasegovia@example.org,2628946493773,Masculino,2025-06-17
CL-06885,123,asensiooscar@example.net,7059098777892,Femenino,2023-10-31
cl_06886,Hipólito Andres Sala,manuelmaria@example.com,8320518742142,Masculino,2024-09-27
CL-06887,Ligia Cózar Miralles,guzmanpalmira@example.net,7216664024224,Masculino,2025-01-25
CL-06888,Roxana Carrasco-Prieto,juan-bautistamir@example.net,61234abc,fem,2025-05-15
cl_06889,Flavia Rodríguez,ester82@example.org,6369578660707,Masculino,2024-11-04
CL-06890,María Teresa Camacho Portero,,2577164708197,Masculino,2024-09-29
CL-06891,Ámbar Acevedo-Barberá,joaquinatenorio@example.org,1918245777036,Masculino,2024-07-16
CL-06892,Aureliano Alegria-Díaz,nleon@example.com,9595915564967,Masculino,2024-08-22
cl_06893,Carina Hernando Cerdán,lorenza75@example.net,8428336399559,Masculino,2025-03-31
cl_06894,Alonso Alberto Adadia,cozaremma@example.org,6671546996656,Masculino,
CL-06895,Dolores Soriano Bolaños,ferrandezjulio-cesar@example.org,0281155733161,Masculino,2024-08-31
CL-06896,Pastor Castañeda Palmer,jose-carlospou@example.com,3772232509143,Femenino,2025-03-27
cl_06897,Cornelio Lara Carlos,gaguilo@example.com,0339630690573,Femenino,2025-07-30
CL-06898,Agustina Gil-Casares,eloy78@example.org,8224945459410,Femenino,2024-07-12
cl_06899,Estefanía Sáenz Escamilla,meleroariel@example.com,2918616833655,Masculino,2025-06-08
cl_06900,,,61234abc,Femenino,2024-06-24
CL-06901,Fernando Pepe Ramis Pacheco,vcriado@example.com,3223379076183,Femenino,2024-12-18
CL-06902,Juan Manuel Manrique Malo,galvezruben@example.net,9779306846869,Femenino,2024-05-17
CL-06903,Manuelita Martirio Pintor Aparicio,vaqueroteresa@example.net,2106969417249,Femenino,2024-04-15
cl_06904,Teresita Álvaro Bonet,jeronimo89@example.com,6502988578031,Desconocido,2024-07-02
CL-06905,Dulce Ordóñez Casares,caridadgarriga@example.com,0448142886242,Masculino,2025-08-04
CL-06906,Lucila Salcedo Ramos,renataprada@example.com,5045561063788,Femenino,2024-01-13
cl_06907,Basilio Hector Pi Fonseca,qcastillo@example.net,2024670324766,Femenino,2024-08-14
cl_06908,Virgilio Sanz Roig,teofila94@example.com,5712856473499,Masculino,2024-01-19
CL-06909,Juan Antonio Soto-Grau,linaresdiego@example.org,2846013897146,Masculino,2024-10-24
CL-06910,Nerea Llorens Vazquez,conesagoyo@example.net,8047368953070,Masculino,2023-12-08
CL-06911,Jordana Zabaleta Tirado,karaujo@example.com,8064724870161,Masculino,2024-09-21
cl_06912,Paula Fabra Carnero,florentina60@example.org,61234abc,M,2024-12-09
CL-06913,Ruperta Josefina Jordán Aguiló,pvalles@example.org,2461037894825,Femenino,2023-12-30
CL-06914,Crescencia Canet Nadal,ibarramauricio@example.com,6768393145532,Masculino,2025-05-12
CL-06915,,freyes@example.net,7457425152737,Femenino,2023-09-15
cl_06916,Emiliano Mancebo Berrocal,parnau@example.com,2582929952538,Masculino,2024-09-09
CL-06917,Cleto Castell,lorenzogodofredo@example.net,1413890031461,Masculino,2025-06-21
CL-06918,Daniel Requena Corral,sanmartinjimena@example.net,9949010560670,Femenino,2025-02-05
cl_06919,Visitación Diego Coronado,jjove@example.org,4747953682089,Masculino,2023-12-23
CL-06920,Iván Vidal Arco,,2434316586242,fem,2025-02-24
cl_06921,Cristian Canet Blanca,liliana14@example.net,5173440205229,Masculino,2025-05-26
cl_06922,Pancho Malo-Pinto,parrafidel@example.org,5673313819563,Masculino,2024-02-19
CL-06923,Ricardo Pineda,vgutierrez@example.net,1294686571684,Masculino,2024-09-16
cl_06924,Emilia Millán-Noriega,sanchezmayte@example.com,6-123-456,Masculino,2024-10-13
CL-06925,Gertrudis Barco Caballero,prudencioabad@example.org,1096317602884,Femenino,2023-10-10
CL-06926,Vera Poza Tenorio,bbermudez@example.org,5604273083990,Masculino,2024-08-10
CL-06927,Modesta Pol Canet,rufinaguillen@example.net,3906787403829,Femenino,2024-05-25
cl_06928,Aura Hoz Cano,tnunez@example.org,1597559384930,Masculino,2025-07-02
cl_06929,José Talavera Casares,lunaveronica@example.net,3689501703426,Masculino,2025-04-13
cl_06930,,tsanmartin@example.com,9790709565816,Femenino,2026-01-01
cl_06931,Tatiana Alfaro Calleja,evita96@example.net,4839291331412,Femenino,2025-03-24
cl_06932,Salvador Avilés Hervia,alejandropareja@example.org,9853638230740,Femenino,2024-07-17
CL-06933,Cosme Luque-Alcolea,yamo@example.com,9679648057720,Masculino,2024-08-02
CL-06934,Conrado Francisco Jose Cabello Perea,vinicio65@example.com,3584955740097,Femenino,2025-01-21
CL-06935,Rogelio Barrena Garzón,wilfredosotelo@example.com,7775493318628,Femenino,2024-12-31
cl_06936,Lupe Diéguez,vbriones@example.org,123456,Masculino,2024-04-06
CL-06937,Jose Ignacio Torralba Antúnez,cristianhierro@example.org,9983039033475,Femenino,2024-06-04
CL-06938,Germán Salmerón Alcolea,yllado@example.net,9464043432391,Masculino,2025-03-02
CL-06939,Amando Pablo Ferrán,samaya@example.net,1439357572075,Masculino,2024-11-04
CL-06940,Rodrigo Bayón Gutierrez,evangelina43@example.net,7228986784846,Masculino,2023-10-18
CL-06941,Jose Angel Gálvez Rius,ana-sofiacrespi@example.com,4106326799879,Femenino,2024-02-24
CL-06942,Manolo Peral Baños,toribio87@example.org,5275929918193,Femenino,2024-01-16
CL-06943,Susana Rojas Valera,regulo93@example.org,0238441135518,Masculino,2023-09-04
cl_06944,José Mari Macías Valero,bruno99@example.com,6308108733343,Femenino,2025-02-26
CL-06945,Sol Valenzuela Arrieta,quirinoreal@example.com,5580399003692,Masculino,2025-03-10
CL-06946,Chema Estevez Segovia,lmorell@example.net,7834707382374,Masculino,2024-05-15
CL-06947,Elodia Rocamora Goicoechea,wchaparro@example.com,7346122928131,Masculino,2023-11-03
CL-06948,Araceli Pedrero Baños,vito13@example.net,6-123-456,Masculino,2026-01-01
CL-06949,Hugo de Fuster,llozano@example.org,2556242824993,Femenino,2024-06-15
CL-06950,Marisela del Jódar,@gmail.com,6384965580954,Femenino,2024-02-08
cl_06951,Alma Pelayo-Ramirez,loreto21@example.net,3323249646898,Femenino,2024-01-15
cl_06952,Chita Tomás Bárcena,rosalindadominguez@example.org,8844946815067,Desconocido,2025-08-05
cl_06953,Antonia Doménech Crespi,carmela60@example.org,9660104769149,Masculino,2024-01-15
cl_06954,Fernanda Yuste Moles,guardianydia@example.org,3728910073011,Femenino,2024-12-05
CL-06955,Wálter Toni Guzmán Pagès,evaristo85@example.net,5428925683203,Masculino,2024-07-11
CL-06956,Nélida Borja Solsona,zsolano@example.net,6264780504277,Femenino,2025-03-18
CL-06957,Coral Castellanos-Quevedo,jcases@example.org,9653488334702,Femenino,2024-03-14
CL-06958,Efraín Cepeda Bartolomé,lberenguer@example.com,5783183466264,Masculino,2024-03-26
cl_06959,Cándida Azahar Ribes Gallart,amaromartinez@example.org,1500125959613,Femenino,2024-11-01
,Leyre Escamilla-Luján,@gmail.com,6-123-456,M,2023-10-09
CL-06961,Nicolás Jose Carlos Zamora Vélez,gmarquez@example.com,2681651794636,Masculino,2024-09-25
CL-06962,Ramón Querol Gordillo,lduarte@example.com,4635096709438,Femenino,2025-04-01
CL-06963,Cayetano del Lloret,murhipolito@example.com,2196872204266,Femenino,2024-09-20
CL-06964,Mireia Susanita Cuervo Menendez,candelaparedes@example.org,4298769279537,Femenino,2024-10-19
CL-06965,Inmaculada Maldonado Planas,arsenio19@example.com,6049887964072,Femenino,2025-06-16
CL-06966,Aurelia Anunciación Osorio Batlle,qferrandez@example.com,6346179956034,Femenino,
CL-06967,Aurelio Bermejo Izaguirre,ale64@example.com,8649995634171,Femenino,2023-10-31
CL-06968,Emilio Núñez Manzanares,uespana@example.org,4783634537873,fem,2025-03-30
CL-06969,Mar Barón Ferrán,victorescriva@example.org,0858567283080,Femenino,2024-10-14
CL-06970,Onofre Jose Carlos Valls Alcaraz,nestor88@example.org,0078474540583,Femenino,2024-03-20
cl_06971,Aníbal Vargas Guardiola,desideriosedano@example.org,2129073251373,Femenino,2025-07-06
cl_06972,Selena Arco Ojeda,aurelia25@example.org,61234abc,Masculino,2024-02-23
cl_06973,Édgar Gastón Gomila Falcó,efrain22@example.org,6634104719258,Femenino,2025-02-27
CL-06974,Clímaco Salas Gárate,tomasa83@example.org,6177584350327,Masculino,2024-06-11
CL-06975,Florentino de Torralba,canalesruben@example.com,3568896402630,Masculino,2023-12-05
cl_06976,Teófila de Expósito,emorcillo@example.org,8573668725047,Masculino,2024-05-31
cl_06977,Danilo Luís,colomalmudena@example.org,7708756001649,Masculino,2025-02-27
CL-06978,Delia Carbajo Cabrera,ucardenas@example.org,6755359081338,Masculino,2025-07-11
CL-06979,Íngrid Abril Falcón,maria-cristinavergara@example.net,4225800206019,Masculino,2025-01-20
CL-06980,Tomasa Crespo Chaves,,3904025171953,Masculino,2024-09-08
CL-06981,Plácido Sancho Ferrán,naroca@example.net,5992461719520,Femenino,2025-06-19
CL-06982,Marisol Calzada Alcolea,vitofrias@example.org,9975816227277,Masculino,2024-01-16
CL-06983,Ibán de Rico,calzadanidia@example.com,4048825105571,Femenino,2023-12-27
CL-06984,Valentina Clementina Lara Alcázar,pacodiez@example.net,61234abc,Desconocido,2024-12-19
CL-06985,Carlos Barco Coello,morenochus@example.com,5989087098646,Masculino,2023-11-09
cl_06986,José María Carmona Benítez,jose-luispoza@example.net,3414045102502,Masculino,2025-06-02
cl_06987,José María Leiva Goicoechea,nazaret82@example.net,1240592745539,Femenino,2024-11-17
CL-06988,Fernando de León,albaadan@example.net,3108043876334,Masculino,2024-10-15
CL-06989,Agustín Ariza-Prats,droig@example.net,4096103126767,Femenino,2025-03-29
CL-06990,Custodia Donoso,correo@.com,8624308306779,Masculino,2025-05-20
CL-06991,Sofía Febe Paz Santamaría,almazanhilda@example.net,3924901214295,Femenino,2024-12-13
cl_06992,Georgina Borrego-Vázquez,juliebarroso@example.net,6597174229720,Femenino,2025-03-17
cl_06993,Verónica Almagro Marcos,barberaamancio@example.com,9897463140640,Femenino,2024-01-12
CL-06994,Maricruz Rico-Saavedra,dpaez@example.net,4760240109693,Masculino,2025-06-26
cl_06995,Ignacia Amorós Romero,catalanmaximiano@example.com,1736237201739,Masculino,2025-07-30
CL-06996,Teresa Asenjo Priego,herbertoromero@example.net,6-123-456,Femenino,2024-12-30
cl_06997,Lorenza Chico,soleeugenia@example.com,1539057893915,Masculino,2024-04-16
CL-06998,Ismael de Giralt,wmerino@example.net,0785570460330,Masculino,2025-05-21
cl_06999,Camilo Garzón Mora,fibanez@example.net,5898229183942,Femenino,2023-10-27
CL-07000,Saturnina Roca Sanz,,9232812956489,Femenino,2025-03-10
cl_07001,Gregorio Pastor Calderón,bosorio@example.com,5398024139101,Femenino,2024-08-08
cl_07002,Máxima Valls Pérez,pinedogracia@example.net,5198350244801,Femenino,2026-01-01
cl_07003,Benjamín Clavero Camps,castrilloeustaquio@example.org,8958533738498,Femenino,2023-09-02
CL-07004,Epifanio Nadal Fuster,noe94@example.net,0712803926378,Femenino,2023-11-17
CL-07005,Jose Francisco Roman Priego,gutierrezbelen@example.net,2430427343849,Femenino,2025-08-04
cl_07006,Martina Baena Márquez,simongonzalo@example.net,6175055658204,Femenino,2025-04-29
CL-07007,Amada Teófila Baeza Arnaiz,gregoriofont@example.org,2026628430495,Masculino,2023-11-30
cl_07008,Catalina Hurtado Arrieta,ycoloma@example.com,+34800 276 120,Masculino,2024-11-08
cl_07009,Ariel Segarra Castañeda,cbaro@example.com,4185141311351,Masculino,2025-03-01
cl_07010,Gabino Guzman Marti,correo@.com,3394291086986,Masculino,2024-12-03
CL-07011,Adelardo Sevillano Cortés,fortunatoherranz@example.com,1170007066277,Masculino,2025-08-27
CL-07012,Reyna Mir Mas,mfrutos@example.com,7063447826373,Femenino,2024-12-08
cl_07013,Calista Villanueva Grau,annaespana@example.org,7666052986327,Masculino,2024-06-05
CL-07014,Raquel Manzano Lumbreras,mendezmarita@example.com,4936952625030,Femenino,2024-12-09
cl_07015,León Isaías Jara Vázquez,celestina92@example.net,9795518129843,Femenino,2024-11-19
CL-07016,Mayte Garriga-Rios,bpedrosa@example.net,6746371817858,M,2023-12-28
CL-07017,René de Donaire,mayoralteresita@example.com,4991439485103,Femenino,2024-07-11
CL-07018,Rosalina Arce Trujillo,pintorsabina@example.com,7599231634729,Femenino,2025-07-26
CL-07019,Fabricio Raimundo Real Ojeda,lalo34@example.com,9938764067526,Masculino,2024-06-22
,123,,6-123-456,Masculino,2023-10-06
CL-07021,Severo Nazario Crespo Requena,chuszabala@example.net,1576492869264,Masculino,2025-08-06
cl_07022,Evita Haro Nogués,nuria23@example.net,9612236947993,Masculino,2024-03-04
CL-07023,Carolina Mercedes Sans Francisco,galo46@example.net,8212145315091,Masculino,2024-03-29
cl_07024,Manola Ariño Escrivá,felisatrujillo@example.net,4992264814528,Femenino,2025-03-11
CL-07025,Esteban Serra Rodriguez,bpatino@example.net,6515472362973,Femenino,2025-01-19
cl_07026,Jenaro Óscar Frías Llopis,manuelitaexposito@example.net,7879507822823,Masculino,2025-05-29
CL-07027,Severino Ferrero,cosme45@example.com,6208509270527,Masculino,2024-10-08
CL-07028,Antonio Andrés Felipe Bastida Lucena,jose-luismanuel@example.net,4732889203203,Femenino,2025-03-31
CL-07029,Bernardo Blanca Luz,mariasalgado@example.com,0470883059178,Masculino,2024-03-14
cl_07030,Rosario Tormo Rosa,qcasal@example.com,0153402163016,Masculino,2024-11-24
cl_07031,Cosme Carlos Huguet,rocamoraemiliana@example.net,5460832242613,Masculino,2025-04-16
cl_07032,Baudelio del Goicoechea,berengueralfonso@example.net,+34885068223,fem,2024-09-30
CL-07033,Cirino Lasa Olivera,ernestopalmer@example.com,0275520688342,Femenino,2024-04-26
CL-07034,Luz de Torralba,inmaculadamesa@example.net,1065126016132,Masculino,2025-06-21
CL-07035,123,bborras@example.org,5904896345640,Masculino,2025-02-08
cl_07036,Sandalio Prada Marco,hlluch@example.org,9369344182296,Femenino,2023-11-02
cl_07037,José Mari Ortuño Casal,sacristangabriel@example.com,4106837759567,Masculino,2024-07-11
CL-07038,Julio César Guitart,ernesto00@example.net,4542693221558,Masculino,2024-05-04
cl_07039,Tania Uría Perelló,evalles@example.net,1607816227540,Masculino,2024-06-19
cl_07040,Bernarda Montserrat Posada,@gmail.com,9283582866628,Masculino,2024-09-09
cl_07041,Andrés Felipe Naranjo Cadenas,canetadrian@example.com,9389379851069,Femenino,2023-11-13
cl_07042,José Antonio Linares Verdejo,adelaidabarrena@example.com,8518198137102,Femenino,2024-06-09
CL-07043,Régulo Pérez Badía,rmosquera@example.com,0833856960502,Masculino,2024-05-31
CL-07044,Andrés Felipe Muñoz,amorosloreto@example.net,+34874 872 649,Femenino,2024-12-13
CL-07045,Casandra Seguí Zamora,almamanzanares@example.net,1992212201358,Femenino,2025-06-18
CL-07046,Vanesa Valderrama,adrianrodriguez@example.org,9118493268476,Femenino,2024-04-19
CL-07047,Martina Crescencia Oliveras Larrañaga,juan-bautista96@example.org,5909476872828,Femenino,2025-01-01
CL-07048,Alejo Peña,jose-antonio97@example.com,2430629429599,M,2025-05-10
cl_07049,León Galindo-Casal,reynaldo69@example.org,4013428773328,Masculino,2023-12-12
CL-07050,Cebrián Boix Berrocal,correo@.com,8297433149891,Masculino,2024-09-13
CL-07051,Juanito Carpio-Bravo,olmedojuan-pablo@example.org,4081326088220,Femenino,2024-03-25
CL-07052,Ángel Mosquera Alsina,sconesa@example.net,1952483551898,Masculino,2023-09-27
CL-07053,Remedios Madrid Durán,alfredoesparza@example.net,6895934750123,Masculino,2024-11-17
cl_07054,Mónica Rodrigo Peinado,bernardo98@example.com,4792512772960,Masculino,2024-10-24
cl_07055,Guiomar Marqués Jove,salinasevelia@example.net,4772643474466,Femenino,2024-06-22
cl_07056,Fernando del Codina,qripoll@example.org,123456,Femenino,2026-01-01
CL-07057,Luis Cal Torres,wacuna@example.com,8201458155204,Masculino,2024-09-20
CL-07058,Eloy Tomás Arcos,cristobalmanso@example.com,1633990898731,Masculino,2024-03-28
cl_07059,Pía de Palacio,imartin@example.net,2089384877376,Femenino,2025-01-07
,Rosario Araceli Téllez Cifuentes,,8621910052740,Masculino,2023-10-02
CL-07061,Jacinta Chelo Rueda Morán,amadorcuesta@example.com,2246698664209,Femenino,2025-01-30
cl_07062,Ramón Pazos,ypiquer@example.net,2805256525993,Masculino,2025-04-26
CL-07063,Juan Fuster Zapata,caminoabraham@example.org,3950409903690,Femenino,2025-07-10
CL-07064,Anastasio Martin Poza,nereida34@example.com,6782130704822,Desconocido,2025-02-28
CL-07065,Isidora Sanjuan Calvo,dionisia87@example.org,7016302749592,Femenino,2024-04-15
cl_07066,Paz Botella-Porta,nmartorell@example.com,7525867503741,Femenino,2023-11-20
CL-07067,Sofía Cózar Andrés,ximena82@example.net,7670618550465,Femenino,2024-07-04
CL-07068,Fortunato Puig Narváez,leonor53@example.net,+34 880584965,Masculino,2025-06-16
CL-07069,Daniel del Molins,zmorell@example.org,6478786138346,Femenino,2025-07-18
CL-07070,Cándido Moisés Osorio Llano,flosada@example.com,3848457320737,Masculino,2025-02-11
CL-07071,Eugenia Paredes Larrea,vinicio74@example.net,9912844815617,Femenino,2024-07-01
CL-07072,Marino Rueda-Cisneros,bermejoemilia@example.org,4782713826166,Femenino,2024-02-26
CL-07073,Sergio Rojas-Gallardo,cayetanoherrero@example.org,8204836370544,Femenino,2023-10-22
CL-07074,Florentino René Tello Acevedo,luisamilla@example.net,2171135214711,Femenino,2026-01-01
CL-07075,Lino Carreño Angulo,danielaznar@example.com,9750192935869,Femenino,2023-12-31
CL-07076,América de Santiago,laranerea@example.net,2949568773436,Femenino,2024-05-21
CL-07077,Santos Gonzalez Abellán,yolanda10@example.net,4404758186861,Masculino,2024-09-02
CL-07078,Melchor Ruiz-Jover,cruzcrescencia@example.com,9849863691926,Femenino,2025-02-17
CL-07079,Yaiza Talavera Fortuny,selenaacosta@example.com,3567838265806,Masculino,2024-07-01
,@Oliver,@gmail.com,+34925 85 41 24,Femenino,2023-09-18
CL-07081,Juan José Sanmiguel,mazateofila@example.com,2924631138491,Masculino,2024-07-04
CL-07082,Guillermo Quirós,raquelperalta@example.com,2387305845607,Femenino,2025-04-12
cl_07083,Basilio Álvaro Casares,ribesarcelia@example.com,8309864582559,Masculino,2024-04-12
CL-07084,Gregorio Rosa Barros,ripollmaricela@example.com,4497412521625,Masculino,2025-04-23
CL-07085,Renata González,toribio83@example.org,2185201414048,Masculino,2025-07-23
CL-07086,Norberto Cifuentes Andreu,imoliner@example.org,5358683621921,Masculino,2023-12-03
cl_07087,Delia Carrillo,ingridagudo@example.com,3051098372046,Masculino,2025-08-02
CL-07088,Venceslás Pomares Núñez,jeremias91@example.org,7153189831165,Femenino,2025-08-03
CL-07089,Eliana de Jaén,ylinares@example.com,2685584974983,Masculino,2025-08-17
CL-07090,Cesar Muro Guzman,correo@.com,0976228289852,Masculino,2025-04-17
CL-07091,Salomón Valbuena,jordianguita@example.com,7157828885780,Masculino,2024-07-15
CL-07092,Josué del Lerma,molinerteodosio@example.org,6-123-456,Femenino,2025-05-31
CL-07093,Felix Leal Marqués,venceslasarevalo@example.org,2667073156359,Femenino,2025-07-17
CL-07094,Josué Planas Rosa,neiraencarna@example.org,8667696976217,Femenino,2024-05-20
cl_07095,@Oliver,vrios@example.net,6578028641558,Femenino,2023-09-03
CL-07096,Onofre Baeza Barragán,juan-pablobanos@example.org,6926404539492,Desconocido,2024-10-25
CL-07097,Iker Pereira Salmerón,miriam48@example.net,5579176773733,Masculino,2023-09-24
CL-07098,Raimundo Alarcón Navarro,jcaparros@example.com,4318297628632,Masculino,2024-05-18
CL-07099,Paco Atienza Trillo,torrecillajonatan@example.com,3498050904872,Femenino,2024-02-14
,Aureliano Sola Palomar,correo@.com,9638701287318,Femenino,2024-04-07
CL-07101,Manola del Mulet,ripollcristian@example.org,3142312055725,Femenino,2023-10-30
CL-07102,Emiliana Sandoval Pascual,calistovalls@example.com,3802681543131,Femenino,2024-07-05
cl_07103,María Ángeles Nevado-Tovar,silviomas@example.com,5184806429906,Masculino,2024-12-14
CL-07104,Noelia Cifuentes Rodrigo,hocana@example.net,123456,Desconocido,2025-07-11
CL-07105,Miriam Reyes Morcillo Gutierrez,halmazan@example.com,8536215856009,Femenino,2024-08-15
CL-07106,Abraham Catalá Fonseca,vricart@example.com,4591006007277,Femenino,2024-05-30
CL-07107,Inocencio del Pujol,gema21@example.com,2127987419237,Masculino,2024-07-09
CL-07108,Paulina Samper Gracia,kferrer@example.com,9425642606164,Masculino,2025-07-03
CL-07109,Maximiano Almeida-Martí,imelda18@example.net,7105225466492,Femenino,2025-08-02
CL-07110,@Oliver,@gmail.com,5524351871761,Masculino,2024-06-24
CL-07111,Florentina Mosquera,candelaseco@example.com,8750052918256,Masculino,2025-07-24
cl_07112,Azahara Carpio Arrieta,ncampo@example.org,2820718720884,fem,2025-06-06
CL-07113,Lope Celso Pino Calvet,danielalastra@example.com,8008400431486,Femenino,2024-03-15
CL-07114,Azeneth Concepción Ureña Peñalver,hamigo@example.org,7443405207989,Femenino,2025-04-01
CL-07115,Josefina Amador Berrocal,ycalvo@example.net,8070898274038,Femenino,2024-10-28
cl_07116,Haroldo Rico León,zfajardo@example.org,61234abc,Masculino,2023-12-02
CL-07117,Maricela Salom Pou,lorenzo92@example.org,3145796683855,Femenino,2025-04-24
cl_07118,Hernando Palau Peralta,leocadio69@example.org,4584983028794,Masculino,2023-09-03
cl_07119,Luisa de Domínguez,dbenitez@example.org,0983954067337,Femenino,2023-12-31
,Narciso de Ortiz,@gmail.com,7400603035609,Femenino,2024-02-29
cl_07121,Aníbal Fabra Borrás,norbertosalinas@example.net,7993964538984,Femenino,2023-10-24
cl_07122,Paula Falcón Cervera,maria-teresatomas@example.org,1109092552088,Masculino,2025-06-26
cl_07123,Genoveva Vilalta Silva,jose-maria80@example.net,7280916469192,Masculino,2024-08-10
cl_07124,Cleto Verdugo Bas,visitacionuria@example.org,1962272489905,Masculino,2024-11-07
CL-07125,123,lucianacueto@example.org,5263194813337,Masculino,2025-04-23
cl_07126,Amparo Cazorla Tolosa,osanjuan@example.net,1058499456921,Femenino,2025-05-07
CL-07127,Amanda del Ros,elias16@example.net,5030820123564,Femenino,2024-06-14
cl_07128,Enrique Mendoza Baró,carloscuesta@example.com,123456,M,2024-11-18
CL-07129,Reyna Palomares Alcalá,reynaldo13@example.com,1745817384538,Femenino,2024-02-06
CL-07130,Salomón Navarrete Andreu,@gmail.com,0442194732501,Masculino,2025-05-04
CL-07131,Tere Gallego-Iglesia,nleon@example.com,9232554207884,Masculino,2023-12-19
CL-07132,Gema Iborra Torrents,sfigueroa@example.com,1447082801859,Masculino,2023-09-11
CL-07133,Jenaro Heraclio Quero Ureña,augustocarballo@example.org,4035593122727,Femenino,2025-05-18
CL-07134,Jacinta Carbonell Amaya,gimenezestrella@example.org,9306342280713,Femenino,2024-08-12
CL-07135,Amílcar Granados Camacho,veracarlos@example.org,7236623437843,Masculino,2024-07-10
CL-07136,Imelda Cortina,dancrespo@example.com,9265280195182,Femenino,2023-12-17
cl_07137,Baltasar Madrigal Soler,imeldalinares@example.org,0666092656062,Femenino,2024-10-02
CL-07138,Encarna Madrid Ortuño,yessica08@example.org,5826278536671,Femenino,2025-07-02
cl_07139,Julieta Ruiz Maldonado,kdaza@example.com,1586860385942,Masculino,2025-08-11
CL-07140,@Oliver,@gmail.com,123456,Femenino,2023-09-26
cl_07141,Manuela Correa Bello,roldan62@example.com,7616644425159,Masculino,2025-04-20
CL-07142,Vanesa Leal,genoveva89@example.net,2219418716305,Masculino,2023-12-14
cl_07143,Pilar Crespo Real,fabriciobaquero@example.com,7334395224590,Masculino,2024-07-03
CL-07144,Eduardo del Cortes,egalindo@example.com,5118261300910,fem,2024-08-10
cl_07145,Zacarías Rubén Alcázar Ríos,adela19@example.com,0901139353771,Masculino,2024-07-04
cl_07146,Ramiro Bermejo Nadal,lblazquez@example.com,8405338780288,Femenino,
cl_07147,Jose Carlos Jaume-Asensio,pedro32@example.net,0727109518585,Femenino,2023-09-19
CL-07148,Juan José Montserrat Sáenz,cpozo@example.net,4950484238791,Masculino,2024-07-09
CL-07149,Cristian Badía Cisneros,miguelasalamanca@example.com,1758902836951,Masculino,2024-02-26
CL-07150,Florencio González Pina,,9909969429271,Masculino,2024-08-10
cl_07151,Odalys Valencia,morillogeronimo@example.com,3465404957071,Femenino,2024-01-26
cl_07152,Cayetana Burgos-Cabo,joanmelero@example.com,61234abc,Desconocido,2024-04-30
CL-07153,Zoraida Ruperta Mata Peiró,benitezamada@example.com,5986557101548,Femenino,2024-03-18
cl_07154,José Luis de Benavent,nlastra@example.net,0608638730327,Masculino,2025-02-14
CL-07155,123,dchaparro@example.net,7902251685500,Masculino,2024-09-01
cl_07156,Seve Salvador-Quirós,elianarobles@example.org,8354759970724,Masculino,2023-12-19
CL-07157,Consuelo de Marco,rodolfo58@example.com,2718120139972,Femenino,2025-04-06
CL-07158,Epifanio Codina,adoracion09@example.com,7925567958121,Masculino,2024-08-26
cl_07159,Rosalina Maxi Gimeno Balaguer,chaconnydia@example.org,2463833051350,Femenino,2025-05-14
cl_07160,Ceferino Modesto Alberdi Barceló,ninoeladio@example.net,3104577649638,Femenino,2024-01-06
CL-07161,Juan Carlos Cordero Casanovas,pineirocasandra@example.org,1402762529078,Femenino,2025-08-03
CL-07162,Ovidio Sarabia Berenguer,tomasadelina@example.net,1800212121725,Femenino,2024-08-08
CL-07163,Íñigo Pombo Monreal,qpalomares@example.net,0471780419363,Masculino,2024-04-07
cl_07164,Vilma Azcona Santamaria,nacioprada@example.net,123456,Masculino,2023-11-05
CL-07165,Atilio Alemany Prado,amandobenitez@example.org,7174803899115,Masculino,2025-02-02
CL-07166,Sarita Ribera Nebot,virgiliosaavedra@example.com,8837581969287,Femenino,2023-12-19
CL-07167,Arcelia Carina Vargas Morell,castillocustodio@example.net,9508996414982,Masculino,2025-08-04
CL-07168,Arcelia Bertrán Segura,ssantana@example.com,3058646146634,Desconocido,2025-04-20
CL-07169,Susana Nogueira Esteban,peinadoolivia@example.com,5450478130922,Masculino,2024-04-20
cl_07170,Casemiro Raya-Amigó,,0932020933661,Masculino,2025-06-20
cl_07171,Amelia Esparza Borrego,rivassara@example.com,6905902684410,Femenino,2025-04-25
CL-07172,Teodosio Uribe Gimeno,sergiogaya@example.org,5347151751563,Masculino,2024-08-11
CL-07173,Mercedes Alegre Marco,bibianacarrillo@example.com,4391923790087,Masculino,2024-01-06
CL-07174,Reina Mirta González Gras,marisol20@example.org,5325462720710,Femenino,2024-06-30
CL-07175,Alcides Torrens-Pinto,borjaamoros@example.net,1321843251007,Femenino,2025-08-27
CL-07176,Julio César Vera Cid,faustino39@example.com,61234abc,fem,2025-03-29
CL-07177,Piedad Ramón Tovar,porrassoledad@example.org,8009031112205,Femenino,2024-12-02
CL-07178,Telmo Cisneros Camacho,sandaliotomas@example.net,9242005456462,Masculino,2024-04-14
cl_07179,Anna Edelmira Cánovas Roda,jose-angel99@example.org,8480470140064,Masculino,2025-05-11
,Norberto Corbacho-Cervantes,@gmail.com,4873465380483,Masculino,2025-08-17
CL-07181,Américo Batlle Palacios,jcabrero@example.com,7449454438773,Femenino,2024-12-16
CL-07182,Eusebio Camps-Cerezo,luiscandelaria@example.net,7657569527244,Masculino,2026-01-01
CL-07183,Gloria Niño Zapata,walterpedrosa@example.org,5535807789724,Femenino,2025-03-20
CL-07184,Mariana Tamayo,llanolucia@example.org,1689702055426,M,2024-04-28
cl_07185,Jordán Manrique,fioldomitila@example.org,6234856208573,Masculino,2024-09-29
CL-07186,Evita Garriga Aragón,franciscogisbert@example.net,5573511260695,Masculino,2024-12-28
CL-07187,Diego Aragón Arroyo,rosaura96@example.com,3841351587258,Femenino,2025-07-16
cl_07188,Bonifacio Atilio Mayoral Egea,psantos@example.net,+34948 396 165,Femenino,2024-06-13
CL-07189,Anunciación Viana Izquierdo,walarcon@example.net,9467667012224,Femenino,2024-05-05
CL-07190,Florina del Garmendia,correo@.com,6454093823405,Masculino,2025-07-03
CL-07191,Ricarda Cantón-Alberdi,ripolltomas@example.org,2685659357462,Femenino,2024-07-10
CL-07192,Ligia Gil Rovira,dionisiamurillo@example.org,8966612453933,fem,2025-01-18
cl_07193,Ámbar Almagro,crescenciagomila@example.com,6764300215427,Femenino,2024-11-18
CL-07194,Roque Aguilera,carboanibal@example.com,1983284712154,Femenino,2025-04-05
CL-07195,Odalys Georgina Ródenas Carrillo,pepitoabellan@example.org,0000081365561,Femenino,2024-12-22
cl_07196,Aristides Pinilla Agustín,maria-pilar16@example.net,1840083958216,Masculino,2025-01-09
cl_07197,Cayetana Torrent Soto,valentinabotella@example.org,9439108379217,Masculino,2025-02-14
CL-07198,Omar Jáuregui Benitez,ralfonso@example.org,8371874338993,Femenino,2024-02-14
CL-07199,Samanta Gallego Fuentes,lucasroberta@example.com,4675473425570,Masculino,2023-11-24
CL-07200,123,correo@.com,123456,Masculino,
CL-07201,Adelaida de Aroca,verdejochus@example.net,4510778172857,Masculino,2025-04-24
CL-07202,Catalina Ribes Marti,rcastillo@example.net,2960008868625,Femenino,2024-05-01
CL-07203,Francisca Valverde Sarmiento,ymerino@example.com,7240975785753,Femenino,2025-03-14
CL-07204,Juan del Lamas,alexvillaverde@example.net,3247492119062,Masculino,2025-01-25
cl_07205,Bernarda Ileana Larrañaga Quintana,cbaena@example.org,4201932349493,Femenino,2023-11-26
cl_07206,Eleuterio Pavón Fuente,celestinacasals@example.org,5194977484459,Femenino,2024-10-05
CL-07207,Sarita Ángel Riba,concepcion76@example.net,9595649087621,Femenino,2025-05-21
CL-07208,Clara Pereira Fajardo,cuestabernardita@example.org,1302573797062,Masculino,2024-12-05
cl_07209,Angelino Giménez Cañas,maxi09@example.net,6920625636143,Masculino,2024-04-04
cl_07210,Rita de Terrón,izquierdosimon@example.com,8077552413886,Femenino,2025-05-26
CL-07211,Aura Mateu,valderramaluciano@example.net,6212286088982,Masculino,2023-12-31
cl_07212,Juan José Camacho-Valenzuela,tsomoza@example.net,+34811498676,Masculino,2024-03-10
cl_07213,Anselma Palomares Ocaña,apizarro@example.net,5101939922293,Masculino,2023-10-30
CL-07214,Fortunato Castells Gual,americogoni@example.com,5663537068174,Masculino,2025-07-03
CL-07215,123,reginavaldes@example.com,2879923975279,Femenino,2025-04-12
cl_07216,Eliana Encarna Rocha Morán,borjafito@example.com,1049519970809,Desconocido,2025-07-26
CL-07217,Fabricio Arregui Mendoza,sotero@example.org,5774268652322,Femenino,2024-08-28
CL-07218,Silvia Beltran Tomé,jorgeromero@example.com,0998249438739,Femenino,
CL-07219,Bárbara Eugenia Rueda Rosa,jmontes@example.org,7414811871290,Masculino,2024-08-23
cl_07220,Ramón Cortes,lucia18@example.net,2577996523774,Masculino,2024-03-14
CL-07221,Albano Frías Núñez,nicolaslanda@example.org,8843747531968,Femenino,2025-03-06
CL-07222,Natalia Monreal Hoyos,valdesclaudia@example.org,7225718252023,Femenino,2024-10-04
cl_07223,Saturnina Cortes Torre,parjona@example.org,5624697760750,Femenino,2024-11-07
CL-07224,Cecilio Cisneros Ayuso,reyesribera@example.org,61234abc,fem,2025-02-20
CL-07225,Candelario de Jimenez,valeriarossello@example.com,5162475870534,Masculino,2024-09-10
CL-07226,Adelardo Andres Manuel,amaya74@example.org,5665671570922,Masculino,2025-07-29
cl_07227,Jovita Gonzalez-Esteban,kcarreno@example.com,9259605929272,Femenino,2024-05-21
CL-07228,Adán de Lillo,martirio84@example.net,9132232589027,Masculino,2023-09-26
CL-07229,Toni de Vicens,lisandro01@example.com,6606500374966,Masculino,2024-03-04
cl_07230,,,1577145202089,Femenino,2025-01-16
CL-07231,Carlota Piñeiro,descamilla@example.net,7485103379980,Masculino,2023-11-16
CL-07232,Gastón Viana Canals,mario41@example.org,3897938843873,M,2025-07-03
cl_07233,Teófila Sobrino Heredia,gallartjosue@example.net,8160158174244,Masculino,2024-05-24
CL-07234,Natanael Pombo Santiago,jacinta40@example.com,2815273360621,Femenino,2024-06-08
CL-07235,Manolo Alemany Alemany,eloisa70@example.com,7744171652064,Masculino,2023-12-21
cl_07236,Dafne Lara Luna,amarti@example.com,61234abc,Masculino,
CL-07237,Nieves Agustí Criado,mariza@example.org,2058865460489,Femenino,2025-06-23
CL-07238,Bienvenida Muñoz-Bermúdez,lucho45@example.net,2329051308730,Masculino,2025-08-09
CL-07239,Irma Nazaret Iglesias Valenzuela,yleal@example.org,0536281046494,Femenino,2024-10-28
CL-07240,Ana Sofía Gracia Echeverría Benito,@gmail.com,5701411863332,M,2024-07-12
CL-07241,Arcelia Rojas Jimenez,juan-pablovelez@example.net,1125673950672,Masculino,2025-01-23
cl_07242,Angelino Oliveras,iniguezjaime@example.com,9716089624914,Masculino,2024-10-07
CL-07243,Asdrubal Gracia Gilabert,benignarivas@example.net,8298584491534,Femenino,2024-12-29
cl_07244,Belén Montenegro-Ripoll,suarezfrancisco-javier@example.org,7338915669097,Masculino,2024-02-16
CL-07245,,expositoteobaldo@example.org,2214473651115,Femenino,2024-05-08
CL-07246,Blanca Segovia Salcedo,goicoecheamarcelo@example.com,1533732052357,Femenino,2024-12-09
cl_07247,María Luisa Arco Barco,estelamoles@example.org,3466259627707,Masculino,2025-04-11
cl_07248,Anselmo Quintana,izaguirrecarmela@example.net,+34 842 555 591,Femenino,2025-03-18
cl_07249,Eliseo Ferrero Valbuena,bilbaoprimitivo@example.net,4421281294014,Femenino,2024-10-27
CL-07250,Tecla Santiago-Hoz,correo@.com,2926149835264,Masculino,2025-02-17
cl_07251,Celso Camacho Gimenez,victor39@example.net,0484713929494,Femenino,2025-01-13
CL-07252,Sergio Arteaga Pina,mendozalazaro@example.com,5674559461876,Masculino,2023-12-16
cl_07253,Concha Barbero Malo,jose-luisgranados@example.org,3529979887382,Femenino,2024-03-23
CL-07254,Berto Oliveras Alberdi,falarcon@example.org,9618812759534,Femenino,
CL-07255,Samuel Madrigal Burgos,ccorral@example.net,2625976595093,Femenino,2025-04-14
cl_07256,Manu Ochoa Gonzalez,beatriz69@example.org,3386788641115,Masculino,2024-10-01
CL-07257,Juan Manuel Llorente Olivares,leongalo@example.net,6401508760606,Femenino,2025-08-17
CL-07258,Camilo Benitez Lerma,itziar41@example.org,5273094056689,Femenino,2025-08-19
cl_07259,Rolando Nuñez,manzanoabraham@example.net,5167996497793,Femenino,2025-06-30
cl_07260,Andrés Felipe Amador Bastida,,61234abc,Masculino,2025-01-22
CL-07261,Flavio Mateos Fajardo,crubio@example.net,0589068145606,Masculino,2024-04-15
CL-07262,Tristán Andrés Felipe Perea Calderón,hozagustin@example.org,6024858772403,Masculino,2025-08-24
CL-07263,África Jaume-Fiol,custodiaseco@example.net,1957391104130,Femenino,2024-04-01
cl_07264,Pascual Montserrat Fuertes,pmanzanares@example.com,0340898779969,Femenino,2024-07-06
cl_07265,Eusebia Samper Bolaños,ariasiban@example.org,5141811556314,Femenino,2024-04-26
cl_07266,Félix Iborra Granados,fortuno@example.net,4944942783809,Femenino,2024-05-29
CL-07267,Luis Mena,espiridionpazos@example.org,9662978412681,Femenino,2025-07-14
CL-07268,Primitiva Nogués Casals,pintoarmando@example.net,2784427173284,Femenino,2025-08-28
CL-07269,León Jordá Viña,ramona97@example.com,9688954241978,Femenino,2024-05-10
cl_07270,Elisa Mate Gibert,@gmail.com,9748842511965,Masculino,2024-10-02
CL-07271,Felipe Amigó Ramón,davidzabala@example.com,8360794833960,Masculino,2025-01-14
CL-07272,Pelayo Silva-Varela,scarbajo@example.net,+34 878 475 125,Desconocido,2026-01-01
cl_07273,Ligia Ramos Cáceres,godofredoposada@example.com,2974860952744,Masculino,2024-08-26
cl_07274,Teodosio Alemán León,calixtalosa@example.com,3425233382694,Masculino,2025-07-04
cl_07275,,manzanaresbautista@example.org,1813263590859,Femenino,2024-02-08
CL-07276,Noé Collado Montserrat,alondra76@example.com,3830165553358,Masculino,2025-03-25
CL-07277,Isidoro Pazos-Andreu,gallardoirene@example.net,1237531734502,Femenino,2025-03-28
cl_07278,Raúl Bolaños,arnalcarla@example.org,4933568533888,Femenino,2025-07-11
CL-07279,Rogelio Somoza Aller,mpalomo@example.org,9671428629273,Femenino,2024-06-25
cl_07280,Caridad Ribas Elorza,@gmail.com,2122033833856,Desconocido,2024-04-19
CL-07281,Joaquín Mascaró Cases,sbarrena@example.com,7014288290336,Femenino,2024-02-02
cl_07282,Fanny Tur,elvira25@example.org,8532218130795,Masculino,2023-09-02
CL-07283,Isaías Pina Rocha,borrellborja@example.org,1042905418650,Masculino,2025-02-05
CL-07284,Leonor Paz,educonesa@example.org,6-123-456,Femenino,2024-10-13
CL-07285,Olimpia Gelabert Saldaña,macario52@example.net,4305097568569,Femenino,2024-10-24
CL-07286,Eusebio Royo Anaya,maria-carmenabad@example.org,8069065461937,Femenino,2024-11-25
cl_07287,Ileana Exposito Llopis,garzoncharo@example.net,3341160300352,Masculino,2023-11-05
cl_07288,Adalberto Palmer Porras,ujerez@example.com,2936050814675,Masculino,2023-11-21
cl_07289,Teobaldo Figueras Anglada,alfredo25@example.net,2474745973449,Masculino,2024-12-31
CL-07290,@Oliver,,0292788792124,Femenino,2026-01-01
CL-07291,Manuela Bertrán Vila,barobrunilda@example.net,9475969471714,Femenino,2024-08-01
CL-07292,Armando Elpidio Torre Talavera,griseldamanzano@example.com,9827165362746,Masculino,2025-02-18
CL-07293,Aura Dafne Rodríguez Alfaro,debora70@example.net,4080706771581,Masculino,2024-11-14
cl_07294,Dorotea Alsina Mercader,javiermiguel@example.net,0238690186376,Masculino,2024-04-09
CL-07295,Eusebia Talavera,cristobal40@example.org,8664471260286,Femenino,2025-01-17
CL-07296,Aurora Lloret,elena12@example.com,6-123-456,Masculino,2024-08-04
CL-07297,Alexandra Crespi,malopaulina@example.com,2566460123668,Femenino,2024-01-15
cl_07298,Rosalva de Melero,smorera@example.net,5489884867600,Masculino,2024-02-22
CL-07299,Alex Jordi Almazán Gual,ruy54@example.net,2215150967492,Femenino,2024-03-21
cl_07300,Heraclio Ripoll Bárcena,@gmail.com,4501673276042,Femenino,2024-01-26
cl_07301,Emperatriz Puerta-Godoy,jbadia@example.net,0673859246534,Femenino,2024-10-24
CL-07302,Custodio Moll-Alsina,ibatlle@example.com,9774204462762,Femenino,2024-02-13
cl_07303,Agustín Alcalde Barros,marmolvalentin@example.org,7158492878376,Masculino,2024-11-17
cl_07304,Nélida Melisa Castilla Mena,neiracustodio@example.org,0467258295450,fem,2024-12-18
CL-07305,,caroestefania@example.org,4854309977485,Femenino,2023-11-10
cl_07306,Gaspar Jose Manuel Pineda Granados,ismael23@example.org,2739199013246,Masculino,2023-11-14
CL-07307,Francisco Jose Báez Cantón,gmoliner@example.net,2312769094090,Femenino,2023-11-08
cl_07308,Susana Gaya,pelayo84@example.org,61234abc,Masculino,2024-05-22
CL-07309,Fabricio Saavedra Fuentes,raquel04@example.org,2446253107610,Femenino,2025-08-05
CL-07310,Rafaela Arteaga Serna,,6593533036347,Femenino,2024-05-16
CL-07311,Fortunato Vall Figueroa,coralrebollo@example.com,8991487021382,Masculino,2025-01-12
CL-07312,Úrsula Lorenza Núñez Contreras,urodriguez@example.org,4409205153260,fem,2025-01-04
cl_07313,Micaela Álvaro,pabad@example.com,2239034234190,Masculino,2025-05-29
cl_07314,Marta Guardia Pou,cristinasanz@example.net,7314403227731,Femenino,2025-07-17
CL-07315,Cipriano Baeza Oliver,veraselena@example.org,1957998446038,Masculino,2024-10-23
CL-07316,Germán Amo Barragán,alondracaballero@example.com,3662953674664,Femenino,2025-07-20
cl_07317,Calixta de Caballero,xgalindo@example.com,8527436506247,Masculino,2024-06-18
cl_07318,Laura Georgina Dávila Belda,monrealnereida@example.com,5796747390283,Femenino,2023-10-25
CL-07319,Alfonso Quevedo,idiego@example.com,9929157170827,Masculino,2023-09-09
cl_07320,@Oliver,@gmail.com,61234abc,Desconocido,2024-09-04
CL-07321,Leocadia del Calderón,olmovicente@example.org,2816980963266,Masculino,2024-04-18
CL-07322,Abilio Álvarez Ramirez,cazorlaema@example.org,2212914487360,Femenino,2025-03-08
CL-07323,Abilio Haro Baena,jordiperalta@example.net,8165434327027,Femenino,2025-06-18
CL-07324,Leticia del Roda,zlluch@example.com,6233621770776,Masculino,2025-01-18
CL-07325,Rómulo Heras Manzano,eusebiafont@example.com,3268882155308,Femenino,2024-11-11
CL-07326,Visitación Vigil-Aragón,sobrinomartina@example.net,6398701027450,Femenino,
CL-07327,José Manuel Victorino Pellicer Ferrández,joveloreto@example.org,2254879414682,Masculino,2025-08-11
CL-07328,Marcelino de Salas,eloy66@example.com,0159069681512,Desconocido,2025-02-14
CL-07329,Ariel de Cabañas,vilaltavidal@example.com,1791473345389,Masculino,2025-04-16
CL-07330,Tristán Galvez Ibañez,,7260258169953,Masculino,2023-11-01
CL-07331,Juan Francisco Jordá Izquierdo,ydominguez@example.com,5787453173363,Masculino,2024-03-16
cl_07332,Genoveva Esteban-Abascal,felipa87@example.com,61234abc,Femenino,2024-09-08
cl_07333,Álvaro Barrios Gabaldón,geraldo29@example.org,0497243115764,Masculino,2024-10-17
CL-07334,Adelardo Gabaldón Carbajo,rvelez@example.net,4184697885885,Masculino,2023-09-27
CL-07335,Julia del Cabañas,llabresteofila@example.org,2025443402311,Femenino,2024-03-14
CL-07336,Esmeralda de Casas,cardenaspaulina@example.org,1731889150372,Femenino,2023-11-30
CL-07337,Emigdio de Suarez,rosa-maria39@example.com,1975997304456,Masculino,2023-11-23
cl_07338,Elena Luna Luz,mendeztimoteo@example.net,4536175094803,Masculino,2025-07-18
CL-07339,Montserrat Esparza Jódar,climaco31@example.org,5923139104037,Masculino,2024-03-18
,Felicidad Pozuelo Company,correo@.com,9032333957219,Masculino,2025-06-10
cl_07341,Leonor Garzón Morell,abarranco@example.org,1399248652469,Femenino,2024-12-10
CL-07342,Fulgencio Perelló Miranda,vquintana@example.com,9255167952798,Masculino,2024-01-06
CL-07343,Luciana Dávila Bermudez,fernandezvilma@example.org,1449328762689,Masculino,2024-11-21
cl_07344,Roberta Iriarte-Sastre,plinio52@example.com,123456,Desconocido,2026-01-01
CL-07345,Demetrio Quesada Donoso,yiniesta@example.com,1259705611210,Masculino,2024-04-13
cl_07346,Ildefonso Mariscal Santamaría,julietapons@example.net,0169183626303,Masculino,2023-09-20
CL-07347,Nazaret Rocha-Morillo,alfredo85@example.com,5853753890876,Masculino,2024-10-09
CL-07348,Marianela Casandra Lillo Ferrándiz,ledesmaleon@example.com,5156668981205,Masculino,2025-05-15
CL-07349,Eustaquio Rocamora Catalá,novoaale@example.com,0027118242350,Masculino,2025-01-27
CL-07350,,@gmail.com,4377969774018,Masculino,2025-07-02
cl_07351,Bernardino Esteve-Duque,francisca92@example.org,8895776354857,Femenino,2023-12-02
CL-07352,Valerio Mínguez-Nebot,peraltanatalio@example.net,1236096365858,M,2025-05-02
CL-07353,Manola Ariza-Mur,climacotorrijos@example.com,3543967463979,Femenino,2024-01-17
CL-07354,Régulo Águila Benavent,concepcion84@example.com,1151019314524,Masculino,2024-12-18
cl_07355,Joel Heras Barrios,severianoalfaro@example.com,4699681555992,Masculino,2025-08-17
cl_07356,Vera de Hoz,anacletocalvo@example.org,123456,Masculino,2025-07-08
CL-07357,Modesta Barrera Berenguer,mateumartin@example.com,8566334916136,Masculino,2024-07-17
cl_07358,Glauco Ruiz Ramos,teodosiovalera@example.net,1659389612213,Femenino,2024-11-17
CL-07359,Victorino Izquierdo,abril69@example.net,3512583950910,Masculino,2025-04-30
cl_07360,Yaiza Robledo Bonilla,@gmail.com,4260478267777,Desconocido,2024-12-18
cl_07361,Melisa Martínez,abayon@example.net,2219966015599,Femenino,2024-01-02
CL-07362,Leocadio Lorenzo Roldan Neira,cabreroalex@example.com,3318156903419,Masculino,
cl_07363,Balduino Duque-Zabaleta,vasco51@example.net,4319440029102,Masculino,2025-06-19
CL-07364,Jose Carlos Fernandez Martinez,yanton@example.com,6185277104049,Femenino,2023-09-28
CL-07365,,vargaslina@example.net,2474984422596,Masculino,2025-08-10
CL-07366,Ruperta del Urrutia,jenaro96@example.org,2456303433271,Femenino,2025-05-15
CL-07367,Samanta Nereida Vargas Briones,rocamoramoreno@example.org,0943737210811,Masculino,2024-10-25
cl_07368,Irene de Torres,heriberto47@example.net,+34734 372 162,Femenino,2025-04-30
CL-07369,Nydia Sandoval Valcárcel,kike67@example.com,4791260166257,Femenino,2023-11-17
cl_07370,Demetrio Arnau,@gmail.com,9234899368330,Femenino,2025-03-02
CL-07371,Amelia Huertas Múgica,sllamas@example.org,4099226145795,Femenino,2025-08-02
cl_07372,Salud Báez Jara,maria-angelesmoya@example.org,6070411402415,Masculino,2024-07-01
CL-07373,Lope Gibert Comas,ngonzalez@example.com,2741011706165,Masculino,2024-02-11
CL-07374,Edmundo Lucas Busquets Mancebo,salvador93@example.org,3454524681619,Femenino,2024-10-11
CL-07375,Serafina Tejada Ferrando,donaireariel@example.com,0328123370241,Femenino,2023-12-20
CL-07376,Amador Acedo-Cuenca,liliapallares@example.com,5559396421138,Desconocido,2024-01-25
cl_07377,Carmela Calderón,edelmiro93@example.org,9530819837584,Femenino,2024-12-24
CL-07378,Demetrio Madrid Cabo,campsjuan@example.net,6484435444612,Femenino,2025-03-12
CL-07379,Nieves Paz Cabezas,eva-mariaaparicio@example.org,0338130264387,Femenino,2024-01-17
CL-07380,123,,+34 812617680,Femenino,
CL-07381,Nacio Cervera Narváez,dbermudez@example.org,8251045553368,Masculino,2024-02-14
CL-07382,Vilma Cornejo Rozas,mcordoba@example.org,6688764077527,Femenino,2023-12-08
cl_07383,Fabricio Octavio Gual Herrero,pratariadna@example.net,5631019896297,Masculino,2025-07-22
CL-07384,Gisela Emelina Reguera Palomar,isidro21@example.com,8885245414010,Masculino,2025-05-03
cl_07385,Montserrat Obdulia Bayón Doménech,rabellan@example.org,9388121996245,Masculino,2023-09-16
CL-07386,Bernardino Folch López,gilalfredo@example.com,9981905088093,Femenino,2025-05-21
CL-07387,María Pilar Acosta Rocamora,jose-francisco15@example.com,7139700356646,Masculino,2025-08-13
cl_07388,Alfonso Asensio Marín,balcalde@example.net,4055493257542,Femenino,2024-07-01
CL-07389,Ana Sofía del Feliu,landaonofre@example.net,3430694948175,Femenino,2024-06-07
CL-07390,Amancio Rafa Navarro Flor,,0290077146616,Femenino,2024-12-14
cl_07391,Marino Anaya Baeza,rosaurateruel@example.com,9451617628393,Femenino,2024-03-08
cl_07392,Aureliano López Jerez,ferrandezofelia@example.com,6-123-456,M,2024-09-30
CL-07393,Ezequiel Estevez Gabaldón,celso75@example.com,4221114623779,Masculino,2024-01-17
cl_07394,Camilo Villalba Lamas,guitartmaricruz@example.com,9719386206814,Masculino,2024-02-14
CL-07395,123,dora34@example.org,5631263724011,Masculino,2025-04-04
cl_07396,Porfirio Sastre Bermudez,primitiva86@example.org,8419650622001,Masculino,2024-01-31
CL-07397,Fermín Abad Fonseca,xpinol@example.org,1403288901469,Femenino,2024-05-02
cl_07398,Marcial Cabanillas Camino,barriobonifacio@example.org,4581344275773,Femenino,
CL-07399,Gaspar de Macías,ggimenez@example.net,8270972681081,Masculino,2024-04-18
CL-07400,Adelaida Armas Cuadrado,bjulian@example.org,9971867286258,Masculino,2025-08-13
CL-07401,Rubén Escrivá Losada,maxipellicer@example.net,5319439816418,Masculino,2024-07-21
CL-07402,Toni Arranz Carmona,yportillo@example.com,3310838885202,Femenino,2025-02-27
CL-07403,Renata Núñez Pont,hervaslucio@example.com,7838654294806,Masculino,2024-12-30
CL-07404,Manola Azorin Álamo,polmedo@example.com,123456,Femenino,2024-02-09
CL-07405,Curro Quevedo Soto,begonaluna@example.com,3466834601869,Femenino,2025-01-23
CL-07406,Inés Araceli Godoy Vicens,ignacio24@example.org,9663807493682,Femenino,2025-06-23
CL-07407,Augusto Dominguez Martínez,qreal@example.net,3833454225981,Femenino,2023-09-06
CL-07408,Leonardo de Mascaró,marcelino90@example.net,4930500346085,M,2023-11-13
CL-07409,Eliseo Lluch,domingosarmiento@example.net,2614398609793,Femenino,2025-01-09
CL-07410,,correo@.com,4488076767657,Masculino,2024-01-04
CL-07411,Emma Zorrilla Fábregas,tvazquez@example.com,3164561796170,Femenino,2025-06-07
CL-07412,Clotilde del Tovar,mancebomaria-teresa@example.org,4855469837500,Femenino,2025-05-12
cl_07413,Dulce Salmerón Taboada,cornelio97@example.com,6321175307266,Masculino,2023-10-02
cl_07414,Evangelina de Arribas,bmorcillo@example.net,6083052397758,Masculino,2024-01-29
cl_07415,Sol Casanovas Carrasco,dpavon@example.com,3156943356143,Femenino,2023-10-01
cl_07416,Gala Plana Fábregas,qjara@example.org,123456,Desconocido,2025-05-08
cl_07417,Fabiola Gelabert,wzorrilla@example.org,9215572529179,Femenino,2024-01-26
CL-07418,Tamara Pont-Anglada,ucuadrado@example.com,2490082059943,Masculino,2024-10-14
cl_07419,Yolanda Gomila,vilanovavalentin@example.com,0106596680369,Femenino,2025-01-14
CL-07420,Joaquina Calatayud Lobato,,7152189595830,Masculino,2025-07-09
CL-07421,Albano Iriarte Ferrándiz,gabinoboix@example.net,3249324534407,Femenino,2024-02-13
cl_07422,Wálter Leonardo Carretero Arteaga,gomilademetrio@example.net,5355451083812,Femenino,2024-06-22
CL-07423,Jesús Vazquez Zabala,gilfabregas@example.net,4680821011294,Masculino,2024-08-04
CL-07424,Ofelia Pablo Sánchez,encarnita47@example.com,1068854892950,Masculino,2024-01-14
cl_07425,@Oliver,varelaaitor@example.com,6219746369182,Femenino,2024-04-25
cl_07426,María José Raya,julianhoz@example.com,6257185278418,Masculino,2024-09-18
CL-07427,Augusto Pont Marti,vanesa10@example.net,5557833226364,Femenino,2025-03-16
CL-07428,Tania Constanza Cisneros Torrents,cbustos@example.com,+34843 466 256,Masculino,2025-06-29
CL-07429,América del Galan,soraya08@example.com,2345756096264,Femenino,2024-03-23
CL-07430,Nazario Aliaga Belda,,4008584690936,Masculino,2024-07-01
CL-07431,Bernardo Abellán Lumbreras,oarias@example.net,1984228229178,Femenino,2024-07-15
cl_07432,Jordi Enríquez-Díez,nilda60@example.org,4960343581776,Femenino,2024-06-28
CL-07433,David Cazorla Pedrosa,elbacanas@example.net,9709694092013,Masculino,2023-09-26
CL-07434,Osvaldo Llamas,pinaemiliana@example.com,6530747611642,Masculino,2025-06-13
CL-07435,Carmina Aroa Sevilla Gelabert,irmagimeno@example.org,7544239664479,Femenino,2024-09-02
CL-07436,Elpidio Aller,qnoriega@example.org,2267827360528,Masculino,2024-04-06
cl_07437,Pánfilo Amores Carnero,nacio32@example.net,2768361721866,Masculino,2024-01-15
CL-07438,Feliciana Azucena Olivares Cerdá,rchico@example.net,8850016812916,Masculino,2024-07-26
CL-07439,Rómulo Luís Atienza,ialonso@example.org,4358431701167,Masculino,2023-11-06
,123,,123456,fem,2025-07-24
CL-07441,Diego Bou Carlos,jcatalan@example.net,4243204638178,Femenino,2023-12-18
CL-07442,Efraín Pavón Mora,hmascaro@example.net,4329406780523,Masculino,2025-04-04
CL-07443,Gerardo de Niño,diego07@example.net,1222027491046,Masculino,2025-07-19
CL-07444,Fanny Portero,zesparza@example.com,7181637215435,Femenino,2024-04-18
CL-07445,Octavia Amador Quiroga,icastro@example.org,7419381372911,Masculino,2025-08-27
cl_07446,Maximiano Agustí Duque,cristina70@example.net,3901398677976,Masculino,2023-09-02
CL-07447,Reinaldo Bueno Sáez,borrellmalena@example.com,9727974479087,Femenino,2024-06-03
CL-07448,Apolinar Castro-Sanmartín,dionisia39@example.net,4374123253624,fem,2024-06-17
cl_07449,Josep Higueras Peñalver,belmontemiguela@example.net,5131095695378,Femenino,2024-05-20
CL-07450,Jovita Zabaleta Jerez,,0972157921276,Masculino,2025-03-13
cl_07451,Nacio Estrada Mármol,higuerascelia@example.net,8153122822248,Masculino,2024-12-20
CL-07452,Jessica Vargas-Río,menendezpepita@example.net,+34941 053 860,Femenino,2026-01-01
CL-07453,Áurea Chaparro-Vicens,haroldolloret@example.com,7691816685923,Masculino,2024-07-06
CL-07454,Maristela Luque Jódar,ramireznoemi@example.net,2137827071658,Masculino,2025-06-22
CL-07455,@Oliver,adalbertoartigas@example.com,7996531473290,Masculino,2023-09-09
CL-07456,Jose Carlos Redondo Alcalá,vtorrijos@example.com,7891845697702,Femenino,2024-02-19
CL-07457,Esteban Palma-Ribes,pachecooctavia@example.com,7286953584521,Masculino,2024-05-24
CL-07458,Candelas Marina Alvarez Verdejo,companyalbino@example.com,4327107277050,Femenino,2024-05-29
CL-07459,Luis Ángel del Peña,tiburcio83@example.org,6587323806389,Masculino,2024-01-28
cl_07460,Joaquín Sánchez Gallego,,1495522234564,Masculino,2024-02-15
cl_07461,Augusto Gallo Company,ioliveras@example.com,3271000596639,Masculino,2025-03-08
cl_07462,Tomasa Ojeda-Saavedra,ana-sofia05@example.com,1827620765531,Masculino,2024-12-13
CL-07463,José Mari Galván Blanch,carmelita93@example.com,8245872927187,Masculino,2024-08-28
CL-07464,Águeda Jaén Duque,basiliomendizabal@example.org,61234abc,fem,2024-12-20
CL-07465,Rebeca Roma-Amores,eufemia51@example.com,9501696815900,Masculino,2024-10-11
cl_07466,Leoncio Azorin,hherrera@example.net,2800616053951,Femenino,2025-06-07
cl_07467,Trinidad Barberá Sanabria,flor08@example.org,1834152940189,Femenino,2023-10-01
CL-07468,Silvio Menéndez Mur,ecarreno@example.net,3898565178422,Masculino,2024-02-02
cl_07469,Amalia Girón Ariza,inmaculadacanals@example.org,9305283954812,Femenino,2023-11-29
cl_07470,123,@gmail.com,3688034250611,Masculino,2025-07-08
CL-07471,Evita Isabela Pedraza Colomer,leonardoseco@example.org,5920075265684,Masculino,2024-10-06
CL-07472,Asunción Otilia Quintero Diéguez,tlara@example.net,9633105964023,Masculino,2024-01-27
cl_07473,Luis Miguel de Almagro,lpereira@example.com,2313527046898,Masculino,2024-07-30
CL-07474,Victor Manuel Godofredo Pareja Diéguez,rufinorozas@example.net,1204440966040,Masculino,2024-01-22
cl_07475,Borja Téllez Palacios,alonsochamorro@example.org,7355193902612,Femenino,2024-03-23
CL-07476,Vinicio Becerra-Arteaga,emanjon@example.org,61234abc,Femenino,2023-12-19
CL-07477,Marcial Colom Paniagua,eutropiosuarez@example.net,5563484656025,Masculino,2023-12-09
CL-07478,Edelmiro Cabeza,palacioencarnita@example.org,4728120607265,Masculino,2024-08-15
cl_07479,Tito Bautista-Angulo,acanals@example.net,1633402456380,Masculino,2024-08-10
cl_07480,Odalys Clara Feijoo Mur,,3712876255983,Masculino,2023-10-17
CL-07481,Rita Duarte-Pera,luisamontserrat@example.com,6538991950426,Femenino,2025-01-20
CL-07482,Constanza Salmerón Jódar,luchocruz@example.org,4324025773126,Masculino,2023-09-11
CL-07483,Quique Valls Andrés,cabanillasalex@example.net,5847187171342,Masculino,2024-04-03
cl_07484,Calixta Acedo Quirós,emanunez@example.com,6980787157327,Masculino,2024-02-12
CL-07485,,vamador@example.org,1833932722785,Masculino,2025-01-20
CL-07486,Elías Augusto Téllez Tenorio,modesta28@example.org,4786277671313,Masculino,2025-03-26
cl_07487,Leandro Julián-Cabello,qiglesias@example.com,4278588575674,Femenino,2025-04-02
CL-07488,Virgilio Jose Ramón Pedro Aparicio,jacinto20@example.com,61234abc,fem,
CL-07489,Cristina Montenegro Carrera,atilio66@example.org,5181235339768,Masculino,2023-08-29
CL-07490,Pili Ledesma-Farré,correo@.com,7481164496845,Masculino,2024-09-18
CL-07491,Joel Querol,emanuel@example.com,4034624491492,Masculino,2024-09-04
CL-07492,Elodia Gil Cadenas,lvazquez@example.com,3579093537414,Femenino,2024-01-27
CL-07493,Odalis Pinto Cadenas,kdavila@example.net,8383218854699,Femenino,2023-09-25
cl_07494,Domitila Becerra-Pol,alvaroberrocal@example.net,2655561740636,Masculino,2023-10-20
cl_07495,Rosario Pomares,wmir@example.net,3686111575204,Masculino,2024-01-27
cl_07496,Nilda Moles Pujadas,llorentedaniel@example.com,9682394219840,Femenino,2025-03-16
cl_07497,Leonor Zabaleta Rincón,manu48@example.com,0456804900491,Femenino,2024-03-16
CL-07498,Ester Pacífica Crespo Maestre,salomnidia@example.org,5295574337340,Femenino,2024-11-11
cl_07499,Marcio Pazos Mariscal,rpriego@example.net,0820922751744,Masculino,2024-12-19
CL-07500,123,loperecio@example.com,+34978 371 245,Femenino,2023-12-04
CL-07501,Edelmira Batlle-Catalán,vidalferrandiz@example.org,8316492086065,Femenino,2024-01-18
CL-07502,Mayte Mármol Herrero,bernarditagalvez@example.com,5761377917904,Femenino,2025-04-26
cl_07503,Hortensia Toro,silviavalencia@example.net,9225201415267,Masculino,2024-10-06
cl_07504,Marino Galindo Sebastián,arobles@example.net,7984199318695,Desconocido,2025-07-07
CL-07505,Josué Pavón Vilanova,morenorebeca@example.net,4372162748239,Masculino,2025-01-29
CL-07506,Olimpia Miró Vall,usolano@example.net,6962043597629,Masculino,
CL-07507,Salud Eva Laguna Cañellas,nicolaualex@example.org,6388500067842,Masculino,2024-05-27
cl_07508,Cipriano Vergara-Cuevas,rquintero@example.com,9550823300004,Femenino,2024-06-27
CL-07509,Juan Carlos Segarra Atienza,crocamora@example.org,0583385236398,Femenino,2025-04-06
CL-07510,Celestino Arranz Mascaró,@gmail.com,8466583378048,Femenino,2025-08-20
CL-07511,Iker Sabater Rivas,eusebiaarnal@example.org,6407626657455,Femenino,2023-10-12
CL-07512,Cosme Duque Vendrell,porfirio64@example.com,6-123-456,Femenino,2024-06-14
cl_07513,Victorino Ordóñez Olmo,zaira06@example.net,6586098260730,Masculino,2023-10-23
CL-07514,Margarita Fabiana Toro Villa,mercheamador@example.net,4502703319271,Masculino,2023-10-01
CL-07515,,natanaelguardiola@example.org,3586967866255,Masculino,2023-11-05
CL-07516,Wilfredo Peláez León,maximofalcon@example.net,4904443339890,Masculino,2024-03-20
CL-07517,Dafne Rodriguez Mercader,maria91@example.com,2718005989962,Masculino,2024-04-02
CL-07518,Custodio Borrás Sola,isaiasbarco@example.net,2971166475086,Masculino,2025-06-14
CL-07519,Julieta Luís Gallart,asenjodemetrio@example.net,9966101242272,Femenino,2025-02-18
,Ángel Cabello Neira,cuencaagustina@example.org,7779834609959,Femenino,2023-11-25
CL-07521,Hugo Bermejo Izaguirre,epifanio40@example.com,2993180727222,Femenino,2023-09-13
CL-07522,Piedad Pizarro Gascón,maria-carmenfajardo@example.com,7762540569335,Femenino,2025-02-24
CL-07523,Pastor Uría Lobo,gabaldonjosue@example.net,8995789166761,Masculino,2024-04-20
CL-07524,Teo Baró-Peláez,andrescelestino@example.net,123456,Femenino,
CL-07525,Lupe Alcaraz,ferreroemma@example.net,4186835873149,Femenino,2024-05-17
CL-07526,Fabián Gustavo Arévalo Morillo,zlasa@example.org,3345601187658,Femenino,2023-11-22
CL-07527,Ani Luz Salamanca,apolinarduarte@example.net,4667041629746,Femenino,2025-02-03
cl_07528,Clarisa Bayón Gimenez,laura80@example.com,4028674377123,fem,2023-10-10
CL-07529,Anacleto Jeremías Canals Carballo,vpina@example.com,9278369690729,Femenino,2023-12-29
CL-07530,@Oliver,,0508313647898,Femenino,2024-11-24
CL-07531,Pastora Vargas Cabello,icerro@example.org,4600377294511,Femenino,2024-06-23
CL-07532,Juan Francisco Ledesma Perales,balduinocabo@example.com,9269802122144,Femenino,2024-04-21
cl_07533,Dorotea Hernández Torralba,teresita32@example.com,7224171561477,Femenino,2024-06-11
CL-07534,Benigno Leon Román,alexandrapizarro@example.org,6708720414120,Masculino,2024-07-30
CL-07535,Estrella Barroso Ariño,criadolupe@example.com,9047725782849,Masculino,2024-12-17
cl_07536,Francisco Jose Palacios Vara,fuentesmaricela@example.com,6-123-456,Desconocido,2023-11-16
cl_07537,Melchor Sala,maria-cristina85@example.com,3441281373139,Femenino,2024-07-31
CL-07538,Lorenzo Herrero Pont,leonberta@example.org,9973336811020,Masculino,2025-03-20
CL-07539,Jacinta Dorita Gálvez Pascual,galcolea@example.org,2088218404279,Masculino,2023-10-15
,Jose Carlos Robledo Ortiz,,0969989269754,Femenino,2024-11-03
CL-07541,Josep Losada Yuste,maria-pilarcriado@example.net,0677114572199,Femenino,2024-03-30
CL-07542,Angelita Rosa Díaz,antonioluz@example.com,9464464452377,Masculino,2026-01-01
CL-07543,Berto Miró Manzanares,pozuelogala@example.com,8770718150998,Femenino,2024-03-10
CL-07544,Hilario Sancho Morell,ytomas@example.net,1357036782296,Masculino,2024-12-14
CL-07545,@Oliver,yanezivan@example.net,3378308556978,Masculino,2025-06-11
CL-07546,Dionisia Ferrero Isern,ariadnamontesinos@example.org,1341447272975,Femenino,2024-06-09
CL-07547,Jose Ramón Badía Ureña,tecla32@example.org,0631600250021,Femenino,2024-11-25
CL-07548,Cruz Ana Sofía Hervia Asenjo,ftaboada@example.net,+34941 18 09 03,Femenino,2024-09-10
CL-07549,Selena Ortuño,agustina61@example.org,1642895746801,Femenino,2024-01-03
cl_07550,Celso Manzano Carreño,@gmail.com,4189847367565,Femenino,2024-09-02
CL-07551,Graciano Donaire Lasa,varellano@example.com,3888308974349,Femenino,2024-12-20
cl_07552,Amando Puente Martín,joverclimaco@example.org,8250464189574,Desconocido,2024-10-03
cl_07553,Bartolomé Moliner Torrens,mbustamante@example.net,2147661841815,Masculino,2024-11-26
cl_07554,Berto Téllez Díez,acedorita@example.com,4060224437109,Masculino,2024-03-14
CL-07555,Carlito Pagès,celia76@example.org,8297654078504,Femenino,2024-02-04
cl_07556,Cosme Barral,luisaluque@example.net,5684841315796,Femenino,2023-10-19
CL-07557,Rosario Cabeza,mbru@example.com,6095528576601,Femenino,2024-10-08
CL-07558,Dionisio Amado Calvet Echevarría,sribas@example.net,8570457878010,Masculino,2024-11-24
cl_07559,Ana Belén Pintor Exposito,hmorcillo@example.com,2907305410315,Masculino,2024-02-25
cl_07560,123,geronimo55@example.org,6-123-456,Desconocido,2026-01-01
cl_07561,Hilda Ballesteros Blazquez,beatriznino@example.com,0095185368321,Masculino,2024-03-30
CL-07562,Alonso Gascón Lillo,diegoecheverria@example.com,9838677974954,Masculino,2023-08-30
CL-07563,Leire Arcos Sánchez,eugeniosebastian@example.com,9313986311787,Masculino,2024-08-26
CL-07564,Moisés Morillo Prieto,baezateodoro@example.com,1210270682558,Masculino,2025-06-09
cl_07565,Germán Llopis-Barrena,benitezadrian@example.com,1563155397507,Masculino,2024-06-27
CL-07566,Isidora Montenegro Marqués,florencio40@example.org,6562890266261,Femenino,2025-01-04
CL-07567,Marcio de Pino,ana-sofia48@example.org,2285544337975,Masculino,2024-02-20
cl_07568,Quique Porta Jimenez,wcuervo@example.org,8260707280862,Desconocido,2024-09-20
CL-07569,Eugenia Heredia,carlosrojas@example.net,6968689955426,Masculino,2025-06-18
CL-07570,Sandra Rosell Padilla,,0394311308669,Masculino,2024-12-09
CL-07571,Primitivo Porcel Amat,tferrero@example.org,2339525165393,Masculino,2024-08-19
cl_07572,Leocadio Peral Villaverde,gracianocasal@example.com,123456,Femenino,2025-05-05
cl_07573,Susana Salamanca Tomás,abelpujadas@example.net,4535092626071,Masculino,2025-03-11
CL-07574,Dani Jover Duran,fabianchamorro@example.net,9995354876060,Femenino,2024-08-26
CL-07575,,maxi38@example.org,8104993534522,Masculino,2024-05-10
CL-07576,Tomás Romeu Pla,mario49@example.com,8967316280884,Desconocido,2024-09-26
CL-07577,Joaquina Baeza Barreda,faustobellido@example.com,3833318623764,Femenino,2024-03-29
CL-07578,María Dolores Anguita,custodioperalta@example.com,4862028439472,Femenino,2026-01-01
CL-07579,Rafaela María Cristina Blanco Rubio,pinamaria-cristina@example.net,1410791247333,Femenino,2024-07-05
,Rubén Casas Márquez,dulce67@example.net,0436318639741,Femenino,2024-02-18
cl_07581,María Campo Verdú,josefina14@example.com,6480928198375,Femenino,2025-07-16
CL-07582,Lalo Alberola Riba,pedrotimoteo@example.net,4093375814777,Masculino,2023-10-16
CL-07583,Nazario Castell Losa,rlastra@example.net,6777875017580,Masculino,2024-02-25
cl_07584,Leopoldo Rozas Tejedor,lisandroarino@example.org,61234abc,fem,2025-03-31
cl_07585,Elisabet Gámez Muro,heribertopinol@example.com,1593768518182,Femenino,2024-02-25
CL-07586,Jaime del Carrasco,maricelallanos@example.org,8035848883770,Masculino,2024-06-06
CL-07587,Humberto Aragonés,casespia@example.net,9478701595910,Femenino,2025-07-10
cl_07588,Marina Blanca Navarrete,evitarojas@example.com,4623940385433,Femenino,2023-09-14
cl_07589,Isaac Bauzà Vega,szamorano@example.com,6998311703934,Femenino,2025-01-26
CL-07590,Xiomara Gomila Prado,,0539510230920,Masculino,2024-05-20
cl_07591,Lina Rovira Soria,alejandromorcillo@example.com,9978328538065,Masculino,2024-08-05
CL-07592,Silvio Trujillo Suarez,mquintero@example.org,5298216842740,Femenino,2024-02-18
CL-07593,Clarisa del Gallart,olegario38@example.net,6369465144708,Masculino,2024-06-14
CL-07594,Ángel Cortés Jove,feliciano00@example.org,7138049348821,Femenino,2024-02-25
CL-07595,Sabas Bustos Roca,nadia40@example.net,2989956641496,Femenino,2024-06-03
CL-07596,Ainara Mendez Godoy,chemaalvaro@example.net,123456,Femenino,2023-09-23
CL-07597,Rosalía Pi Corominas,carmelitacarrillo@example.com,4971388151796,Femenino,2025-01-26
CL-07598,Ana Sofía Caparrós Bonet,hilda69@example.net,1860004115328,Masculino,2024-03-27
CL-07599,José María Blazquez-Palomo,dolores40@example.net,1876674852458,Masculino,2025-01-01
,Aroa Amat Figuerola,,6200915366523,Masculino,2024-06-13
cl_07601,Mamen Cervera Manjón,fatimacamara@example.org,1417170973579,Femenino,2024-09-19
cl_07602,Perlita Luna-Alvarez,navarrohector@example.net,2698105306220,Masculino,2024-08-04
cl_07603,Sebastián Araujo Díez,ferrandoalba@example.net,2857024913027,Femenino,2024-01-08
cl_07604,Narciso Gallart Vilaplana,lmarin@example.org,2775265588219,Femenino,2024-12-14
CL-07605,123,icastello@example.net,4256339162654,Femenino,2024-01-17
cl_07606,Heliodoro Baena Terrón,jvina@example.com,7651589112516,Femenino,2024-11-05
CL-07607,Balduino Torralba Losa,raimundo30@example.net,2459642407778,Femenino,2024-04-22
CL-07608,Cándida Figuerola Tejedor,rafaela50@example.com,6-123-456,Desconocido,2024-09-22
cl_07609,Noemí Pablo Casal,nestor91@example.net,9957343132437,Femenino,2025-05-12
CL-07610,Lope Jose Miguel Villar Crespo,@gmail.com,4118145234237,Masculino,2024-01-08
CL-07611,Edelmira Gámez Lerma,mario68@example.com,3867069704139,Femenino,2025-03-27
CL-07612,Angelina Garmendia Aguilera,galanlalo@example.net,2438913260665,Femenino,2024-06-30
cl_07613,Nayara Alemán,elpidio53@example.com,6909411485140,Masculino,2025-08-02
CL-07614,Teófila Verdejo Sosa,cbou@example.com,6182218456686,Femenino,2026-01-01
cl_07615,Estrella Roig Román,matejose-manuel@example.net,2298066378957,Masculino,2024-08-04
CL-07616,Jose Luis Santos Carpio,delia47@example.com,9022130236423,Masculino,2024-04-06
CL-07617,Magdalena Pont Vergara,bonetpastor@example.org,6010462703486,Masculino,2024-09-19
cl_07618,Segismundo Pelayo Morante Posada,zaida55@example.org,6203103383845,Femenino,2024-10-31
CL-07619,Raquel Salvador,calreina@example.net,3774140618945,Masculino,2023-09-05
cl_07620,,,61234abc,Masculino,2025-05-10
cl_07621,Nerea Medina Leiva,ortizileana@example.net,5899346028196,Femenino,2023-09-05
cl_07622,Jimena Roldán Grau,yolandatena@example.org,3252416698221,Masculino,2024-01-22
CL-07623,Omar Salgado Ocaña,jacobopalacios@example.org,1142081605931,Masculino,2024-06-14
CL-07624,Gustavo Duran Pavón,peinadoramona@example.org,1689674953115,M,2024-03-27
CL-07625,Florencio Criado Ramirez,adan29@example.org,5102906268214,Masculino,2025-08-04
CL-07626,Ambrosio Gonzalez Jerez,ezequielsastre@example.com,5405543841584,Masculino,2024-08-25
cl_07627,Andrés Cámara Benito,ainoaclemente@example.com,9852502816309,Masculino,2023-12-09
CL-07628,Benita Marquez Riba,maria-manuela90@example.net,1328794908871,Femenino,2024-06-29
cl_07629,Emperatriz Marta Casado Mesa,barrenaricarda@example.com,2855735589562,Femenino,2025-04-06
CL-07630,Pili Ricart-Barroso,,6694089729334,Masculino,2025-03-26
CL-07631,Claudia María Fernanda Navas Pelayo,ccarrion@example.org,8359110261308,Masculino,2023-11-09
CL-07632,Jordi Toni Vizcaíno Colom,samanta24@example.net,6-123-456,fem,2024-04-22
CL-07633,Ángel Sandalio Sedano Barriga,inigovillar@example.org,0293480734267,Femenino,2024-03-04
CL-07634,Pastora Córdoba Cuéllar,ceciliallorente@example.com,4957599147958,Femenino,2024-08-08
cl_07635,Aurelio Dominguez Fajardo,paola23@example.org,5603273861424,Femenino,2025-02-22
CL-07636,Felipa de Costa,zmora@example.net,9582680173757,Femenino,2024-07-01
CL-07637,Fabián Cañas-Menéndez,nicanor77@example.com,5611859260303,Femenino,2025-07-05
cl_07638,Fabio del Asensio,bcasals@example.net,5748562353315,Masculino,2025-01-09
cl_07639,Prudencia de Priego,psantamaria@example.org,5484361155550,Masculino,2024-04-21
,Gertrudis Herranz Estrada,vcastillo@example.com,7945216599879,Femenino,2023-11-04
CL-07641,Emigdio Amigó Barberá,ariel77@example.org,4763857319487,Masculino,2023-09-18
cl_07642,Cayetana Sara Izquierdo Morales,murciamarcelo@example.com,8063649701762,Masculino,2024-06-28
CL-07643,José Gracia Tello,zamoracelia@example.com,2015099772763,Femenino,2025-07-15
cl_07644,Julieta Salamanca-Vega,baronignacio@example.org,6-123-456,Femenino,2024-01-27
CL-07645,Concepción Padilla Casas,taniahernandez@example.net,1573806400129,Femenino,2025-04-20
CL-07646,Encarnación Marquez Morales,dricart@example.com,4203369410242,Masculino,2025-05-01
CL-07647,Salomé Juan Vidal,amari@example.org,4075732517062,Femenino,2025-05-16
CL-07648,Osvaldo Ariño Riera,gervasio69@example.net,3453187773037,Desconocido,2024-07-30
CL-07649,Rodrigo Ferrer Cornejo,donato62@example.net,4807224984175,Masculino,2025-06-19
cl_07650,123,,3841587829032,Femenino,2024-02-17
CL-07651,Alcides Burgos Linares,pombonerea@example.org,9218341148737,Masculino,2025-05-26
cl_07652,Angelina Rincón Bautista,agascon@example.org,5485408500280,Masculino,2024-07-24
CL-07653,Adora Portillo,guardiaaranzazu@example.org,7336733320127,Masculino,2025-06-15
CL-07654,Zacarías Ortega Roldán,flaviobaena@example.net,9096314242304,Femenino,2025-02-20
cl_07655,Cándido Pedraza Blanca,josep89@example.net,3530650430262,Femenino,2025-07-14
CL-07656,Marcial Cámara Bernat,nazaret78@example.org,+34 901 320 007,Desconocido,2024-10-23
CL-07657,Ciriaco Navarrete Tapia,azaharcozar@example.com,9732293884189,Masculino,2025-04-30
CL-07658,Amor Vizcaíno Ruiz,marmolainara@example.net,8933347350527,Femenino,2024-02-06
cl_07659,Santos Andrade Pou,adeliaoliveras@example.net,7138027194552,Femenino,2025-01-19
CL-07660,Amada Rocamora-Sobrino,@gmail.com,6369475934170,Femenino,2023-11-03
CL-07661,Fidela Sabina Herrera Vives,bonifaciocal@example.net,0362861031526,Femenino,2023-11-27
cl_07662,Silvestre Lucas Murcia Blanca,matildeespana@example.org,3802688955190,Femenino,2025-04-30
CL-07663,Joan Martín Márquez,conrado82@example.org,2283064337427,Femenino,2023-12-10
cl_07664,Nazario Luz Ugarte,alcantararuperta@example.org,5584834315581,M,2024-06-03
CL-07665,123,ruedajuan-antonio@example.org,1526662775137,Femenino,2025-01-28
cl_07666,Gilberto Cózar Nicolau,encarnacastillo@example.net,4129822899435,Masculino,2023-10-08
CL-07667,Socorro Calderón Arellano,ester60@example.org,0309445939947,Masculino,2024-11-01
cl_07668,Bienvenida Prieto,octaviovila@example.org,6-123-456,Masculino,
CL-07669,Bartolomé Prado Barranco,macarenamenendez@example.net,5415929543342,Femenino,2025-03-30
CL-07670,Chus Cortina Robles,,6225598765491,Femenino,2023-11-10
CL-07671,Bernardo Nebot Pascual,svinas@example.net,6904776730173,Masculino,2024-12-29
CL-07672,Pepe Benitez Checa,jordana31@example.org,3992205008611,fem,2024-10-02
CL-07673,María Belén Aguilar,crozas@example.com,9111434871169,Femenino,2025-01-16
cl_07674,Fabricio Coloma Tudela,avillena@example.com,8414298317864,Femenino,2025-04-29
cl_07675,Joan Páez Diez,riveroleoncio@example.org,8412393532918,Femenino,2024-03-30
CL-07676,Mamen Aragonés Torre,borregonorberto@example.com,8663854379494,Masculino,2025-08-05
cl_07677,Fidel Bernardo Pereira Vicente,ribasraimundo@example.net,4068970492507,Masculino,2025-01-30
CL-07678,Mauricio Manso Ballesteros,rosa-maria47@example.net,2652519700062,Femenino,2024-04-06
CL-07679,Lupe de Vall,martinbermudez@example.net,9747122788446,Masculino,2023-11-08
cl_07680,123,,6-123-456,Masculino,2023-09-29
cl_07681,Conrado Hoz Arnal,tsuarez@example.org,9898889258475,Masculino,2025-04-26
cl_07682,Manolo Barriga-Avilés,landareynaldo@example.org,0968987477108,Femenino,2024-09-27
CL-07683,Eliana Doménech Campos,veronicabenitez@example.com,9557585738013,Masculino,2024-05-06
CL-07684,Guadalupe Clemente Calderon,gervasio30@example.org,4772155778493,Masculino,2024-02-01
cl_07685,Domingo Duarte,bibianaescolano@example.org,6130089465601,Masculino,2024-05-18
cl_07686,Irene de Carreño,boixambrosio@example.com,5723248972314,Femenino,2024-08-30
CL-07687,Joel Menendez-Alberdi,reina07@example.net,6859814359885,Femenino,2024-12-11
cl_07688,Carina Gomila,bolanosseveriano@example.org,9390829012623,Desconocido,2024-05-23
cl_07689,Cristóbal Ponce-Garay,perlitadiez@example.org,7119753582478,Femenino,2025-04-15
CL-07690,Dalila Calvet Marqués,,4355118474456,Masculino,2024-12-19
CL-07691,Ricardo de Fabra,herminiorocamora@example.org,2446125637898,Femenino,2024-02-04
cl_07692,Martin del Colomer,abel74@example.net,+34 800176078,Masculino,2023-11-08
cl_07693,Ramón Alcalde Olmedo,pradocatalina@example.org,2896987139192,Masculino,2024-02-16
cl_07694,Patricio Tolosa Porta,galianonarcisa@example.net,0991001423720,Femenino,2024-07-05
CL-07695,123,iniestajuanito@example.com,9110117788756,Masculino,2025-03-10
CL-07696,Fortunato Sarabia,daniel39@example.net,1237262530479,Desconocido,2025-02-25
CL-07697,Leocadio Valenciano Uribe,rosendocarmona@example.org,4938325464383,Femenino,2024-03-01
CL-07698,Encarnacion Pía Zapata Calderón,nalmeida@example.com,6887928470753,Masculino,2025-08-11
CL-07699,Renato Ferrer-Roselló,tatianacanet@example.net,2969346324623,Femenino,2023-12-20
,Pepe Pablo Aznar Guardia,rrodriguez@example.org,6016061163375,Femenino,2024-03-30
CL-07701,Fausto de Barco,ppalomino@example.net,9216925052850,Masculino,2025-02-15
cl_07702,Angélica Pino Rios,ipaz@example.net,4459138707569,Femenino,2025-05-20
CL-07703,Anacleto Vizcaíno Alcántara,jenarogallart@example.net,7527193970811,Femenino,2024-02-23
CL-07704,Silvia Narváez,severianomadrigal@example.com,61234abc,M,2026-01-01
CL-07705,Juan Antonio Lorenzo Mayo,febepinol@example.com,3275605571180,Masculino,2024-10-31
cl_07706,Nayara Cerdá-Fortuny,fitoportillo@example.net,3259322700791,Femenino,2023-12-19
cl_07707,Cristóbal Villalonga Pagès,mcomas@example.com,6567538531362,Femenino,2023-09-30
cl_07708,Luisa Aguirre Pedro,blazquezhilario@example.net,7252331559734,Femenino,2025-08-11
CL-07709,Rodrigo Zorrilla Calleja,gpizarro@example.com,7775995186426,Masculino,2024-09-02
cl_07710,,correo@.com,0110841485660,Masculino,2024-04-14
CL-07711,Teobaldo Alcolea-Cano,luis-angelprado@example.com,5263335448373,Femenino,2025-08-14
CL-07712,Juana Rita Catalá Herrero,amada13@example.com,7066596828642,Masculino,2024-11-28
cl_07713,Nereida Bayo Flores,egargallo@example.com,5581989492818,Masculino,2024-05-07
cl_07714,Luis Hernán Mateos Galindo,ignacio90@example.org,1041757286899,Femenino,2023-12-31
CL-07715,Bartolomé Castejón,encarnacion72@example.org,7654406846860,Femenino,2024-08-28
cl_07716,Ruben Figuerola Roma,wpizarro@example.net,123456,Masculino,2024-06-27
CL-07717,Carmen Sanjuan Alegre,iglesiascoral@example.com,6215988313857,Masculino,2025-07-08
CL-07718,José Antonio Ferrándiz Pedro,blasgargallo@example.net,2693945280542,Femenino,2023-09-09
CL-07719,Héctor Valera Campos,cbernad@example.com,4058583620847,Masculino,2024-02-28
,Rafael Moya Zapata,,2925626094175,Masculino,2023-10-07
cl_07721,Cebrián del Corral,scarballo@example.net,4942725197134,Femenino,2023-10-24
CL-07722,Jacobo Nacio Huguet Borrego,falcoruben@example.org,4582168075788,Masculino,2025-03-23
CL-07723,Elisabet Adriana Ordóñez Gascón,prudenciamartorell@example.org,1743909969077,Masculino,2024-11-14
CL-07724,Tatiana Pozo Valle,tsarmiento@example.org,5890210957871,Femenino,2025-02-26
CL-07725,,rsierra@example.com,3956822601585,Masculino,2024-01-13
CL-07726,Amparo del Boada,alcalafabiana@example.net,3015338377864,Masculino,2025-03-08
CL-07727,Nicolás Cal-Sobrino,baltasarguzman@example.com,4296550592565,Femenino,2024-09-09
CL-07728,Teodoro Mario Porras Casanova,marcvillar@example.org,61234abc,M,2025-06-10
CL-07729,Donato Francisco Aramburu,iaragones@example.org,4634072203602,Masculino,2025-07-06
CL-07730,Clara del Perez,@gmail.com,3867545306459,Femenino,2023-09-20
cl_07731,Feliciano Rosado Bernad,guadalupebartolome@example.org,7645890245873,Masculino,2024-05-25
CL-07732,Santiago Tomás Acosta,carmela60@example.net,5991191518353,Femenino,2023-12-06
CL-07733,Cándido Montesinos-Cabanillas,sabatermarino@example.org,2176494910810,Femenino,2024-03-18
CL-07734,Mario Carro-Gallart,lunacordero@example.net,6116394514125,Masculino,2025-02-22
CL-07735,Eufemia Vega Artigas,kpomares@example.com,5083915778723,Femenino,2024-05-07
CL-07736,Espiridión de Miranda,perlita16@example.net,1001030065581,Desconocido,2024-08-06
CL-07737,Nydia Losada,josecanet@example.net,8424459530030,Femenino,2024-11-23
cl_07738,Lope Lladó Tirado,eolive@example.org,8914972769887,Femenino,2023-11-26
CL-07739,Severino Sanchez Muro,turisaias@example.com,8135641117188,Masculino,2023-09-29
CL-07740,123,@gmail.com,+34 976509919,Femenino,2025-03-16
CL-07741,Rosendo Pablo Morcillo,ocorbacho@example.net,4775824490794,Femenino,2024-07-16
cl_07742,José Antonio Guzmán,gfuente@example.com,7169340864290,Femenino,2024-01-03
cl_07743,Natividad Cabañas Salvà,marcelinoferrer@example.net,8761098899467,Masculino,2025-04-06
cl_07744,Onofre Rios Capdevila,vallsepifanio@example.net,3108749852444,Desconocido,2025-08-25
CL-07745,Tecla Angélica Peralta Prieto,mariselalumbreras@example.com,4354550262055,Femenino,2024-04-04
CL-07746,Brígida Feliu,carladaza@example.org,7222149697943,Masculino,2023-09-30
CL-07747,Mateo Guitart Pino,arturo14@example.net,8844010213041,Femenino,2024-09-20
cl_07748,Ibán Noriega-Santiago,lsastre@example.org,1970213269238,Masculino,2024-07-16
cl_07749,Catalina Peláez-Páez,rarnal@example.com,7700953591165,Femenino,2025-03-04
cl_07750,Sol Sevilla Salom,,6288781794084,Masculino,2024-01-21
CL-07751,Eugenia Mónica Antón Pozo,ggamez@example.net,1891488999301,Masculino,2025-01-16
CL-07752,Íñigo Cristóbal Ferrera Torrens,svendrell@example.org,6-123-456,fem,2024-07-27
cl_07753,Felipe Colom Exposito,jordanflorencia@example.com,0409612983880,Femenino,2023-11-20
cl_07754,Prudencia Infante Infante,doloresbarcelo@example.com,1646930272969,Femenino,2023-12-18
CL-07755,Leocadio Cerdá,lidiasedano@example.com,3780265068771,Masculino,2023-11-02
CL-07756,Pascuala Garzón,adelia02@example.org,8896627850715,Femenino,2025-08-05
CL-07757,Toribio Borrás Vizcaíno,apallares@example.org,7536136990956,Masculino,2023-12-31
cl_07758,Encarnacion Cervantes Murillo,galloismael@example.com,4109004933750,Masculino,
cl_07759,Jonatan Rovira Luján,juan-antonio89@example.org,2971245694191,Femenino,2025-08-09
CL-07760,Ciríaco Juan Carlos Valle Godoy,,7531612477056,M,2024-10-27
CL-07761,Gema Espada Orozco,piedad09@example.net,3779850952906,Masculino,2024-01-20
cl_07762,Paola Cuervo-Sáez,moraledareyna@example.com,8329224558056,Masculino,2025-04-14
CL-07763,Damián Adadia Iniesta,isaias18@example.com,3825636147982,Femenino,2024-11-24
cl_07764,Carla Arce Ibañez,maria-del-carmen14@example.com,6-123-456,Femenino,2023-11-08
cl_07765,Magdalena Seguí Canals,marinocampillo@example.com,3536319983961,Masculino,2023-08-29
cl_07766,Ángel Blázquez,candelabarco@example.org,4583947297619,Femenino,2025-05-09
CL-07767,Coral Canals Díez,bernabeadadia@example.com,2678902000197,Femenino,2024-01-16
CL-07768,Guiomar Larrea,ramosximena@example.org,9058490189528,Femenino,2025-08-15
CL-07769,Carlota del Busquets,qmendizabal@example.org,9251851998206,Masculino,2024-02-25
CL-07770,123,correo@.com,6193354785879,Femenino,2024-11-16
cl_07771,Nando Valderrama Esparza,bertoroda@example.net,1249738555598,Femenino,2024-05-08
cl_07772,Rebeca Acero Vicente,garciaelba@example.org,5128012593283,Masculino,2025-04-12
CL-07773,Germán Villaverde Bermúdez,marisol11@example.org,9594706083511,Masculino,2024-11-09
cl_07774,Chucho Cánovas-Leiva,mirallesvalentin@example.com,3282571199190,Masculino,2025-02-20
CL-07775,Gracia Nadal Cañellas,pmontes@example.net,0756990857582,Femenino,2024-10-29
CL-07776,Lola Oliveras,ofabregas@example.org,+34807 20 99 31,fem,2026-01-01
cl_07777,Eulalia Virginia Donoso Somoza,sochoa@example.com,0009672801329,Femenino,2025-02-06
CL-07778,Héctor Escobar Zaragoza,bustamantegodofredo@example.com,2884417283160,Masculino,2023-12-03
CL-07779,Eufemia Mayte Carbó Galiano,lmatas@example.org,4662721668386,Masculino,2024-12-24
,Teodora Castells Lloret,,2115410085890,Masculino,2024-06-10
cl_07781,Marcio Juárez Carrillo,lmir@example.org,5828822349260,Femenino,2024-12-15
cl_07782,Albina Gascón-Bravo,maria-pilar76@example.net,7575690516202,Masculino,2023-10-17
CL-07783,Carla del Cifuentes,veronicafajardo@example.org,0562692441900,Masculino,2024-02-27
CL-07784,Candelario de Otero,mendezteresita@example.com,2379675308256,fem,2024-03-20
cl_07785,@Oliver,puertaruth@example.net,2111372564526,Femenino,2025-06-19
cl_07786,Concha Fajardo Marcos,rosario77@example.com,2200172303735,Masculino,2024-12-26
cl_07787,Crescencia Ochoa,hborja@example.org,6061277210128,Femenino,2024-07-02
cl_07788,Benita Chelo Galindo Bou,trini69@example.net,61234abc,Femenino,2024-04-22
CL-07789,Bernarda Checa Carreño,dbaquero@example.com,7367619193943,Masculino,2023-11-27
CL-07790,Ariadna Grande Gallart,cristobal68@example.org,3706560460226,Femenino,2023-09-17
cl_07791,Luisa del Casanova,vicenteliliana@example.org,6545047399134,Femenino,2024-09-03
CL-07792,Aristides Lumbreras Marco,bonifacioquintanilla@example.org,9829229470480,Desconocido,2024-03-19
cl_07793,Tania Carrasco-Bermejo,bauzahoracio@example.net,0029999916488,Masculino,2024-03-18
CL-07794,Arturo de Mateos,ruth09@example.org,9614904750381,Femenino,2026-01-01
CL-07795,Salud Lozano Ponce,susanitabanos@example.net,3261994526911,Femenino,2024-10-01
cl_07796,Albert Carballo Cárdenas,lorenzo33@example.com,9967860491869,Femenino,2024-09-19
CL-07797,Martirio del Gonzalez,lgalvez@example.com,1110865994520,Femenino,2024-09-25
cl_07798,Gaspar Montoya Piñol,victoriano60@example.org,9387582539376,Masculino,2025-02-01
CL-07799,Patricio Velasco Revilla,rosario43@example.com,2729591495807,Masculino,2024-11-11
CL-07800,123,correo@.com,+34 803 487 742,M,2025-03-06
CL-07801,Lino Mario Pazos Badía,arteagaolegario@example.net,3752356691186,Femenino,2024-12-04
cl_07802,Odalys Álvarez-Pou,ferreraselisa@example.com,0198546048246,Femenino,2024-12-18
CL-07803,Bernardita de Rey,climaco17@example.com,6800555410849,Femenino,2023-10-05
cl_07804,Eugenio Ricart,cuellarangelica@example.net,8965039951622,Masculino,2024-05-14
CL-07805,Severiano Casanovas-Dalmau,martinzaira@example.org,8988572519350,Masculino,2023-10-10
CL-07806,Dominga Barros Saura,toroconsuela@example.org,9036426715841,Masculino,2025-06-12
cl_07807,Jerónimo Leon Domingo,blancajuan@example.org,6222098367975,Femenino,2023-09-03
CL-07808,Ulises Plinio Rocha Blasco,xvalle@example.net,2139699564213,Masculino,2024-12-27
cl_07809,Joel Maestre Román,gaston75@example.org,2503539059243,Femenino,2024-06-04
cl_07810,Melania Herranz Haro,,9313279448093,Masculino,2025-07-10
CL-07811,Tamara Isabela Solano Andres,alcidessanjuan@example.net,8162188527001,Femenino,2024-09-26
CL-07812,Catalina Robles Pintor,montesnilda@example.org,+34987 598 172,Masculino,
cl_07813,Agustín Alex Morillo Domínguez,cozarchita@example.org,6314884692421,Masculino,2023-12-22
CL-07814,Concepción Téllez Figueroa,nicolasa11@example.net,3946347068798,Femenino,2024-04-01
CL-07815,@Oliver,amalia05@example.org,8142227650970,Femenino,2024-04-13
CL-07816,Fabiola Miranda Llorens,borregoangelica@example.org,3671587715514,M,2025-01-16
CL-07817,Josefa Adadia Dominguez,xortega@example.net,0924536168491,Femenino,2024-11-12
cl_07818,Leonel Cuadrado Valencia,ambar18@example.net,4691744473518,Masculino,2023-11-28
CL-07819,Paulino Llamas Estevez,paulaperera@example.org,4259198389506,Femenino,2025-01-10
,Fátima Diéguez Navarro,,8788883458246,Masculino,2025-02-11
cl_07821,Dalila Zamorano Barrena,zsacristan@example.com,5106305910908,Femenino,2025-06-14
CL-07822,Alfonso Mulet Raya,santos82@example.com,5599403482625,Masculino,2024-09-26
cl_07823,Maximiano Rozas Casals,wzamora@example.net,7152566417331,Femenino,2024-02-11
CL-07824,Fidela Torrent Batalla,marinoangel@example.com,+34944 67 78 86,Masculino,2025-07-10
cl_07825,Mateo Lluch,lalo00@example.org,9300821565012,Femenino,2024-01-22
CL-07826,Jose Antonio Suárez Pablo,mascarocamilo@example.net,2565500739751,Femenino,2025-03-16
CL-07827,Rosa Marti Nicolau,qalba@example.net,4912102460911,Masculino,2024-12-20
CL-07828,Carmela Gámez Esteve,camila30@example.com,0479109869854,Masculino,2024-04-05
CL-07829,Heriberto Benavente García,xpalomar@example.org,8538945819142,Masculino,2024-01-21
CL-07830,Bautista de Canet,,3444804430045,Masculino,2026-01-01
cl_07831,Xavier Salamanca Montero,velezteresa@example.org,0503622409286,Masculino,2025-03-05
CL-07832,Antonia del Agustí,toribio51@example.net,4418258714156,fem,2025-04-10
cl_07833,Atilio Torrijos,adelina60@example.net,7814827119294,Masculino,2024-06-05
CL-07834,Lorenzo Bonifacio Mínguez Lumbreras,catalina05@example.org,4553287745104,Femenino,2024-07-25
CL-07835,Ofelia Obdulia Porras Pacheco,alvaradocarlota@example.net,8557497437713,Femenino,2025-02-04
CL-07836,Gema Company Carranza,vhuertas@example.net,61234abc,Femenino,2024-10-11
CL-07837,Modesto Quique Nogueira Diaz,nmontesinos@example.com,4838783985777,Femenino,2023-10-17
CL-07838,África Campos Ribera,sacristanruben@example.net,5810112614784,Femenino,2024-01-21
cl_07839,Matilde Romero Gracia,nicolasa61@example.net,6060908351325,Masculino,2025-04-20
,Eva Camps Vicente,,6993004322429,fem,2025-01-04
CL-07841,Edelmira Garrido Toro,jose-angelbejarano@example.com,6339183030798,Femenino,2024-07-24
CL-07842,Abel Montero Valencia,vicenta02@example.com,9535978662504,Femenino,2023-12-01
cl_07843,Josefina Moles,orianajimenez@example.net,8800613498482,Masculino,2024-06-08
CL-07844,Rosa María Cid-Arteaga,zamoranilo@example.net,5619616508293,Masculino,2025-03-17
CL-07845,@Oliver,santiago65@example.org,3618942396434,Masculino,2023-11-23
CL-07846,Azucena Riera Carvajal,tpalacio@example.net,2789829260766,Masculino,2023-12-01
CL-07847,Isa del Guitart,nico07@example.com,6219686854950,Masculino,2025-08-14
cl_07848,Rufino Pulido Toledo,ayusogenoveva@example.net,+34875 321 987,M,2024-10-22
cl_07849,Jose Angel Leonel Peiró Juárez,bperales@example.net,7182499718886,Femenino,2025-02-24
CL-07850,Cebrián Rubén Chacón Company,@gmail.com,8681564635091,Femenino,2024-05-03
cl_07851,Marcela Purificación Mora Gimeno,leocadio49@example.com,5952293207789,Masculino,2024-01-04
CL-07852,Nando Escamilla Palacios,novoatrinidad@example.org,9442001898109,Masculino,2024-03-28
CL-07853,Jorge Ojeda Aguiló,salonso@example.net,3822040688829,Femenino,2024-08-14
CL-07854,Verónica Azucena Ayala Gimenez,toribiogallardo@example.com,0438532187622,Femenino,2025-04-03
cl_07855,Luisa Naranjo Bello,wsegui@example.com,8786878570159,Femenino,2023-12-29
CL-07856,Elvira Carnero Reguera,xortiz@example.net,9001659386593,fem,2023-09-14
CL-07857,Cintia Jove Medina,claudiaortega@example.net,1714101083740,Femenino,2025-07-28
CL-07858,Eufemia Alegria Castejón,fidela55@example.net,3283198956330,Masculino,2025-01-14
CL-07859,Ani del Suarez,lina16@example.org,0149602587661,Masculino,2024-08-07
CL-07860,@Oliver,@gmail.com,6-123-456,Femenino,2024-02-01
CL-07861,Rosa María Ortega Maestre,cipriano53@example.org,8844189896386,Femenino,2023-11-14
cl_07862,Ezequiel Almansa Agustí,hcasares@example.net,2345492653271,Masculino,2024-10-29
CL-07863,Esperanza Dávila,marco89@example.net,8421835889715,Masculino,2024-08-14
CL-07864,Sabina Feijoo-Aznar,mateosalom@example.org,1589782235677,Desconocido,2024-05-03
cl_07865,Gil Soria-Vilanova,panfilo91@example.net,2166767677858,Masculino,2024-10-24
CL-07866,Germán Patiño Ángel,concha14@example.com,7423695944090,Masculino,2023-11-14
cl_07867,Ignacia Salcedo Peiró,salvador90@example.net,8001360593783,Femenino,2024-04-02
CL-07868,Evita Reina,javichaves@example.org,7755858267131,Femenino,2023-09-15
CL-07869,Adelia Luís Antúnez,rosa-maria37@example.com,1499642593432,Femenino,2025-02-16
CL-07870,Rosa Segovia Nuñez,correo@.com,8032795587628,Femenino,2024-07-21
CL-07871,Nacho Aznar Mir,luqueofelia@example.com,5296970511993,Masculino,2024-05-04
CL-07872,Ibán Cantero Fernandez,panfilopineiro@example.com,61234abc,Masculino,2024-03-20
cl_07873,Alexandra Berrocal Galván,veracelso@example.com,6750733889154,Femenino,2024-01-25
cl_07874,Marisa Abellán Bauzà,julianclarisa@example.org,1378973574913,Femenino,2024-01-10
CL-07875,@Oliver,cepedaadelia@example.com,6758849601300,Masculino,2024-09-23
cl_07876,Alberto Galan Botella,dpriego@example.net,0133234334065,Femenino,2024-01-02
CL-07877,Luz Dionisia Leiva Campillo,salazargervasio@example.org,5862454074746,Masculino,2025-07-11
cl_07878,Andrés Alcolea Pereira,dizquierdo@example.net,5354004391195,Femenino,2025-06-02
CL-07879,Eleuterio Alonso Porras,aitanaotero@example.net,0951271489294,Femenino,2025-02-25
cl_07880,Lucho Palomar Herrera,facosta@example.net,8244361073151,Femenino,2025-08-07
cl_07881,Valentina Naranjo Barreda,tecla08@example.net,0045544747015,Masculino,2024-02-04
CL-07882,Rosaura Quiroga Murcia,fcatalan@example.com,1750203816397,Masculino,2025-05-18
CL-07883,Alonso Pina,adanjose-miguel@example.org,1506516198143,Femenino,2024-04-08
CL-07884,Martina Abril Torres,barberadonato@example.com,+34947 64 51 79,Femenino,
CL-07885,Clementina Valenciano-Calderon,linaresramiro@example.net,4423607542032,Masculino,2024-09-16
cl_07886,Felicidad Peñas Gonzalo,brioneslupita@example.net,6176285532942,Masculino,2023-10-23
CL-07887,Ildefonso de Guillén,omedina@example.net,2266898456165,Masculino,2023-10-15
CL-07888,José Antonio del Prats,lillodan@example.net,5087453541412,fem,2023-10-07
CL-07889,Poncio Seguí Llopis,eugenio21@example.com,1064021750804,Masculino,2024-01-19
CL-07890,123,,7719366485668,Masculino,2024-02-17
CL-07891,María Ramis Quintana,roque72@example.com,0310301946842,Femenino,2023-10-09
cl_07892,Casandra Díaz Cortina,tcerdan@example.net,6230892225511,Femenino,2025-03-14
CL-07893,Toni Lara Cerezo,begonalamas@example.org,1206594722469,Femenino,2025-06-15
CL-07894,Ainoa Moreno Pomares,jaureguiedu@example.com,9707530057089,Femenino,2025-07-24
CL-07895,Verónica Paz-Alcántara,kvilalta@example.net,2699148059692,Femenino,2025-07-31
CL-07896,Luz del Cueto,sara63@example.net,61234abc,fem,2024-12-27
CL-07897,Gloria Verdú Peñas,mtellez@example.net,6604719386048,Masculino,2024-10-07
CL-07898,Paulino Casanovas Saldaña,molinerhilda@example.org,9339688983602,Masculino,2024-11-09
CL-07899,José Luis Lillo Fernández,xcabello@example.org,8066001058833,Femenino,2024-05-04
CL-07900,Casemiro Santiago Tudela,tportero@example.org,5113526146738,Femenino,2023-09-25
cl_07901,Aurelia Robledo Mascaró,haroldopomares@example.com,9494943855031,Masculino,2025-05-20
CL-07902,Javiera Plaza Echevarría,josefina69@example.net,0907324812620,Femenino,2023-09-05
CL-07903,Pilar Vicenta Mariscal Carbonell,susana03@example.org,4923748796491,Masculino,2024-09-11
CL-07904,José Mari Valdés Aguado,josue18@example.net,2542235857290,M,2025-01-19
CL-07905,123,osolsona@example.org,3248376000077,Masculino,2025-07-31
CL-07906,Antonia Camacho Luján,juanita10@example.org,8226960834676,Masculino,2025-05-21
CL-07907,Juan Carlos Esteve Salom,acrespo@example.org,4141250784326,Femenino,2024-01-05
cl_07908,Balduino Pedraza,elicastillo@example.org,123456,Femenino,2024-06-06
CL-07909,Adelardo Serrano Llorente,jordanatorres@example.net,2160071361974,Masculino,2023-11-05
CL-07910,Cristian Esteban Mariño,,7088249881686,Masculino,2025-06-03
CL-07911,Gerónimo Iborra Olmedo,montesnicolas@example.org,9284359517553,Femenino,2025-08-04
CL-07912,Dora Barceló Garrido,roque86@example.net,6786513076151,Femenino,2024-01-14
CL-07913,Eustaquio Campillo Campo,nazaret01@example.net,5814202017518,Femenino,2023-09-12
cl_07914,Jose Ignacio Giménez Zamorano,crespileire@example.org,0721716640676,Masculino,2024-05-11
cl_07915,Arcelia Solano-Castell,echacon@example.net,9902377352311,Femenino,2024-04-30
cl_07916,Graciano Daza,cordobacleto@example.net,8274910131678,Femenino,2025-02-02
cl_07917,Hector Galán Iborra,jorge62@example.com,7793741440393,Femenino,2024-09-29
cl_07918,Nicolasa Virginia Sotelo Losa,xabascal@example.net,2291992653835,Masculino,2024-05-11
CL-07919,Fanny Arrieta Roig,candido69@example.com,8194850063136,Femenino,2024-06-10
CL-07920,@Oliver,,+34925 95 70 67,Femenino,2026-01-01
cl_07921,Anabel Cobo García,haydeefiguerola@example.com,7414193892513,Femenino,2025-07-24
CL-07922,Luciana Rey Verdugo,vanesacalatayud@example.org,8750344395799,Femenino,2024-12-24
CL-07923,Lino Balaguer Saavedra,raimundoporta@example.net,4197058012589,Femenino,2024-12-11
cl_07924,Poncio Vergara Pazos,vpalacios@example.com,3844057339835,Masculino,2024-09-21
CL-07925,Filomena Dominga Zapata Hernández,dfont@example.net,4513877623003,Masculino,2024-05-15
cl_07926,Tiburcio Carreras-Canales,lucas29@example.org,8930486836547,Femenino,2023-12-29
CL-07927,Javier Rojas-Carranza,alicia39@example.org,2046840673990,Masculino,2024-06-04
CL-07928,Carla Duran Huertas,dcespedes@example.org,6258822877528,Desconocido,2025-06-08
CL-07929,Sarita Llano Álvarez,ciriacomilla@example.com,6096077088604,Masculino,2023-09-14
CL-07930,Xiomara Cazorla Morata,,2271829098940,Femenino,2025-04-10
CL-07931,Guadalupe de Moliner,amalia64@example.com,7264863001336,Femenino,2024-01-21
CL-07932,Edelmiro Gelabert,alcantaramariana@example.org,123456,Masculino,2024-04-27
CL-07933,Guillermo de Alcalde,chicojafet@example.org,0554341646503,Femenino,2024-12-12
CL-07934,René Arnal Riera,nereacardenas@example.org,3597454828666,Femenino,2025-02-05
cl_07935,@Oliver,damian06@example.org,4805777889564,Femenino,2025-01-23
CL-07936,Luisina Acero-Catalá,angelreyes@example.org,6690641883639,fem,2025-07-26
CL-07937,Candela de Ledesma,jorge73@example.com,5197123663714,Masculino,2025-08-12
cl_07938,Nazario Paco Cabrero Borrell,fanny21@example.net,2542035037300,Masculino,
CL-07939,Fabián Pedrosa Llanos,casadoaristides@example.org,5445367701850,Femenino,2023-10-10
,Pía Lledó Quintana,correo@.com,9893351387151,Masculino,2024-10-05
CL-07941,Loida Palomar Rico,ahoyos@example.com,0584874800290,Femenino,2024-06-27
cl_07942,Amador Pareja-Velasco,atorrent@example.com,8550593430782,Masculino,2024-09-19
cl_07943,Andrés Felipe Barco Llorens,nvinas@example.org,0065178096302,Masculino,2024-10-18
cl_07944,Teodosio Guzman Franch,poncio34@example.com,6-123-456,Masculino,2024-05-31
CL-07945,Damián Fonseca Cases,kramon@example.net,6990076270976,Femenino,2023-12-04
cl_07946,Dafne Pacheco Castellanos,pamat@example.com,9049306764799,Masculino,2024-04-12
CL-07947,Benita Artigas Nadal,placido20@example.net,2793474866763,Masculino,2025-08-21
cl_07948,Eugenio Martin Jiménez,saturninalozano@example.net,1929422578258,Femenino,2024-11-17
CL-07949,Eliseo Jover Folch,morenaesteve@example.org,1009001504726,Femenino,2024-01-24
CL-07950,Prudencio Gregorio Fuentes Mas,correo@.com,7282394340678,Femenino,2024-02-19
CL-07951,Chelo Gisbert Sans,otiliaalmagro@example.net,3176104177224,Masculino,2024-06-07
cl_07952,Rufina Jordán Nogués,noemi51@example.com,4112246923895,fem,2024-12-25
CL-07953,Borja Huerta Campo,castrillolazaro@example.org,7324103247556,Femenino,2024-07-28
CL-07954,Nydia Azorin-Boada,penasjuliana@example.org,2151175741039,Masculino,2024-02-04
CL-07955,Pilar Barragán-Cuéllar,arcoloida@example.net,2400615607621,Femenino,2025-01-02
cl_07956,Narciso Agustí Garzón,qespana@example.org,123456,Femenino,
cl_07957,Gastón Andrés Dueñas,obarragan@example.org,0028172473607,Masculino,2025-01-27
cl_07958,Gala Luz Iglesias Lerma,jose-luisramos@example.com,4724048939021,Masculino,2025-06-20
CL-07959,Wilfredo Gutiérrez Ibarra,cruz46@example.net,4456778392709,Femenino,2023-10-05
,Epifanio Marín Salamanca,@gmail.com,5541576618418,Femenino,2023-10-02
CL-07961,Gala de Tur,qlledo@example.com,6255064978324,Femenino,2024-02-27
CL-07962,Martin Jurado,dverdu@example.net,7351735355657,Masculino,2025-08-20
CL-07963,Jessica Barco Luján,ponsamado@example.org,1115419552518,Masculino,2025-07-11
CL-07964,Hortensia Manzano-Uría,dramirez@example.org,3678138540785,Masculino,2024-02-11
CL-07965,,heriberto07@example.org,3210097885793,Masculino,2024-10-11
CL-07966,Iván Cervantes Belda,amparoparra@example.org,9318797361778,Masculino,2025-03-03
CL-07967,Joan Ródenas Perez,baldomeroquiros@example.com,0820803077450,Femenino,2025-06-05
CL-07968,Maxi Fábregas-Carretero,adora13@example.org,123456,fem,2025-07-09
CL-07969,Lupe Céspedes Palmer,jose-maritomas@example.com,5115203150096,Femenino,2024-11-06
cl_07970,Pancho Manrique Díez,leandra08@example.org,3360301258278,Femenino,2025-03-04
CL-07971,Agapito del Aparicio,anselma71@example.com,4128472195407,Masculino,2023-09-12
CL-07972,Jordi Cuéllar-Peña,martin63@example.net,9665417506224,Masculino,2023-11-10
cl_07973,Amada Clotilde Benitez Andreu,anita84@example.net,8035597031663,Masculino,2025-05-16
CL-07974,Ana Sofía Barrio Mate,ruth65@example.org,1513658245037,Femenino,2026-01-01
cl_07975,Gervasio Querol Pareja,maricruzgrande@example.com,8894753324057,Masculino,2024-06-11
CL-07976,Norberto Chaves Marqués,ralberto@example.net,1135458836291,Desconocido,2024-05-05
CL-07977,Irene Méndez Saldaña,joaquin79@example.org,8393990236266,Femenino,2025-01-28
CL-07978,Aitor Cruz Barroso,regulo92@example.net,8878772832903,Femenino,2025-07-08
cl_07979,Sol de Navarrete,silviacepeda@example.com,3461830377329,Femenino,2024-01-25
CL-07980,,correo@.com,123456,Femenino,2024-06-28
cl_07981,Heliodoro Mayoral Alcolea,tiburcio71@example.net,3341548121115,Masculino,2025-07-11
cl_07982,Asdrubal Cuenca,lmontesinos@example.com,4386699696575,Femenino,2025-02-20
CL-07983,Anabel Bueno Ortiz,abayona@example.com,8782743629254,Masculino,2024-10-20
cl_07984,Daniela Calatayud Vallejo,adoramendez@example.net,9716386884929,Masculino,2024-04-27
CL-07985,Perlita Pablo-Bolaños,leonorfranch@example.org,7953160424098,Masculino,2024-08-09
cl_07986,Paloma Florentina Guillén Pujol,herranzdani@example.org,3250210033793,Masculino,2024-12-21
CL-07987,Marina Barros Alcázar,florchelo@example.com,9260948774649,Femenino,2023-09-20
cl_07988,Eulalia Pardo Madrid,palmaesmeralda@example.com,4962079608698,Femenino,2024-11-16
CL-07989,Máxima Real Andreu,salvador52@example.org,4688220916180,Femenino,2025-06-03
CL-07990,Azeneth Ferrero Sanz,,9466976867756,Masculino,2023-09-09
CL-07991,Mayte Barral-Mayo,mosqueraguiomar@example.org,4162412162022,Femenino,2023-12-17
cl_07992,Nicolasa Alberto-Marí,linoiriarte@example.net,61234abc,M,2026-01-01
CL-07993,Juan Francisco Mayol Ochoa,evaristojordan@example.net,1144931422647,Femenino,2023-11-15
CL-07994,Vilma de Nebot,severinovall@example.org,6530568500285,Femenino,2025-03-22
CL-07995,123,gescamilla@example.com,2541159630561,Femenino,2024-11-22
CL-07996,Montserrat Aparicio-Baños,anastasia20@example.com,6160537857692,Masculino,2023-10-02
CL-07997,Arturo Amador Zamora,florentinareig@example.net,8658515158427,Masculino,2025-08-08
cl_07998,Balduino Pulido,tmorante@example.com,2990778364568,Masculino,2025-01-27
cl_07999,Amalia Piñol Segovia,adora10@example.com,4481433354168,Femenino,2024-02-15
,Urbano Catalán Lara,cesar90@example.org,5571233128255,fem,2025-03-29
cl_08001,Ruben Lucas Espada Bautista,jyuste@example.net,3274556690832,Masculino,2025-04-09
CL-08002,Malena Ferrero Tamarit,ialarcon@example.net,8642437674702,Masculino,2024-02-22
cl_08003,Fortunata Palacio,silvio88@example.org,5021667398065,Masculino,2025-01-26
CL-08004,Régulo Páez Lamas,ciriacocaceres@example.com,6-123-456,Femenino,2024-12-28
cl_08005,Glauco Ferrán,cristobal94@example.net,0292391101462,Masculino,2024-01-27
CL-08006,Coral Martinez Alcaraz,alvarezgala@example.net,0312508189787,Masculino,2024-12-23
cl_08007,Florinda Criado Pons,echeverriajimena@example.com,1223016459342,Femenino,2024-08-21
CL-08008,Juan Francisco Saez Aragonés,mbru@example.com,4292842960310,fem,2025-02-19
cl_08009,Montserrat Monreal Lara,maxima14@example.org,0351925835785,Femenino,2023-11-01
CL-08010,123,correo@.com,4687747595991,Masculino,2026-01-01
CL-08011,Herminia Ropero Alemán,pallaresrico@example.net,2750074161018,Femenino,2024-09-08
cl_08012,Teodosio Tejero Lago,tormopetrona@example.com,8550740147000,Masculino,2025-03-09
CL-08013,Baudelio Luna Roig,silvestre22@example.org,6664955424830,Masculino,2025-07-14
cl_08014,Nicolás García Córdoba,canellasprimitiva@example.net,5606645198093,Masculino,2023-10-18
CL-08015,Guiomar Aramburu Batlle,renataaragones@example.com,3939228166783,Masculino,2024-03-01
CL-08016,Ofelia Coral Nadal Bustamante,ordonezezequiel@example.org,+34 842282534,Desconocido,2024-09-21
cl_08017,Modesta Ávila Paredes,woliveras@example.net,1796906151563,Femenino,2024-01-11
cl_08018,Dan Domínguez Llanos,gcastejon@example.org,2386692574172,Masculino,2025-02-27
CL-08019,Yago Sabas Verdejo Conde,renatovives@example.net,0273690053462,Femenino,2024-10-09
CL-08020,Teo Falcón Acuña,,4820582878047,Masculino,2025-07-13
CL-08021,Bernabé Octavio Pedraza Tormo,rolandotorres@example.net,4601327636349,Femenino,2024-08-20
CL-08022,Febe Vila Borrego,timoteoferrera@example.com,0357506942522,Masculino,2025-04-25
CL-08023,Alberto Sedano Carro,catalinatolosa@example.com,5481382584922,Femenino,2023-12-01
CL-08024,Gastón Leopoldo Soria Suarez,nelida32@example.org,0525334838150,Desconocido,2024-03-31
CL-08025,123,paulino71@example.net,4346517112607,Femenino,2025-02-10
CL-08026,Ignacio Faustino Azcona Soria,salmeronjose-angel@example.com,4502170725522,Masculino,2023-12-05
cl_08027,Rosalía Cervera Varela,montoyabenigna@example.org,6646306927713,Masculino,2025-07-07
CL-08028,Nicanor Bayona,maxima73@example.com,6-123-456,Femenino,2024-05-10
CL-08029,Telmo Fernández Padilla,tmenendez@example.net,2476355643539,Femenino,2024-11-06
CL-08030,Roberto Cabrera Ramón,,2457927251878,Masculino,2025-01-07
cl_08031,Reynaldo Virgilio España Duque,florencio26@example.org,0968578196096,Femenino,2025-01-12
CL-08032,Zacarías Franch,samuel00@example.org,2510552335615,Masculino,2025-03-20
cl_08033,Nerea Sanchez,galloani@example.com,9654113426376,Femenino,2024-09-06
CL-08034,Feliciano Carbó Milla,priscilatalavera@example.com,8128382736435,Femenino,2024-12-03
CL-08035,Julia Galván Ureña,ccheca@example.net,4204465489482,Masculino,2024-08-09
cl_08036,Gervasio Azcona Ferrán,qmancebo@example.net,1839299497198,Masculino,2023-10-25
CL-08037,Américo Lalo Noriega Ordóñez,guardiaelvira@example.org,1163962053681,Masculino,2024-11-21
cl_08038,Eleuterio Bayón-Figuerola,jparra@example.net,4761776046334,Femenino,2024-12-03
cl_08039,Vidal Escobar Montserrat,leyre17@example.net,5773344262617,Femenino,2025-08-08
CL-08040,,@gmail.com,6-123-456,M,2025-06-17
CL-08041,Lázaro Saturnino Ballester Sierra,rosalesmarcia@example.org,0566027842538,Femenino,2024-05-09
cl_08042,Julie Cámara Rueda,almansaanabel@example.com,7603632000415,Masculino,2024-07-01
CL-08043,Nayara Alegre Aznar,leon77@example.org,3337589414370,Femenino,2025-08-22
CL-08044,Sara Guerrero Perelló,leandro65@example.net,8545659467586,Masculino,2025-05-27
cl_08045,Carlos del Peláez,lauraraya@example.net,7854376985291,Masculino,2024-03-03
CL-08046,Carmela Zaida Peralta Miranda,dmatas@example.com,4198434846496,Masculino,
CL-08047,Severino Agustí Coloma,kcamacho@example.org,4844447257263,Femenino,2025-02-22
CL-08048,Heliodoro Ramis Uría,amparo83@example.com,1146584058700,fem,2024-09-24
cl_08049,Victoriano Benavente Calleja,eva-mariatamayo@example.net,5370270744548,Masculino,2024-05-17
CL-08050,Ester Marqués Mármol,gastonmelendez@example.org,8309139533006,Femenino,2023-09-25
CL-08051,Fabricio Larrea,nazaret51@example.org,7961651006300,Femenino,2024-02-11
CL-08052,Elba Company Moreno,ainara21@example.com,61234abc,Femenino,2025-01-13
CL-08053,Amalia Tania Álamo Juliá,samanta55@example.org,0664255466611,Femenino,2024-10-15
CL-08054,Juan Manuel Prada Andreu,fabianaacosta@example.org,1872039319517,Femenino,2025-01-26
cl_08055,@Oliver,rgargallo@example.net,3231455497115,Femenino,2024-06-01
cl_08056,Agapito Duran,celiagibert@example.org,7006249958269,fem,2024-06-04
CL-08057,Ascensión Mendizábal Sola,edmundocal@example.net,7014059474558,Femenino,2025-06-13
CL-08058,Susana Barreda Ros,villenamanu@example.org,0345610387805,Femenino,2024-10-28
CL-08059,Guadalupe Tejera Juliá,obeltran@example.org,6820543516303,Femenino,2024-12-30
cl_08060,Samanta Rita Barba Posada,correo@.com,8126932288835,Femenino,2025-01-05
CL-08061,José Antonio Ríos Segura,fvaquero@example.net,1502173325429,Femenino,2025-08-10
CL-08062,Pedro Barón Morell,che11@example.net,5868346935763,Femenino,2024-11-17
CL-08063,Apolonia Campillo Buendía,tbermudez@example.com,0428322866280,Masculino,2023-10-13
CL-08064,Elías Rueda Saavedra,galo70@example.com,123456,Desconocido,2026-01-01
CL-08065,Rosendo Anglada,rriera@example.org,6602192753160,Masculino,2025-02-01
CL-08066,Charo Alvarez Parejo,frosello@example.org,4169631646290,Femenino,2023-12-25
CL-08067,Esteban Escudero-Palmer,vlerma@example.org,0669281622051,Femenino,2023-10-11
CL-08068,Manu Carnero Zurita,rufina24@example.org,2904402125940,Femenino,2024-02-03
cl_08069,Eustaquio Guitart Arellano,estebancastell@example.net,0409643257291,Femenino,2025-06-19
cl_08070,,lucenamarino@example.com,0614870554725,Femenino,2023-12-05
cl_08071,Roque de Cabanillas,urbanoramon@example.net,1487776854299,Femenino,2023-10-14
cl_08072,Cruz Norberto Aliaga Azcona,concepcionarteaga@example.com,5272685880536,Desconocido,2024-08-03
cl_08073,Emilia Orozco Cuéllar,asuncion45@example.com,1315262222952,Masculino,2024-01-04
CL-08074,Silvestre Gelabert Verdejo,dexposito@example.org,9726133128400,Femenino,2025-01-27
cl_08075,Zacarías Cervantes Cerdá,tpazos@example.net,2957932224730,Masculino,2025-08-28
CL-08076,Sebastian Carvajal,yrodriguez@example.com,+34847 944 550,Masculino,2023-12-15
CL-08077,Gabriel Vigil Sanz,valerajuan-carlos@example.org,4550347558490,Femenino,2023-12-16
cl_08078,Jeremías del Almansa,ucoloma@example.net,0913756447161,Femenino,2024-11-18
CL-08079,Manuela Carreño-Codina,marisa78@example.org,1632170492215,Femenino,2024-08-27
,Conrado Escobar Portillo,amatmiguel-angel@example.com,8136695366906,M,2024-12-28
CL-08081,Ezequiel Palomino Rodrigo,dani03@example.com,6332651818469,Masculino,2024-08-14
CL-08082,Nazario Ferrán Morán,carmeloibanez@example.net,1859389322956,Femenino,2025-06-02
CL-08083,Marco del Sans,lopezteobaldo@example.org,8093035440870,Femenino,2024-03-22
cl_08084,Marita Redondo-Campo,gaspar14@example.net,0657897549727,Femenino,2024-09-13
CL-08085,Virginia Conesa Botella,geraldo74@example.com,2637339647045,Masculino,2025-05-21
cl_08086,Emilia del Poza,rocamar@example.org,4482812012222,Femenino,2024-05-06
CL-08087,Yésica Cabanillas,maria14@example.net,0111840479943,Masculino,2023-12-06
cl_08088,Cruz de Nicolau,pujadasmartin@example.com,+34878 69 86 42,fem,2024-01-12
cl_08089,Lidia Carlos Hidalgo,vmarino@example.org,0765480567980,Masculino,2025-04-14
CL-08090,Ildefonso Gómez Fábregas,,1430199920209,Femenino,2024-05-25
cl_08091,Débora Izaguirre-Ayuso,kmanzanares@example.org,8390669550523,Femenino,2025-01-27
CL-08092,Rosendo Marcelo Rosselló Francisco,sevebarrera@example.org,1609026218983,Masculino,2025-03-23
CL-08093,Sabina del Iriarte,pomaresjose@example.net,4407774150216,Femenino,2025-08-13
CL-08094,Octavio Goicoechea-Fuentes,cduran@example.net,0360366276557,Femenino,2024-02-08
CL-08095,Cintia Belda Orozco,rodriguezciriaco@example.com,2745180131527,Masculino,2023-12-02
cl_08096,Victoria Mancebo Herrero,rosanidia@example.net,1179822942845,Femenino,2024-04-11
CL-08097,Marita Quirós Agudo,mamen06@example.com,7725608019788,Femenino,2025-06-19
cl_08098,Rebeca Cabrero,ferrerasrene@example.com,0399625839955,Masculino,2023-11-16
cl_08099,Renata Berrocal Girón,zairabalaguer@example.org,5069705154066,Masculino,2024-05-01
cl_08100,,ncarreras@example.com,123456,Masculino,2024-07-13
cl_08101,Vanesa Español Llopis,americolluch@example.org,0533883803311,Masculino,2024-02-18
cl_08102,Alcides Alvarez,anguitaariel@example.org,5601480319531,Masculino,2025-02-02
cl_08103,Elodia Baños-Querol,pratsdiego@example.net,8264621174121,Femenino,2024-02-29
CL-08104,Rocío Tormo Vera,qnicolau@example.net,7913648092687,Masculino,2025-05-31
CL-08105,Gerardo Celestino Peiró Jordá,ofeliacorominas@example.net,2138686609514,Masculino,2025-02-07
CL-08106,Buenaventura Simó-Huertas,aecheverria@example.com,3866144473326,Femenino,2024-11-06
CL-08107,Pelayo Alvarado Valls,geraldo94@example.net,6036843323159,Masculino,2025-06-05
CL-08108,Lorenza Pina Font,kfont@example.com,9194008372403,Femenino,2024-03-26
CL-08109,Miriam Ribas Camino,maria-fernandaurrutia@example.com,7861615910857,Femenino,2024-08-06
CL-08110,Adrián Guardiola Maza,mariscalplacido@example.com,4352024996798,Masculino,2023-09-19
cl_08111,Gerónimo Busquets Luna,marc48@example.org,6647514956139,Femenino,2024-12-12
CL-08112,Gala Rosado Plaza,vergarageronimo@example.org,6-123-456,M,2024-04-13
CL-08113,Josep Torrijos Fuente,requenafito@example.org,4310644880082,Femenino,2024-06-25
CL-08114,Macaria Cortes Fernandez,morilloaaron@example.com,1754718734334,Masculino,2024-01-10
cl_08115,,monrealligia@example.org,6068861590960,Masculino,2024-01-16
CL-08116,Noelia Montes Nogués,amaro10@example.com,2443468431909,Femenino,2025-03-13
cl_08117,Ruth Aller,narcisacalleja@example.org,0263214363749,Femenino,2025-08-09
CL-08118,Nicodemo Sevillano,angelino01@example.com,9597592377732,Femenino,2024-08-12
CL-08119,Sabas Noguera Múgica,escolanopanfilo@example.org,2393281804453,Femenino,2025-05-20
,Emma Diaz Elías,ncriado@example.com,9076565897263,Femenino,2023-10-09
CL-08121,Fulgencio Segura Perea,rieracarla@example.net,7954417675513,Femenino,2023-10-19
CL-08122,Abril Chamorro-Cifuentes,filomenajulia@example.com,2320139469864,Femenino,2024-04-23
CL-08123,Vasco Barceló Becerra,oaguila@example.com,3860319203499,Femenino,2023-11-14
CL-08124,Angelina Oller Roselló,jsalgado@example.com,+34886778878,Femenino,2024-11-20
CL-08125,Corona Arregui Escudero,arseniopedrero@example.org,4497128991122,Femenino,2024-10-27
CL-08126,Porfirio Goñi Mendizábal,estefaniaperea@example.com,9780241517437,Femenino,2024-02-27
cl_08127,Raquel Lidia Baró Salcedo,rosendapiquer@example.org,8875991939345,Femenino,2025-03-12
CL-08128,Encarnación Martinez Terrón,jcasal@example.com,0543744615686,Desconocido,2024-09-23
CL-08129,Mauricio Crespo Canet,gustavo66@example.org,3424852571825,Femenino,2024-06-26
CL-08130,Margarita Elorza Asenjo,escalonaernesto@example.net,1752702658863,Femenino,2024-05-27
cl_08131,Amalia Cantero Julián,felipe92@example.org,1569205009341,Femenino,2023-12-11
cl_08132,Tomás Echeverría Toledo,luisa90@example.com,0716714731713,Masculino,2024-12-24
CL-08133,Nerea Zabaleta Lara,graciavictor@example.org,8894111789516,Masculino,2024-11-21
CL-08134,Ale Anastasio Rico Salas,zbarba@example.org,1880129902303,Femenino,2023-10-03
cl_08135,Renata Canales Avilés,blas00@example.com,0481541878974,Masculino,2024-10-09
cl_08136,Amílcar Mármol Medina,santiagogonzalez@example.net,61234abc,Femenino,2026-01-01
CL-08137,Baltasar Santamaría López,lilianabastida@example.com,8543009554570,Femenino,2025-03-21
cl_08138,Jose Diéguez Tamayo,tamara28@example.net,6252201452443,Femenino,2023-12-27
CL-08139,Victoriano Escolano Feijoo,amarocordero@example.net,0475393171477,Masculino,2024-05-01
CL-08140,Eulalia Pujadas Galván,correo@.com,3983719368635,Masculino,2025-05-30
CL-08141,Toribio Casal Araujo,menendezhermenegildo@example.org,4831782439575,Femenino,2025-04-14
CL-08142,Luisina Gomis Parejo,eutropio18@example.com,0577034058880,Masculino,2024-09-16
CL-08143,Rita Enríquez-Llamas,kmontesinos@example.net,9560394440530,Masculino,2025-03-05
cl_08144,Salvador Riera Arteaga,pvillalba@example.net,7995393666336,Desconocido,2023-12-14
cl_08145,Emperatriz Costa Montero,qrozas@example.net,9696058418338,Femenino,2024-07-20
CL-08146,Néstor Montesinos Valbuena,kgirona@example.com,2729113937312,Femenino,2024-01-03
cl_08147,Jose Carlos Mariscal Gisbert,olgaquerol@example.org,0673138020647,Masculino,2025-02-08
CL-08148,Urbano Tello Villegas,zaida76@example.org,6-123-456,Femenino,2024-11-06
cl_08149,Mirta Armas Somoza,losadajose-maria@example.org,1472468478741,Femenino,2024-08-19
CL-08150,Soraya Aramburu Cerezo,,2883168803539,Femenino,2024-10-20
cl_08151,Eliseo Suárez Luján,yessicabriones@example.com,1952845936235,Masculino,2023-10-27
CL-08152,Macaria Vallés Marquez,martiyago@example.net,2173034038387,Desconocido,2024-06-19
CL-08153,Alexandra Quintana,olgagalvan@example.com,5001828661206,Femenino,2024-10-30
CL-08154,Ciríaco Ruiz Bernal,leonardoroman@example.com,9261583028200,Femenino,
CL-08155,Lidia Julia Neira Coll,mansoencarna@example.net,1613610239682,Femenino,2025-03-22
CL-08156,Albert Pedraza,gabrielnieto@example.net,3853007028631,Femenino,2024-05-03
CL-08157,Nando Zorrilla Sanmiguel,arturo95@example.com,7577095439009,Femenino,2025-03-11
cl_08158,Melchor del Carpio,conradoaguilo@example.com,6345042032717,Masculino,2025-04-05
CL-08159,Roberta Llano Amat,malmeida@example.net,3545864851728,Masculino,2025-03-01
cl_08160,123,,61234abc,M,2025-07-01
cl_08161,Montserrat Diez,ulorenzo@example.com,1480205178837,Masculino,2024-04-16
CL-08162,Isa Ripoll Bautista,juan-carlosazorin@example.org,0919491081037,Femenino,2023-12-19
CL-08163,Débora Daniela Barón Ricart,uriarteluisa@example.org,6638303184347,Femenino,2024-10-03
CL-08164,Rafa Almansa Dávila,mlasa@example.net,0531414435590,Femenino,2023-09-09
cl_08165,Elvira Mulet,juana16@example.org,7352979835279,Masculino,2024-07-08
CL-08166,Goyo Pedro Ibáñez Artigas,godoyeligio@example.org,3970067456498,Masculino,2024-04-12
CL-08167,Felipe Adelardo Vilar Cadenas,juanaandres@example.net,5599901995361,Masculino,2024-01-18
CL-08168,Sebastián Osuna Gaya,zborja@example.net,2613466881329,M,2024-03-20
CL-08169,Loreto Juan Caparrós,marctenorio@example.com,5039351599805,Femenino,2024-10-30
CL-08170,Gaspar Uriarte-Mas,,5598296958400,Masculino,2024-03-15
CL-08171,Alex Santamaría Casado,ibanprada@example.net,8202121305835,Femenino,2023-12-15
CL-08172,Itziar Miguel Lledó,uduarte@example.com,6-123-456,Femenino,2026-01-01
CL-08173,Estefanía Toledo-Pombo,elvira01@example.net,1980001801024,Masculino,2024-04-17
cl_08174,Zaida Martirio Iñiguez Tomás,graciallanos@example.net,3227662988436,Femenino,2023-11-07
CL-08175,@Oliver,ricocorominas@example.com,4954849943765,Masculino,2024-03-12
CL-08176,Heraclio de Sáez,iris75@example.com,1044320638553,fem,2023-12-10
cl_08177,Irene del Bolaños,wsacristan@example.org,9908496403757,Masculino,2024-03-21
CL-08178,Genoveva Campoy,eleuterioalfonso@example.net,7683204596053,Masculino,2024-08-14
CL-08179,Ale Macias Casado,estevezremedios@example.net,8604906455497,Femenino,2024-05-20
,Adoración Hervia Flor,correo@.com,3860779915718,Masculino,2024-11-27
CL-08181,Pili Quero Cabo,camila34@example.com,9242942076706,Femenino,2024-12-26
cl_08182,Renata Sebastián Mancebo,marisolmorillo@example.com,3208511247871,Masculino,2024-01-26
CL-08183,Damián Bustos,ddominguez@example.net,7693193777288,Femenino,2025-01-15
cl_08184,Manola de Tamayo,doritafeliu@example.net,61234abc,fem,2024-10-16
CL-08185,Inocencio Vega-Escudero,opalacios@example.org,3051769984424,Masculino,2024-03-10
CL-08186,Mercedes Casal Talavera,fatima35@example.org,1551267918591,Femenino,2024-01-06
CL-08187,Jose Luis Andrade Valcárcel,emmagirona@example.com,7781006665388,Masculino,2023-11-28
CL-08188,Jorge Echevarría Jordá,arodriguez@example.org,3029812772520,Femenino,2024-09-17
CL-08189,Flavio Losada-Rosa,ecarlos@example.net,6671803133691,Masculino,2025-08-13
CL-08190,,correo@.com,2048024837329,Masculino,2026-01-01
cl_08191,Lisandro Bernad Cámara,rosendapinol@example.net,1462364510079,Masculino,2025-01-30
cl_08192,Flor Vallejo,cirinocepeda@example.org,6634048912598,Femenino,2024-09-05
cl_08193,Chita Sánchez Salamanca,merche52@example.com,0920480438026,Femenino,2025-02-01
cl_08194,Urbano del Canet,cobosrebeca@example.com,7377941904971,Masculino,2024-04-08
CL-08195,Abel Alcides Báez Esparza,vidalmunoz@example.com,5519020900218,Femenino,2025-06-11
CL-08196,Yéssica Roma Gisbert,zgargallo@example.org,123456,Masculino,2024-01-02
CL-08197,Marcos Casas Barroso,cvalls@example.net,5357498553981,Femenino,2025-04-01
cl_08198,Agustina Herranz Pou,zairamanzanares@example.com,3889965178937,Femenino,2024-12-30
CL-08199,Sosimo Azorin Franch,sandalio19@example.net,5302048393100,Masculino,2025-03-10
cl_08200,Merche Amanda Tenorio Vazquez,,1323144501660,M,2025-08-09
CL-08201,Nydia del Gutierrez,tristan61@example.org,4077719317511,Masculino,2024-07-17
CL-08202,Josué Armengol-Coll,glosada@example.com,7534760618428,Masculino,2024-01-31
CL-08203,María Cristina Zurita,jborras@example.com,5601234291827,Femenino,2025-03-07
cl_08204,Amarilis Bautista Bas,maria-angeles37@example.com,5407502749162,Femenino,2025-04-28
CL-08205,Noé Arregui Cantón,aletrujillo@example.com,4429689927746,Masculino,2025-07-10
CL-08206,Íñigo Madrid,dmontserrat@example.org,0075046145108,Femenino,2025-06-24
CL-08207,Mohamed Leon Simó,yraya@example.com,3603144537362,Femenino,2024-08-02
cl_08208,Gala de Esteban,sainzfulgencio@example.net,+34 920 98 95 95,Femenino,
cl_08209,Edelmiro Vallejo Castell,jeronimo98@example.net,1672261086618,Masculino,2024-05-10
cl_08210,Eleuterio Fabregat Daza,,2458719203520,Femenino,2025-02-11
cl_08211,Anselma Roselló-Zorrilla,titogutierrez@example.com,4408283129186,Masculino,2025-01-11
cl_08212,Belen del Blazquez,emilia59@example.org,5010061838366,Femenino,2024-01-19
CL-08213,Leoncio José Luis Coloma Urrutia,esmeraldario@example.com,8469432517394,Femenino,2024-03-13
cl_08214,Cintia Acevedo,chuchogonzalo@example.net,5257632294356,Masculino,2025-01-20
CL-08215,Adora Millán-Gisbert,carloscamara@example.net,7724452420515,Femenino,2025-01-07
cl_08216,Calisto Sierra-Bustamante,sernacasemiro@example.net,5284495162806,Desconocido,2024-03-22
cl_08217,Bartolomé de Serra,tvelez@example.com,0255172441286,Masculino,2024-11-11
CL-08218,Ester Novoa,alvaro39@example.org,0033314860768,Masculino,2023-11-28
CL-08219,Moreno Ramón Noriega Pinedo,francisca65@example.net,0484269478671,Femenino,2024-03-18
,,correo@.com,61234abc,Masculino,2024-06-05
CL-08221,Tristán Francisco Clavero Portillo,alba68@example.com,0010584196926,Femenino,2023-10-30
CL-08222,Rico Menéndez Carreño,wfont@example.org,4991292686718,Femenino,2024-06-25
cl_08223,Zaira del Feijoo,arielmontesinos@example.com,6041754076001,Femenino,2023-10-22
CL-08224,Flavio de Alcalá,sabinafajardo@example.org,9274732495847,Desconocido,2025-02-06
cl_08225,Leonel Telmo Bastida Dávila,lloretreynaldo@example.org,3025939162053,Femenino,2023-11-07
CL-08226,Marta Vara Andres,bonillafilomena@example.org,9687703144785,Masculino,2025-08-23
CL-08227,Fausto Trillo Bauzà,hilarioorozco@example.net,5732039356098,Masculino,2023-10-11
CL-08228,Hilario Martínez-Hernández,manuela16@example.org,7419610254184,Masculino,2025-01-11
cl_08229,Dora Higueras-Bellido,sgisbert@example.net,7693194471373,Femenino,2023-12-03
cl_08230,Clementina Bertrán Escudero,@gmail.com,1685059520220,Masculino,2025-01-22
CL-08231,Ruth María Jesús Montesinos Mínguez,noeliapenalver@example.com,7841434541561,Femenino,2023-10-14
CL-08232,Federico Bertrán Cuenca,cerveraclaudio@example.org,61234abc,Masculino,2023-11-13
CL-08233,Marciano Riera Moreno,valeroflor@example.com,3766947450920,Masculino,2025-07-07
CL-08234,Áurea del Valentín,buenaventuracadenas@example.com,5074186161423,Femenino,2024-01-25
CL-08235,,adrian79@example.com,3772550525314,Femenino,2024-01-01
cl_08236,Lourdes Llamas-Morán,placidocasares@example.com,3816521894681,Masculino,2023-09-24
cl_08237,Primitiva Peral Arellano,lisandromacias@example.org,2161261482280,Masculino,2025-02-21
CL-08238,Máximo Escobar,ocanaestela@example.com,3620546129710,Femenino,2024-10-27
CL-08239,Clímaco Santiago Cózar Reguera,dtenorio@example.org,1820057406598,Masculino,2024-03-06
,Roxana Rosalva Alcázar Toro,,9580359869233,Masculino,2025-02-18
cl_08241,Lorenzo Iglesias Orozco,sebastian43@example.net,1153834495783,Femenino,2024-08-08
CL-08242,Kike Daza,palmajorge@example.com,8663679837339,Femenino,2025-01-15
CL-08243,Elvira Puerta Blázquez,cmaza@example.net,5043102427886,Masculino,2025-02-12
CL-08244,Emiliana Lago-Cruz,octavia61@example.org,123456,Femenino,
CL-08245,Ester Vázquez-Huertas,borrellmaximiliano@example.net,3180001669320,Masculino,2025-02-13
CL-08246,Claudia Mateu Jurado,marinonarcisa@example.net,9334109597259,Femenino,2024-06-05
CL-08247,Haroldo Escalona-Morales,bagusti@example.org,6917133709736,Masculino,2024-08-16
CL-08248,Soraya Pino-Cañas,augustopou@example.com,3316437573666,Masculino,2025-07-14
CL-08249,Inocencio Ricart Villegas,santiagoclemente@example.com,9916202414859,Femenino,2024-06-20
CL-08250,Godofredo Salinas Ureña,,2163609591016,Femenino,2024-04-06
cl_08251,Ramón Julio Tolosa Calatayud,cardonateofila@example.org,6749511290302,Masculino,2023-09-17
CL-08252,Mohamed Tapia Heras,albert71@example.com,9188465291267,Masculino,2023-12-18
cl_08253,Ildefonso Torre,juan26@example.com,4597109138295,Masculino,2023-12-08
CL-08254,Isabel Capdevila Donoso,lasadominga@example.com,5686718129512,Masculino,2025-08-17
CL-08255,Florina Rocamora Pereira,paula09@example.com,6114413500866,Masculino,2025-03-18
CL-08256,Isidro Tejada Cuadrado,carranzajose-miguel@example.org,123456,Femenino,2025-01-17
CL-08257,Emiliana Rivera Rodríguez,haroldo74@example.org,9779805648003,Femenino,2025-01-25
cl_08258,Javi Solís Vigil,fortunata21@example.com,2901027210436,Femenino,2025-02-28
CL-08259,Claudio Ochoa Espejo,caridadsalazar@example.net,1424001425789,Femenino,2025-08-24
cl_08260,Graciela Nadal Berrocal,paca10@example.org,9218737946243,Masculino,2024-07-24
CL-08261,Mar de Amo,verdugopio@example.com,1409541221564,Femenino,2023-09-19
CL-08262,Javi de Estévez,zcorral@example.net,5229928465220,Masculino,2026-01-01
CL-08263,Sergio Pintor Ramirez,petronaurrutia@example.net,5204347991176,Masculino,2024-11-16
cl_08264,Pili Pol-Padilla,ninoloreto@example.net,4560509848962,Masculino,2023-10-28
cl_08265,,dcabeza@example.net,2746771495870,Femenino,2025-04-27
cl_08266,Néstor Peral,kperales@example.com,8190122143703,Femenino,2024-04-18
CL-08267,Ramón Santana Perea,gimenezeusebia@example.com,4146583993757,Masculino,2025-07-31
cl_08268,Lourdes Pinedo Robledo,nelida58@example.net,61234abc,Masculino,2025-05-31
CL-08269,Mercedes Fuente Castrillo,vilaltabautista@example.net,8963460327436,Femenino,2024-09-30
cl_08270,Cecilio Benavente Merino,adan68@example.net,6617982376937,Femenino,2025-04-08
CL-08271,Filomena Cabanillas Ramirez,ysoriano@example.org,7301147823970,Femenino,2024-10-25
CL-08272,Segismundo del Larrañaga,abel12@example.org,5610065428717,Masculino,2023-12-15
CL-08273,Édgar Alfredo Olmedo Abril,pascualquique@example.com,6587299246077,Femenino,2025-02-11
CL-08274,Lalo Víctor Dueñas Vaquero,qvillalobos@example.net,5903760811240,Femenino,2025-06-12
CL-08275,Leonel Aliaga Pelayo,lcisneros@example.com,9706832296872,Masculino,2025-04-28
CL-08276,Constanza África Juárez Tenorio,larranagaalfredo@example.net,8083270556802,Femenino,2024-08-16
cl_08277,Octavio Hoyos,jeronimocuellar@example.com,8905494622355,Femenino,2024-05-24
cl_08278,Asdrubal Castelló Pascual,epifanio20@example.org,0085800013439,Femenino,2024-07-31
cl_08279,Abel Torrent,uriaramon@example.com,9903858640467,Masculino,2025-05-31
CL-08280,,,123456,fem,2026-01-01
cl_08281,Malena Meléndez Gárate,pradabenita@example.com,7099071100917,Masculino,2023-09-30
CL-08282,Máximo Feliu,esmeraldagual@example.org,6466217944740,Masculino,2024-03-21
CL-08283,Noa Santamaria,dominguezrocio@example.net,7156885685375,Femenino,2024-10-27
CL-08284,Evaristo Villegas Pons,vaquerorenato@example.com,8939916238804,Masculino,2025-03-26
CL-08285,Odalis Padilla,smartorell@example.org,5104593195259,Femenino,2024-08-02
cl_08286,Amado de Valencia,bernardomora@example.net,7831841101255,Femenino,2024-07-03
cl_08287,Manolo Rosales Durán,petronaperales@example.com,6208883871381,Femenino,2023-11-20
cl_08288,Felipa Paz,flavio09@example.org,5665864398323,Desconocido,2025-01-29
CL-08289,Claudia Fábregas,marcia86@example.com,5503986785652,Masculino,2024-06-14
CL-08290,Ximena Amorós Casanova,@gmail.com,7587209490230,Femenino,2024-12-03
CL-08291,Flavia Huertas Español,sofiacortes@example.org,1481492036049,Masculino,2024-04-10
cl_08292,Miguel Pizarro Garzón,chamorrolope@example.org,6-123-456,Masculino,2024-04-12
CL-08293,Lucas Camps Puerta,dmarques@example.org,7802005941639,Femenino,2024-03-29
CL-08294,Sabina Salud Andres Sotelo,yleal@example.org,1997341621689,Femenino,2024-04-10
CL-08295,Martin Canals Abellán,rnogues@example.org,4965422431393,Femenino,2024-03-26
cl_08296,Demetrio Diez Mascaró,herranzcarina@example.org,9822018817168,Desconocido,2024-10-20
cl_08297,Estefanía Águila Bas,nuria88@example.net,9755381678540,Masculino,2024-06-04
cl_08298,Erasmo Mendizábal Robles,amoralcantara@example.net,2532140866343,Femenino,2024-06-05
CL-08299,Américo Saura Cabezas,barberalorena@example.org,0873342774198,Femenino,2025-01-29
cl_08300,Renata de Goicoechea,correo@.com,5589089509286,Femenino,2025-04-26
CL-08301,David Pont Uriarte,jbermudez@example.org,3211521554038,Masculino,2024-02-03
CL-08302,Eva María Manzanares Redondo,oscarroca@example.org,1827070565986,Masculino,2023-12-08
cl_08303,África Landa,maximo31@example.net,3979082524262,Masculino,2024-06-10
CL-08304,Felix Ramos Montenegro,omontero@example.net,6-123-456,M,2023-12-27
CL-08305,Amando Cuervo Alcolea,fabriciovalentin@example.org,7287882046099,Masculino,2023-09-24
CL-08306,Tamara Escribano,apadilla@example.org,5993132565897,Femenino,2024-08-13
CL-08307,Marino Pujol Chamorro,nacho65@example.net,0173406670221,Masculino,2023-09-14
cl_08308,Isaac del Gascón,palmerale@example.net,2198100222698,Femenino,2024-12-11
CL-08309,Teresita Berenguer-Abellán,tatianamarco@example.net,9934380659369,Masculino,2025-04-07
cl_08310,@Oliver,correo@.com,6261984679809,Masculino,2024-12-14
CL-08311,Octavia García Gallego,garridorita@example.com,7836167568010,Femenino,2023-09-29
cl_08312,Luis Ángel Casanovas,obermudez@example.org,4310333710107,Masculino,2024-01-22
CL-08313,Encarnita Moreno Carreño,xnino@example.org,8107002750909,Masculino,2024-05-24
CL-08314,Mauricio Luque,ruanoirma@example.org,3560541572566,Femenino,2024-11-27
cl_08315,Roberta Bellido Ibarra,carreraanselma@example.net,6473961673158,Femenino,2025-07-07
cl_08316,Juan Pablo Torres Cantón,sllabres@example.org,61234abc,Femenino,2024-07-04
cl_08317,Nadia Doménech-Castells,choz@example.org,1418816955935,Masculino,2024-02-03
CL-08318,Abel Valencia Jerez,juradoema@example.com,7454480781361,Femenino,2023-10-11
CL-08319,Leonel Bárcena Montserrat,urbanovives@example.org,7772223520146,Masculino,2024-09-29
CL-08320,Dionisia Pellicer Amador,,2540912130827,Femenino,2025-01-05
CL-08321,Candelaria Salom Villaverde,mlaguna@example.org,3434652760284,Masculino,2023-11-19
CL-08322,Josep Lara Navarro,alcazareligia@example.com,0251241811217,Masculino,2023-09-24
CL-08323,Marcia Carballo-Agustín,mirta57@example.com,7269410303481,Femenino,2025-06-03
cl_08324,Remedios de Morcillo,juanita26@example.org,7619985546906,Femenino,2023-09-08
CL-08325,123,pferrandiz@example.net,7858904049917,Femenino,2023-09-27
CL-08326,Merche del Manso,loidamascaro@example.org,8422236851297,Femenino,2025-06-13
cl_08327,Roxana Arjona Barreda,pedro71@example.com,8530117993649,Masculino,2023-12-26
CL-08328,Rosario Barrios,sofia02@example.org,+34 826 97 97 69,Femenino,2024-11-16
cl_08329,Luis Ángel Villar-Dueñas,pradaroman@example.com,7227405864556,Femenino,2025-02-14
CL-08330,Trinidad Ocaña Chamorro,@gmail.com,5264949125797,Masculino,2025-01-28
CL-08331,José Manuel Dimas Hierro Vega,rosalina71@example.org,0240309660426,Femenino,2024-07-25
CL-08332,Judith Arenas Balaguer,marc75@example.net,1461882504308,Femenino,2024-03-27
CL-08333,Julián Cepeda Ros,qponce@example.net,3379753335759,Femenino,2023-10-23
CL-08334,Filomena Marqués,agustinanino@example.net,4158612178391,Masculino,2025-04-08
CL-08335,Asunción Barrera Jiménez,poncionogueira@example.com,5362419132572,Femenino,2024-09-29
CL-08336,Emperatriz Larrañaga Gomez,pugafrancisca@example.org,4304967794237,M,2025-04-17
cl_08337,Sara Portillo Bustos,rourasimon@example.com,7961226848653,Masculino,2024-12-24
CL-08338,Rebeca Sainz Galvez,ccabanas@example.com,5717280616355,Masculino,2023-09-04
cl_08339,Fabiola Tapia Juliá,soledadpomares@example.org,6812867068572,Masculino,2024-03-21
cl_08340,123,anajover@example.net,+34927 313 924,Masculino,2025-08-25
CL-08341,África Cerezo Verdú,hbermudez@example.net,3872767143659,Femenino,2023-11-23
CL-08342,Fabio Múñiz Marí,czurita@example.net,6885794956269,Femenino,2023-10-31
CL-08343,Julián Acevedo Palomo,maria-josesantos@example.com,5547845937710,Masculino,2025-06-01
cl_08344,Emma Isaura Guerra Morante,angela74@example.org,4668460895168,Femenino,2025-05-03
CL-08345,Moreno Tur-Mariño,xcheca@example.net,8059904875905,Femenino,2024-04-02
cl_08346,Danilo Granados Yáñez,gemabayona@example.org,8647316743523,Masculino,2024-01-01
CL-08347,Azahara Martirio Oliver Valcárcel,elena44@example.net,5259320918929,Masculino,2024-11-01
cl_08348,Amparo Cortés,ursulacantero@example.net,5953624640557,Masculino,2025-07-29
cl_08349,Nacio Benito Aramburu,zdiego@example.com,5185543858513,Masculino,2024-05-21
CL-08350,Carmen Paniagua-Pinedo,ayalaangelino@example.com,9560447436543,Masculino,2023-10-02
CL-08351,Amor Rocío Pacheco Tirado,qreig@example.com,4163460459664,Masculino,2024-11-05
cl_08352,Óscar de Pulido,manola18@example.com,+34879 085 627,M,2025-05-24
CL-08353,Asdrubal Rodriguez-Amor,acatala@example.net,4662374171672,Masculino,2024-09-27
CL-08354,Adela Tejada,benitoalemany@example.net,3566210351494,Femenino,2024-01-27
cl_08355,Carmen Castellanos Asenjo,lalopallares@example.org,4824912679724,Femenino,2024-08-23
CL-08356,Raquel Correa Gascón,eugenia75@example.net,0295668819358,Masculino,2025-03-31
cl_08357,Armando Dimas Escamilla Sánchez,nsoria@example.net,5023132650385,Masculino,2024-09-24
cl_08358,Román Nicolau Santiago,lorenzamorales@example.net,8124328502696,Masculino,2024-10-31
CL-08359,Sandalio Raya Moliner,cabanasruy@example.org,0019930464142,Masculino,2024-08-16
,Juan Luis Conesa,,2404810202699,Femenino,2025-05-24
CL-08361,Violeta Lluch Recio,tecla61@example.com,0439358481213,Masculino,2024-03-25
CL-08362,Evita del Caballero,mercedesaviles@example.com,9055742949714,Femenino,2024-04-23
CL-08363,Esteban Morante Jerez,miguela55@example.net,7401198552741,Masculino,2023-10-28
CL-08364,Narcisa Polo Calderon,manuel73@example.com,6-123-456,Femenino,2024-11-25
cl_08365,Erasmo del Camacho,filomenacespedes@example.com,4977194291130,Femenino,2025-08-07
CL-08366,Carina Estrada,fbenavente@example.org,7792708264140,Femenino,2025-06-06
CL-08367,Modesta Zaragoza Martin,adelgado@example.net,9780048280840,Masculino,2025-08-07
cl_08368,Marta Montoya-Gárate,yfigueroa@example.org,4828673702864,Desconocido,2024-04-11
CL-08369,Bautista Octavio Prat Izquierdo,buenaventura82@example.com,3328991096072,Masculino,2024-07-12
CL-08370,@Oliver,,3686989682634,Masculino,2024-03-25
cl_08371,Noa Ignacia Colom Maza,joel75@example.net,0491503276844,Femenino,2025-07-31
cl_08372,Daniel Ferrero Carbó,hfrutos@example.com,5101687224696,Femenino,2025-03-19
CL-08373,Marc Hurtado Goñi,mariscalignacio@example.com,1395519272009,Femenino,2023-11-04
cl_08374,Emiliano Hugo Palacio Aller,maria-manuelabeltran@example.org,7058272211162,Femenino,2023-11-05
CL-08375,Odalys Roman,leonardonoriega@example.com,8958409016636,Femenino,2024-10-23
CL-08376,Enrique Sandoval Samper,cayetano46@example.org,6-123-456,fem,2025-04-26
CL-08377,Juan Francisco Colomer Falcó,adrianheredia@example.net,8439147285588,Femenino,2024-09-07
CL-08378,Leonel Vega Tolosa,reynaldo93@example.org,9913502554710,Masculino,2023-11-11
cl_08379,Pascuala Solsona Conesa,vidalrosa@example.net,8284984448586,Femenino,2024-05-10
,Juanita Aparicio-Yáñez,@gmail.com,1938600928619,Femenino,2023-10-06
cl_08381,Lalo Figuerola Vila,emperatriz58@example.com,6253586379739,Femenino,2024-11-18
CL-08382,Melchor Palomar,olmedoconstanza@example.net,3763685292550,Masculino,2025-05-22
CL-08383,José María del Cabo,wcalzada@example.com,9245060804516,Femenino,2023-11-03
CL-08384,Pepe de Palma,isabel19@example.net,2250655568666,M,2024-07-08
cl_08385,@Oliver,rosendoquerol@example.net,8057374094948,Masculino,2024-03-23
cl_08386,Ramón Calvet Castejón,elorzaelpidio@example.net,9001296732440,Femenino,2024-03-05
CL-08387,Domingo Asenjo-Haro,alvaro36@example.com,0187324471381,Femenino,2024-12-01
CL-08388,Manolo Requena Sanabria,emigdio17@example.org,123456,Femenino,
CL-08389,Ezequiel Calderón Barba,hguardia@example.net,1496820548427,Masculino,2025-07-14
CL-08390,Benita Pedrero-Ruano,,0708289314085,Masculino,2024-01-20
cl_08391,Máximo Hernando Pedrero,pinedamargarita@example.net,5173849999570,Masculino,2024-11-08
cl_08392,Gerónimo Martorell Taboada,rafaelriera@example.net,7949959988482,fem,2024-02-07
cl_08393,Berta Heras-Alsina,sanzhipolito@example.net,0569052890211,Masculino,2024-12-11
CL-08394,Anselmo Rocha Estrada,estebanrozas@example.com,3648550428111,Masculino,2023-09-12
cl_08395,Rodolfo Sedano Castellanos,qvazquez@example.net,8994126580976,Femenino,2025-02-01
cl_08396,Jorge del Corbacho,isidromunoz@example.org,1960923764879,Masculino,2023-12-11
cl_08397,Fernando Salas Pablo,eleuteriobueno@example.com,0647214903931,Masculino,2024-05-28
cl_08398,Vicente Dominguez Cabrero,anacleto70@example.net,5547528352178,Femenino,2023-10-08
CL-08399,Melisa Lastra,natanael88@example.com,9643933246043,Femenino,2025-07-14
CL-08400,123,correo@.com,61234abc,Desconocido,2025-05-09
cl_08401,Iván Paulino Villaverde Arcos,amaro53@example.com,0501228464105,Femenino,2024-01-10
cl_08402,Viviana Quintero,tomasasalmeron@example.net,0160492280725,Masculino,2025-03-19
CL-08403,Luisa Alemany Cobos,calistaartigas@example.com,2461080866972,Femenino,2023-10-13
CL-08404,Asunción Cabeza Cabanillas,fidelapatino@example.net,7459607090301,Masculino,2025-07-16
cl_08405,Candelario Requena-Aller,darioartigas@example.com,2464958720291,Masculino,2025-01-02
cl_08406,Gerónimo Coello Torrecilla,ricarda39@example.com,1501351047570,Masculino,2026-01-01
CL-08407,Pepe Echeverría Badía,paulina32@example.com,5981215367945,Femenino,2025-02-19
CL-08408,Emelina Girón Alcalá,dominguezsebastian@example.org,8025877307029,fem,2023-09-27
cl_08409,Rosa María Domingo Sanmartín,alexandra39@example.net,6677407425324,Masculino,2023-09-18
CL-08410,Teodora Sara Giralt Sanchez,correo@.com,9814864705747,Femenino,2024-03-28
cl_08411,Jose Angel Miguel Urrutia,rosaadolfo@example.org,2906931712635,Femenino,2023-12-15
cl_08412,Amado Manu Jara Escolano,artemio57@example.com,123456,Femenino,2025-04-28
CL-08413,Hilda Gascón Sandoval,adelina98@example.org,2963796224434,Femenino,2025-02-09
CL-08414,Luisina Madrigal Galván,fitoherrera@example.com,4705594398159,Masculino,2025-01-16
CL-08415,@Oliver,colomacarmela@example.com,4620275351246,Femenino,2024-03-24
cl_08416,Maite Reyes Blanes,hpedrosa@example.com,6237524645978,Femenino,2024-05-25
CL-08417,Anita Cepeda Llano,nilda64@example.com,9872192211305,Masculino,2024-07-27
CL-08418,Vicenta Solano Pozo,juliagual@example.net,7788551726181,Masculino,2025-08-02
CL-08419,Selena Villalonga Cabanillas,faustino38@example.com,6850056943756,Masculino,2025-01-23
CL-08420,Anastasio Enríquez Rueda,correo@.com,8720479223720,Masculino,2023-12-03
cl_08421,Iris Company Duque,cmari@example.net,5777105028885,Femenino,2024-04-04
cl_08422,Sosimo Ríos,moratasantiago@example.org,5033892147565,Femenino,2025-07-16
CL-08423,Emma Batlle Arroyo,kprada@example.net,6661077143497,Femenino,2023-09-14
CL-08424,Gabino Viña Guitart,atilioguillen@example.org,61234abc,M,2024-10-03
CL-08425,Pedro Grau Gonzalo,emelinariba@example.org,4129779456556,Femenino,2023-12-06
CL-08426,Eusebio Blanch Clavero,asensiofabiana@example.com,7334454059441,Masculino,2024-08-08
cl_08427,Pepe Claudio Palacio Barranco,marcianobelda@example.org,4594724717201,Femenino,2024-10-28
CL-08428,Segismundo Arjona-Company,eliasprudencio@example.org,7422152891460,Masculino,2024-04-06
CL-08429,Prudencio Uriarte Mateos,jborja@example.com,4724032377441,Masculino,2024-01-12
cl_08430,@Oliver,@gmail.com,8629180564881,Femenino,2024-02-02
cl_08431,Brunilda Graciela Arregui Guitart,agustijordan@example.com,8535897269621,Femenino,2025-04-16
cl_08432,Jessica Cecilia Pinto Mayoral,sabasespada@example.org,3181568153079,Femenino,2025-07-28
CL-08433,Jose Miguel de Olivares,sansjose-angel@example.org,6383771139091,Masculino,2024-06-12
CL-08434,Elena Jiménez Cepeda,nnavarrete@example.net,1468654214723,Femenino,2024-01-09
cl_08435,Sarita Pelayo Alemán,catalaeutropio@example.net,5647109425789,Masculino,2025-05-09
CL-08436,Juan Pablo Mercader Torrijos,jpla@example.net,61234abc,Femenino,2024-03-07
CL-08437,Jafet Beltrán Cañizares,olgagutierrez@example.com,8996767917326,Masculino,2024-04-19
cl_08438,Cristóbal del Checa,rogeliodomingo@example.com,9433420144935,Masculino,2023-11-19
CL-08439,Susanita Calatayud Sevillano,durancleto@example.com,7934777502153,Masculino,2023-11-04
cl_08440,Amelia Peña Pont,josepbaron@example.com,8593992917663,fem,2024-06-18
CL-08441,Paloma Asenjo Cabrera,maribel82@example.net,6334445111227,Masculino,2025-05-15
CL-08442,Julio César Sacristán Alberdi,zvillalobos@example.com,3505310307347,Masculino,2026-01-01
CL-08443,Kike Perea Portillo,jose-mariacadenas@example.org,4460153612670,Masculino,2025-04-02
CL-08444,Adrián Hernández Mendez,eric74@example.net,4870956259892,Femenino,2025-07-25
cl_08445,,conrado27@example.com,2414661623224,Femenino,2023-11-03
cl_08446,Tecla Arjona Marqués,pagesserafina@example.net,5122261727733,Femenino,2025-06-16
CL-08447,Javi Nieto,choyos@example.com,4938862710629,Femenino,2025-01-07
CL-08448,Verónica del Pellicer,giselamurillo@example.org,123456,fem,2024-05-11
CL-08449,René Alvarado,duarteleandra@example.com,1238706194732,Femenino,2025-07-08
CL-08450,Hector Buendía Almagro,andres-felipemaestre@example.net,1026855396932,Femenino,2025-02-24
cl_08451,Teresa Riba Asensio,acevedocintia@example.com,4788479304128,Masculino,2025-06-26
CL-08452,Cristian Cortés Iborra,drebollo@example.net,3872825890990,Femenino,2024-03-06
CL-08453,Lucila Badía Miguel,nebotluisa@example.net,4605219711912,Femenino,2025-08-26
CL-08454,Marta Aroca Alemany,dcheca@example.net,9381786130313,Masculino,2024-02-26
cl_08455,Donato Castro Sarmiento,lupegarcia@example.org,8257764963593,Femenino,2024-05-09
cl_08456,Lorena Ballesteros Tenorio,encarnacion62@example.org,8662834989427,Desconocido,2023-11-23
cl_08457,Leticia Sánchez,yessica19@example.com,1590487885703,Femenino,2023-09-07
CL-08458,Soledad Pujol-Carballo,natanael36@example.net,8585234146946,Femenino,2025-02-16
CL-08459,Teófilo René Villar Tudela,enriquepalau@example.com,6576146556771,Femenino,2025-08-02
,Blas Goñi Rivas,,61234abc,Femenino,
CL-08461,Godofredo Quintero Prats,pouaristides@example.net,7977889938001,Masculino,2025-06-28
CL-08462,Susanita Marin Rojas,marina48@example.com,1378516704364,Masculino,2025-05-18
CL-08463,Martin Sancho Alegre,zacariasmartinez@example.com,2205379595221,Masculino,2024-12-22
CL-08464,Pánfilo Estrada Luna,amorcabo@example.com,6773574556972,Masculino,2023-10-17
CL-08465,Teófila Verdejo-Ropero,plopez@example.org,7159209991641,Femenino,2025-02-16
CL-08466,María Del Carmen Violeta Roura Luz,narvaezeligio@example.net,6193831671127,Masculino,2024-07-10
cl_08467,Goyo Solera Pinilla,granadosreynaldo@example.org,6941564885615,Masculino,2024-10-20
CL-08468,Moisés de Osuna,godofredo33@example.com,8099682331982,Femenino,2025-07-08
cl_08469,Fabiola Lorenzo,belen24@example.com,0664264142671,Masculino,2024-09-24
cl_08470,Ruy Guardia Peñalver,,7814785621257,Masculino,2024-02-25
cl_08471,Magdalena Cantero Torralba,aurelio34@example.com,3756282877304,Femenino,2023-12-03
cl_08472,María Jesús Carro Saavedra,sandalioexposito@example.net,123456,M,2024-11-04
CL-08473,Paco Jose Miguel Llano Oliver,beatrizruiz@example.net,5318245116690,Femenino,2024-02-20
CL-08474,Leonor Céspedes Nadal,harojose@example.net,5405159250721,Masculino,2025-06-24
CL-08475,123,campoyloreto@example.net,7598023315883,Masculino,2024-05-21
cl_08476,José Mari Montero Sevillano,rosenda42@example.org,1912028592798,Masculino,2025-04-04
CL-08477,Duilio Andreu-Gordillo,bernardinoamo@example.org,1213545877725,Femenino,2024-08-06
CL-08478,Fabiola del Baena,rubioarsenio@example.com,9604936303230,Masculino,2026-01-01
CL-08479,Reinaldo Pinedo,tomassebastian@example.com,1589244763311,Femenino,2025-08-10
CL-08480,Nicolasa de Jaén,@gmail.com,2888212058350,M,2023-10-06
CL-08481,Jacobo Castillo Losada,ogarces@example.org,4444197669801,Femenino,2024-02-25
cl_08482,Eloísa Jove Mariscal,juliamoraleda@example.org,8883767197038,Masculino,2023-12-02
CL-08483,Maximiliano Barral-Collado,lazaroalcantara@example.net,2240009848972,Femenino,2024-01-05
CL-08484,Adelia Borja Angulo,teodoratellez@example.net,6-123-456,Femenino,2023-11-06
CL-08485,Calista de Baena,azahar89@example.net,2931729684494,Masculino,2024-05-16
cl_08486,Apolonia Renata Criado Roldán,jose-mariaserrano@example.net,3567816605560,Masculino,2025-05-03
CL-08487,Luciano Rocha Andreu,godofredo64@example.net,7284488025593,Femenino,2024-09-16
CL-08488,Salomón Lillo-Bejarano,kvarela@example.com,7234569083903,M,2025-08-24
cl_08489,Carla Zaragoza Cruz,pnogues@example.com,2866744801159,Masculino,2023-10-01
cl_08490,Griselda Yuste Blanco,correo@.com,9592754711998,Femenino,2025-02-02
CL-08491,Rosario Sabater Lledó,acunafrancisco-javier@example.org,6907006329459,Masculino,2025-03-25
cl_08492,Soledad Muro Trillo,marisolcanet@example.com,6514032332237,Femenino,2024-12-15
CL-08493,Marisol Ferrández Capdevila,fruano@example.org,2224039649059,Masculino,2025-05-06
CL-08494,Jose Francisco Roman,armasbenita@example.com,7399638092223,Masculino,2024-03-10
CL-08495,Susana Valcárcel Quevedo,cristobal53@example.org,2267143646222,Masculino,2025-03-10
CL-08496,Heliodoro Trillo Olmo,icoca@example.net,61234abc,M,
CL-08497,Leonardo Llabrés Yáñez,vfuster@example.com,2788797371984,Femenino,2025-06-18
cl_08498,Salomón Garay Ojeda,donato70@example.com,6660444712764,Masculino,2025-08-08
CL-08499,Débora Fabiana Navas Ribera,silviomontalban@example.net,4988986862493,Masculino,2025-07-29
cl_08500,Hernán Riba Sanmartín,,9100161703871,Femenino,2024-08-22
CL-08501,Amalia Samper Rojas,eloisa78@example.org,8569296660574,Masculino,2025-04-08
CL-08502,Tomasa Lilia Delgado Mariscal,sara19@example.com,1079984271425,Masculino,2024-02-27
CL-08503,Emperatriz Casado Goicoechea,juan-josetirado@example.com,0121472839863,Femenino,2024-10-26
CL-08504,Magdalena Hoz Sabater,cguijarro@example.org,9362089416303,fem,2025-04-22
cl_08505,,calfaro@example.net,1122919512484,Masculino,2024-04-15
cl_08506,Leoncio Palma,julianmarin@example.net,6113516949623,Masculino,2024-03-08
cl_08507,Matías Sales Zorrilla,bmarques@example.net,7560508697329,Masculino,2023-09-14
CL-08508,Eugenia Arana Cózar,kzamorano@example.net,+34 888 94 95 52,Masculino,2024-11-16
CL-08509,Felipa del Peláez,carmen29@example.org,1419471194183,Masculino,2024-07-22
CL-08510,Concepción del Atienza,zsalamanca@example.net,5971644159580,Masculino,2023-10-14
CL-08511,Lázaro Armas,moises48@example.net,5970729641406,Masculino,2024-05-10
CL-08512,Santos de Moliner,imartin@example.org,0396302405748,Desconocido,2025-01-21
cl_08513,Albano Fernandez-Vizcaíno,alicia98@example.com,8735029788694,Femenino,2025-03-11
CL-08514,Kike Ferrándiz-Lozano,jose-luis30@example.net,9523316292139,Masculino,2025-02-09
CL-08515,Ainoa Emma Jódar Malo,alcidesmarino@example.com,9376920669273,Masculino,2024-04-29
CL-08516,Elías Guadalupe Coloma Palacio,herminianunez@example.org,0650656456963,Masculino,2024-05-31
CL-08517,Inés Durán Hierro,martina98@example.org,1048060439234,Femenino,2024-04-04
CL-08518,Florentino Pelayo Sanchez,hbartolome@example.net,3029743920435,Masculino,2024-11-02
cl_08519,Reina Rosa María Barranco Galván,vconesa@example.org,0160833469768,Masculino,2023-11-28
CL-08520,Roque Leiva Zaragoza,correo@.com,+34948 55 96 84,Femenino,2025-07-31
cl_08521,Socorro Mesa-Quintana,barredaaroa@example.net,2152103986937,Masculino,2025-07-04
CL-08522,Amado Pulido Cámara,macarenanunez@example.com,1974379722468,Masculino,2024-10-31
CL-08523,Ezequiel Pulido Sobrino,casaresaurelia@example.org,9373992077051,Masculino,2024-08-20
CL-08524,Bautista Osorio Ayuso,andrademaria-teresa@example.org,5111294439378,Masculino,2024-03-10
CL-08525,Catalina de Cabañas,celestinabarriga@example.org,0634360406187,Masculino,2023-09-17
CL-08526,Teo Montalbán,cesar10@example.org,5658250300220,Masculino,2024-12-01
CL-08527,María Jesús Hortensia Valenzuela Morán,andresanabel@example.com,2217109495796,Masculino,2024-06-04
CL-08528,Rosaura Royo Lastra,cerdanespiridion@example.com,0493156026577,fem,2024-01-28
CL-08529,Gabriela Cabo Alcalá,serafinasantamaria@example.com,6746680197795,Femenino,2025-01-03
CL-08530,Antonio Mur Maestre,mariscalcasemiro@example.com,0812127310993,Masculino,2024-12-16
CL-08531,Dionisio Querol-Alberto,pedrosaelba@example.net,2927334818140,Femenino,2024-08-06
CL-08532,Roque Alcázar,emilia02@example.org,123456,Masculino,2024-03-01
cl_08533,Emperatriz Ordóñez Rico,xropero@example.net,2525849890128,Femenino,2025-08-28
cl_08534,Serafina Oliveras-Barceló,leonelviana@example.net,5497247443960,Masculino,2025-03-03
CL-08535,Loreto Tirado Garay,amornilo@example.net,9010738254363,Femenino,2024-05-12
cl_08536,Petrona Cabrero Pla,alegreesteban@example.org,9771331263130,M,2025-02-25
CL-08537,Silvestre Carnero,juanito54@example.net,9225819496429,Masculino,2025-01-16
CL-08538,Noa Ramona Casanovas Coll,gsole@example.com,2991733475826,Femenino,2025-08-04
CL-08539,Anabel Laguna Andrés,ysanz@example.com,9151881764162,Femenino,2025-06-23
CL-08540,Isaías Abril Márquez,@gmail.com,2371794382421,Femenino,2024-10-04
cl_08541,Omar Cerdán Marcos,dhoyos@example.org,2255761903058,Femenino,2025-05-06
CL-08542,Alma Rosa Soto,genovevamolina@example.com,7548964009778,Masculino,2025-03-03
CL-08543,Rodrigo de Ropero,federicofranch@example.net,3160849960280,Masculino,2024-07-02
cl_08544,Pedro Luis Ángel Mate Leal,felisaortega@example.org,+34887 31 60 40,Desconocido,2024-05-24
CL-08545,Román Carballo,redondoisabel@example.net,4009706422603,Femenino,2024-11-28
CL-08546,Anna Lluch Guerra,jbermudez@example.org,2884481612738,Masculino,2024-06-18
cl_08547,Águeda Valenzuela Soriano,jennifer83@example.net,6809566541184,Femenino,2023-12-30
cl_08548,Eusebia de Trujillo,ruyiglesias@example.com,2543008542918,Masculino,2025-05-07
CL-08549,Juanito Vara,amilcarvila@example.net,1479540676196,Masculino,2024-08-22
cl_08550,Begoña Borja Sebastián,salomonmora@example.org,0088710007158,Masculino,
cl_08551,Íngrid de Llorens,mirtadominguez@example.com,5652855270401,Masculino,2025-07-14
CL-08552,Rubén Castells-Taboada,adadiasosimo@example.net,8822596363065,fem,2024-02-06
cl_08553,Maxi Reina,urrutiarufina@example.com,4487109848814,Masculino,2024-01-19
cl_08554,Macarena Villanueva Leon,fboada@example.net,1065076462613,Masculino,2024-09-12
CL-08555,Édgar Soler,vicente69@example.org,2165148679687,Masculino,2023-11-16
CL-08556,Graciano Vallés Valentín,carloslanda@example.com,61234abc,Masculino,2024-07-21
cl_08557,Mohamed Salgado Mora,lquevedo@example.org,1132713503480,Femenino,2023-12-08
CL-08558,Virgilio Soto Zurita,apons@example.com,0994878232619,Femenino,2024-01-26
CL-08559,Jeremías Marino Arnaiz Robles,tonicosta@example.net,9301821397254,Femenino,2024-01-19
cl_08560,Máxima Méndez-Garcés,@gmail.com,9724039548644,Masculino,2025-04-09
CL-08561,Herberto Castrillo Gonzalez,elisabetpareja@example.org,7165347883775,Femenino,2024-01-02
cl_08562,Modesto Roma-Fiol,cesarvalverde@example.org,6637569557815,Femenino,2024-09-15
CL-08563,Gloria Cabañas-Querol,estebanpuga@example.com,3018103894522,Femenino,2024-08-26
cl_08564,Lola Bustos Tejedor,manuelrosa@example.com,3466356790052,Masculino,2025-04-17
cl_08565,Cristian Garay-Carbonell,teodoraespejo@example.net,3028287776969,Femenino,2025-03-10
CL-08566,Adriana Hidalgo Mayoral,amayacadenas@example.net,3417724380713,Femenino,2024-01-04
cl_08567,Esther Lupe Quesada Manzanares,penalverjulia@example.org,8862233260279,Masculino,2025-05-19
cl_08568,Inocencio Abril Sánchez,morerabrunilda@example.org,6-123-456,fem,2024-01-16
cl_08569,Vicenta Burgos Castañeda,marquezpio@example.com,3681924147993,Femenino,2023-11-28
CL-08570,Dorotea Lozano,,4223920576641,Femenino,2025-06-11
CL-08571,Rosalva del Marquez,ivilalta@example.com,3220285650794,Masculino,2024-07-06
CL-08572,Amílcar Girona Gálvez,hilarioarevalo@example.net,7906635495236,Masculino,2023-08-31
CL-08573,Agustina Gargallo,gomezhumberto@example.com,2964031912714,Masculino,2025-02-08
cl_08574,Jovita Fernandez-Bernal,blanesyago@example.net,2066238020885,Femenino,2024-07-04
CL-08575,Hilario Vilar-Alberdi,manuelasedano@example.net,5300370307177,Masculino,2024-07-13
CL-08576,Ale Palomar Prat,abadrene@example.com,4953426711453,Desconocido,2024-11-28
cl_08577,José Mari Silvestre Royo Tolosa,roblesmariano@example.net,9286821935259,Masculino,2025-02-21
CL-08578,Selena Real Madrid,africacano@example.com,1888572270506,Femenino,2023-08-30
cl_08579,Emelina Almansa Cobo,qgimeno@example.com,2900725437189,Femenino,2025-08-27
cl_08580,,qbenavente@example.org,6-123-456,Femenino,2024-02-26
CL-08581,Cipriano Roma Bou,cabezaloreto@example.org,5459419142495,Masculino,2023-09-08
CL-08582,Ani Plana Contreras,bibianagalvez@example.org,1336254620741,Masculino,2025-07-07
cl_08583,Lina Pedrero-Pascual,menendeztecla@example.com,2582194247661,Masculino,2024-12-02
CL-08584,Dionisia de Cardona,mendezesteban@example.com,8101709135131,Desconocido,2023-12-02
CL-08585,Caridad del Arroyo,rosalina46@example.org,5557800045197,Masculino,2024-12-17
CL-08586,Ileana Peiró Valero,tmesa@example.net,0698083191134,Femenino,2025-05-31
cl_08587,Atilio del Herrera,azaharalaguna@example.org,0817214117605,Masculino,2025-04-19
CL-08588,Aurelio Varela Abellán,zsebastian@example.org,9558742504224,Masculino,2023-12-29
CL-08589,Candelario Redondo Bustos,gregorio12@example.org,0129661380902,Masculino,2025-07-20
cl_08590,Estela Nazaret Gallo Atienza,,7425495272838,Femenino,2024-11-11
cl_08591,Bernardita Gordillo Ramírez,uriarterafael@example.org,6439186911174,Femenino,2025-01-29
CL-08592,Carmelo del Roman,maxima32@example.org,61234abc,Masculino,2024-07-05
CL-08593,Guiomar Agustí Reyes,cocagraciana@example.org,5802018470423,Femenino,2025-03-14
CL-08594,Buenaventura Montalbán Lara,marcelino92@example.com,4068698312458,Femenino,2024-09-22
CL-08595,María Luisa Lucila Escamilla Hernando,lucioarco@example.org,5342527669963,Masculino,2024-05-26
CL-08596,José Ángel Romero Jiménez,gloria71@example.net,8216346322063,Masculino,2024-01-23
cl_08597,Demetrio Perez Borrego,barberamaria-jose@example.net,5271648942891,Masculino,2023-10-30
CL-08598,Octavia Cabanillas-Gomez,luzcanas@example.org,0900711452997,Masculino,2024-07-10
cl_08599,Iris Anglada Figuerola,quique47@example.org,5780768346441,Masculino,2025-03-21
,Celia de Amor,@gmail.com,1405534764864,Desconocido,2025-02-03
cl_08601,Héctor Jose Ignacio Herrero Sarmiento,sosagracia@example.net,1000697384476,Masculino,2023-12-30
CL-08602,Mireia Alvarez Amorós,marcianomayo@example.net,2531222539431,Masculino,2024-07-14
cl_08603,Olivia Santos Martorell,jose-luis93@example.com,5943382043878,Femenino,2024-03-02
CL-08604,Gabino Escobar Mármol,duiliorueda@example.com,+34 863422734,Femenino,
CL-08605,Hilda Lladó-Larrea,ralfaro@example.org,2905355658974,Femenino,2023-09-26
CL-08606,Balduino de Melero,wgaray@example.com,0613825868459,Masculino,2024-12-07
CL-08607,Dorita Jover Tirado,zblazquez@example.com,9231604801253,Femenino,2024-07-15
CL-08608,Arsenio Agustí Atienza,uhurtado@example.org,5757685269704,M,2023-10-03
CL-08609,Nico Blas Santos Mendez,raquelbadia@example.org,6409591620742,Masculino,2024-08-09
CL-08610,123,@gmail.com,0696247961567,Masculino,2023-10-11
CL-08611,Martina Santamaría Recio,lbru@example.org,2561837247216,Masculino,2025-05-23
CL-08612,Marcial Conrado Zabala Peralta,berenguerricarda@example.net,8791269861985,Femenino,2025-04-04
CL-08613,Mamen Piñeiro Esparza,apacheco@example.com,6246674781459,Masculino,2025-06-28
CL-08614,Bárbara Selena Barrena Gomez,ocabrero@example.net,2063769150542,Masculino,2025-05-03
CL-08615,Ana Belén Jara Tomas,qbatalla@example.net,4841008825034,Femenino,2024-11-12
cl_08616,Salomé Reina Mulet Bustos,qgilabert@example.com,61234abc,Desconocido,2025-08-17
CL-08617,Adrián Chuy Alcolea Hernandez,tenatamara@example.com,2281116767031,Masculino,2024-01-28
CL-08618,Juana Velázquez Iglesias,reinaldo00@example.org,7758615669766,Femenino,2024-08-21
cl_08619,María Pilar Barba Revilla,pascualaramirez@example.org,2781873230697,Masculino,2024-05-02
,Eustaquio Peñalver Parra,,6929754634116,Femenino,2024-02-07
CL-08621,Irma Zorrilla Casals,navila@example.org,8189960674920,Femenino,2024-03-23
cl_08622,Rogelio Jose Francisco Escobar Conesa,lorena04@example.org,5272576454205,Femenino,
CL-08623,Vasco Sans-Salinas,nayara79@example.org,8435555433836,Masculino,2025-05-14
CL-08624,Pepito Yuste Doménech,purificacion66@example.net,9325000038086,Femenino,2024-03-24
CL-08625,123,amoryuste@example.net,0268517049229,Femenino,2024-12-27
cl_08626,Mar Aranda Campos,hvillalonga@example.com,7568373512004,Femenino,2025-01-24
cl_08627,Aura Acevedo Roldán,eli29@example.net,9579063514338,Femenino,2025-05-10
CL-08628,Dafne Alejandra Lago Roselló,blanca13@example.com,61234abc,Masculino,2024-11-03
cl_08629,Borja Garzón-Adán,peiroroxana@example.net,7468283987881,Masculino,2024-01-21
CL-08630,Marisa Morillo Carranza,,5486155810146,Femenino,2025-02-19
cl_08631,Clímaco Calderon-Mesa,saturnina95@example.com,0179259970358,Masculino,2024-11-26
CL-08632,Miguel Ángel Ramirez Armengol,ygoicoechea@example.net,4004154020579,Femenino,2024-01-03
cl_08633,Atilio Urrutia-Andrés,borjajordan@example.org,0580047519725,Masculino,2024-01-22
CL-08634,Sigfrido Durán Moliner,bartolomepinol@example.org,9629545769646,Masculino,2025-05-13
cl_08635,Renato Valverde-Carro,arandajuan-bautista@example.net,6759035392729,Femenino,2023-12-26
CL-08636,Piedad Espada-Lluch,gelabertale@example.org,0065821980212,Masculino,2024-07-15
CL-08637,Basilio Alcolea,teofilaoller@example.org,1068815132137,Femenino,2025-01-20
cl_08638,Candelario del Diego,sobrinojafet@example.org,8094529906135,Femenino,2024-05-02
cl_08639,Cosme Ruiz Palomino,zaidataboada@example.org,1393646019860,Masculino,2024-10-28
cl_08640,@Oliver,vazquezmaria-carmen@example.net,+34 980 55 04 19,Masculino,2024-04-27
CL-08641,Régulo Joel Pina Grau,ferranarsenio@example.org,5728387667280,Femenino,2025-07-06
CL-08642,Cándido Mendez,rufina03@example.com,5685172372990,Masculino,2024-03-31
CL-08643,Merche Gonzalez Folch,cabezadamian@example.com,8344406090714,Femenino,2025-03-09
CL-08644,Abigaíl Calderón Bautista,vilarelodia@example.net,6066310822957,Femenino,2024-09-17
cl_08645,Manuela Chelo Sobrino Acuña,cardenasloreto@example.org,8214372402234,Femenino,2024-12-18
CL-08646,Miguela Riba Carvajal,guiomarroyo@example.com,5555870381849,Masculino,2024-12-26
CL-08647,Silvio Robledo Puente,luciana07@example.net,3034102890307,Femenino,2025-01-25
CL-08648,Dionisia del Campos,nazaretginer@example.net,2395372862439,Femenino,2025-07-26
CL-08649,Maximiano Varela,carballoeligia@example.com,8889311707078,Femenino,2024-11-18
cl_08650,Roque Juanito Gómez Uriarte,ciprianoleal@example.com,3484431527415,Femenino,2025-05-17
CL-08651,Vicenta Micaela Roda Soto,ibanezjimena@example.net,4582146292608,Femenino,2023-11-22
cl_08652,Plinio Losa Hervás,jessica69@example.com,6-123-456,Masculino,2024-06-20
cl_08653,Custodio Casado Cueto,rioselpidio@example.com,8452163412097,Masculino,2024-01-19
cl_08654,Ariadna Clarisa Reina Bayón,clotilde28@example.com,3776776134254,Femenino,2024-01-07
CL-08655,Augusto Chacón,gala36@example.net,5205089864729,Femenino,2024-09-07
CL-08656,Mercedes Amat Estévez,ccrespi@example.org,1472516697920,M,2024-10-17
cl_08657,Sebastian Rivera Guillen,csolano@example.net,6690154748431,Femenino,2025-01-27
CL-08658,Eusebia Caparrós Mesa,dani01@example.org,2237470788701,Femenino,
CL-08659,Eva María del Pinedo,florindaarco@example.com,8412773723960,Femenino,2024-08-23
cl_08660,Calixta del Mayoral,,1834634349667,Masculino,2025-08-10
CL-08661,Vera Yéssica Gómez Paz,peralmohamed@example.com,0519816015231,Masculino,2023-12-25
CL-08662,Encarnacion Ferrándiz Ferrándiz,jose-angeltalavera@example.org,2935133558269,Femenino,2025-02-23
cl_08663,Damián Alberola Perelló,abelnieto@example.com,6696227672028,Femenino,2024-10-03
cl_08664,Fabio Pelayo,dalilagutierrez@example.org,6-123-456,M,2025-01-03
cl_08665,Rolando Luz Barceló,grecio@example.org,0244582473321,Femenino,2025-04-15
cl_08666,Paz Tomas Tirado,wplanas@example.com,9268017191345,Masculino,2025-04-16
CL-08667,Roxana Pagès Pombo,teofila53@example.net,2642233380063,Masculino,2024-10-29
cl_08668,Eutimio Egea,baezdomingo@example.com,5824738364292,Femenino,2024-06-09
CL-08669,Juana del Arribas,bautistacastilla@example.com,9331591513623,Masculino,2025-04-01
CL-08670,Aureliano del Juárez,,5651236448179,Masculino,2025-05-02
CL-08671,Damián Saldaña Barrera,hpera@example.org,2850645766194,Femenino,2024-10-06
CL-08672,Pili Moll Bermudez,juliana69@example.net,4528325306943,Femenino,2023-12-14
cl_08673,Benito Franco Barco,bienvenida80@example.net,5466595008305,Femenino,2025-01-09
CL-08674,Morena Sureda Ugarte,chita39@example.com,7075733788412,Masculino,2025-05-22
cl_08675,Alicia Ana Sofía Olivé Guzmán,wsabater@example.net,5203283652032,Femenino,2023-12-17
CL-08676,Agustín Lluch-Quintero,emigdio44@example.com,+34 847 96 85 37,Masculino,
cl_08677,Alma Guzmán Arribas,gallegosandra@example.net,4018994204877,Femenino,2023-09-27
cl_08678,Celso Mateo Boada Huerta,lucaseloy@example.com,2734626219664,Masculino,2024-10-31
cl_08679,Carmen Padilla Goñi,roselloelba@example.com,4143740710095,Femenino,2023-10-19
CL-08680,Maximino Chucho Sáez Revilla,gabrielcaballero@example.org,6617813851804,Desconocido,2024-05-01
CL-08681,Hugo Boada,lgabaldon@example.org,1033255212597,Masculino,2024-11-28
cl_08682,Angelina Arrieta Navarro,dionisiarios@example.org,8102099441408,Femenino,2025-03-06
cl_08683,Maristela Valdés Pazos,jmosquera@example.com,9027481280769,Masculino,2025-02-24
CL-08684,Graciana Arellano-Andrés,fmate@example.com,9989676523823,Femenino,2023-12-21
CL-08685,,reinainmaculada@example.com,1859880914403,Masculino,2024-09-17
CL-08686,Clímaco Gomez Somoza,bernardonoguera@example.com,4820937983013,Femenino,2024-01-20
cl_08687,Modesta Alvarez Dávila,pascuala16@example.net,6296041934965,Femenino,2024-02-28
CL-08688,Dafne Romeu Toro,francisco-javiermunoz@example.org,+34845 97 68 87,Masculino,2025-05-15
CL-08689,Fátima Rodrigo Carretero,manriquecornelio@example.com,7266331299782,Masculino,2025-08-01
CL-08690,Ezequiel León Alonso,@gmail.com,1369830506359,Masculino,2025-06-06
CL-08691,María Jesús Pulido,juanitopujol@example.net,1303680449576,Femenino,2025-05-27
CL-08692,Anselmo Ros Bosch,cristianalvarez@example.com,5005462841486,Femenino,2025-05-26
CL-08693,Vanesa Cid,nataliacortes@example.com,9328391108854,Femenino,2025-01-25
cl_08694,Fátima de Barros,nicomiro@example.net,1425730491173,Masculino,2023-12-05
CL-08695,Alejo Guillén-Codina,yago93@example.org,5973139065741,Masculino,2024-03-03
cl_08696,Emperatriz Aurelia Cerdán Pont,wortega@example.org,8985855453491,Masculino,2025-01-25
cl_08697,Norberto Leon-Cañete,hazcona@example.net,9493249681765,Masculino,2024-05-01
CL-08698,Jovita Lopez-Bonet,elujan@example.com,7369307593339,Femenino,2024-12-31
cl_08699,Emelina Millán Ríos,vinicio07@example.com,7962850276638,Masculino,2024-11-10
,@Oliver,milagros97@example.net,123456,Femenino,2023-11-06
CL-08701,Adalberto Bueno Folch,agustin41@example.net,1368436121618,Femenino,2024-11-14
CL-08702,Miguela de Segarra,emelina83@example.com,0553759129954,Masculino,2025-05-03
CL-08703,Áurea Viana Núñez,onogueira@example.com,5000124682191,Femenino,2024-09-16
CL-08704,Martirio Alberdi,irene28@example.com,1507958751291,fem,2025-05-02
cl_08705,Vicente Herrero,corbacholorenza@example.org,6039492954394,Masculino,2024-02-01
cl_08706,Narcisa de Bastida,delfina85@example.org,5290403547685,Masculino,2024-10-06
CL-08707,Elisabet Costa Galván,julianaranzazu@example.net,9149057092644,Femenino,2025-02-18
cl_08708,Lisandro Coronado-Nogueira,gabriel23@example.org,1053231090128,Femenino,2023-09-15
cl_08709,Marcelo Vasco Coca Moll,barcelodulce@example.net,1908727515797,Femenino,2023-09-26
cl_08710,Rosaura Vargas Trillo,psegarra@example.net,9026821158014,Femenino,2024-09-12
CL-08711,Rico de Cisneros,galvezalexandra@example.com,6913237699189,Femenino,2025-03-16
cl_08712,Ileana Jimenez,agatagarmendia@example.org,61234abc,Femenino,2024-08-04
CL-08713,Lupita Cazorla Cerro,zcampillo@example.org,9046898819578,Femenino,2025-02-15
CL-08714,Casandra Saavedra Angulo,georgina47@example.com,0303054585812,Masculino,2024-02-04
CL-08715,,montserratcapdevila@example.net,2797333550935,Masculino,2024-04-28
cl_08716,Aura Vargas-Bernat,guillenruperta@example.com,8657117165985,Femenino,2024-05-17
CL-08717,Candelario Guillén,ribasmanuel@example.com,6259301197780,Femenino,2025-04-14
CL-08718,Eustaquio Montoya Cruz,cminguez@example.net,5678986852963,Femenino,2024-01-07
CL-08719,Rosario Valero,zduran@example.net,5690514099159,Masculino,2025-04-20
cl_08720,Evelia del Barriga,,4977956372253,Desconocido,2024-05-24
CL-08721,Evangelina Morcillo,carmelovazquez@example.com,3142186659467,Masculino,2024-08-06
cl_08722,Adrián Mosquera Hoyos,aguadojulie@example.com,9364116811556,Femenino,2025-02-10
cl_08723,Miguela Belén Acedo Haro,qpons@example.net,0332394729074,Femenino,2025-04-08
CL-08724,Aarón Agudo Múñiz,evaazorin@example.org,61234abc,Femenino,2024-05-09
CL-08725,Flora Guillén Amador,remigio32@example.com,4454882825110,Femenino,2024-06-17
CL-08726,Marianela Baena Comas,morcilloleandro@example.com,3683965971621,Masculino,2023-08-29
cl_08727,Zaida Royo Novoa,nbravo@example.net,0612704019111,Femenino,2025-03-04
cl_08728,Guiomar Quintero Juárez,bermudezvisitacion@example.org,4601572609936,Desconocido,2025-08-13
CL-08729,Tomás Américo Casado Aguirre,juanito78@example.net,0732223336927,Masculino,2025-04-23
cl_08730,123,,1839534361847,Femenino,
CL-08731,Valentina Ordóñez-Carrasco,berenguerfidel@example.net,9499654625851,Masculino,2024-02-03
CL-08732,Hernán Baños Aguirre,heriberto17@example.org,1215518388764,Masculino,2024-07-01
CL-08733,Eutropio Farré Moles,quique12@example.org,2823862671936,Femenino,2024-03-02
cl_08734,Anna Azeneth Rosado Alba,angela36@example.net,5989556723153,Femenino,2024-10-06
CL-08735,Armida Farré Macías,vcorrea@example.com,7175614038651,Masculino,2024-08-16
CL-08736,José Mari Torrijos Angulo,aalcolea@example.net,6-123-456,Desconocido,2025-02-12
cl_08737,Silvestre Teruel Cobos,clementinaduque@example.net,5883731381740,Femenino,2024-11-05
CL-08738,Andrés Felipe Cueto Pol,joaquinapolo@example.com,6208909493850,Femenino,2024-01-03
CL-08739,Elena Camila Vallejo Morillo,ricorafa@example.net,3678333926311,Masculino,2024-02-22
CL-08740,Magdalena del Casanova,correo@.com,9470741824910,Masculino,2025-02-06
cl_08741,León Palomar Bertrán,eugenia56@example.net,9797569150946,Femenino,2023-10-26
CL-08742,Moreno Puente,xnevado@example.net,5211545020610,Femenino,2025-04-15
CL-08743,Estrella Seguí-Pomares,morantevaleria@example.com,9013248076608,Femenino,2023-09-12
CL-08744,Ciríaco Menéndez-Palomares,jferrer@example.net,6643115763580,fem,2024-04-04
CL-08745,Chucho Tomás Ferrera Crespo,oliverahaydee@example.net,7529256262521,Femenino,2025-01-23
CL-08746,Lucila Soria Peñalver,brunildamarmol@example.com,6539374700213,Masculino,2024-07-17
cl_08747,Dalila Llorens Mateu,gyanez@example.net,0176897388497,Masculino,2025-06-29
CL-08748,Nacho Terrón-Verdejo,ferrerassantiago@example.org,123456,Femenino,
cl_08749,Ligia Casal-Hernandez,jovita54@example.com,5778993780587,Masculino,2024-11-01
CL-08750,Angelita Fiol-Acuña,,9284921192086,Masculino,2024-11-01
cl_08751,Lourdes del Rocha,carlacatala@example.net,1060547752003,Masculino,2024-12-03
cl_08752,Julia Frutos Diéguez,corteslucio@example.com,3300194777889,M,2024-03-15
cl_08753,Fulgencio Fuertes Tejedor,kike45@example.net,9807653112987,Masculino,2024-02-26
CL-08754,Moisés Pulido Sierra,vicensxavier@example.net,4128441434002,Femenino,2023-10-21
cl_08755,Efraín Gonzalo Barrera,tpenas@example.com,9266014531919,Masculino,2023-09-01
CL-08756,Agustina Arias,antoniocomas@example.net,3233900047317,Masculino,2023-11-29
cl_08757,Tania Benítez Pulido,pcordoba@example.com,0352086389743,Masculino,2024-05-06
cl_08758,Viviana Crespo Peñalver,isabel21@example.com,9543555749955,Masculino,2023-10-22
CL-08759,Rafaela de Trillo,amor27@example.net,9867330870216,Femenino,2024-06-17
,,correo@.com,61234abc,fem,2024-05-18
cl_08761,Agapito del Tolosa,nuriaroig@example.com,6084427312598,Femenino,2024-08-14
cl_08762,Estefanía Contreras Asensio,vicenteadriana@example.org,0497803489070,Masculino,2025-07-01
cl_08763,Jose Miguel Calderon Alba,acerojose-angel@example.com,0398460282496,Femenino,2024-08-10
CL-08764,Débora Arnal-Girona,ariel11@example.org,4881113759970,Masculino,2025-03-02
CL-08765,Evita Cano-Ariño,ebenitez@example.net,6071032860123,Femenino,2023-11-20
CL-08766,Gloria Cueto Valdés,quintanalalo@example.net,2346794979514,Masculino,2024-09-22
CL-08767,Cayetano Bautista,xavier42@example.org,5688095800951,Femenino,2025-03-08
CL-08768,Ámbar del Duarte,samanta71@example.net,4312839388167,M,2025-04-14
CL-08769,Vasco de Juliá,berrocalluna@example.com,1030107197456,Masculino,2024-12-19
CL-08770,Luis Miguel de Maldonado,,2154643832654,Masculino,2024-02-20
cl_08771,Ernesto Carro Sanabria,vromeu@example.net,9878782460489,Femenino,2024-08-30
CL-08772,Melchor Tejada Capdevila,sabasaleman@example.org,+34 973 452 590,Masculino,2025-02-16
CL-08773,Geraldo Roberto Perales Conesa,gaston75@example.org,4000065379017,Femenino,2025-07-20
cl_08774,José Antonio del Santamaría,valeraceferino@example.com,3427567700248,Masculino,2025-01-01
cl_08775,,segismundotejedor@example.com,6578583466506,Femenino,2025-03-27
CL-08776,Imelda Corominas,mateosanacleto@example.net,2218210832413,Masculino,2024-08-24
CL-08777,Nicolás Benavente Blazquez,nlastra@example.org,3254829819821,Femenino,2024-08-04
CL-08778,Ofelia Flor Tolosa,ulluch@example.org,7698039228722,Masculino,2024-04-30
CL-08779,Ana Sofía de Gálvez,estradaromulo@example.org,7480764060081,Femenino,2024-02-09
CL-08780,Filomena de Querol,pastormagdalena@example.com,5536383696902,Masculino,2024-07-07
CL-08781,María Belén Tapia Falcó,racero@example.org,1480922513519,Masculino,2024-06-02
cl_08782,Eusebio Llabrés-Casares,yaiza15@example.com,0139389438596,Femenino,2025-07-13
CL-08783,Amílcar Bayo Barrena,eleuteriosalcedo@example.net,7460351691729,Femenino,2024-04-06
CL-08784,Encarnacion de Cabeza,hpenalver@example.com,+34844 353 193,Desconocido,
CL-08785,Corona Pou Ribas,emigdiomarti@example.org,5272444333848,Masculino,2025-07-25
CL-08786,Cirino Dominguez Pazos,rafaellumbreras@example.org,3015573440947,Masculino,2024-04-29
cl_08787,Luciana Ballesteros-Arellano,palfaro@example.org,8831622218454,Femenino,2023-10-27
CL-08788,Amado Cárdenas Polo,kike32@example.org,5382868382743,Femenino,2024-05-07
CL-08789,Esteban Villena Rojas,iker24@example.org,6295154764525,Masculino,2025-05-07
CL-08790,Pía Gibert Aroca,correo@.com,8335303418471,Masculino,2023-09-17
CL-08791,Dimas Cristian Valcárcel Bru,lisandroferrandiz@example.org,7197177162263,Femenino,2024-04-23
CL-08792,Dimas Juan Pablo Cañete Paz,fernandezsosimo@example.org,2680277747037,Femenino,2025-01-19
cl_08793,Laura Elodia Ribas Alegria,ramirezcalisto@example.com,3583822723800,Masculino,2024-01-14
CL-08794,Heraclio Giralt-Poza,plazamaricruz@example.net,0527017059963,Femenino,2024-10-23
cl_08795,Ruben Tomé-Villena,zuria@example.net,7283458339221,Femenino,2024-10-07
cl_08796,Chuy Mendez Bárcena,flor92@example.org,6-123-456,Femenino,2023-09-18
cl_08797,Gracia Paz Torralba,aristides10@example.net,7537703375662,Masculino,2025-02-21
cl_08798,Pastora del Uriarte,riusdiana@example.net,6163378377706,Masculino,2025-07-14
cl_08799,Juan Luis Sandoval Pons,estebancalista@example.org,2769019065328,Masculino,2024-02-14
,Lope Donoso-Benítez,@gmail.com,6091642706367,Femenino,2024-08-13
CL-08801,Mateo Colom,esantos@example.com,6704846170609,Masculino,2024-08-31
CL-08802,Tania Agustín Carvajal,vera96@example.org,1037101208515,Masculino,2024-07-12
CL-08803,Amanda Ribera Cañellas,lisandronicolas@example.com,5505445705145,Masculino,2025-04-26
CL-08804,Sergio Acosta Rivero,smarti@example.net,5040298083923,Masculino,2023-12-04
CL-08805,,sebastianaranzazu@example.com,9478705353750,Masculino,2023-12-24
CL-08806,Valeria Lara-Garzón,emelina58@example.com,0435291541737,Masculino,2024-10-02
CL-08807,Balduino Armengol Navarrete,jaumesalome@example.org,9413045738061,Femenino,2024-03-24
CL-08808,Jovita Neira Ros,joan12@example.net,123456,Desconocido,2024-03-12
cl_08809,Guiomar Colomer Elías,edgardogomez@example.org,0752515137059,Masculino,2025-04-24
cl_08810,Agapito de Serra,,7496706886616,Femenino,2024-08-28
CL-08811,Nacio de Manuel,amorosdorita@example.org,9251364390573,Masculino,2025-05-04
CL-08812,Clemente Bellido Goicoechea,emma00@example.com,0138887409710,Femenino,2024-11-04
CL-08813,Dorotea Acero Palmer,ana84@example.org,7797625553254,Femenino,2025-06-23
CL-08814,Manu Montes Canals,patriciotellez@example.com,5520447038443,Femenino,2024-06-27
cl_08815,Evelia Almansa Otero,fatima40@example.org,3726079171288,Femenino,2025-05-22
CL-08816,Carlito Mata Muro,carmelomendez@example.org,9704212013053,Masculino,2025-04-07
CL-08817,Manuel Echevarría Company,soleraemiliano@example.net,9475860844704,Femenino,2023-11-20
CL-08818,Teobaldo Granados Valera,berta04@example.com,1028150453448,Femenino,2025-05-09
cl_08819,Jordán Reyes Ribas,pastornereida@example.net,9699034795788,Femenino,2024-11-17
cl_08820,,@gmail.com,6-123-456,Femenino,2026-01-01
CL-08821,Miguel Ángel Guerra-Blanes,adelinaaviles@example.com,8378589455390,Masculino,2023-12-28
cl_08822,Eloy Fernandez Cabrera,francorufina@example.net,2872833271022,Masculino,2024-10-17
cl_08823,Che de Juan,lucio44@example.net,8909914301961,Femenino,2025-05-18
CL-08824,María Manuela Elena Bonet Caballero,jafet55@example.com,3721246710357,Femenino,2024-03-02
CL-08825,Dionisio Sergio Enríquez Ribes,kflor@example.net,0268848185892,Masculino,2025-06-05
CL-08826,Prudencio Zurita Rey,xolmo@example.com,1651920102907,Masculino,2025-01-12
CL-08827,Benjamín Pinto Fonseca,velazqueztito@example.com,9436839120164,Femenino,2024-10-31
CL-08828,Trini Dueñas Quirós,nicolasapedraza@example.net,3165660035187,Masculino,2024-07-15
CL-08829,Juana Campo Iriarte,apolonia33@example.net,5735971386186,Masculino,2024-11-05
cl_08830,Perlita Agustí Ferrer,@gmail.com,9386606366612,Femenino,2024-11-19
CL-08831,Araceli Buendía Quintero,brunilda17@example.net,6799875921529,Femenino,2023-11-29
CL-08832,Febe de Pujol,yarnal@example.net,6-123-456,Femenino,2025-02-08
cl_08833,Jose Antonio Benet-Colom,josefacuesta@example.com,1359282483619,Masculino,2024-06-20
CL-08834,Paola Cepeda Artigas,nilo64@example.org,7972020052811,Masculino,2024-07-09
cl_08835,@Oliver,rebollocelestina@example.com,7009249835239,Masculino,2025-05-21
cl_08836,Edu Dueñas Merino,tsabater@example.org,3227807660701,Femenino,2024-07-15
cl_08837,Cintia Fajardo Alcolea,titopintor@example.net,8283970484838,Masculino,2024-05-21
cl_08838,Reynaldo Cámara Alvarez,piosoria@example.com,8430491930369,Masculino,
CL-08839,Victor Pina Álamo,wcuadrado@example.org,3635527040793,Masculino,2025-08-14
,Hilda Merino Daza,,2306570325138,Desconocido,2025-04-17
cl_08841,Victor Duran Figueras,calixta15@example.net,1736373211543,Femenino,2023-09-09
CL-08842,Vicente Lillo Herrero,ssaez@example.net,6464844955529,Masculino,2025-08-24
CL-08843,Macarena Nebot,cheleal@example.org,8010741075794,Femenino,2024-12-24
CL-08844,Mariano Montalbán Mateu,valderramacecilia@example.net,61234abc,Masculino,2025-01-11
CL-08845,Ámbar Eli Marín Berrocal,gimenorebeca@example.org,2269951098821,Femenino,2024-11-25
cl_08846,Abel Belmonte Alarcón,sol61@example.org,8056167772334,Masculino,2025-03-18
CL-08847,Julio César Gil Girona Infante,jagullo@example.org,6450323833068,Femenino,2024-02-16
CL-08848,Jose Iniesta Duarte,jose-luismunoz@example.net,9261250768673,M,2023-12-15
cl_08849,Felipe Roig Vicente,riomamen@example.com,5574564487560,Femenino,2025-06-20
CL-08850,,,9111220446432,Masculino,2025-01-08
CL-08851,Belen Navarrete Cánovas,tmaestre@example.net,4002280437854,Masculino,2024-10-06
CL-08852,Eligio del Sanjuan,lpacheco@example.net,0534454027345,Femenino,2024-06-07
CL-08853,Angélica Perales España,atilioleiva@example.org,1033961390838,Femenino,2025-02-13
CL-08854,Josefina Querol-Galán,nildasierra@example.net,2729997115680,Masculino,2025-02-10
CL-08855,Simón Vasco Álvarez Gomila,ariadna70@example.com,5475635421670,Masculino,2024-07-15
CL-08856,Reyna Pereira Marin,cuencabaldomero@example.org,123456,fem,2026-01-01
cl_08857,Héctor Elorza Plaza,aitor71@example.org,6353813623015,Femenino,2024-04-01
CL-08858,Cecilio Sedano Arranz,feliciabadia@example.com,1327738302819,Masculino,2024-08-18
CL-08859,Octavia Andrade Viana,penamariano@example.com,7840938914312,Masculino,2023-08-31
cl_08860,Godofredo Durán,correo@.com,7405644385056,Femenino,2024-10-02
CL-08861,Rosa Violeta Blanco Busquets,maricruz17@example.com,2827476182332,Femenino,2023-10-26
CL-08862,Salomón Sedano Egea,jsainz@example.com,2807146013277,Femenino,2024-06-01
cl_08863,Pascuala Marita Alarcón Aliaga,lisandro04@example.com,9480241101113,Masculino,2025-03-02
CL-08864,Xavier Seco Nuñez,fabian46@example.org,0907439565831,fem,2024-08-29
cl_08865,,josellabres@example.net,4462281140143,Masculino,2024-04-23
CL-08866,Adelia Octavia Mas Aguilar,oegea@example.net,3189639759948,Femenino,2025-06-12
cl_08867,Tomasa Barranco Egea,irios@example.org,5341323920123,Femenino,2025-02-28
cl_08868,Esperanza de Castilla,hector87@example.com,61234abc,Femenino,2025-02-24
cl_08869,María Belén Colomer,ecastaneda@example.org,7015372621592,Femenino,2025-04-06
CL-08870,Teresa Pacheco Puente,,4337235979315,Femenino,2024-01-05
CL-08871,Roldán Gárate-Amorós,gdonaire@example.org,8744067802595,Femenino,2024-05-06
CL-08872,Rufino Estévez Company,loretopalacios@example.org,1391134087150,Masculino,2024-05-01
CL-08873,Genoveva Vilar Tovar,lcasanovas@example.com,0798037946261,Femenino,2024-05-29
CL-08874,Cristina Ligia Álvarez Pont,hugo70@example.org,2647800438452,Masculino,2026-01-01
CL-08875,Ximena Alvarado-Juliá,sosamontserrat@example.net,9338006249914,Masculino,2024-03-01
cl_08876,Eustaquio Iborra Patiño,maria-belenramirez@example.org,4100618542776,Femenino,2024-04-15
cl_08877,Jesusa Pou-Lastra,valcarcelabigail@example.org,0872077507986,Femenino,2025-05-25
CL-08878,Cipriano Jafet Sotelo Serra,casadojuan@example.com,9729888240763,Femenino,2024-03-31
cl_08879,Elvira Domingo-Porta,jegea@example.org,0700028224557,Femenino,2024-06-08
CL-08880,@Oliver,tsegura@example.com,6-123-456,Desconocido,2024-01-13
cl_08881,Macaria Salazar Morell,luna82@example.net,7051278797783,Masculino,2024-10-01
cl_08882,Alonso Marín Tur,galatoro@example.com,5058879154420,Femenino,2023-11-30
CL-08883,Eustaquio Luís Valencia Blanco,purificacioncortes@example.org,4384089410426,Femenino,2023-12-21
CL-08884,Albina Alcalde Ángel,jafetbauza@example.net,7173576278140,Femenino,2023-12-05
CL-08885,Gracia Tomé Alvarado,borja26@example.net,6135111361063,Femenino,2025-08-23
CL-08886,Victor Manuel Cortes Morales,suarezanna@example.net,0050160411724,Femenino,2024-02-22
CL-08887,Luis Ángel Gonzalez Zaragoza,samuel65@example.net,5539057624515,Masculino,2025-03-07
CL-08888,Vidal Herberto Guerra Cases,barriosbaudelio@example.net,8816492067349,M,2024-11-14
CL-08889,Manuelita Daza Alfonso,iserna@example.net,6503921917100,Femenino,2023-11-25
CL-08890,Isaac Marquez Valenzuela,,5086814788314,Femenino,2025-08-10
CL-08891,Flora Ramirez Requena,espiridion04@example.com,2610070828170,Femenino,2024-01-13
cl_08892,Imelda Pastor Juárez,bautistablanes@example.net,6-123-456,Femenino,2024-02-22
CL-08893,Vidal Salgado Bellido,riverajuliana@example.org,1115588230462,Masculino,2024-05-22
CL-08894,Urbano del Nieto,rozasbaudelio@example.net,0045617234666,Masculino,2024-09-24
CL-08895,,gribas@example.com,7782205080446,Femenino,2023-11-22
cl_08896,Renata Bayona-Llanos,jenny18@example.net,7147666342749,Desconocido,2025-01-06
CL-08897,Dimas Morante Bermudez,nicolasaalberola@example.net,1074427704682,Masculino,2024-02-19
cl_08898,Nicolasa Benavides,castellnazario@example.org,9819892677515,Femenino,2024-03-20
cl_08899,Camilo de Ariño,rcardona@example.com,2921255239920,Masculino,2025-04-14
,Curro Julio Pozuelo Adán,correo@.com,7600512872046,Masculino,2023-11-24
CL-08901,Ema Menéndez Fuentes,gala78@example.com,9859110013647,Femenino,2025-02-08
CL-08902,Zaira Clementina Puerta Mercader,jacintopinedo@example.net,8165658937852,Femenino,2023-09-08
cl_08903,Elpidio Luján Mulet,victoria41@example.net,4489941152985,Masculino,2025-01-24
CL-08904,Laura Ferrando Méndez,emelinaaguilera@example.org,123456,Femenino,2025-01-03
CL-08905,Arsenio Miranda,sevechacon@example.org,8199484091344,Femenino,2024-10-20
CL-08906,Elías Ferrández Alcolea,abrahamamigo@example.com,3856792140496,Femenino,2024-04-09
CL-08907,Nacio Otero-Mendez,gervasiosancho@example.org,8010634455338,Masculino,2025-03-09
cl_08908,Pacífica Busquets Castell,curroandreu@example.com,1477181089038,Femenino,2024-07-11
cl_08909,Gaspar Valencia Girona,guadalupebonilla@example.com,2781286748709,Masculino,2024-12-02
CL-08910,@Oliver,,6245761487322,Masculino,
cl_08911,Javiera Quirós Bejarano,menendezanastasia@example.org,2029511011163,Masculino,2024-09-20
CL-08912,Íngrid Lucía Salmerón Sebastián,pcasas@example.com,2553246255941,M,2024-03-31
CL-08913,Roberta Marí Portillo,cabezaluz@example.net,6008133929286,Masculino,2024-03-16
CL-08914,Olga Gordillo Ruiz,carroainoa@example.net,1974429648918,Femenino,2024-05-23
cl_08915,Teófila Ballesteros Rovira,hipolitotejada@example.com,9648080467306,Femenino,2025-03-31
cl_08916,Teresa Tamarit Llamas,zapatairis@example.org,123456,Femenino,2024-10-01
CL-08917,Ainoa Bru Montalbán,saldanaflor@example.org,6435040894592,Femenino,2024-07-09
CL-08918,Sosimo Mate-Oliver,grasnicolasa@example.com,3822392407796,Masculino,2025-02-17
CL-08919,Toni del Bustamante,ferrandizrocio@example.org,8493594725878,Femenino,2024-10-24
CL-08920,Tito del Requena,wgalvez@example.com,8884377326135,Masculino,2025-03-09
cl_08921,Ángeles Mayo,bpedrosa@example.net,7623981324603,Femenino,2024-03-09
CL-08922,Pilar Pou Caballero,zairamir@example.net,0898613102829,Femenino,2024-10-24
CL-08923,Pepita Jaume Solé,fidel49@example.com,8497310449351,Femenino,2025-04-28
cl_08924,Marcia Garrido-Tello,estevesalome@example.net,8990739497853,Femenino,2024-04-23
cl_08925,@Oliver,severianoarcos@example.org,0616451826791,Masculino,2024-02-18
cl_08926,Gerónimo Godoy Almeida,ijover@example.net,6238855575081,Femenino,2025-08-02
CL-08927,Lalo Múgica Fiol,jacinto91@example.net,4522334696433,Masculino,2023-12-19
cl_08928,Amanda Martina Uría Coll,cecilio84@example.org,+34826 85 25 56,Desconocido,2025-08-17
CL-08929,Marcia del Mancebo,davilanilo@example.org,0603195825042,Femenino,2024-08-08
CL-08930,Maximiliano Cerdán-Barrio,@gmail.com,1783077827671,Femenino,2024-05-08
CL-08931,Esperanza de Manso,carlos68@example.org,0961933084563,Femenino,2024-04-04
CL-08932,Sigfrido Pombo Quintanilla,grio@example.com,9473475419016,Masculino,2024-03-25
cl_08933,Alejo Peralta Ribes,bertoparra@example.org,0456860625046,Masculino,2024-01-13
cl_08934,Blas Santiago Escrivá,emilianosanmiguel@example.com,4734377882854,Masculino,2025-02-24
CL-08935,Cebrián Sarmiento Tomás,torralbaadrian@example.com,1469335580975,Femenino,2024-07-14
CL-08936,Josefina Serna,ramiscipriano@example.net,7517772717124,fem,2024-05-10
CL-08937,Zoraida Riba-Luque,olallachacon@example.net,9502651588765,Masculino,2024-04-05
CL-08938,Maite Valdés Canet,borjacesar@example.org,6259574477672,Masculino,2024-11-15
CL-08939,Eleuterio Atilio Salcedo Álvarez,aroa94@example.net,6671832652541,Femenino,2024-04-15
,,,6-123-456,Masculino,2023-12-17
cl_08941,Feliciana Ramis Macias,kverdugo@example.net,5815815784229,Masculino,2024-12-30
cl_08942,Marianela Hervás Yuste,arandaandres-felipe@example.net,4957172547061,Masculino,2025-03-31
cl_08943,Juan Bautista Tomás,rmorera@example.net,9408781610752,Masculino,2025-05-19
CL-08944,Desiderio Andrés Casanova,rraya@example.net,6873527507839,Masculino,2023-09-09
cl_08945,Severiano Pozuelo Baeza,salinasvilma@example.org,4605566144650,Femenino,2025-07-30
cl_08946,Apolonia Sastre,amatestefania@example.net,3504468954404,Femenino,
cl_08947,Marisol Guerrero Jurado,maria-luisamenendez@example.com,1452108487924,Femenino,2023-11-07
cl_08948,Sabina Querol Diaz,alondra07@example.org,4340730875714,Masculino,2024-01-29
cl_08949,Claudia Fortuny Dominguez,goyobastida@example.org,0489082019928,Masculino,2024-10-28
cl_08950,Marino Villena Calderon,,7025466338855,Femenino,2024-06-19
CL-08951,Teresa Giner,patriciopujol@example.org,1094387394956,Masculino,2024-07-09
CL-08952,Genoveva Carreras-Carretero,hguerra@example.net,+34810 301 008,Femenino,2025-03-15
CL-08953,Dionisio del Naranjo,palomaresanastasia@example.org,9354668920098,Femenino,2023-10-14
cl_08954,Nayara Cases,timoteopalma@example.net,7725276324222,Femenino,2023-10-10
CL-08955,Alberto Sebastián Esteban,ytomas@example.com,2653866158517,Femenino,2024-03-08
cl_08956,Encarna Olmo Navarrete,elodiarosado@example.org,8092732113180,Femenino,2025-01-15
cl_08957,Carla Montserrat Monreal,luna57@example.net,1294071107084,Masculino,2024-07-17
CL-08958,Cirino Español Barberá,febecoello@example.net,3147508033001,Masculino,2025-06-20
CL-08959,Fabiana Rocío Peinado Pintor,esolsona@example.org,5664004721122,Femenino,2024-09-23
,Azeneth Burgos,paezjose-antonio@example.org,6891099200898,Femenino,2025-06-08
cl_08961,Florentino Peiró Soriano,pedrazanazaret@example.com,0425129995509,Femenino,2023-12-10
cl_08962,Felicidad Velázquez Canals,lamat@example.com,1457192815476,Femenino,2024-10-12
CL-08963,Jaime Moraleda Naranjo,bautista01@example.com,9464546774571,Masculino,2023-09-26
CL-08964,Florina de Boada,iarco@example.org,6-123-456,Femenino,
CL-08965,Ámbar Conesa Reyes,albafuster@example.net,7662286468545,Masculino,2025-06-03
CL-08966,Rosa Esmeralda Marin Garzón,lillomaria-cristina@example.net,0938225539059,Masculino,2023-12-20
cl_08967,Eligia Cantón Lillo,aguilarmaria-belen@example.net,2586372544296,Femenino,2023-10-10
cl_08968,Hilda Aramburu Pons,atilio35@example.net,6215699163592,Desconocido,2025-08-14
CL-08969,Aureliano Ferreras-Camino,ltome@example.org,6644702652437,Masculino,2023-12-16
cl_08970,123,estefaniallabres@example.com,6138392379624,Masculino,2024-10-01
CL-08971,Tito Malo Tamarit,aguilarcipriano@example.com,0470617183273,Masculino,2024-02-10
CL-08972,Reyes Amigó Dominguez,dolores98@example.net,7368811681485,Femenino,2025-07-20
CL-08973,Macaria Tomé Mendoza,quevedojosefa@example.com,5641104961328,Masculino,2024-09-22
CL-08974,Felipe Sancho Miralles,dguitart@example.net,9179111466844,Masculino,2024-09-16
cl_08975,Manolo Melero,kbonet@example.org,1426487640563,Femenino,2024-10-15
CL-08976,Isaías Vélez Alberto,victoriaredondo@example.net,6-123-456,Desconocido,2024-07-11
CL-08977,Sarita Diéguez Álamo,rinconrosario@example.com,1339825961535,Masculino,2024-09-16
cl_08978,Calisto Riquelme Aragonés,vpelayo@example.net,7331670219186,Femenino,2024-10-22
CL-08979,Marina Diaz Francisco,victorinocisneros@example.org,9110224464124,Femenino,2025-07-07
CL-08980,Rosa Emelina Jover Cabezas,correo@.com,7123469956215,Masculino,2025-02-08
cl_08981,Isabela Grau-Puerta,arranzvalentina@example.org,2417515732533,Masculino,2024-10-14
cl_08982,Esther Malena Duran Aguirre,mancebosalud@example.com,4091420465448,Masculino,2026-01-01
CL-08983,Felipe Pagès Soriano,vescamilla@example.net,2998271434490,Masculino,2025-01-28
CL-08984,Patricio Santana Manuel,armando53@example.com,5804055674789,fem,2024-03-16
CL-08985,,josep45@example.net,9144215400663,Masculino,2025-03-04
CL-08986,Haydée Torres Galván,jose-miguel96@example.org,5392150358111,Femenino,2023-12-27
cl_08987,Bienvenida Belmonte Vendrell,caminoleonel@example.net,6860144389369,Masculino,2024-05-14
CL-08988,Rebeca Paz Flores Fernández,tmancebo@example.net,61234abc,Femenino,2025-07-16
CL-08989,Pastora Ramón,dominguezplinio@example.com,5718940047984,Masculino,2025-04-18
CL-08990,Mohamed Feijoo Cardona,,3559242694329,Masculino,2024-06-25
cl_08991,Francisco Javier Fuster Leon,vgrau@example.com,2724306700204,Masculino,2024-08-03
CL-08992,Octavio Cano Armas,ksalas@example.com,7727786369017,M,2024-01-15
CL-08993,Emigdio Carvajal Prats,ucarrion@example.com,4381128576656,Femenino,2024-03-02
cl_08994,Cleto Giralt Barroso,dominguezgabino@example.com,4889622293533,Masculino,2023-10-27
CL-08995,Claudia Tur Sevillano,lagojose-antonio@example.net,7498139375866,Masculino,2023-12-01
CL-08996,Maricruz Piquer Paredes,cristian85@example.net,7804984094887,Femenino,2023-10-28
CL-08997,Cebrián Aller-Silva,uelias@example.net,5764526301138,Masculino,2024-03-30
cl_08998,Hector de Porras,matascarolina@example.org,4993078635868,Masculino,2025-01-03
CL-08999,Reyes Manjón-Cuadrado,rosariopizarro@example.com,6010727390356,Masculino,2024-07-13
cl_09000,@Oliver,@gmail.com,+34 807230561,Masculino,
CL-09001,Luisina Ayuso-Galvez,sernavictorino@example.net,1864141380515,Masculino,2025-07-28
CL-09002,Reyes de Montalbán,belmonteaurelio@example.net,8790370127639,Femenino,2024-08-17
cl_09003,Teresita Poza Luján,paloma04@example.org,7827271233687,Femenino,2024-01-03
CL-09004,Nicanor Castellanos-Cordero,banoscrescencia@example.org,9386210581699,Masculino,2024-08-09
cl_09005,Bárbara Ibañez Márquez,joaquina55@example.org,5045944407956,Masculino,2024-01-28
CL-09006,Nadia Elorza Llabrés,dimas00@example.com,5376726695130,Masculino,2024-06-26
cl_09007,Rocío Santamaria Benito,pacablazquez@example.net,5211232977875,Masculino,2025-05-30
CL-09008,Guadalupe Piña Crespo,azconateodoro@example.com,8367566059342,Desconocido,2025-01-07
CL-09009,Apolonia Pont Doménech,alonsosofia@example.org,9644139289740,Masculino,2024-04-07
cl_09010,Lázaro Juan Salvador,correo@.com,4322646028747,Femenino,2023-11-29
CL-09011,Severino Medina Reig,azucenaquintana@example.net,7811903687046,Femenino,2024-03-26
cl_09012,Isidro Valero Crespo,gcalvo@example.com,123456,Femenino,2025-06-16
CL-09013,Encarna Adadia Ros,condetomas@example.com,2217023831930,Femenino,2023-08-29
CL-09014,Guadalupe Rosselló,tfabra@example.org,2151996759700,Femenino,2025-06-28
cl_09015,Viviana de Jerez,emperatriz76@example.net,9952689453714,Femenino,2023-11-01
CL-09016,Melania Aura Bonet Andrés,hilda20@example.com,6400471784212,Desconocido,2025-03-27
CL-09017,Goyo Francisco,mirta89@example.net,3805613827053,Masculino,2025-06-15
CL-09018,Moreno Pardo Pedrosa,saturnino80@example.net,3038217677387,Femenino,2024-08-14
CL-09019,Miriam Escrivá Escudero,pancholujan@example.net,9536583259067,Masculino,2024-11-13
,Paula Bosch Cuesta,velascoreinaldo@example.com,8202029056700,Masculino,2024-03-19
CL-09021,Clotilde de Calzada,kparra@example.net,3438700616984,Masculino,2024-10-19
CL-09022,María Luisa Sotelo Diez,ariadnapelayo@example.com,8991491741989,Masculino,2024-01-02
CL-09023,Baudelio Pablo Ariza,tsalazar@example.org,9811848697965,Masculino,2024-06-29
CL-09024,Rosalía de Ureña,arieldonoso@example.com,6-123-456,Desconocido,2024-05-09
cl_09025,Fabio Escribano Huertas,aitor70@example.org,8448971986526,Masculino,2024-03-31
CL-09026,Cándida del Vall,bermejoluna@example.net,8855250832379,Femenino,2024-10-17
cl_09027,Rosalina Mateu Luna,flujan@example.org,3434379740005,Femenino,2024-03-28
CL-09028,Andrea del Prieto,juanimelda@example.net,5000706961069,Masculino,2025-01-06
CL-09029,Calista Flores Jordán,xgaya@example.net,5686522137505,Femenino,2024-01-20
CL-09030,,borjamaria-manuela@example.net,2887626989561,Femenino,2024-01-12
CL-09031,Candelario Palma Sebastián,fausto34@example.com,5213244041584,Femenino,2024-06-26
cl_09032,Pili Domínguez Mur,benignozamorano@example.net,1051814644699,Masculino,2024-08-21
CL-09033,Reynaldo Blazquez-Guijarro,benitotur@example.com,7627390043244,Femenino,2023-09-08
CL-09034,María Del Carmen Gilabert Piñol,quirino40@example.com,8453682024953,Femenino,2023-10-28
cl_09035,Rosa María del Arias,sebastiannicanor@example.org,5956836841381,Femenino,2025-08-09
cl_09036,Noelia Xiomara Pareja Carballo,penasalondra@example.com,6-123-456,Femenino,2026-01-01
CL-09037,Toribio Fajardo Jove,aliciafeliu@example.org,5618556282743,Femenino,2024-09-14
cl_09038,Rodolfo Guardia Palomar,alinares@example.com,9119677233245,Femenino,2024-11-07
cl_09039,Abraham de Roselló,jerezlourdes@example.net,1026964405370,Masculino,2024-03-09
,Esperanza Girón-Alonso,@gmail.com,1108198763307,Desconocido,2024-10-06
CL-09041,José Antonio Cuéllar-Agudo,anunciacionposada@example.com,0599724886458,Femenino,2024-03-20
cl_09042,León Pintor Pinedo,jose-antonio89@example.com,4865940936612,Masculino,2023-09-20
cl_09043,Víctor Valverde Perelló,fuentesnando@example.net,8043805539702,Femenino,2024-06-26
CL-09044,Ramona Ileana Oliveras Feijoo,arceliacarrillo@example.org,7507265373651,Femenino,2024-04-07
CL-09045,123,ponciosegui@example.com,0970223658069,Masculino,2024-07-29
CL-09046,Paola Lucena Valencia,lumbrerasangelica@example.net,1880289806537,Masculino,2024-11-23
CL-09047,Eusebio Baró-Bayón,miguelezequiel@example.net,5968465329144,Masculino,2024-07-21
CL-09048,Matilde Rosado-Sanmiguel,msevilla@example.com,123456,Femenino,2025-02-23
cl_09049,Albano Cámara Tolosa,delgadoolegario@example.net,3104451599437,Masculino,2025-08-11
cl_09050,Leonel Valbuena Aguilar,,6614582034845,Femenino,2024-11-16
cl_09051,Esperanza Pili Azcona Álamo,azahara52@example.net,9058932718109,Masculino,2024-06-29
cl_09052,África Herrero Barreda,cloe61@example.net,9645981129678,Femenino,2024-08-03
cl_09053,Balduino Estevez Ballester,riogregorio@example.org,9149942210887,Masculino,2023-08-30
cl_09054,Aureliano Silvio Ferrán Bonet,consueloalcantara@example.org,8665878145896,Femenino,
CL-09055,Glauco Rufino Coello Martí,wcabeza@example.net,4926133141180,Femenino,2025-08-04
cl_09056,Laura del Mariño,socorrorios@example.com,9862887178897,fem,2024-06-05
CL-09057,Manola Goicoechea Sanmiguel,pintorfelix@example.com,2392835080303,Masculino,2024-01-01
CL-09058,Lilia Sainz Andres,restevez@example.net,8592415263620,Femenino,2023-09-11
CL-09059,Aristides Botella Zabaleta,severino60@example.com,9499021093859,Femenino,2025-05-20
,123,,6-123-456,Femenino,2025-02-06
CL-09061,Bernardo Gelabert,carrascojuan-francisco@example.com,4308712371702,Femenino,2023-09-10
CL-09062,Óscar Fuertes Barriga,gemaamoros@example.org,5048248863019,Masculino,2024-06-25
cl_09063,Américo Cabrera Murillo,dario01@example.com,6069614667757,Femenino,2024-07-13
cl_09064,Amando Iriarte Mínguez,constanza12@example.com,7349887317452,Femenino,2024-03-20
CL-09065,José Alma Castillo Peral,jeremias85@example.net,8418060496199,Femenino,2024-02-04
CL-09066,Chus Agullo Font,avileseusebia@example.org,3113533018618,Femenino,2024-05-17
CL-09067,Bernardino de Lasa,trinidad28@example.net,7844131864931,Masculino,2025-03-06
CL-09068,Demetrio Espejo,bgoicoechea@example.org,5113240822717,Masculino,2024-12-04
cl_09069,Mercedes Pujadas Hernandez,uriartejuan-jose@example.com,2897091186842,Femenino,2025-01-13
cl_09070,Jose Ignacio Bautista Bárcena Mármol,reyesalmazan@example.org,5189823629828,Femenino,2024-02-26
CL-09071,Bruno Ferrando-Torrent,galanmarcio@example.org,9338538168771,Masculino,2025-04-01
CL-09072,Herminia Estévez-Gallart,valvaro@example.org,61234abc,Masculino,2026-01-01
CL-09073,Dominga de Tomé,vgaya@example.net,1258191351430,Masculino,2024-08-24
cl_09074,Segismundo Guardia Gascón,macario88@example.org,2401863188541,Masculino,2024-04-12
CL-09075,,jgargallo@example.net,0636265181383,Masculino,2025-07-27
CL-09076,Jeremías Morata Padilla,ifernandez@example.net,6504174602190,Masculino,2024-04-17
cl_09077,Matilde Calatayud Carrasco,aitorguardia@example.net,4729037769647,Masculino,2024-08-26
cl_09078,Jacobo Céspedes Arco,cabobrigida@example.com,3264533426814,Masculino,2024-06-07
CL-09079,Julia Sancho Escobar,diazambar@example.org,2488638496937,Femenino,2023-10-07
,Fidela Cazorla Gámez,,7884765109685,Desconocido,2025-04-24
CL-09081,Eligio Pancho Tena Valderrama,lcamara@example.net,0325811477131,Masculino,2024-05-26
CL-09082,Camilo Bonet Comas,ncanellas@example.org,3103876444483,Masculino,2025-02-23
CL-09083,Renato Isern Narváez,nelida45@example.com,7305833634383,Masculino,2025-07-02
CL-09084,Anabel Rosario Valencia Sanz,warroyo@example.com,61234abc,Femenino,2024-08-09
cl_09085,Plácido Antúnez-Quiroga,arnautomasa@example.org,7315716394997,Masculino,2025-06-30
CL-09086,Arturo Nicolau-Reyes,luchorobles@example.org,3010027485128,Femenino,2024-07-01
CL-09087,Marianela Llorens Baños,angela49@example.net,9283423133411,Masculino,2024-05-21
CL-09088,Reyna Estevez Murcia,rufinasalvador@example.net,0366570133038,Femenino,2024-03-27
CL-09089,Godofredo Villalonga Espada,layuso@example.com,9037724831668,Femenino,2024-05-22
CL-09090,@Oliver,,4789550832893,Femenino,2026-01-01
cl_09091,Rafa Garriga,perezmaximiano@example.org,5991158384676,Masculino,2024-06-02
CL-09092,Jimena del Moraleda,pedrojovita@example.org,2043419580552,Masculino,2025-01-16
CL-09093,Arsenio Ferrando Pol,constanza26@example.net,9942953257458,Femenino,2024-08-20
CL-09094,Amor de Lledó,felicidadsegovia@example.net,7631203116774,Masculino,2024-05-20
CL-09095,Clímaco Villena-Jiménez,ruy69@example.net,4441653994438,Masculino,2024-11-04
CL-09096,Heliodoro del Cerdá,leandra27@example.org,+34980394949,fem,2023-09-20
cl_09097,Rafa Mancebo Ayuso,octavio33@example.org,2654320014218,Femenino,2024-02-27
CL-09098,María Belén Vilanova,primitivoporcel@example.com,3481901312101,Femenino,2024-05-09
cl_09099,Macarena Montaña Sáenz,mateosuarez@example.com,5346815097814,Femenino,2023-09-11
cl_09100,Amílcar Arjona,,4058496877390,Femenino,2024-10-26
cl_09101,Seve Nuñez,montoyasilvestre@example.net,9016760605873,Femenino,2024-04-24
CL-09102,Chucho Peral-Antón,opou@example.com,5394772331618,Masculino,2025-01-02
cl_09103,Olimpia del Andrade,bolmo@example.net,3795090503720,Masculino,2024-12-27
CL-09104,Emilio Gallo Tomas,bborja@example.com,0238664453407,Masculino,2025-02-23
CL-09105,,qbustamante@example.com,4086711887617,Masculino,2023-10-31
CL-09106,Darío de Espinosa,aaron74@example.net,1656245918123,Masculino,2024-10-11
CL-09107,Clarisa Amador Flor,nereida08@example.com,1593201616071,Femenino,2024-03-30
cl_09108,Viviana Capdevila Puente,rodriguezjose-ignacio@example.net,61234abc,Femenino,2025-01-05
CL-09109,Gilberto Salcedo-Sans,rosalindaanguita@example.com,7793124325817,Femenino,2024-10-28
cl_09110,Celestina Alondra Vall Morera,correo@.com,4988709413891,Femenino,2025-04-07
cl_09111,Juan Francisco Cerdá Casal,cesarjara@example.net,8618157827133,Masculino,2024-03-08
CL-09112,Manuelita Oller Ferrero,wcastrillo@example.net,2256986002700,fem,2025-03-03
CL-09113,Jose Hervás Lobato,pelayopaniagua@example.net,5157454926678,Femenino,2025-05-13
cl_09114,Gloria Navarro Riba,vlozano@example.net,3008190071053,Masculino,2024-10-02
CL-09115,Ana Pou Moles,allerangelino@example.net,5016859043192,Femenino,2025-03-05
cl_09116,Ramona Luque-Gimeno,ucaceres@example.com,6370935491383,Femenino,2023-09-11
CL-09117,Darío del Ariza,teclahuerta@example.com,7216890507881,Femenino,2024-06-01
CL-09118,Estefanía Escobar-Lillo,apolinarsebastian@example.net,4244998428548,Masculino,2024-11-06
CL-09119,Emiliana Gibert Palma,buenaventuramenendez@example.com,2154424860982,Femenino,2024-10-16
CL-09120,Gonzalo Camilo Méndez Huertas,correo@.com,61234abc,Femenino,2024-09-20
CL-09121,Laura Gutiérrez Camps,hjaen@example.org,5873334465282,Femenino,2024-10-10
CL-09122,Faustino Gabino Galan Espejo,gomisbernabe@example.net,8489103813475,Femenino,2024-02-25
CL-09123,Angelina Bernat Oliva,chusporcel@example.net,5391193341817,Femenino,2024-05-28
CL-09124,Cándida Mulet Torralba,tristanpinto@example.net,8647224117783,Masculino,2024-09-08
CL-09125,Liliana Ámbar Vega Lozano,tomemariano@example.com,6671200780354,Femenino,2024-03-03
CL-09126,Eusebia Calleja,robertomelero@example.com,0166011046581,Masculino,2025-02-11
CL-09127,Rosendo Ribas,saldanajonatan@example.net,5166215372147,Masculino,2024-01-11
CL-09128,Regina Valdés Quirós,cnavarrete@example.com,9229371789962,Desconocido,2024-07-18
cl_09129,Ángel Expósito Tolosa,campscandelas@example.com,0399059573774,Femenino,2024-03-24
CL-09130,María Pilar del Carreras,correo@.com,6557736396432,Masculino,2025-01-06
CL-09131,Valeria Cardona Cornejo,cosorio@example.org,4667780888398,Femenino,2025-07-03
CL-09132,Édgar Arroyo Rosselló,zbenitez@example.org,6-123-456,Masculino,2024-11-14
cl_09133,Paulino Jaume,azaharsantamaria@example.com,6246234368237,Femenino,2025-08-20
cl_09134,Palmira del Duarte,navarrolupe@example.org,7448489252190,Masculino,2025-02-06
CL-09135,@Oliver,evitacanas@example.org,5406204510202,Femenino,2023-10-05
CL-09136,Francisco Almeida-Delgado,icuenca@example.com,1583865087395,Desconocido,2024-07-01
CL-09137,Javier Llorente Anglada,griseldacosta@example.org,1523457358895,Masculino,2023-10-15
CL-09138,Marianela Cuadrado Oliveras,gemaconde@example.com,0574937552699,Femenino,2024-05-29
CL-09139,Bernardo Canet Pomares,maldonadoagueda@example.com,1990254504047,Masculino,2024-12-08
,Mariano Calderón Blanca,,3951143924099,Masculino,2024-04-09
cl_09141,Nydia Hernandez Ferrándiz,chus65@example.org,8277572531366,Femenino,2025-04-02
cl_09142,Adán Frías-Carreño,morenocristian@example.net,6972181229601,Masculino,2025-02-05
CL-09143,Manu Tenorio-Barberá,reinaldo63@example.com,1256882318505,Masculino,2025-07-30
CL-09144,Benigna Bayo Cózar,escobaremperatriz@example.net,123456,Desconocido,2024-06-20
cl_09145,Joaquín Neira Almeida,miguelaginer@example.org,3316702021804,Masculino,2025-05-08
CL-09146,Marcio Benjamín Rosselló Aranda,karaujo@example.org,6380914783317,Masculino,2024-05-05
CL-09147,Zaida Padilla Azorin,carroedgardo@example.org,7505959808675,Femenino,2024-07-11
CL-09148,Andrea Vallejo Ángel,xpla@example.net,1459933774330,Femenino,2024-11-29
CL-09149,Reyes Paz Palacio,ivazquez@example.org,3708476365420,Femenino,2023-11-07
cl_09150,,,5822074251385,Masculino,2024-04-19
cl_09151,Silvio del Carbonell,pacollano@example.net,3406217387104,Masculino,2025-03-08
CL-09152,Tristán Paredes-Barros,damigo@example.org,2364461572836,Masculino,2024-04-24
CL-09153,Laura Urrutia Buendía,aguedazabala@example.org,2463468235777,Femenino,2024-07-09
CL-09154,Amada Fuertes Cuervo,aliciacalderon@example.net,8170997956506,Masculino,2025-08-07
cl_09155,Lalo Leon Márquez,eva-mariasuarez@example.com,5668405969025,Masculino,2024-07-21
CL-09156,Benita Miguel Doménech,palomogabino@example.net,+34942 97 04 31,Femenino,2024-09-28
cl_09157,José Benito Rojas,xfiguerola@example.org,6382548084499,Masculino,2025-08-26
CL-09158,Cosme José Luis Ariño Oller,aznarlilia@example.com,8982866069060,Femenino,2025-03-27
CL-09159,Anna Baquero Mur,jose-antoniocardenas@example.net,1906625499130,Femenino,2025-02-17
CL-09160,Américo Molins-Herranz,@gmail.com,1518285196728,Femenino,2025-07-08
CL-09161,Nuria Alegria Sanmartín,ignaciacabello@example.com,5603605448050,Femenino,2024-06-27
CL-09162,María Alcaraz Solsona,florentino13@example.org,0028685083107,Femenino,2026-01-01
CL-09163,Dominga Buendía,itziar56@example.org,1772781791181,Masculino,2025-03-01
CL-09164,Noelia Villar Caro,veraxiomara@example.org,2063136177373,Masculino,2025-07-11
CL-09165,@Oliver,cabanillassigfrido@example.com,4197139945013,Masculino,2025-05-03
CL-09166,Borja Solano Fajardo,jamor@example.com,3050868019856,Femenino,2024-08-12
cl_09167,Aitana Paniagua,beltranpastora@example.com,2530563185860,Femenino,2024-10-23
CL-09168,María Amador Asensio Carrasco,gonzalo89@example.net,6-123-456,Desconocido,2024-12-30
cl_09169,Dionisia Bernat,cprieto@example.com,0620568028164,Masculino,2024-09-29
CL-09170,Glauco Camino Posada,,6295235128723,Masculino,2024-11-23
cl_09171,Marta Graciela Amo Manrique,fsosa@example.net,0916662411591,Femenino,2025-05-31
cl_09172,Benjamín Correa-Olivé,barraljuan-francisco@example.org,2095476603246,Masculino,2025-06-18
CL-09173,Desiderio Saldaña Palau,badialuisina@example.net,3628176195814,Femenino,2023-10-11
cl_09174,Venceslás Cobo Lamas,rodolfo23@example.org,3220997024475,Masculino,2025-07-28
CL-09175,Herberto Amor Sotelo,felicidadsureda@example.org,8575780050675,Femenino,2023-10-05
cl_09176,Feliciano Jerez,jacinta76@example.net,4909246416610,fem,2025-05-31
CL-09177,Arcelia Espada Lloret,feliciano41@example.net,0363034289607,Femenino,2024-05-26
cl_09178,Kike Marco Expósito Bárcena,pmoreno@example.com,6928982207970,Femenino,2025-02-23
cl_09179,Diego Puga-Menendez,agustina02@example.org,3572193584620,Masculino,2025-01-13
cl_09180,,correo@.com,123456,Femenino,2026-01-01
CL-09181,Nacho Caparrós Pastor,manuelita89@example.net,7261371406570,Femenino,2025-08-16
cl_09182,Leopoldo Plaza Nuñez,alberolaeduardo@example.org,1681688412365,Femenino,2023-11-27
cl_09183,Rodolfo Gálvez Nogueira,linaresroberto@example.net,5679112659496,Masculino,2024-09-17
cl_09184,Anselmo Ángel Quintero,gdomenech@example.net,1362624077716,Masculino,2024-01-10
CL-09185,Eric Martín Bauzà,amadasaez@example.com,0157679056767,Femenino,2025-07-01
CL-09186,Mamen Robles,delfinapacheco@example.com,3914213495674,Femenino,2023-09-15
cl_09187,Leonor Busquets Mendez,carmen65@example.com,1444264256976,Masculino,2024-07-09
cl_09188,Ana Belén del Almazán,baromerche@example.com,7487273791618,Masculino,2024-02-20
CL-09189,Hilario Antón Cuéllar,gibertmarisol@example.org,0968036131064,Masculino,2024-10-02
cl_09190,Felipa Calvo Sebastián,carnerovicente@example.com,5766103892183,Femenino,2025-06-24
CL-09191,Jose Angel Acero Flor,pradapancho@example.org,7491157500465,Masculino,2023-09-12
CL-09192,Delia Márquez Espada,lazaroheredia@example.com,+34901 789 740,Desconocido,2024-03-07
CL-09193,Faustino de Tudela,florentinobastida@example.org,2165625480238,Femenino,2024-02-15
CL-09194,Juan Carlos Bárcena Urrutia,melendezelvira@example.com,1907678502234,Masculino,2024-01-25
cl_09195,Aitor Hervia,bnaranjo@example.com,2614725485118,Femenino,2024-11-30
CL-09196,Rosalina Gordillo Tejedor,bmuro@example.net,8282454251921,Masculino,2025-04-18
CL-09197,Jose Luis Berenguer Sanmartín,montalbanzaira@example.org,6511977044275,Femenino,2024-09-14
CL-09198,Emma Sabater Almagro,romulopina@example.org,3816666576027,Masculino,2026-01-01
CL-09199,Eric Mata,nsales@example.org,9499160368524,Femenino,2025-07-30
,Nazario Roselló Huguet,epelaez@example.com,9943002037172,Femenino,2024-05-22
CL-09201,Geraldo Llabrés Porta,araceli67@example.com,9930798190488,Femenino,2025-07-21
CL-09202,Lorenzo Cerdá Seguí,llorenteencarnita@example.net,5616212802642,Masculino,2025-08-24
cl_09203,Heliodoro de Almansa,luisrosalia@example.net,4139255236796,Femenino,2024-05-28
CL-09204,Gloria Farré,marita81@example.org,+34 901204656,Masculino,2024-08-09
CL-09205,Magdalena Bonet Bautista,edgarsaez@example.com,8031554940727,Masculino,2024-06-06
CL-09206,Loida Toro Santana,maricela24@example.com,2330189485449,Femenino,2024-11-05
CL-09207,Lina Natividad Romeu Blanch,reyeseligia@example.com,7224036324054,Masculino,2025-02-13
CL-09208,Reyes Ayllón Alvarado,vbenito@example.org,1229457591707,M,2024-05-26
CL-09209,Juan Carlos Peinado Bejarano,raimundo61@example.org,7332448440680,Femenino,2024-05-06
CL-09210,@Oliver,@gmail.com,0526383621268,Femenino,2025-04-06
CL-09211,Nydia Andres-Torrecilla,aalbero@example.com,0583805906100,Femenino,2023-10-08
cl_09212,José Antonio Reina Giralt,cortesvicenta@example.net,3804340792448,Masculino,2024-08-29
CL-09213,Lorenzo de Ortega,loboamilcar@example.net,8524435758643,Masculino,2023-11-03
CL-09214,Baltasar Mancebo Plana,esmeralda38@example.org,3331063871854,Masculino,2024-04-11
CL-09215,Timoteo Soler Millán,eligio27@example.com,8956245767906,Masculino,2024-01-23
CL-09216,Florencio Pol Heras,kcastejon@example.net,61234abc,Masculino,2024-11-03
CL-09217,Yésica Solsona,lbayona@example.com,4111165680822,Femenino,2024-01-09
CL-09218,Maite de Lluch,lucilarobles@example.com,1355440607578,Femenino,2025-05-08
CL-09219,Felicidad Alcaraz Crespo,rocio88@example.net,5279433719706,Femenino,2025-01-01
CL-09220,María Tena Pedraza,reyesulises@example.net,9663071144317,Femenino,2024-09-25
cl_09221,Graciela Leal-Palmer,fermin24@example.org,1469905920825,Femenino,2025-06-09
CL-09222,Maura Nadal Garzón,peralesiris@example.com,8328245419315,Masculino,2024-07-12
cl_09223,Fabiola del Mármol,trinidad00@example.org,4572757801075,Femenino,2024-01-19
cl_09224,Camilo Duarte Olivé,clotildesimo@example.org,5564431000805,M,2024-09-11
cl_09225,123,lucho85@example.org,9207151455257,Masculino,2024-12-29
CL-09226,Noemí Bermejo Rosell,amarilismenendez@example.net,4755852260798,Masculino,2023-10-28
CL-09227,Cayetano Rocha Gonzalo,jfernandez@example.com,1360432311927,Masculino,2025-07-06
cl_09228,Isaías Pardo-Sanz,anita34@example.net,61234abc,Masculino,2024-04-05
cl_09229,Sabas Carrión,ocanapaloma@example.com,9138170923493,Femenino,2023-10-19
CL-09230,Gloria Rios-Roselló,,7778851057537,Femenino,2025-02-03
CL-09231,Abraham Santana Benito,sotomontserrat@example.net,3434535744459,Masculino,2024-04-24
CL-09232,Albert Portillo Santamaría,teruelteodora@example.net,2214894164745,Femenino,2025-05-01
CL-09233,Aroa del Nicolau,wcarvajal@example.com,8567983601517,Femenino,2024-11-06
CL-09234,Federico del Sierra,sllamas@example.net,2153912510270,Masculino,
CL-09235,Óscar Prado Gallart,isaura19@example.com,1690752030244,Femenino,2023-09-15
cl_09236,Bárbara Enríquez Canals,vascobosch@example.net,2347358472190,Masculino,2024-10-06
CL-09237,Fidel Doménech,estefaniatorres@example.com,9221199929401,Femenino,2023-11-13
CL-09238,Wálter Ríos Azorin,daniel43@example.com,1423690378319,Femenino,2025-02-22
CL-09239,Lalo de Vilaplana,merche69@example.com,5645975800404,Femenino,2024-02-24
CL-09240,Manu Ruano Barroso,dario04@example.org,+34827987051,Femenino,2024-04-28
CL-09241,Godofredo Martínez Arcos,francisco42@example.net,7027694419634,Femenino,2025-02-12
cl_09242,Dolores Aranda Tejada,cruzwalter@example.com,1674758163757,Masculino,2025-06-11
CL-09243,Cayetana Bonet Caparrós,luquejose@example.com,4775201828499,Masculino,2024-07-18
cl_09244,Judith Sureda,casalsantonio@example.net,6303138254248,Femenino,2025-06-08
CL-09245,Lucas Mir Llorente,llorenteeric@example.com,5961960960330,Masculino,2025-05-01
CL-09246,Adelardo Rojas Dominguez,valderramasoledad@example.com,4520657620342,Masculino,2023-12-22
CL-09247,Marisa Menéndez Juan,dalegre@example.com,6171093193360,Femenino,2023-08-30
CL-09248,Leocadia Laguna,severinomunoz@example.org,7711505893954,Masculino,2023-11-12
CL-09249,Reinaldo Marco Ripoll,quintanillaeloy@example.com,3206562381326,Masculino,2024-02-05
CL-09250,Begoña Ferrera,@gmail.com,1742027404596,Femenino,2024-09-03
CL-09251,Chema Piña Santos,emilianotrujillo@example.com,3705785628640,Femenino,2023-08-30
cl_09252,María Teresa Román Arranz,barrioalexandra@example.org,61234abc,Masculino,
CL-09253,Ale Florinda Salgado Acuña,andreubaldomero@example.org,4370771963781,Masculino,2025-02-23
cl_09254,Felicia Jordá Toledo,mmiro@example.com,5474523216122,Femenino,2024-02-26
CL-09255,Elodia Roda Cabezas,manjonyesica@example.net,5341546785122,Femenino,2025-07-13
cl_09256,Mirta Estrada,rolando35@example.org,2937822984428,fem,2024-02-05
CL-09257,Verónica Camps Aller,lluchabigail@example.org,0178413064745,Femenino,2025-04-17
CL-09258,Jenaro Salas Otero,rgallardo@example.com,9321281396378,Masculino,2024-10-05
cl_09259,Leopoldo Buendía,iarribas@example.com,3382517498987,Masculino,2025-01-21
cl_09260,Filomena Acuña-Castilla,,8720567065094,Femenino,2025-03-21
cl_09261,Ramón Gomez Beltrán,zapatadionisia@example.net,5182961619996,Femenino,2025-07-26
CL-09262,Gabriela Esparza Valderrama,ngual@example.com,7693872278022,Masculino,2025-08-17
CL-09263,Camila Naranjo Saavedra,rgamez@example.org,6519074513613,Masculino,2023-12-21
CL-09264,Adelia Sanchez-Posada,quirino94@example.org,61234abc,M,2024-01-17
cl_09265,María Isidro Sureda Barranco,ursulaalvaro@example.net,7075960593660,Masculino,2025-03-03
CL-09266,Nazaret Hervás,durancarmelita@example.net,0873684967455,Femenino,2025-01-13
CL-09267,Rosalía Rodrigo,fcabo@example.org,2321543283094,Femenino,2023-09-27
CL-09268,Hugo Mora-Segovia,gertrudis36@example.com,4608712559201,Femenino,2024-05-15
cl_09269,Vera Gimenez Crespo,cloe20@example.com,8975136570593,Masculino,2024-11-26
CL-09270,123,jacobo19@example.com,0770950619916,Masculino,2023-10-10
CL-09271,Amor Anguita Polo,zmachado@example.net,6660375713479,Masculino,2025-02-09
cl_09272,Rufina Villalonga Cerdán,lalcantara@example.com,9945317784008,M,2025-01-26
CL-09273,Teófila Peralta-Carbó,gvargas@example.net,3700357940496,Masculino,2024-06-19
CL-09274,Azeneth Conesa,sgarces@example.net,0463527633737,Femenino,2023-09-09
cl_09275,Obdulia Blanes Osuna,aurelianosabater@example.org,8435310104074,Femenino,2025-06-01
cl_09276,Adelardo Viana Morata,juan-pablo43@example.net,61234abc,Femenino,2024-12-11
CL-09277,Victor Planas-Barón,fortunato86@example.net,0594885546323,Femenino,2025-05-08
cl_09278,Jennifer Español Sabater,tcasals@example.org,2716049617608,Masculino,2024-11-16
CL-09279,Carla Paniagua Carreras,ester65@example.net,3595808631333,Masculino,2024-02-25
,Antonio Tamarit Villanueva,,7717198674479,Masculino,2024-01-25
CL-09281,Juan Pablo Talavera-Leon,fernandamontero@example.com,5616265900690,Masculino,2024-11-19
CL-09282,Fidela Alba Murillo,florentino22@example.net,9530170982660,Femenino,2024-05-05
cl_09283,María Fernanda Castillo Iglesia,xbas@example.org,7657673895547,Masculino,2025-02-23
cl_09284,Pablo Ribes Coronado,ariel12@example.org,6361406830012,Femenino,2024-04-01
CL-09285,@Oliver,isabel36@example.com,7693182950829,Masculino,2024-12-14
CL-09286,Samu Teófilo Duarte Martinez,sabina82@example.com,7503856851532,Masculino,2024-12-03
cl_09287,Reinaldo Egea Quesada,cayetanamorcillo@example.com,1528888646125,Femenino,2023-10-12
CL-09288,Martirio de Llanos,dora08@example.com,61234abc,Femenino,2025-01-26
cl_09289,Sara Coronado Pablo,hernandezmarcos@example.net,2417103938414,Masculino,2024-11-19
CL-09290,Jose Antonio Esteban Gomila,@gmail.com,2990183383204,Masculino,2025-06-13
cl_09291,Maristela Abascal,gasconadelina@example.net,9329825275324,Femenino,2024-09-29
CL-09292,José Piña-Murillo,plinioheredia@example.com,3660607110228,Femenino,2024-08-31
cl_09293,Francisco Jose Mendoza,triniojeda@example.net,0362631558427,Femenino,2023-09-16
CL-09294,Néstor Peiró Esteve,ybermejo@example.org,5331229487352,Masculino,2024-08-05
CL-09295,Tania Lucila Cortés Montesinos,wsobrino@example.net,6062628738312,Femenino,2023-09-09
CL-09296,América Llorente Miranda,eliseobeltran@example.org,2530418709742,fem,2024-04-24
CL-09297,Morena Valle Oliva,sribas@example.org,7991369019986,Femenino,2024-07-03
CL-09298,Francisco Jose Espada Tejedor,jessica55@example.com,8286237889625,Masculino,2024-08-15
CL-09299,Ileana Portero Echevarría,sosimo47@example.org,1361863433111,Masculino,2024-06-06
,@Oliver,@gmail.com,6-123-456,Masculino,2023-10-11
cl_09301,Itziar Tomasa Baena Barrera,dafneperera@example.com,6242204643931,Femenino,2024-02-14
cl_09302,Felicia Buendía Dalmau,alfonso52@example.com,4827427569722,Femenino,2025-04-26
CL-09303,Eulalia de Solano,llorenteluna@example.net,3898500078811,Femenino,2025-04-25
cl_09304,Evita Anguita Torre,earoca@example.org,1616058001928,Masculino,2025-05-14
CL-09305,Adán Bou Lerma,xvazquez@example.net,2918945907231,Masculino,2025-06-03
CL-09306,Victoriano de Romero,asdrubalplana@example.net,0160624202507,Masculino,2023-11-18
CL-09307,Bibiana Garcés-Carlos,conradoquevedo@example.net,8910930348005,Femenino,2025-03-23
CL-09308,Natalio Eusebio Montalbán Sales,arcejulieta@example.net,8942805222694,Masculino,2025-07-20
CL-09309,Olimpia Alma Agustí Ballester,pavonalex@example.net,7097521441181,Masculino,2024-12-20
CL-09310,Faustino Gomis-Armengol,,7253434876661,Masculino,2025-07-03
CL-09311,Alcides Martorell Valle,eulaliagarate@example.org,6891859354004,Femenino,2024-10-18
cl_09312,Adán Ferrando Noriega,mancebocrescencia@example.org,61234abc,fem,2024-11-21
cl_09313,Rosalva Almagro Castro,gabriela30@example.com,7335272181080,Femenino,2024-01-28
cl_09314,Tomasa Donoso Corbacho,dieguezleonardo@example.net,4842552754981,Masculino,2025-05-23
CL-09315,@Oliver,zvalverde@example.net,3524378834193,Masculino,2025-06-01
cl_09316,Amarilis Corominas Boix,bernardino63@example.com,9831008791361,Masculino,2024-06-11
cl_09317,Regina Mayoral Abella,zuritaamanda@example.org,0796504022531,Femenino,2025-04-07
CL-09318,Selena Cabañas,xramos@example.com,2452788779554,Femenino,2025-02-24
CL-09319,Manu Cobos Ródenas,guillentere@example.com,6521654900825,Masculino,2024-11-06
cl_09320,Ana Belén Cuenca,zbayon@example.org,9691948976590,Femenino,2024-10-18
cl_09321,Zaida Cobos Bayón,gibertcorona@example.net,7645323794073,Masculino,2024-01-10
CL-09322,Anacleto Moraleda-Larrea,calixtarozas@example.org,1409976264476,Femenino,2025-07-24
CL-09323,Cándido Téllez,bayala@example.net,6392025530391,Masculino,2025-07-31
cl_09324,Berta Álvarez Villalba,odalis78@example.com,+34 885 30 39 80,Masculino,2026-01-01
CL-09325,Octavia Pardo Álvarez,villaverdefelipa@example.com,2135391952407,Masculino,2025-06-15
CL-09326,Bárbara Pinilla,nazaret99@example.com,3501912486930,Masculino,2023-12-03
CL-09327,Amor Reguera Zabala,dalilaribes@example.net,0513651248847,Masculino,2024-07-22
cl_09328,José Mari Catalán Nicolás,jessica64@example.net,4090550799998,Femenino,2023-10-21
CL-09329,Valerio Gonzalez Alarcón,montoyasantos@example.net,4399978710581,Femenino,2023-10-20
CL-09330,@Oliver,,7855966224640,Masculino,2024-02-06
CL-09331,Godofredo Mariscal Cerdá,encarnayuste@example.net,1882625492406,Femenino,2025-03-17
CL-09332,Saturnino Sola,nadiabaro@example.net,5285766526250,Masculino,2024-07-18
CL-09333,Valerio Cabo Aguado,chus12@example.net,4302160392791,Femenino,2024-08-10
CL-09334,Narcisa Calzada-Cabrero,mar72@example.net,6876232972891,Masculino,2024-10-01
CL-09335,Santos Parra Fonseca,miguel89@example.org,1148538236603,Masculino,2024-12-17
CL-09336,Graciana Cazorla Oller,espanolanselmo@example.net,+34 942 969 568,M,2025-05-16
cl_09337,Edelmiro Fernández Cisneros,panfilo78@example.com,9605363850074,Femenino,2024-09-01
cl_09338,Francisco Javier Cervantes Juárez,juan-luis99@example.net,8449062983401,Masculino,2025-08-10
cl_09339,Berto Bonilla,itziar45@example.org,8015276030489,Masculino,2025-02-13
CL-09340,Ana Sofía del Sastre,,6943016267334,Femenino,2023-11-17
cl_09341,Cándida Recio Villanueva,castellocandela@example.com,3554564323506,Masculino,2024-03-23
CL-09342,Amaya Ferrero Abad,nelidacoronado@example.net,9145073144665,Femenino,
CL-09343,Pastor Geraldo Pavón Coello,mirdelfina@example.org,9176052210639,Femenino,2024-09-29
CL-09344,Leire Marquez-Amores,serafina67@example.net,0332710587612,Masculino,2024-03-27
CL-09345,123,gimenezale@example.net,0702186980836,Femenino,2025-03-18
cl_09346,Samu Bosch,valerio13@example.com,3639538433225,Masculino,2025-04-01
cl_09347,Dimas del Lastra,mercaderisaura@example.com,8204861342907,Femenino,2024-01-05
CL-09348,Edelmira Pagès Alcalá,nurrutia@example.org,123456,Masculino,2023-11-21
CL-09349,Renata Vendrell,gerardofolch@example.com,3034814747099,Femenino,2025-03-09
cl_09350,Ignacia Palomar Carvajal,jacinta51@example.org,4680640042412,Masculino,2023-10-16
CL-09351,Alcides Barco Tejera,celso29@example.com,3926302734227,Masculino,2025-02-09
cl_09352,María Carmen Tejedor Bosch,estherblanca@example.net,8335368046863,Masculino,2023-09-11
CL-09353,Olimpia del Pazos,uriartebenigno@example.org,6191765923519,Masculino,2025-08-28
CL-09354,Cipriano Ramírez Barberá,domitila29@example.com,6177724433730,Masculino,2025-04-03
CL-09355,Martirio Mariño Castelló,yrivera@example.org,9161303744081,Masculino,2024-05-20
cl_09356,Daniela Tovar Marco,lagoofelia@example.com,8154634396753,Masculino,2024-02-24
CL-09357,Pastora Jimena Larrañaga Pinilla,salomonpolo@example.com,5057082715207,Masculino,2024-12-16
CL-09358,Luis Ángel Arana Arias,davilaoctavio@example.org,3075462050122,Masculino,2024-10-07
cl_09359,Yolanda Zurita Bueno,ignacia97@example.com,1615203346027,Femenino,2025-07-03
cl_09360,123,,+34947 727 121,Femenino,
CL-09361,Fulgencio Campos-Morante,foller@example.com,7173680324607,Masculino,2024-02-13
cl_09362,Susana Castilla Catalán,clara55@example.org,2070383242887,Masculino,2024-11-05
CL-09363,Angelina Barrios Montserrat,ggascon@example.org,2329997837513,Femenino,2023-08-30
CL-09364,Olegario Campillo Falcón,marianopiquer@example.org,5637051690427,Masculino,2024-08-04
CL-09365,Celia Cintia Vidal Esparza,eladiofalcon@example.com,1374366673153,Masculino,2024-01-11
CL-09366,Marino Macías Garrido,esperanza12@example.net,7385275488640,Masculino,2024-09-16
cl_09367,Cruz del Domingo,salgadobaltasar@example.org,3794259994898,Femenino,2025-02-13
CL-09368,Jose Carlos Carranza Garmendia,saldanacandida@example.org,0692930444309,fem,2025-01-19
cl_09369,Miguel Ángel Paz-Álvaro,josefina48@example.net,3498537093438,Masculino,2023-10-13
CL-09370,Guillermo Bauzà Valdés,correo@.com,3193697611113,Masculino,2024-02-27
CL-09371,Toño Medina Espinosa,botellacirino@example.net,8991516026152,Femenino,2024-06-29
CL-09372,Maxi Chacón Chaparro,wpinedo@example.net,6-123-456,Femenino,2024-01-14
CL-09373,Nicolás Gerónimo Alonso Lumbreras,salomon62@example.com,7706451950495,Masculino,2024-09-01
cl_09374,Tecla Puga,benigno66@example.org,9409499603584,Femenino,2025-05-28
CL-09375,Amado Miralles Piquer,castellsmanolo@example.org,7457127974790,Femenino,2024-10-15
CL-09376,Pelayo Carreras Sanabria,candelariopellicer@example.com,3474528252392,M,2024-08-08
cl_09377,Leonor Mas,maxi76@example.com,9943602426581,Femenino,2024-11-14
CL-09378,Natividad de Fábregas,alucena@example.com,7676867598317,Masculino,2025-03-31
CL-09379,Marina Ainoa Carballo Santos,alcidesvidal@example.net,1248343932585,Femenino,2025-08-21
CL-09380,Federico Alsina Gomis,cristobalbautista@example.org,9078092316335,Masculino,2024-10-18
CL-09381,Eugenia Gimenez Sabater,concha38@example.net,0497318842301,Masculino,2024-12-09
CL-09382,Jaime Sáez,buenaventura51@example.com,0509482125296,Masculino,2023-10-08
cl_09383,Paca Ayllón Benítez,jcabanillas@example.net,1051248238350,Masculino,2025-08-24
CL-09384,Ciriaco de Escalona,cornejofrancisco-jose@example.org,6-123-456,Femenino,2024-08-03
CL-09385,Ramón Arco Ros,echevarriaarmida@example.net,0594647959498,Masculino,2025-06-23
cl_09386,Olivia Serna Arias,amarti@example.com,5051014463200,Femenino,2024-12-27
CL-09387,Damián Heriberto Perea Porta,fulgencio47@example.org,1005597593260,Femenino,2024-10-18
CL-09388,Bruno Botella Galvez,elpidiovillaverde@example.com,3936996161975,Masculino,2025-02-02
CL-09389,Amarilis Mata,dafne73@example.net,8118689882715,Masculino,2024-08-02
CL-09390,123,,6386127070699,Femenino,2025-07-07
CL-09391,Leyre Domingo-Peral,fonsecafabiana@example.org,2117727700274,Femenino,2025-08-28
cl_09392,Mercedes Barrena-Pons,loida57@example.com,9369380935341,fem,2025-07-12
cl_09393,Visitación Miguela Jordán Marquez,villaralbino@example.org,4838046018110,Masculino,2024-07-25
cl_09394,Graciano de Alvarez,djauregui@example.com,9545857053427,Femenino,2025-02-06
CL-09395,Itziar Rosario Checa Mur,pagesfrancisco-javier@example.org,9151449901882,Femenino,2023-09-25
CL-09396,Jose Angel Cano Cervantes,teofilaalvarado@example.com,61234abc,Femenino,
CL-09397,Juanito de Villegas,reyes51@example.org,9017065620864,Femenino,2024-08-12
cl_09398,Oriana Moya Camacho,ysanabria@example.com,1438858666727,Masculino,2024-11-28
CL-09399,Adriana Nebot-Moreno,silvia75@example.net,8144291946538,Femenino,2024-07-11
CL-09400,Cándido Fernández-Alegre,,4695753179289,M,2024-05-01
CL-09401,Dominga Porcel Manuel,balduinotome@example.net,8792359443784,Masculino,2024-07-02
CL-09402,Flavio Tejedor Martín,pjuarez@example.org,6669808880557,Femenino,2023-12-25
CL-09403,Tere Villalobos Vélez,dalilaballester@example.org,9527051595887,Masculino,2025-06-13
CL-09404,Haydée Camino-Valverde,lheras@example.org,2347450383458,Masculino,2025-03-20
CL-09405,@Oliver,terronadelia@example.org,0485215489238,Femenino,2024-10-18
CL-09406,Amada Uriarte Frutos,wpallares@example.net,6203771309438,Femenino,2025-05-28
cl_09407,María Luisa Solano Pinto,ambartorrent@example.org,7855448442505,Masculino,2025-02-11
CL-09408,Toni Ros Báez,pratsemma@example.com,+34 847 353 274,Desconocido,2023-09-29
CL-09409,Coral Ribes,olivegeorgina@example.com,8002396731839,Masculino,2025-02-12
CL-09410,Martín Moreno,,6563660970780,Femenino,2024-06-16
CL-09411,Cristian Juárez Morán,ngaya@example.org,5220767035817,Masculino,2025-06-15
cl_09412,Mamen Fajardo Aller,ogiralt@example.org,2747782661234,Femenino,2025-05-20
CL-09413,Eduardo Pánfilo Castillo Río,batlletadeo@example.com,6096151128077,Masculino,2024-10-13
cl_09414,Ruth Palma,josefablanch@example.com,6123107822762,Femenino,2026-01-01
CL-09415,Claudio Cabrera Montero,tiburcio39@example.org,1770158807214,Femenino,2023-09-07
CL-09416,Amador Andrade Piñeiro,hsalmeron@example.net,5713076264555,Masculino,2024-08-24
cl_09417,Zaira Jaume Baños,evina@example.org,9589410743330,Femenino,2024-11-26
cl_09418,Araceli Cárdenas Prada,maria-teresamoll@example.net,1282010859887,Femenino,2023-09-19
CL-09419,Bartolomé Leocadio Bueno Madrigal,olmoandres@example.net,1473076589310,Masculino,2023-11-30
CL-09420,@Oliver,clementinabeltran@example.org,+34 901 003 894,Femenino,2023-10-13
cl_09421,Sofía Ibáñez Vilalta,posadajovita@example.net,8896702333980,Masculino,2024-12-30
CL-09422,Saturnina Olmedo Aguilar,mcarreras@example.net,6284335589285,Femenino,2024-08-16
cl_09423,Teresa Inés Grande Buendía,belloarcelia@example.com,0585989432521,Femenino,2025-04-03
CL-09424,Salomé Pujadas Ibáñez,zvalles@example.org,6122039689201,Masculino,2024-05-09
CL-09425,Débora Vallejo Rodríguez,brioneswalter@example.com,1753610352064,Femenino,2025-05-12
cl_09426,Eutimio Cañellas Zaragoza,colomersergio@example.org,7523173963268,Femenino,2024-01-17
CL-09427,Custodia Bayón Morales,mbarco@example.com,6746066140683,Femenino,2024-01-23
cl_09428,Javier Tomé Solé,cmontero@example.net,9495857725755,Femenino,2024-12-14
cl_09429,Plinio Teodosio Merino Echeverría,alcides99@example.org,9778704360791,Femenino,2024-09-13
CL-09430,Eutropio Barriga Esparza,,5838790341759,Femenino,2023-10-01
CL-09431,Ágata Andreu Amores,ines28@example.com,2132306331077,Masculino,2024-02-07
CL-09432,Gervasio Múgica Duque,uantunez@example.net,+34823034797,Desconocido,2026-01-01
CL-09433,Saturnina de Ferrández,agaya@example.com,6802654091629,Masculino,2024-09-07
cl_09434,Emiliano Cózar Zorrilla,teodoro88@example.org,3266697896752,Femenino,2025-08-01
CL-09435,,mercedescastilla@example.com,8580958739492,Masculino,2025-03-31
CL-09436,Eleuterio Godoy Espada,herediamicaela@example.org,7182356344340,Masculino,2024-12-09
cl_09437,Salomé Manzano Reig,alondraroyo@example.net,6380096213252,Femenino,2024-01-20
CL-09438,Anastasio Castell Ortiz,carrerasvalentina@example.com,0100348158878,Masculino,2025-06-05
CL-09439,Pepita Nieto-Arroyo,morenomariscal@example.net,8623702437747,Masculino,2023-09-17
CL-09440,Luis del Benavides,benetabraham@example.org,9710229476083,Femenino,2025-04-11
CL-09441,Carolina Trujillo Cantero,concha07@example.com,1967077673707,Masculino,2024-12-03
CL-09442,Ciríaco Guijarro Pont,norberto88@example.com,0601481549371,Masculino,2024-03-25
CL-09443,Valero Prieto-Pozuelo,gerardoreal@example.com,3164910737101,Masculino,2024-09-07
CL-09444,Pánfilo Castellanos-Egea,roldansalas@example.net,+34 841 903 739,Masculino,2024-09-24
CL-09445,Águeda de Cid,dario12@example.org,9398928396574,Femenino,2024-06-30
CL-09446,Hipólito Pellicer Machado,salcolea@example.org,1109083513823,Masculino,2024-06-06
CL-09447,Azahar Gálvez,victoria16@example.net,1012519681108,Masculino,2023-10-25
CL-09448,Aroa Roig Blanes,danilopalomino@example.org,0315600101018,Femenino,2024-08-21
CL-09449,Lupe Campoy Diego,zledesma@example.org,9366432855598,Femenino,2025-01-18
CL-09450,123,@gmail.com,6191529204607,Masculino,
cl_09451,Bernarda Arellano Ripoll,miguel-angel84@example.com,4316721857068,Masculino,2023-12-26
cl_09452,Jessica Vaquero-Segovia,claratolosa@example.org,1543136725827,Femenino,2025-03-22
CL-09453,Amaro Jose Francisco Amo Marí,wacuna@example.net,8296477600101,Femenino,2025-07-08
CL-09454,Hernando Arellano López,domitilacerdan@example.org,2348469393515,Masculino,2024-01-15
CL-09455,Gracia Carbó Morera,evelia69@example.net,4167514160690,Femenino,2023-09-17
cl_09456,Esperanza Jiménez Roca,noliva@example.net,61234abc,Masculino,2025-02-09
CL-09457,Clementina Beatriz Mayoral Pol,calvomodesto@example.com,3561415982607,Femenino,2024-11-25
CL-09458,Martin Joel Escolano Juliá,manolobertran@example.org,7319372168911,Femenino,2023-12-12
cl_09459,Natividad Montaña Pujol,sarabiamarcelino@example.org,1303421488374,Femenino,2023-11-13
CL-09460,Arturo Julio César Perelló Bilbao,,6634352978009,Masculino,2024-08-25
CL-09461,Gerónimo Salinas,marcelino88@example.com,2495176273659,Femenino,2024-05-29
CL-09462,Raimundo Recio Conesa,mateurene@example.com,7907045785641,Masculino,2024-06-19
cl_09463,Marisol Borrego Monreal,claverogilberto@example.org,6770448916355,Femenino,2024-01-27
CL-09464,Leopoldo del Ángel,aitana89@example.org,2811991382498,Femenino,2024-02-02
cl_09465,,lasaalbano@example.net,4263665683243,Masculino,2024-12-03
cl_09466,Pepito Tudela-Solano,mduenas@example.net,1166626279966,Masculino,2025-04-09
CL-09467,Eloísa Arribas Fuente,dlillo@example.net,6967033178525,Femenino,2025-03-05
CL-09468,Felix Primitivo Rosado Leon,paulina90@example.net,+34 827978618,Masculino,2025-05-19
CL-09469,Herberto Bonet-Barbero,emma16@example.net,3869537567157,Femenino,2024-07-23
CL-09470,Calixto Bayo-Morata,,4670802211360,Masculino,2023-10-30
CL-09471,Lucas Bayo Cano,segismundo05@example.org,2631060497670,Femenino,2024-12-14
CL-09472,Américo Marquez Lago,sberrocal@example.com,5369022816471,fem,2025-07-16
CL-09473,Quique del Santamaria,ipuga@example.com,6676408960775,Masculino,2023-11-12
CL-09474,Fabiola Rosalinda López Blasco,victoriano84@example.org,4159192816609,Femenino,2025-06-04
CL-09475,Isabela Herrera Marqués,isaias65@example.com,2948162455360,Masculino,2023-12-16
CL-09476,Leyre Clara Vázquez Chacón,qaleman@example.com,4695132245214,Femenino,2024-08-28
CL-09477,Federico Roldán Nogués,benitaoliveras@example.net,2577836355618,Masculino,2023-10-19
CL-09478,Moisés Adolfo Serrano Madrigal,olmedomaribel@example.net,4507599742073,Femenino,2024-08-17
cl_09479,María Cruz Torres,itamayo@example.com,9999908107695,Masculino,2023-10-27
,123,peraeduardo@example.com,+34901640053,fem,2024-07-18
cl_09481,Raimundo Viña Peinado,octavio62@example.net,4397050582381,Femenino,2024-05-06
CL-09482,Paca de Carreño,acunajuanito@example.net,1014432605155,Femenino,2024-09-26
cl_09483,Humberto Gelabert Francisco,anitaiglesia@example.org,4764133928455,Masculino,2025-02-04
CL-09484,Reinaldo Oliveras Lucas,artemionavas@example.org,8459154026626,Femenino,2024-09-07
cl_09485,Teresita Reyes Juliá,nicoartigas@example.com,7961502807363,Masculino,2025-03-04
CL-09486,Victor Grande Aparicio,isidorabermudez@example.net,9380189216489,Femenino,
cl_09487,Pastor Cándido Espejo Cruz,ocampo@example.org,0043794403577,Masculino,2025-04-27
CL-09488,Damián Belmonte Losada,maytegimenez@example.com,7855185785458,Masculino,2023-11-25
cl_09489,Mamen Aliaga Bermudez,graciavilanova@example.com,7283983113005,Masculino,2023-12-11
CL-09490,Rosa Codina Benet,frobles@example.org,0110445122868,Femenino,2024-10-22
CL-09491,Isidro Bernal-Becerra,antoniabou@example.net,3750032400992,Femenino,2025-07-01
cl_09492,Candelaria Roura Vila,lupeguardiola@example.org,+34 823 95 01 39,Masculino,2025-05-26
CL-09493,Domingo Alberdi Castilla,azucenarivas@example.net,5324588137224,Femenino,2024-11-05
CL-09494,Concha del Villalobos,vigileloisa@example.org,6887186717657,Masculino,2025-05-28
CL-09495,@Oliver,ibanezramona@example.net,2332301203089,Femenino,2023-11-30
cl_09496,Rubén Bosch Soler,demetrio57@example.net,2604716633329,M,2024-04-02
cl_09497,Angelina Hilda Valverde Artigas,linomendez@example.net,9932369326580,Masculino,2024-02-01
CL-09498,Iván del Moles,iglesiaana@example.net,7905869904091,Masculino,2024-06-07
cl_09499,Sara Ferreras Torrijos,dominga36@example.net,1503243904449,Masculino,2024-03-01
,Manu Gomez-Caparrós,correo@.com,6859501786622,Femenino,2024-04-01
CL-09501,Espiridión de Arce,oabascal@example.net,0906702617735,Masculino,2024-10-21
CL-09502,Roberta Cantero Llopis,angelinobecerra@example.com,2291425311109,Masculino,2025-01-06
CL-09503,Prudencio Vilaplana Sastre,rocio96@example.com,0072717297146,Femenino,2023-12-22
cl_09504,Virgilio Perea Novoa,garzonbrunilda@example.net,123456,M,2026-01-01
cl_09505,Vicenta Estevez Valls,medinafelix@example.net,4184525355141,Masculino,2025-08-24
cl_09506,Nicanor Galiano Vicente,albinoalfonso@example.com,7039318924633,Masculino,2024-10-01
CL-09507,Cirino Osorio Marcos,lcampoy@example.net,7637466509913,Femenino,2025-06-10
CL-09508,Rosenda Zamorano Osuna,rpedrosa@example.net,2758118030217,Femenino,2024-07-29
CL-09509,Chelo Palacio Urrutia,hzapata@example.net,1255786339789,Femenino,2025-06-05
CL-09510,Reyes Bustamante Bayona,,8378918041430,Masculino,2025-04-08
CL-09511,Emma Matilde López Arcos,nicolasa97@example.net,7243317916633,Femenino,2025-07-07
cl_09512,Edmundo Cañizares Ortiz,oliviazorrilla@example.org,1838027803677,Femenino,2025-03-19
cl_09513,Ana Belén de Enríquez,jeremiasbastida@example.com,8771529835872,Masculino,2023-11-23
CL-09514,Manolo Meléndez,vicentejose-luis@example.net,1345750521370,Femenino,2025-03-21
CL-09515,Luna Cabrero Catalá,paezpastora@example.net,2266677473445,Femenino,2024-04-20
CL-09516,Inocencio Valderrama,georgina46@example.net,+34735966448,Femenino,2024-05-29
CL-09517,Andrés Felipe Herranz Múñiz,arceliacalderon@example.org,4517696041121,Masculino,2023-10-08
CL-09518,Chuy Nebot Escolano,xsegarra@example.com,9651390564129,Masculino,2024-10-21
cl_09519,Noé Castro Ferrández,gmaza@example.com,7739793751282,Femenino,2025-02-01
cl_09520,Cirino Saavedra Salamanca,,8234304591756,fem,2023-10-19
CL-09521,Albina de Ureña,fcabanillas@example.org,5452151576135,Femenino,2025-04-23
cl_09522,Remedios Cabrero Camps,fabricio25@example.com,8611230417919,Femenino,
CL-09523,Mar Sanjuan Bayón,suarezangelica@example.net,6754768417130,Femenino,2024-10-01
CL-09524,Agapito Milla Alberdi,rodenasclemente@example.org,3700902505273,Masculino,2024-08-25
CL-09525,@Oliver,santiago30@example.net,4975599338058,Femenino,2025-04-02
CL-09526,Rocío Eva Carretero Cobo,hlerma@example.org,9817854366135,Masculino,2024-11-07
CL-09527,Joaquín Navas-Franch,morillocornelio@example.org,2677152404247,Masculino,2025-07-14
CL-09528,Marc Correa Mendez,fmesa@example.com,+34806 08 16 74,Femenino,2025-07-25
cl_09529,Cecilio Ciriaco Peñalver Olivé,ariasaurea@example.com,5869429160670,Femenino,2024-07-10
CL-09530,Lupe Manso-Solera,@gmail.com,4478114745034,Femenino,2024-11-11
cl_09531,Ruy de Guerra,dleiva@example.com,1612471760684,Femenino,2025-05-26
CL-09532,Victor Rosario Vicente Ruano,mamen31@example.org,0709695963621,Masculino,2024-04-30
cl_09533,Fabián del Rocamora,vilanovadominga@example.com,7643408452839,Masculino,2023-11-13
CL-09534,Andrés Felipe Cózar Arjona,anselma28@example.net,2811062092810,Femenino,2024-10-22
CL-09535,Dimas Guillen-Arrieta,jose09@example.org,2597471210905,Masculino,2025-05-28
CL-09536,Emigdio Espinosa Diego,fblanca@example.net,1300229799373,Masculino,2024-12-18
CL-09537,Constanza Guillen Aller,eugenia92@example.org,4368730882429,Masculino,2024-07-21
CL-09538,Cristian Canales Barco,opalomares@example.net,6527313527690,Masculino,2025-05-30
CL-09539,Nicolasa Benavente Sanjuan,krevilla@example.com,6137449136754,Femenino,2024-07-14
cl_09540,123,yverdejo@example.net,123456,Masculino,2024-08-21
CL-09541,Abril Puig-Baeza,albina28@example.org,1674902503885,Femenino,2024-10-24
CL-09542,Eric Azcona Muñoz,godofredooliver@example.org,7022205196590,Femenino,2024-11-10
cl_09543,Lupe Socorro Sabater Guerrero,troyo@example.com,1292390594211,Femenino,2025-04-24
CL-09544,Julia de Montserrat,soniarueda@example.net,8175138852008,M,2024-11-24
cl_09545,María Dolores Segarra Prada,milagrosllorente@example.org,6438895636821,Masculino,2024-02-18
CL-09546,Roberto Velázquez Exposito,jenniferbertran@example.org,5997485810534,Masculino,2025-06-02
cl_09547,Reyna Canet Talavera,aranzazu74@example.org,3848027127903,Masculino,2023-10-20
CL-09548,Yaiza del Segura,andressigfrido@example.com,4279998288990,Masculino,2024-07-25
CL-09549,Gustavo Muñoz-Galvez,amormaura@example.com,6722174831070,Masculino,2023-10-06
CL-09550,Julián Ruano Ramón,@gmail.com,1635791210204,Femenino,2025-02-18
cl_09551,Elpidio Alcázar Criado,nicoaller@example.org,4457776734039,Femenino,2025-04-20
CL-09552,Encarnita Manso Castilla,capdevilapacifica@example.com,6-123-456,Desconocido,2025-04-28
CL-09553,Venceslás Lluch-Losada,marc19@example.net,3390530739226,Masculino,2024-08-09
cl_09554,Cruz Heredia Baena,jodarteodoro@example.net,0825550151500,Femenino,2024-11-22
cl_09555,123,zalemany@example.net,6490461920749,Masculino,2024-06-16
CL-09556,Soraya Cerdán Gras,yponce@example.org,0453344729461,Masculino,2024-10-07
CL-09557,Che Cózar-Acevedo,emariba@example.com,4903193114327,Masculino,2024-04-26
cl_09558,Zaira Duque Sans,sobrinotimoteo@example.org,4300602842352,Femenino,2026-01-01
CL-09559,Brígida Urrutia Asenjo,miriamvillena@example.com,7816141986604,Masculino,2023-12-27
,Anastasia Leon-Donaire,,9755056611737,fem,2024-04-26
cl_09561,Cándido Alba-Vilanova,herediagerman@example.net,3473305584582,Femenino,2024-04-10
cl_09562,Danilo Manso Camacho,adolfoandrade@example.net,9810674624686,Masculino,2025-06-24
CL-09563,Eusebia Cánovas Torrents,sabaspinto@example.com,6705944896577,Femenino,2024-01-28
cl_09564,Isaura Huerta Saez,marisolmonreal@example.com,123456,Femenino,2024-12-04
CL-09565,Herberto Ulises Batalla Rodrigo,gerardo60@example.com,8019557148631,Femenino,2024-11-01
CL-09566,Juan Francisco Leon Amaya,rcabrero@example.org,3646106541079,Masculino,2023-12-12
CL-09567,Antonio Mercader Soriano,tonitorrens@example.net,5961792706962,Masculino,2024-08-17
CL-09568,Raimundo Dalmau Tapia,benita87@example.com,0648981712016,fem,2025-06-30
CL-09569,Candela Trillo,sanabriaangelica@example.com,7768573386830,Masculino,2024-02-04
CL-09570,,@gmail.com,9527857610375,Masculino,2024-03-02
CL-09571,Alma del Yáñez,ebaron@example.net,0917377850840,Masculino,2024-02-02
CL-09572,Eleuterio Benigno Barba Lledó,bibianatorre@example.org,7611645517638,Masculino,2024-10-09
CL-09573,Chucho Gámez,barrosobenigna@example.net,5254348174252,Femenino,2025-07-28
CL-09574,María Pilar Bautista-Prieto,timoteo69@example.org,7259872909335,Femenino,2025-06-01
cl_09575,Chus Vinicio Catalán Revilla,conrado34@example.com,3054195226347,Masculino,2024-03-05
cl_09576,Moreno Morante Herrera,villalongahilda@example.net,123456,fem,2025-01-08
cl_09577,Feliciana Irene Roman Anglada,juan-luisaguila@example.com,0221305225999,Femenino,2024-05-03
CL-09578,Esther Garzón Gallo,tamayochema@example.org,7723092059561,Masculino,2023-12-28
cl_09579,Jorge Ayala Acedo,dcastejon@example.org,7530424566412,Masculino,2025-03-16
CL-09580,Dionisio Aarón Carranza Águila,correo@.com,7573777484901,Masculino,2025-05-29
CL-09581,Salvador Cervantes Pulido,eleuterio53@example.net,3984117626336,Masculino,2023-09-14
CL-09582,Pastora Porta Vicens,angel18@example.org,1975128063441,Femenino,2023-10-26
cl_09583,Tiburcio Nazario Caballero Santamaria,fidel39@example.com,8572711601893,Masculino,2024-12-03
CL-09584,Seve Gámez Guerra,ssuarez@example.net,3266390793828,Masculino,2025-05-30
CL-09585,,sevillanolourdes@example.com,1828120554643,Femenino,2024-10-23
CL-09586,Jovita Vilar-Cerdán,quevedomiguela@example.net,5665940328562,Masculino,2024-05-23
CL-09587,Tiburcio Llorente Valcárcel,ugranados@example.net,0260158747401,Masculino,2025-06-21
CL-09588,Feliciano Mir Mariño,bautistanadia@example.org,61234abc,Masculino,2024-08-08
CL-09589,Miguela Cabrera Garrido,carlostorrijos@example.net,0821091997154,Masculino,2024-11-21
CL-09590,Nereida Tejero Ureña,,5411804546615,Masculino,2023-10-03
cl_09591,Aitana Sureda Guerra,fabiana61@example.net,4176752242401,Masculino,2024-02-29
CL-09592,Ariadna Imelda Azcona Villegas,maribel49@example.net,4953830472795,Masculino,2025-05-17
CL-09593,Marisa Bou Valle,tejadaregina@example.org,9032038498406,Femenino,2024-11-15
CL-09594,Aurora Carbonell-Elorza,emelinacastro@example.net,0530918677708,Femenino,2026-01-01
CL-09595,Diego Juan Pablo Real Vizcaíno,zsanabria@example.com,5025996612041,Masculino,2025-01-10
cl_09596,Aníbal Roldan Alvarado,fausto79@example.org,7600676149239,Femenino,2025-07-17
CL-09597,Luisa Escalona Velasco,esans@example.org,0907030046210,Masculino,2024-05-30
cl_09598,Gala Colomer Diéguez,olivia62@example.org,0953034778783,Masculino,2023-12-30
CL-09599,Leandra Santiago Arjona,maria-manuela42@example.org,4964115992227,Femenino,2025-02-15
,Lupita Jurado,correo@.com,6-123-456,Desconocido,2025-08-21
cl_09601,Marco Domínguez Cardona,pozarosendo@example.net,6203556503859,Femenino,2024-09-29
cl_09602,Jenaro Jerez Canet,bermudezramiro@example.org,6423194513781,Femenino,2024-01-08
CL-09603,Nieves Gargallo Peñas,isamper@example.com,5012284662353,Femenino,2025-03-02
cl_09604,Lázaro Armas Porcel,dmiguel@example.net,0099676964298,Femenino,2024-06-04
CL-09605,Basilio Baldomero Salas Figueroa,tjuan@example.org,0858983561110,Masculino,2024-01-24
CL-09606,Genoveva Aranda Calleja,granadosisaura@example.com,9116520667640,Femenino,2025-03-11
CL-09607,Silvio Aguilar Llano,canellasnazaret@example.com,1396087177388,Masculino,2025-08-25
CL-09608,Genoveva Rivas Morán,galanchucho@example.org,6498855850494,M,2024-11-26
CL-09609,Rafaela Ojeda Cervantes,campillomaxi@example.com,1905532469055,Femenino,2024-04-01
CL-09610,Eulalia Gárate,agallego@example.org,1738457191157,Masculino,2024-07-13
cl_09611,Miriam Ramirez-Martí,esolana@example.org,1420886480588,Masculino,2025-05-11
CL-09612,Sancho José Ángel Font Bárcena,mcabello@example.net,+34 984 880 656,Masculino,2026-01-01
CL-09613,Adrián Carrillo,ypuig@example.org,9284052501871,Masculino,2025-07-18
CL-09614,Manuela Delfina Burgos Sanabria,vilmabenavente@example.com,1575111151840,Femenino,2025-06-08
cl_09615,Reynaldo Eric Perez Perera,qllanos@example.net,5819086171292,Masculino,2024-05-18
CL-09616,Paola Salazar,marinorebollo@example.net,2013372180089,fem,2024-12-16
CL-09617,Benigno Marín Maldonado,peramaria-pilar@example.org,4488369342961,Femenino,2024-01-30
cl_09618,Federico Seco-Andrade,castejonrosalva@example.net,3921655082271,Masculino,2024-09-18
CL-09619,Valerio Elorza Tejero,elenacuadrado@example.com,0417664794983,Femenino,2024-08-16
cl_09620,Carlota Lorenzo Zamorano,xsanjuan@example.net,8509308567949,Masculino,2024-05-01
cl_09621,Evangelina Bernat Bárcena,fidela30@example.org,4184291919739,Femenino,2024-03-28
cl_09622,Catalina Pablo,elpidiopozo@example.com,1898140997406,Masculino,2025-02-13
CL-09623,Amelia Quevedo Lobo,realrocio@example.org,7559095318311,Femenino,2024-11-04
CL-09624,Anita Quevedo Marti,benaventerufina@example.org,+34 946 114 148,Desconocido,2023-09-17
cl_09625,Custodia de Tamayo,castrodaniela@example.com,6631710833805,Masculino,2025-03-15
CL-09626,Herminio Canet Acosta,ameliavidal@example.net,3698588057626,Femenino,2024-05-16
CL-09627,Pili Verdejo Izquierdo,ceciliarobledo@example.org,7121278296235,Masculino,2024-10-29
CL-09628,Curro Jerez Ibañez,vilanovatamara@example.net,7838513693513,Femenino,2023-10-05
CL-09629,Aroa de Carrasco,melania70@example.com,8131155636367,Femenino,2024-12-25
cl_09630,@Oliver,,4356662621249,Masculino,2026-01-01
cl_09631,Ariadna Guerrero Aroca,medinasarita@example.org,5695558490737,Femenino,2024-11-24
CL-09632,Tiburcio Cabanillas,jimenezjuanita@example.org,0312185470938,Desconocido,2024-04-11
cl_09633,Samanta Hoz Canet,jacintogarcia@example.com,6250383072736,Femenino,2023-11-09
cl_09634,Galo Casals Delgado,lquintanilla@example.org,6754368099293,Femenino,2024-10-03
cl_09635,Vinicio Español Vélez,eufemia23@example.net,9163584997265,Masculino,2024-01-06
CL-09636,Eutimio Chacón Ayllón,usomoza@example.org,123456,Masculino,2024-07-12
CL-09637,Edelmiro Larrea Font,baenavilma@example.net,2351738916406,Masculino,2025-04-04
CL-09638,Narciso Carmona Sureda,fblasco@example.net,2952683981657,Masculino,2023-09-10
CL-09639,Fito del Bonilla,arizawilfredo@example.net,5347575217028,Masculino,2024-01-30
cl_09640,Wálter Boix Arnaiz,ipareja@example.net,2373665849753,Femenino,2024-10-10
CL-09641,Juanita Novoa Alfonso,cjove@example.org,6414538300934,Masculino,2024-11-24
CL-09642,María Belén Rodriguez Porras,fortunyeloy@example.com,3104189653356,Masculino,2024-02-26
cl_09643,Joan Tirado Cerdán,palmapatricio@example.org,6086328364468,Femenino,2024-09-03
CL-09644,Melania Garcés Noguera,wreina@example.org,1716219132287,Masculino,2025-04-26
CL-09645,,oscarrocha@example.org,4796518812152,Masculino,2025-03-11
CL-09646,Desiderio Parra Paredes,krico@example.com,5305720279760,Femenino,2024-08-15
CL-09647,Gerardo Lladó Medina,nico47@example.com,5875681549385,Femenino,2024-12-28
CL-09648,Azahara Badía-Roselló,bejaranosantos@example.org,6-123-456,Femenino,2026-01-01
CL-09649,Encarnacion Márquez Arana,marc88@example.org,4724159788553,Femenino,2025-08-22
CL-09650,Ale de Jiménez,correo@.com,7217949003341,Femenino,2025-01-23
CL-09651,Zaira Palomar,gabino40@example.com,5433720430235,Femenino,2025-07-16
cl_09652,Graciela Alfonso Pons,maria-luisamorata@example.com,7858955226766,Masculino,2024-06-10
cl_09653,Piedad de Ribera,cbadia@example.com,8590265346440,Masculino,2024-04-09
CL-09654,Porfirio Carrillo,lsosa@example.net,8605383508956,Femenino,2024-01-18
cl_09655,Milagros Carrasco Aguilera,rosalia97@example.net,0514891124967,Femenino,2024-09-12
CL-09656,Juan Antonio Figueroa Barceló,hcalatayud@example.org,5086152750424,Femenino,2025-04-05
cl_09657,Efraín Barranco-Salinas,candelariocaparros@example.net,2266290614059,Masculino,2023-09-28
cl_09658,Ale Rivero Cuenca,leocadio44@example.org,5446050887001,Masculino,2025-04-06
CL-09659,Agapito del Aroca,armengoljordan@example.com,0870200196209,Masculino,2024-10-22
cl_09660,123,,61234abc,Masculino,2024-02-27
CL-09661,Maribel Farré Lorenzo,silvestregoicoechea@example.net,7570015460634,Femenino,2025-06-18
CL-09662,Sara Sanz Robles,heraclio76@example.net,4124149798164,Masculino,2024-10-14
CL-09663,Edgardo de Guillen,jvallejo@example.com,5546204934993,Masculino,2023-09-12
CL-09664,Martina Lasa,acheca@example.com,0377444525258,Femenino,2024-01-28
cl_09665,Hernán Gallego Perelló,fcastilla@example.org,7320260881062,Masculino,2023-12-09
CL-09666,Jovita Segura Riera,iferrandez@example.org,1607557917298,Femenino,2024-03-28
cl_09667,Isa Macías,ajimenez@example.org,4822230826074,Femenino,2023-09-24
CL-09668,Guadalupe Cabrero-Márquez,goyo11@example.net,8208724529764,Femenino,2023-10-08
CL-09669,Alondra Pacheco Mas,nferrera@example.com,0079661678609,Femenino,2024-01-15
CL-09670,Nilda Emelina Porta Leon,,1730920231515,Femenino,2025-01-08
cl_09671,María Fernanda Buendía Melero,jesusa07@example.com,3677169291833,Masculino,2024-07-01
cl_09672,Sarita Blanco Pinedo,riquelmefeliciana@example.net,6-123-456,Masculino,2025-03-11
CL-09673,Pedro Lladó Aguado,goniluis-angel@example.com,7885501889396,Masculino,2025-06-21
CL-09674,Eduardo Enríquez Duque,ariel83@example.org,1462845080886,Femenino,2024-02-18
cl_09675,América Hernando Arteaga,zaida44@example.com,1295695342587,Femenino,2025-05-29
CL-09676,Aarón Montoya Neira,rtomas@example.net,8312381832577,Masculino,2024-03-31
CL-09677,Eugenia Figueras Sanjuan,marianarodriguez@example.com,0760421703979,Masculino,2025-03-08
CL-09678,Josué Galindo-Pedro,vconesa@example.com,6785148716530,Masculino,2025-05-02
CL-09679,Jose Ignacio Caro Cortina,fannyvicente@example.com,5750913323875,Femenino,2024-11-06
,Ibán Iriarte Esteve,,7735094377219,Femenino,2024-09-03
CL-09681,Leyre Aguirre Expósito,umugica@example.com,9693847195686,Masculino,2024-02-10
CL-09682,Anselma Infante Uriarte,maximiano22@example.org,6990141128178,Masculino,2025-07-30
CL-09683,Jacobo Jordá Terrón,manu29@example.net,7373135756565,Masculino,2023-11-03
CL-09684,Edmundo Cordero-Garrido,octaviagrande@example.org,+34 923075504,Femenino,2023-09-14
cl_09685,Rosenda Arellano López,erecio@example.org,8749706014805,Femenino,2024-07-10
CL-09686,Ileana Estévez Pou,tolosacorona@example.net,7643441231512,Masculino,2024-11-29
CL-09687,Malena de Vilaplana,fidelafernandez@example.org,9973414245688,Masculino,2024-01-12
CL-09688,Adriana Gallo Folch,miriamtrillo@example.com,5419847623529,Femenino,2025-08-27
CL-09689,Vito Puig Lucena,kmiro@example.com,0983662303707,Femenino,2025-01-19
CL-09690,@Oliver,correo@.com,7796815948549,Femenino,2024-11-24
CL-09691,Visitación del Soria,pablo27@example.net,8137054648232,Masculino,2025-02-07
cl_09692,Espiridión Lumbreras Lobo,arnauisa@example.net,9287405794645,Femenino,2023-11-26
CL-09693,Miguel Ángel Trujillo,evita45@example.org,9529756341317,Masculino,2025-03-06
CL-09694,Telmo Tejera,genovevacalvet@example.net,7296294441633,Masculino,2025-06-19
CL-09695,Wilfredo Rodriguez Viña,aranamarita@example.com,2577037910353,Masculino,2024-06-25
CL-09696,Gema Beltran Manzanares,corbachojafet@example.net,+34 982199426,fem,2024-06-21
cl_09697,Fabricio Priego Palacios,ana70@example.org,7953530273764,Femenino,2024-01-27
cl_09698,Ester Cabañas Calzada,aalbero@example.com,9507061853185,Masculino,2023-09-23
CL-09699,Consuela Osuna Hernández,teodora23@example.org,1135478730689,Masculino,2024-03-05
,Ciríaco Peiró Antón,,9981277265449,Masculino,2024-06-21
CL-09701,Juan Antonio Zapata,jenny78@example.com,5177848612222,Femenino,2025-01-21
CL-09702,Bernardo Iglesia-Montserrat,aranzazubernal@example.org,5833182974639,Femenino,2026-01-01
CL-09703,Adelardo Raya Baños,lvalenzuela@example.net,2621177153914,Femenino,2025-03-01
CL-09704,Eugenia Aragón-Palomino,alberto16@example.com,2100395218022,M,2024-12-11
CL-09705,@Oliver,juan-luis12@example.org,1430583117777,Masculino,2024-04-19
cl_09706,Emilio Sancho-Meléndez,inigo83@example.org,5182967561475,Masculino,2025-05-21
CL-09707,Marino Zamorano Avilés,jeremiassainz@example.net,6146261341379,Femenino,2024-12-01
CL-09708,Macaria Alegria-Núñez,encarnacion57@example.com,6-123-456,Masculino,2024-02-18
cl_09709,Miguela Victoria Gil Adán,heracliobusquets@example.org,2963186622047,Masculino,2025-04-05
CL-09710,Emiliana Julie Torre Ariño,correo@.com,2192320193980,Masculino,2024-07-29
CL-09711,Remedios Aguiló Aguirre,mateo81@example.com,9151479771979,Femenino,2024-03-23
CL-09712,Mauricio Iniesta,cfabregas@example.org,8010373080626,Masculino,2024-09-18
cl_09713,Rolando de Pereira,remigiosabater@example.com,8670153165883,Femenino,2024-08-28
cl_09714,Santiago Guzman Barón,castellarsenio@example.com,8575825559799,Masculino,2024-02-16
CL-09715,Hugo Menéndez Pinedo,silviazabala@example.com,0643298553139,Femenino,2024-02-16
cl_09716,Juan Ismael Bayo Pacheco,esther68@example.org,7921965366427,Femenino,2024-04-18
CL-09717,Fanny Mendizábal Vigil,sigfridoparejo@example.org,5375068951708,Femenino,2024-03-19
CL-09718,Florinda Luisa Verdú Cervantes,aelorza@example.org,0776268680237,Femenino,2024-01-10
CL-09719,Benigno Conesa Zamorano,psanmiguel@example.com,7223675930254,Femenino,2024-07-04
CL-09720,Coral Julián Galan,correo@.com,+34947 384 109,Desconocido,
CL-09721,Bibiana Pino,chitareina@example.com,0833134126091,Masculino,2025-08-23
CL-09722,Jordi Asensio Fuente,cpalomar@example.com,5841153036905,Masculino,2024-04-02
CL-09723,Octavio Sans Rios,lozanoisa@example.net,9912608497292,Femenino,2024-07-15
CL-09724,Guadalupe Selena Estrada Lobo,fmate@example.com,2811106798252,Femenino,2023-09-17
cl_09725,María Huguet Tapia,opinol@example.org,8689091914995,Femenino,2024-06-02
CL-09726,José Rueda Baeza,apolinarbenavides@example.net,4750130493246,Femenino,2023-09-08
cl_09727,Emilio Arce,quirinocifuentes@example.org,8022944479729,Masculino,2025-08-28
CL-09728,Leonardo Leon Neira,ibarranatividad@example.com,0366927971218,Desconocido,2024-11-30
CL-09729,Lidia Neira,luisacatalan@example.com,3495698215546,Masculino,2024-01-03
cl_09730,Cruz Viñas Alonso,mcarrion@example.net,7716335586776,Masculino,2024-02-02
CL-09731,Maura de Cobo,matainmaculada@example.com,0145449231940,Femenino,2025-07-10
CL-09732,Rosenda Valencia Fábregas,franciscovisitacion@example.com,61234abc,Femenino,2024-06-11
CL-09733,Agapito de Hervia,egil@example.com,0370017535547,Masculino,2024-01-14
CL-09734,María Viñas Gabaldón,macaria49@example.org,4984490120134,Masculino,2024-08-09
CL-09735,Xiomara Valls Coca,ugallo@example.org,7282838422328,Femenino,2024-04-12
CL-09736,Catalina Teruel Castillo,ntorre@example.com,4896114483437,Femenino,2025-03-05
CL-09737,Nacho Urrutia Roselló,paniaguajose-manuel@example.com,3163192284117,Masculino,2024-11-18
CL-09738,Rosalía del Armas,bguillen@example.org,5233206121891,Masculino,
cl_09739,Adelia de Elorza,coralramirez@example.net,1294448935917,Masculino,2025-03-16
cl_09740,Baldomero Guerrero Vallejo,@gmail.com,5477386042098,Femenino,2024-03-29
cl_09741,Tomasa Otilia Padilla Domínguez,victorripoll@example.com,3858379581193,Femenino,2025-03-13
CL-09742,Carina Carrillo Cañas,marcelinopulido@example.net,4261549379004,Femenino,2024-04-21
CL-09743,Pía Garay Posada,ecozar@example.org,7487406047605,Masculino,2024-10-23
cl_09744,Cristian Marquez Cánovas,candelariogual@example.org,6-123-456,Desconocido,2025-01-14
cl_09745,Fabián Yáñez Buendía,blanca16@example.org,6543090802337,Masculino,2023-10-12
CL-09746,Andrés Plinio Rosales Manzanares,isauramolins@example.net,0196443904230,Masculino,2025-05-02
cl_09747,Hermenegildo del Pagès,valderramahaydee@example.org,5868584456019,Masculino,2025-05-14
cl_09748,Nerea Losa Solano,castanedajose-ramon@example.com,5734911821684,Masculino,2025-06-20
CL-09749,Amarilis Jurado Losa,hgilabert@example.com,6140649476677,Masculino,2025-06-16
cl_09750,@Oliver,nidiacarretero@example.org,5326338247188,Femenino,2024-07-25
cl_09751,Natalio Ródenas Pedro,hermenegildorodrigo@example.net,7880475288185,Masculino,2024-06-15
CL-09752,Samanta Gaya,palmiranevado@example.net,5176310897544,fem,2025-05-26
cl_09753,Arsenio Zamorano,encarna36@example.org,7065699516752,Masculino,2024-01-09
CL-09754,Cirino Barriga Elorza,zurrutia@example.net,8180066722507,Femenino,2025-05-29
CL-09755,Mohamed Juan Luis Castell Jurado,kfrancisco@example.com,3461886346280,Femenino,2025-03-14
CL-09756,Asunción Piedad Escolano Castejón,angelinozamorano@example.com,+34 926 364 498,Femenino,
CL-09757,Marcio Escalona,flaviajover@example.com,7169873200911,Masculino,2024-11-22
cl_09758,Rosario Sainz Beltrán,osvaldoescriva@example.net,5261506911027,Femenino,2025-05-11
cl_09759,Victor de Borrell,alcaraztelmo@example.org,2943922800511,Masculino,2025-06-02
,Nicolasa Sedano Verdú,correo@.com,8768191999152,Masculino,2025-04-16
cl_09761,Aristides Alfaro-Boada,azenethpaniagua@example.net,8411742725754,Femenino,2025-06-17
cl_09762,Nazario Ulises Vilaplana Nuñez,roldanflavio@example.net,5674948100637,Masculino,2023-10-22
CL-09763,Sofía Córdoba Alonso,ksola@example.com,2948972783943,Femenino,2024-06-03
cl_09764,Lina Alberola Oller,eric22@example.com,4324924540556,Masculino,2023-10-25
CL-09765,Carmina del Castell,xavier29@example.org,7407056213719,Masculino,2023-09-05
CL-09766,Aurelia Taboada Ramirez,tono54@example.com,9041979353529,Femenino,2024-11-03
CL-09767,Édgar Serrano Fonseca,renato43@example.org,8278421916384,Masculino,2024-02-02
CL-09768,José Antonio Sosimo Bermudez Calderon,brigidabonilla@example.net,6-123-456,M,2024-06-11
CL-09769,Rubén Villaverde Zorrilla,icervera@example.net,0213858499676,Masculino,2024-12-30
CL-09770,Ximena Asenjo-Crespo,,0097921007270,Masculino,2025-08-08
cl_09771,Ana Belén Mendez Tenorio,jordanmamen@example.net,8395783862959,Femenino,2024-04-17
CL-09772,Prudencio Julio César Carpio Elorza,emartorell@example.org,0611721305510,Masculino,2023-11-05
CL-09773,Maximiliano Zamorano-Santana,onofre28@example.org,5532141885175,Femenino,2024-07-27
CL-09774,Jesús Tamarit Gonzalez,jenarotamarit@example.net,4985036689019,Masculino,2026-01-01
CL-09775,Francisco Jose Acero Ferrándiz,maria-cristina69@example.net,5208647810630,Femenino,2024-04-28
CL-09776,Adán Chaves Costa,sebastiannicolas@example.com,3835762813420,Femenino,2024-11-08
CL-09777,Emigdio Edgardo Jerez Álvarez,balduino05@example.org,8828552843679,Masculino,2024-10-20
cl_09778,Candelaria del Puga,boliva@example.com,6102929364520,Femenino,2024-08-26
cl_09779,Ruperto Campo Anguita,pcifuentes@example.com,9516387669428,Femenino,2025-05-22
,@Oliver,sansisabela@example.org,61234abc,Masculino,2023-09-16
CL-09781,Maximiano Hidalgo-Montoya,oarribas@example.com,0937570912216,Masculino,2024-10-01
CL-09782,Dionisio Antúnez Español,rocaema@example.net,1380701362552,Femenino,2025-01-13
cl_09783,Luciano Bou Grau,alejandro81@example.net,9282467880820,Femenino,2024-03-20
cl_09784,Emilia de Prado,villalobosmamen@example.com,0185754176645,Masculino,2025-08-10
CL-09785,Aarón Jose Manuel Nicolás Solé,alfredopla@example.net,7355436491458,Masculino,2024-07-10
CL-09786,Nilda Mirta Donoso Noriega,fatima83@example.org,9041792377123,Femenino,2023-09-05
cl_09787,Tiburcio Jara,eloyguerra@example.org,0771128040475,Masculino,2024-07-18
CL-09788,Toni Berrocal Roselló,ealberdi@example.com,4746143843965,Femenino,2024-11-04
CL-09789,Dionisia Duarte Pelayo,montserratjuarez@example.org,3051166774811,Femenino,2024-05-27
CL-09790,Nicanor Espada-Collado,@gmail.com,8717067555762,Masculino,2024-10-02
CL-09791,Belén Guzman,federicoescamilla@example.com,3072903388054,Femenino,2024-11-25
cl_09792,Ismael Velasco-Tejedor,flaviamontserrat@example.org,6-123-456,fem,
CL-09793,Emilio Izaguirre Tamarit,ruperto94@example.net,0813031175021,Femenino,2024-05-16
cl_09794,Venceslás Carballo Muñoz,flavia64@example.com,7555194683680,Masculino,2024-05-13
CL-09795,Humberto Fuente Varela,jovemarciano@example.org,5522100511552,Femenino,2025-02-15
cl_09796,Dionisio Revilla Garrido,canojose@example.com,8651114873611,Femenino,2024-09-03
CL-09797,Porfirio Prada-Coello,azucenaaguila@example.com,3206712032882,Femenino,2024-01-04
cl_09798,Germán del Matas,romulo60@example.org,2453184297489,Femenino,2023-10-19
cl_09799,Sonia Navarro Pérez,amando92@example.org,1336503881965,Masculino,2024-02-17
,Óscar Arregui Ponce,correo@.com,3135293739214,Desconocido,2024-03-16
CL-09801,Paca Delfina Sastre Santiago,chefuentes@example.org,4025842056599,Femenino,2023-09-13
CL-09802,Matilde Bosch Pérez,danielcatala@example.org,7917509771158,Masculino,2024-01-13
CL-09803,Lara de Abad,narciso95@example.net,5699666629419,Masculino,2023-11-08
CL-09804,Maura Pinilla,heliodoro47@example.net,123456,Masculino,2025-08-27
CL-09805,Paulino Gimeno-Alfaro,bgimenez@example.net,0933215967271,Femenino,2023-12-14
cl_09806,Poncio del Olmedo,jarana@example.net,3946813288069,Masculino,2023-09-20
CL-09807,Joaquina Nydia Carrión Machado,abigailcampos@example.net,2394052959310,Masculino,2024-10-15
cl_09808,Milagros Pera Gual,berta47@example.com,2111879820945,M,2024-03-26
CL-09809,Pepita Ileana Torrent Calleja,soleraana-sofia@example.net,1800229048453,Masculino,2025-04-07
CL-09810,Abilio Losa-Bravo,,8801565937837,Femenino,
CL-09811,Benigno Galindo Losada,cirino05@example.org,5527153788880,Femenino,2024-06-18
CL-09812,Fortunato Bonet Barreda,toroevangelina@example.org,2042762979610,Masculino,2023-09-26
CL-09813,Salomé del Zurita,delfinamaldonado@example.net,2330391545084,Femenino,2024-04-30
CL-09814,Dimas de Teruel,urbano96@example.com,9904508228094,Femenino,2024-05-03
CL-09815,Andrés Molins Ibañez,ypinto@example.org,1360691223804,Masculino,2023-11-20
CL-09816,Encarnacion Cantero Sevilla,lucho78@example.net,6-123-456,fem,2025-02-26
CL-09817,Tomás Leopoldo Pintor Cámara,nhuerta@example.com,0892028362564,Femenino,2023-10-16
CL-09818,Elvira Barceló Simó,garayromulo@example.org,3454573342216,Masculino,2025-06-13
CL-09819,Leandro Sancho-Pedrero,renato39@example.net,6253708183980,Femenino,2025-03-04
cl_09820,Mamen Cepeda Cañellas,@gmail.com,0187407155460,Femenino,2024-09-18
cl_09821,Telmo Sedano Lago,pavila@example.net,4508226194520,Masculino,2025-07-14
cl_09822,Ambrosio Pujadas Vázquez,ramona07@example.com,8143548063221,Masculino,2024-12-12
cl_09823,Severo Bayo,maxitapia@example.net,1232942409129,Masculino,2024-02-19
CL-09824,Paco Querol Millán,urbano83@example.net,7275147771651,Desconocido,2025-07-12
CL-09825,@Oliver,eric47@example.org,5336082138498,Femenino,2023-10-02
CL-09826,Marisa Barroso Villar,reyes53@example.net,2528625997824,Femenino,2025-05-04
cl_09827,Amanda Bustamante Salas,jacinta70@example.org,0409442119062,Femenino,2023-12-22
CL-09828,Celestina Quevedo Llamas,raimundo35@example.com,6-123-456,Femenino,
cl_09829,Catalina Mariño-Conde,quirogajudith@example.com,6622027255820,Masculino,2024-09-19
cl_09830,Adelia Cuevas Hierro,@gmail.com,0162024549523,Femenino,2024-02-22
CL-09831,Calixto Cózar Ricart,agueda84@example.com,9689279295297,Femenino,2025-06-28
cl_09832,José Antonio de Garrido,aracelimilla@example.org,3264860001360,M,2024-05-27
cl_09833,Elvira de Conde,maricela04@example.com,9969095763293,Masculino,2024-04-10
CL-09834,Eutimio Pavón Miralles,morena54@example.org,2324199920366,Femenino,2024-10-28
CL-09835,Ismael Moraleda Asenjo,salvadorcordero@example.net,8504670582032,Masculino,2024-02-11
cl_09836,Luisina Valenciano Calatayud,paztristan@example.net,8747033863839,Femenino,2023-10-15
CL-09837,Lupe Estela Coca Giner,purificacionpera@example.net,8279601008035,Femenino,2024-03-24
cl_09838,Eliseo Morante Coronado,jose49@example.org,4339077156493,Femenino,2024-09-04
CL-09839,Eligio Perera Gilabert,caminofatima@example.org,0398820859064,Femenino,2024-12-08
,@Oliver,correo@.com,61234abc,Femenino,2025-04-20
CL-09841,Selena Cortés-Cazorla,epifanioarjona@example.net,1347775734992,Masculino,2024-03-24
CL-09842,Celestina Peralta Castejón,crios@example.net,6118295687795,Femenino,2024-12-25
CL-09843,Atilio Zorrilla Jimenez,vsarmiento@example.com,5893498918830,Femenino,2024-12-23
CL-09844,Paca Piedad Barbero Roldán,hcid@example.net,3727891720617,Femenino,2025-01-10
CL-09845,Elisabet de Gómez,florindaarmengol@example.org,5980142103435,Masculino,2023-11-11
cl_09846,Norberto Pizarro Domingo,roman84@example.com,4471941958731,Femenino,
cl_09847,Obdulia Berrocal Cabo,muletpastora@example.com,8042184580967,Masculino,2024-01-20
cl_09848,Tomasa Tomasa Fuertes Abril,zmolina@example.net,4194235926767,Femenino,2024-08-12
CL-09849,Diana Máxima Alemán Gámez,pedrosaaitor@example.com,3827801970655,Femenino,2024-12-27
CL-09850,Trinidad Cortés Aznar,,8413611634640,Masculino,2024-04-27
cl_09851,Carmina Mendez Abascal,alejandro22@example.net,1258208534566,Femenino,2023-10-02
CL-09852,Purificación Bernat,elviraotero@example.org,61234abc,Masculino,2024-04-01
CL-09853,Sol Contreras,usegura@example.org,4650030293348,Femenino,2024-10-26
CL-09854,Carmelita Escudero Alonso,morcilloraul@example.org,7889524252055,Femenino,2025-07-29
CL-09855,@Oliver,prudencio80@example.org,1912413348647,Femenino,2024-06-20
cl_09856,Teo Casals-Mir,dalila83@example.com,5023574484835,M,2024-12-21
CL-09857,Jonatan Blazquez Fabra,benigno94@example.org,9044220649336,Femenino,2024-01-31
CL-09858,Jose Mata Núñez,rriba@example.net,4633028848027,Femenino,2025-07-25
cl_09859,Simón Bayona Cabezas,fortunymanuelita@example.com,5551736176179,Masculino,2024-04-12
cl_09860,Ágata Elías Giralt,correo@.com,9591938971765,Masculino,2024-03-28
cl_09861,Ulises Rubén Feliu Prado,juan-antonio88@example.net,8713905676037,Masculino,2023-12-07
CL-09862,Ramiro Arellano Benítez,candelario90@example.net,7347921622202,Masculino,2025-08-12
CL-09863,Nando Robledo Amorós,kgaray@example.org,7856405097734,Masculino,2024-04-21
cl_09864,René Campillo Lledó,aroa46@example.org,6-123-456,fem,2024-07-08
cl_09865,Fidel Manu Botella Viana,fabiojulian@example.com,9515329932009,Femenino,2024-08-02
CL-09866,María Ángeles Rosado-Amores,lourdessegarra@example.org,8917960154658,Masculino,2024-12-05
cl_09867,José Mari Canet Carreño,cristinaaramburu@example.com,6804692712885,Masculino,2025-04-28
CL-09868,Eufemia Emilia Amigó Llano,viviana54@example.net,9742815684233,Femenino,2025-03-20
cl_09869,Malena Leon-Rozas,gadadia@example.com,3734393381952,Femenino,2024-03-27
cl_09870,123,fuentesteo@example.com,1805806218959,Masculino,2025-05-26
CL-09871,Petrona Pareja Palacios,tborja@example.org,0112591895162,Femenino,2024-04-20
CL-09872,Bruno Soto Ayuso,valenzueladafne@example.com,1677997518232,Femenino,2024-10-26
CL-09873,Amarilis Uribe,heliodoro47@example.com,1709443261722,Masculino,2024-02-15
CL-09874,Blas Ferreras Cisneros,natividadrobles@example.org,6359082473272,Masculino,2024-12-08
cl_09875,Alba Paniagua Tejedor,rouraruperta@example.net,1085036567411,Femenino,2025-04-01
cl_09876,Edelmira Mosquera Fernandez,nievesgrau@example.org,6-123-456,Femenino,2023-11-21
CL-09877,Edgardo Luis Ángel Pol Duarte,proldan@example.net,5467101089369,Femenino,2024-07-04
cl_09878,Sergio Jover Moll,amarilis00@example.org,7878229664193,Masculino,2024-11-16
CL-09879,Valentina de Vicente,ycamara@example.com,5718302026525,Femenino,2024-11-23
,Teodoro Angelino Bustamante Pozo,begonacanton@example.net,5589225398019,Desconocido,2025-04-09
CL-09881,Primitivo Giner Aznar,wgimenez@example.org,7122645356155,Femenino,2025-07-11
CL-09882,Maximino Américo Ocaña Vizcaíno,osole@example.net,3600098641465,Femenino,2026-01-01
CL-09883,María Luisa Conde-Salmerón,alberocaridad@example.net,9847324633313,Masculino,2024-03-27
CL-09884,Matilde Porcel-Maldonado,oliveravicente@example.net,5189482911360,Femenino,2024-07-18
cl_09885,Nieves Álamo Castilla,lazarorebollo@example.com,4667009638278,Masculino,2023-10-12
CL-09886,Rafa Cueto Sanz,gonzalezemiliana@example.org,4782033634603,Masculino,2023-12-18
CL-09887,Estrella del Vilar,ebarbera@example.com,5342491167855,Masculino,2024-08-16
cl_09888,Sancho Barba Cordero,pbarreda@example.org,123456,fem,2023-09-07
CL-09889,Nélida Arregui Acero,zdiaz@example.org,2242328436920,Femenino,2024-02-25
CL-09890,Josefina Mayoral Casares,marcial74@example.org,3007574731326,Masculino,2024-04-01
cl_09891,Mariano Pérez Campillo,melisaraya@example.net,3023228606953,Femenino,2025-06-28
cl_09892,Silvio Herrera Acosta,simonilo@example.com,8720929807876,Masculino,2023-12-09
CL-09893,Lope Llorens,tmenendez@example.org,5057258940986,Masculino,2023-12-30
cl_09894,Lucho Hervás Quiroga,tapianatividad@example.net,0043256895304,Masculino,2024-11-05
CL-09895,Mario Rodrigo-Salvà,nidiaarco@example.org,1111307778869,Masculino,2024-02-26
CL-09896,Morena Gual Suarez,cazorlaignacia@example.org,5941074622915,Femenino,2025-06-27
cl_09897,Reina Donoso Lago,lobocristobal@example.net,0537179128206,Masculino,2024-11-15
cl_09898,Cintia Custodia Viana Agullo,upol@example.org,3695518278559,Masculino,2025-02-02
CL-09899,Aitor Querol Hervia,irmaabril@example.net,5869825374359,Masculino,2024-01-21
CL-09900,,,+34901 53 02 01,Femenino,2023-10-27
cl_09901,Magdalena Agustín Nogueira,mduran@example.org,7440694350834,Masculino,2024-09-13
CL-09902,Maristela de Artigas,companyvanesa@example.org,1101432780180,Masculino,2024-04-02
CL-09903,Anita Tenorio Prat,hernan31@example.com,6505189515849,Masculino,2024-08-24
cl_09904,Félix Casares Ortuño,jaime52@example.com,6463287550400,Desconocido,2024-07-03
CL-09905,Agapito Ortiz Badía,salome86@example.com,2435358320423,Masculino,2023-11-26
CL-09906,Gabriela Leon Fonseca,lalo28@example.net,3960578367548,Masculino,2025-02-04
CL-09907,Jessica Rosselló Rosales,verakike@example.org,7472180650941,Masculino,2024-12-05
cl_09908,Emiliano Plinio Coca Carrillo,maria-joselujan@example.org,2431667928086,Masculino,2025-08-18
CL-09909,Amparo Beltran Jerez,estevezyesica@example.net,1324308409844,Femenino,2024-03-26
CL-09910,Montserrat de Lastra,,3711479135170,Masculino,2025-07-26
CL-09911,Evelia Simó,orios@example.net,3728908142800,Masculino,2023-09-11
CL-09912,Sigfrido Cañizares Hernandez,goniignacia@example.net,61234abc,Femenino,2023-10-10
CL-09913,Vanesa Cruz Blanca,bauzajennifer@example.org,4284968695955,Femenino,2024-12-14
CL-09914,Arcelia Sarmiento Mariño,ginerrocio@example.net,9966520215049,Femenino,2023-12-12
CL-09915,Javiera Moya Madrid,reinafigueras@example.com,9224398417941,Masculino,2024-10-05
CL-09916,Tamara Villanueva Mosquera,valero54@example.com,4669736613881,Masculino,2023-12-19
cl_09917,Julieta Revilla,candido05@example.org,5575305061976,Femenino,2024-05-11
CL-09918,Marta Chaves,kvillaverde@example.org,0207215341769,Femenino,
CL-09919,Gilberto Busquets Sans,saznar@example.com,6764469621691,Femenino,2024-10-26
CL-09920,Rosalina Morera Murillo,,7248599568230,Desconocido,2024-01-12
CL-09921,Fidel Crespo-Aliaga,felixanguita@example.net,6208749694292,Femenino,2024-09-21
cl_09922,Evangelina Begoña Galan Verdejo,pinaamerico@example.com,6540333762482,Femenino,2024-06-18
CL-09923,Edgardo Anglada Sevilla,marita14@example.net,9612966567688,Femenino,2024-11-21
cl_09924,Bartolomé Vives Ramírez,dolores67@example.net,61234abc,Femenino,2024-03-24
cl_09925,Rosaura Folch Mármol,modestabarriga@example.net,4284868526312,Femenino,2024-04-13
CL-09926,Blas Asensio Mateu,matias21@example.net,8155046596355,Femenino,2023-10-03
CL-09927,Daniel de Rivas,eugenia83@example.org,0363970486008,Masculino,2024-06-05
CL-09928,Ester Susanita Vila Chico,jmelendez@example.net,0732599475571,Desconocido,2025-02-18
CL-09929,Marcelo Alcántara Gómez,marcelinobejarano@example.org,2901996094463,Masculino,2023-10-08
cl_09930,@Oliver,,7867492658926,Masculino,2024-05-03
CL-09931,Consuelo Ferreras Garzón,antonia37@example.net,7048879177111,Masculino,2025-02-03
CL-09932,Edgardo Ruano-Amigó,vpozo@example.net,1113113110140,Masculino,2024-03-24
CL-09933,Gil Mendez Mínguez,amor61@example.net,8836518811141,Masculino,2024-04-27
cl_09934,Victoria Purificación Requena Campos,ullorente@example.com,4168182998592,Masculino,2024-06-08
CL-09935,Maximino Ureña Marcos,chamorroantonio@example.org,2294098643549,Femenino,2024-07-12
cl_09936,Gracia Palau Serrano,ycalvo@example.com,123456,Masculino,
cl_09937,Cristian Tirado Fabra,boulucio@example.net,0186602906001,Masculino,2025-04-15
CL-09938,Rolando Roque Olivé Agustín,hmugica@example.org,3220095538183,Femenino,2023-12-07
CL-09939,Almudena Cal Ribes,uabad@example.org,5405427185657,Masculino,2024-03-13
,Eloy Jerez Jover,,1290668933255,Femenino,2024-02-03
cl_09941,Isaac Villalba Pagès,lorenanoguera@example.com,8366282846502,Femenino,2024-12-24
cl_09942,Artemio Raimundo Barranco Rosell,jmalo@example.net,4079688042706,Masculino,2025-07-19
cl_09943,León Bosch,marcelogallart@example.com,6843147572468,Masculino,2024-02-12
CL-09944,Caridad Isern Vidal,titoocana@example.org,5279282100928,fem,2024-11-15
CL-09945,123,orios@example.com,6803685042332,Femenino,2025-08-18
cl_09946,Pascuala Seguí-Lloret,celestina76@example.net,3313310840315,Masculino,2024-08-10
CL-09947,Elisa Pacheco Polo,kllobet@example.com,8185874552263,Femenino,2023-09-24
cl_09948,Feliciano Franco Manjón,nilogoicoechea@example.com,61234abc,Femenino,2024-02-14
CL-09949,Matías Jose Miguel Juan Ibarra,silvio33@example.net,4927793822393,Femenino,2025-06-10
CL-09950,Gabino Agudo Orozco,,2836901955960,Femenino,2024-03-11
cl_09951,Loreto Clavero,barbara90@example.org,8253707817660,Femenino,2025-07-28
cl_09952,Santiago Pepito Mas Saez,ferrandoaristides@example.org,1806129313392,fem,2024-07-18
cl_09953,Desiderio del Canet,gluque@example.net,6609626389936,Masculino,2024-03-08
CL-09954,Moreno Armengol Canet,adelanavas@example.com,5692367083997,Masculino,2026-01-01
cl_09955,Miguela Adán Casanova,lazaro19@example.org,9311851350808,Femenino,2024-05-29
CL-09956,Tamara de Escolano,xvaquero@example.com,2909059861674,Masculino,2024-12-08
cl_09957,Manu Checa Sánchez,qalmazan@example.net,1499864343947,Masculino,2024-07-09
CL-09958,Nayara Pardo Casanova,nicocorominas@example.org,0167902823235,Femenino,2025-02-07
CL-09959,Quirino Leonardo Aguilar Codina,queroalbino@example.net,6322863166452,Femenino,2025-02-05
,,correo@.com,+34 706 06 51 63,Desconocido,2024-04-20
cl_09961,Ignacia Bonilla-Casanovas,simon60@example.net,4407140143420,Masculino,2025-07-17
CL-09962,Efraín del Jáuregui,vanesa88@example.net,8001783696604,Masculino,2023-12-23
CL-09963,Paco Galván González,leonellerma@example.org,2224717651676,Masculino,2024-03-28
CL-09964,Ibán Parejo Serna,odalis20@example.org,4394673802883,Femenino,2023-09-23
CL-09965,Nidia Haydée Piñeiro Vázquez,isaias91@example.com,6300013600338,Masculino,2024-03-19
CL-09966,Fanny Higueras Giménez,framon@example.net,3583060553101,Masculino,2024-10-27
cl_09967,Amanda Rubio Cabrera,regina50@example.org,6655846303774,Masculino,2023-09-12
CL-09968,Juan Lobato Solana,murogaspar@example.com,8428003226397,M,2023-12-30
CL-09969,Genoveva Calleja-Nuñez,pagesmatilde@example.com,6822017120778,Femenino,2025-01-30
CL-09970,Rosario Iñiguez,@gmail.com,9528483510025,Masculino,2025-05-09
CL-09971,Victoria María Dolores Angulo Calvo,santiagoguardia@example.org,9196313467420,Masculino,2024-03-30
CL-09972,Samu Leal Aramburu,lilia67@example.com,123456,Femenino,2025-03-12
CL-09973,Yéssica Miranda Vera,isasalom@example.com,9855199372653,Masculino,2024-04-25
cl_09974,Leonel Loreto Fuertes Exposito,coral31@example.org,6655014220458,Masculino,2024-04-26
CL-09975,Azeneth Perales,macarenafuster@example.net,4935595360060,Femenino,2024-06-23
cl_09976,Laura Conesa Duque,hcarballo@example.com,1947378890312,Desconocido,2025-07-25
CL-09977,Angelina Carrera Rosales,cecilianoriega@example.org,3025856802834,Masculino,2024-10-04
CL-09978,Tiburcio Infante Campoy,germancuervo@example.org,2118643066377,Masculino,2023-09-09
cl_09979,Felix Rosendo Barranco Bonilla,respinosa@example.com,9763594905884,Masculino,2024-10-11
cl_09980,Benigna del Comas,@gmail.com,5610834399597,Femenino,2024-12-19
CL-09981,Itziar Osuna-Ledesma,kparejo@example.net,2125875841016,Masculino,2024-10-03
CL-09982,Hector Tejero-Ramón,pedro19@example.org,7059783211963,Femenino,2024-12-17
CL-09983,Evita Serna Cruz,arnalamelia@example.com,5366929787957,Masculino,2023-10-15
CL-09984,Abel de Morante,nleal@example.com,61234abc,Masculino,2024-01-17
CL-09985,Dafne Cantero Vidal,maria-carmen96@example.com,0600929977747,Masculino,2024-08-07
cl_09986,Julio César Cuervo Torralba,timoteo97@example.com,7001790282539,Masculino,2023-11-23
CL-09987,Ximena Angelita Arranz Cuadrado,ebarriga@example.org,2608866585098,Femenino,2025-01-10
CL-09988,Primitiva Anguita Reyes,lbello@example.net,3701246125858,Femenino,2024-12-18
CL-09989,Lázaro Parejo Sebastián,maria-jesus98@example.net,4986911142778,Femenino,2024-06-16
CL-09990,,,6251212914434,Femenino,
CL-09991,Balduino Manzanares Badía,apujadas@example.net,3878680195042,Masculino,2025-04-12
CL-09992,Lucio Andres,santiago60@example.net,5093627272881,Desconocido,2024-07-23
CL-09993,Chema Campos-Villalonga,coronadomaria-dolores@example.net,1028278467447,Femenino,2024-09-15
CL-09994,Amado Acedo Samper,bermudezjafet@example.com,6648341317527,Masculino,2025-04-26
CL-09995,Geraldo Tolosa Figueroa,maximilianosantos@example.com,0323962856922,Femenino,2024-01-13
CL-09996,Edmundo Bartolomé-Blasco,cristobal53@example.org,6-123-456,Masculino,2023-11-04
CL-09997,Jose Antonio Badía Vicens,esastre@example.org,8603940348321,Masculino,2023-09-29
CL-09998,José Luis Ramos,melendezprimitiva@example.org,8202811297866,Masculino,2025-03-23
cl_09999,María Dolores del Sanjuan,abel64@example.com,6737031129354,Femenino,2025-06-18
cl_10000,Ana Sofía Landa Manuel,,1560181199195,M,2024-07-24
