inventory_id,branch_id,product_id,stock_actual,stock_minimo,fecha_ingreso,fecha_actualizacion,estado
I-000001,SUC-48,PR-2763,65.0,16.0,2025-05-08,2025-06-20,Disponible
inv_000002,SUC-12,PR-5890,78.0,16.0,2025-04-18,2025-08-21,Disponible
I-000003,SUC-37,PR-4933,76.0,10.0,2025-07-14,2025-07-14,Disponible
inv_000004,SUC-19,PR-4046,90.0,11.0,2025-04-12,2025-06-13,Disponible
I-000005,SUC-23,PR-7555,59.0,11.0,2025-05-17,2025-07-19,Disponible
inv_000006,SUC-25,PR-1596,20.0,15.0,2025-05-15,2025-08-21,Disponible
inv_000007,SUC-13,PR-3026,78.0,10.0,2025-06-24,2025-07-04,Disponible
I-000008,SUC-8,PR-1522,79.0,8.0,2025-03-31,2025-08-24,Disponible
I-000009,SUC-49,PR-7516,38.0,16.0,2025-04-07,2025-08-01,Disponible
I-000010,SUC-30,PR-8889,21.0,15.0,2025-04-27,2025-06-01,Disponible
I-000011,SUC-6,PR-188,20.0,13.0,2025-07-20,2025-07-20,Disponible
inv_000012,SUC-49,PR-310,56.0,9.0,2025-04-24,2025-08-02,Disponible
I-000013,SUC-40,PR-4224,63.0,6.0,2025-07-07,2025-08-02,Disponible
I-000014,SUC-20,PR-3417,96.0,11.0,2025-06-17,2025-08-13,Disponible
I-000015,SUC-32,PR-8119,92.0,13.0,2025-07-01,2025-08-20,Disponible
I-000016,SUC-17,PR-3959,57.0,9.0,2025-05-01,2025-07-03,Disponible
inv_000017,SUC-13,PR-3610,74.0,15.0,2025-05-14,2025-06-11,Disponible
I-000018,SUC-20,PR-8711,73.0,13.0,2025-04-14,2025-07-31,Disponible
I-000019,SUC-20,PR-1028,65.0,12.0,2025-04-06,2025-06-08,Disponible
inv_000020,SUC-3,PR-3373,14.0,16.0,2025-03-03,2025-03-23,Bajo stock
I-000021,SUC-23,PR-4258,73.0,8.0,2025-06-07,2025-07-13,Disponible
I-000022,SUC-6,PR-7247,44.0,11.0,2025-07-14,2025-07-24,Disponible
inv_000023,SUC-28,PR-6625,90.0,5.0,2025-06-20,2025-08-04,Disponible
I-000024,SUC-15,PR-2436,46.0,14.0,2025-03-22,2025-05-17,Disponible
I-000025,SUC-46,PR-4977,95.0,105.0,2025-06-22,2025-08-08,Bajo stock
inv_000026,SUC-44,PR-8470,56.0,17.0,2025-03-05,2025-07-12,Disponible
I-000027,SUC-50,PR-7528,60.0,5.0,2025-05-11,2025-06-05,Disponible
I-000028,SUC-27,PR-6264,51.0,18.0,2025-03-03,2025-06-16,Disponible
I-000029,SUC-43,PR-4456,66.0,6.0,2025-03-11,2025-06-25,Disponible
I-000030,SUC-35,PR-9752,99.0,5.0,2025-05-30,2025-07-25,Disponible
I-000031,SUC-25,PR-4067,68.0,19.0,2025-03-22,2025-08-01,Disponible
I-000032,SUC-23,PR-5492,32.0,11.0,2025-03-12,2025-08-07,Disponible
I-000033,SUC-19,PR-7826,48.0,15.0,2025-04-18,2025-06-02,Disponible
inv_000034,SUC-15,PR-3517,45.0,17.0,2025-06-30,2025-08-15,Disponible
I-000035,SUC-22,PR-8505,30.0,6.0,2025-04-16,,Disponible
I-000036,SUC-17,PR-8329,34.0,19.0,2025-07-19,2025-08-08,Disponible
I-000037,SUC-39,PR-8170,86.0,6.0,2025-07-22,2025-08-12,Disponible
inv_000038,SUC-26,PR-5651,98.0,7.0,2025-07-27,2025-08-21,Disponible
I-000039,SUC-22,PR-8493,83.0,19.0,2025-06-06,2025-08-06,Disponible
I-000040,SUC-36,,11.0,5.0,2025-06-01,2025-07-08,Bajo stock
I-000041,SUC-18,PR-5139,29.0,11.0,2025-04-09,2025-08-19,Disponible
I-000042,SUC-14,PR-7739,28.0,7.0,2025-03-18,2025-05-23,Disponible
inv_000043,SUC-14,PR-6608,84.0,14.0,2025-04-07,2025-05-12,Disponible
I-000044,SUC-6,PR-2615,14.0,20.0,2025-05-28,2025-07-18,Bajo stock
inv_000045,SUC-19,PR-2548,2.0,12.0,2025-06-26,2025-07-12,Bajo stock
inv_000046,SUC-27,PR-6825,100.0,9.0,2025-03-21,2025-06-21,Disponible
inv_000047,SUC-29,PR-2540,95.0,8.0,2025-04-01,2025-08-09,Disponible
I-000048,SUC-14,PR-1823,65.0,5.0,2025-03-25,2025-08-24,Disponible
I-000049,SUC-42,PR-6297,42.0,7.0,2025-03-02,2025-05-27,Disponible
inv_000050,SUC-25,PR-1892,19.0,,2025-04-13,2025-05-02,Disponible
inv_000051,SUC-6,PR-6902,61.0,20.0,2025-05-04,2025-07-06,Disponible
I-000052,SUC-23,PR-603,24.0,8.0,2025-06-28,2025-08-05,Disponible
I-000053,SUC-7,PR-3375,20.0,7.0,2025-03-07,2025-06-01,Disponible
I-000054,SUC-11,PR-1425,94.0,12.0,2025-03-02,2025-08-23,Disponible
inv_000055,SUC-18,PR-5824,1.0,11.0,2025-05-18,2025-05-21,Bajo stock
I-000056,SUC-47,PR-3700,73.0,8.0,2025-04-01,2025-04-24,Disponible
I-000057,SUC-7,PR-8535,2.0,12.0,2025-05-27,2025-05-31,Bajo stock
I-000058,SUC-24,PR-5709,0.0,17.0,2025-04-22,2025-07-14,Agotado
inv_000059,SUC-24,PR-780,88.0,15.0,2025-07-01,2025-08-20,Disponible
inv_000060,SUC-30,PR-5769,96.0,15.0,2025-05-18,2025-05-26,Disponible
inv_000061,SUC-33,PR-3015,89.0,20.0,2025-03-21,2025-07-13,Disponible
inv_000062,SUC-17,PR-7403,86.0,16.0,2025-05-29,2025-08-15,Disponible
I-000063,SUC-17,PR-6676,16.0,20.0,2025-07-05,2025-08-16,Bajo stock
inv_000064,SUC-3,PR-6097,7.0,9.0,2025-05-17,2025-08-16,Bajo stock
I-000065,SUC-48,PR-5638,17.0,8.0,2025-05-05,2025-08-03,Disponible
inv_000066,SUC-48,PR-4576,9.0,9.0,2025-04-27,2025-07-20,Bajo stock
I-000067,SUC-42,PR-6279,98.0,10.0,2025-05-25,2025-07-01,Disponible
inv_000068,SUC-36,PR-9915,34.0,6.0,2025-07-02,2025-07-30,Disponible
I-000069,SUC-50,PR-5168,67.0,6.0,2025-04-14,2025-08-02,Disponible
inv_000070,SUC-35,PR-4375,17.0,7.0,2025-07-09,2025-07-15,Disponible
I-000071,SUC-41,PR-1947,44.0,9.0,2025-07-26,2025-08-11,Disponible
inv_000072,SUC-24,PR-1399,21.0,12.0,2025-03-28,2025-04-27,Disponible
I-000073,SUC-35,PR-8861,7.0,16.0,2025-06-20,2025-07-16,Bajo stock
I-000074,SUC-46,PR-3158,40.0,19.0,2025-07-25,2025-08-04,Disponible
I-000075,SUC-14,PR-670,80.0,90.0,2025-07-22,2025-08-10,Bajo stock
I-000076,SUC-40,PR-7158,45.0,13.0,2025-03-20,2025-04-13,Disponible
I-000077,SUC-17,PR-9052,51.0,19.0,2025-03-08,2025-05-20,Disponible
inv_000078,SUC-1,PR-1344,74.0,19.0,2025-05-17,2025-06-01,Disponible
I-000079,SUC-40,PR-2122,71.0,8.0,2025-04-10,2025-08-09,Disponible
I-000080,SUC-4,PR-9682,70.0,16.0,2025-07-01,2025-08-22,Desconocido
I-000081,SUC-24,PR-1734,80.0,15.0,2025-03-21,2025-04-09,Disponible
I-000082,SUC-11,PR-8118,1.0,8.0,2025-06-27,2025-07-19,Bajo stock
inv_000083,SUC-24,PR-5634,78.0,5.0,2025-04-22,2025-05-16,Disponible
I-000084,SUC-23,PR-6996,31.0,5.0,2025-07-10,2025-08-22,Disponible
inv_000085,SUC-4,PR-9745,12.0,15.0,2025-06-11,2025-08-23,Bajo stock
I-000086,SUC-44,PR-2186,12.0,10.0,2025-07-03,2025-08-13,Disponible
inv_000087,SUC-35,PR-5001,34.0,6.0,2025-07-15,2025-07-19,Disponible
I-000088,SUC-30,PR-3964,45.0,8.0,2025-06-28,2025-07-20,Disponible
I-000089,SUC-21,PR-2114,44.0,7.0,2025-07-16,2025-08-02,Disponible
I-000090,SUC-49,PR-547,,12.0,2025-06-17,2025-08-19,Disponible
I-000091,SUC-3,PR-1181,31.0,8.0,2025-07-27,2025-08-13,Disponible
inv_000092,SUC-49,PR-1064,88.0,7.0,2025-04-25,2025-07-25,Disponible
I-000093,SUC-19,PR-2415,19.0,11.0,2025-04-11,2025-04-24,Disponible
inv_000094,SUC-13,PR-4967,67.0,6.0,2025-03-09,2025-07-14,Disponible
I-000095,SUC-15,PR-2261,33.0,12.0,2025-03-18,2025-04-30,Disponible
I-000096,SUC-30,PR-9464,47.0,16.0,2025-07-04,2025-08-04,Disponible
I-000097,SUC-11,PR-3935,40.0,15.0,2025-07-12,2025-08-07,Disponible
I-000098,SUC-17,PR-7639,8.0,9.0,2025-07-17,2025-08-18,Bajo stock
I-000099,SUC-25,PR-2514,33.0,9.0,2025-04-14,2025-04-27,Disponible
,SUC-29,PR-3920,75.0,85.0,2025-03-06,2025-05-17,Bajo stock
inv_000101,SUC-48,PR-4586,15.0,13.0,2025-05-05,2025-07-31,Disponible
I-000102,SUC-20,PR-251,65.0,11.0,2025-03-10,2025-05-07,Disponible
I-000103,SUC-9,PR-8483,87.0,14.0,2025-04-23,2025-06-02,Disponible
inv_000104,SUC-39,PR-5602,94.0,10.0,2025-05-30,2025-08-19,Disponible
I-000105,SUC-14,PR-7598,35.0,5.0,2025-03-03,,Disponible
I-000106,SUC-7,PR-1966,70.0,7.0,2025-07-21,2025-07-30,Disponible
inv_000107,SUC-14,PR-4893,9.0,5.0,2025-03-27,2025-08-22,Disponible
inv_000108,SUC-28,PR-7715,95.0,11.0,2025-07-04,2025-07-25,Disponible
I-000109,SUC-41,PR-3897,92.0,20.0,2025-07-22,2025-08-28,Disponible
inv_000110,SUC-18,PR-2750,55.0,18.0,2025-07-07,2025-07-14,Disponible
I-000111,SUC-41,PR-8031,29.0,11.0,2025-07-02,2025-07-22,Disponible
inv_000112,SUC-5,PR-8532,62.0,7.0,2025-04-01,2025-04-20,Disponible
inv_000113,SUC-6,PR-8471,74.0,10.0,2025-03-31,2025-08-19,Disponible
inv_000114,SUC-37,PR-9869,70.0,6.0,2025-05-27,2025-08-11,Disponible
I-000115,SUC-32,PR-5249,52.0,20.0,2025-06-25,2025-07-22,Disponible
I-000116,SUC-32,PR-2232,86.0,11.0,2025-03-07,2025-07-20,Disponible
inv_000117,SUC-15,PR-2913,19.0,7.0,2025-07-27,2025-07-30,Disponible
I-000118,SUC-50,PR-8163,5.0,17.0,2025-03-18,2025-05-20,Bajo stock
I-000119,SUC-30,PR-5903,75.0,9.0,2025-06-26,2025-08-26,Disponible
I-000120,SUC-5,,,19.0,2025-07-15,2025-08-05,Agotado
inv_000121,SUC-35,PR-5225,42.0,17.0,2025-07-15,2025-08-27,Disponible
I-000122,SUC-44,PR-3335,98.0,18.0,2025-05-03,2025-05-30,Disponible
I-000123,SUC-48,PR-3672,4.0,14.0,2025-07-21,2025-08-15,Bajo stock
inv_000124,SUC-31,PR-262,56.0,16.0,2025-04-17,2025-06-04,Disponible
inv_000125,SUC-50,PR-876,57.0,,2025-06-20,2025-08-24,Disponible
I-000126,SUC-16,PR-487,78.0,12.0,2025-03-21,2025-05-28,Disponible
I-000127,SUC-21,PR-5491,60.0,18.0,2025-03-18,2025-07-06,Disponible
I-000128,SUC-17,PR-2740,45.0,19.0,2025-07-18,2025-08-11,Disponible
I-000129,SUC-17,PR-8492,30.0,18.0,2025-04-25,2025-05-25,Disponible
I-000130,SUC-26,PR-5313,57.0,10.0,2025-05-18,2025-07-05,Disponible
I-000131,SUC-25,PR-1524,97.0,20.0,2025-03-04,2025-06-18,Disponible
I-000132,SUC-15,PR-455,33.0,12.0,2025-04-13,2025-07-15,Disponible
inv_000133,SUC-32,PR-3436,3.0,9.0,2025-05-08,2025-05-15,Bajo stock
inv_000134,SUC-13,PR-2611,82.0,5.0,2025-04-15,2025-05-06,Disponible
inv_000135,SUC-49,PR-441,5.0,15.0,2025-06-12,2025-06-16,Bajo stock
I-000136,SUC-41,PR-3572,19.0,20.0,2025-06-22,2025-07-21,Bajo stock
I-000137,SUC-17,PR-7005,77.0,17.0,2025-05-06,2025-08-21,Disponible
I-000138,SUC-2,PR-256,73.0,6.0,2025-04-27,2025-06-19,Disponible
I-000139,SUC-21,PR-3465,48.0,11.0,2025-07-09,2025-08-10,Disponible
I-000140,SUC-4,PR-7166,89.0,8.0,2025-07-17,2026-01-01,Disponible
I-000141,SUC-13,PR-8976,99.0,20.0,2025-07-18,2025-08-05,Disponible
I-000142,SUC-4,PR-1557,57.0,18.0,2025-03-11,2025-08-24,Disponible
I-000143,SUC-1,PR-1019,79.0,19.0,2025-04-27,2025-07-20,Disponible
inv_000144,SUC-6,PR-6742,41.0,12.0,2025-04-06,2025-04-20,Disponible
I-000145,SUC-26,PR-556,99.0,20.0,2025-07-21,2025-08-06,Disponible
inv_000146,SUC-1,PR-8707,24.0,8.0,2025-07-21,2025-07-28,Disponible
inv_000147,SUC-14,PR-9318,57.0,20.0,2025-03-06,2025-05-11,Disponible
inv_000148,SUC-21,PR-8742,14.0,7.0,2025-04-03,2025-07-26,Disponible
I-000149,SUC-28,PR-1306,20.0,5.0,2025-05-30,2025-06-17,Disponible
inv_000150,SUC-39,PR-3192,-5.0,5.0,2025-03-17,2025-06-05,Bajo stock
I-000151,SUC-10,PR-9076,18.0,17.0,2025-07-24,2025-08-08,Disponible
inv_000152,SUC-19,PR-1142,98.0,9.0,2025-07-22,2025-08-20,Disponible
inv_000153,SUC-39,PR-5500,56.0,19.0,2025-06-20,2025-07-15,Disponible
I-000154,SUC-8,PR-5464,98.0,17.0,2025-06-16,2025-08-08,Disponible
I-000155,SUC-44,PR-5113,52.0,10.0,2025-04-12,2025-04-13,Disponible
I-000156,SUC-8,PR-6681,34.0,12.0,2025-03-22,2025-05-12,Disponible
I-000157,SUC-37,PR-775,7.0,7.0,2025-03-07,2025-05-10,Bajo stock
I-000158,SUC-34,PR-1643,72.0,20.0,2025-03-13,2025-06-26,Disponible
I-000159,SUC-38,PR-3724,24.0,9.0,2025-03-02,2025-05-14,Disponible
I-000160,SUC-30,PR-2274,68.0,7.0,2025-04-29,2025-05-14,Desconocido
I-000161,SUC-2,PR-7003,52.0,17.0,2025-05-14,2025-08-09,Disponible
I-000162,SUC-12,PR-6049,12.0,7.0,2025-05-10,2025-06-13,Disponible
I-000163,SUC-22,PR-5249,83.0,11.0,2025-03-04,2025-03-30,Disponible
I-000164,SUC-18,PR-3470,98.0,6.0,2025-03-02,2025-04-07,Disponible
I-000165,SUC-9,PR-9623,5.0,13.0,2025-06-24,2025-08-24,Bajo stock
I-000166,SUC-32,PR-4411,79.0,13.0,2025-03-13,2025-07-31,Disponible
I-000167,SUC-20,PR-4382,22.0,6.0,2025-03-24,2025-07-28,Disponible
I-000168,SUC-17,PR-3124,63.0,17.0,2025-07-18,2025-07-20,Disponible
inv_000169,SUC-32,PR-7316,93.0,7.0,2025-03-21,2025-03-31,Disponible
I-000170,SUC-41,PR-9384,17.0,18.0,2025-03-18,2025-06-23,Bajo stock
I-000171,SUC-3,PR-4939,95.0,15.0,2025-05-15,2025-06-01,Disponible
I-000172,SUC-17,PR-5593,61.0,14.0,2025-05-25,2025-07-09,Disponible
I-000173,SUC-49,PR-5441,65.0,10.0,2025-06-09,2025-07-13,Disponible
I-000174,SUC-12,PR-3594,7.0,11.0,2025-04-05,2025-07-29,Bajo stock
I-000175,SUC-36,PR-1619,42.0,,2025-06-11,2025-07-16,Disponible
I-000176,SUC-35,PR-4579,12.0,12.0,2025-03-02,2025-08-19,Bajo stock
I-000177,SUC-45,PR-1278,71.0,17.0,2025-06-15,2025-06-29,Disponible
I-000178,SUC-1,PR-4490,14.0,17.0,2025-06-18,2025-08-14,Bajo stock
I-000179,SUC-33,PR-2473,8.0,19.0,2025-06-19,2025-07-06,Bajo stock
I-000180,SUC-42,PR-7129,-18.0,14.0,2025-03-03,2025-08-01,Bajo stock
I-000181,SUC-13,PR-8876,75.0,18.0,2025-06-20,2025-06-23,Disponible
I-000182,SUC-17,PR-5002,76.0,10.0,2025-07-03,2025-08-02,Disponible
I-000183,SUC-40,PR-7634,73.0,19.0,2025-05-11,2025-07-31,Disponible
I-000184,SUC-40,PR-7422,27.0,20.0,2025-06-06,2025-08-03,Disponible
I-000185,SUC-38,PR-9516,51.0,10.0,2025-07-17,2025-08-03,Disponible
I-000186,SUC-48,PR-9552,54.0,18.0,2025-04-17,2025-06-23,Disponible
inv_000187,SUC-38,PR-8671,10.0,14.0,2025-07-24,2025-08-13,Bajo stock
inv_000188,SUC-23,PR-9953,98.0,12.0,2025-03-26,2025-04-18,Disponible
I-000189,SUC-50,PR-5451,33.0,12.0,2025-04-09,2025-06-13,Disponible
I-000190,SUC-24,PR-9339,48.0,8.0,2025-05-08,2025-07-10,Disponible
inv_000191,SUC-9,PR-1487,56.0,20.0,2025-03-07,2025-05-03,Disponible
I-000192,SUC-10,PR-8910,27.0,6.0,2025-07-15,2025-07-29,Disponible
I-000193,SUC-17,PR-8579,93.0,20.0,2025-04-18,2025-06-23,Disponible
inv_000194,SUC-28,PR-9800,98.0,18.0,2025-06-08,2025-07-06,Disponible
inv_000195,SUC-1,PR-6024,13.0,13.0,2025-06-01,2025-06-05,Bajo stock
inv_000196,SUC-44,PR-6653,70.0,10.0,2025-03-10,2025-04-11,Disponible
I-000197,SUC-19,PR-4651,91.0,9.0,2025-03-18,2025-04-19,Disponible
I-000198,SUC-7,PR-910,62.0,17.0,2025-05-07,2025-05-29,Disponible
I-000199,SUC-21,PR-1351,4.0,11.0,2025-04-22,2025-07-08,Bajo stock
inv_000200,SUC-32,,77.0,,2025-03-23,2025-08-02,Bajo stock
I-000201,SUC-5,PR-6004,0.0,16.0,2025-06-15,2025-07-21,Agotado
I-000202,SUC-26,PR-3402,67.0,12.0,2025-04-20,2025-06-10,Disponible
I-000203,SUC-34,PR-368,100.0,17.0,2025-03-24,2025-08-10,Disponible
I-000204,SUC-49,PR-8431,99.0,18.0,2025-03-11,2025-07-23,Disponible
I-000205,SUC-33,PR-2557,12.0,13.0,2025-07-04,2025-08-18,Bajo stock
I-000206,SUC-5,PR-8328,66.0,12.0,2025-04-14,2025-05-13,Disponible
I-000207,SUC-25,PR-8255,25.0,20.0,2025-03-30,2025-04-23,Disponible
I-000208,SUC-11,PR-8939,10.0,7.0,2025-04-23,2025-05-13,Disponible
inv_000209,SUC-42,PR-7466,92.0,18.0,2025-04-12,2025-05-07,Disponible
I-000210,SUC-3,PR-5696,18.0,11.0,2025-07-04,,Disponible
I-000211,SUC-9,PR-8689,85.0,19.0,2025-05-27,2025-05-28,Disponible
inv_000212,SUC-50,PR-7879,82.0,9.0,2025-05-06,2025-07-29,Disponible
I-000213,SUC-14,PR-4440,47.0,13.0,2025-07-12,2025-08-10,Disponible
inv_000214,SUC-10,PR-4620,63.0,14.0,2025-05-03,2025-05-12,Disponible
I-000215,SUC-13,PR-4253,43.0,14.0,2025-07-25,2025-08-10,Disponible
I-000216,SUC-2,PR-3213,67.0,18.0,2025-04-20,2025-07-04,Disponible
I-000217,SUC-24,PR-7186,33.0,9.0,2025-06-13,2025-06-27,Disponible
I-000218,SUC-32,PR-9757,60.0,20.0,2025-06-20,2025-06-22,Disponible
I-000219,SUC-47,PR-558,6.0,8.0,2025-05-05,2025-08-09,Bajo stock
I-000220,SUC-21,PR-7658,90.0,15.0,2025-04-21,2025-05-26,Desconocido
I-000221,SUC-16,PR-7180,24.0,20.0,2025-05-23,2025-07-15,Disponible
I-000222,SUC-27,PR-8672,32.0,20.0,2025-04-01,2025-05-14,Disponible
I-000223,SUC-2,PR-6207,32.0,19.0,2025-04-30,2025-05-14,Disponible
I-000224,SUC-28,PR-4568,11.0,20.0,2025-07-08,2025-07-11,Bajo stock
I-000225,SUC-43,PR-2023,24.0,11.0,2025-03-04,2025-03-25,Disponible
I-000226,SUC-18,PR-7529,50.0,9.0,2025-07-11,2025-07-22,Disponible
I-000227,SUC-31,PR-7243,45.0,16.0,2025-03-27,2025-07-11,Disponible
I-000228,SUC-16,PR-9750,53.0,14.0,2025-06-12,2025-07-18,Disponible
inv_000229,SUC-44,PR-2217,38.0,10.0,2025-04-04,2025-06-23,Disponible
I-000230,SUC-43,PR-8812,20.0,17.0,2025-07-26,2025-08-11,Disponible
I-000231,SUC-40,PR-8280,68.0,10.0,2025-06-21,2025-07-12,Disponible
I-000232,SUC-38,PR-1766,16.0,5.0,2025-07-09,2025-07-12,Disponible
I-000233,SUC-7,PR-4091,16.0,17.0,2025-03-16,2025-06-23,Bajo stock
inv_000234,SUC-1,PR-7123,5.0,20.0,2025-04-06,2025-07-30,Bajo stock
I-000235,SUC-5,PR-673,99.0,15.0,2025-05-20,2025-07-26,Disponible
I-000236,SUC-46,PR-8160,40.0,14.0,2025-06-18,2025-06-26,Disponible
inv_000237,SUC-3,PR-6600,42.0,19.0,2025-03-13,2025-07-22,Disponible
I-000238,SUC-42,PR-9670,7.0,5.0,2025-04-19,2025-07-24,Disponible
inv_000239,SUC-12,PR-9202,94.0,5.0,2025-07-22,2025-08-25,Disponible
I-000240,SUC-43,,,15.0,2025-07-16,2025-07-16,Agotado
I-000241,SUC-18,PR-3172,99.0,17.0,2025-03-09,2025-05-20,Disponible
I-000242,SUC-47,PR-2137,73.0,6.0,2025-03-16,2025-08-03,Disponible
I-000243,SUC-1,PR-4578,49.0,16.0,2025-04-20,2025-04-28,Disponible
inv_000244,SUC-18,PR-586,64.0,14.0,2025-07-09,2025-08-21,Disponible
I-000245,SUC-42,PR-1941,42.0,15.0,2025-05-11,,Disponible
I-000246,SUC-45,PR-9815,76.0,13.0,2025-07-22,2025-08-24,Disponible
inv_000247,SUC-9,PR-4646,24.0,16.0,2025-05-12,2025-06-09,Disponible
I-000248,SUC-20,PR-5418,44.0,18.0,2025-07-23,2025-07-25,Disponible
I-000249,SUC-13,PR-4691,29.0,18.0,2025-05-31,2025-07-19,Disponible
inv_000250,SUC-32,PR-4517,57.0,13.0,2025-07-17,2025-08-01,Disponible
inv_000251,SUC-35,PR-5659,86.0,19.0,2025-07-05,2025-07-22,Disponible
I-000252,SUC-26,PR-1320,82.0,18.0,2025-07-13,2025-07-29,Disponible
I-000253,SUC-3,PR-7098,20.0,10.0,2025-03-20,2025-06-20,Disponible
I-000254,SUC-33,PR-5855,73.0,15.0,2025-05-20,2025-07-21,Disponible
I-000255,SUC-31,PR-2896,43.0,5.0,2025-03-28,2025-05-04,Disponible
I-000256,SUC-46,PR-811,56.0,19.0,2025-03-31,2025-08-01,Disponible
I-000257,SUC-45,PR-5296,42.0,11.0,2025-04-22,2025-07-09,Disponible
I-000258,SUC-35,PR-909,33.0,12.0,2025-03-02,2025-06-29,Disponible
I-000259,SUC-8,PR-9149,44.0,10.0,2025-05-31,2025-06-01,Disponible
I-000260,SUC-35,PR-7434,39.0,7.0,2025-07-28,2025-08-27,Agotado
I-000261,SUC-1,PR-1697,41.0,12.0,2025-05-14,2025-08-21,Disponible
I-000262,SUC-39,PR-3521,84.0,6.0,2025-07-22,2025-08-11,Disponible
I-000263,SUC-43,PR-3143,42.0,13.0,2025-05-30,2025-07-05,Disponible
I-000264,SUC-35,PR-8626,28.0,13.0,2025-03-19,2025-06-02,Disponible
I-000265,SUC-46,PR-159,84.0,6.0,2025-07-16,2025-08-10,Disponible
I-000266,SUC-37,PR-6129,47.0,7.0,2025-05-31,2025-07-31,Disponible
inv_000267,SUC-21,PR-1382,57.0,13.0,2025-06-08,2025-06-20,Disponible
I-000268,SUC-6,PR-1972,36.0,5.0,2025-05-01,2025-08-27,Disponible
inv_000269,SUC-24,PR-2540,4.0,12.0,2025-07-28,2025-08-02,Bajo stock
I-000270,SUC-43,PR-1877,93.0,15.0,2025-07-06,2025-07-19,Disponible
I-000271,SUC-21,PR-3260,33.0,18.0,2025-03-17,2025-03-17,Disponible
inv_000272,SUC-37,PR-5854,53.0,7.0,2025-03-23,2025-06-19,Disponible
I-000273,SUC-46,PR-1302,5.0,10.0,2025-06-03,2025-07-31,Bajo stock
inv_000274,SUC-38,PR-4514,9.0,11.0,2025-04-10,2025-06-08,Bajo stock
I-000275,SUC-23,PR-3414,10.0,20.0,2025-04-05,2025-08-17,Bajo stock
I-000276,SUC-32,PR-4368,64.0,7.0,2025-04-09,2025-06-07,Disponible
inv_000277,SUC-35,PR-1884,33.0,20.0,2025-06-23,2025-07-26,Disponible
I-000278,SUC-28,PR-542,17.0,6.0,2025-05-02,2025-05-31,Disponible
I-000279,SUC-1,PR-1631,67.0,10.0,2025-03-20,2025-06-02,Disponible
inv_000280,SUC-29,PR-8819,90.0,15.0,2025-03-09,2025-05-20,Bajo stock
inv_000281,SUC-40,PR-5197,92.0,7.0,2025-03-22,2025-07-03,Disponible
I-000282,SUC-5,PR-9596,55.0,5.0,2025-04-02,2025-04-12,Disponible
I-000283,SUC-24,PR-2522,4.0,7.0,2025-06-06,2025-07-30,Bajo stock
I-000284,SUC-40,PR-1301,42.0,12.0,2025-06-21,2025-07-30,Disponible
I-000285,SUC-50,PR-637,88.0,16.0,2025-05-21,2025-06-25,Disponible
I-000286,SUC-6,PR-2980,91.0,10.0,2025-07-14,2025-07-28,Disponible
I-000287,SUC-40,PR-2588,74.0,9.0,2025-03-03,2025-06-19,Disponible
I-000288,SUC-1,PR-6687,19.0,18.0,2025-04-09,2025-06-07,Disponible
I-000289,SUC-25,PR-5621,1.0,6.0,2025-06-30,2025-08-01,Bajo stock
inv_000290,SUC-6,PR-6327,7.0,8.0,2025-06-21,2025-08-06,Bajo stock
inv_000291,SUC-5,PR-9683,17.0,19.0,2025-05-30,2025-08-05,Bajo stock
I-000292,SUC-15,PR-2278,21.0,6.0,2025-07-01,2025-07-05,Disponible
I-000293,SUC-21,PR-9243,46.0,10.0,2025-07-02,2025-07-22,Disponible
inv_000294,SUC-34,PR-5888,12.0,18.0,2025-04-04,2025-06-12,Bajo stock
I-000295,SUC-43,PR-9203,1.0,12.0,2025-03-25,2025-05-28,Bajo stock
inv_000296,SUC-40,PR-2716,19.0,15.0,2025-05-14,2025-08-06,Disponible
I-000297,SUC-24,PR-6168,80.0,6.0,2025-04-25,2025-07-11,Disponible
I-000298,SUC-21,PR-1955,68.0,14.0,2025-07-07,2025-08-19,Disponible
inv_000299,SUC-32,PR-9320,96.0,15.0,2025-06-14,2025-06-15,Disponible
inv_000300,SUC-25,PR-5033,,5.0,2025-03-13,2025-08-20,Desconocido
I-000301,SUC-27,PR-975,72.0,15.0,2025-06-11,2025-08-27,Disponible
I-000302,SUC-47,PR-544,5.0,13.0,2025-06-25,2025-07-04,Bajo stock
I-000303,SUC-1,PR-7841,73.0,20.0,2025-04-21,2025-05-10,Disponible
I-000304,SUC-47,PR-5323,7.0,13.0,2025-04-23,2025-06-08,Bajo stock
I-000305,SUC-43,PR-6247,84.0,15.0,2025-07-15,2025-07-24,Disponible
inv_000306,SUC-36,PR-1756,30.0,17.0,2025-07-17,2025-08-05,Disponible
inv_000307,SUC-44,PR-2517,44.0,15.0,2025-03-06,2025-04-28,Disponible
inv_000308,SUC-33,PR-4199,65.0,5.0,2025-06-12,2025-07-03,Disponible
I-000309,SUC-36,PR-428,4.0,12.0,2025-03-19,2025-05-29,Bajo stock
inv_000310,SUC-49,PR-4494,9.0,16.0,2025-07-05,2025-07-20,Bajo stock
I-000311,SUC-44,PR-6808,72.0,16.0,2025-04-24,2025-06-25,Disponible
inv_000312,SUC-6,PR-3564,17.0,9.0,2025-06-22,2025-07-30,Disponible
inv_000313,SUC-9,PR-805,90.0,19.0,2025-05-02,2025-05-17,Disponible
inv_000314,SUC-48,PR-1621,98.0,6.0,2025-04-06,2025-04-19,Disponible
I-000315,SUC-13,PR-2659,68.0,13.0,2025-06-19,,Disponible
I-000316,SUC-9,PR-9867,70.0,16.0,2025-06-01,2025-08-20,Disponible
I-000317,SUC-34,PR-7172,52.0,15.0,2025-03-19,2025-08-20,Disponible
I-000318,SUC-50,PR-1034,42.0,20.0,2025-04-02,2025-06-01,Disponible
I-000319,SUC-5,PR-5290,34.0,14.0,2025-05-13,2025-08-06,Disponible
inv_000320,SUC-26,PR-9425,17.0,11.0,2025-06-09,2025-06-11,Disponible
I-000321,SUC-5,PR-1581,14.0,8.0,2025-06-03,2025-06-25,Disponible
I-000322,SUC-25,PR-51,14.0,9.0,2025-07-18,2025-07-20,Disponible
I-000323,SUC-49,PR-4131,56.0,13.0,2025-04-25,2025-08-24,Disponible
I-000324,SUC-5,PR-1530,46.0,19.0,2025-07-02,2025-07-19,Disponible
I-000325,SUC-11,PR-8579,59.0,8.0,2025-04-10,2025-07-26,Disponible
inv_000326,SUC-10,PR-750,46.0,18.0,2025-03-24,2025-07-28,Disponible
inv_000327,SUC-35,PR-3562,58.0,14.0,2025-05-26,2025-08-27,Disponible
inv_000328,SUC-4,PR-5255,83.0,7.0,2025-04-27,2025-06-01,Disponible
I-000329,SUC-42,PR-6000,88.0,7.0,2025-05-16,2025-08-04,Disponible
I-000330,SUC-40,PR-9824,,7.0,2025-04-18,2025-07-07,Disponible
inv_000331,SUC-17,PR-6494,66.0,11.0,2025-04-25,2025-06-23,Disponible
I-000332,SUC-19,PR-8964,39.0,7.0,2025-04-23,2025-05-22,Disponible
I-000333,SUC-2,PR-5819,12.0,12.0,2025-06-23,2025-07-05,Bajo stock
I-000334,SUC-26,PR-4723,41.0,17.0,2025-03-19,2025-06-01,Disponible
inv_000335,SUC-14,PR-7530,87.0,17.0,2025-03-12,2025-06-21,Disponible
I-000336,SUC-7,PR-1106,76.0,16.0,2025-07-07,2025-08-16,Disponible
I-000337,SUC-11,PR-3658,50.0,18.0,2025-04-14,2025-07-24,Disponible
inv_000338,SUC-39,PR-919,20.0,12.0,2025-07-05,2025-08-23,Disponible
inv_000339,SUC-47,PR-3927,11.0,17.0,2025-06-19,2025-06-22,Bajo stock
inv_000340,SUC-23,PR-8679,87.0,16.0,2025-07-17,2025-07-20,Agotado
I-000341,SUC-45,PR-106,83.0,20.0,2025-04-28,2025-08-09,Disponible
inv_000342,SUC-14,PR-5803,51.0,20.0,2025-03-07,2025-05-25,Disponible
I-000343,SUC-33,PR-625,82.0,6.0,2025-05-20,2025-07-21,Disponible
I-000344,SUC-15,PR-9267,88.0,20.0,2025-04-12,2025-04-15,Disponible
inv_000345,SUC-12,PR-2799,25.0,13.0,2025-07-12,2025-08-08,Disponible
inv_000346,SUC-21,PR-489,2.0,14.0,2025-04-15,2025-04-19,Bajo stock
I-000347,SUC-19,PR-8151,8.0,20.0,2025-06-25,2025-07-25,Bajo stock
I-000348,SUC-20,PR-4791,67.0,8.0,2025-05-25,2025-07-27,Disponible
inv_000349,SUC-40,PR-961,69.0,10.0,2025-04-04,2025-05-04,Disponible
,SUC-13,PR-737,0.0,14.0,2025-06-16,2026-01-01,Agotado
I-000351,SUC-45,PR-7388,42.0,12.0,2025-05-29,2025-06-30,Disponible
inv_000352,SUC-26,PR-2698,94.0,8.0,2025-05-11,2025-05-27,Disponible
I-000353,SUC-20,PR-6969,81.0,11.0,2025-06-02,2025-06-10,Disponible
inv_000354,SUC-21,PR-8114,39.0,19.0,2025-03-14,2025-05-17,Disponible
inv_000355,SUC-21,PR-6235,0.0,9.0,2025-05-15,2025-08-07,Agotado
inv_000356,SUC-7,PR-6881,18.0,15.0,2025-07-28,2025-07-31,Disponible
I-000357,SUC-49,PR-9950,53.0,11.0,2025-03-30,2025-08-09,Disponible
inv_000358,SUC-11,PR-8,11.0,6.0,2025-03-16,2025-06-18,Disponible
I-000359,SUC-39,PR-7882,23.0,10.0,2025-06-12,2025-08-25,Disponible
I-000360,SUC-30,,,6.0,2025-05-17,2025-07-07,Desconocido
inv_000361,SUC-46,PR-3329,83.0,16.0,2025-03-18,2025-04-26,Disponible
inv_000362,SUC-18,PR-207,72.0,14.0,2025-05-15,2025-06-14,Disponible
I-000363,SUC-38,PR-9557,44.0,5.0,2025-07-01,2025-08-04,Disponible
I-000364,SUC-8,PR-5056,45.0,16.0,2025-06-23,2025-06-23,Disponible
inv_000365,SUC-30,PR-1535,79.0,8.0,2025-06-01,2025-06-16,Disponible
I-000366,SUC-41,PR-4725,73.0,6.0,2025-03-13,2025-03-14,Disponible
I-000367,SUC-13,PR-7925,2.0,9.0,2025-05-07,2025-08-23,Bajo stock
I-000368,SUC-28,PR-4749,81.0,12.0,2025-05-30,2025-08-08,Disponible
I-000369,SUC-10,PR-919,36.0,17.0,2025-05-31,2025-07-25,Disponible
I-000370,SUC-7,PR-6997,42.0,13.0,2025-06-27,2025-08-28,Disponible
I-000371,SUC-49,PR-8755,5.0,13.0,2025-05-21,2025-06-29,Bajo stock
I-000372,SUC-46,PR-5472,97.0,11.0,2025-03-04,2025-06-08,Disponible
I-000373,SUC-43,PR-9909,30.0,13.0,2025-03-10,2025-04-19,Disponible
I-000374,SUC-2,PR-8245,41.0,15.0,2025-04-25,2025-05-13,Disponible
inv_000375,SUC-24,PR-6094,71.0,,2025-06-06,2025-07-27,Disponible
inv_000376,SUC-25,PR-5808,0.0,13.0,2025-03-18,2025-06-04,Agotado
I-000377,SUC-3,PR-692,37.0,19.0,2025-05-06,2025-07-12,Disponible
I-000378,SUC-33,PR-3593,48.0,18.0,2025-07-21,2025-08-09,Disponible
I-000379,SUC-19,PR-7892,100.0,18.0,2025-03-26,2025-08-01,Disponible
inv_000380,SUC-3,PR-6122,52.0,5.0,2025-07-07,2025-07-12,Desconocido
inv_000381,SUC-46,PR-7207,70.0,15.0,2025-07-03,2025-07-21,Disponible
I-000382,SUC-9,PR-7171,81.0,12.0,2025-05-23,2025-07-02,Disponible
I-000383,SUC-48,PR-8870,32.0,15.0,2025-03-25,2025-05-23,Disponible
I-000384,SUC-16,PR-8857,58.0,18.0,2025-05-04,2025-07-11,Disponible
I-000385,SUC-27,PR-5557,85.0,19.0,2025-04-08,2025-04-27,Disponible
I-000386,SUC-46,PR-2265,22.0,9.0,2025-04-20,2025-05-29,Disponible
I-000387,SUC-26,PR-9192,98.0,11.0,2025-05-11,2025-06-17,Disponible
I-000388,SUC-28,PR-8277,38.0,10.0,2025-05-21,2025-08-03,Disponible
inv_000389,SUC-30,PR-794,25.0,15.0,2025-06-17,2025-06-27,Disponible
I-000390,SUC-32,PR-1539,,6.0,2025-05-12,2025-06-10,Disponible
inv_000391,SUC-7,PR-8277,43.0,11.0,2025-04-18,2025-08-21,Disponible
inv_000392,SUC-45,PR-2750,59.0,7.0,2025-05-26,2025-07-09,Disponible
I-000393,SUC-15,PR-9356,54.0,12.0,2025-04-15,2025-08-04,Disponible
inv_000394,SUC-33,PR-7932,48.0,6.0,2025-05-03,2025-05-21,Disponible
inv_000395,SUC-12,PR-2789,40.0,11.0,2025-05-11,2025-05-28,Disponible
I-000396,SUC-15,PR-7275,12.0,13.0,2025-06-11,2025-08-03,Bajo stock
inv_000397,SUC-40,PR-507,42.0,6.0,2025-07-12,2025-08-17,Disponible
inv_000398,SUC-42,PR-7160,47.0,20.0,2025-03-22,2025-04-06,Disponible
inv_000399,SUC-17,PR-9223,47.0,13.0,2025-06-01,2025-08-27,Disponible
,SUC-8,,39.0,17.0,2025-03-19,2025-07-17,Bajo stock
I-000401,SUC-41,PR-4131,29.0,16.0,2025-06-23,2025-08-25,Disponible
inv_000402,SUC-1,PR-4339,16.0,9.0,2025-05-18,2025-06-26,Disponible
I-000403,SUC-17,PR-1891,46.0,14.0,2025-06-20,2025-08-28,Disponible
inv_000404,SUC-25,PR-499,12.0,16.0,2025-04-27,2025-04-27,Bajo stock
I-000405,SUC-44,PR-9371,90.0,19.0,2025-04-21,2025-07-09,Disponible
I-000406,SUC-35,PR-5419,95.0,13.0,2025-04-01,2025-08-18,Disponible
inv_000407,SUC-13,PR-3815,48.0,12.0,2025-04-02,2025-06-01,Disponible
I-000408,SUC-20,PR-1276,51.0,18.0,2025-06-25,2025-07-04,Disponible
inv_000409,SUC-30,PR-1796,10.0,18.0,2025-06-30,2025-07-15,Bajo stock
I-000410,SUC-15,PR-4573,57.0,16.0,2025-03-12,2025-04-06,Disponible
inv_000411,SUC-33,PR-5806,39.0,17.0,2025-05-03,2025-07-18,Disponible
I-000412,SUC-37,PR-4179,5.0,20.0,2025-04-14,2025-05-05,Bajo stock
I-000413,SUC-16,PR-3048,24.0,11.0,2025-05-10,2025-08-19,Disponible
I-000414,SUC-44,PR-4925,17.0,8.0,2025-05-19,2025-07-26,Disponible
I-000415,SUC-33,PR-1436,33.0,11.0,2025-04-29,2025-05-25,Disponible
I-000416,SUC-18,PR-8124,13.0,13.0,2025-06-02,2025-07-25,Bajo stock
inv_000417,SUC-46,PR-7633,54.0,20.0,2025-03-08,2025-05-05,Disponible
I-000418,SUC-25,PR-1292,87.0,15.0,2025-06-30,2025-07-19,Disponible
inv_000419,SUC-35,PR-366,31.0,12.0,2025-05-27,2025-06-23,Disponible
I-000420,SUC-43,PR-3497,,18.0,2025-04-22,,Desconocido
I-000421,SUC-22,PR-511,52.0,12.0,2025-07-15,2025-08-04,Disponible
I-000422,SUC-50,PR-5320,41.0,17.0,2025-07-23,2025-08-14,Disponible
inv_000423,SUC-5,PR-5870,44.0,9.0,2025-07-06,2025-07-24,Disponible
I-000424,SUC-29,PR-6772,7.0,14.0,2025-06-03,2025-08-01,Bajo stock
inv_000425,SUC-28,PR-3388,60.0,70.0,2025-06-24,2025-07-06,Bajo stock
inv_000426,SUC-46,PR-8302,100.0,19.0,2025-04-20,2025-05-31,Disponible
inv_000427,SUC-12,PR-9368,73.0,18.0,2025-03-13,2025-08-07,Disponible
I-000428,SUC-13,PR-1737,55.0,12.0,2025-03-20,2025-06-28,Disponible
I-000429,SUC-18,PR-3515,33.0,19.0,2025-07-05,2025-07-12,Disponible
inv_000430,SUC-8,PR-3730,90.0,19.0,2025-05-16,2025-06-12,Disponible
inv_000431,SUC-5,PR-9104,38.0,8.0,2025-07-23,2025-08-24,Disponible
inv_000432,SUC-2,PR-135,1.0,6.0,2025-03-12,2025-04-22,Bajo stock
inv_000433,SUC-31,PR-2131,50.0,20.0,2025-04-10,2025-05-08,Disponible
I-000434,SUC-7,PR-7524,46.0,18.0,2025-04-13,2025-07-08,Disponible
I-000435,SUC-47,PR-2728,99.0,19.0,2025-03-02,2025-06-04,Disponible
inv_000436,SUC-22,PR-4417,82.0,11.0,2025-07-21,2025-08-06,Disponible
I-000437,SUC-7,PR-245,12.0,15.0,2025-03-26,2025-06-08,Bajo stock
I-000438,SUC-3,PR-2604,5.0,5.0,2025-03-02,2025-03-20,Bajo stock
I-000439,SUC-24,PR-7120,70.0,10.0,2025-04-10,2025-08-25,Disponible
I-000440,SUC-7,,47.0,6.0,2025-04-10,2025-04-21,Bajo stock
inv_000441,SUC-48,PR-731,93.0,11.0,2025-06-01,2025-08-04,Disponible
I-000442,SUC-38,PR-1516,41.0,15.0,2025-04-07,2025-08-04,Disponible
inv_000443,SUC-48,PR-189,31.0,9.0,2025-06-23,2025-06-27,Disponible
I-000444,SUC-19,PR-4369,41.0,10.0,2025-04-30,2025-05-31,Disponible
I-000445,SUC-19,PR-6726,67.0,15.0,2025-06-23,2025-08-20,Disponible
I-000446,SUC-6,PR-5642,81.0,18.0,2025-05-15,2025-08-18,Disponible
I-000447,SUC-12,PR-4011,9.0,10.0,2025-06-11,2025-06-22,Bajo stock
I-000448,SUC-29,PR-7816,3.0,6.0,2025-06-18,2025-07-08,Bajo stock
I-000449,SUC-40,PR-4963,47.0,19.0,2025-05-09,2025-05-15,Disponible
inv_000450,SUC-36,PR-771,,50.0,2025-05-12,2025-05-19,Disponible
inv_000451,SUC-1,PR-5888,80.0,10.0,2025-04-16,2025-05-04,Disponible
I-000452,SUC-21,PR-3821,28.0,18.0,2025-07-18,2025-07-26,Disponible
I-000453,SUC-30,PR-8644,68.0,5.0,2025-06-08,2025-07-18,Disponible
I-000454,SUC-16,PR-4761,20.0,13.0,2025-06-04,2025-06-25,Disponible
I-000455,SUC-35,PR-631,68.0,7.0,2025-05-06,2026-01-01,Disponible
I-000456,SUC-6,PR-4394,21.0,5.0,2025-06-01,2025-08-06,Disponible
inv_000457,SUC-39,PR-601,100.0,13.0,2025-07-22,2025-08-22,Disponible
inv_000458,SUC-13,PR-4459,99.0,9.0,2025-03-21,2025-07-11,Disponible
I-000459,SUC-22,PR-3799,49.0,9.0,2025-05-27,2025-08-01,Disponible
inv_000460,SUC-9,PR-3331,51.0,5.0,2025-05-30,2025-06-03,Bajo stock
I-000461,SUC-27,PR-2199,50.0,8.0,2025-03-08,2025-04-05,Disponible
I-000462,SUC-33,PR-6615,98.0,20.0,2025-05-18,2025-08-02,Disponible
I-000463,SUC-41,PR-5292,83.0,17.0,2025-04-14,2025-04-29,Disponible
inv_000464,SUC-32,PR-5926,20.0,17.0,2025-05-24,2025-06-21,Disponible
inv_000465,SUC-33,PR-6580,59.0,12.0,2025-04-27,2025-05-22,Disponible
I-000466,SUC-19,PR-4265,18.0,7.0,2025-04-15,2025-07-21,Disponible
inv_000467,SUC-1,PR-8902,43.0,16.0,2025-05-02,2025-07-20,Disponible
I-000468,SUC-24,PR-7332,77.0,11.0,2025-07-29,2025-08-05,Disponible
inv_000469,SUC-27,PR-9588,35.0,6.0,2025-06-30,2025-08-12,Disponible
inv_000470,SUC-26,PR-5914,95.0,9.0,2025-05-05,2025-08-06,Disponible
I-000471,SUC-33,PR-2586,13.0,17.0,2025-07-26,2025-08-14,Bajo stock
I-000472,SUC-45,PR-1162,57.0,8.0,2025-04-11,2025-04-16,Disponible
inv_000473,SUC-31,PR-995,35.0,9.0,2025-07-18,2025-07-25,Disponible
I-000474,SUC-8,PR-7256,43.0,7.0,2025-05-25,2025-07-23,Disponible
I-000475,SUC-35,PR-9439,86.0,96.0,2025-04-03,2025-04-05,Bajo stock
I-000476,SUC-18,PR-8192,90.0,9.0,2025-04-28,2025-07-27,Disponible
inv_000477,SUC-8,PR-8360,55.0,17.0,2025-07-21,2025-07-31,Disponible
inv_000478,SUC-36,PR-3477,65.0,18.0,2025-07-02,2025-08-05,Disponible
I-000479,SUC-25,PR-1412,32.0,17.0,2025-05-29,2025-07-08,Disponible
I-000480,SUC-13,,,5.0,2025-05-16,2025-06-17,Agotado
I-000481,SUC-9,PR-7784,78.0,9.0,2025-06-22,2025-07-19,Disponible
inv_000482,SUC-23,PR-2003,85.0,8.0,2025-04-24,2025-05-11,Disponible
I-000483,SUC-10,PR-2929,57.0,6.0,2025-03-18,2025-06-08,Disponible
inv_000484,SUC-41,PR-1448,73.0,6.0,2025-07-17,2025-08-24,Disponible
I-000485,SUC-27,PR-5922,20.0,18.0,2025-03-06,2025-06-01,Disponible
I-000486,SUC-17,PR-7775,64.0,7.0,2025-07-20,2025-08-27,Disponible
inv_000487,SUC-34,PR-9175,13.0,6.0,2025-06-23,2025-07-08,Disponible
inv_000488,SUC-13,PR-3462,28.0,18.0,2025-03-10,2025-08-13,Disponible
I-000489,SUC-47,PR-4298,19.0,20.0,2025-03-04,2025-04-25,Bajo stock
I-000490,SUC-15,PR-5261,40.0,8.0,2025-06-26,2025-06-28,Disponible
inv_000491,SUC-27,PR-1899,65.0,17.0,2025-03-03,2025-04-21,Disponible
I-000492,SUC-38,PR-9169,7.0,16.0,2025-04-16,2025-05-19,Bajo stock
I-000493,SUC-20,PR-514,1.0,16.0,2025-06-13,2025-08-19,Bajo stock
I-000494,SUC-7,PR-7914,65.0,5.0,2025-07-16,2025-08-16,Disponible
inv_000495,SUC-8,PR-2799,86.0,20.0,2025-03-02,2025-08-14,Disponible
inv_000496,SUC-18,PR-7062,17.0,16.0,2025-05-06,2025-06-24,Disponible
I-000497,SUC-49,PR-2656,85.0,9.0,2025-06-27,2025-08-13,Disponible
inv_000498,SUC-1,PR-1558,97.0,19.0,2025-05-22,2025-07-27,Disponible
I-000499,SUC-31,PR-8025,91.0,19.0,2025-04-03,2025-05-20,Disponible
,SUC-49,PR-3881,33.0,10.0,2025-04-24,2025-06-12,Bajo stock
I-000501,SUC-29,PR-6201,4.0,5.0,2025-03-18,2025-04-28,Bajo stock
inv_000502,SUC-47,PR-5356,5.0,8.0,2025-04-19,2025-06-05,Bajo stock
I-000503,SUC-5,PR-1827,82.0,18.0,2025-07-03,2025-07-13,Disponible
I-000504,SUC-45,PR-1269,95.0,8.0,2025-04-09,2025-06-06,Disponible
I-000505,SUC-25,PR-9984,26.0,9.0,2025-03-24,2025-05-18,Disponible
I-000506,SUC-26,PR-3293,32.0,13.0,2025-05-13,2025-05-26,Disponible
inv_000507,SUC-41,PR-7301,7.0,17.0,2025-06-22,2025-06-23,Bajo stock
I-000508,SUC-45,PR-1722,12.0,12.0,2025-04-21,2025-06-02,Bajo stock
I-000509,SUC-16,PR-2043,88.0,13.0,2025-05-28,2025-05-29,Disponible
I-000510,SUC-18,PR-9832,78.0,8.0,2025-07-17,2025-08-09,Disponible
I-000511,SUC-15,PR-4669,74.0,10.0,2025-03-03,2025-06-10,Disponible
I-000512,SUC-50,PR-3416,43.0,15.0,2025-04-25,2025-05-12,Disponible
I-000513,SUC-13,PR-7901,1.0,19.0,2025-05-23,2025-08-01,Bajo stock
I-000514,SUC-31,PR-7440,50.0,14.0,2025-06-17,2025-08-27,Disponible
I-000515,SUC-14,PR-1955,19.0,17.0,2025-07-13,2025-08-11,Disponible
I-000516,SUC-24,PR-4875,98.0,13.0,2025-04-29,2025-07-22,Disponible
I-000517,SUC-34,PR-5531,24.0,10.0,2025-06-17,2025-08-23,Disponible
I-000518,SUC-30,PR-3162,63.0,20.0,2025-03-13,2025-06-20,Disponible
inv_000519,SUC-7,PR-5063,75.0,7.0,2025-06-07,2025-07-15,Disponible
I-000520,SUC-9,,69.0,6.0,2025-07-03,2025-07-07,Desconocido
I-000521,SUC-6,PR-5310,82.0,10.0,2025-05-25,2025-07-19,Disponible
I-000522,SUC-29,PR-3935,70.0,12.0,2025-04-28,2025-08-27,Disponible
I-000523,SUC-11,PR-3688,15.0,18.0,2025-05-23,2025-06-13,Bajo stock
I-000524,SUC-39,PR-8860,84.0,9.0,2025-05-24,2025-08-01,Disponible
I-000525,SUC-47,PR-6208,41.0,51.0,2025-04-07,2026-01-01,Bajo stock
inv_000526,SUC-21,PR-902,88.0,16.0,2025-07-21,2025-08-07,Disponible
inv_000527,SUC-3,PR-55,99.0,5.0,2025-04-19,2025-08-08,Disponible
inv_000528,SUC-23,PR-4517,45.0,13.0,2025-05-12,2025-05-12,Disponible
I-000529,SUC-28,PR-1493,88.0,19.0,2025-07-29,2025-08-05,Disponible
I-000530,SUC-37,PR-5946,57.0,20.0,2025-05-24,2025-06-28,Disponible
inv_000531,SUC-46,PR-5874,85.0,12.0,2025-05-02,2025-07-22,Disponible
I-000532,SUC-35,PR-9619,29.0,13.0,2025-06-26,2025-08-16,Disponible
inv_000533,SUC-18,PR-4769,89.0,7.0,2025-06-07,2025-06-18,Disponible
I-000534,SUC-32,PR-736,89.0,14.0,2025-04-16,2025-05-07,Disponible
I-000535,SUC-33,PR-328,72.0,6.0,2025-04-29,2025-05-15,Disponible
I-000536,SUC-29,PR-2241,69.0,6.0,2025-04-10,2025-06-04,Disponible
I-000537,SUC-6,PR-7169,30.0,17.0,2025-04-09,2025-08-23,Disponible
I-000538,SUC-42,PR-630,23.0,16.0,2025-03-24,2025-07-11,Disponible
inv_000539,SUC-33,PR-9468,60.0,15.0,2025-07-10,2025-08-20,Disponible
inv_000540,SUC-44,PR-5040,-3.0,5.0,2025-06-20,2025-07-29,Bajo stock
I-000541,SUC-4,PR-7832,65.0,17.0,2025-05-19,2025-06-15,Disponible
I-000542,SUC-17,PR-5633,2.0,6.0,2025-04-02,2025-05-15,Bajo stock
inv_000543,SUC-18,PR-1173,91.0,15.0,2025-06-15,2025-08-04,Disponible
I-000544,SUC-5,PR-4552,56.0,8.0,2025-04-29,2025-05-23,Disponible
I-000545,SUC-16,PR-8592,43.0,10.0,2025-06-27,2025-08-17,Disponible
I-000546,SUC-42,PR-4969,9.0,12.0,2025-03-28,2025-08-12,Bajo stock
I-000547,SUC-41,PR-1266,73.0,13.0,2025-06-11,2025-06-18,Disponible
inv_000548,SUC-23,PR-4933,73.0,13.0,2025-06-28,2025-08-07,Disponible
I-000549,SUC-42,PR-3363,36.0,17.0,2025-06-06,2025-06-09,Disponible
,SUC-20,PR-876,9.0,,2025-04-18,2025-07-01,Disponible
I-000551,SUC-37,PR-5926,70.0,17.0,2025-03-07,2025-04-03,Disponible
inv_000552,SUC-44,PR-7568,23.0,6.0,2025-07-25,2025-08-28,Disponible
I-000553,SUC-31,PR-5858,55.0,14.0,2025-06-08,2025-07-29,Disponible
I-000554,SUC-13,PR-4442,11.0,19.0,2025-07-26,2025-08-03,Bajo stock
inv_000555,SUC-1,PR-2332,0.0,17.0,2025-03-02,2025-03-03,Agotado
I-000556,SUC-17,PR-5301,50.0,10.0,2025-07-18,2025-07-30,Disponible
I-000557,SUC-14,PR-3821,21.0,17.0,2025-05-06,2025-08-25,Disponible
I-000558,SUC-19,PR-5571,89.0,10.0,2025-03-25,2025-08-03,Disponible
I-000559,SUC-33,PR-8426,9.0,6.0,2025-06-06,2025-08-09,Disponible
inv_000560,SUC-40,PR-1695,3.0,6.0,2025-07-12,,Bajo stock
inv_000561,SUC-5,PR-2554,76.0,7.0,2025-03-05,2025-03-23,Disponible
inv_000562,SUC-10,PR-5821,90.0,8.0,2025-06-19,2025-07-30,Disponible
I-000563,SUC-45,PR-8478,82.0,15.0,2025-06-14,2025-07-01,Disponible
I-000564,SUC-18,PR-5591,91.0,18.0,2025-04-03,2025-04-22,Disponible
I-000565,SUC-9,PR-2223,50.0,5.0,2025-05-19,2025-06-23,Disponible
I-000566,SUC-27,PR-4403,58.0,18.0,2025-07-28,2025-08-08,Disponible
I-000567,SUC-3,PR-9768,14.0,10.0,2025-07-20,2025-08-03,Disponible
I-000568,SUC-16,PR-1192,89.0,13.0,2025-07-23,2025-08-28,Disponible
I-000569,SUC-30,PR-3806,35.0,16.0,2025-05-09,2025-07-09,Disponible
I-000570,SUC-46,PR-6842,-12.0,12.0,2025-06-13,2025-08-26,Bajo stock
inv_000571,SUC-7,PR-1859,95.0,9.0,2025-04-26,2025-08-19,Disponible
I-000572,SUC-38,PR-9927,25.0,10.0,2025-05-23,2025-08-05,Disponible
I-000573,SUC-18,PR-2156,8.0,12.0,2025-06-08,2025-08-23,Bajo stock
I-000574,SUC-21,PR-7517,61.0,7.0,2025-06-11,2025-06-28,Disponible
inv_000575,SUC-29,PR-4431,83.0,15.0,2025-07-09,2025-08-27,Disponible
inv_000576,SUC-8,PR-6016,40.0,8.0,2025-05-12,2025-07-22,Disponible
I-000577,SUC-38,PR-6345,18.0,10.0,2025-04-02,2025-08-06,Disponible
I-000578,SUC-28,PR-146,100.0,6.0,2025-06-02,2025-06-26,Disponible
I-000579,SUC-1,PR-839,4.0,7.0,2025-07-06,2025-08-04,Bajo stock
I-000580,SUC-5,PR-9842,64.0,13.0,2025-03-22,2025-07-03,Desconocido
I-000581,SUC-26,PR-5410,0.0,6.0,2025-04-24,2025-07-30,Agotado
I-000582,SUC-12,PR-130,37.0,12.0,2025-07-26,2025-08-28,Disponible
inv_000583,SUC-4,PR-4890,75.0,7.0,2025-06-17,2025-07-31,Disponible
I-000584,SUC-43,PR-7634,44.0,5.0,2025-05-07,2025-08-05,Disponible
I-000585,SUC-50,PR-887,57.0,18.0,2025-03-20,2025-08-12,Disponible
I-000586,SUC-15,PR-9420,35.0,19.0,2025-06-19,2025-07-14,Disponible
I-000587,SUC-44,PR-1989,41.0,7.0,2025-05-18,2025-07-16,Disponible
I-000588,SUC-21,PR-278,19.0,17.0,2025-04-06,2025-08-13,Disponible
inv_000589,SUC-50,PR-9074,74.0,16.0,2025-03-03,2025-03-21,Disponible
inv_000590,SUC-13,PR-5251,57.0,9.0,2025-03-15,2025-07-26,Disponible
I-000591,SUC-13,PR-7795,28.0,5.0,2025-06-26,2025-07-21,Disponible
inv_000592,SUC-5,PR-9162,17.0,13.0,2025-04-15,2025-08-15,Disponible
inv_000593,SUC-37,PR-4163,75.0,18.0,2025-07-04,2025-07-17,Disponible
inv_000594,SUC-38,PR-3833,68.0,19.0,2025-06-21,2025-08-14,Disponible
I-000595,SUC-9,PR-7977,59.0,11.0,2025-03-05,2026-01-01,Disponible
I-000596,SUC-29,PR-9723,58.0,13.0,2025-07-22,2025-08-05,Disponible
I-000597,SUC-34,PR-1606,32.0,13.0,2025-07-29,2025-08-02,Disponible
inv_000598,SUC-25,PR-2338,64.0,18.0,2025-06-11,2025-06-13,Disponible
I-000599,SUC-46,PR-8099,94.0,11.0,2025-05-20,2025-06-25,Disponible
inv_000600,SUC-31,,,,2025-04-20,2025-05-14,Agotado
I-000601,SUC-2,PR-1551,90.0,10.0,2025-03-16,2025-04-07,Disponible
I-000602,SUC-8,PR-4521,22.0,5.0,2025-03-18,2025-08-24,Disponible
I-000603,SUC-43,PR-3591,60.0,5.0,2025-03-10,2025-07-08,Disponible
I-000604,SUC-39,PR-8112,0.0,20.0,2025-04-07,2025-06-02,Agotado
I-000605,SUC-35,PR-7071,77.0,8.0,2025-05-11,2025-07-16,Disponible
I-000606,SUC-39,PR-482,20.0,15.0,2025-05-10,2025-07-24,Disponible
I-000607,SUC-1,PR-7409,73.0,9.0,2025-03-07,2025-05-07,Disponible
I-000608,SUC-8,PR-6544,42.0,10.0,2025-07-18,2025-08-03,Disponible
I-000609,SUC-40,PR-2736,5.0,14.0,2025-03-20,2025-08-24,Bajo stock
inv_000610,SUC-30,PR-5530,40.0,5.0,2025-03-19,2025-05-06,Disponible
I-000611,SUC-42,PR-6941,94.0,8.0,2025-04-17,2025-08-07,Disponible
I-000612,SUC-48,PR-8614,90.0,6.0,2025-05-06,2025-06-22,Disponible
inv_000613,SUC-47,PR-2637,37.0,9.0,2025-06-04,2025-08-28,Disponible
I-000614,SUC-8,PR-2084,29.0,8.0,2025-04-11,2025-04-26,Disponible
I-000615,SUC-39,PR-8089,8.0,16.0,2025-03-15,2025-03-25,Bajo stock
I-000616,SUC-32,PR-1190,55.0,16.0,2025-04-03,2025-07-24,Disponible
I-000617,SUC-5,PR-6226,80.0,11.0,2025-07-15,2025-07-23,Disponible
inv_000618,SUC-15,PR-5665,39.0,18.0,2025-07-17,2025-08-20,Disponible
I-000619,SUC-33,PR-6081,6.0,16.0,2025-05-16,2025-07-13,Bajo stock
inv_000620,SUC-35,PR-4884,9.0,16.0,2025-06-01,2025-07-01,Bajo stock
inv_000621,SUC-2,PR-5174,17.0,10.0,2025-06-28,2025-08-27,Disponible
I-000622,SUC-43,PR-4844,99.0,5.0,2025-06-14,2025-07-28,Disponible
I-000623,SUC-10,PR-3919,56.0,10.0,2025-07-17,2025-07-31,Disponible
inv_000624,SUC-17,PR-7031,90.0,10.0,2025-06-26,2025-07-07,Disponible
I-000625,SUC-22,PR-2486,36.0,12.0,2025-04-17,2025-06-08,Disponible
I-000626,SUC-36,PR-2111,18.0,10.0,2025-03-20,2025-08-15,Disponible
I-000627,SUC-21,PR-5472,48.0,16.0,2025-04-05,2025-08-11,Disponible
inv_000628,SUC-4,PR-7663,90.0,18.0,2025-04-17,2025-06-28,Disponible
inv_000629,SUC-18,PR-8374,57.0,15.0,2025-03-27,2025-08-14,Disponible
inv_000630,SUC-30,PR-9680,67.0,16.0,2025-07-12,2026-01-01,Disponible
I-000631,SUC-30,PR-4263,81.0,19.0,2025-04-18,2025-06-19,Disponible
I-000632,SUC-3,PR-1831,31.0,13.0,2025-04-10,2025-06-03,Disponible
inv_000633,SUC-32,PR-2295,54.0,9.0,2025-07-28,2025-08-20,Disponible
inv_000634,SUC-33,PR-8988,98.0,10.0,2025-07-29,2025-08-02,Disponible
inv_000635,SUC-50,PR-8735,23.0,5.0,2025-05-25,2025-06-15,Disponible
inv_000636,SUC-48,PR-4781,49.0,15.0,2025-03-31,2025-05-05,Disponible
I-000637,SUC-34,PR-4146,44.0,5.0,2025-04-23,2025-07-06,Disponible
I-000638,SUC-41,PR-977,94.0,14.0,2025-04-29,2025-08-15,Disponible
inv_000639,SUC-9,PR-6299,77.0,18.0,2025-03-20,2025-07-01,Disponible
inv_000640,SUC-39,,36.0,11.0,2025-07-27,2025-08-24,Agotado
inv_000641,SUC-24,PR-9041,89.0,11.0,2025-03-13,2025-05-23,Disponible
inv_000642,SUC-30,PR-4969,34.0,11.0,2025-03-24,2025-06-14,Disponible
inv_000643,SUC-44,PR-7168,31.0,8.0,2025-03-30,2025-04-04,Disponible
I-000644,SUC-4,PR-5922,33.0,20.0,2025-06-11,2025-06-15,Disponible
I-000645,SUC-39,PR-176,22.0,13.0,2025-06-16,2025-07-19,Disponible
I-000646,SUC-44,PR-7115,65.0,10.0,2025-03-22,2025-03-24,Disponible
I-000647,SUC-29,PR-3649,95.0,17.0,2025-07-09,2025-08-03,Disponible
I-000648,SUC-32,PR-4907,27.0,9.0,2025-07-12,2025-08-10,Disponible
inv_000649,SUC-4,PR-3227,87.0,19.0,2025-05-21,2025-06-24,Disponible
I-000650,SUC-35,PR-7220,75.0,85.0,2025-06-05,2025-07-17,Bajo stock
I-000651,SUC-24,PR-3916,80.0,20.0,2025-07-02,2025-07-06,Disponible
inv_000652,SUC-26,PR-1048,23.0,7.0,2025-07-26,2025-08-28,Disponible
I-000653,SUC-2,PR-218,42.0,13.0,2025-05-25,2025-06-19,Disponible
I-000654,SUC-7,PR-7316,84.0,14.0,2025-07-05,2025-08-16,Disponible
inv_000655,SUC-12,PR-4257,34.0,9.0,2025-06-01,2025-08-02,Disponible
I-000656,SUC-25,PR-8273,90.0,14.0,2025-04-05,2025-04-09,Disponible
I-000657,SUC-42,PR-8284,1.0,12.0,2025-07-19,2025-08-01,Bajo stock
I-000658,SUC-25,PR-402,22.0,10.0,2025-04-26,2025-05-08,Disponible
inv_000659,SUC-37,PR-1943,24.0,9.0,2025-06-22,2025-08-08,Disponible
I-000660,SUC-37,PR-7930,-12.0,18.0,2025-04-20,2025-07-20,Bajo stock
inv_000661,SUC-31,PR-6547,42.0,9.0,2025-04-06,2025-04-10,Disponible
I-000662,SUC-17,PR-5155,92.0,9.0,2025-03-08,2025-04-20,Disponible
I-000663,SUC-4,PR-1655,95.0,17.0,2025-03-03,2025-05-24,Disponible
I-000664,SUC-28,PR-8543,75.0,7.0,2025-05-04,2025-07-04,Disponible
I-000665,SUC-49,PR-3171,63.0,7.0,2025-03-28,2026-01-01,Disponible
I-000666,SUC-44,PR-7358,55.0,14.0,2025-06-30,2025-07-08,Disponible
I-000667,SUC-34,PR-7083,26.0,12.0,2025-04-16,2025-07-09,Disponible
I-000668,SUC-3,PR-8697,17.0,12.0,2025-07-06,2025-07-16,Disponible
I-000669,SUC-45,PR-6241,33.0,13.0,2025-07-19,2025-07-20,Disponible
I-000670,SUC-39,PR-6863,78.0,12.0,2025-04-27,2025-06-28,Disponible
inv_000671,SUC-46,PR-2335,55.0,12.0,2025-03-14,2025-05-16,Disponible
inv_000672,SUC-48,PR-9600,27.0,15.0,2025-06-01,2025-08-02,Disponible
I-000673,SUC-3,PR-4466,9.0,13.0,2025-06-06,2025-07-10,Bajo stock
I-000674,SUC-40,PR-436,60.0,11.0,2025-04-05,2025-08-14,Disponible
inv_000675,SUC-44,PR-7545,4.0,11.0,2025-04-13,2025-07-14,Bajo stock
I-000676,SUC-30,PR-7118,67.0,9.0,2025-07-02,2025-07-25,Disponible
I-000677,SUC-47,PR-2717,14.0,5.0,2025-07-24,2025-08-20,Disponible
I-000678,SUC-45,PR-8759,4.0,11.0,2025-07-05,2025-07-10,Bajo stock
inv_000679,SUC-10,PR-6182,65.0,8.0,2025-04-13,2025-05-31,Disponible
inv_000680,SUC-31,PR-5758,12.0,12.0,2025-05-27,2025-06-04,Bajo stock
I-000681,SUC-48,PR-588,43.0,14.0,2025-03-13,2025-05-02,Disponible
I-000682,SUC-17,PR-3821,12.0,6.0,2025-06-11,2025-08-06,Disponible
inv_000683,SUC-22,PR-3668,42.0,8.0,2025-05-20,2025-07-19,Disponible
I-000684,SUC-8,PR-3193,22.0,16.0,2025-05-01,2025-07-28,Disponible
I-000685,SUC-45,PR-6870,28.0,11.0,2025-07-13,2025-08-09,Disponible
I-000686,SUC-20,PR-9232,3.0,18.0,2025-05-11,2025-05-17,Bajo stock
I-000687,SUC-35,PR-3797,35.0,9.0,2025-06-02,2025-06-15,Disponible
I-000688,SUC-43,PR-2900,72.0,20.0,2025-05-05,2025-06-09,Disponible
I-000689,SUC-23,PR-1820,70.0,8.0,2025-07-15,2025-07-17,Disponible
I-000690,SUC-35,PR-1549,,20.0,2025-03-27,2025-07-28,Disponible
inv_000691,SUC-14,PR-7429,0.0,18.0,2025-05-31,2025-06-06,Agotado
I-000692,SUC-28,PR-998,50.0,15.0,2025-06-30,2025-07-10,Disponible
inv_000693,SUC-24,PR-4874,25.0,17.0,2025-05-02,2025-06-03,Disponible
inv_000694,SUC-43,PR-5965,6.0,16.0,2025-04-29,2025-08-07,Bajo stock
inv_000695,SUC-8,PR-7004,79.0,18.0,2025-05-25,2025-07-05,Disponible
I-000696,SUC-9,PR-4770,46.0,16.0,2025-04-13,2025-06-11,Disponible
I-000697,SUC-13,PR-6350,83.0,7.0,2025-06-05,2025-06-05,Disponible
I-000698,SUC-31,PR-8511,88.0,9.0,2025-07-16,2025-08-20,Disponible
inv_000699,SUC-18,PR-2920,24.0,14.0,2025-06-20,2025-08-22,Disponible
,SUC-31,PR-9727,1.0,,2025-03-04,2025-06-14,Disponible
I-000701,SUC-5,PR-179,33.0,12.0,2025-04-30,2025-06-20,Disponible
I-000702,SUC-29,PR-7200,97.0,11.0,2025-06-28,2025-07-01,Disponible
inv_000703,SUC-32,PR-1810,79.0,19.0,2025-05-17,2025-07-17,Disponible
inv_000704,SUC-49,PR-7085,98.0,9.0,2025-05-04,2025-08-26,Disponible
I-000705,SUC-50,PR-9483,44.0,5.0,2025-06-02,2025-08-08,Disponible
I-000706,SUC-23,PR-4759,91.0,13.0,2025-07-11,2025-08-01,Disponible
I-000707,SUC-12,PR-2986,95.0,6.0,2025-05-11,2025-08-26,Disponible
inv_000708,SUC-34,PR-1750,7.0,10.0,2025-06-06,2025-07-17,Bajo stock
I-000709,SUC-18,PR-9672,20.0,15.0,2025-04-13,2025-08-17,Disponible
I-000710,SUC-39,PR-5723,28.0,9.0,2025-07-17,2025-08-27,Disponible
I-000711,SUC-7,PR-3981,46.0,5.0,2025-07-25,2025-08-23,Disponible
inv_000712,SUC-18,PR-2194,39.0,20.0,2025-03-24,2025-06-21,Disponible
I-000713,SUC-17,PR-2456,86.0,16.0,2025-04-07,2025-08-21,Disponible
inv_000714,SUC-50,PR-7925,86.0,6.0,2025-04-28,2025-08-06,Disponible
I-000715,SUC-3,PR-1771,34.0,9.0,2025-04-20,2025-06-18,Disponible
inv_000716,SUC-4,PR-3202,52.0,16.0,2025-06-29,2025-08-25,Disponible
I-000717,SUC-19,PR-8261,12.0,17.0,2025-03-02,2025-07-28,Bajo stock
I-000718,SUC-33,PR-8157,6.0,7.0,2025-03-08,2025-06-06,Bajo stock
I-000719,SUC-22,PR-2121,28.0,8.0,2025-06-03,2025-06-15,Disponible
I-000720,SUC-6,,,17.0,2025-07-16,2025-08-25,Disponible
I-000721,SUC-33,PR-8733,69.0,8.0,2025-07-06,2025-08-09,Disponible
I-000722,SUC-3,PR-190,13.0,11.0,2025-07-04,2025-08-19,Disponible
inv_000723,SUC-12,PR-3750,51.0,11.0,2025-04-22,2025-07-19,Disponible
inv_000724,SUC-21,PR-8223,53.0,15.0,2025-05-13,2025-06-18,Disponible
I-000725,SUC-23,PR-657,0.0,,2025-05-12,2025-07-23,Agotado
I-000726,SUC-4,PR-4714,58.0,19.0,2025-06-19,2025-08-03,Disponible
inv_000727,SUC-49,PR-4652,71.0,18.0,2025-05-10,2025-07-10,Disponible
I-000728,SUC-1,PR-2978,83.0,16.0,2025-05-18,2025-05-27,Disponible
inv_000729,SUC-47,PR-248,84.0,8.0,2025-04-30,2025-05-31,Disponible
I-000730,SUC-39,PR-2415,31.0,7.0,2025-06-23,2025-07-12,Disponible
I-000731,SUC-42,PR-5889,39.0,8.0,2025-07-14,2025-07-27,Disponible
I-000732,SUC-2,PR-178,80.0,10.0,2025-05-03,2025-08-07,Disponible
inv_000733,SUC-45,PR-8205,39.0,5.0,2025-04-07,2025-08-07,Disponible
inv_000734,SUC-6,PR-3461,55.0,16.0,2025-07-12,2025-08-18,Disponible
I-000735,SUC-43,PR-8531,86.0,10.0,2025-05-29,2025-07-23,Disponible
I-000736,SUC-1,PR-1979,56.0,5.0,2025-07-01,2025-08-08,Disponible
inv_000737,SUC-46,PR-5052,16.0,16.0,2025-05-22,2025-06-24,Bajo stock
I-000738,SUC-42,PR-5538,39.0,5.0,2025-04-21,2025-06-30,Disponible
I-000739,SUC-49,PR-3764,29.0,6.0,2025-03-05,2025-04-20,Disponible
I-000740,SUC-17,PR-9748,72.0,9.0,2025-06-11,2025-08-11,Bajo stock
inv_000741,SUC-8,PR-6482,83.0,12.0,2025-07-24,2025-08-03,Disponible
I-000742,SUC-5,PR-5459,49.0,11.0,2025-07-23,2025-08-21,Disponible
I-000743,SUC-33,PR-4301,84.0,20.0,2025-03-14,2025-06-29,Disponible
inv_000744,SUC-14,PR-4749,22.0,5.0,2025-03-28,2025-07-31,Disponible
I-000745,SUC-45,PR-7107,91.0,12.0,2025-04-25,2025-07-02,Disponible
I-000746,SUC-31,PR-2512,41.0,19.0,2025-04-21,2025-08-12,Disponible
inv_000747,SUC-25,PR-4672,58.0,9.0,2025-03-10,2025-05-15,Disponible
I-000748,SUC-47,PR-7107,93.0,13.0,2025-06-16,2025-08-22,Disponible
I-000749,SUC-5,PR-5342,35.0,6.0,2025-04-06,2025-04-25,Disponible
inv_000750,SUC-5,PR-6480,-5.0,16.0,2025-06-27,2025-07-08,Bajo stock
inv_000751,SUC-49,PR-7629,70.0,6.0,2025-07-05,2025-07-20,Disponible
inv_000752,SUC-18,PR-8020,26.0,11.0,2025-07-01,2025-08-14,Disponible
I-000753,SUC-16,PR-6449,57.0,15.0,2025-03-27,2025-08-16,Disponible
inv_000754,SUC-18,PR-2333,66.0,18.0,2025-05-23,2025-08-11,Disponible
I-000755,SUC-30,PR-6589,33.0,8.0,2025-03-22,2025-04-28,Disponible
inv_000756,SUC-33,PR-8705,68.0,15.0,2025-05-30,2025-07-22,Disponible
I-000757,SUC-18,PR-5837,71.0,17.0,2025-07-09,2025-08-18,Disponible
inv_000758,SUC-24,PR-8986,29.0,16.0,2025-04-13,2025-05-04,Disponible
I-000759,SUC-38,PR-3905,35.0,17.0,2025-06-25,2025-07-15,Disponible
inv_000760,SUC-25,,16.0,7.0,2025-04-17,2025-08-26,Disponible
I-000761,SUC-6,PR-4159,35.0,17.0,2025-04-24,2025-06-27,Disponible
I-000762,SUC-16,PR-6045,39.0,17.0,2025-07-22,2025-07-23,Disponible
I-000763,SUC-42,PR-2979,9.0,7.0,2025-07-25,2025-08-28,Disponible
I-000764,SUC-33,PR-5665,57.0,16.0,2025-05-07,2025-08-04,Disponible
inv_000765,SUC-48,PR-6618,61.0,18.0,2025-03-28,2025-05-15,Disponible
I-000766,SUC-22,PR-8116,80.0,6.0,2025-03-24,2025-06-18,Disponible
I-000767,SUC-12,PR-1210,96.0,11.0,2025-07-29,2025-08-17,Disponible
I-000768,SUC-20,PR-5997,66.0,5.0,2025-06-19,2025-08-09,Disponible
I-000769,SUC-44,PR-9662,48.0,11.0,2025-03-19,2025-08-28,Disponible
inv_000770,SUC-26,PR-4996,37.0,5.0,2025-07-06,2025-08-07,Disponible
inv_000771,SUC-20,PR-7165,27.0,7.0,2025-05-03,2025-06-06,Disponible
I-000772,SUC-5,PR-2270,99.0,16.0,2025-03-07,2025-08-24,Disponible
I-000773,SUC-32,PR-9786,74.0,5.0,2025-05-07,2025-07-07,Disponible
inv_000774,SUC-9,PR-4612,20.0,7.0,2025-06-26,2025-08-05,Disponible
I-000775,SUC-27,PR-6690,67.0,7.0,2025-03-25,2025-05-08,Disponible
I-000776,SUC-1,PR-6498,91.0,9.0,2025-05-22,2025-06-24,Disponible
inv_000777,SUC-44,PR-7597,39.0,15.0,2025-05-10,2025-08-08,Disponible
I-000778,SUC-27,PR-7186,54.0,6.0,2025-04-03,2025-06-12,Disponible
I-000779,SUC-4,PR-8890,4.0,16.0,2025-04-09,2025-08-14,Bajo stock
I-000780,SUC-36,PR-8654,,6.0,2025-03-08,2025-07-15,Agotado
I-000781,SUC-10,PR-486,68.0,13.0,2025-05-09,2025-07-29,Disponible
I-000782,SUC-5,PR-9950,84.0,14.0,2025-05-18,2025-08-02,Disponible
I-000783,SUC-13,PR-7496,63.0,14.0,2025-06-16,2025-07-26,Disponible
I-000784,SUC-33,PR-9687,51.0,5.0,2025-03-12,2025-06-16,Disponible
I-000785,SUC-48,PR-5435,80.0,5.0,2025-06-16,2025-07-18,Disponible
inv_000786,SUC-32,PR-9044,41.0,20.0,2025-04-30,2025-05-12,Disponible
I-000787,SUC-19,PR-8761,80.0,10.0,2025-05-29,2025-08-02,Disponible
I-000788,SUC-9,PR-3196,89.0,14.0,2025-05-29,2025-06-03,Disponible
inv_000789,SUC-43,PR-3712,35.0,6.0,2025-03-05,2025-04-10,Disponible
I-000790,SUC-41,PR-5610,19.0,10.0,2025-04-11,2025-05-14,Disponible
inv_000791,SUC-19,PR-2731,56.0,13.0,2025-04-13,2025-05-25,Disponible
I-000792,SUC-14,PR-5021,51.0,5.0,2025-07-04,2025-08-24,Disponible
I-000793,SUC-50,PR-8578,58.0,5.0,2025-07-12,2025-07-23,Disponible
inv_000794,SUC-15,PR-199,62.0,10.0,2025-07-16,2025-08-13,Disponible
I-000795,SUC-17,PR-4451,78.0,8.0,2025-05-08,2025-07-29,Disponible
I-000796,SUC-4,PR-2494,51.0,20.0,2025-06-09,2025-07-01,Disponible
inv_000797,SUC-36,PR-1861,35.0,5.0,2025-05-21,2025-06-16,Disponible
inv_000798,SUC-3,PR-2014,71.0,14.0,2025-05-05,2025-08-15,Disponible
I-000799,SUC-50,PR-443,42.0,10.0,2025-06-17,2025-08-23,Disponible
I-000800,SUC-44,,47.0,,2025-06-01,2025-08-21,Bajo stock
I-000801,SUC-36,PR-3197,38.0,6.0,2025-06-20,2025-07-29,Disponible
I-000802,SUC-2,PR-9115,21.0,11.0,2025-04-12,2025-04-30,Disponible
inv_000803,SUC-10,PR-7636,41.0,9.0,2025-06-09,2025-07-04,Disponible
I-000804,SUC-41,PR-5623,10.0,11.0,2025-04-20,2025-06-23,Bajo stock
I-000805,SUC-50,PR-7655,79.0,18.0,2025-07-29,2025-08-01,Disponible
inv_000806,SUC-47,PR-1125,83.0,18.0,2025-03-30,2025-05-21,Disponible
I-000807,SUC-23,PR-9489,100.0,19.0,2025-05-21,2025-07-09,Disponible
I-000808,SUC-42,PR-9348,82.0,19.0,2025-07-22,2025-08-07,Disponible
I-000809,SUC-4,PR-8071,80.0,7.0,2025-03-03,2025-05-05,Disponible
I-000810,SUC-9,PR-7304,69.0,13.0,2025-05-18,2025-07-09,Disponible
I-000811,SUC-49,PR-9936,56.0,19.0,2025-06-06,2025-06-25,Disponible
inv_000812,SUC-17,PR-2277,47.0,19.0,2025-03-28,2025-08-11,Disponible
I-000813,SUC-35,PR-3966,96.0,20.0,2025-05-16,2025-06-30,Disponible
I-000814,SUC-10,PR-1293,49.0,20.0,2025-07-04,2025-07-25,Disponible
I-000815,SUC-48,PR-8081,95.0,6.0,2025-05-18,2025-07-17,Disponible
inv_000816,SUC-5,PR-3951,12.0,18.0,2025-03-19,2025-07-21,Bajo stock
inv_000817,SUC-30,PR-8661,64.0,14.0,2025-03-28,2025-08-08,Disponible
I-000818,SUC-10,PR-8368,60.0,18.0,2025-06-17,2025-07-21,Disponible
I-000819,SUC-40,PR-1652,67.0,11.0,2025-03-04,2025-03-24,Disponible
inv_000820,SUC-10,PR-7098,17.0,15.0,2025-07-28,2025-08-27,Agotado
I-000821,SUC-50,PR-4525,1.0,10.0,2025-04-11,2025-06-28,Bajo stock
inv_000822,SUC-18,PR-2401,50.0,7.0,2025-04-02,2025-04-05,Disponible
inv_000823,SUC-44,PR-3038,62.0,15.0,2025-03-23,2025-04-05,Disponible
inv_000824,SUC-49,PR-5854,60.0,16.0,2025-04-05,2025-05-05,Disponible
I-000825,SUC-44,PR-7120,67.0,77.0,2025-04-30,2025-05-06,Bajo stock
inv_000826,SUC-20,PR-9057,62.0,16.0,2025-04-21,2025-08-19,Disponible
I-000827,SUC-45,PR-3156,94.0,16.0,2025-05-12,2025-06-17,Disponible
I-000828,SUC-25,PR-3314,98.0,20.0,2025-03-24,2025-08-20,Disponible
I-000829,SUC-24,PR-7865,23.0,8.0,2025-07-07,2025-08-08,Disponible
I-000830,SUC-43,PR-4738,24.0,17.0,2025-06-12,2025-06-28,Disponible
I-000831,SUC-20,PR-5376,72.0,15.0,2025-07-18,2025-08-10,Disponible
inv_000832,SUC-49,PR-8181,53.0,15.0,2025-06-23,2025-07-31,Disponible
inv_000833,SUC-28,PR-7840,11.0,11.0,2025-06-07,2025-06-22,Bajo stock
I-000834,SUC-22,PR-2755,3.0,13.0,2025-07-02,2025-08-22,Bajo stock
inv_000835,SUC-20,PR-1125,20.0,19.0,2025-07-24,2025-08-05,Disponible
I-000836,SUC-34,PR-192,54.0,16.0,2025-05-07,2025-08-09,Disponible
inv_000837,SUC-9,PR-6732,65.0,9.0,2025-06-28,2025-07-04,Disponible
inv_000838,SUC-10,PR-6191,33.0,8.0,2025-07-09,2025-08-11,Disponible
inv_000839,SUC-31,PR-3129,1.0,20.0,2025-07-15,2025-08-27,Bajo stock
inv_000840,SUC-16,,,7.0,2025-04-21,2025-04-29,Agotado
I-000841,SUC-46,PR-8928,16.0,5.0,2025-05-06,2025-06-11,Disponible
inv_000842,SUC-47,PR-1569,41.0,8.0,2025-06-06,2025-06-12,Disponible
inv_000843,SUC-12,PR-3581,17.0,13.0,2025-03-21,2025-08-27,Disponible
I-000844,SUC-23,PR-4181,96.0,10.0,2025-07-24,2025-08-24,Disponible
inv_000845,SUC-16,PR-4402,53.0,8.0,2025-05-14,2025-08-23,Disponible
I-000846,SUC-14,PR-7412,82.0,11.0,2025-04-01,2025-06-11,Disponible
inv_000847,SUC-42,PR-3337,70.0,17.0,2025-03-16,2025-04-22,Disponible
I-000848,SUC-19,PR-690,24.0,18.0,2025-06-04,2025-08-04,Disponible
I-000849,SUC-16,PR-4548,66.0,9.0,2025-04-26,2025-07-21,Disponible
inv_000850,SUC-27,PR-2846,32.0,,2025-03-22,2025-07-10,Disponible
I-000851,SUC-20,PR-5540,84.0,12.0,2025-04-14,2025-05-07,Disponible
inv_000852,SUC-18,PR-1033,99.0,5.0,2025-04-20,2025-06-27,Disponible
I-000853,SUC-22,PR-9369,79.0,6.0,2025-04-11,2025-06-06,Disponible
I-000854,SUC-17,PR-3273,51.0,18.0,2025-05-26,2025-07-09,Disponible
I-000855,SUC-48,PR-1786,24.0,18.0,2025-06-27,2025-07-23,Disponible
inv_000856,SUC-6,PR-2293,55.0,6.0,2025-03-05,2025-08-27,Disponible
I-000857,SUC-45,PR-7259,67.0,13.0,2025-03-04,2025-08-26,Disponible
inv_000858,SUC-15,PR-6768,94.0,11.0,2025-06-25,2025-08-22,Disponible
inv_000859,SUC-18,PR-5143,79.0,8.0,2025-03-26,2025-06-23,Disponible
inv_000860,SUC-39,PR-1433,29.0,19.0,2025-07-14,2025-08-06,Desconocido
I-000861,SUC-14,PR-1382,45.0,15.0,2025-07-22,2025-08-03,Disponible
inv_000862,SUC-17,PR-8554,44.0,5.0,2025-07-26,2025-08-03,Disponible
I-000863,SUC-13,PR-1412,42.0,8.0,2025-06-04,2025-08-16,Disponible
I-000864,SUC-6,PR-5364,93.0,9.0,2025-03-19,2025-07-04,Disponible
inv_000865,SUC-20,PR-169,16.0,12.0,2025-03-28,2025-03-29,Disponible
I-000866,SUC-21,PR-3111,48.0,7.0,2025-05-26,2025-06-29,Disponible
inv_000867,SUC-35,PR-3745,61.0,15.0,2025-05-22,2025-05-22,Disponible
I-000868,SUC-29,PR-144,47.0,20.0,2025-05-20,2025-08-23,Disponible
I-000869,SUC-25,PR-2248,38.0,11.0,2025-05-25,2025-07-28,Disponible
I-000870,SUC-18,PR-2281,,18.0,2025-03-31,2025-06-22,Disponible
I-000871,SUC-27,PR-6880,47.0,19.0,2025-03-14,2025-04-19,Disponible
inv_000872,SUC-43,PR-446,84.0,17.0,2025-05-29,2025-08-10,Disponible
I-000873,SUC-34,PR-7719,29.0,7.0,2025-03-27,2025-07-01,Disponible
I-000874,SUC-39,PR-9621,49.0,19.0,2025-05-30,2025-08-02,Disponible
inv_000875,SUC-16,PR-2483,65.0,19.0,2025-07-28,2026-01-01,Disponible
I-000876,SUC-16,PR-400,35.0,6.0,2025-04-22,2025-04-29,Disponible
inv_000877,SUC-35,PR-4881,11.0,12.0,2025-05-09,2025-08-02,Bajo stock
I-000878,SUC-7,PR-7016,73.0,10.0,2025-03-09,2025-03-30,Disponible
I-000879,SUC-40,PR-5929,64.0,17.0,2025-04-16,2025-08-11,Disponible
inv_000880,SUC-45,PR-6775,26.0,14.0,2025-05-02,2025-08-13,Disponible
inv_000881,SUC-19,PR-3493,10.0,11.0,2025-04-05,2025-07-08,Bajo stock
inv_000882,SUC-44,PR-8838,82.0,7.0,2025-04-12,2025-04-12,Disponible
I-000883,SUC-9,PR-9122,82.0,10.0,2025-05-12,2025-06-09,Disponible
I-000884,SUC-26,PR-5429,96.0,10.0,2025-05-24,2025-08-16,Disponible
I-000885,SUC-1,PR-2592,49.0,5.0,2025-06-19,2025-08-25,Disponible
I-000886,SUC-22,PR-5607,52.0,9.0,2025-03-11,2025-08-23,Disponible
I-000887,SUC-40,PR-5624,32.0,18.0,2025-03-27,2025-07-06,Disponible
I-000888,SUC-29,PR-9096,90.0,7.0,2025-04-23,2025-06-21,Disponible
inv_000889,SUC-2,PR-6482,30.0,18.0,2025-05-16,2025-05-16,Disponible
I-000890,SUC-32,PR-447,82.0,19.0,2025-07-14,2025-07-20,Disponible
I-000891,SUC-10,PR-7253,29.0,13.0,2025-04-12,2025-07-10,Disponible
I-000892,SUC-1,PR-1576,16.0,17.0,2025-07-20,2025-07-20,Bajo stock
inv_000893,SUC-7,PR-7818,45.0,10.0,2025-03-08,2025-03-10,Disponible
I-000894,SUC-48,PR-236,0.0,19.0,2025-05-31,2025-06-03,Agotado
I-000895,SUC-28,PR-567,56.0,8.0,2025-05-04,2025-05-08,Disponible
I-000896,SUC-18,PR-1216,52.0,13.0,2025-04-08,2025-04-27,Disponible
I-000897,SUC-49,PR-3509,3.0,17.0,2025-03-26,2025-07-29,Bajo stock
I-000898,SUC-26,PR-1893,3.0,14.0,2025-06-29,2025-08-22,Bajo stock
I-000899,SUC-24,PR-6515,64.0,19.0,2025-04-09,2025-05-04,Disponible
I-000900,SUC-20,PR-7970,,50.0,2025-04-05,2025-07-29,Desconocido
I-000901,SUC-29,PR-9119,65.0,13.0,2025-06-30,2025-08-26,Disponible
I-000902,SUC-28,PR-7372,3.0,15.0,2025-06-15,2025-08-20,Bajo stock
inv_000903,SUC-8,PR-2694,63.0,5.0,2025-04-22,2025-05-30,Disponible
I-000904,SUC-2,PR-8861,40.0,17.0,2025-07-16,2025-07-17,Disponible
I-000905,SUC-32,PR-3710,42.0,11.0,2025-06-18,2025-08-12,Disponible
inv_000906,SUC-47,PR-127,64.0,16.0,2025-04-22,2025-07-28,Disponible
inv_000907,SUC-48,PR-2023,64.0,14.0,2025-04-09,2025-04-13,Disponible
I-000908,SUC-46,PR-2305,38.0,9.0,2025-05-19,2025-08-12,Disponible
I-000909,SUC-49,PR-8218,4.0,14.0,2025-06-10,2025-08-05,Bajo stock
I-000910,SUC-17,PR-8196,86.0,7.0,2025-03-04,2026-01-01,Disponible
inv_000911,SUC-21,PR-7299,55.0,7.0,2025-04-10,2025-04-10,Disponible
inv_000912,SUC-49,PR-315,89.0,17.0,2025-07-22,2025-08-07,Disponible
I-000913,SUC-40,PR-4475,11.0,19.0,2025-04-10,2025-04-30,Bajo stock
inv_000914,SUC-47,PR-247,67.0,5.0,2025-03-08,2025-05-18,Disponible
I-000915,SUC-8,PR-8166,63.0,20.0,2025-07-14,2025-07-30,Disponible
inv_000916,SUC-24,PR-569,34.0,17.0,2025-07-15,2025-07-25,Disponible
I-000917,SUC-10,PR-7547,22.0,16.0,2025-07-28,2025-08-21,Disponible
I-000918,SUC-7,PR-4259,21.0,7.0,2025-03-09,2025-06-21,Disponible
I-000919,SUC-16,PR-7088,100.0,16.0,2025-06-25,2025-08-27,Disponible
inv_000920,SUC-17,PR-6077,98.0,15.0,2025-04-19,2025-07-09,Disponible
I-000921,SUC-20,PR-633,60.0,17.0,2025-05-02,2025-06-04,Disponible
I-000922,SUC-43,PR-619,15.0,19.0,2025-06-25,2025-08-02,Bajo stock
I-000923,SUC-37,PR-957,59.0,11.0,2025-05-13,2025-07-29,Disponible
I-000924,SUC-32,PR-9639,47.0,12.0,2025-07-26,2025-08-06,Disponible
inv_000925,SUC-43,PR-5129,20.0,9.0,2025-03-15,2025-08-27,Disponible
I-000926,SUC-26,PR-457,92.0,16.0,2025-06-10,2025-08-13,Disponible
inv_000927,SUC-26,PR-6427,12.0,10.0,2025-07-05,2025-07-12,Disponible
I-000928,SUC-21,PR-7567,43.0,7.0,2025-03-12,2025-07-04,Disponible
I-000929,SUC-16,PR-6157,14.0,14.0,2025-03-25,2025-04-27,Bajo stock
inv_000930,SUC-39,PR-5913,,6.0,2025-06-30,2025-08-21,Disponible
I-000931,SUC-20,PR-1265,97.0,8.0,2025-07-06,2025-08-17,Disponible
I-000932,SUC-34,PR-4999,67.0,11.0,2025-06-24,2025-07-29,Disponible
inv_000933,SUC-20,PR-2963,19.0,15.0,2025-06-20,2025-07-03,Disponible
I-000934,SUC-8,PR-9120,26.0,13.0,2025-06-14,2025-07-29,Disponible
I-000935,SUC-2,PR-1465,29.0,18.0,2025-05-23,2025-06-18,Disponible
I-000936,SUC-46,PR-6464,19.0,10.0,2025-07-17,2025-07-31,Disponible
I-000937,SUC-46,PR-8889,8.0,18.0,2025-04-10,2025-08-23,Bajo stock
inv_000938,SUC-34,PR-9726,4.0,16.0,2025-07-24,2025-08-28,Bajo stock
I-000939,SUC-40,PR-8835,73.0,9.0,2025-07-25,2025-08-01,Disponible
inv_000940,SUC-27,PR-46,84.0,19.0,2025-05-25,2025-08-27,Desconocido
I-000941,SUC-2,PR-2666,87.0,10.0,2025-04-07,2025-06-18,Disponible
inv_000942,SUC-34,PR-9115,36.0,9.0,2025-05-20,2025-05-23,Disponible
I-000943,SUC-23,PR-8340,43.0,15.0,2025-05-24,2025-06-10,Disponible
I-000944,SUC-4,PR-7022,21.0,19.0,2025-07-15,2025-08-06,Disponible
I-000945,SUC-31,PR-8792,52.0,9.0,2025-06-02,2025-07-23,Disponible
I-000946,SUC-38,PR-4811,99.0,8.0,2025-04-04,2025-07-30,Disponible
I-000947,SUC-18,PR-7711,77.0,14.0,2025-04-02,2025-08-20,Disponible
I-000948,SUC-30,PR-5834,49.0,14.0,2025-03-08,2025-04-22,Disponible
inv_000949,SUC-39,PR-8418,62.0,8.0,2025-05-23,2025-06-01,Disponible
,SUC-50,PR-6400,19.0,29.0,2025-07-04,2025-08-05,Bajo stock
inv_000951,SUC-37,PR-1473,4.0,15.0,2025-03-22,2025-03-25,Bajo stock
I-000952,SUC-35,PR-3818,86.0,16.0,2025-04-16,2025-06-16,Disponible
I-000953,SUC-19,PR-8057,71.0,16.0,2025-06-20,2025-06-25,Disponible
I-000954,SUC-46,PR-2567,21.0,19.0,2025-03-16,2025-07-26,Disponible
I-000955,SUC-12,PR-7397,2.0,12.0,2025-06-03,2025-08-23,Bajo stock
I-000956,SUC-40,PR-5741,60.0,14.0,2025-03-09,2025-05-26,Disponible
I-000957,SUC-18,PR-4454,95.0,20.0,2025-04-26,2025-05-04,Disponible
inv_000958,SUC-6,PR-1803,48.0,14.0,2025-05-22,2025-07-21,Disponible
I-000959,SUC-28,PR-1995,39.0,12.0,2025-05-08,2025-06-07,Disponible
inv_000960,SUC-28,,92.0,19.0,2025-04-21,2025-07-07,Bajo stock
I-000961,SUC-25,PR-5959,54.0,18.0,2025-05-05,2025-05-25,Disponible
inv_000962,SUC-1,PR-8382,15.0,18.0,2025-05-13,2025-05-26,Bajo stock
I-000963,SUC-4,PR-8408,61.0,10.0,2025-03-26,2025-04-07,Disponible
I-000964,SUC-44,PR-5957,3.0,5.0,2025-06-10,2025-07-02,Bajo stock
I-000965,SUC-23,PR-1475,5.0,15.0,2025-07-12,2025-08-11,Bajo stock
I-000966,SUC-3,PR-1123,32.0,11.0,2025-05-05,2025-08-17,Disponible
I-000967,SUC-1,PR-7819,34.0,10.0,2025-03-02,2025-03-04,Disponible
inv_000968,SUC-6,PR-3683,32.0,18.0,2025-03-28,2025-04-27,Disponible
I-000969,SUC-39,PR-709,54.0,7.0,2025-06-27,2025-07-30,Disponible
I-000970,SUC-8,PR-9984,54.0,12.0,2025-03-17,2025-03-24,Disponible
I-000971,SUC-41,PR-257,42.0,5.0,2025-04-18,2025-07-03,Disponible
I-000972,SUC-37,PR-3645,51.0,14.0,2025-04-12,2025-07-21,Disponible
I-000973,SUC-39,PR-3267,77.0,19.0,2025-04-27,2025-06-15,Disponible
I-000974,SUC-49,PR-590,42.0,11.0,2025-06-06,2025-08-22,Disponible
I-000975,SUC-33,PR-5972,82.0,,2025-07-05,2025-08-28,Disponible
I-000976,SUC-22,PR-1618,49.0,9.0,2025-07-03,2025-08-17,Disponible
inv_000977,SUC-39,PR-8767,2.0,11.0,2025-06-18,2025-07-08,Bajo stock
I-000978,SUC-35,PR-7958,78.0,13.0,2025-07-08,2025-08-15,Disponible
I-000979,SUC-25,PR-5885,6.0,19.0,2025-07-17,2025-08-01,Bajo stock
I-000980,SUC-34,PR-2844,72.0,8.0,2025-05-05,,Bajo stock
I-000981,SUC-4,PR-5759,33.0,6.0,2025-06-28,2025-08-03,Disponible
I-000982,SUC-13,PR-9353,20.0,8.0,2025-04-03,2025-07-21,Disponible
I-000983,SUC-12,PR-4262,98.0,16.0,2025-05-12,2025-08-16,Disponible
I-000984,SUC-36,PR-82,71.0,15.0,2025-05-09,2025-05-20,Disponible
I-000985,SUC-29,PR-3952,88.0,16.0,2025-06-25,2025-08-22,Disponible
I-000986,SUC-20,PR-8593,64.0,18.0,2025-05-16,2025-05-23,Disponible
I-000987,SUC-37,PR-9507,81.0,5.0,2025-06-09,2025-08-14,Disponible
I-000988,SUC-32,PR-8263,3.0,7.0,2025-06-20,2025-08-15,Bajo stock
inv_000989,SUC-38,PR-2059,66.0,10.0,2025-04-07,2025-06-10,Disponible
I-000990,SUC-42,PR-1727,,16.0,2025-04-02,2025-04-03,Disponible
I-000991,SUC-29,PR-7087,84.0,9.0,2025-06-15,2025-08-15,Disponible
I-000992,SUC-37,PR-8588,90.0,7.0,2025-06-17,2025-08-16,Disponible
I-000993,SUC-28,PR-1353,46.0,5.0,2025-07-29,2025-08-15,Disponible
I-000994,SUC-7,PR-6675,23.0,10.0,2025-07-26,2025-08-21,Disponible
inv_000995,SUC-23,PR-1627,91.0,9.0,2025-03-09,2025-07-07,Disponible
I-000996,SUC-33,PR-8049,62.0,11.0,2025-06-06,2025-07-30,Disponible
inv_000997,SUC-37,PR-6896,70.0,9.0,2025-05-03,2025-07-17,Disponible
I-000998,SUC-23,PR-7420,96.0,8.0,2025-06-29,2025-07-23,Disponible
I-000999,SUC-5,PR-9549,69.0,5.0,2025-07-10,2025-08-04,Disponible
inv_001000,SUC-23,,86.0,96.0,2025-07-20,2025-08-28,Bajo stock
I-001001,SUC-27,PR-7879,61.0,7.0,2025-06-28,2025-07-05,Disponible
I-001002,SUC-36,PR-3729,19.0,14.0,2025-07-19,2025-08-07,Disponible
I-001003,SUC-4,PR-4413,73.0,20.0,2025-03-09,2025-06-28,Disponible
I-001004,SUC-12,PR-302,13.0,17.0,2025-06-17,2025-07-07,Bajo stock
I-001005,SUC-6,PR-1972,4.0,17.0,2025-07-19,2025-07-29,Bajo stock
I-001006,SUC-16,PR-5662,17.0,14.0,2025-06-25,2025-08-08,Disponible
I-001007,SUC-30,PR-5638,83.0,9.0,2025-06-13,2025-06-16,Disponible
I-001008,SUC-38,PR-7265,90.0,19.0,2025-04-25,2025-08-17,Disponible
I-001009,SUC-49,PR-6755,95.0,6.0,2025-06-16,2025-07-19,Disponible
I-001010,SUC-25,PR-876,57.0,5.0,2025-03-29,2025-06-17,Disponible
inv_001011,SUC-14,PR-1988,67.0,6.0,2025-07-07,2025-07-07,Disponible
I-001012,SUC-18,PR-6692,88.0,5.0,2025-03-26,2025-05-10,Disponible
I-001013,SUC-17,PR-3373,78.0,11.0,2025-05-19,2025-07-31,Disponible
I-001014,SUC-13,PR-4081,39.0,9.0,2025-04-18,2025-05-11,Disponible
I-001015,SUC-41,PR-230,8.0,16.0,2025-04-19,2026-01-01,Bajo stock
I-001016,SUC-37,PR-6655,19.0,9.0,2025-05-13,2025-06-24,Disponible
I-001017,SUC-26,PR-5291,4.0,9.0,2025-04-09,2025-05-13,Bajo stock
I-001018,SUC-24,PR-1605,12.0,20.0,2025-03-06,2025-08-25,Bajo stock
I-001019,SUC-4,PR-1244,44.0,9.0,2025-03-16,2025-04-07,Disponible
inv_001020,SUC-38,PR-9559,5.0,19.0,2025-06-08,2025-08-14,Bajo stock
I-001021,SUC-44,PR-3676,17.0,11.0,2025-06-27,2025-08-23,Disponible
I-001022,SUC-5,PR-7674,3.0,11.0,2025-07-27,2025-07-28,Bajo stock
inv_001023,SUC-15,PR-45,6.0,8.0,2025-07-13,2025-08-20,Bajo stock
I-001024,SUC-48,PR-655,45.0,10.0,2025-05-07,2025-07-07,Disponible
I-001025,SUC-4,PR-1961,9.0,,2025-06-01,2025-06-22,Disponible
I-001026,SUC-11,PR-5103,31.0,7.0,2025-03-05,2025-04-18,Disponible
I-001027,SUC-38,PR-4050,13.0,12.0,2025-06-23,2025-06-23,Disponible
I-001028,SUC-23,PR-1213,93.0,8.0,2025-07-18,2025-07-24,Disponible
I-001029,SUC-23,PR-1521,54.0,8.0,2025-05-06,2025-07-31,Disponible
I-001030,SUC-48,PR-9781,92.0,8.0,2025-04-17,2025-07-11,Disponible
inv_001031,SUC-42,PR-557,32.0,10.0,2025-03-20,2025-03-24,Disponible
I-001032,SUC-16,PR-2116,66.0,8.0,2025-03-14,2025-06-07,Disponible
inv_001033,SUC-43,PR-9224,78.0,8.0,2025-04-12,2025-05-29,Disponible
inv_001034,SUC-13,PR-5930,49.0,10.0,2025-03-18,2025-04-20,Disponible
I-001035,SUC-19,PR-6175,68.0,6.0,2025-07-27,2025-08-07,Disponible
inv_001036,SUC-13,PR-9382,25.0,9.0,2025-06-02,2025-08-15,Disponible
inv_001037,SUC-35,PR-7300,57.0,16.0,2025-05-25,2025-07-21,Disponible
I-001038,SUC-8,PR-2830,86.0,13.0,2025-06-10,2025-06-27,Disponible
I-001039,SUC-7,PR-1192,98.0,7.0,2025-05-06,2025-05-13,Disponible
I-001040,SUC-46,,49.0,18.0,2025-05-03,2025-05-07,Desconocido
I-001041,SUC-18,PR-1241,90.0,12.0,2025-07-20,2025-08-26,Disponible
I-001042,SUC-24,PR-5929,38.0,17.0,2025-07-17,2025-07-17,Disponible
I-001043,SUC-37,PR-907,58.0,11.0,2025-04-04,2025-06-27,Disponible
inv_001044,SUC-21,PR-67,26.0,13.0,2025-06-10,2025-08-09,Disponible
inv_001045,SUC-12,PR-1571,71.0,8.0,2025-03-03,2025-05-10,Disponible
I-001046,SUC-4,PR-3182,30.0,15.0,2025-04-17,2025-05-04,Disponible
I-001047,SUC-24,PR-2148,43.0,17.0,2025-04-04,2025-05-30,Disponible
I-001048,SUC-50,PR-2637,35.0,6.0,2025-06-29,2025-07-14,Disponible
I-001049,SUC-44,PR-6762,82.0,14.0,2025-06-19,2025-07-30,Disponible
inv_001050,SUC-13,PR-315,,,2025-03-09,2025-05-14,Disponible
I-001051,SUC-20,PR-9442,50.0,6.0,2025-06-10,2025-07-15,Disponible
I-001052,SUC-42,PR-5291,72.0,16.0,2025-03-08,2025-07-19,Disponible
inv_001053,SUC-18,PR-8158,11.0,5.0,2025-07-25,2025-08-27,Disponible
I-001054,SUC-37,PR-2627,49.0,19.0,2025-03-15,2025-05-23,Disponible
I-001055,SUC-40,PR-5565,8.0,7.0,2025-03-27,2025-06-20,Disponible
I-001056,SUC-27,PR-766,80.0,8.0,2025-06-07,2025-07-26,Disponible
I-001057,SUC-50,PR-2616,61.0,12.0,2025-06-09,2025-08-17,Disponible
I-001058,SUC-22,PR-4861,64.0,14.0,2025-05-02,2025-07-27,Disponible
I-001059,SUC-10,PR-9756,100.0,19.0,2025-07-06,2025-08-11,Disponible
I-001060,SUC-33,PR-7515,33.0,10.0,2025-07-05,2025-08-07,Agotado
I-001061,SUC-17,PR-9497,70.0,17.0,2025-03-25,2025-07-13,Disponible
I-001062,SUC-4,PR-8804,10.0,13.0,2025-07-20,2025-08-22,Bajo stock
I-001063,SUC-23,PR-3720,38.0,12.0,2025-07-11,2025-08-07,Disponible
inv_001064,SUC-5,PR-2153,18.0,13.0,2025-03-10,2025-08-28,Disponible
I-001065,SUC-47,PR-9195,84.0,14.0,2025-04-14,2025-08-11,Disponible
I-001066,SUC-40,PR-420,42.0,7.0,2025-03-30,2025-08-04,Disponible
I-001067,SUC-26,PR-1315,14.0,14.0,2025-07-14,2025-08-09,Bajo stock
I-001068,SUC-15,PR-2080,2.0,9.0,2025-03-15,2025-05-14,Bajo stock
I-001069,SUC-27,PR-7367,13.0,13.0,2025-05-10,2025-05-11,Bajo stock
I-001070,SUC-18,PR-7213,70.0,16.0,2025-06-15,2025-08-09,Disponible
I-001071,SUC-25,PR-6154,71.0,10.0,2025-07-08,2025-08-05,Disponible
I-001072,SUC-15,PR-5961,67.0,9.0,2025-04-21,2025-08-26,Disponible
I-001073,SUC-17,PR-3649,8.0,10.0,2025-03-19,2025-06-20,Bajo stock
inv_001074,SUC-44,PR-7600,79.0,8.0,2025-04-22,2025-08-06,Disponible
I-001075,SUC-15,PR-4606,91.0,101.0,2025-04-22,2025-05-28,Bajo stock
I-001076,SUC-26,PR-5084,25.0,12.0,2025-07-05,2025-08-02,Disponible
I-001077,SUC-3,PR-8684,29.0,17.0,2025-03-30,2025-07-05,Disponible
I-001078,SUC-19,PR-193,79.0,19.0,2025-03-02,2025-05-27,Disponible
I-001079,SUC-29,PR-2350,100.0,19.0,2025-06-13,2025-06-13,Disponible
inv_001080,SUC-45,PR-5097,,14.0,2025-07-03,2025-07-09,Agotado
I-001081,SUC-19,PR-9173,14.0,18.0,2025-05-04,2025-07-09,Bajo stock
I-001082,SUC-1,PR-2094,57.0,6.0,2025-04-15,2025-06-21,Disponible
I-001083,SUC-9,PR-6247,3.0,18.0,2025-05-02,2025-08-20,Bajo stock
inv_001084,SUC-7,PR-3109,24.0,5.0,2025-06-17,2025-06-29,Disponible
I-001085,SUC-26,PR-6994,67.0,17.0,2025-05-23,2025-06-25,Disponible
I-001086,SUC-39,PR-51,67.0,8.0,2025-07-21,2025-08-07,Disponible
I-001087,SUC-17,PR-5689,100.0,11.0,2025-03-14,2025-05-25,Disponible
I-001088,SUC-41,PR-5088,41.0,11.0,2025-03-22,2025-05-03,Disponible
inv_001089,SUC-25,PR-5259,24.0,12.0,2025-03-21,2025-05-11,Disponible
I-001090,SUC-31,PR-1282,1.0,20.0,2025-04-11,2025-06-05,Bajo stock
I-001091,SUC-50,PR-2299,77.0,19.0,2025-03-16,2025-03-22,Disponible
inv_001092,SUC-19,PR-1434,24.0,10.0,2025-03-03,2025-05-12,Disponible
I-001093,SUC-2,PR-5826,25.0,17.0,2025-07-12,2025-08-03,Disponible
I-001094,SUC-14,PR-2992,0.0,7.0,2025-06-29,2025-08-07,Agotado
I-001095,SUC-17,PR-8809,5.0,8.0,2025-04-20,2025-07-11,Bajo stock
inv_001096,SUC-31,PR-723,64.0,17.0,2025-07-07,2025-07-18,Disponible
inv_001097,SUC-28,PR-4024,96.0,13.0,2025-03-05,2025-08-21,Disponible
I-001098,SUC-10,PR-2758,100.0,12.0,2025-06-12,2025-07-21,Disponible
inv_001099,SUC-12,PR-3373,1.0,10.0,2025-04-23,2025-06-12,Bajo stock
inv_001100,SUC-24,PR-8008,82.0,6.0,2025-06-08,2025-08-24,Agotado
inv_001101,SUC-18,PR-9056,99.0,5.0,2025-05-30,2025-08-21,Disponible
I-001102,SUC-24,PR-5147,8.0,18.0,2025-05-17,2025-06-04,Bajo stock
inv_001103,SUC-41,PR-5535,41.0,15.0,2025-05-24,2025-05-26,Disponible
I-001104,SUC-20,PR-7407,40.0,13.0,2025-07-16,2025-08-19,Disponible
inv_001105,SUC-32,PR-9344,81.0,13.0,2025-04-23,2025-06-01,Disponible
I-001106,SUC-46,PR-9805,98.0,17.0,2025-03-27,2025-07-06,Disponible
I-001107,SUC-20,PR-5281,54.0,18.0,2025-07-27,2025-08-25,Disponible
I-001108,SUC-43,PR-7154,62.0,15.0,2025-05-27,2025-08-25,Disponible
inv_001109,SUC-47,PR-4611,0.0,9.0,2025-06-17,2025-07-11,Agotado
I-001110,SUC-19,PR-6152,,10.0,2025-06-11,2025-07-24,Disponible
inv_001111,SUC-28,PR-4831,26.0,14.0,2025-04-26,2025-05-06,Disponible
inv_001112,SUC-21,PR-1376,100.0,20.0,2025-03-17,2025-04-25,Disponible
I-001113,SUC-34,PR-4789,89.0,9.0,2025-06-09,2025-06-13,Disponible
inv_001114,SUC-34,PR-8496,14.0,16.0,2025-04-24,2025-08-08,Bajo stock
I-001115,SUC-33,PR-7660,99.0,9.0,2025-07-21,2025-08-05,Disponible
I-001116,SUC-32,PR-2395,83.0,9.0,2025-06-22,2025-07-18,Disponible
inv_001117,SUC-9,PR-8175,55.0,5.0,2025-06-10,2025-08-25,Disponible
I-001118,SUC-36,PR-4565,5.0,18.0,2025-05-03,2025-08-25,Bajo stock
I-001119,SUC-30,PR-5193,60.0,5.0,2025-06-06,2025-07-26,Disponible
I-001120,SUC-41,,62.0,13.0,2025-04-26,2026-01-01,Desconocido
inv_001121,SUC-48,PR-2260,85.0,11.0,2025-04-08,2025-04-09,Disponible
I-001122,SUC-15,PR-3856,13.0,17.0,2025-05-14,2025-06-09,Bajo stock
I-001123,SUC-29,PR-3272,95.0,7.0,2025-03-24,2025-07-13,Disponible
inv_001124,SUC-19,PR-7883,34.0,8.0,2025-03-13,2025-08-23,Disponible
I-001125,SUC-14,PR-5179,15.0,19.0,2025-06-28,2025-08-25,Bajo stock
I-001126,SUC-9,PR-9313,17.0,19.0,2025-05-16,2025-08-10,Bajo stock
inv_001127,SUC-13,PR-4238,79.0,5.0,2025-04-21,2025-04-21,Disponible
I-001128,SUC-18,PR-1859,88.0,10.0,2025-05-06,2025-05-20,Disponible
I-001129,SUC-34,PR-9424,9.0,7.0,2025-05-06,2025-05-09,Disponible
I-001130,SUC-39,PR-8384,83.0,16.0,2025-04-28,2025-04-29,Disponible
inv_001131,SUC-21,PR-3005,92.0,6.0,2025-07-28,2025-08-18,Disponible
inv_001132,SUC-10,PR-1234,47.0,17.0,2025-07-14,2025-08-17,Disponible
inv_001133,SUC-37,PR-2711,4.0,20.0,2025-05-06,2025-07-14,Bajo stock
I-001134,SUC-18,PR-537,55.0,15.0,2025-03-28,2025-07-29,Disponible
I-001135,SUC-33,PR-9640,99.0,18.0,2025-07-15,2025-08-08,Disponible
I-001136,SUC-35,PR-562,3.0,18.0,2025-04-26,2025-07-31,Bajo stock
inv_001137,SUC-48,PR-7211,8.0,14.0,2025-07-21,2025-08-11,Bajo stock
I-001138,SUC-28,PR-2386,6.0,16.0,2025-04-06,2025-07-13,Bajo stock
inv_001139,SUC-7,PR-3210,8.0,9.0,2025-04-24,2025-05-29,Bajo stock
I-001140,SUC-24,PR-2229,,13.0,2025-07-17,2025-08-27,Agotado
inv_001141,SUC-30,PR-2915,44.0,11.0,2025-05-13,2025-08-28,Disponible
inv_001142,SUC-29,PR-3745,98.0,13.0,2025-05-07,2025-08-09,Disponible
inv_001143,SUC-21,PR-1414,24.0,16.0,2025-07-18,2025-08-28,Disponible
inv_001144,SUC-17,PR-6429,25.0,9.0,2025-07-07,2025-07-12,Disponible
I-001145,SUC-30,PR-5735,67.0,11.0,2025-05-17,2025-08-02,Disponible
I-001146,SUC-27,PR-981,38.0,13.0,2025-03-15,2025-06-08,Disponible
I-001147,SUC-25,PR-5642,29.0,16.0,2025-04-20,2025-06-10,Disponible
I-001148,SUC-5,PR-3233,100.0,8.0,2025-04-18,2025-05-16,Disponible
I-001149,SUC-39,PR-692,12.0,18.0,2025-06-12,2025-06-15,Bajo stock
,SUC-11,PR-3345,74.0,,2025-03-10,2025-04-02,Disponible
inv_001151,SUC-11,PR-1131,58.0,20.0,2025-07-17,2025-08-01,Disponible
I-001152,SUC-40,PR-6942,23.0,8.0,2025-03-02,2025-08-23,Disponible
I-001153,SUC-13,PR-3101,12.0,16.0,2025-03-22,2025-08-15,Bajo stock
inv_001154,SUC-22,PR-1890,88.0,10.0,2025-03-15,2025-08-07,Disponible
I-001155,SUC-34,PR-5609,51.0,13.0,2025-06-01,,Disponible
inv_001156,SUC-14,PR-2914,39.0,17.0,2025-05-08,2025-07-15,Disponible
I-001157,SUC-20,PR-1254,87.0,7.0,2025-06-10,2025-06-23,Disponible
I-001158,SUC-15,PR-6591,89.0,14.0,2025-06-29,2025-07-14,Disponible
inv_001159,SUC-6,PR-4403,12.0,8.0,2025-05-14,2025-05-20,Disponible
I-001160,SUC-4,,19.0,13.0,2025-04-21,2025-06-15,Disponible
inv_001161,SUC-9,PR-851,3.0,15.0,2025-06-24,2025-07-01,Bajo stock
inv_001162,SUC-27,PR-5296,14.0,14.0,2025-03-28,2025-08-26,Bajo stock
inv_001163,SUC-4,PR-7539,47.0,8.0,2025-03-15,2025-07-13,Disponible
I-001164,SUC-5,PR-1507,42.0,15.0,2025-06-20,2025-08-19,Disponible
inv_001165,SUC-3,PR-4285,95.0,8.0,2025-06-06,2025-08-11,Disponible
inv_001166,SUC-14,PR-9571,51.0,10.0,2025-03-14,2025-03-23,Disponible
I-001167,SUC-36,PR-111,27.0,11.0,2025-04-18,2025-05-21,Disponible
I-001168,SUC-43,PR-9929,73.0,13.0,2025-03-08,2025-03-13,Disponible
I-001169,SUC-34,PR-3200,45.0,5.0,2025-05-21,2025-08-13,Disponible
I-001170,SUC-22,PR-7259,92.0,5.0,2025-07-20,2025-08-06,Disponible
inv_001171,SUC-23,PR-7539,83.0,13.0,2025-03-26,2025-06-14,Disponible
inv_001172,SUC-42,PR-1803,82.0,11.0,2025-03-03,2025-08-14,Disponible
I-001173,SUC-9,PR-8966,33.0,15.0,2025-06-13,2025-08-19,Disponible
inv_001174,SUC-16,PR-6319,97.0,8.0,2025-06-14,2025-08-08,Disponible
inv_001175,SUC-5,PR-7051,2.0,12.0,2025-05-31,2025-06-16,Bajo stock
I-001176,SUC-1,PR-8344,27.0,6.0,2025-06-20,2025-08-02,Disponible
I-001177,SUC-26,PR-6213,11.0,13.0,2025-07-29,2025-08-05,Bajo stock
I-001178,SUC-39,PR-3418,9.0,5.0,2025-05-03,2025-08-16,Disponible
inv_001179,SUC-1,PR-1946,85.0,18.0,2025-05-19,2025-05-24,Disponible
I-001180,SUC-36,PR-9494,17.0,8.0,2025-04-17,2025-06-13,Bajo stock
inv_001181,SUC-44,PR-6889,61.0,18.0,2025-03-19,2025-05-30,Disponible
I-001182,SUC-15,PR-9374,14.0,17.0,2025-04-12,2025-08-04,Bajo stock
I-001183,SUC-36,PR-4959,84.0,16.0,2025-03-26,2025-04-05,Disponible
I-001184,SUC-5,PR-9825,36.0,12.0,2025-07-19,2025-08-02,Disponible
I-001185,SUC-34,PR-3332,20.0,20.0,2025-04-06,2025-04-18,Bajo stock
inv_001186,SUC-11,PR-6071,75.0,12.0,2025-04-25,2025-08-11,Disponible
I-001187,SUC-13,PR-8647,70.0,8.0,2025-05-27,2025-07-25,Disponible
inv_001188,SUC-14,PR-4577,15.0,13.0,2025-06-02,2025-07-10,Disponible
I-001189,SUC-50,PR-8131,54.0,12.0,2025-04-28,2025-06-21,Disponible
I-001190,SUC-3,PR-2228,18.0,10.0,2025-07-16,,Disponible
I-001191,SUC-39,PR-8143,88.0,16.0,2025-04-15,2025-06-07,Disponible
inv_001192,SUC-8,PR-753,5.0,19.0,2025-04-25,2025-08-05,Bajo stock
I-001193,SUC-43,PR-3382,59.0,12.0,2025-07-23,2025-08-16,Disponible
inv_001194,SUC-35,PR-3668,8.0,10.0,2025-03-06,2025-04-03,Bajo stock
inv_001195,SUC-32,PR-6794,23.0,5.0,2025-03-23,2025-07-04,Disponible
I-001196,SUC-45,PR-5545,52.0,11.0,2025-03-11,2025-07-10,Disponible
inv_001197,SUC-10,PR-4474,9.0,13.0,2025-07-25,2025-08-18,Bajo stock
I-001198,SUC-37,PR-4992,2.0,14.0,2025-03-09,2025-05-19,Bajo stock
I-001199,SUC-5,PR-2602,78.0,9.0,2025-03-28,2025-06-23,Disponible
,SUC-29,,-12.0,17.0,2025-06-02,2025-08-23,Bajo stock
inv_001201,SUC-16,PR-8133,54.0,8.0,2025-06-29,2025-08-22,Disponible
inv_001202,SUC-24,PR-2036,36.0,18.0,2025-06-28,2025-07-15,Disponible
inv_001203,SUC-36,PR-1418,80.0,7.0,2025-05-03,2025-07-11,Disponible
I-001204,SUC-36,PR-3378,80.0,13.0,2025-06-11,2025-08-21,Disponible
I-001205,SUC-23,PR-7830,48.0,7.0,2025-04-11,2025-06-26,Disponible
I-001206,SUC-15,PR-1480,34.0,17.0,2025-04-18,2025-06-12,Disponible
I-001207,SUC-48,PR-786,59.0,16.0,2025-04-21,2025-08-28,Disponible
I-001208,SUC-39,PR-2423,81.0,17.0,2025-03-29,2025-07-04,Disponible
I-001209,SUC-5,PR-267,40.0,20.0,2025-04-21,2025-06-29,Disponible
I-001210,SUC-14,PR-3446,81.0,14.0,2025-06-23,2025-08-11,Disponible
I-001211,SUC-6,PR-1436,33.0,17.0,2025-04-27,2025-08-12,Disponible
inv_001212,SUC-15,PR-6896,29.0,17.0,2025-07-08,2025-07-11,Disponible
I-001213,SUC-40,PR-619,88.0,6.0,2025-07-05,2025-08-20,Disponible
inv_001214,SUC-10,PR-473,46.0,7.0,2025-06-16,2025-08-28,Disponible
inv_001215,SUC-27,PR-4471,88.0,19.0,2025-05-02,2025-08-27,Disponible
I-001216,SUC-21,PR-4274,73.0,17.0,2025-05-15,2025-07-23,Disponible
I-001217,SUC-18,PR-8994,14.0,19.0,2025-06-08,2025-07-04,Bajo stock
inv_001218,SUC-24,PR-4055,54.0,13.0,2025-06-04,2025-06-10,Disponible
I-001219,SUC-43,PR-8055,16.0,10.0,2025-07-04,2025-07-22,Disponible
I-001220,SUC-42,PR-5260,81.0,13.0,2025-05-22,2025-07-10,Disponible
I-001221,SUC-15,PR-5789,13.0,9.0,2025-04-06,2025-08-14,Disponible
I-001222,SUC-18,PR-6479,22.0,17.0,2025-05-06,2025-08-24,Disponible
inv_001223,SUC-34,PR-1990,40.0,10.0,2025-06-22,2025-08-20,Disponible
inv_001224,SUC-24,PR-9685,54.0,13.0,2025-07-25,2025-08-24,Disponible
I-001225,SUC-3,PR-214,45.0,20.0,2025-03-20,2025-08-17,Disponible
inv_001226,SUC-29,PR-939,35.0,5.0,2025-04-05,2025-04-27,Disponible
I-001227,SUC-40,PR-7523,53.0,13.0,2025-06-15,2025-06-15,Disponible
inv_001228,SUC-33,PR-325,1.0,13.0,2025-07-28,2025-08-09,Bajo stock
inv_001229,SUC-26,PR-6580,49.0,7.0,2025-06-25,2025-08-02,Disponible
I-001230,SUC-9,PR-453,20.0,6.0,2025-03-14,2025-08-17,Disponible
I-001231,SUC-18,PR-5837,38.0,19.0,2025-04-20,2025-05-16,Disponible
inv_001232,SUC-45,PR-9606,6.0,14.0,2025-06-03,2025-07-12,Bajo stock
I-001233,SUC-4,PR-1597,25.0,10.0,2025-07-05,2025-07-07,Disponible
inv_001234,SUC-44,PR-9918,1.0,6.0,2025-04-21,2025-07-05,Bajo stock
I-001235,SUC-17,PR-4998,14.0,20.0,2025-06-13,2025-08-15,Bajo stock
I-001236,SUC-11,PR-660,35.0,7.0,2025-03-21,2025-05-12,Disponible
inv_001237,SUC-48,PR-2836,19.0,13.0,2025-05-17,2025-05-27,Disponible
I-001238,SUC-7,PR-5437,22.0,17.0,2025-04-21,2025-07-17,Disponible
inv_001239,SUC-27,PR-2669,66.0,15.0,2025-03-17,2025-05-08,Disponible
I-001240,SUC-48,PR-8742,86.0,16.0,2025-03-03,2025-04-27,Disponible
I-001241,SUC-41,PR-3915,42.0,20.0,2025-05-19,2025-06-08,Disponible
inv_001242,SUC-15,PR-8418,36.0,13.0,2025-03-04,2025-05-15,Disponible
I-001243,SUC-28,PR-972,15.0,11.0,2025-05-14,2025-07-25,Disponible
I-001244,SUC-26,PR-4543,91.0,11.0,2025-05-28,2025-08-24,Disponible
I-001245,SUC-13,PR-7966,64.0,7.0,2025-05-12,2025-07-24,Disponible
I-001246,SUC-27,PR-4964,3.0,19.0,2025-03-06,2025-05-21,Bajo stock
I-001247,SUC-35,PR-7037,1.0,16.0,2025-04-27,2025-06-06,Bajo stock
I-001248,SUC-21,PR-4570,22.0,20.0,2025-06-20,2025-08-28,Disponible
I-001249,SUC-24,PR-7,30.0,10.0,2025-07-27,2025-08-16,Disponible
,SUC-16,PR-1611,33.0,17.0,2025-05-05,2025-06-28,Disponible
I-001251,SUC-18,PR-1179,86.0,16.0,2025-07-02,2025-08-04,Disponible
inv_001252,SUC-35,PR-5522,23.0,20.0,2025-06-12,2025-06-14,Disponible
I-001253,SUC-33,PR-9731,94.0,13.0,2025-06-20,2025-08-14,Disponible
inv_001254,SUC-37,PR-7437,39.0,18.0,2025-06-11,2025-08-12,Disponible
I-001255,SUC-46,PR-9919,20.0,16.0,2025-07-05,2025-07-31,Disponible
I-001256,SUC-44,PR-2623,7.0,13.0,2025-05-21,2025-06-10,Bajo stock
inv_001257,SUC-50,PR-6236,56.0,11.0,2025-04-17,2025-06-10,Disponible
inv_001258,SUC-39,PR-2536,98.0,8.0,2025-06-20,2025-07-06,Disponible
I-001259,SUC-7,PR-5631,21.0,12.0,2025-04-26,2025-07-25,Disponible
inv_001260,SUC-20,PR-8392,56.0,20.0,2025-05-10,2025-08-21,Desconocido
I-001261,SUC-7,PR-3723,38.0,5.0,2025-03-06,2025-03-14,Disponible
I-001262,SUC-27,PR-3507,21.0,8.0,2025-03-27,2025-04-06,Disponible
I-001263,SUC-24,PR-8829,43.0,12.0,2025-03-13,2025-07-25,Disponible
inv_001264,SUC-25,PR-659,15.0,11.0,2025-05-12,2025-06-12,Disponible
inv_001265,SUC-33,PR-8563,31.0,8.0,2025-07-29,2025-08-15,Disponible
I-001266,SUC-30,PR-8199,38.0,7.0,2025-07-21,2025-08-16,Disponible
I-001267,SUC-26,PR-348,7.0,11.0,2025-07-27,2025-08-26,Bajo stock
inv_001268,SUC-30,PR-8810,57.0,14.0,2025-03-16,2025-06-12,Disponible
I-001269,SUC-11,PR-824,87.0,16.0,2025-05-10,2025-07-06,Disponible
I-001270,SUC-39,PR-8775,97.0,10.0,2025-06-26,2025-08-07,Disponible
I-001271,SUC-18,PR-117,49.0,16.0,2025-06-06,2025-08-20,Disponible
I-001272,SUC-45,PR-2902,51.0,12.0,2025-06-21,2025-07-23,Disponible
inv_001273,SUC-16,PR-1196,42.0,8.0,2025-06-06,2025-07-30,Disponible
I-001274,SUC-34,PR-3076,99.0,20.0,2025-05-13,2025-08-04,Disponible
I-001275,SUC-25,PR-9216,85.0,,2025-05-31,2025-07-23,Disponible
inv_001276,SUC-17,PR-8381,14.0,11.0,2025-06-27,2025-08-08,Disponible
I-001277,SUC-39,PR-8749,0.0,9.0,2025-07-28,2025-08-01,Agotado
inv_001278,SUC-26,PR-4560,4.0,9.0,2025-03-08,2025-08-25,Bajo stock
inv_001279,SUC-24,PR-323,7.0,18.0,2025-05-31,2025-07-14,Bajo stock
I-001280,SUC-21,PR-3970,1.0,18.0,2025-05-07,2025-06-24,Bajo stock
I-001281,SUC-34,PR-6221,99.0,10.0,2025-05-17,2025-07-14,Disponible
I-001282,SUC-18,PR-4950,14.0,15.0,2025-05-28,2025-06-23,Bajo stock
inv_001283,SUC-4,PR-648,54.0,15.0,2025-06-08,2025-07-23,Disponible
I-001284,SUC-27,PR-5965,48.0,12.0,2025-04-14,2025-06-15,Disponible
inv_001285,SUC-10,PR-7563,0.0,13.0,2025-06-24,2025-06-30,Agotado
I-001286,SUC-36,PR-6659,94.0,16.0,2025-07-18,2025-08-28,Disponible
inv_001287,SUC-3,PR-3596,45.0,12.0,2025-07-04,2025-08-13,Disponible
inv_001288,SUC-30,PR-2237,27.0,14.0,2025-04-15,2025-07-04,Disponible
I-001289,SUC-33,PR-9011,70.0,8.0,2025-04-08,2025-07-01,Disponible
inv_001290,SUC-22,PR-3925,98.0,7.0,2025-07-01,2025-08-04,Disponible
inv_001291,SUC-26,PR-9578,24.0,14.0,2025-07-27,2025-07-27,Disponible
I-001292,SUC-19,PR-7985,31.0,9.0,2025-04-20,2025-06-24,Disponible
I-001293,SUC-19,PR-8458,20.0,6.0,2025-05-27,2025-06-26,Disponible
I-001294,SUC-39,PR-6245,81.0,12.0,2025-04-16,2025-07-07,Disponible
I-001295,SUC-42,PR-4307,35.0,10.0,2025-03-11,2026-01-01,Disponible
I-001296,SUC-27,PR-7599,12.0,17.0,2025-06-11,2025-06-13,Bajo stock
inv_001297,SUC-31,PR-4986,0.0,19.0,2025-04-14,2025-08-28,Agotado
I-001298,SUC-5,PR-7532,34.0,12.0,2025-03-26,2025-06-23,Disponible
inv_001299,SUC-27,PR-4546,100.0,19.0,2025-04-04,2025-07-01,Disponible
inv_001300,SUC-34,PR-83,30.0,20.0,2025-07-15,2025-08-27,Desconocido
inv_001301,SUC-24,PR-3112,99.0,8.0,2025-03-08,2025-06-17,Disponible
I-001302,SUC-18,PR-3282,59.0,18.0,2025-05-01,2025-05-13,Disponible
I-001303,SUC-2,PR-8350,40.0,18.0,2025-06-04,2025-07-22,Disponible
inv_001304,SUC-29,PR-5276,73.0,10.0,2025-06-11,2025-08-02,Disponible
I-001305,SUC-45,PR-3062,40.0,5.0,2025-06-20,2025-06-22,Disponible
I-001306,SUC-18,PR-5267,12.0,7.0,2025-04-08,2025-07-21,Disponible
I-001307,SUC-26,PR-7895,71.0,6.0,2025-06-29,2025-08-01,Disponible
inv_001308,SUC-11,PR-3092,75.0,10.0,2025-07-04,2025-07-09,Disponible
I-001309,SUC-32,PR-3503,66.0,17.0,2025-06-28,2025-08-02,Disponible
I-001310,SUC-11,PR-2328,12.0,10.0,2025-03-10,2025-06-16,Disponible
I-001311,SUC-40,PR-6399,69.0,14.0,2025-03-20,2025-07-31,Disponible
I-001312,SUC-21,PR-6983,22.0,8.0,2025-04-14,2025-05-07,Disponible
inv_001313,SUC-12,PR-87,49.0,11.0,2025-04-21,2025-05-10,Disponible
I-001314,SUC-13,PR-6600,63.0,8.0,2025-03-11,2025-08-14,Disponible
I-001315,SUC-27,PR-5219,67.0,6.0,2025-05-28,2025-06-30,Disponible
I-001316,SUC-9,PR-5405,98.0,20.0,2025-05-11,2025-06-22,Disponible
I-001317,SUC-20,PR-6599,59.0,18.0,2025-03-05,2025-07-31,Disponible
I-001318,SUC-15,PR-6732,39.0,11.0,2025-07-09,2025-07-09,Disponible
inv_001319,SUC-47,PR-950,15.0,11.0,2025-06-19,2025-08-16,Disponible
I-001320,SUC-44,,,18.0,2025-04-05,2025-06-18,Agotado
inv_001321,SUC-35,PR-3184,40.0,8.0,2025-06-14,2025-06-20,Disponible
I-001322,SUC-36,PR-8363,99.0,16.0,2025-05-02,2025-06-18,Disponible
I-001323,SUC-18,PR-255,80.0,18.0,2025-07-09,2025-07-25,Disponible
I-001324,SUC-13,PR-7835,77.0,18.0,2025-06-05,2025-06-22,Disponible
I-001325,SUC-12,PR-5778,94.0,,2025-04-06,2025-04-09,Disponible
I-001326,SUC-4,PR-3972,65.0,10.0,2025-06-24,2025-07-09,Disponible
I-001327,SUC-35,PR-2171,13.0,7.0,2025-07-01,2025-07-23,Disponible
I-001328,SUC-12,PR-5108,53.0,10.0,2025-06-14,2025-08-11,Disponible
I-001329,SUC-19,PR-2351,65.0,16.0,2025-03-05,2025-06-09,Disponible
I-001330,SUC-10,PR-1299,98.0,8.0,2025-07-04,,Disponible
I-001331,SUC-38,PR-902,81.0,16.0,2025-06-02,2025-08-25,Disponible
I-001332,SUC-20,PR-1289,41.0,6.0,2025-04-27,2025-08-02,Disponible
I-001333,SUC-32,PR-3298,96.0,19.0,2025-06-15,2025-06-28,Disponible
I-001334,SUC-39,PR-5398,14.0,6.0,2025-06-01,2025-06-30,Disponible
I-001335,SUC-8,PR-9412,95.0,19.0,2025-06-20,2025-06-21,Disponible
I-001336,SUC-18,PR-6730,52.0,13.0,2025-04-16,2025-05-21,Disponible
inv_001337,SUC-24,PR-346,4.0,16.0,2025-07-09,2025-08-11,Bajo stock
I-001338,SUC-36,PR-7029,42.0,14.0,2025-04-18,2025-06-13,Disponible
I-001339,SUC-32,PR-7578,53.0,16.0,2025-07-08,2025-08-26,Disponible
I-001340,SUC-7,PR-8896,93.0,15.0,2025-05-12,2025-05-14,Disponible
I-001341,SUC-7,PR-7161,45.0,18.0,2025-07-28,2025-08-25,Disponible
I-001342,SUC-38,PR-1144,76.0,10.0,2025-04-13,2025-07-23,Disponible
I-001343,SUC-4,PR-9949,2.0,19.0,2025-06-24,2025-06-29,Bajo stock
I-001344,SUC-38,PR-459,15.0,5.0,2025-06-30,2025-08-19,Disponible
I-001345,SUC-2,PR-2327,42.0,9.0,2025-07-09,2025-08-11,Disponible
inv_001346,SUC-6,PR-9277,18.0,20.0,2025-03-08,2025-03-31,Bajo stock
I-001347,SUC-6,PR-2354,63.0,7.0,2025-06-23,2025-06-27,Disponible
I-001348,SUC-24,PR-5524,27.0,20.0,2025-05-17,2025-06-01,Disponible
inv_001349,SUC-1,PR-7752,41.0,6.0,2025-05-02,2025-06-14,Disponible
I-001350,SUC-23,PR-484,,50.0,2025-06-08,2025-07-05,Disponible
I-001351,SUC-26,PR-439,15.0,17.0,2025-06-21,2025-07-18,Bajo stock
inv_001352,SUC-12,PR-4356,56.0,20.0,2025-04-08,2025-05-30,Disponible
I-001353,SUC-30,PR-9685,14.0,5.0,2025-05-09,2025-07-27,Disponible
I-001354,SUC-7,PR-9801,60.0,18.0,2025-05-03,2025-05-22,Disponible
I-001355,SUC-37,PR-3430,0.0,17.0,2025-05-30,2025-08-12,Agotado
I-001356,SUC-42,PR-4199,23.0,9.0,2025-05-18,2025-06-17,Disponible
inv_001357,SUC-12,PR-8868,63.0,9.0,2025-05-11,2025-05-27,Disponible
I-001358,SUC-12,PR-5661,95.0,17.0,2025-03-09,2025-05-07,Disponible
inv_001359,SUC-44,PR-4221,16.0,20.0,2025-06-23,2025-07-28,Bajo stock
I-001360,SUC-40,PR-8201,0.0,5.0,2025-03-07,2025-07-22,Agotado
inv_001361,SUC-10,PR-1424,61.0,20.0,2025-04-21,2025-08-23,Disponible
I-001362,SUC-1,PR-3702,39.0,8.0,2025-04-27,2025-05-05,Disponible
I-001363,SUC-7,PR-105,23.0,10.0,2025-03-27,2025-07-17,Disponible
I-001364,SUC-8,PR-200,26.0,20.0,2025-03-29,2025-08-12,Disponible
I-001365,SUC-21,PR-4839,80.0,13.0,2025-04-10,2026-01-01,Disponible
inv_001366,SUC-39,PR-6984,100.0,19.0,2025-05-07,2025-07-31,Disponible
inv_001367,SUC-45,PR-2757,25.0,10.0,2025-07-04,2025-07-20,Disponible
I-001368,SUC-23,PR-1110,63.0,15.0,2025-06-08,2025-06-23,Disponible
inv_001369,SUC-5,PR-7743,32.0,8.0,2025-05-10,2025-08-23,Disponible
inv_001370,SUC-10,PR-6041,100.0,12.0,2025-06-01,2025-06-14,Disponible
I-001371,SUC-39,PR-3018,78.0,19.0,2025-04-06,2025-05-21,Disponible
inv_001372,SUC-23,PR-7651,65.0,10.0,2025-05-24,2025-06-27,Disponible
I-001373,SUC-11,PR-6088,74.0,6.0,2025-06-29,2025-08-25,Disponible
inv_001374,SUC-29,PR-4995,30.0,9.0,2025-06-20,2025-08-11,Disponible
I-001375,SUC-32,PR-4486,21.0,,2025-07-15,2025-08-02,Disponible
I-001376,SUC-32,PR-8867,26.0,20.0,2025-03-28,2025-04-22,Disponible
inv_001377,SUC-3,PR-2807,60.0,19.0,2025-04-26,2025-07-22,Disponible
inv_001378,SUC-34,PR-3893,37.0,8.0,2025-04-14,2025-08-15,Disponible
inv_001379,SUC-2,PR-9978,31.0,10.0,2025-06-30,2025-06-30,Disponible
inv_001380,SUC-27,PR-447,,7.0,2025-06-19,2025-08-26,Bajo stock
inv_001381,SUC-4,PR-3544,56.0,20.0,2025-03-19,2025-04-20,Disponible
I-001382,SUC-6,PR-2728,24.0,11.0,2025-03-25,2025-03-30,Disponible
inv_001383,SUC-5,PR-7010,48.0,20.0,2025-03-27,2025-08-24,Disponible
I-001384,SUC-43,PR-9,20.0,6.0,2025-04-09,2025-08-13,Disponible
I-001385,SUC-5,PR-6559,25.0,9.0,2025-03-15,2025-06-19,Disponible
I-001386,SUC-42,PR-9453,54.0,17.0,2025-04-21,2025-06-03,Disponible
I-001387,SUC-21,PR-7992,43.0,6.0,2025-04-04,2025-06-14,Disponible
I-001388,SUC-10,PR-8130,93.0,5.0,2025-06-07,2025-07-04,Disponible
inv_001389,SUC-42,PR-9861,58.0,6.0,2025-07-07,2025-07-09,Disponible
I-001390,SUC-35,PR-593,76.0,14.0,2025-06-04,2025-07-31,Disponible
I-001391,SUC-44,PR-6766,69.0,13.0,2025-04-07,2025-08-05,Disponible
I-001392,SUC-45,PR-6425,48.0,15.0,2025-03-04,2025-06-12,Disponible
I-001393,SUC-4,PR-59,80.0,19.0,2025-03-28,2025-06-09,Disponible
I-001394,SUC-49,PR-642,10.0,5.0,2025-05-04,2025-06-05,Disponible
I-001395,SUC-34,PR-898,41.0,7.0,2025-06-04,2025-07-24,Disponible
inv_001396,SUC-19,PR-2435,40.0,7.0,2025-07-14,2025-07-28,Disponible
inv_001397,SUC-26,PR-756,48.0,14.0,2025-07-02,2025-07-23,Disponible
I-001398,SUC-28,PR-5477,82.0,8.0,2025-03-03,2025-03-20,Disponible
I-001399,SUC-42,PR-9721,51.0,6.0,2025-06-21,2025-06-28,Disponible
I-001400,SUC-42,PR-416,58.0,,2025-04-02,2026-01-01,Bajo stock
I-001401,SUC-6,PR-5170,93.0,7.0,2025-05-10,2025-06-09,Disponible
I-001402,SUC-11,PR-2088,81.0,18.0,2025-05-10,2025-07-07,Disponible
I-001403,SUC-14,PR-6156,74.0,18.0,2025-07-23,2025-08-01,Disponible
I-001404,SUC-28,PR-1869,28.0,9.0,2025-05-03,2025-08-25,Disponible
I-001405,SUC-38,PR-8678,81.0,20.0,2025-05-09,2025-05-12,Disponible
I-001406,SUC-38,PR-8319,41.0,15.0,2025-05-04,2025-05-18,Disponible
I-001407,SUC-43,PR-3175,30.0,8.0,2025-04-19,2025-05-05,Disponible
I-001408,SUC-18,PR-9145,0.0,12.0,2025-05-23,2025-07-18,Agotado
I-001409,SUC-23,PR-4352,0.0,9.0,2025-04-19,2025-04-24,Agotado
I-001410,SUC-39,PR-5201,-18.0,19.0,2025-07-06,2025-08-27,Bajo stock
inv_001411,SUC-49,PR-7090,71.0,17.0,2025-03-28,2025-05-22,Disponible
I-001412,SUC-13,PR-317,0.0,8.0,2025-03-26,2025-08-18,Agotado
I-001413,SUC-17,PR-1889,25.0,6.0,2025-05-25,2025-06-24,Disponible
I-001414,SUC-12,PR-2371,80.0,6.0,2025-05-19,2025-05-20,Disponible
inv_001415,SUC-31,PR-3524,57.0,16.0,2025-07-12,2025-08-06,Disponible
I-001416,SUC-13,PR-4306,54.0,5.0,2025-06-21,2025-08-13,Disponible
inv_001417,SUC-46,PR-6565,43.0,6.0,2025-03-15,2025-08-12,Disponible
inv_001418,SUC-34,PR-134,100.0,5.0,2025-06-22,2025-08-26,Disponible
I-001419,SUC-34,PR-7583,54.0,5.0,2025-04-17,2025-05-30,Disponible
I-001420,SUC-21,PR-1803,62.0,13.0,2025-05-30,2025-08-10,Agotado
I-001421,SUC-38,PR-9510,60.0,12.0,2025-03-15,2025-05-08,Disponible
I-001422,SUC-5,PR-6389,89.0,20.0,2025-03-12,2025-05-05,Disponible
I-001423,SUC-14,PR-5093,72.0,14.0,2025-07-07,2025-08-14,Disponible
I-001424,SUC-19,PR-6715,99.0,19.0,2025-04-18,2025-05-31,Disponible
I-001425,SUC-50,PR-4612,98.0,,2025-06-05,2025-06-20,Disponible
I-001426,SUC-44,PR-2190,52.0,18.0,2025-06-17,2025-06-19,Disponible
I-001427,SUC-38,PR-5952,8.0,17.0,2025-06-11,2025-08-24,Bajo stock
inv_001428,SUC-31,PR-9328,80.0,8.0,2025-06-06,2025-08-08,Disponible
I-001429,SUC-21,PR-9173,33.0,17.0,2025-04-20,2025-07-02,Disponible
I-001430,SUC-34,PR-3,78.0,7.0,2025-07-20,2025-07-21,Disponible
I-001431,SUC-16,PR-2495,64.0,20.0,2025-04-26,2025-08-01,Disponible
I-001432,SUC-5,PR-7486,59.0,12.0,2025-03-18,2025-08-03,Disponible
I-001433,SUC-20,PR-4938,59.0,13.0,2025-04-19,2025-06-12,Disponible
I-001434,SUC-48,PR-6603,29.0,16.0,2025-07-10,2025-08-21,Disponible
I-001435,SUC-23,PR-893,44.0,20.0,2025-05-15,,Disponible
I-001436,SUC-19,PR-2255,82.0,9.0,2025-04-03,2025-04-29,Disponible
I-001437,SUC-23,PR-8133,65.0,5.0,2025-04-25,2025-07-11,Disponible
inv_001438,SUC-17,PR-9075,48.0,7.0,2025-06-02,2025-06-28,Disponible
I-001439,SUC-3,PR-4368,13.0,15.0,2025-04-15,2025-08-11,Bajo stock
I-001440,SUC-23,PR-3722,-3.0,15.0,2025-04-08,2025-05-31,Bajo stock
I-001441,SUC-13,PR-772,18.0,20.0,2025-03-06,2025-05-01,Bajo stock
I-001442,SUC-26,PR-4850,60.0,19.0,2025-06-27,2025-08-03,Disponible
inv_001443,SUC-14,PR-6509,39.0,18.0,2025-05-15,2025-05-29,Disponible
I-001444,SUC-3,PR-8679,37.0,7.0,2025-04-26,2025-05-11,Disponible
I-001445,SUC-5,PR-69,92.0,17.0,2025-04-23,2025-06-26,Disponible
I-001446,SUC-3,PR-1536,65.0,13.0,2025-07-23,2025-07-23,Disponible
I-001447,SUC-47,PR-4596,78.0,17.0,2025-04-20,2025-08-26,Disponible
I-001448,SUC-22,PR-6167,74.0,12.0,2025-05-28,2025-08-17,Disponible
I-001449,SUC-4,PR-356,15.0,8.0,2025-07-16,2025-07-25,Disponible
inv_001450,SUC-14,PR-4608,95.0,16.0,2025-04-02,2025-04-20,Disponible
inv_001451,SUC-32,PR-5501,88.0,6.0,2025-03-24,2025-07-17,Disponible
I-001452,SUC-17,PR-424,23.0,13.0,2025-03-15,2025-04-18,Disponible
inv_001453,SUC-29,PR-8395,40.0,20.0,2025-06-25,2025-08-15,Disponible
inv_001454,SUC-33,PR-3809,74.0,14.0,2025-04-19,2025-06-22,Disponible
I-001455,SUC-45,PR-6200,15.0,18.0,2025-04-23,2025-08-20,Bajo stock
I-001456,SUC-40,PR-8570,83.0,6.0,2025-04-06,2025-07-05,Disponible
inv_001457,SUC-20,PR-5715,71.0,9.0,2025-04-04,2025-07-21,Disponible
I-001458,SUC-28,PR-7675,7.0,13.0,2025-03-06,2025-05-28,Bajo stock
I-001459,SUC-16,PR-4322,74.0,18.0,2025-04-26,2025-06-23,Disponible
inv_001460,SUC-3,PR-2096,16.0,15.0,2025-03-24,2025-04-08,Bajo stock
I-001461,SUC-34,PR-9683,100.0,16.0,2025-04-17,2025-07-23,Disponible
inv_001462,SUC-27,PR-8057,69.0,20.0,2025-05-28,2025-06-24,Disponible
inv_001463,SUC-48,PR-1631,89.0,15.0,2025-05-22,2025-07-01,Disponible
I-001464,SUC-46,PR-1093,77.0,19.0,2025-07-09,2025-08-13,Disponible
I-001465,SUC-11,PR-3995,99.0,9.0,2025-03-20,2025-08-18,Disponible
I-001466,SUC-5,PR-7171,82.0,14.0,2025-05-30,2025-06-03,Disponible
I-001467,SUC-43,PR-4618,89.0,17.0,2025-03-24,2025-08-19,Disponible
inv_001468,SUC-44,PR-3268,94.0,5.0,2025-03-20,2025-06-16,Disponible
inv_001469,SUC-4,PR-9882,29.0,13.0,2025-04-15,2025-05-02,Disponible
I-001470,SUC-9,PR-2375,15.0,20.0,2025-06-19,,Bajo stock
I-001471,SUC-14,PR-9682,77.0,20.0,2025-06-21,2025-07-30,Disponible
inv_001472,SUC-50,PR-797,42.0,16.0,2025-07-12,2025-07-23,Disponible
inv_001473,SUC-46,PR-2302,10.0,14.0,2025-06-18,2025-08-08,Bajo stock
I-001474,SUC-31,PR-667,49.0,17.0,2025-05-05,2025-06-23,Disponible
I-001475,SUC-47,PR-4922,9.0,,2025-04-16,2025-05-06,Disponible
I-001476,SUC-39,PR-7262,52.0,17.0,2025-05-16,2025-05-19,Disponible
I-001477,SUC-39,PR-2879,19.0,8.0,2025-06-24,2025-07-09,Disponible
inv_001478,SUC-21,PR-2088,24.0,12.0,2025-04-08,2025-08-08,Disponible
inv_001479,SUC-10,PR-9033,44.0,15.0,2025-03-07,2025-03-20,Disponible
I-001480,SUC-50,PR-2054,60.0,9.0,2025-03-08,2025-06-06,Bajo stock
I-001481,SUC-27,PR-4491,42.0,19.0,2025-06-13,2025-08-12,Disponible
I-001482,SUC-5,PR-2486,79.0,15.0,2025-04-28,2025-05-22,Disponible
I-001483,SUC-50,PR-4975,95.0,15.0,2025-03-09,2025-03-18,Disponible
inv_001484,SUC-37,PR-8765,86.0,14.0,2025-05-14,2025-08-27,Disponible
inv_001485,SUC-36,PR-4185,69.0,6.0,2025-04-24,2025-07-09,Disponible
inv_001486,SUC-26,PR-5095,77.0,15.0,2025-06-24,2025-07-05,Disponible
inv_001487,SUC-15,PR-4725,61.0,8.0,2025-03-03,2025-05-18,Disponible
I-001488,SUC-20,PR-8928,31.0,12.0,2025-04-09,2025-05-31,Disponible
I-001489,SUC-33,PR-4252,7.0,16.0,2025-07-02,2025-07-08,Bajo stock
I-001490,SUC-12,PR-2830,22.0,12.0,2025-05-01,2025-05-15,Disponible
inv_001491,SUC-10,PR-8725,49.0,6.0,2025-04-23,2025-06-25,Disponible
I-001492,SUC-3,PR-7066,71.0,9.0,2025-03-07,2025-04-20,Disponible
I-001493,SUC-48,PR-7616,6.0,6.0,2025-05-16,2025-08-17,Bajo stock
I-001494,SUC-37,PR-6074,20.0,17.0,2025-07-07,2025-07-13,Disponible
inv_001495,SUC-19,PR-4553,17.0,8.0,2025-03-24,2025-06-14,Disponible
I-001496,SUC-5,PR-9329,62.0,17.0,2025-05-16,2025-08-08,Disponible
I-001497,SUC-37,PR-3792,48.0,19.0,2025-06-28,2025-07-05,Disponible
inv_001498,SUC-37,PR-2564,63.0,8.0,2025-04-21,2025-05-26,Disponible
inv_001499,SUC-19,PR-2153,29.0,10.0,2025-04-15,2025-08-28,Disponible
inv_001500,SUC-13,PR-6761,,,2025-04-17,2025-07-27,Agotado
I-001501,SUC-14,PR-1275,85.0,11.0,2025-03-31,2025-05-08,Disponible
I-001502,SUC-43,PR-6376,73.0,9.0,2025-06-23,2025-07-03,Disponible
I-001503,SUC-50,PR-2740,70.0,5.0,2025-07-12,2025-07-24,Disponible
I-001504,SUC-22,PR-3122,22.0,17.0,2025-07-14,2025-08-12,Disponible
I-001505,SUC-34,PR-1,57.0,14.0,2025-04-19,2026-01-01,Disponible
I-001506,SUC-22,PR-3355,2.0,10.0,2025-05-01,2025-07-05,Bajo stock
I-001507,SUC-22,PR-5444,2.0,5.0,2025-06-25,2025-08-05,Bajo stock
inv_001508,SUC-32,PR-3627,70.0,13.0,2025-04-17,2025-07-24,Disponible
inv_001509,SUC-36,PR-2950,78.0,17.0,2025-07-09,2025-08-04,Disponible
I-001510,SUC-39,PR-766,9.0,20.0,2025-06-03,2025-07-08,Bajo stock
I-001511,SUC-14,PR-6542,37.0,14.0,2025-05-18,2025-07-13,Disponible
I-001512,SUC-21,PR-1177,40.0,8.0,2025-04-23,2025-06-30,Disponible
I-001513,SUC-4,PR-5991,40.0,5.0,2025-03-29,2025-05-28,Disponible
I-001514,SUC-17,PR-4566,26.0,20.0,2025-03-19,2025-06-18,Disponible
I-001515,SUC-33,PR-6309,42.0,10.0,2025-06-24,2025-07-05,Disponible
I-001516,SUC-29,PR-1072,28.0,14.0,2025-07-03,2025-08-02,Disponible
I-001517,SUC-37,PR-2708,19.0,7.0,2025-05-12,2025-05-25,Disponible
I-001518,SUC-14,PR-7198,31.0,9.0,2025-07-21,2025-08-20,Disponible
inv_001519,SUC-1,PR-8750,92.0,16.0,2025-05-16,2025-06-12,Disponible
inv_001520,SUC-20,PR-6642,43.0,10.0,2025-04-14,2025-06-23,Agotado
inv_001521,SUC-18,PR-1200,57.0,8.0,2025-07-27,2025-08-23,Disponible
inv_001522,SUC-40,PR-1662,77.0,5.0,2025-06-11,2025-07-19,Disponible
I-001523,SUC-49,PR-9567,78.0,6.0,2025-06-27,2025-07-14,Disponible
I-001524,SUC-32,PR-3187,53.0,11.0,2025-05-23,2025-08-26,Disponible
I-001525,SUC-40,PR-8492,40.0,50.0,2025-06-16,2025-07-09,Bajo stock
inv_001526,SUC-15,PR-1164,95.0,12.0,2025-04-25,2025-06-11,Disponible
I-001527,SUC-30,PR-3985,72.0,17.0,2025-06-16,2025-07-25,Disponible
I-001528,SUC-26,PR-4899,59.0,8.0,2025-03-05,2025-07-19,Disponible
I-001529,SUC-43,PR-6144,39.0,10.0,2025-05-23,2025-05-25,Disponible
inv_001530,SUC-19,PR-3173,,14.0,2025-03-12,2025-03-21,Disponible
I-001531,SUC-29,PR-2211,87.0,5.0,2025-06-13,2025-08-19,Disponible
inv_001532,SUC-9,PR-5487,82.0,7.0,2025-06-02,2025-08-11,Disponible
inv_001533,SUC-8,PR-841,17.0,6.0,2025-04-10,2025-04-14,Disponible
I-001534,SUC-20,PR-5134,94.0,13.0,2025-05-09,2025-06-25,Disponible
I-001535,SUC-26,PR-6336,100.0,7.0,2025-04-09,2025-05-23,Disponible
I-001536,SUC-11,PR-2809,14.0,11.0,2025-06-27,2025-08-26,Disponible
inv_001537,SUC-9,PR-9170,77.0,10.0,2025-07-05,2025-08-08,Disponible
I-001538,SUC-41,PR-4206,38.0,17.0,2025-03-27,2025-04-22,Disponible
I-001539,SUC-45,PR-562,78.0,18.0,2025-04-03,2025-07-10,Disponible
inv_001540,SUC-38,PR-4239,46.0,9.0,2025-05-07,,Desconocido
I-001541,SUC-24,PR-879,32.0,11.0,2025-05-05,2025-07-04,Disponible
inv_001542,SUC-14,PR-5142,25.0,5.0,2025-04-08,2025-08-04,Disponible
inv_001543,SUC-9,PR-293,12.0,7.0,2025-03-24,2025-04-20,Disponible
I-001544,SUC-3,PR-1317,43.0,7.0,2025-07-29,2025-08-02,Disponible
I-001545,SUC-17,PR-8293,34.0,15.0,2025-06-26,2025-08-08,Disponible
inv_001546,SUC-4,PR-9448,64.0,17.0,2025-04-30,2025-08-10,Disponible
I-001547,SUC-25,PR-281,14.0,18.0,2025-05-27,2025-06-09,Bajo stock
I-001548,SUC-20,PR-8100,22.0,13.0,2025-03-25,2025-08-20,Disponible
inv_001549,SUC-27,PR-5561,21.0,12.0,2025-03-08,2025-06-20,Disponible
I-001550,SUC-7,PR-9127,54.0,17.0,2025-03-14,2025-07-16,Disponible
I-001551,SUC-40,PR-5154,69.0,11.0,2025-05-09,2025-07-25,Disponible
I-001552,SUC-9,PR-2485,57.0,10.0,2025-04-12,2025-07-22,Disponible
inv_001553,SUC-8,PR-1699,11.0,15.0,2025-05-18,2025-08-15,Bajo stock
I-001554,SUC-43,PR-5826,16.0,18.0,2025-05-19,2025-08-25,Bajo stock
I-001555,SUC-19,PR-606,33.0,12.0,2025-04-29,2025-05-26,Disponible
I-001556,SUC-3,PR-4253,26.0,8.0,2025-07-13,2025-08-20,Disponible
I-001557,SUC-31,PR-4624,48.0,5.0,2025-04-18,2025-06-27,Disponible
inv_001558,SUC-34,PR-5330,97.0,18.0,2025-07-29,2025-08-07,Disponible
inv_001559,SUC-2,PR-2100,27.0,9.0,2025-05-18,2025-07-04,Disponible
inv_001560,SUC-20,PR-8625,,9.0,2025-04-10,2025-06-10,Disponible
inv_001561,SUC-7,PR-5317,40.0,18.0,2025-06-09,2025-08-15,Disponible
I-001562,SUC-35,PR-2116,79.0,18.0,2025-05-12,2025-07-12,Disponible
inv_001563,SUC-35,PR-3663,32.0,18.0,2025-03-24,2025-04-22,Disponible
I-001564,SUC-11,PR-8261,48.0,20.0,2025-05-23,2025-08-10,Disponible
inv_001565,SUC-30,PR-1651,45.0,15.0,2025-04-30,2025-04-30,Disponible
inv_001566,SUC-3,PR-974,26.0,12.0,2025-03-09,2025-05-15,Disponible
inv_001567,SUC-39,PR-7997,83.0,5.0,2025-03-07,2025-07-24,Disponible
I-001568,SUC-50,PR-942,40.0,15.0,2025-03-16,2025-07-09,Disponible
I-001569,SUC-35,PR-7212,85.0,15.0,2025-07-11,2025-07-27,Disponible
inv_001570,SUC-15,PR-8512,98.0,16.0,2025-03-04,2025-04-14,Disponible
I-001571,SUC-21,PR-2022,89.0,13.0,2025-06-17,2025-08-03,Disponible
I-001572,SUC-9,PR-3751,24.0,18.0,2025-05-07,2025-06-09,Disponible
I-001573,SUC-22,PR-3649,9.0,19.0,2025-04-13,2025-05-31,Bajo stock
inv_001574,SUC-21,PR-2773,91.0,6.0,2025-05-24,2025-08-18,Disponible
I-001575,SUC-36,PR-8048,30.0,,2025-06-30,2026-01-01,Disponible
inv_001576,SUC-19,PR-5635,16.0,17.0,2025-04-29,2025-06-22,Bajo stock
I-001577,SUC-13,PR-5733,40.0,14.0,2025-05-28,2025-06-16,Disponible
I-001578,SUC-3,PR-5936,31.0,5.0,2025-07-13,2025-08-19,Disponible
inv_001579,SUC-21,PR-5045,7.0,13.0,2025-04-30,2025-07-17,Bajo stock
inv_001580,SUC-49,PR-7181,36.0,6.0,2025-05-04,2025-06-30,Desconocido
I-001581,SUC-37,PR-925,72.0,10.0,2025-06-03,2025-08-24,Disponible
I-001582,SUC-7,PR-7119,74.0,19.0,2025-04-16,2025-06-11,Disponible
inv_001583,SUC-23,PR-5860,30.0,20.0,2025-03-20,2025-03-21,Disponible
I-001584,SUC-17,PR-6962,52.0,14.0,2025-07-01,2025-07-24,Disponible
I-001585,SUC-23,PR-3804,77.0,17.0,2025-06-17,2025-06-25,Disponible
I-001586,SUC-8,PR-6445,22.0,15.0,2025-05-22,2025-06-11,Disponible
I-001587,SUC-43,PR-2736,2.0,10.0,2025-03-05,2025-05-19,Bajo stock
I-001588,SUC-3,PR-8689,57.0,19.0,2025-06-24,2025-08-20,Disponible
I-001589,SUC-30,PR-8580,5.0,11.0,2025-07-24,2025-08-07,Bajo stock
I-001590,SUC-24,PR-4712,-1.0,5.0,2025-05-07,2025-07-18,Bajo stock
I-001591,SUC-38,PR-8703,88.0,6.0,2025-04-17,2025-05-03,Disponible
inv_001592,SUC-9,PR-9409,91.0,20.0,2025-04-17,2025-06-01,Disponible
I-001593,SUC-2,PR-8905,43.0,18.0,2025-05-26,2025-07-30,Disponible
I-001594,SUC-10,PR-1002,26.0,7.0,2025-06-14,2025-07-10,Disponible
I-001595,SUC-26,PR-1191,22.0,10.0,2025-03-04,2025-07-26,Disponible
I-001596,SUC-48,PR-9667,49.0,12.0,2025-03-19,2025-05-28,Disponible
I-001597,SUC-36,PR-9212,82.0,6.0,2025-03-27,2025-08-24,Disponible
inv_001598,SUC-13,PR-1541,41.0,18.0,2025-04-25,2025-07-08,Disponible
I-001599,SUC-40,PR-2841,98.0,20.0,2025-07-02,2025-07-06,Disponible
,SUC-24,PR-8189,17.0,7.0,2025-03-22,2025-04-17,Bajo stock
I-001601,SUC-46,PR-8139,22.0,18.0,2025-07-26,2025-08-25,Disponible
I-001602,SUC-19,PR-9544,47.0,13.0,2025-04-15,2025-04-25,Disponible
inv_001603,SUC-43,PR-1750,81.0,18.0,2025-03-05,2025-08-20,Disponible
inv_001604,SUC-3,PR-5181,75.0,11.0,2025-07-12,2025-07-18,Disponible
inv_001605,SUC-39,PR-488,37.0,12.0,2025-03-25,2025-06-01,Disponible
I-001606,SUC-30,PR-9522,10.0,15.0,2025-03-16,2025-04-04,Bajo stock
I-001607,SUC-46,PR-5512,37.0,7.0,2025-04-13,2025-05-12,Disponible
I-001608,SUC-1,PR-7237,59.0,12.0,2025-06-25,2025-07-02,Disponible
I-001609,SUC-6,PR-4906,17.0,15.0,2025-03-19,2025-07-23,Disponible
I-001610,SUC-48,PR-4447,14.0,7.0,2025-03-21,2025-06-15,Disponible
I-001611,SUC-9,PR-4654,49.0,6.0,2025-04-13,2025-07-14,Disponible
I-001612,SUC-26,PR-5443,13.0,5.0,2025-03-09,2025-04-06,Disponible
inv_001613,SUC-2,PR-9629,21.0,17.0,2025-03-10,2025-05-30,Disponible
inv_001614,SUC-17,PR-8468,65.0,9.0,2025-07-02,2025-08-06,Disponible
I-001615,SUC-20,PR-7574,2.0,7.0,2025-05-19,2025-07-31,Bajo stock
inv_001616,SUC-8,PR-2742,22.0,16.0,2025-07-07,2025-08-08,Disponible
I-001617,SUC-39,PR-1894,80.0,9.0,2025-07-02,2025-07-23,Disponible
I-001618,SUC-37,PR-1381,20.0,11.0,2025-04-24,2025-06-02,Disponible
I-001619,SUC-22,PR-7169,92.0,19.0,2025-05-17,2025-05-31,Disponible
I-001620,SUC-8,PR-2083,,17.0,2025-06-09,2025-07-19,Agotado
inv_001621,SUC-41,PR-786,49.0,10.0,2025-06-01,2025-07-03,Disponible
I-001622,SUC-37,PR-3964,93.0,8.0,2025-05-27,2025-06-22,Disponible
I-001623,SUC-48,PR-9859,93.0,8.0,2025-05-15,2025-07-10,Disponible
I-001624,SUC-14,PR-3124,19.0,11.0,2025-06-01,2025-07-16,Disponible
I-001625,SUC-15,PR-8830,5.0,13.0,2025-05-06,2025-07-28,Bajo stock
inv_001626,SUC-39,PR-8481,69.0,7.0,2025-07-11,2025-07-22,Disponible
I-001627,SUC-42,PR-2096,61.0,19.0,2025-04-05,2025-05-08,Disponible
I-001628,SUC-7,PR-8676,84.0,8.0,2025-06-23,2025-07-11,Disponible
inv_001629,SUC-3,PR-6300,27.0,6.0,2025-05-07,2025-08-07,Disponible
inv_001630,SUC-8,PR-6050,22.0,8.0,2025-07-09,2025-07-31,Disponible
I-001631,SUC-8,PR-5539,73.0,14.0,2025-04-24,2025-05-11,Disponible
inv_001632,SUC-3,PR-7614,28.0,13.0,2025-07-04,2025-08-04,Disponible
I-001633,SUC-31,PR-4021,74.0,17.0,2025-07-07,2025-07-10,Disponible
inv_001634,SUC-42,PR-5544,33.0,10.0,2025-03-21,2025-08-12,Disponible
inv_001635,SUC-10,PR-1443,52.0,14.0,2025-04-30,2025-05-08,Disponible
I-001636,SUC-43,PR-788,58.0,13.0,2025-03-23,2025-08-01,Disponible
inv_001637,SUC-33,PR-6017,77.0,9.0,2025-03-05,2025-04-05,Disponible
I-001638,SUC-50,PR-6538,30.0,18.0,2025-03-26,2025-05-13,Disponible
I-001639,SUC-39,PR-8927,30.0,19.0,2025-06-25,2025-06-25,Disponible
I-001640,SUC-13,,29.0,5.0,2025-06-16,2025-07-20,Disponible
I-001641,SUC-19,PR-8711,92.0,5.0,2025-06-17,2025-07-05,Disponible
inv_001642,SUC-49,PR-2922,59.0,7.0,2025-03-06,2025-05-25,Disponible
inv_001643,SUC-50,PR-3190,15.0,9.0,2025-04-14,2025-07-30,Disponible
inv_001644,SUC-40,PR-3074,38.0,20.0,2025-07-01,2025-07-29,Disponible
inv_001645,SUC-13,PR-2194,70.0,19.0,2025-03-14,2025-08-01,Disponible
inv_001646,SUC-38,PR-6549,97.0,10.0,2025-06-26,2025-07-07,Disponible
inv_001647,SUC-44,PR-6769,29.0,11.0,2025-06-01,2025-06-12,Disponible
inv_001648,SUC-22,PR-4588,11.0,20.0,2025-06-17,2025-07-30,Bajo stock
I-001649,SUC-13,PR-2772,6.0,12.0,2025-04-08,2025-04-29,Bajo stock
,SUC-21,PR-4428,-19.0,,2025-03-17,2025-03-20,Disponible
inv_001651,SUC-4,PR-4379,63.0,20.0,2025-03-09,2025-05-12,Disponible
I-001652,SUC-35,PR-3145,70.0,10.0,2025-05-08,2025-08-17,Disponible
I-001653,SUC-31,PR-1246,82.0,18.0,2025-03-25,2025-05-28,Disponible
inv_001654,SUC-39,PR-2250,3.0,13.0,2025-03-11,2025-04-06,Bajo stock
inv_001655,SUC-15,PR-5602,70.0,10.0,2025-04-09,2025-05-18,Disponible
inv_001656,SUC-26,PR-6301,10.0,12.0,2025-03-08,2025-05-13,Bajo stock
I-001657,SUC-21,PR-3750,20.0,16.0,2025-03-21,2025-08-15,Disponible
I-001658,SUC-37,PR-8113,16.0,7.0,2025-06-26,2025-07-08,Disponible
inv_001659,SUC-21,PR-7388,11.0,16.0,2025-06-30,2025-07-21,Bajo stock
I-001660,SUC-32,PR-8721,8.0,6.0,2025-03-31,2025-04-15,Agotado
I-001661,SUC-20,PR-2728,84.0,9.0,2025-04-01,2025-05-23,Disponible
I-001662,SUC-35,PR-7763,40.0,13.0,2025-06-14,2025-07-11,Disponible
I-001663,SUC-13,PR-9169,29.0,19.0,2025-06-03,2025-07-31,Disponible
I-001664,SUC-28,PR-9615,30.0,18.0,2025-07-17,2025-07-18,Disponible
inv_001665,SUC-10,PR-5171,34.0,16.0,2025-07-01,2025-08-21,Disponible
I-001666,SUC-46,PR-3435,67.0,17.0,2025-03-15,2025-05-20,Disponible
I-001667,SUC-1,PR-5123,18.0,20.0,2025-03-28,2025-05-02,Bajo stock
I-001668,SUC-39,PR-4594,42.0,10.0,2025-03-29,2025-05-10,Disponible
inv_001669,SUC-48,PR-2713,52.0,10.0,2025-06-08,2025-07-21,Disponible
inv_001670,SUC-6,PR-682,86.0,16.0,2025-05-19,2025-07-04,Disponible
I-001671,SUC-32,PR-6364,29.0,15.0,2025-04-21,2025-08-14,Disponible
inv_001672,SUC-1,PR-9844,73.0,18.0,2025-06-18,2025-08-19,Disponible
I-001673,SUC-43,PR-2583,37.0,14.0,2025-04-10,2025-07-28,Disponible
I-001674,SUC-5,PR-8267,52.0,10.0,2025-06-16,2025-06-24,Disponible
I-001675,SUC-4,PR-9348,15.0,,2025-06-09,2025-06-27,Disponible
inv_001676,SUC-37,PR-7415,88.0,6.0,2025-04-06,2025-04-21,Disponible
I-001677,SUC-19,PR-7283,34.0,10.0,2025-04-23,2025-06-23,Disponible
I-001678,SUC-49,PR-3653,76.0,19.0,2025-07-06,2025-07-13,Disponible
inv_001679,SUC-46,PR-9825,43.0,14.0,2025-04-12,2025-07-13,Disponible
I-001680,SUC-3,,,5.0,2025-05-09,2025-07-03,Bajo stock
I-001681,SUC-5,PR-7093,74.0,19.0,2025-03-27,2025-05-12,Disponible
I-001682,SUC-15,PR-9610,95.0,15.0,2025-05-10,2025-07-09,Disponible
I-001683,SUC-35,PR-5682,31.0,9.0,2025-07-22,2025-08-27,Disponible
I-001684,SUC-7,PR-4286,39.0,5.0,2025-05-15,2025-06-21,Disponible
I-001685,SUC-13,PR-5684,72.0,17.0,2025-05-03,2025-07-01,Disponible
inv_001686,SUC-45,PR-1612,21.0,7.0,2025-03-13,2025-06-01,Disponible
inv_001687,SUC-19,PR-9446,26.0,6.0,2025-04-23,2025-05-05,Disponible
inv_001688,SUC-26,PR-8763,17.0,9.0,2025-04-04,2025-08-18,Disponible
I-001689,SUC-33,PR-72,49.0,7.0,2025-03-20,2025-08-03,Disponible
I-001690,SUC-3,PR-5798,89.0,6.0,2025-05-26,2025-07-16,Disponible
I-001691,SUC-6,PR-1346,21.0,17.0,2025-03-20,2025-05-08,Disponible
I-001692,SUC-17,PR-5403,29.0,10.0,2025-04-22,2025-06-03,Disponible
I-001693,SUC-10,PR-3631,77.0,11.0,2025-06-21,2025-07-12,Disponible
I-001694,SUC-45,PR-5713,64.0,5.0,2025-05-13,2025-07-29,Disponible
inv_001695,SUC-18,PR-6463,11.0,20.0,2025-04-10,2025-05-05,Bajo stock
I-001696,SUC-11,PR-6268,39.0,8.0,2025-03-09,2025-05-04,Disponible
I-001697,SUC-50,PR-2499,9.0,7.0,2025-06-14,2025-08-11,Disponible
inv_001698,SUC-16,PR-9048,23.0,13.0,2025-07-12,2025-07-19,Disponible
inv_001699,SUC-27,PR-8011,67.0,10.0,2025-03-11,2025-05-08,Disponible
,SUC-33,PR-4477,3.0,6.0,2025-05-04,2025-06-18,Bajo stock
inv_001701,SUC-12,PR-8902,17.0,9.0,2025-03-06,2025-06-26,Disponible
inv_001702,SUC-9,PR-6755,99.0,6.0,2025-07-22,2025-07-30,Disponible
I-001703,SUC-39,PR-1740,74.0,18.0,2025-07-06,2025-08-05,Disponible
I-001704,SUC-24,PR-9639,63.0,12.0,2025-04-28,2025-07-21,Disponible
I-001705,SUC-23,PR-2055,47.0,13.0,2025-05-11,2025-05-24,Disponible
I-001706,SUC-16,PR-7456,0.0,11.0,2025-05-30,2025-08-24,Agotado
I-001707,SUC-50,PR-374,5.0,7.0,2025-05-27,2025-06-11,Bajo stock
inv_001708,SUC-5,PR-6485,6.0,14.0,2025-05-11,2025-08-27,Bajo stock
I-001709,SUC-16,PR-5105,29.0,6.0,2025-04-25,2025-08-14,Disponible
I-001710,SUC-2,PR-4016,,14.0,2025-06-16,2025-07-04,Disponible
I-001711,SUC-49,PR-3505,89.0,16.0,2025-06-25,2025-07-07,Disponible
inv_001712,SUC-34,PR-8901,91.0,16.0,2025-03-22,2025-08-01,Disponible
I-001713,SUC-19,PR-9030,3.0,11.0,2025-06-30,2025-07-02,Bajo stock
inv_001714,SUC-9,PR-5457,16.0,20.0,2025-06-23,2025-08-26,Bajo stock
I-001715,SUC-13,PR-2854,32.0,14.0,2025-06-23,2025-07-16,Disponible
inv_001716,SUC-11,PR-2436,24.0,10.0,2025-07-25,2025-08-11,Disponible
I-001717,SUC-20,PR-6248,66.0,13.0,2025-03-23,2025-06-17,Disponible
I-001718,SUC-10,PR-4596,14.0,10.0,2025-06-23,2025-07-21,Disponible
inv_001719,SUC-3,PR-9883,37.0,18.0,2025-07-23,2025-08-08,Disponible
I-001720,SUC-1,,2.0,19.0,2025-05-29,2025-06-03,Bajo stock
I-001721,SUC-9,PR-4858,50.0,16.0,2025-05-05,2025-05-21,Disponible
I-001722,SUC-20,PR-6720,18.0,19.0,2025-04-27,2025-06-04,Bajo stock
inv_001723,SUC-5,PR-2320,15.0,17.0,2025-05-23,2025-07-06,Bajo stock
I-001724,SUC-31,PR-1389,5.0,15.0,2025-04-29,2025-07-04,Bajo stock
I-001725,SUC-12,PR-4814,35.0,,2025-05-21,2025-06-19,Disponible
I-001726,SUC-24,PR-1587,79.0,7.0,2025-05-28,2025-08-06,Disponible
inv_001727,SUC-19,PR-6494,45.0,8.0,2025-03-12,2025-04-26,Disponible
I-001728,SUC-13,PR-8049,94.0,9.0,2025-07-29,2025-08-05,Disponible
I-001729,SUC-24,PR-9575,94.0,16.0,2025-06-05,2025-08-17,Disponible
inv_001730,SUC-50,PR-3504,82.0,13.0,2025-06-11,2025-07-30,Disponible
I-001731,SUC-24,PR-2341,82.0,10.0,2025-03-26,2025-04-27,Disponible
inv_001732,SUC-6,PR-7978,16.0,18.0,2025-06-18,2025-08-27,Bajo stock
I-001733,SUC-5,PR-658,92.0,17.0,2025-06-25,2025-06-28,Disponible
I-001734,SUC-28,PR-6756,64.0,16.0,2025-05-31,2025-08-18,Disponible
inv_001735,SUC-21,PR-7446,92.0,7.0,2025-06-06,2025-07-24,Disponible
inv_001736,SUC-50,PR-8988,14.0,19.0,2025-03-09,2025-08-04,Bajo stock
inv_001737,SUC-34,PR-6932,6.0,13.0,2025-03-14,2025-07-27,Bajo stock
I-001738,SUC-13,PR-741,45.0,8.0,2025-04-29,2025-05-16,Disponible
inv_001739,SUC-15,PR-8601,25.0,8.0,2025-04-05,2025-04-21,Disponible
I-001740,SUC-41,PR-2405,-18.0,14.0,2025-07-18,2025-08-23,Bajo stock
I-001741,SUC-12,PR-2395,49.0,14.0,2025-07-09,2025-07-27,Disponible
I-001742,SUC-45,PR-252,95.0,10.0,2025-04-26,2025-06-27,Disponible
I-001743,SUC-30,PR-4292,9.0,7.0,2025-03-13,2025-03-19,Disponible
I-001744,SUC-50,PR-4629,64.0,18.0,2025-06-27,2025-07-25,Disponible
I-001745,SUC-35,PR-9784,55.0,12.0,2025-06-03,2025-08-10,Disponible
I-001746,SUC-9,PR-5127,3.0,12.0,2025-07-23,2025-08-21,Bajo stock
I-001747,SUC-40,PR-2495,85.0,19.0,2025-04-07,2025-07-09,Disponible
I-001748,SUC-42,PR-980,85.0,12.0,2025-07-29,2025-08-12,Disponible
I-001749,SUC-6,PR-8580,63.0,10.0,2025-04-19,2025-08-02,Disponible
inv_001750,SUC-31,PR-5779,46.0,,2025-04-06,,Disponible
inv_001751,SUC-31,PR-7792,99.0,12.0,2025-04-23,2025-06-12,Disponible
I-001752,SUC-38,PR-1625,47.0,9.0,2025-05-09,2025-07-11,Disponible
inv_001753,SUC-4,PR-7035,61.0,16.0,2025-03-16,2025-06-26,Disponible
I-001754,SUC-2,PR-8724,31.0,8.0,2025-07-15,2025-07-22,Disponible
I-001755,SUC-46,PR-2723,38.0,16.0,2025-04-07,2025-07-14,Disponible
I-001756,SUC-3,PR-927,93.0,9.0,2025-06-06,2025-06-24,Disponible
inv_001757,SUC-23,PR-7205,32.0,18.0,2025-07-19,2025-08-03,Disponible
I-001758,SUC-38,PR-5898,19.0,7.0,2025-05-13,2025-06-26,Disponible
I-001759,SUC-3,PR-8099,88.0,13.0,2025-03-05,2025-05-25,Disponible
inv_001760,SUC-45,,97.0,20.0,2025-06-12,2025-08-03,Agotado
I-001761,SUC-32,PR-3952,83.0,19.0,2025-06-28,2025-08-22,Disponible
I-001762,SUC-43,PR-4878,52.0,5.0,2025-05-09,2025-08-05,Disponible
I-001763,SUC-45,PR-3879,100.0,7.0,2025-07-27,2025-08-23,Disponible
inv_001764,SUC-14,PR-8013,36.0,13.0,2025-07-27,2025-08-03,Disponible
I-001765,SUC-16,PR-2566,19.0,19.0,2025-03-13,2025-05-16,Bajo stock
inv_001766,SUC-39,PR-5908,18.0,18.0,2025-03-12,2025-06-02,Bajo stock
I-001767,SUC-11,PR-2545,70.0,13.0,2025-04-12,2025-08-08,Disponible
I-001768,SUC-24,PR-529,82.0,17.0,2025-07-08,2025-07-28,Disponible
inv_001769,SUC-15,PR-8719,24.0,7.0,2025-04-18,2025-08-25,Disponible
inv_001770,SUC-4,PR-5910,-1.0,7.0,2025-03-06,2025-08-02,Bajo stock
inv_001771,SUC-37,PR-1616,52.0,19.0,2025-03-02,2025-06-22,Disponible
I-001772,SUC-4,PR-4834,76.0,11.0,2025-04-24,2025-06-13,Disponible
I-001773,SUC-32,PR-7176,98.0,20.0,2025-03-12,2025-03-22,Disponible
I-001774,SUC-44,PR-1209,37.0,17.0,2025-03-03,2025-08-24,Disponible
inv_001775,SUC-10,PR-8451,90.0,100.0,2025-06-11,2025-07-17,Bajo stock
I-001776,SUC-11,PR-6431,58.0,16.0,2025-05-15,2025-08-02,Disponible
I-001777,SUC-43,PR-7800,18.0,9.0,2025-03-08,2025-05-14,Disponible
I-001778,SUC-45,PR-8711,95.0,18.0,2025-07-10,2025-08-27,Disponible
I-001779,SUC-46,PR-7357,23.0,8.0,2025-07-08,2025-08-08,Disponible
inv_001780,SUC-10,PR-6489,82.0,8.0,2025-06-16,2025-06-23,Desconocido
I-001781,SUC-2,PR-829,61.0,20.0,2025-07-17,2025-07-28,Disponible
inv_001782,SUC-25,PR-7911,56.0,19.0,2025-05-07,2025-05-30,Disponible
I-001783,SUC-40,PR-6470,4.0,6.0,2025-07-15,2025-08-28,Bajo stock
I-001784,SUC-48,PR-9375,25.0,17.0,2025-05-20,2025-06-02,Disponible
I-001785,SUC-16,PR-3715,20.0,9.0,2025-07-14,,Disponible
I-001786,SUC-44,PR-7757,44.0,15.0,2025-05-09,2025-07-22,Disponible
I-001787,SUC-35,PR-5817,90.0,10.0,2025-03-18,2025-08-07,Disponible
inv_001788,SUC-5,PR-9206,86.0,10.0,2025-05-06,2025-07-15,Disponible
inv_001789,SUC-2,PR-359,33.0,16.0,2025-06-14,2025-08-21,Disponible
I-001790,SUC-9,PR-5728,98.0,13.0,2025-05-05,2025-05-24,Disponible
I-001791,SUC-23,PR-1989,91.0,11.0,2025-05-28,2025-06-19,Disponible
inv_001792,SUC-26,PR-1863,28.0,20.0,2025-07-13,2025-07-25,Disponible
I-001793,SUC-50,PR-414,46.0,11.0,2025-07-28,2025-07-29,Disponible
I-001794,SUC-20,PR-7947,14.0,7.0,2025-06-25,2025-07-12,Disponible
I-001795,SUC-39,PR-949,28.0,17.0,2025-04-01,2025-05-26,Disponible
I-001796,SUC-46,PR-6583,64.0,8.0,2025-07-18,2025-08-17,Disponible
inv_001797,SUC-38,PR-8309,49.0,7.0,2025-05-24,2025-06-07,Disponible
I-001798,SUC-38,PR-4609,71.0,19.0,2025-07-12,2025-07-26,Disponible
I-001799,SUC-18,PR-6004,21.0,5.0,2025-04-24,2025-05-13,Disponible
I-001800,SUC-39,,,,2025-04-28,2025-06-22,Disponible
I-001801,SUC-36,PR-2449,73.0,10.0,2025-07-27,2025-08-09,Disponible
inv_001802,SUC-45,PR-8497,59.0,7.0,2025-07-12,2025-08-02,Disponible
inv_001803,SUC-30,PR-3627,75.0,18.0,2025-04-22,2025-04-26,Disponible
inv_001804,SUC-48,PR-2524,33.0,10.0,2025-05-03,2025-08-18,Disponible
I-001805,SUC-46,PR-6188,92.0,11.0,2025-06-20,2025-07-02,Disponible
inv_001806,SUC-11,PR-8533,52.0,6.0,2025-03-17,2025-03-24,Disponible
I-001807,SUC-37,PR-6251,70.0,17.0,2025-06-25,2025-08-23,Disponible
inv_001808,SUC-50,PR-3680,69.0,8.0,2025-04-02,2025-07-31,Disponible
I-001809,SUC-28,PR-3181,91.0,6.0,2025-03-27,2025-08-17,Disponible
I-001810,SUC-8,PR-9886,84.0,10.0,2025-07-22,2025-08-12,Disponible
I-001811,SUC-8,PR-1527,71.0,18.0,2025-05-28,2025-07-21,Disponible
I-001812,SUC-49,PR-7706,63.0,5.0,2025-04-12,2025-08-01,Disponible
I-001813,SUC-14,PR-7241,80.0,16.0,2025-06-05,2025-08-15,Disponible
I-001814,SUC-41,PR-2196,0.0,8.0,2025-04-13,2025-06-20,Agotado
inv_001815,SUC-4,PR-6644,89.0,7.0,2025-03-27,2025-08-14,Disponible
inv_001816,SUC-41,PR-4533,4.0,18.0,2025-04-20,2025-04-27,Bajo stock
I-001817,SUC-10,PR-2666,32.0,14.0,2025-06-09,2025-06-30,Disponible
I-001818,SUC-23,PR-6368,5.0,18.0,2025-04-08,2025-07-24,Bajo stock
I-001819,SUC-21,PR-629,7.0,10.0,2025-06-17,2025-07-05,Bajo stock
I-001820,SUC-3,PR-6924,34.0,11.0,2025-07-13,2026-01-01,Agotado
inv_001821,SUC-15,PR-4821,94.0,10.0,2025-06-08,2025-07-23,Disponible
I-001822,SUC-23,PR-6770,89.0,10.0,2025-07-27,2025-08-14,Disponible
I-001823,SUC-32,PR-1558,43.0,13.0,2025-04-26,2025-07-27,Disponible
I-001824,SUC-3,PR-4523,74.0,14.0,2025-07-06,2025-07-06,Disponible
I-001825,SUC-12,PR-9919,89.0,,2025-04-23,2025-06-27,Disponible
I-001826,SUC-10,PR-9530,25.0,18.0,2025-07-20,2025-08-19,Disponible
I-001827,SUC-27,PR-5590,46.0,9.0,2025-04-03,2025-06-22,Disponible
I-001828,SUC-33,PR-2754,66.0,11.0,2025-03-04,2025-06-22,Disponible
inv_001829,SUC-42,PR-1138,93.0,20.0,2025-06-21,2025-07-23,Disponible
inv_001830,SUC-21,PR-1859,,17.0,2025-05-06,2025-06-21,Disponible
I-001831,SUC-23,PR-8300,96.0,18.0,2025-04-03,2025-06-17,Disponible
I-001832,SUC-13,PR-8737,68.0,15.0,2025-06-22,2025-07-16,Disponible
I-001833,SUC-22,PR-1410,87.0,10.0,2025-03-25,2025-03-29,Disponible
inv_001834,SUC-5,PR-1715,96.0,10.0,2025-03-16,2025-08-06,Disponible
I-001835,SUC-39,PR-8213,22.0,8.0,2025-05-17,2025-07-04,Disponible
I-001836,SUC-18,PR-2663,81.0,17.0,2025-06-14,2025-06-23,Disponible
I-001837,SUC-19,PR-6223,56.0,15.0,2025-03-21,2025-08-21,Disponible
I-001838,SUC-29,PR-9390,76.0,7.0,2025-06-07,2025-08-05,Disponible
I-001839,SUC-14,PR-2179,88.0,5.0,2025-06-10,2025-08-20,Disponible
I-001840,SUC-48,PR-911,90.0,6.0,2025-07-24,2025-08-06,Agotado
inv_001841,SUC-2,PR-7792,49.0,5.0,2025-04-10,2025-07-24,Disponible
inv_001842,SUC-33,PR-5260,23.0,9.0,2025-07-06,2025-08-05,Disponible
inv_001843,SUC-13,PR-3520,14.0,9.0,2025-05-20,2025-06-07,Disponible
I-001844,SUC-34,PR-3820,60.0,19.0,2025-05-16,2025-07-23,Disponible
inv_001845,SUC-14,PR-5648,76.0,20.0,2025-07-17,2025-08-09,Disponible
inv_001846,SUC-19,PR-7058,57.0,16.0,2025-05-28,2025-07-05,Disponible
I-001847,SUC-18,PR-2990,0.0,8.0,2025-05-18,2025-06-03,Agotado
I-001848,SUC-48,PR-3758,76.0,9.0,2025-07-05,2025-08-08,Disponible
inv_001849,SUC-14,PR-5665,93.0,18.0,2025-04-05,2025-04-13,Disponible
inv_001850,SUC-4,PR-9359,44.0,17.0,2025-07-04,2025-07-18,Disponible
I-001851,SUC-24,PR-3119,82.0,10.0,2025-05-31,2025-07-05,Disponible
I-001852,SUC-20,PR-3755,74.0,7.0,2025-05-02,2025-06-17,Disponible
inv_001853,SUC-29,PR-1815,65.0,15.0,2025-04-12,2025-08-18,Disponible
I-001854,SUC-5,PR-5768,10.0,9.0,2025-04-25,2025-05-11,Disponible
inv_001855,SUC-29,PR-4666,93.0,18.0,2025-07-29,2025-08-11,Disponible
I-001856,SUC-6,PR-7504,30.0,13.0,2025-06-13,2025-08-08,Disponible
I-001857,SUC-27,PR-3536,96.0,12.0,2025-03-13,2025-08-16,Disponible
I-001858,SUC-30,PR-1430,72.0,9.0,2025-05-01,2025-08-22,Disponible
inv_001859,SUC-13,PR-8906,58.0,16.0,2025-05-16,2025-05-17,Disponible
I-001860,SUC-15,PR-7466,,19.0,2025-07-19,2025-07-25,Disponible
I-001861,SUC-43,PR-955,66.0,7.0,2025-05-14,2025-05-19,Disponible
inv_001862,SUC-45,PR-2103,63.0,20.0,2025-04-24,2025-08-13,Disponible
I-001863,SUC-16,PR-1168,83.0,19.0,2025-04-07,2025-06-23,Disponible
inv_001864,SUC-20,PR-3659,50.0,12.0,2025-06-20,2025-06-21,Disponible
inv_001865,SUC-38,PR-4902,18.0,8.0,2025-05-11,2025-08-28,Disponible
inv_001866,SUC-13,PR-2052,16.0,14.0,2025-04-04,2025-04-06,Disponible
I-001867,SUC-48,PR-1616,79.0,6.0,2025-06-15,2025-08-04,Disponible
I-001868,SUC-7,PR-714,16.0,6.0,2025-05-15,2025-08-24,Disponible
inv_001869,SUC-4,PR-5574,66.0,9.0,2025-06-12,2025-07-13,Disponible
I-001870,SUC-25,PR-2588,56.0,8.0,2025-06-03,2025-08-11,Disponible
I-001871,SUC-30,PR-291,15.0,13.0,2025-03-23,2025-06-20,Disponible
I-001872,SUC-35,PR-8658,78.0,6.0,2025-07-01,2025-08-17,Disponible
I-001873,SUC-21,PR-5282,63.0,17.0,2025-07-14,2025-07-26,Disponible
I-001874,SUC-21,PR-7091,91.0,15.0,2025-06-06,2025-06-15,Disponible
I-001875,SUC-24,PR-6855,63.0,73.0,2025-04-02,2025-08-07,Bajo stock
inv_001876,SUC-24,PR-7136,18.0,12.0,2025-04-05,2025-08-12,Disponible
inv_001877,SUC-26,PR-2844,55.0,19.0,2025-05-23,2025-06-09,Disponible
I-001878,SUC-9,PR-8059,20.0,19.0,2025-06-03,2025-07-05,Disponible
I-001879,SUC-5,PR-8499,94.0,9.0,2025-05-04,2025-05-07,Disponible
inv_001880,SUC-12,,17.0,6.0,2025-05-04,2025-07-21,Bajo stock
inv_001881,SUC-35,PR-6498,55.0,17.0,2025-03-06,2025-04-20,Disponible
I-001882,SUC-5,PR-6928,65.0,6.0,2025-04-15,2025-05-19,Disponible
I-001883,SUC-4,PR-2550,97.0,20.0,2025-04-08,2025-05-13,Disponible
I-001884,SUC-45,PR-6363,88.0,11.0,2025-07-15,2025-08-21,Disponible
I-001885,SUC-24,PR-4539,94.0,18.0,2025-05-20,2025-08-22,Disponible
I-001886,SUC-29,PR-9308,85.0,17.0,2025-06-06,2025-06-15,Disponible
I-001887,SUC-9,PR-8546,83.0,14.0,2025-07-27,2025-08-14,Disponible
I-001888,SUC-16,PR-981,31.0,12.0,2025-06-15,2025-08-19,Disponible
inv_001889,SUC-13,PR-8575,17.0,20.0,2025-07-14,2025-07-16,Bajo stock
inv_001890,SUC-40,PR-5601,,17.0,2025-05-05,,Disponible
I-001891,SUC-11,PR-4005,73.0,11.0,2025-07-03,2025-07-18,Disponible
I-001892,SUC-6,PR-7819,45.0,18.0,2025-05-09,2025-07-11,Disponible
I-001893,SUC-40,PR-3177,50.0,15.0,2025-03-04,2025-05-26,Disponible
I-001894,SUC-16,PR-9753,53.0,20.0,2025-04-06,2025-08-15,Disponible
I-001895,SUC-27,PR-5185,100.0,12.0,2025-03-21,2025-07-22,Disponible
inv_001896,SUC-43,PR-4968,54.0,12.0,2025-04-23,2025-05-15,Disponible
I-001897,SUC-6,PR-3110,43.0,17.0,2025-03-30,2025-06-13,Disponible
inv_001898,SUC-44,PR-6430,93.0,20.0,2025-04-20,2025-06-23,Disponible
I-001899,SUC-18,PR-197,27.0,8.0,2025-03-12,2025-05-12,Disponible
,SUC-28,PR-1924,58.0,68.0,2025-06-11,2025-07-16,Bajo stock
inv_001901,SUC-45,PR-1433,92.0,6.0,2025-05-19,2025-06-20,Disponible
I-001902,SUC-24,PR-7329,40.0,10.0,2025-05-11,2025-06-05,Disponible
inv_001903,SUC-35,PR-4610,37.0,12.0,2025-04-11,2025-06-29,Disponible
I-001904,SUC-25,PR-7929,32.0,19.0,2025-04-10,2025-07-05,Disponible
I-001905,SUC-25,PR-4807,0.0,14.0,2025-03-17,2025-03-24,Agotado
I-001906,SUC-22,PR-4874,31.0,7.0,2025-06-05,2025-08-12,Disponible
I-001907,SUC-30,PR-6454,14.0,6.0,2025-03-20,2025-03-26,Disponible
inv_001908,SUC-31,PR-2647,56.0,6.0,2025-05-11,2025-06-27,Disponible
I-001909,SUC-6,PR-3584,64.0,8.0,2025-04-23,2025-04-29,Disponible
I-001910,SUC-14,PR-5608,2.0,19.0,2025-07-08,2025-08-21,Bajo stock
inv_001911,SUC-2,PR-3813,43.0,6.0,2025-03-27,2025-04-10,Disponible
I-001912,SUC-32,PR-6188,16.0,10.0,2025-03-05,2025-08-18,Disponible
inv_001913,SUC-7,PR-6401,69.0,14.0,2025-04-29,2025-08-11,Disponible
I-001914,SUC-44,PR-8840,5.0,19.0,2025-06-03,2025-06-27,Bajo stock
I-001915,SUC-13,PR-428,67.0,11.0,2025-05-13,2025-06-10,Disponible
I-001916,SUC-14,PR-5912,36.0,17.0,2025-07-21,2025-08-23,Disponible
I-001917,SUC-50,PR-8373,13.0,5.0,2025-07-10,2025-08-14,Disponible
I-001918,SUC-32,PR-2148,94.0,18.0,2025-04-07,2025-08-20,Disponible
inv_001919,SUC-27,PR-7678,87.0,16.0,2025-04-11,2025-08-10,Disponible
inv_001920,SUC-10,,16.0,10.0,2025-07-28,2025-08-21,Agotado
I-001921,SUC-49,PR-3789,26.0,19.0,2025-07-14,2025-08-10,Disponible
I-001922,SUC-17,PR-2891,60.0,10.0,2025-03-06,2025-07-27,Disponible
I-001923,SUC-9,PR-3429,12.0,17.0,2025-06-05,2025-07-28,Bajo stock
inv_001924,SUC-7,PR-2701,93.0,9.0,2025-06-20,2025-08-10,Disponible
inv_001925,SUC-11,PR-2417,100.0,20.0,2025-07-04,2026-01-01,Disponible
I-001926,SUC-28,PR-4092,85.0,5.0,2025-06-05,2025-06-15,Disponible
I-001927,SUC-10,PR-3555,3.0,17.0,2025-05-21,2025-05-21,Bajo stock
I-001928,SUC-49,PR-6820,53.0,13.0,2025-03-26,2025-04-27,Disponible
I-001929,SUC-12,PR-3216,27.0,6.0,2025-06-03,2025-06-07,Disponible
I-001930,SUC-1,PR-6845,82.0,5.0,2025-05-25,2025-05-26,Disponible
I-001931,SUC-33,PR-8606,69.0,16.0,2025-06-19,2025-08-05,Disponible
inv_001932,SUC-23,PR-9958,48.0,13.0,2025-07-26,2025-08-27,Disponible
inv_001933,SUC-26,PR-8232,88.0,14.0,2025-06-17,2025-06-17,Disponible
I-001934,SUC-31,PR-3056,91.0,6.0,2025-07-05,2025-08-26,Disponible
inv_001935,SUC-1,PR-8219,9.0,17.0,2025-04-11,2025-06-11,Bajo stock
I-001936,SUC-38,PR-7943,2.0,9.0,2025-05-11,2025-06-23,Bajo stock
I-001937,SUC-29,PR-2760,9.0,8.0,2025-07-16,2025-08-08,Disponible
inv_001938,SUC-38,PR-446,100.0,20.0,2025-03-22,2025-08-09,Disponible
I-001939,SUC-1,PR-5467,22.0,5.0,2025-07-10,2025-08-17,Disponible
inv_001940,SUC-1,PR-2885,65.0,7.0,2025-07-23,2025-08-08,Desconocido
inv_001941,SUC-33,PR-5212,37.0,5.0,2025-04-11,2025-04-13,Disponible
inv_001942,SUC-23,PR-3448,97.0,17.0,2025-04-06,2025-06-30,Disponible
I-001943,SUC-37,PR-9497,36.0,6.0,2025-04-21,2025-07-23,Disponible
inv_001944,SUC-20,PR-1121,77.0,15.0,2025-06-15,2025-07-02,Disponible
I-001945,SUC-24,PR-8390,35.0,14.0,2025-05-11,2025-07-23,Disponible
inv_001946,SUC-10,PR-3561,39.0,7.0,2025-03-18,2025-07-21,Disponible
inv_001947,SUC-38,PR-8453,29.0,15.0,2025-06-26,2025-07-17,Disponible
I-001948,SUC-29,PR-4151,42.0,14.0,2025-05-23,2025-07-29,Disponible
inv_001949,SUC-17,PR-9523,39.0,18.0,2025-05-09,2025-08-18,Disponible
,SUC-50,PR-2642,,,2025-06-14,2025-08-01,Disponible
I-001951,SUC-2,PR-1764,23.0,9.0,2025-03-17,2025-03-24,Disponible
I-001952,SUC-9,PR-2994,74.0,12.0,2025-03-22,2025-06-26,Disponible
I-001953,SUC-37,PR-6267,89.0,7.0,2025-04-30,2025-08-25,Disponible
I-001954,SUC-29,PR-8959,60.0,14.0,2025-06-27,2025-07-31,Disponible
I-001955,SUC-48,PR-680,37.0,7.0,2025-06-16,2025-06-16,Disponible
I-001956,SUC-9,PR-6390,43.0,10.0,2025-06-04,2025-06-30,Disponible
inv_001957,SUC-29,PR-2070,89.0,5.0,2025-05-14,2025-05-21,Disponible
I-001958,SUC-2,PR-4816,19.0,14.0,2025-07-03,2025-08-07,Disponible
I-001959,SUC-17,PR-9371,9.0,19.0,2025-04-08,2025-07-18,Bajo stock
I-001960,SUC-39,PR-1744,79.0,19.0,2025-03-14,,Desconocido
I-001961,SUC-2,PR-1820,67.0,14.0,2025-03-14,2025-03-19,Disponible
I-001962,SUC-29,PR-3417,35.0,13.0,2025-03-15,2025-06-02,Disponible
I-001963,SUC-34,PR-943,27.0,20.0,2025-04-11,2025-08-08,Disponible
I-001964,SUC-42,PR-2728,87.0,10.0,2025-07-12,2025-08-06,Disponible
I-001965,SUC-11,PR-5331,36.0,14.0,2025-04-15,2025-04-26,Disponible
I-001966,SUC-11,PR-2777,47.0,13.0,2025-06-19,2025-06-23,Disponible
I-001967,SUC-44,PR-8725,89.0,19.0,2025-05-15,2025-07-25,Disponible
I-001968,SUC-11,PR-3506,23.0,11.0,2025-04-10,2025-05-18,Disponible
inv_001969,SUC-30,PR-8971,48.0,18.0,2025-05-12,2025-08-17,Disponible
inv_001970,SUC-1,PR-7539,41.0,16.0,2025-06-14,2025-08-07,Disponible
I-001971,SUC-39,PR-1617,34.0,17.0,2025-06-26,2025-08-28,Disponible
I-001972,SUC-36,PR-827,22.0,5.0,2025-03-11,2025-08-11,Disponible
inv_001973,SUC-50,PR-1217,15.0,10.0,2025-05-24,2025-08-11,Disponible
I-001974,SUC-47,PR-385,93.0,19.0,2025-03-14,2025-07-26,Disponible
inv_001975,SUC-22,PR-7171,22.0,32.0,2025-05-20,2025-07-30,Bajo stock
I-001976,SUC-49,PR-8112,30.0,14.0,2025-04-12,2025-05-10,Disponible
I-001977,SUC-17,PR-897,92.0,19.0,2025-05-26,2025-06-28,Disponible
inv_001978,SUC-23,PR-3702,75.0,14.0,2025-05-28,2025-05-31,Disponible
inv_001979,SUC-41,PR-2818,92.0,19.0,2025-07-19,2025-08-07,Disponible
I-001980,SUC-7,PR-3710,,8.0,2025-03-12,2025-07-26,Desconocido
I-001981,SUC-4,PR-2416,4.0,19.0,2025-07-13,2025-07-29,Bajo stock
inv_001982,SUC-46,PR-1614,91.0,20.0,2025-05-17,2025-05-19,Disponible
I-001983,SUC-5,PR-9611,94.0,5.0,2025-07-01,2025-07-27,Disponible
I-001984,SUC-50,PR-1774,12.0,11.0,2025-05-30,2025-06-01,Disponible
inv_001985,SUC-21,PR-8269,53.0,10.0,2025-07-06,2025-07-23,Disponible
I-001986,SUC-42,PR-9509,35.0,15.0,2025-07-26,2025-08-13,Disponible
inv_001987,SUC-16,PR-4988,68.0,20.0,2025-05-06,2025-08-13,Disponible
I-001988,SUC-47,PR-883,37.0,6.0,2025-05-19,2025-08-18,Disponible
I-001989,SUC-32,PR-878,39.0,16.0,2025-07-13,2025-08-10,Disponible
inv_001990,SUC-16,PR-5305,71.0,20.0,2025-03-13,2025-03-18,Disponible
inv_001991,SUC-4,PR-4805,48.0,19.0,2025-06-08,2025-07-08,Disponible
inv_001992,SUC-12,PR-8699,81.0,16.0,2025-07-24,2025-08-04,Disponible
I-001993,SUC-4,PR-8606,37.0,18.0,2025-07-08,2025-07-22,Disponible
I-001994,SUC-4,PR-1639,85.0,13.0,2025-04-15,2025-07-09,Disponible
I-001995,SUC-43,PR-2338,59.0,16.0,2025-06-25,2026-01-01,Disponible
I-001996,SUC-34,PR-400,83.0,17.0,2025-07-05,2025-07-29,Disponible
I-001997,SUC-27,PR-9776,16.0,17.0,2025-05-07,2025-08-18,Bajo stock
I-001998,SUC-10,PR-1848,85.0,7.0,2025-04-29,2025-08-22,Disponible
I-001999,SUC-48,PR-1431,23.0,19.0,2025-06-12,2025-07-04,Disponible
inv_002000,SUC-17,PR-9231,5.0,,2025-03-10,2025-07-16,Disponible
I-002001,SUC-11,PR-4544,14.0,18.0,2025-04-18,2025-08-05,Bajo stock
I-002002,SUC-28,PR-4525,91.0,10.0,2025-05-27,2025-06-14,Disponible
I-002003,SUC-21,PR-1565,33.0,9.0,2025-07-22,2025-08-26,Disponible
inv_002004,SUC-7,PR-5395,99.0,19.0,2025-04-15,2025-07-24,Disponible
inv_002005,SUC-44,PR-838,74.0,5.0,2025-06-16,2025-08-17,Disponible
inv_002006,SUC-26,PR-6764,57.0,14.0,2025-06-19,2025-08-25,Disponible
I-002007,SUC-30,PR-3096,13.0,19.0,2025-03-24,2025-05-19,Bajo stock
I-002008,SUC-40,PR-6841,26.0,11.0,2025-05-21,2025-06-30,Disponible
inv_002009,SUC-12,PR-7963,82.0,16.0,2025-04-23,2025-06-23,Disponible
I-002010,SUC-30,PR-2264,,16.0,2025-05-07,2025-05-20,Disponible
inv_002011,SUC-34,PR-9170,35.0,15.0,2025-04-17,2025-04-26,Disponible
I-002012,SUC-41,PR-790,57.0,19.0,2025-07-10,2025-07-20,Disponible
I-002013,SUC-41,PR-1446,43.0,13.0,2025-03-14,2025-07-01,Disponible
I-002014,SUC-27,PR-7175,3.0,12.0,2025-05-24,2025-07-05,Bajo stock
I-002015,SUC-16,PR-9303,73.0,14.0,2025-05-31,2025-07-22,Disponible
I-002016,SUC-16,PR-2613,91.0,5.0,2025-07-21,2025-08-27,Disponible
I-002017,SUC-27,PR-3747,15.0,19.0,2025-05-28,2025-08-07,Bajo stock
I-002018,SUC-19,PR-4299,93.0,19.0,2025-04-03,2025-07-05,Disponible
inv_002019,SUC-42,PR-8447,100.0,9.0,2025-04-05,2025-05-03,Disponible
I-002020,SUC-26,PR-2743,18.0,5.0,2025-06-05,2025-06-26,Bajo stock
inv_002021,SUC-12,PR-8936,7.0,16.0,2025-06-21,2025-08-12,Bajo stock
I-002022,SUC-43,PR-6307,41.0,5.0,2025-04-14,2025-06-10,Disponible
I-002023,SUC-33,PR-3781,37.0,12.0,2025-05-03,2025-06-07,Disponible
I-002024,SUC-42,PR-593,6.0,9.0,2025-07-22,2025-08-05,Bajo stock
I-002025,SUC-25,PR-2222,40.0,50.0,2025-04-04,2025-04-25,Bajo stock
inv_002026,SUC-5,PR-2691,81.0,18.0,2025-04-09,2025-07-18,Disponible
I-002027,SUC-2,PR-9768,88.0,19.0,2025-04-22,2025-04-25,Disponible
I-002028,SUC-11,PR-2765,55.0,10.0,2025-03-28,2025-04-11,Disponible
I-002029,SUC-15,PR-3259,60.0,19.0,2025-03-20,2025-06-10,Disponible
I-002030,SUC-35,PR-7175,42.0,13.0,2025-06-24,,Disponible
I-002031,SUC-13,PR-1021,88.0,15.0,2025-03-03,2025-05-27,Disponible
inv_002032,SUC-25,PR-3551,87.0,19.0,2025-03-24,2025-08-04,Disponible
I-002033,SUC-47,PR-5649,61.0,16.0,2025-03-12,2025-05-22,Disponible
inv_002034,SUC-25,PR-7131,34.0,12.0,2025-04-03,2025-08-15,Disponible
I-002035,SUC-50,PR-3133,59.0,18.0,2025-07-11,2025-08-03,Disponible
inv_002036,SUC-46,PR-5511,29.0,5.0,2025-07-16,2025-08-21,Disponible
I-002037,SUC-41,PR-8447,17.0,9.0,2025-04-07,2025-05-16,Disponible
I-002038,SUC-39,PR-3513,64.0,10.0,2025-06-07,2025-07-09,Disponible
I-002039,SUC-23,PR-2874,11.0,10.0,2025-04-05,2025-05-04,Disponible
inv_002040,SUC-9,PR-4082,,15.0,2025-04-25,2025-05-28,Agotado
I-002041,SUC-26,PR-724,89.0,17.0,2025-07-06,2025-07-09,Disponible
inv_002042,SUC-24,PR-5396,46.0,18.0,2025-04-13,2025-07-06,Disponible
I-002043,SUC-20,PR-4654,25.0,14.0,2025-07-27,2025-08-01,Disponible
inv_002044,SUC-38,PR-6450,47.0,14.0,2025-05-03,2025-08-17,Disponible
I-002045,SUC-7,PR-7624,84.0,9.0,2025-04-09,2025-05-17,Disponible
I-002046,SUC-9,PR-859,59.0,8.0,2025-06-11,2025-07-11,Disponible
inv_002047,SUC-43,PR-9247,17.0,15.0,2025-07-12,2025-07-21,Disponible
I-002048,SUC-45,PR-5196,66.0,10.0,2025-06-19,2025-08-09,Disponible
I-002049,SUC-34,PR-3482,90.0,5.0,2025-05-14,2025-07-30,Disponible
I-002050,SUC-36,PR-8223,50.0,13.0,2025-05-04,2025-08-07,Disponible
I-002051,SUC-43,PR-3976,0.0,18.0,2025-03-19,2025-05-02,Agotado
I-002052,SUC-39,PR-6267,11.0,7.0,2025-03-24,2025-07-20,Disponible
inv_002053,SUC-32,PR-7957,86.0,12.0,2025-04-12,2025-07-14,Disponible
inv_002054,SUC-9,PR-8237,86.0,5.0,2025-04-17,2025-05-01,Disponible
I-002055,SUC-2,PR-7737,4.0,6.0,2025-07-07,2025-08-20,Bajo stock
I-002056,SUC-38,PR-1582,61.0,8.0,2025-03-15,2025-04-29,Disponible
I-002057,SUC-42,PR-2534,8.0,19.0,2025-04-07,2025-07-26,Bajo stock
I-002058,SUC-40,PR-4818,88.0,19.0,2025-05-01,2025-07-14,Disponible
inv_002059,SUC-15,PR-3578,69.0,11.0,2025-07-13,2025-07-17,Disponible
I-002060,SUC-22,PR-9533,41.0,17.0,2025-06-20,2025-08-02,Agotado
inv_002061,SUC-32,PR-9819,69.0,7.0,2025-06-11,2025-08-24,Disponible
I-002062,SUC-33,PR-5463,30.0,19.0,2025-04-03,2025-07-07,Disponible
inv_002063,SUC-3,PR-3383,40.0,8.0,2025-04-04,2025-05-01,Disponible
I-002064,SUC-43,PR-6261,72.0,11.0,2025-04-23,2025-06-26,Disponible
inv_002065,SUC-45,PR-3936,54.0,12.0,2025-06-17,,Disponible
inv_002066,SUC-46,PR-3732,54.0,7.0,2025-04-20,2025-06-24,Disponible
inv_002067,SUC-5,PR-8582,42.0,20.0,2025-07-28,2025-08-09,Disponible
I-002068,SUC-49,PR-2951,1.0,14.0,2025-04-01,2025-07-22,Bajo stock
inv_002069,SUC-36,PR-9656,72.0,13.0,2025-03-09,2025-04-09,Disponible
I-002070,SUC-41,PR-8221,,13.0,2025-07-21,2025-07-26,Disponible
I-002071,SUC-19,PR-5492,42.0,13.0,2025-07-07,2025-07-25,Disponible
I-002072,SUC-9,PR-6795,76.0,7.0,2025-04-01,2025-07-30,Disponible
I-002073,SUC-39,PR-9072,54.0,15.0,2025-04-15,2025-07-12,Disponible
I-002074,SUC-27,PR-8138,89.0,12.0,2025-05-27,2025-08-25,Disponible
I-002075,SUC-41,PR-713,38.0,48.0,2025-06-17,2025-07-02,Bajo stock
inv_002076,SUC-47,PR-6105,38.0,6.0,2025-06-04,2025-07-02,Disponible
I-002077,SUC-42,PR-5789,72.0,6.0,2025-03-14,2025-04-08,Disponible
inv_002078,SUC-41,PR-3269,92.0,16.0,2025-03-10,2025-07-24,Disponible
inv_002079,SUC-47,PR-7234,38.0,10.0,2025-04-12,2025-04-28,Disponible
inv_002080,SUC-9,PR-420,35.0,11.0,2025-04-04,2025-06-16,Bajo stock
inv_002081,SUC-46,PR-7139,59.0,18.0,2025-03-11,2025-06-24,Disponible
I-002082,SUC-43,PR-7291,35.0,14.0,2025-06-05,2025-06-26,Disponible
I-002083,SUC-33,PR-8259,90.0,20.0,2025-05-11,2025-06-17,Disponible
inv_002084,SUC-2,PR-5521,68.0,17.0,2025-04-14,2025-08-27,Disponible
I-002085,SUC-5,PR-7727,13.0,13.0,2025-03-14,2025-07-20,Bajo stock
I-002086,SUC-39,PR-2407,47.0,7.0,2025-06-22,2025-07-26,Disponible
I-002087,SUC-42,PR-8201,83.0,9.0,2025-04-10,2025-04-25,Disponible
I-002088,SUC-27,PR-1341,87.0,18.0,2025-04-14,2025-04-16,Disponible
I-002089,SUC-18,PR-6211,35.0,11.0,2025-07-17,2025-08-26,Disponible
I-002090,SUC-3,PR-3113,86.0,19.0,2025-06-02,2025-08-14,Disponible
I-002091,SUC-20,PR-2312,80.0,5.0,2025-07-26,2025-08-07,Disponible
I-002092,SUC-47,PR-8002,7.0,19.0,2025-06-01,2025-08-19,Bajo stock
I-002093,SUC-17,PR-4046,21.0,9.0,2025-03-22,2025-07-24,Disponible
I-002094,SUC-11,PR-3019,66.0,14.0,2025-04-27,2025-06-19,Disponible
I-002095,SUC-11,PR-5453,18.0,17.0,2025-06-10,2025-08-26,Disponible
I-002096,SUC-25,PR-626,82.0,13.0,2025-03-30,2025-06-27,Disponible
inv_002097,SUC-9,PR-7731,94.0,15.0,2025-07-10,2025-08-12,Disponible
inv_002098,SUC-31,PR-4496,49.0,5.0,2025-04-28,2025-05-05,Disponible
I-002099,SUC-41,PR-4615,54.0,6.0,2025-05-03,2025-08-02,Disponible
,SUC-31,PR-794,,50.0,2025-07-12,,Disponible
inv_002101,SUC-18,PR-4973,11.0,15.0,2025-07-26,2025-08-23,Bajo stock
I-002102,SUC-40,PR-1764,18.0,8.0,2025-04-18,2025-05-02,Disponible
inv_002103,SUC-12,PR-1421,72.0,18.0,2025-06-28,2025-08-24,Disponible
inv_002104,SUC-21,PR-7920,26.0,18.0,2025-05-05,2025-05-27,Disponible
I-002105,SUC-7,PR-6197,58.0,19.0,2025-05-25,2025-08-26,Disponible
I-002106,SUC-17,PR-2332,67.0,18.0,2025-07-20,2025-08-10,Disponible
I-002107,SUC-7,PR-9797,61.0,10.0,2025-04-03,2025-06-13,Disponible
I-002108,SUC-1,PR-3510,72.0,15.0,2025-03-02,2025-05-01,Disponible
inv_002109,SUC-29,PR-1471,88.0,5.0,2025-06-02,2025-06-10,Disponible
I-002110,SUC-18,PR-1853,31.0,17.0,2025-07-05,2025-07-25,Disponible
inv_002111,SUC-19,PR-5583,15.0,14.0,2025-07-21,2025-08-18,Disponible
inv_002112,SUC-30,PR-826,88.0,16.0,2025-07-19,2025-08-19,Disponible
I-002113,SUC-8,PR-2565,67.0,10.0,2025-06-12,2025-08-05,Disponible
I-002114,SUC-40,PR-3369,86.0,12.0,2025-06-05,2025-06-17,Disponible
I-002115,SUC-6,PR-1554,33.0,14.0,2025-04-06,2025-04-10,Disponible
I-002116,SUC-44,PR-5283,38.0,14.0,2025-04-20,2025-08-24,Disponible
I-002117,SUC-8,PR-8561,79.0,13.0,2025-05-26,2025-05-26,Disponible
I-002118,SUC-14,PR-9101,60.0,16.0,2025-07-18,2025-08-19,Disponible
I-002119,SUC-37,PR-2414,1.0,8.0,2025-05-29,2025-08-10,Bajo stock
I-002120,SUC-8,,49.0,14.0,2025-07-27,2025-08-07,Desconocido
I-002121,SUC-17,PR-3410,76.0,10.0,2025-05-18,2025-08-26,Disponible
I-002122,SUC-2,PR-778,41.0,17.0,2025-06-17,2025-08-19,Disponible
I-002123,SUC-38,PR-2391,60.0,15.0,2025-03-06,2025-07-13,Disponible
inv_002124,SUC-36,PR-4745,49.0,6.0,2025-07-03,2025-08-22,Disponible
inv_002125,SUC-28,PR-5453,27.0,,2025-03-10,2025-03-16,Disponible
I-002126,SUC-41,PR-2831,58.0,20.0,2025-06-29,2025-08-16,Disponible
I-002127,SUC-41,PR-3395,61.0,20.0,2025-05-14,2025-05-21,Disponible
inv_002128,SUC-21,PR-8801,53.0,20.0,2025-03-20,2025-04-02,Disponible
I-002129,SUC-16,PR-8533,42.0,11.0,2025-05-24,2025-06-13,Disponible
inv_002130,SUC-20,PR-2153,-13.0,19.0,2025-06-12,2025-06-20,Bajo stock
I-002131,SUC-7,PR-7573,57.0,8.0,2025-04-30,2025-05-31,Disponible
I-002132,SUC-17,PR-2461,2.0,7.0,2025-05-31,2025-08-13,Bajo stock
I-002133,SUC-18,PR-5209,3.0,16.0,2025-06-04,2025-07-29,Bajo stock
I-002134,SUC-28,PR-1263,48.0,6.0,2025-07-09,2025-08-20,Disponible
inv_002135,SUC-48,PR-8969,88.0,18.0,2025-05-20,2026-01-01,Disponible
inv_002136,SUC-31,PR-2039,23.0,12.0,2025-03-21,2025-04-07,Disponible
I-002137,SUC-49,PR-709,40.0,15.0,2025-04-12,2025-07-06,Disponible
I-002138,SUC-38,PR-6540,18.0,15.0,2025-06-12,2025-08-26,Disponible
I-002139,SUC-10,PR-7991,66.0,12.0,2025-07-25,2025-08-03,Disponible
inv_002140,SUC-50,PR-7581,73.0,18.0,2025-07-24,2025-08-18,Desconocido
inv_002141,SUC-47,PR-2871,76.0,7.0,2025-05-19,2025-06-03,Disponible
inv_002142,SUC-27,PR-6392,6.0,10.0,2025-04-19,2025-05-06,Bajo stock
I-002143,SUC-21,PR-7791,70.0,17.0,2025-04-22,2025-05-31,Disponible
I-002144,SUC-48,PR-3899,36.0,19.0,2025-03-21,2025-07-10,Disponible
inv_002145,SUC-14,PR-6335,95.0,5.0,2025-03-18,2025-06-19,Disponible
I-002146,SUC-7,PR-2725,54.0,14.0,2025-07-10,2025-07-25,Disponible
I-002147,SUC-12,PR-6973,92.0,15.0,2025-04-19,2025-08-08,Disponible
I-002148,SUC-42,PR-5448,90.0,7.0,2025-05-17,2025-07-02,Disponible
I-002149,SUC-41,PR-3186,72.0,10.0,2025-07-17,2025-08-11,Disponible
I-002150,SUC-26,PR-9516,2.0,9.0,2025-03-22,2025-07-14,Bajo stock
inv_002151,SUC-27,PR-5137,35.0,12.0,2025-07-24,2025-07-29,Disponible
inv_002152,SUC-41,PR-3883,22.0,14.0,2025-05-24,2025-06-05,Disponible
I-002153,SUC-47,PR-4941,4.0,13.0,2025-05-18,2025-05-18,Bajo stock
I-002154,SUC-23,PR-7310,56.0,19.0,2025-06-28,2025-08-20,Disponible
inv_002155,SUC-13,PR-694,14.0,20.0,2025-07-26,2025-08-13,Bajo stock
I-002156,SUC-8,PR-1377,49.0,5.0,2025-07-17,2025-08-24,Disponible
I-002157,SUC-4,PR-5306,32.0,13.0,2025-06-02,2025-07-29,Disponible
inv_002158,SUC-49,PR-7285,6.0,15.0,2025-03-23,2025-03-30,Bajo stock
inv_002159,SUC-8,PR-9015,67.0,9.0,2025-04-28,2025-07-17,Disponible
I-002160,SUC-49,,,14.0,2025-06-16,2025-07-10,Desconocido
inv_002161,SUC-3,PR-3721,1.0,19.0,2025-03-28,2025-07-20,Bajo stock
I-002162,SUC-33,PR-9252,3.0,12.0,2025-06-23,2025-07-22,Bajo stock
I-002163,SUC-49,PR-3386,42.0,11.0,2025-05-03,2025-07-08,Disponible
I-002164,SUC-37,PR-5406,57.0,15.0,2025-04-22,2025-06-01,Disponible
inv_002165,SUC-39,PR-3737,32.0,9.0,2025-04-25,2025-07-26,Disponible
inv_002166,SUC-40,PR-5913,34.0,17.0,2025-04-03,2025-07-26,Disponible
I-002167,SUC-7,PR-9909,69.0,18.0,2025-03-23,2025-06-27,Disponible
inv_002168,SUC-38,PR-8068,60.0,12.0,2025-06-07,2025-07-28,Disponible
inv_002169,SUC-28,PR-1723,51.0,7.0,2025-06-01,2025-08-11,Disponible
I-002170,SUC-16,PR-181,90.0,16.0,2025-03-07,,Disponible
I-002171,SUC-50,PR-2747,45.0,7.0,2025-05-19,2025-06-30,Disponible
I-002172,SUC-39,PR-1924,57.0,13.0,2025-04-27,2025-08-07,Disponible
inv_002173,SUC-34,PR-1629,37.0,7.0,2025-05-18,2025-08-20,Disponible
inv_002174,SUC-1,PR-7761,29.0,5.0,2025-04-15,2025-07-19,Disponible
I-002175,SUC-50,PR-1214,72.0,,2025-06-05,2025-08-11,Disponible
inv_002176,SUC-41,PR-6583,64.0,19.0,2025-04-17,2025-06-26,Disponible
I-002177,SUC-38,PR-6933,19.0,19.0,2025-07-07,2025-08-07,Bajo stock
inv_002178,SUC-29,PR-3020,90.0,19.0,2025-05-24,2025-08-13,Disponible
I-002179,SUC-6,PR-1839,42.0,10.0,2025-05-30,2025-06-22,Disponible
inv_002180,SUC-45,PR-8501,90.0,8.0,2025-07-01,2025-08-13,Agotado
I-002181,SUC-7,PR-2639,65.0,14.0,2025-07-02,2025-08-09,Disponible
I-002182,SUC-45,PR-7949,3.0,17.0,2025-05-26,2025-07-29,Bajo stock
inv_002183,SUC-23,PR-6011,13.0,13.0,2025-03-18,2025-03-31,Bajo stock
inv_002184,SUC-27,PR-9041,2.0,9.0,2025-04-28,2025-05-31,Bajo stock
inv_002185,SUC-45,PR-3783,9.0,18.0,2025-03-27,2025-05-30,Bajo stock
I-002186,SUC-30,PR-5094,89.0,7.0,2025-06-10,2025-07-18,Disponible
inv_002187,SUC-14,PR-3505,15.0,11.0,2025-05-30,2025-06-04,Disponible
I-002188,SUC-10,PR-2683,19.0,16.0,2025-04-10,2025-05-05,Disponible
I-002189,SUC-19,PR-3297,83.0,13.0,2025-06-17,2025-08-18,Disponible
I-002190,SUC-10,PR-1913,,16.0,2025-07-26,2025-08-22,Disponible
inv_002191,SUC-16,PR-2831,64.0,15.0,2025-07-10,2025-07-29,Disponible
I-002192,SUC-10,PR-5139,13.0,16.0,2025-05-18,2025-06-02,Bajo stock
inv_002193,SUC-32,PR-2244,51.0,18.0,2025-03-09,2025-04-18,Disponible
I-002194,SUC-21,PR-2543,9.0,20.0,2025-07-23,2025-08-01,Bajo stock
inv_002195,SUC-45,PR-8969,93.0,16.0,2025-07-08,2025-07-10,Disponible
I-002196,SUC-23,PR-5713,74.0,13.0,2025-05-23,2025-07-07,Disponible
I-002197,SUC-35,PR-3882,50.0,8.0,2025-03-11,2025-04-19,Disponible
I-002198,SUC-16,PR-5836,41.0,7.0,2025-07-29,2025-08-06,Disponible
inv_002199,SUC-16,PR-6566,43.0,7.0,2025-06-20,2025-07-27,Disponible
,SUC-26,,46.0,11.0,2025-07-17,2025-07-26,Bajo stock
I-002201,SUC-12,PR-4628,26.0,13.0,2025-03-02,2025-07-31,Disponible
I-002202,SUC-43,PR-1029,85.0,6.0,2025-05-18,2025-06-15,Disponible
I-002203,SUC-16,PR-2428,14.0,5.0,2025-04-30,2025-06-30,Disponible
I-002204,SUC-30,PR-6656,77.0,17.0,2025-07-03,2025-08-14,Disponible
I-002205,SUC-20,PR-6657,72.0,7.0,2025-05-25,2025-08-14,Disponible
inv_002206,SUC-29,PR-5166,0.0,19.0,2025-07-26,2025-08-03,Agotado
inv_002207,SUC-19,PR-338,73.0,14.0,2025-04-24,2025-07-25,Disponible
I-002208,SUC-32,PR-7458,17.0,16.0,2025-03-17,2025-04-02,Disponible
I-002209,SUC-8,PR-219,59.0,5.0,2025-03-26,2025-06-25,Disponible
inv_002210,SUC-48,PR-8402,15.0,11.0,2025-06-15,2025-08-16,Disponible
I-002211,SUC-34,PR-8831,72.0,20.0,2025-03-30,2025-07-12,Disponible
I-002212,SUC-26,PR-9785,98.0,16.0,2025-07-04,2025-08-01,Disponible
inv_002213,SUC-23,PR-5501,27.0,5.0,2025-03-10,2025-06-20,Disponible
I-002214,SUC-14,PR-9138,43.0,13.0,2025-05-23,2025-08-02,Disponible
I-002215,SUC-18,PR-8778,69.0,16.0,2025-04-03,2025-07-28,Disponible
inv_002216,SUC-16,PR-7327,58.0,20.0,2025-07-08,2025-07-13,Disponible
I-002217,SUC-42,PR-4833,21.0,13.0,2025-04-19,2025-08-13,Disponible
I-002218,SUC-42,PR-8214,1.0,18.0,2025-05-21,2025-08-15,Bajo stock
I-002219,SUC-19,PR-3231,19.0,5.0,2025-03-31,2025-04-19,Disponible
I-002220,SUC-41,PR-22,,9.0,2025-07-01,2025-08-12,Desconocido
I-002221,SUC-41,PR-8811,30.0,17.0,2025-04-28,2025-05-06,Disponible
inv_002222,SUC-13,PR-2819,34.0,16.0,2025-07-02,2025-07-19,Disponible
I-002223,SUC-21,PR-5546,30.0,16.0,2025-06-22,2025-06-30,Disponible
I-002224,SUC-37,PR-423,47.0,8.0,2025-05-22,2025-08-02,Disponible
I-002225,SUC-21,PR-5216,54.0,64.0,2025-04-26,2025-07-19,Bajo stock
I-002226,SUC-31,PR-3466,55.0,17.0,2025-03-23,2025-06-21,Disponible
I-002227,SUC-36,PR-5982,59.0,5.0,2025-07-24,2025-08-20,Disponible
I-002228,SUC-36,PR-2344,34.0,8.0,2025-03-28,2025-07-07,Disponible
inv_002229,SUC-14,PR-4062,89.0,20.0,2025-07-24,2025-08-24,Disponible
inv_002230,SUC-45,PR-6534,31.0,8.0,2025-06-22,2025-08-26,Disponible
inv_002231,SUC-6,PR-7412,94.0,17.0,2025-03-14,2025-07-29,Disponible
inv_002232,SUC-46,PR-6237,85.0,17.0,2025-07-24,2025-08-21,Disponible
I-002233,SUC-3,PR-3377,94.0,18.0,2025-03-15,2025-03-29,Disponible
I-002234,SUC-32,PR-8489,5.0,8.0,2025-04-19,2025-08-18,Bajo stock
I-002235,SUC-16,PR-428,3.0,13.0,2025-07-19,2025-08-09,Bajo stock
I-002236,SUC-39,PR-3657,17.0,13.0,2025-04-01,2025-04-05,Disponible
I-002237,SUC-15,PR-9764,91.0,13.0,2025-04-01,2025-08-20,Disponible
inv_002238,SUC-16,PR-9374,9.0,7.0,2025-06-04,2025-06-20,Disponible
I-002239,SUC-50,PR-7568,21.0,6.0,2025-06-21,2025-08-15,Disponible
I-002240,SUC-12,PR-9883,99.0,9.0,2025-07-06,2026-01-01,Agotado
inv_002241,SUC-43,PR-1282,35.0,11.0,2025-07-19,2025-08-26,Disponible
I-002242,SUC-35,PR-5766,20.0,14.0,2025-04-29,2025-05-05,Disponible
I-002243,SUC-47,PR-8661,41.0,7.0,2025-05-31,2025-07-24,Disponible
I-002244,SUC-26,PR-684,48.0,9.0,2025-03-16,2025-04-04,Disponible
inv_002245,SUC-45,PR-6510,56.0,10.0,2025-04-22,2025-08-09,Disponible
I-002246,SUC-44,PR-8449,31.0,13.0,2025-05-20,2025-07-11,Disponible
I-002247,SUC-30,PR-1751,14.0,18.0,2025-07-24,2025-08-11,Bajo stock
I-002248,SUC-19,PR-4784,50.0,10.0,2025-04-02,2025-07-31,Disponible
I-002249,SUC-34,PR-6337,74.0,17.0,2025-04-23,2025-07-04,Disponible
inv_002250,SUC-30,PR-6758,97.0,,2025-06-16,2025-06-24,Disponible
inv_002251,SUC-47,PR-9703,44.0,16.0,2025-05-16,2025-07-03,Disponible
I-002252,SUC-30,PR-6800,21.0,20.0,2025-07-23,2025-08-27,Disponible
I-002253,SUC-27,PR-2650,4.0,19.0,2025-07-23,2025-08-06,Bajo stock
I-002254,SUC-6,PR-4368,85.0,13.0,2025-03-26,2025-06-29,Disponible
I-002255,SUC-15,PR-8118,73.0,18.0,2025-03-09,2025-04-28,Disponible
inv_002256,SUC-42,PR-1012,55.0,17.0,2025-04-11,2025-06-29,Disponible
I-002257,SUC-4,PR-8814,77.0,13.0,2025-07-20,2025-07-27,Disponible
I-002258,SUC-19,PR-8249,25.0,6.0,2025-07-15,2025-07-18,Disponible
I-002259,SUC-49,PR-5,72.0,13.0,2025-05-29,2025-07-20,Disponible
inv_002260,SUC-4,PR-6755,8.0,15.0,2025-03-04,2025-05-04,Bajo stock
I-002261,SUC-38,PR-9087,24.0,19.0,2025-03-22,2025-04-10,Disponible
inv_002262,SUC-30,PR-4238,80.0,8.0,2025-03-30,2025-04-01,Disponible
I-002263,SUC-37,PR-6710,79.0,14.0,2025-05-08,2025-07-27,Disponible
I-002264,SUC-9,PR-734,14.0,17.0,2025-03-20,2025-08-10,Bajo stock
I-002265,SUC-20,PR-2438,60.0,6.0,2025-07-03,2025-07-24,Disponible
I-002266,SUC-30,PR-5875,15.0,8.0,2025-07-18,2025-08-21,Disponible
I-002267,SUC-19,PR-1805,81.0,16.0,2025-06-24,2025-06-28,Disponible
I-002268,SUC-13,PR-7596,72.0,16.0,2025-05-04,2025-05-23,Disponible
I-002269,SUC-6,PR-6537,5.0,15.0,2025-07-16,2025-08-04,Bajo stock
I-002270,SUC-2,PR-8242,32.0,6.0,2025-07-16,2025-08-07,Disponible
I-002271,SUC-35,PR-6780,70.0,5.0,2025-05-29,2025-08-09,Disponible
I-002272,SUC-17,PR-2304,60.0,13.0,2025-05-23,2025-07-22,Disponible
I-002273,SUC-10,PR-3673,59.0,16.0,2025-03-17,2025-08-11,Disponible
inv_002274,SUC-50,PR-3376,26.0,5.0,2025-07-03,2025-07-28,Disponible
inv_002275,SUC-15,PR-4901,82.0,,2025-03-23,2025-07-10,Disponible
I-002276,SUC-9,PR-8925,34.0,15.0,2025-05-21,2025-06-13,Disponible
I-002277,SUC-40,PR-4743,38.0,6.0,2025-06-22,2025-08-15,Disponible
inv_002278,SUC-22,PR-9714,92.0,20.0,2025-06-03,2025-07-09,Disponible
I-002279,SUC-33,PR-7035,5.0,16.0,2025-03-03,2025-06-29,Bajo stock
inv_002280,SUC-48,,82.0,11.0,2025-03-20,2025-06-29,Agotado
I-002281,SUC-40,PR-825,88.0,9.0,2025-03-09,2025-08-04,Disponible
inv_002282,SUC-23,PR-5210,86.0,7.0,2025-07-06,2025-07-16,Disponible
inv_002283,SUC-8,PR-3192,28.0,15.0,2025-04-02,2025-05-19,Disponible
I-002284,SUC-43,PR-3771,85.0,9.0,2025-07-15,2025-08-10,Disponible
I-002285,SUC-13,PR-2380,79.0,14.0,2025-04-22,2025-08-21,Disponible
I-002286,SUC-3,PR-6636,66.0,9.0,2025-03-16,2025-08-19,Disponible
I-002287,SUC-25,PR-3179,46.0,11.0,2025-03-30,2025-05-02,Disponible
inv_002288,SUC-23,PR-848,74.0,17.0,2025-04-28,2025-05-31,Disponible
inv_002289,SUC-43,PR-2048,8.0,7.0,2025-06-23,2025-07-14,Disponible
inv_002290,SUC-4,PR-6767,67.0,16.0,2025-06-26,2025-07-27,Disponible
I-002291,SUC-36,PR-3106,84.0,14.0,2025-07-27,2025-08-24,Disponible
inv_002292,SUC-23,PR-3763,12.0,17.0,2025-05-30,2025-07-10,Bajo stock
I-002293,SUC-19,PR-6062,100.0,17.0,2025-03-08,2025-05-21,Disponible
I-002294,SUC-43,PR-9650,65.0,17.0,2025-04-18,2025-08-14,Disponible
inv_002295,SUC-44,PR-1930,14.0,15.0,2025-07-12,2025-08-02,Bajo stock
I-002296,SUC-20,PR-5343,92.0,6.0,2025-03-03,2025-04-06,Disponible
I-002297,SUC-42,PR-8441,25.0,7.0,2025-03-25,2025-08-08,Disponible
inv_002298,SUC-23,PR-1624,31.0,11.0,2025-06-08,2025-06-28,Disponible
I-002299,SUC-18,PR-4822,11.0,6.0,2025-07-17,2025-07-20,Disponible
I-002300,SUC-36,PR-5218,10.0,,2025-05-31,2025-08-09,Agotado
I-002301,SUC-27,PR-6127,62.0,19.0,2025-04-23,2025-08-28,Disponible
I-002302,SUC-49,PR-705,23.0,14.0,2025-06-21,2025-08-12,Disponible
I-002303,SUC-32,PR-4009,23.0,6.0,2025-06-23,2025-08-20,Disponible
inv_002304,SUC-5,PR-596,55.0,7.0,2025-04-07,2025-05-26,Disponible
inv_002305,SUC-30,PR-3043,86.0,13.0,2025-03-26,2025-04-21,Disponible
I-002306,SUC-39,PR-9379,10.0,11.0,2025-05-08,2025-05-24,Bajo stock
I-002307,SUC-39,PR-2957,79.0,12.0,2025-03-27,2025-04-07,Disponible
inv_002308,SUC-2,PR-7306,25.0,16.0,2025-05-26,2025-06-18,Disponible
I-002309,SUC-48,PR-1756,79.0,17.0,2025-06-21,2025-07-12,Disponible
I-002310,SUC-11,PR-2100,-8.0,9.0,2025-06-13,2026-01-01,Bajo stock
I-002311,SUC-33,PR-4625,3.0,6.0,2025-03-15,2025-08-05,Bajo stock
I-002312,SUC-32,PR-1255,60.0,17.0,2025-07-27,2025-08-07,Disponible
inv_002313,SUC-1,PR-9001,77.0,15.0,2025-07-27,2025-08-10,Disponible
I-002314,SUC-49,PR-8640,67.0,11.0,2025-07-11,2025-07-27,Disponible
I-002315,SUC-5,PR-4392,44.0,18.0,2025-04-29,2025-08-27,Disponible
inv_002316,SUC-29,PR-7945,42.0,12.0,2025-07-01,2025-07-31,Disponible
I-002317,SUC-9,PR-1898,7.0,13.0,2025-03-06,2025-05-31,Bajo stock
inv_002318,SUC-48,PR-8754,93.0,17.0,2025-05-25,2025-05-31,Disponible
inv_002319,SUC-24,PR-2361,88.0,8.0,2025-04-17,2025-08-20,Disponible
inv_002320,SUC-13,,85.0,9.0,2025-07-13,2025-08-12,Desconocido
I-002321,SUC-11,PR-8341,6.0,9.0,2025-05-27,2025-07-22,Bajo stock
I-002322,SUC-32,PR-3646,11.0,16.0,2025-05-13,2025-07-20,Bajo stock
I-002323,SUC-23,PR-1042,34.0,13.0,2025-04-27,2025-08-07,Disponible
inv_002324,SUC-19,PR-2045,61.0,14.0,2025-06-03,2025-06-08,Disponible
I-002325,SUC-13,PR-3681,27.0,,2025-06-06,2025-07-19,Disponible
inv_002326,SUC-2,PR-1829,92.0,17.0,2025-07-17,2025-07-22,Disponible
I-002327,SUC-10,PR-802,47.0,16.0,2025-07-14,2025-07-23,Disponible
inv_002328,SUC-23,PR-5145,30.0,7.0,2025-05-03,2025-07-20,Disponible
inv_002329,SUC-18,PR-4442,63.0,18.0,2025-07-05,2025-08-19,Disponible
I-002330,SUC-14,PR-161,81.0,19.0,2025-06-18,2025-08-17,Disponible
I-002331,SUC-31,PR-460,25.0,9.0,2025-05-31,2025-08-12,Disponible
inv_002332,SUC-8,PR-7067,66.0,17.0,2025-05-18,2025-08-04,Disponible
I-002333,SUC-25,PR-8104,28.0,6.0,2025-07-25,2025-08-08,Disponible
I-002334,SUC-31,PR-6048,20.0,8.0,2025-03-22,2025-07-04,Disponible
I-002335,SUC-36,PR-9015,64.0,10.0,2025-03-08,2025-08-08,Disponible
I-002336,SUC-6,PR-3296,38.0,6.0,2025-05-03,2025-06-15,Disponible
I-002337,SUC-4,PR-8278,23.0,13.0,2025-05-11,2025-08-05,Disponible
inv_002338,SUC-39,PR-4935,67.0,18.0,2025-05-16,2025-07-01,Disponible
I-002339,SUC-2,PR-8680,39.0,9.0,2025-05-30,2025-07-29,Disponible
inv_002340,SUC-16,PR-2720,23.0,11.0,2025-05-13,2025-06-21,Bajo stock
I-002341,SUC-30,PR-5369,46.0,11.0,2025-04-30,2025-08-21,Disponible
I-002342,SUC-39,PR-8896,46.0,15.0,2025-06-20,2025-07-29,Disponible
I-002343,SUC-24,PR-1485,33.0,15.0,2025-06-11,2025-06-14,Disponible
I-002344,SUC-45,PR-1923,84.0,9.0,2025-03-03,2025-07-10,Disponible
I-002345,SUC-9,PR-4923,16.0,17.0,2025-04-07,2025-06-23,Bajo stock
inv_002346,SUC-11,PR-8610,58.0,11.0,2025-06-20,2025-08-08,Disponible
I-002347,SUC-26,PR-5846,82.0,15.0,2025-05-07,2025-06-04,Disponible
I-002348,SUC-21,PR-8210,98.0,11.0,2025-07-26,2025-07-28,Disponible
inv_002349,SUC-14,PR-6262,12.0,8.0,2025-07-16,2025-08-22,Disponible
,SUC-48,PR-2244,47.0,,2025-06-03,2025-07-10,Disponible
I-002351,SUC-40,PR-484,23.0,8.0,2025-05-15,2025-08-11,Disponible
inv_002352,SUC-18,PR-3254,26.0,15.0,2025-03-03,2025-03-24,Disponible
inv_002353,SUC-46,PR-1083,22.0,18.0,2025-06-17,2025-08-28,Disponible
I-002354,SUC-3,PR-4936,29.0,10.0,2025-07-12,2025-07-13,Disponible
I-002355,SUC-27,PR-2453,15.0,15.0,2025-06-22,2025-07-25,Bajo stock
I-002356,SUC-29,PR-88,66.0,11.0,2025-07-19,2025-08-25,Disponible
I-002357,SUC-9,PR-6470,3.0,12.0,2025-05-13,2025-06-23,Bajo stock
I-002358,SUC-18,PR-1763,58.0,18.0,2025-07-28,2025-08-14,Disponible
I-002359,SUC-19,PR-8344,76.0,15.0,2025-03-19,2025-06-25,Disponible
inv_002360,SUC-48,PR-3642,36.0,12.0,2025-06-16,2025-07-05,Agotado
inv_002361,SUC-34,PR-5327,96.0,17.0,2025-07-22,2025-07-24,Disponible
inv_002362,SUC-11,PR-7516,75.0,11.0,2025-04-10,2025-05-23,Disponible
inv_002363,SUC-43,PR-522,86.0,5.0,2025-03-19,2025-04-18,Disponible
I-002364,SUC-21,PR-4617,30.0,13.0,2025-03-22,2025-05-26,Disponible
I-002365,SUC-37,PR-9366,50.0,8.0,2025-04-14,2025-04-23,Disponible
I-002366,SUC-41,PR-9331,94.0,14.0,2025-03-11,2025-05-28,Disponible
I-002367,SUC-39,PR-9714,4.0,13.0,2025-05-21,2025-06-20,Bajo stock
I-002368,SUC-8,PR-1194,92.0,5.0,2025-03-29,2025-08-02,Disponible
I-002369,SUC-18,PR-4874,8.0,16.0,2025-07-07,2025-08-01,Bajo stock
I-002370,SUC-44,PR-9687,-18.0,5.0,2025-04-11,2025-05-13,Bajo stock
I-002371,SUC-7,PR-9180,82.0,19.0,2025-05-11,2025-06-15,Disponible
inv_002372,SUC-12,PR-4248,30.0,19.0,2025-06-06,2025-07-04,Disponible
I-002373,SUC-36,PR-7212,62.0,7.0,2025-06-15,2025-08-20,Disponible
I-002374,SUC-41,PR-5369,72.0,17.0,2025-05-27,2025-07-29,Disponible
I-002375,SUC-35,PR-5313,35.0,18.0,2025-05-16,2025-06-13,Disponible
inv_002376,SUC-47,PR-5486,28.0,16.0,2025-06-16,2025-08-14,Disponible
inv_002377,SUC-2,PR-8727,69.0,6.0,2025-06-15,2025-08-09,Disponible
inv_002378,SUC-32,PR-5727,97.0,19.0,2025-05-28,2025-06-09,Disponible
inv_002379,SUC-13,PR-8748,77.0,8.0,2025-06-20,2025-08-02,Disponible
I-002380,SUC-1,PR-5403,67.0,8.0,2025-05-10,,Agotado
inv_002381,SUC-6,PR-5616,84.0,6.0,2025-06-16,2025-06-26,Disponible
I-002382,SUC-17,PR-5175,46.0,9.0,2025-04-02,2025-04-07,Disponible
I-002383,SUC-22,PR-205,85.0,12.0,2025-04-20,2025-07-03,Disponible
inv_002384,SUC-50,PR-9709,4.0,11.0,2025-06-09,2025-07-15,Bajo stock
inv_002385,SUC-10,PR-5960,51.0,18.0,2025-03-08,2025-07-08,Disponible
I-002386,SUC-8,PR-2293,78.0,19.0,2025-04-10,2025-06-16,Disponible
I-002387,SUC-35,PR-4377,5.0,16.0,2025-07-04,2025-07-09,Bajo stock
I-002388,SUC-32,PR-7142,52.0,18.0,2025-06-01,2025-07-17,Disponible
I-002389,SUC-26,PR-3744,66.0,16.0,2025-07-17,2025-08-02,Disponible
I-002390,SUC-35,PR-4129,88.0,14.0,2025-05-04,2025-07-17,Disponible
I-002391,SUC-28,PR-873,97.0,18.0,2025-07-05,2025-07-30,Disponible
I-002392,SUC-26,PR-7796,59.0,13.0,2025-04-14,2025-06-13,Disponible
inv_002393,SUC-32,PR-8273,30.0,8.0,2025-03-27,2025-04-14,Disponible
inv_002394,SUC-11,PR-2075,34.0,19.0,2025-03-11,2025-04-05,Disponible
I-002395,SUC-5,PR-1995,62.0,17.0,2025-05-22,2025-07-04,Disponible
I-002396,SUC-31,PR-6599,66.0,7.0,2025-04-19,2025-04-19,Disponible
I-002397,SUC-3,PR-7137,69.0,5.0,2025-03-09,2025-06-15,Disponible
I-002398,SUC-11,PR-7650,27.0,19.0,2025-07-23,2025-08-21,Disponible
inv_002399,SUC-46,PR-6246,83.0,13.0,2025-04-24,2025-04-25,Disponible
I-002400,SUC-38,,-1.0,9.0,2025-06-30,2025-07-27,Bajo stock
I-002401,SUC-5,PR-6106,81.0,6.0,2025-04-26,2025-05-24,Disponible
inv_002402,SUC-27,PR-503,48.0,10.0,2025-07-11,2025-08-24,Disponible
inv_002403,SUC-47,PR-5210,95.0,12.0,2025-03-25,2025-08-04,Disponible
inv_002404,SUC-25,PR-1977,31.0,16.0,2025-05-29,2025-07-31,Disponible
I-002405,SUC-27,PR-8542,99.0,10.0,2025-06-29,2025-07-26,Disponible
I-002406,SUC-31,PR-295,84.0,6.0,2025-03-29,2025-04-14,Disponible
inv_002407,SUC-9,PR-1461,36.0,14.0,2025-03-06,2025-07-03,Disponible
I-002408,SUC-2,PR-4370,66.0,12.0,2025-06-29,2025-07-30,Disponible
I-002409,SUC-48,PR-1816,99.0,9.0,2025-03-06,2025-05-18,Disponible
I-002410,SUC-10,PR-751,60.0,8.0,2025-03-15,2025-08-05,Disponible
inv_002411,SUC-11,PR-6298,29.0,9.0,2025-04-15,2025-08-03,Disponible
inv_002412,SUC-3,PR-1650,68.0,7.0,2025-06-10,2025-07-15,Disponible
I-002413,SUC-23,PR-9604,4.0,16.0,2025-06-02,2025-07-27,Bajo stock
inv_002414,SUC-7,PR-4251,100.0,10.0,2025-04-21,2025-08-27,Disponible
I-002415,SUC-5,PR-9261,72.0,6.0,2025-05-28,,Disponible
I-002416,SUC-22,PR-5301,29.0,14.0,2025-04-22,2025-07-21,Disponible
I-002417,SUC-1,PR-5939,22.0,20.0,2025-07-03,2025-08-21,Disponible
I-002418,SUC-10,PR-1998,10.0,16.0,2025-05-03,2025-05-21,Bajo stock
I-002419,SUC-6,PR-1681,28.0,17.0,2025-06-02,2025-07-15,Disponible
inv_002420,SUC-28,PR-8651,34.0,17.0,2025-07-01,2025-08-20,Agotado
inv_002421,SUC-42,PR-3661,33.0,7.0,2025-03-16,2025-05-24,Disponible
I-002422,SUC-40,PR-1069,31.0,19.0,2025-05-15,2025-06-20,Disponible
I-002423,SUC-12,PR-5840,20.0,13.0,2025-05-29,2025-08-20,Disponible
I-002424,SUC-43,PR-812,40.0,9.0,2025-04-26,2025-06-07,Disponible
I-002425,SUC-41,PR-9283,88.0,,2025-03-06,2025-05-17,Disponible
I-002426,SUC-36,PR-9562,55.0,6.0,2025-06-18,2025-08-27,Disponible
I-002427,SUC-39,PR-3674,59.0,6.0,2025-05-07,2025-07-31,Disponible
I-002428,SUC-22,PR-7549,24.0,10.0,2025-07-12,2025-08-08,Disponible
I-002429,SUC-7,PR-745,79.0,17.0,2025-04-12,2025-08-22,Disponible
I-002430,SUC-9,PR-7697,-6.0,10.0,2025-05-21,2025-08-15,Bajo stock
inv_002431,SUC-42,PR-2965,16.0,14.0,2025-03-04,2025-04-30,Disponible
inv_002432,SUC-45,PR-2429,61.0,15.0,2025-07-27,2025-08-08,Disponible
inv_002433,SUC-8,PR-7724,7.0,20.0,2025-03-17,2025-07-25,Bajo stock
inv_002434,SUC-23,PR-8540,25.0,20.0,2025-03-08,2025-07-09,Disponible
inv_002435,SUC-20,PR-3871,87.0,5.0,2025-05-20,2025-08-23,Disponible
I-002436,SUC-14,PR-8279,5.0,17.0,2025-06-11,2025-08-06,Bajo stock
I-002437,SUC-2,PR-8767,62.0,9.0,2025-03-10,2025-04-07,Disponible
I-002438,SUC-30,PR-861,2.0,16.0,2025-04-04,2025-05-06,Bajo stock
I-002439,SUC-4,PR-6705,19.0,17.0,2025-07-11,2025-07-30,Disponible
I-002440,SUC-6,,16.0,5.0,2025-06-20,2025-08-25,Bajo stock
I-002441,SUC-40,PR-2440,68.0,15.0,2025-03-03,2025-04-03,Disponible
I-002442,SUC-36,PR-5016,81.0,8.0,2025-05-19,2025-07-09,Disponible
I-002443,SUC-34,PR-5919,85.0,8.0,2025-05-31,2025-06-06,Disponible
I-002444,SUC-4,PR-3314,43.0,17.0,2025-03-12,2025-04-16,Disponible
I-002445,SUC-42,PR-9382,71.0,16.0,2025-06-23,2025-08-22,Disponible
inv_002446,SUC-32,PR-8027,4.0,8.0,2025-05-22,2025-08-25,Bajo stock
I-002447,SUC-3,PR-1609,93.0,9.0,2025-04-22,2025-08-26,Disponible
I-002448,SUC-37,PR-6747,85.0,18.0,2025-07-21,2025-08-06,Disponible
inv_002449,SUC-32,PR-6433,64.0,12.0,2025-07-06,2025-07-06,Disponible
I-002450,SUC-17,PR-3934,73.0,5.0,2025-06-16,,Disponible
I-002451,SUC-36,PR-2350,55.0,19.0,2025-07-25,2025-08-20,Disponible
inv_002452,SUC-23,PR-6961,4.0,11.0,2025-05-12,2025-06-28,Bajo stock
I-002453,SUC-7,PR-2107,51.0,12.0,2025-03-20,2025-08-15,Disponible
inv_002454,SUC-16,PR-3845,29.0,19.0,2025-03-28,2025-07-06,Disponible
I-002455,SUC-25,PR-6702,3.0,12.0,2025-04-23,2025-08-27,Bajo stock
I-002456,SUC-10,PR-2798,35.0,10.0,2025-06-20,2025-07-11,Disponible
I-002457,SUC-48,PR-2358,20.0,8.0,2025-07-11,2025-08-14,Disponible
I-002458,SUC-5,PR-6961,1.0,14.0,2025-04-22,2025-08-27,Bajo stock
inv_002459,SUC-35,PR-6521,39.0,16.0,2025-04-17,2025-06-06,Disponible
inv_002460,SUC-8,PR-4623,-10.0,17.0,2025-05-30,2025-08-17,Bajo stock
I-002461,SUC-20,PR-1276,49.0,8.0,2025-03-24,2025-06-30,Disponible
I-002462,SUC-48,PR-1736,94.0,12.0,2025-05-20,2025-07-24,Disponible
inv_002463,SUC-5,PR-2408,45.0,12.0,2025-04-01,2025-07-11,Disponible
I-002464,SUC-47,PR-7123,11.0,11.0,2025-05-23,2025-07-01,Bajo stock
I-002465,SUC-1,PR-674,26.0,13.0,2025-04-12,2025-04-14,Disponible
I-002466,SUC-11,PR-2038,84.0,17.0,2025-03-20,2025-04-22,Disponible
I-002467,SUC-26,PR-5,90.0,5.0,2025-03-16,2025-06-23,Disponible
I-002468,SUC-11,PR-5093,52.0,13.0,2025-03-25,2025-05-01,Disponible
I-002469,SUC-49,PR-3683,44.0,13.0,2025-06-25,2025-07-07,Disponible
inv_002470,SUC-17,PR-5814,64.0,20.0,2025-06-08,2025-07-07,Disponible
inv_002471,SUC-6,PR-1587,49.0,17.0,2025-05-29,2025-06-10,Disponible
I-002472,SUC-11,PR-1359,41.0,7.0,2025-05-01,2025-07-29,Disponible
I-002473,SUC-23,PR-6299,97.0,11.0,2025-05-16,2025-07-02,Disponible
I-002474,SUC-16,PR-9946,35.0,5.0,2025-07-10,2025-07-12,Disponible
I-002475,SUC-38,PR-2592,45.0,55.0,2025-07-04,2025-08-07,Bajo stock
I-002476,SUC-40,PR-7966,97.0,17.0,2025-03-30,2025-05-11,Disponible
inv_002477,SUC-43,PR-9852,12.0,9.0,2025-06-02,2025-07-31,Disponible
I-002478,SUC-10,PR-7873,24.0,5.0,2025-07-17,2025-08-16,Disponible
I-002479,SUC-42,PR-8993,71.0,20.0,2025-03-27,2025-07-14,Disponible
I-002480,SUC-29,,4.0,16.0,2025-07-16,2025-08-04,Bajo stock
I-002481,SUC-38,PR-1550,27.0,6.0,2025-07-16,2025-08-15,Disponible
inv_002482,SUC-34,PR-1990,91.0,18.0,2025-07-26,2025-07-26,Disponible
I-002483,SUC-44,PR-2311,81.0,8.0,2025-03-29,2025-04-12,Disponible
I-002484,SUC-2,PR-5214,15.0,11.0,2025-03-31,2025-07-24,Disponible
I-002485,SUC-35,PR-6842,45.0,11.0,2025-07-24,,Disponible
inv_002486,SUC-29,PR-4939,2.0,11.0,2025-04-07,2025-05-20,Bajo stock
I-002487,SUC-36,PR-4077,77.0,19.0,2025-03-08,2025-07-03,Disponible
I-002488,SUC-40,PR-7249,71.0,5.0,2025-04-19,2025-06-09,Disponible
I-002489,SUC-28,PR-6370,99.0,15.0,2025-07-10,2025-08-13,Disponible
inv_002490,SUC-5,PR-1351,92.0,12.0,2025-04-18,2025-05-15,Disponible
I-002491,SUC-7,PR-5205,37.0,14.0,2025-05-18,2025-06-04,Disponible
I-002492,SUC-31,PR-2932,55.0,10.0,2025-07-02,2025-08-20,Disponible
I-002493,SUC-37,PR-6331,53.0,19.0,2025-05-03,2025-07-31,Disponible
I-002494,SUC-9,PR-1990,77.0,16.0,2025-06-19,2025-06-30,Disponible
I-002495,SUC-24,PR-773,97.0,18.0,2025-03-17,2025-04-10,Disponible
I-002496,SUC-16,PR-8548,50.0,8.0,2025-04-29,2025-05-23,Disponible
I-002497,SUC-44,PR-7433,31.0,8.0,2025-07-10,2025-08-17,Disponible
inv_002498,SUC-42,PR-2693,34.0,19.0,2025-04-04,2025-04-16,Disponible
I-002499,SUC-1,PR-2753,88.0,11.0,2025-05-29,2025-06-29,Disponible
I-002500,SUC-11,PR-4611,3.0,13.0,2025-03-21,2025-07-02,Bajo stock
I-002501,SUC-12,PR-3523,19.0,9.0,2025-07-05,2025-08-11,Disponible
inv_002502,SUC-23,PR-7472,10.0,9.0,2025-03-19,2025-03-27,Disponible
I-002503,SUC-25,PR-6658,32.0,13.0,2025-07-04,2025-08-11,Disponible
inv_002504,SUC-17,PR-865,55.0,13.0,2025-07-20,2025-08-12,Disponible
inv_002505,SUC-17,PR-3382,37.0,10.0,2025-07-13,2025-08-03,Disponible
inv_002506,SUC-11,PR-4022,32.0,13.0,2025-03-26,2025-06-23,Disponible
I-002507,SUC-38,PR-5536,75.0,13.0,2025-04-29,2025-05-04,Disponible
I-002508,SUC-45,PR-3755,89.0,7.0,2025-07-01,2025-08-19,Disponible
I-002509,SUC-8,PR-4168,93.0,11.0,2025-06-07,2025-06-18,Disponible
I-002510,SUC-7,PR-451,4.0,5.0,2025-03-24,2025-04-30,Bajo stock
I-002511,SUC-33,PR-1418,35.0,11.0,2025-06-24,2025-08-13,Disponible
inv_002512,SUC-23,PR-1061,49.0,17.0,2025-03-17,2025-03-17,Disponible
I-002513,SUC-32,PR-2839,57.0,17.0,2025-03-08,2025-07-25,Disponible
I-002514,SUC-43,PR-989,0.0,17.0,2025-04-24,2025-06-17,Agotado
I-002515,SUC-3,PR-7945,83.0,6.0,2025-06-12,2025-07-18,Disponible
inv_002516,SUC-33,PR-2242,15.0,10.0,2025-07-20,2025-08-13,Disponible
I-002517,SUC-43,PR-229,91.0,20.0,2025-06-20,2025-07-08,Disponible
I-002518,SUC-17,PR-5737,71.0,12.0,2025-07-07,2025-07-25,Disponible
I-002519,SUC-35,PR-1883,70.0,18.0,2025-07-06,2025-08-21,Disponible
inv_002520,SUC-6,PR-3146,,14.0,2025-05-03,2026-01-01,Disponible
inv_002521,SUC-42,PR-1292,4.0,10.0,2025-03-06,2025-07-24,Bajo stock
inv_002522,SUC-19,PR-6600,6.0,6.0,2025-07-27,2025-08-15,Bajo stock
I-002523,SUC-8,PR-7610,28.0,17.0,2025-03-22,2025-04-11,Disponible
I-002524,SUC-27,PR-2631,38.0,13.0,2025-07-06,2025-08-02,Disponible
I-002525,SUC-7,PR-6270,89.0,,2025-05-04,2025-06-17,Disponible
I-002526,SUC-46,PR-4988,15.0,11.0,2025-07-22,2025-08-02,Disponible
I-002527,SUC-35,PR-6528,25.0,15.0,2025-06-06,2025-08-04,Disponible
I-002528,SUC-1,PR-112,58.0,12.0,2025-05-19,2025-06-06,Disponible
I-002529,SUC-45,PR-9712,42.0,5.0,2025-04-10,2025-05-11,Disponible
inv_002530,SUC-6,PR-4743,88.0,14.0,2025-05-21,2025-06-04,Disponible
inv_002531,SUC-9,PR-5683,41.0,10.0,2025-07-28,2025-08-18,Disponible
I-002532,SUC-13,PR-8179,17.0,11.0,2025-06-26,2025-08-03,Disponible
inv_002533,SUC-4,PR-4139,64.0,12.0,2025-05-21,2025-05-23,Disponible
inv_002534,SUC-38,PR-4617,7.0,17.0,2025-06-03,2025-08-14,Bajo stock
I-002535,SUC-31,PR-840,21.0,8.0,2025-04-01,2025-07-09,Disponible
inv_002536,SUC-35,PR-9479,98.0,6.0,2025-05-05,2025-08-21,Disponible
inv_002537,SUC-50,PR-8466,54.0,16.0,2025-07-03,2025-07-15,Disponible
inv_002538,SUC-4,PR-7602,27.0,8.0,2025-04-03,2025-08-04,Disponible
inv_002539,SUC-13,PR-8176,8.0,15.0,2025-06-29,2025-08-24,Bajo stock
I-002540,SUC-50,PR-543,42.0,8.0,2025-03-07,2025-08-01,Agotado
inv_002541,SUC-30,PR-6102,55.0,16.0,2025-05-15,2025-07-26,Disponible
I-002542,SUC-15,PR-7957,65.0,20.0,2025-03-12,2025-06-29,Disponible
inv_002543,SUC-26,PR-9691,17.0,15.0,2025-05-31,2025-07-25,Disponible
inv_002544,SUC-50,PR-8094,52.0,20.0,2025-03-30,2025-07-22,Disponible
I-002545,SUC-24,PR-5213,33.0,5.0,2025-07-07,2025-07-15,Disponible
I-002546,SUC-37,PR-603,55.0,16.0,2025-04-06,2025-06-13,Disponible
I-002547,SUC-12,PR-2259,0.0,18.0,2025-03-23,2025-04-28,Agotado
I-002548,SUC-35,PR-7831,45.0,13.0,2025-07-13,2025-07-21,Disponible
I-002549,SUC-28,PR-9695,72.0,15.0,2025-06-14,2025-07-21,Disponible
,SUC-19,PR-3725,,,2025-07-26,2025-08-15,Disponible
I-002551,SUC-35,PR-1614,9.0,14.0,2025-07-17,2025-07-28,Bajo stock
I-002552,SUC-43,PR-1244,94.0,15.0,2025-04-21,2025-06-09,Disponible
inv_002553,SUC-4,PR-5450,95.0,5.0,2025-04-15,2025-08-06,Disponible
I-002554,SUC-50,PR-8598,7.0,11.0,2025-05-12,2025-07-04,Bajo stock
I-002555,SUC-50,PR-5652,72.0,10.0,2025-06-13,2025-07-22,Disponible
inv_002556,SUC-23,PR-3168,100.0,14.0,2025-05-20,2025-07-24,Disponible
inv_002557,SUC-30,PR-6364,2.0,20.0,2025-04-01,2025-06-15,Bajo stock
I-002558,SUC-20,PR-7902,74.0,12.0,2025-04-25,2025-04-25,Disponible
I-002559,SUC-11,PR-7495,61.0,13.0,2025-03-21,2025-05-02,Disponible
inv_002560,SUC-25,PR-8224,93.0,12.0,2025-04-22,2025-06-27,Bajo stock
inv_002561,SUC-37,PR-2877,46.0,13.0,2025-06-06,2025-07-29,Disponible
I-002562,SUC-45,PR-91,16.0,10.0,2025-06-19,2025-07-07,Disponible
inv_002563,SUC-11,PR-1042,27.0,15.0,2025-07-04,2025-08-27,Disponible
I-002564,SUC-6,PR-6725,42.0,9.0,2025-05-26,2025-08-09,Disponible
I-002565,SUC-18,PR-6786,72.0,6.0,2025-04-07,2025-05-10,Disponible
I-002566,SUC-11,PR-1807,74.0,20.0,2025-07-19,2025-08-05,Disponible
I-002567,SUC-47,PR-6765,58.0,10.0,2025-07-26,2025-08-25,Disponible
I-002568,SUC-3,PR-1478,6.0,9.0,2025-04-24,2025-08-05,Bajo stock
I-002569,SUC-8,PR-3151,7.0,11.0,2025-06-10,2025-08-15,Bajo stock
inv_002570,SUC-1,PR-5118,5.0,12.0,2025-05-09,2025-07-07,Bajo stock
I-002571,SUC-11,PR-4421,53.0,6.0,2025-03-24,2025-08-05,Disponible
I-002572,SUC-49,PR-6233,79.0,7.0,2025-04-11,2025-07-22,Disponible
I-002573,SUC-8,PR-4569,84.0,9.0,2025-06-09,2025-07-04,Disponible
I-002574,SUC-41,PR-637,84.0,13.0,2025-05-04,2025-06-04,Disponible
I-002575,SUC-29,PR-8169,51.0,61.0,2025-05-30,2025-06-08,Bajo stock
inv_002576,SUC-35,PR-5033,67.0,19.0,2025-03-27,2025-07-15,Disponible
I-002577,SUC-50,PR-9987,33.0,13.0,2025-03-12,2025-06-25,Disponible
inv_002578,SUC-43,PR-4389,50.0,9.0,2025-06-29,2025-08-15,Disponible
I-002579,SUC-31,PR-5402,75.0,10.0,2025-05-09,2025-07-01,Disponible
inv_002580,SUC-30,PR-1318,-16.0,19.0,2025-03-23,2025-07-01,Bajo stock
inv_002581,SUC-34,PR-5793,40.0,7.0,2025-04-09,2025-05-06,Disponible
inv_002582,SUC-19,PR-8034,89.0,18.0,2025-07-03,2025-08-01,Disponible
inv_002583,SUC-40,PR-2202,54.0,9.0,2025-03-08,2025-08-20,Disponible
inv_002584,SUC-8,PR-790,40.0,13.0,2025-04-27,2025-08-09,Disponible
inv_002585,SUC-19,PR-9205,4.0,12.0,2025-04-21,2025-08-03,Bajo stock
inv_002586,SUC-47,PR-2775,70.0,11.0,2025-05-04,2025-05-12,Disponible
inv_002587,SUC-27,PR-2461,22.0,8.0,2025-05-07,2025-05-27,Disponible
I-002588,SUC-11,PR-6289,28.0,6.0,2025-03-27,2025-04-24,Disponible
I-002589,SUC-18,PR-9760,56.0,16.0,2025-03-18,2025-08-24,Disponible
inv_002590,SUC-15,PR-9730,30.0,8.0,2025-06-26,2025-08-25,Disponible
inv_002591,SUC-26,PR-469,81.0,11.0,2025-05-24,2025-06-15,Disponible
I-002592,SUC-15,PR-6573,16.0,6.0,2025-05-22,2025-08-26,Disponible
I-002593,SUC-33,PR-3932,8.0,9.0,2025-07-18,2025-08-23,Bajo stock
inv_002594,SUC-36,PR-40,91.0,18.0,2025-04-19,2025-06-13,Disponible
inv_002595,SUC-39,PR-1544,46.0,17.0,2025-03-29,2025-08-24,Disponible
I-002596,SUC-19,PR-4279,29.0,17.0,2025-05-15,2025-06-28,Disponible
inv_002597,SUC-35,PR-552,72.0,14.0,2025-07-28,2025-08-22,Disponible
inv_002598,SUC-27,PR-5886,23.0,19.0,2025-07-02,2025-08-17,Disponible
inv_002599,SUC-36,PR-5662,6.0,14.0,2025-06-03,2025-06-10,Bajo stock
inv_002600,SUC-23,PR-6089,78.0,88.0,2025-03-15,2025-07-23,Bajo stock
inv_002601,SUC-43,PR-1964,1.0,11.0,2025-03-12,2025-08-18,Bajo stock
inv_002602,SUC-15,PR-7853,33.0,16.0,2025-04-27,2025-07-06,Disponible
I-002603,SUC-35,PR-5416,54.0,15.0,2025-06-23,2025-07-26,Disponible
I-002604,SUC-3,PR-7225,70.0,18.0,2025-07-12,2025-07-26,Disponible
I-002605,SUC-39,PR-6025,76.0,14.0,2025-03-14,2025-04-27,Disponible
I-002606,SUC-41,PR-7991,33.0,19.0,2025-06-25,2025-07-14,Disponible
I-002607,SUC-29,PR-4939,29.0,11.0,2025-05-16,2025-07-15,Disponible
I-002608,SUC-8,PR-7502,9.0,20.0,2025-06-16,2025-08-23,Bajo stock
I-002609,SUC-8,PR-161,4.0,7.0,2025-03-10,2025-04-24,Bajo stock
I-002610,SUC-12,PR-6742,-19.0,16.0,2025-04-06,2025-07-24,Bajo stock
inv_002611,SUC-18,PR-7195,7.0,18.0,2025-07-24,2025-08-17,Bajo stock
I-002612,SUC-12,PR-6148,69.0,12.0,2025-04-06,2025-06-27,Disponible
I-002613,SUC-34,PR-9395,80.0,14.0,2025-03-24,2025-06-07,Disponible
I-002614,SUC-36,PR-5899,45.0,15.0,2025-03-29,2025-05-16,Disponible
inv_002615,SUC-16,PR-1782,35.0,20.0,2025-06-06,2025-08-23,Disponible
I-002616,SUC-10,PR-2500,61.0,5.0,2025-03-29,2025-05-24,Disponible
I-002617,SUC-40,PR-5037,70.0,19.0,2025-04-10,2025-05-06,Disponible
inv_002618,SUC-15,PR-5173,35.0,15.0,2025-04-23,2025-05-15,Disponible
I-002619,SUC-36,PR-7055,55.0,15.0,2025-03-27,2025-05-06,Disponible
I-002620,SUC-49,PR-7179,79.0,13.0,2025-04-17,2025-05-24,Agotado
inv_002621,SUC-27,PR-3838,55.0,14.0,2025-05-01,2025-06-10,Disponible
I-002622,SUC-47,PR-4533,1.0,11.0,2025-05-07,2025-06-07,Bajo stock
I-002623,SUC-33,PR-8531,40.0,18.0,2025-07-11,2025-07-16,Disponible
I-002624,SUC-50,PR-3611,24.0,6.0,2025-06-05,2025-06-21,Disponible
I-002625,SUC-2,PR-1370,29.0,39.0,2025-03-04,,Bajo stock
I-002626,SUC-3,PR-1002,30.0,5.0,2025-07-08,2025-07-30,Disponible
I-002627,SUC-25,PR-8401,95.0,19.0,2025-04-21,2025-05-24,Disponible
inv_002628,SUC-40,PR-5278,61.0,14.0,2025-04-22,2025-07-22,Disponible
I-002629,SUC-24,PR-4187,76.0,10.0,2025-03-19,2025-05-07,Disponible
inv_002630,SUC-47,PR-8341,48.0,11.0,2025-03-22,2025-05-05,Disponible
I-002631,SUC-32,PR-3387,62.0,13.0,2025-03-29,2025-05-25,Disponible
I-002632,SUC-15,PR-8744,94.0,12.0,2025-03-31,2025-05-05,Disponible
inv_002633,SUC-34,PR-3177,35.0,18.0,2025-07-21,2025-07-30,Disponible
I-002634,SUC-42,PR-8374,19.0,18.0,2025-04-24,2025-06-18,Disponible
I-002635,SUC-13,PR-7870,10.0,5.0,2025-06-12,2025-07-23,Disponible
I-002636,SUC-12,PR-322,23.0,13.0,2025-04-19,2025-05-21,Disponible
I-002637,SUC-23,PR-1262,99.0,20.0,2025-03-02,2025-04-07,Disponible
I-002638,SUC-4,PR-7878,43.0,19.0,2025-05-18,2025-06-13,Disponible
I-002639,SUC-48,PR-1268,79.0,6.0,2025-03-12,2025-07-15,Disponible
inv_002640,SUC-48,PR-2886,,20.0,2025-04-22,2025-08-06,Agotado
I-002641,SUC-25,PR-3577,29.0,11.0,2025-03-02,2025-04-04,Disponible
I-002642,SUC-3,PR-913,96.0,15.0,2025-06-19,2025-07-21,Disponible
I-002643,SUC-27,PR-8610,11.0,15.0,2025-05-07,2025-06-10,Bajo stock
I-002644,SUC-12,PR-3844,83.0,15.0,2025-03-31,2025-08-08,Disponible
I-002645,SUC-2,PR-9795,48.0,18.0,2025-03-26,2025-08-11,Disponible
I-002646,SUC-26,PR-9324,42.0,13.0,2025-05-12,2025-07-15,Disponible
inv_002647,SUC-12,PR-6682,29.0,14.0,2025-05-04,2025-05-29,Disponible
I-002648,SUC-4,PR-7240,22.0,17.0,2025-06-06,2025-07-28,Disponible
inv_002649,SUC-30,PR-1363,81.0,18.0,2025-03-15,2025-07-30,Disponible
I-002650,SUC-20,PR-1726,42.0,52.0,2025-04-26,2025-07-06,Bajo stock
I-002651,SUC-25,PR-7731,93.0,15.0,2025-04-23,2025-05-02,Disponible
inv_002652,SUC-13,PR-1631,60.0,5.0,2025-06-03,2025-06-15,Disponible
I-002653,SUC-34,PR-5463,85.0,14.0,2025-07-12,2025-08-12,Disponible
I-002654,SUC-37,PR-322,9.0,20.0,2025-04-10,2025-08-07,Bajo stock
I-002655,SUC-47,PR-4146,78.0,15.0,2025-06-07,2025-07-23,Disponible
inv_002656,SUC-22,PR-8069,64.0,16.0,2025-03-09,2025-07-10,Disponible
I-002657,SUC-1,PR-732,65.0,11.0,2025-05-08,2025-08-13,Disponible
inv_002658,SUC-24,PR-8570,89.0,18.0,2025-05-26,2025-07-01,Disponible
inv_002659,SUC-27,PR-3726,34.0,15.0,2025-04-16,2025-06-03,Disponible
I-002660,SUC-35,PR-5946,24.0,19.0,2025-06-16,2025-07-02,Bajo stock
I-002661,SUC-28,PR-3976,21.0,17.0,2025-06-22,2025-07-06,Disponible
I-002662,SUC-18,PR-5667,63.0,9.0,2025-04-06,2025-04-11,Disponible
I-002663,SUC-7,PR-6987,15.0,20.0,2025-07-05,2025-07-07,Bajo stock
I-002664,SUC-20,PR-548,80.0,16.0,2025-07-02,2025-07-27,Disponible
inv_002665,SUC-10,PR-9507,92.0,6.0,2025-04-28,2025-08-26,Disponible
I-002666,SUC-47,PR-8417,89.0,7.0,2025-03-24,2025-07-30,Disponible
I-002667,SUC-25,PR-8811,1.0,8.0,2025-03-29,2025-06-18,Bajo stock
I-002668,SUC-43,PR-1215,30.0,15.0,2025-04-28,2025-07-09,Disponible
I-002669,SUC-21,PR-3083,56.0,20.0,2025-05-01,2025-08-03,Disponible
I-002670,SUC-40,PR-2697,,17.0,2025-07-11,2025-08-25,Disponible
inv_002671,SUC-14,PR-7313,6.0,13.0,2025-03-07,2025-03-21,Bajo stock
I-002672,SUC-14,PR-1198,74.0,8.0,2025-07-20,2025-08-20,Disponible
I-002673,SUC-23,PR-2061,27.0,12.0,2025-06-23,2025-07-24,Disponible
I-002674,SUC-45,PR-5100,70.0,10.0,2025-03-09,2025-03-17,Disponible
I-002675,SUC-39,PR-6571,18.0,,2025-04-09,2025-06-03,Disponible
I-002676,SUC-43,PR-3640,17.0,20.0,2025-04-24,2025-08-02,Bajo stock
I-002677,SUC-4,PR-9875,0.0,15.0,2025-05-30,2025-07-04,Agotado
I-002678,SUC-39,PR-8624,6.0,16.0,2025-07-01,2025-08-24,Bajo stock
I-002679,SUC-45,PR-6532,5.0,16.0,2025-03-19,2025-06-07,Bajo stock
inv_002680,SUC-10,PR-7148,12.0,9.0,2025-07-01,2025-08-02,Bajo stock
I-002681,SUC-42,PR-9246,8.0,16.0,2025-05-18,2025-06-10,Bajo stock
I-002682,SUC-5,PR-506,69.0,11.0,2025-05-13,2025-05-30,Disponible
inv_002683,SUC-31,PR-1632,3.0,13.0,2025-05-13,2025-06-20,Bajo stock
I-002684,SUC-45,PR-4405,29.0,8.0,2025-05-18,2025-07-08,Disponible
I-002685,SUC-44,PR-1361,68.0,17.0,2025-04-24,2025-05-31,Disponible
inv_002686,SUC-14,PR-9251,20.0,20.0,2025-05-20,2025-06-22,Bajo stock
inv_002687,SUC-15,PR-5329,26.0,19.0,2025-06-22,2025-07-01,Disponible
I-002688,SUC-41,PR-820,5.0,8.0,2025-07-12,2025-07-20,Bajo stock
I-002689,SUC-24,PR-7015,49.0,20.0,2025-05-07,2025-07-28,Disponible
I-002690,SUC-25,PR-7005,77.0,8.0,2025-03-11,2025-04-21,Disponible
inv_002691,SUC-13,PR-2104,18.0,20.0,2025-04-21,2025-07-30,Bajo stock
inv_002692,SUC-18,PR-3226,43.0,12.0,2025-07-29,2025-08-13,Disponible
inv_002693,SUC-2,PR-3071,84.0,11.0,2025-04-26,2025-05-07,Disponible
I-002694,SUC-3,PR-6295,93.0,13.0,2025-04-20,2025-05-13,Disponible
I-002695,SUC-25,PR-7461,68.0,13.0,2025-07-08,2026-01-01,Disponible
I-002696,SUC-13,PR-6844,56.0,9.0,2025-04-16,2025-07-02,Disponible
I-002697,SUC-19,PR-519,91.0,10.0,2025-05-20,2025-06-18,Disponible
I-002698,SUC-42,PR-4142,7.0,6.0,2025-05-06,2025-08-02,Disponible
I-002699,SUC-9,PR-8529,96.0,19.0,2025-06-10,2025-07-29,Disponible
inv_002700,SUC-40,PR-5136,70.0,,2025-05-05,2025-06-15,Desconocido
inv_002701,SUC-22,PR-7018,50.0,19.0,2025-03-18,2025-08-11,Disponible
I-002702,SUC-17,PR-7231,81.0,6.0,2025-06-29,2025-08-01,Disponible
inv_002703,SUC-49,PR-6294,29.0,16.0,2025-03-13,2025-03-16,Disponible
I-002704,SUC-42,PR-2755,13.0,11.0,2025-07-09,2025-08-17,Disponible
inv_002705,SUC-1,PR-5563,79.0,14.0,2025-07-22,2025-08-21,Disponible
I-002706,SUC-16,PR-9059,42.0,18.0,2025-04-11,2025-05-15,Disponible
inv_002707,SUC-33,PR-4379,88.0,18.0,2025-07-15,2025-08-19,Disponible
I-002708,SUC-3,PR-3727,94.0,6.0,2025-06-15,2025-08-23,Disponible
I-002709,SUC-14,PR-7206,53.0,11.0,2025-04-15,2025-07-28,Disponible
I-002710,SUC-15,PR-5814,27.0,17.0,2025-03-25,2025-05-08,Disponible
I-002711,SUC-45,PR-7636,77.0,7.0,2025-05-22,2025-08-23,Disponible
I-002712,SUC-48,PR-6118,21.0,15.0,2025-07-13,2025-07-20,Disponible
I-002713,SUC-1,PR-6936,71.0,17.0,2025-07-21,2025-07-24,Disponible
I-002714,SUC-50,PR-4445,50.0,14.0,2025-07-24,2025-07-25,Disponible
inv_002715,SUC-35,PR-4716,19.0,16.0,2025-06-11,2025-06-24,Disponible
I-002716,SUC-25,PR-239,77.0,15.0,2025-04-22,2025-08-21,Disponible
inv_002717,SUC-49,PR-5096,67.0,12.0,2025-05-10,2025-07-18,Disponible
I-002718,SUC-26,PR-2491,98.0,17.0,2025-03-28,2025-06-08,Disponible
inv_002719,SUC-34,PR-5155,76.0,14.0,2025-07-27,2025-08-12,Disponible
I-002720,SUC-10,PR-9991,76.0,18.0,2025-07-24,2025-08-21,Bajo stock
I-002721,SUC-9,PR-8347,2.0,20.0,2025-03-06,2025-05-27,Bajo stock
inv_002722,SUC-47,PR-4562,82.0,14.0,2025-04-25,2025-04-30,Disponible
I-002723,SUC-5,PR-1967,97.0,6.0,2025-03-14,2025-08-26,Disponible
I-002724,SUC-43,PR-5696,35.0,20.0,2025-06-15,2025-08-10,Disponible
I-002725,SUC-13,PR-7797,69.0,9.0,2025-06-11,2025-06-25,Disponible
I-002726,SUC-17,PR-4486,6.0,13.0,2025-04-11,2025-08-23,Bajo stock
I-002727,SUC-22,PR-3004,77.0,12.0,2025-06-21,2025-07-29,Disponible
I-002728,SUC-29,PR-4548,7.0,18.0,2025-05-22,2025-08-02,Bajo stock
I-002729,SUC-3,PR-8741,40.0,19.0,2025-05-04,2025-06-22,Disponible
I-002730,SUC-46,PR-4318,,17.0,2025-07-17,2025-08-17,Disponible
I-002731,SUC-26,PR-3770,65.0,8.0,2025-07-28,2025-07-29,Disponible
I-002732,SUC-36,PR-3902,65.0,7.0,2025-06-22,2025-08-23,Disponible
I-002733,SUC-46,PR-5950,49.0,14.0,2025-06-30,2025-07-30,Disponible
I-002734,SUC-6,PR-816,75.0,20.0,2025-04-24,2025-05-23,Disponible
I-002735,SUC-13,PR-1163,34.0,13.0,2025-05-10,2025-08-27,Disponible
inv_002736,SUC-23,PR-529,94.0,17.0,2025-03-20,2025-04-17,Disponible
I-002737,SUC-16,PR-4391,9.0,6.0,2025-04-25,2025-07-28,Disponible
inv_002738,SUC-43,PR-7916,62.0,11.0,2025-05-17,2025-08-14,Disponible
inv_002739,SUC-22,PR-3268,18.0,20.0,2025-05-21,2025-08-06,Bajo stock
inv_002740,SUC-12,PR-8742,58.0,11.0,2025-03-05,2025-06-08,Desconocido
I-002741,SUC-37,PR-7244,12.0,20.0,2025-04-06,2025-05-14,Bajo stock
I-002742,SUC-11,PR-3400,43.0,20.0,2025-05-01,2025-07-07,Disponible
inv_002743,SUC-6,PR-634,82.0,17.0,2025-04-24,2025-08-22,Disponible
I-002744,SUC-18,PR-9754,90.0,7.0,2025-04-13,2025-08-14,Disponible
inv_002745,SUC-45,PR-7983,57.0,7.0,2025-06-06,2025-06-12,Disponible
inv_002746,SUC-34,PR-1531,44.0,14.0,2025-03-05,2025-06-28,Disponible
I-002747,SUC-45,PR-6807,99.0,15.0,2025-07-20,2025-08-28,Disponible
I-002748,SUC-25,PR-8618,81.0,8.0,2025-04-19,2025-08-10,Disponible
I-002749,SUC-18,PR-3156,39.0,20.0,2025-05-06,2025-05-29,Disponible
,SUC-26,PR-2390,88.0,16.0,2025-05-23,2025-06-18,Disponible
I-002751,SUC-17,PR-2371,40.0,17.0,2025-06-01,2025-07-03,Disponible
I-002752,SUC-9,PR-2920,66.0,17.0,2025-03-22,2025-04-14,Disponible
inv_002753,SUC-24,PR-6993,99.0,8.0,2025-06-17,2025-06-27,Disponible
inv_002754,SUC-21,PR-8776,36.0,14.0,2025-06-03,2025-07-31,Disponible
I-002755,SUC-1,PR-3132,7.0,12.0,2025-03-18,2025-03-20,Bajo stock
I-002756,SUC-17,PR-1643,48.0,9.0,2025-04-02,2025-08-12,Disponible
I-002757,SUC-13,PR-6104,86.0,7.0,2025-05-08,2025-07-06,Disponible
I-002758,SUC-32,PR-8732,19.0,19.0,2025-07-28,2025-08-18,Bajo stock
I-002759,SUC-21,PR-467,23.0,10.0,2025-07-19,2025-08-11,Disponible
I-002760,SUC-42,PR-6433,-12.0,19.0,2025-07-15,2025-07-15,Bajo stock
I-002761,SUC-21,PR-3790,1.0,8.0,2025-04-01,2025-04-06,Bajo stock
I-002762,SUC-9,PR-3492,28.0,9.0,2025-05-25,2025-08-27,Disponible
I-002763,SUC-50,PR-8498,72.0,17.0,2025-04-16,2025-06-01,Disponible
inv_002764,SUC-17,PR-2508,19.0,7.0,2025-03-16,2025-05-08,Disponible
inv_002765,SUC-35,PR-9958,26.0,10.0,2025-03-09,2025-05-23,Disponible
inv_002766,SUC-28,PR-9878,21.0,19.0,2025-03-04,2025-08-10,Disponible
inv_002767,SUC-3,PR-5413,44.0,19.0,2025-05-18,2025-06-25,Disponible
I-002768,SUC-4,PR-9882,91.0,12.0,2025-04-24,2025-07-25,Disponible
I-002769,SUC-15,PR-2390,53.0,17.0,2025-06-03,2025-06-20,Disponible
I-002770,SUC-9,PR-487,39.0,12.0,2025-07-09,2025-08-11,Disponible
I-002771,SUC-30,PR-5758,92.0,10.0,2025-04-20,2025-06-09,Disponible
inv_002772,SUC-8,PR-5189,77.0,14.0,2025-04-08,2025-08-23,Disponible
inv_002773,SUC-19,PR-8218,64.0,6.0,2025-04-27,2025-07-16,Disponible
I-002774,SUC-41,PR-8244,33.0,16.0,2025-04-08,2025-05-09,Disponible
inv_002775,SUC-45,PR-4187,15.0,,2025-04-26,2025-05-30,Disponible
I-002776,SUC-45,PR-9651,27.0,7.0,2025-05-23,2025-06-09,Disponible
I-002777,SUC-10,PR-6019,21.0,12.0,2025-05-07,2025-06-23,Disponible
I-002778,SUC-14,PR-961,11.0,19.0,2025-06-01,2025-08-13,Bajo stock
I-002779,SUC-6,PR-2758,41.0,15.0,2025-03-02,2025-05-11,Disponible
inv_002780,SUC-18,PR-9791,25.0,15.0,2025-06-22,2025-07-24,Agotado
I-002781,SUC-50,PR-7985,88.0,11.0,2025-05-24,2025-05-27,Disponible
I-002782,SUC-11,PR-5638,84.0,7.0,2025-03-27,2025-05-13,Disponible
I-002783,SUC-11,PR-9612,65.0,6.0,2025-06-11,2025-08-21,Disponible
I-002784,SUC-30,PR-9282,11.0,12.0,2025-06-10,2025-07-27,Bajo stock
inv_002785,SUC-43,PR-3562,15.0,8.0,2025-07-28,2025-08-16,Disponible
I-002786,SUC-50,PR-8499,33.0,16.0,2025-03-10,2025-05-20,Disponible
inv_002787,SUC-26,PR-9623,50.0,15.0,2025-07-26,2025-08-25,Disponible
inv_002788,SUC-2,PR-945,69.0,19.0,2025-05-28,2025-07-01,Disponible
I-002789,SUC-15,PR-2356,56.0,12.0,2025-06-12,2025-08-22,Disponible
I-002790,SUC-42,PR-8835,,9.0,2025-05-16,2025-08-26,Disponible
I-002791,SUC-34,PR-9043,98.0,13.0,2025-04-13,2025-06-09,Disponible
I-002792,SUC-8,PR-4881,7.0,11.0,2025-05-13,2025-06-17,Bajo stock
inv_002793,SUC-36,PR-8004,21.0,16.0,2025-04-13,2025-06-20,Disponible
I-002794,SUC-21,PR-7770,35.0,13.0,2025-07-13,2025-08-15,Disponible
I-002795,SUC-43,PR-9693,56.0,16.0,2025-03-31,2025-04-21,Disponible
I-002796,SUC-41,PR-1676,80.0,11.0,2025-04-20,2025-08-22,Disponible
inv_002797,SUC-13,PR-6564,2.0,10.0,2025-07-14,2025-08-11,Bajo stock
I-002798,SUC-29,PR-5549,35.0,10.0,2025-06-18,2025-07-10,Disponible
I-002799,SUC-41,PR-1655,67.0,15.0,2025-07-13,2025-08-15,Disponible
inv_002800,SUC-24,,84.0,5.0,2025-05-26,2025-06-22,Desconocido
I-002801,SUC-34,PR-8665,12.0,17.0,2025-06-12,2025-07-12,Bajo stock
I-002802,SUC-24,PR-38,47.0,19.0,2025-04-18,2025-08-04,Disponible
I-002803,SUC-9,PR-507,75.0,9.0,2025-03-20,2025-08-02,Disponible
I-002804,SUC-18,PR-5713,67.0,12.0,2025-04-02,2025-06-14,Disponible
I-002805,SUC-40,PR-7491,64.0,13.0,2025-06-11,2025-07-22,Disponible
inv_002806,SUC-14,PR-6293,89.0,18.0,2025-06-18,2025-06-27,Disponible
inv_002807,SUC-9,PR-9078,93.0,14.0,2025-07-04,2025-08-07,Disponible
I-002808,SUC-46,PR-5968,27.0,12.0,2025-04-01,2025-07-25,Disponible
I-002809,SUC-4,PR-8658,83.0,11.0,2025-03-04,2025-05-07,Disponible
I-002810,SUC-48,PR-2689,82.0,14.0,2025-03-11,2025-08-22,Disponible
I-002811,SUC-26,PR-2251,75.0,13.0,2025-04-10,2025-05-07,Disponible
I-002812,SUC-12,PR-7179,93.0,6.0,2025-03-13,2025-07-08,Disponible
I-002813,SUC-43,PR-4053,88.0,7.0,2025-04-26,2025-08-05,Disponible
inv_002814,SUC-37,PR-9418,80.0,8.0,2025-07-24,2025-08-10,Disponible
I-002815,SUC-44,PR-3566,83.0,7.0,2025-03-17,2025-08-28,Disponible
inv_002816,SUC-10,PR-5314,1.0,20.0,2025-05-16,2025-07-28,Bajo stock
I-002817,SUC-44,PR-5933,90.0,20.0,2025-04-29,2025-07-01,Disponible
I-002818,SUC-23,PR-7965,1.0,17.0,2025-06-03,2025-07-04,Bajo stock
inv_002819,SUC-26,PR-7007,51.0,9.0,2025-07-22,2025-08-14,Disponible
I-002820,SUC-17,PR-623,27.0,11.0,2025-07-10,2025-08-03,Disponible
inv_002821,SUC-11,PR-9463,93.0,13.0,2025-06-14,2025-07-22,Disponible
I-002822,SUC-16,PR-7107,0.0,19.0,2025-06-28,2025-08-17,Agotado
I-002823,SUC-30,PR-1923,26.0,5.0,2025-04-01,2025-07-19,Disponible
I-002824,SUC-47,PR-5613,67.0,17.0,2025-03-02,2025-07-23,Disponible
inv_002825,SUC-33,PR-5526,84.0,8.0,2025-06-01,2025-06-08,Disponible
I-002826,SUC-47,PR-7156,55.0,7.0,2025-04-09,2025-04-17,Disponible
I-002827,SUC-50,PR-8521,1.0,14.0,2025-07-21,2025-08-09,Bajo stock
I-002828,SUC-36,PR-7112,17.0,17.0,2025-05-18,2025-07-01,Bajo stock
I-002829,SUC-19,PR-5499,85.0,17.0,2025-07-28,2025-08-27,Disponible
inv_002830,SUC-44,PR-2352,78.0,6.0,2025-04-26,2025-08-15,Disponible
I-002831,SUC-50,PR-7579,5.0,9.0,2025-04-29,2025-05-06,Bajo stock
inv_002832,SUC-44,PR-9565,74.0,18.0,2025-03-20,2025-04-12,Disponible
I-002833,SUC-2,PR-5205,21.0,15.0,2025-04-04,2025-04-17,Disponible
I-002834,SUC-36,PR-402,52.0,8.0,2025-03-22,2025-03-31,Disponible
I-002835,SUC-15,PR-3590,82.0,9.0,2025-04-17,2026-01-01,Disponible
I-002836,SUC-31,PR-4796,51.0,5.0,2025-06-12,2025-07-11,Disponible
I-002837,SUC-41,PR-2629,78.0,20.0,2025-05-12,2025-08-22,Disponible
inv_002838,SUC-8,PR-1295,62.0,16.0,2025-07-10,2025-08-08,Disponible
inv_002839,SUC-16,PR-8639,80.0,14.0,2025-07-18,2025-08-09,Disponible
inv_002840,SUC-42,PR-9506,75.0,9.0,2025-05-14,2025-06-10,Agotado
I-002841,SUC-47,PR-8921,86.0,10.0,2025-06-13,2025-07-16,Disponible
I-002842,SUC-1,PR-7532,34.0,18.0,2025-07-01,2025-08-12,Disponible
I-002843,SUC-50,PR-8130,14.0,9.0,2025-07-10,2025-08-22,Disponible
I-002844,SUC-30,PR-6710,81.0,19.0,2025-07-26,2025-07-31,Disponible
inv_002845,SUC-34,PR-9746,93.0,14.0,2025-06-27,2025-08-21,Disponible
I-002846,SUC-14,PR-4317,12.0,6.0,2025-03-10,2025-07-22,Disponible
I-002847,SUC-44,PR-9632,24.0,19.0,2025-07-13,2025-07-24,Disponible
I-002848,SUC-15,PR-836,88.0,5.0,2025-04-30,2025-06-23,Disponible
inv_002849,SUC-24,PR-9258,12.0,11.0,2025-06-24,2025-08-14,Disponible
inv_002850,SUC-25,PR-5016,47.0,57.0,2025-07-03,2025-07-04,Bajo stock
inv_002851,SUC-24,PR-6540,95.0,14.0,2025-07-08,2025-07-13,Disponible
I-002852,SUC-35,PR-1514,24.0,17.0,2025-03-17,2025-04-27,Disponible
inv_002853,SUC-4,PR-6674,58.0,12.0,2025-05-20,2025-07-01,Disponible
I-002854,SUC-39,PR-314,25.0,8.0,2025-07-07,2025-08-14,Disponible
I-002855,SUC-16,PR-8367,58.0,14.0,2025-03-05,2025-04-21,Disponible
I-002856,SUC-4,PR-3179,23.0,17.0,2025-04-07,2025-07-02,Disponible
I-002857,SUC-17,PR-7179,33.0,10.0,2025-04-22,2025-05-16,Disponible
I-002858,SUC-34,PR-2884,89.0,7.0,2025-05-14,2025-08-18,Disponible
I-002859,SUC-48,PR-6588,70.0,18.0,2025-06-16,2025-08-22,Disponible
I-002860,SUC-29,PR-4774,49.0,12.0,2025-05-01,2025-05-08,Desconocido
inv_002861,SUC-27,PR-9002,89.0,11.0,2025-05-09,2025-08-27,Disponible
I-002862,SUC-46,PR-3825,56.0,8.0,2025-05-21,2025-06-23,Disponible
I-002863,SUC-23,PR-9374,48.0,8.0,2025-07-29,2025-08-17,Disponible
I-002864,SUC-30,PR-1610,92.0,9.0,2025-05-26,2025-06-23,Disponible
I-002865,SUC-8,PR-1571,4.0,11.0,2025-07-05,2025-08-21,Bajo stock
inv_002866,SUC-23,PR-2598,59.0,16.0,2025-07-29,2025-07-30,Disponible
I-002867,SUC-13,PR-5059,94.0,11.0,2025-05-15,2025-08-11,Disponible
inv_002868,SUC-5,PR-1727,34.0,15.0,2025-04-07,2025-05-03,Disponible
I-002869,SUC-15,PR-2830,9.0,19.0,2025-04-02,2025-07-17,Bajo stock
inv_002870,SUC-43,PR-3731,64.0,18.0,2025-07-19,2025-07-25,Disponible
I-002871,SUC-18,PR-1086,18.0,10.0,2025-03-05,2025-07-08,Disponible
I-002872,SUC-28,PR-6214,92.0,5.0,2025-04-21,2025-04-25,Disponible
I-002873,SUC-13,PR-7224,35.0,11.0,2025-03-07,2025-08-14,Disponible
I-002874,SUC-48,PR-9274,82.0,19.0,2025-07-22,2025-08-09,Disponible
I-002875,SUC-23,PR-7794,7.0,17.0,2025-05-11,2025-07-14,Bajo stock
inv_002876,SUC-41,PR-8402,35.0,19.0,2025-03-26,2025-06-28,Disponible
inv_002877,SUC-6,PR-3498,12.0,10.0,2025-05-27,2025-07-31,Disponible
I-002878,SUC-31,PR-467,78.0,8.0,2025-05-27,2025-07-24,Disponible
I-002879,SUC-16,PR-3531,75.0,11.0,2025-03-02,2025-03-28,Disponible
I-002880,SUC-27,PR-8640,-12.0,7.0,2025-06-15,2025-08-28,Bajo stock
I-002881,SUC-49,PR-7996,0.0,20.0,2025-04-23,2025-06-16,Agotado
I-002882,SUC-18,PR-1837,32.0,6.0,2025-06-18,2025-07-12,Disponible
I-002883,SUC-7,PR-6000,47.0,15.0,2025-06-24,2025-07-30,Disponible
I-002884,SUC-26,PR-4536,4.0,11.0,2025-07-24,2025-08-14,Bajo stock
inv_002885,SUC-39,PR-4582,95.0,8.0,2025-04-06,2025-07-20,Disponible
inv_002886,SUC-45,PR-7181,25.0,17.0,2025-05-24,2025-07-24,Disponible
inv_002887,SUC-31,PR-3516,75.0,19.0,2025-04-15,2025-05-02,Disponible
inv_002888,SUC-37,PR-7802,51.0,7.0,2025-06-14,2025-06-17,Disponible
I-002889,SUC-10,PR-3062,96.0,16.0,2025-04-13,2025-08-26,Disponible
inv_002890,SUC-4,PR-1663,28.0,9.0,2025-06-07,2025-08-09,Disponible
inv_002891,SUC-9,PR-4648,8.0,5.0,2025-06-30,2025-07-22,Disponible
I-002892,SUC-39,PR-3152,15.0,16.0,2025-04-13,2025-04-15,Bajo stock
I-002893,SUC-46,PR-3906,94.0,17.0,2025-03-15,2025-08-11,Disponible
inv_002894,SUC-44,PR-3968,24.0,19.0,2025-04-10,2025-04-16,Disponible
I-002895,SUC-47,PR-8183,6.0,7.0,2025-04-15,2025-05-13,Bajo stock
inv_002896,SUC-11,PR-5586,91.0,15.0,2025-06-08,2025-07-18,Disponible
I-002897,SUC-4,PR-5717,12.0,8.0,2025-04-28,2025-06-29,Disponible
I-002898,SUC-14,PR-7492,7.0,18.0,2025-05-01,2025-07-13,Bajo stock
I-002899,SUC-2,PR-682,48.0,8.0,2025-04-05,2025-07-15,Disponible
I-002900,SUC-8,PR-5158,40.0,50.0,2025-07-07,2025-08-18,Bajo stock
inv_002901,SUC-3,PR-7006,33.0,19.0,2025-05-31,2025-08-04,Disponible
I-002902,SUC-13,PR-452,72.0,7.0,2025-03-19,2025-08-26,Disponible
I-002903,SUC-32,PR-8844,9.0,6.0,2025-05-08,2025-05-28,Disponible
inv_002904,SUC-6,PR-5484,90.0,5.0,2025-03-23,2025-07-06,Disponible
inv_002905,SUC-1,PR-4031,58.0,17.0,2025-05-28,2026-01-01,Disponible
inv_002906,SUC-1,PR-2881,59.0,8.0,2025-07-26,2025-08-24,Disponible
inv_002907,SUC-46,PR-8045,14.0,7.0,2025-03-15,2025-07-13,Disponible
I-002908,SUC-27,PR-8367,48.0,15.0,2025-04-25,2025-08-08,Disponible
I-002909,SUC-36,PR-8605,62.0,10.0,2025-05-11,2025-07-19,Disponible
I-002910,SUC-1,PR-1645,,18.0,2025-06-19,2025-07-25,Disponible
I-002911,SUC-29,PR-2751,69.0,17.0,2025-03-25,2025-08-21,Disponible
inv_002912,SUC-5,PR-1886,69.0,18.0,2025-05-03,2025-06-20,Disponible
I-002913,SUC-12,PR-439,1.0,20.0,2025-03-31,2025-06-08,Bajo stock
I-002914,SUC-46,PR-4520,12.0,12.0,2025-03-31,2025-07-13,Bajo stock
I-002915,SUC-30,PR-817,59.0,15.0,2025-06-22,2025-08-02,Disponible
inv_002916,SUC-34,PR-8169,30.0,17.0,2025-03-20,2025-06-28,Disponible
inv_002917,SUC-24,PR-500,52.0,19.0,2025-05-26,2025-08-03,Disponible
I-002918,SUC-14,PR-469,39.0,20.0,2025-07-12,2025-08-26,Disponible
inv_002919,SUC-26,PR-400,44.0,16.0,2025-05-12,2025-06-19,Disponible
inv_002920,SUC-36,,45.0,17.0,2025-05-01,2025-06-10,Agotado
I-002921,SUC-50,PR-769,99.0,14.0,2025-03-26,2025-05-09,Disponible
I-002922,SUC-22,PR-3168,32.0,15.0,2025-06-13,2025-07-01,Disponible
inv_002923,SUC-32,PR-4332,45.0,20.0,2025-05-01,2025-05-13,Disponible
inv_002924,SUC-21,PR-2115,42.0,9.0,2025-05-28,2025-06-30,Disponible
I-002925,SUC-22,PR-1606,28.0,11.0,2025-06-29,2025-08-11,Disponible
inv_002926,SUC-30,PR-7184,5.0,8.0,2025-04-17,2025-05-23,Bajo stock
I-002927,SUC-43,PR-6754,50.0,12.0,2025-07-01,2025-07-15,Disponible
I-002928,SUC-44,PR-8000,18.0,13.0,2025-07-22,2025-08-24,Disponible
I-002929,SUC-42,PR-33,93.0,20.0,2025-03-22,2025-04-02,Disponible
I-002930,SUC-29,PR-227,79.0,16.0,2025-07-12,2025-08-15,Disponible
I-002931,SUC-21,PR-1333,28.0,15.0,2025-04-23,2025-06-11,Disponible
inv_002932,SUC-30,PR-3850,43.0,7.0,2025-07-09,2025-07-20,Disponible
I-002933,SUC-27,PR-8369,14.0,18.0,2025-03-14,2025-06-13,Bajo stock
I-002934,SUC-32,PR-7742,54.0,17.0,2025-07-05,2025-08-24,Disponible
I-002935,SUC-40,PR-3421,49.0,18.0,2025-03-12,2025-06-25,Disponible
I-002936,SUC-41,PR-8380,45.0,10.0,2025-03-22,2025-05-25,Disponible
I-002937,SUC-48,PR-3541,62.0,20.0,2025-05-26,2025-06-13,Disponible
I-002938,SUC-11,PR-411,88.0,8.0,2025-03-08,2025-07-02,Disponible
I-002939,SUC-50,PR-4252,73.0,16.0,2025-03-27,2025-06-18,Disponible
I-002940,SUC-24,PR-2384,55.0,14.0,2025-06-16,2026-01-01,Disponible
I-002941,SUC-26,PR-1652,87.0,10.0,2025-04-23,2025-05-07,Disponible
I-002942,SUC-5,PR-6952,32.0,15.0,2025-03-17,2025-05-29,Disponible
I-002943,SUC-38,PR-2412,18.0,12.0,2025-06-09,2025-08-20,Disponible
I-002944,SUC-10,PR-5692,90.0,13.0,2025-06-04,2025-08-03,Disponible
I-002945,SUC-32,PR-6245,47.0,18.0,2025-04-09,2025-04-17,Disponible
inv_002946,SUC-3,PR-6616,39.0,5.0,2025-07-22,2025-08-08,Disponible
I-002947,SUC-38,PR-4898,47.0,10.0,2025-03-31,2025-05-24,Disponible
inv_002948,SUC-19,PR-5107,17.0,8.0,2025-06-04,2025-08-12,Disponible
I-002949,SUC-40,PR-7951,58.0,16.0,2025-03-05,2025-07-19,Disponible
I-002950,SUC-34,PR-4650,10.0,20.0,2025-07-24,2025-08-12,Bajo stock
I-002951,SUC-39,PR-5668,85.0,15.0,2025-07-02,2025-07-06,Disponible
inv_002952,SUC-27,PR-9005,30.0,12.0,2025-06-06,2025-07-28,Disponible
I-002953,SUC-32,PR-3939,15.0,9.0,2025-03-12,2025-05-01,Disponible
I-002954,SUC-36,PR-2252,64.0,8.0,2025-03-22,2025-05-30,Disponible
inv_002955,SUC-15,PR-1934,4.0,8.0,2025-04-27,2025-07-09,Bajo stock
I-002956,SUC-3,PR-8814,39.0,6.0,2025-04-09,2025-04-27,Disponible
I-002957,SUC-8,PR-1335,85.0,18.0,2025-06-27,2025-07-22,Disponible
inv_002958,SUC-40,PR-832,69.0,9.0,2025-04-13,2025-06-15,Disponible
I-002959,SUC-42,PR-2395,46.0,6.0,2025-06-09,2025-07-09,Disponible
I-002960,SUC-48,PR-3121,64.0,20.0,2025-05-16,2025-07-10,Desconocido
inv_002961,SUC-21,PR-3517,100.0,19.0,2025-06-02,2025-06-29,Disponible
I-002962,SUC-5,PR-773,85.0,19.0,2025-07-21,2025-08-05,Disponible
I-002963,SUC-43,PR-2787,35.0,9.0,2025-04-02,2025-05-10,Disponible
inv_002964,SUC-13,PR-1249,76.0,16.0,2025-04-16,2025-07-15,Disponible
inv_002965,SUC-36,PR-5280,40.0,7.0,2025-07-26,2025-07-30,Disponible
inv_002966,SUC-50,PR-4672,56.0,9.0,2025-03-20,2025-08-15,Disponible
inv_002967,SUC-34,PR-5181,10.0,11.0,2025-06-08,2025-06-16,Bajo stock
I-002968,SUC-48,PR-8327,24.0,5.0,2025-03-08,2025-03-30,Disponible
I-002969,SUC-18,PR-7473,46.0,19.0,2025-05-16,2025-08-05,Disponible
inv_002970,SUC-45,PR-4771,,17.0,2025-07-06,2025-08-09,Disponible
inv_002971,SUC-32,PR-2847,85.0,6.0,2025-07-01,2025-08-24,Disponible
I-002972,SUC-17,PR-5731,45.0,13.0,2025-07-13,2025-08-28,Disponible
inv_002973,SUC-44,PR-9119,8.0,17.0,2025-05-09,2025-08-13,Bajo stock
inv_002974,SUC-24,PR-921,10.0,7.0,2025-06-04,2025-08-27,Disponible
inv_002975,SUC-11,PR-5023,14.0,24.0,2025-04-22,2025-06-28,Bajo stock
I-002976,SUC-43,PR-7685,93.0,7.0,2025-07-11,2025-08-12,Disponible
I-002977,SUC-40,PR-5723,64.0,19.0,2025-06-26,2025-07-05,Disponible
inv_002978,SUC-49,PR-9504,4.0,6.0,2025-07-24,2025-07-28,Bajo stock
inv_002979,SUC-36,PR-1567,73.0,18.0,2025-07-06,2025-07-11,Disponible
I-002980,SUC-43,PR-9993,93.0,11.0,2025-06-28,2025-08-15,Bajo stock
I-002981,SUC-48,PR-7650,30.0,9.0,2025-04-18,2025-08-26,Disponible
inv_002982,SUC-10,PR-9417,53.0,11.0,2025-05-10,2025-06-14,Disponible
I-002983,SUC-20,PR-8274,50.0,17.0,2025-06-07,2025-06-20,Disponible
inv_002984,SUC-34,PR-4905,5.0,10.0,2025-05-09,2025-05-18,Bajo stock
I-002985,SUC-15,PR-3065,43.0,7.0,2025-04-25,2025-07-15,Disponible
I-002986,SUC-42,PR-4399,54.0,8.0,2025-04-11,2025-06-29,Disponible
inv_002987,SUC-3,PR-7666,85.0,16.0,2025-07-27,2025-07-31,Disponible
I-002988,SUC-2,PR-1206,4.0,9.0,2025-05-13,2025-05-13,Bajo stock
inv_002989,SUC-41,PR-8023,39.0,6.0,2025-05-25,2025-08-01,Disponible
inv_002990,SUC-26,PR-9816,34.0,17.0,2025-05-10,2025-08-14,Disponible
I-002991,SUC-8,PR-4674,50.0,8.0,2025-06-06,2025-08-17,Disponible
I-002992,SUC-49,PR-9945,42.0,17.0,2025-06-23,2025-07-30,Disponible
inv_002993,SUC-13,PR-462,24.0,15.0,2025-05-27,2025-08-14,Disponible
inv_002994,SUC-45,PR-6850,17.0,9.0,2025-05-20,2025-07-24,Disponible
I-002995,SUC-41,PR-6727,68.0,17.0,2025-03-05,2025-07-02,Disponible
inv_002996,SUC-34,PR-6433,63.0,14.0,2025-06-11,2025-07-21,Disponible
I-002997,SUC-20,PR-4793,45.0,14.0,2025-03-26,2025-08-19,Disponible
I-002998,SUC-13,PR-6526,46.0,17.0,2025-03-28,2025-08-27,Disponible
I-002999,SUC-41,PR-1292,55.0,5.0,2025-05-16,2025-07-07,Disponible
inv_003000,SUC-5,,,,2025-05-06,2025-05-12,Desconocido
inv_003001,SUC-37,PR-5814,45.0,9.0,2025-04-12,2025-07-04,Disponible
inv_003002,SUC-33,PR-1237,4.0,11.0,2025-06-12,2025-08-02,Bajo stock
inv_003003,SUC-33,PR-246,70.0,8.0,2025-05-14,2025-06-24,Disponible
I-003004,SUC-32,PR-7622,77.0,13.0,2025-05-14,2025-07-25,Disponible
I-003005,SUC-14,PR-2407,54.0,19.0,2025-07-16,2025-07-21,Disponible
I-003006,SUC-16,PR-7989,49.0,12.0,2025-05-14,2025-07-04,Disponible
I-003007,SUC-34,PR-5953,67.0,7.0,2025-05-12,2025-08-02,Disponible
I-003008,SUC-7,PR-7566,26.0,12.0,2025-03-20,2025-04-19,Disponible
inv_003009,SUC-37,PR-3896,42.0,12.0,2025-05-19,2025-06-07,Disponible
inv_003010,SUC-1,PR-9999,92.0,7.0,2025-07-18,,Disponible
I-003011,SUC-36,PR-9816,66.0,11.0,2025-06-17,2025-07-17,Disponible
I-003012,SUC-21,PR-9056,10.0,17.0,2025-03-14,2025-07-05,Bajo stock
I-003013,SUC-21,PR-5503,62.0,6.0,2025-05-30,2025-06-15,Disponible
I-003014,SUC-6,PR-7650,70.0,18.0,2025-07-18,2025-08-02,Disponible
I-003015,SUC-24,PR-1412,5.0,15.0,2025-04-24,2025-07-18,Bajo stock
inv_003016,SUC-30,PR-269,31.0,15.0,2025-06-02,2025-06-14,Disponible
I-003017,SUC-13,PR-3816,74.0,13.0,2025-04-22,2025-07-05,Disponible
inv_003018,SUC-23,PR-1182,21.0,11.0,2025-05-26,2025-08-24,Disponible
I-003019,SUC-28,PR-3512,18.0,9.0,2025-05-17,2025-06-28,Disponible
I-003020,SUC-32,PR-1631,28.0,13.0,2025-05-31,2025-06-03,Desconocido
I-003021,SUC-38,PR-5652,31.0,9.0,2025-05-25,2025-06-23,Disponible
I-003022,SUC-24,PR-734,95.0,15.0,2025-04-04,2025-07-28,Disponible
inv_003023,SUC-15,PR-2326,5.0,9.0,2025-06-10,2025-06-10,Bajo stock
inv_003024,SUC-32,PR-5670,44.0,14.0,2025-03-12,2025-06-15,Disponible
I-003025,SUC-42,PR-4386,0.0,10.0,2025-05-05,2025-08-23,Agotado
I-003026,SUC-25,PR-2152,21.0,7.0,2025-05-01,2025-06-28,Disponible
I-003027,SUC-38,PR-6121,7.0,17.0,2025-05-31,2025-08-10,Bajo stock
inv_003028,SUC-1,PR-454,11.0,18.0,2025-04-18,2025-05-14,Bajo stock
I-003029,SUC-25,PR-2991,75.0,6.0,2025-03-29,2025-08-06,Disponible
I-003030,SUC-39,PR-5721,0.0,19.0,2025-05-12,2025-05-22,Agotado
I-003031,SUC-6,PR-341,77.0,9.0,2025-07-07,2025-08-15,Disponible
inv_003032,SUC-40,PR-8747,52.0,16.0,2025-03-21,2025-08-10,Disponible
I-003033,SUC-50,PR-8606,23.0,14.0,2025-06-05,2025-08-28,Disponible
I-003034,SUC-19,PR-4311,83.0,12.0,2025-05-10,2025-05-27,Disponible
inv_003035,SUC-49,PR-471,40.0,14.0,2025-06-03,2025-07-02,Disponible
I-003036,SUC-18,PR-1633,91.0,20.0,2025-03-30,2025-05-01,Disponible
I-003037,SUC-2,PR-9163,34.0,9.0,2025-05-12,2025-06-24,Disponible
I-003038,SUC-48,PR-5569,37.0,15.0,2025-05-29,2025-07-29,Disponible
I-003039,SUC-13,PR-2720,55.0,12.0,2025-06-03,2025-07-29,Disponible
inv_003040,SUC-12,PR-3829,19.0,16.0,2025-04-11,2025-07-12,Bajo stock
I-003041,SUC-9,PR-1431,70.0,11.0,2025-06-19,2025-08-09,Disponible
I-003042,SUC-2,PR-589,18.0,10.0,2025-03-19,2025-08-22,Disponible
I-003043,SUC-2,PR-5229,71.0,18.0,2025-03-02,2025-06-15,Disponible
I-003044,SUC-13,PR-3117,38.0,9.0,2025-03-21,2025-06-26,Disponible
I-003045,SUC-1,PR-6529,1.0,18.0,2025-05-21,,Bajo stock
I-003046,SUC-47,PR-2403,48.0,15.0,2025-06-01,2025-07-15,Disponible
I-003047,SUC-34,PR-9175,9.0,7.0,2025-07-24,2025-07-28,Disponible
inv_003048,SUC-33,PR-2649,43.0,17.0,2025-03-29,2025-08-16,Disponible
I-003049,SUC-23,PR-948,10.0,18.0,2025-04-29,2025-07-22,Bajo stock
,SUC-8,PR-9667,55.0,7.0,2025-07-11,2025-08-17,Disponible
I-003051,SUC-13,PR-9090,28.0,9.0,2025-07-01,2025-07-01,Disponible
inv_003052,SUC-1,PR-8296,9.0,10.0,2025-04-13,2025-07-26,Bajo stock
I-003053,SUC-14,PR-850,26.0,17.0,2025-07-21,2025-07-31,Disponible
I-003054,SUC-35,PR-4530,95.0,13.0,2025-05-18,2025-06-11,Disponible
I-003055,SUC-2,PR-1152,46.0,17.0,2025-04-16,2025-06-13,Disponible
I-003056,SUC-3,PR-7987,70.0,9.0,2025-03-10,2025-08-14,Disponible
I-003057,SUC-6,PR-1984,29.0,11.0,2025-03-02,2025-05-03,Disponible
inv_003058,SUC-26,PR-5055,85.0,15.0,2025-04-15,2025-05-01,Disponible
inv_003059,SUC-19,PR-4592,14.0,16.0,2025-05-18,2025-08-23,Bajo stock
inv_003060,SUC-39,PR-9830,,19.0,2025-03-27,2025-04-05,Disponible
I-003061,SUC-22,PR-6627,36.0,7.0,2025-05-03,2025-05-05,Disponible
I-003062,SUC-50,PR-12,8.0,17.0,2025-07-28,2025-08-05,Bajo stock
I-003063,SUC-22,PR-8830,55.0,5.0,2025-04-01,2025-08-28,Disponible
I-003064,SUC-12,PR-5198,95.0,10.0,2025-07-05,2025-07-09,Disponible
I-003065,SUC-36,PR-3754,6.0,9.0,2025-05-14,2025-06-09,Bajo stock
inv_003066,SUC-17,PR-1771,90.0,16.0,2025-07-14,2025-08-21,Disponible
inv_003067,SUC-10,PR-7831,49.0,12.0,2025-05-09,2025-05-18,Disponible
inv_003068,SUC-47,PR-4397,93.0,20.0,2025-03-20,2025-06-26,Disponible
I-003069,SUC-3,PR-2837,79.0,15.0,2025-04-02,2025-04-28,Disponible
inv_003070,SUC-46,PR-6655,37.0,6.0,2025-03-04,2025-06-20,Disponible
inv_003071,SUC-6,PR-1054,55.0,8.0,2025-07-19,2025-07-23,Disponible
I-003072,SUC-40,PR-8303,60.0,18.0,2025-07-16,2025-08-17,Disponible
inv_003073,SUC-18,PR-3547,3.0,17.0,2025-07-18,2025-07-25,Bajo stock
I-003074,SUC-7,PR-1077,19.0,7.0,2025-07-02,2025-07-26,Disponible
inv_003075,SUC-50,PR-4681,78.0,18.0,2025-07-27,2025-07-30,Disponible
I-003076,SUC-12,PR-4994,57.0,16.0,2025-04-09,2025-05-28,Disponible
I-003077,SUC-41,PR-5506,31.0,13.0,2025-05-06,2025-07-09,Disponible
I-003078,SUC-35,PR-8614,14.0,12.0,2025-05-23,2025-08-22,Disponible
I-003079,SUC-27,PR-4657,61.0,11.0,2025-03-29,2025-08-01,Disponible
I-003080,SUC-27,PR-608,69.0,15.0,2025-06-28,2026-01-01,Bajo stock
I-003081,SUC-41,PR-665,86.0,7.0,2025-06-15,2025-08-16,Disponible
I-003082,SUC-20,PR-8245,82.0,12.0,2025-06-22,2025-06-27,Disponible
I-003083,SUC-6,PR-3862,2.0,12.0,2025-05-13,2025-06-22,Bajo stock
I-003084,SUC-47,PR-4514,55.0,14.0,2025-06-18,2025-07-10,Disponible
I-003085,SUC-12,PR-6288,65.0,12.0,2025-04-08,2025-08-15,Disponible
I-003086,SUC-50,PR-760,87.0,7.0,2025-03-23,2025-07-19,Disponible
I-003087,SUC-40,PR-9274,25.0,18.0,2025-05-08,2025-08-02,Disponible
inv_003088,SUC-12,PR-790,39.0,9.0,2025-05-16,2025-07-26,Disponible
I-003089,SUC-9,PR-4221,15.0,10.0,2025-03-02,2025-07-14,Disponible
inv_003090,SUC-40,PR-7986,,20.0,2025-07-25,2025-07-28,Disponible
I-003091,SUC-33,PR-8402,11.0,16.0,2025-06-24,2025-07-05,Bajo stock
I-003092,SUC-50,PR-4816,39.0,11.0,2025-07-03,2025-07-21,Disponible
I-003093,SUC-32,PR-8170,53.0,16.0,2025-05-07,2025-06-22,Disponible
I-003094,SUC-5,PR-8167,80.0,15.0,2025-03-12,2025-03-19,Disponible
inv_003095,SUC-42,PR-8708,58.0,20.0,2025-05-23,2025-06-11,Disponible
inv_003096,SUC-12,PR-3183,70.0,16.0,2025-04-22,2025-08-22,Disponible
inv_003097,SUC-16,PR-1922,86.0,5.0,2025-07-23,2025-08-19,Disponible
I-003098,SUC-6,PR-8866,86.0,5.0,2025-03-10,2025-03-30,Disponible
I-003099,SUC-9,PR-1579,82.0,6.0,2025-04-07,2025-08-26,Disponible
inv_003100,SUC-24,PR-733,92.0,,2025-03-26,2025-03-30,Desconocido
I-003101,SUC-25,PR-92,62.0,18.0,2025-06-04,2025-07-26,Disponible
I-003102,SUC-32,PR-139,17.0,16.0,2025-03-18,2025-08-10,Disponible
I-003103,SUC-3,PR-2086,49.0,18.0,2025-03-14,2025-03-31,Disponible
inv_003104,SUC-29,PR-7800,50.0,5.0,2025-05-15,2025-07-07,Disponible
inv_003105,SUC-11,PR-2947,57.0,5.0,2025-04-02,2025-07-08,Disponible
inv_003106,SUC-40,PR-7784,93.0,14.0,2025-06-17,2025-06-25,Disponible
inv_003107,SUC-8,PR-1952,27.0,10.0,2025-06-09,2025-06-26,Disponible
inv_003108,SUC-9,PR-4528,32.0,18.0,2025-06-11,2025-08-06,Disponible
inv_003109,SUC-45,PR-2494,62.0,16.0,2025-05-11,2025-08-15,Disponible
I-003110,SUC-29,PR-939,95.0,6.0,2025-03-25,2025-03-25,Disponible
I-003111,SUC-38,PR-1012,9.0,13.0,2025-04-10,2025-08-05,Bajo stock
I-003112,SUC-1,PR-1285,30.0,10.0,2025-04-01,2025-07-09,Disponible
I-003113,SUC-36,PR-9965,51.0,9.0,2025-05-07,2025-05-12,Disponible
I-003114,SUC-41,PR-2037,15.0,15.0,2025-07-09,2025-07-30,Bajo stock
I-003115,SUC-42,PR-3170,41.0,14.0,2025-05-11,2026-01-01,Disponible
inv_003116,SUC-15,PR-9456,69.0,14.0,2025-04-08,2025-07-03,Disponible
inv_003117,SUC-21,PR-8609,40.0,20.0,2025-06-07,2025-08-15,Disponible
inv_003118,SUC-39,PR-7393,78.0,6.0,2025-03-05,2025-08-06,Disponible
inv_003119,SUC-50,PR-7915,58.0,9.0,2025-07-21,2025-08-21,Disponible
I-003120,SUC-20,,,14.0,2025-05-21,2025-07-19,Desconocido
I-003121,SUC-16,PR-6611,77.0,13.0,2025-06-09,2025-06-18,Disponible
I-003122,SUC-50,PR-3695,16.0,15.0,2025-03-27,2025-07-02,Disponible
inv_003123,SUC-14,PR-5620,73.0,9.0,2025-04-23,2025-06-19,Disponible
I-003124,SUC-1,PR-6491,23.0,8.0,2025-06-18,2025-07-11,Disponible
inv_003125,SUC-49,PR-6783,14.0,,2025-03-10,2025-03-27,Disponible
I-003126,SUC-42,PR-6365,30.0,20.0,2025-06-08,2025-06-12,Disponible
I-003127,SUC-24,PR-2946,97.0,15.0,2025-03-30,2025-05-13,Disponible
I-003128,SUC-3,PR-3807,31.0,17.0,2025-07-02,2025-07-17,Disponible
I-003129,SUC-21,PR-3073,48.0,14.0,2025-03-22,2025-04-29,Disponible
I-003130,SUC-14,PR-6974,37.0,10.0,2025-05-03,2025-05-24,Disponible
I-003131,SUC-20,PR-9995,75.0,11.0,2025-06-29,2025-07-19,Disponible
I-003132,SUC-25,PR-5483,45.0,13.0,2025-03-29,2025-06-18,Disponible
I-003133,SUC-4,PR-3511,12.0,15.0,2025-07-28,2025-08-27,Bajo stock
inv_003134,SUC-28,PR-7743,50.0,5.0,2025-07-10,2025-08-11,Disponible
I-003135,SUC-29,PR-3917,46.0,6.0,2025-03-02,2025-08-24,Disponible
I-003136,SUC-15,PR-9658,30.0,10.0,2025-07-03,2025-07-28,Disponible
inv_003137,SUC-46,PR-252,6.0,16.0,2025-03-25,2025-08-05,Bajo stock
inv_003138,SUC-39,PR-1277,93.0,6.0,2025-06-28,2025-07-04,Disponible
inv_003139,SUC-4,PR-3271,63.0,10.0,2025-03-26,2025-08-24,Disponible
I-003140,SUC-25,PR-1725,98.0,20.0,2025-06-05,2025-07-09,Disponible
I-003141,SUC-33,PR-4833,21.0,11.0,2025-04-20,2025-08-01,Disponible
I-003142,SUC-28,PR-5715,27.0,18.0,2025-03-15,2025-08-28,Disponible
I-003143,SUC-50,PR-9082,98.0,16.0,2025-05-05,2025-06-10,Disponible
inv_003144,SUC-39,PR-6487,82.0,18.0,2025-07-13,2025-08-28,Disponible
I-003145,SUC-2,PR-7654,0.0,9.0,2025-04-19,2025-08-13,Agotado
inv_003146,SUC-22,PR-9833,0.0,12.0,2025-07-22,2025-08-09,Agotado
inv_003147,SUC-33,PR-7364,56.0,8.0,2025-05-29,2025-06-16,Disponible
I-003148,SUC-2,PR-2559,93.0,19.0,2025-07-17,2025-08-06,Disponible
I-003149,SUC-45,PR-2536,18.0,5.0,2025-05-30,2025-07-25,Disponible
I-003150,SUC-23,PR-492,-12.0,,2025-05-29,2026-01-01,Disponible
inv_003151,SUC-9,PR-3337,83.0,7.0,2025-05-25,2025-06-10,Disponible
inv_003152,SUC-14,PR-5526,54.0,19.0,2025-03-21,2025-06-01,Disponible
I-003153,SUC-35,PR-1028,40.0,10.0,2025-06-13,2025-07-08,Disponible
I-003154,SUC-39,PR-9368,77.0,16.0,2025-06-17,2025-07-02,Disponible
inv_003155,SUC-19,PR-5712,19.0,11.0,2025-04-18,2025-08-02,Disponible
I-003156,SUC-31,PR-432,79.0,5.0,2025-07-15,2025-07-17,Disponible
I-003157,SUC-47,PR-8830,75.0,18.0,2025-06-23,2025-07-07,Disponible
I-003158,SUC-2,PR-3357,67.0,7.0,2025-04-30,2025-05-07,Disponible
I-003159,SUC-40,PR-6810,15.0,11.0,2025-07-07,2025-08-15,Disponible
I-003160,SUC-16,PR-2699,94.0,19.0,2025-03-23,2025-03-30,Agotado
I-003161,SUC-26,PR-3805,84.0,8.0,2025-05-17,2025-06-07,Disponible
I-003162,SUC-16,PR-6703,92.0,16.0,2025-04-14,2025-08-16,Disponible
I-003163,SUC-35,PR-9209,49.0,7.0,2025-06-17,2025-08-10,Disponible
I-003164,SUC-19,PR-2266,46.0,15.0,2025-06-19,2025-07-11,Disponible
inv_003165,SUC-5,PR-9838,52.0,18.0,2025-03-29,2025-06-10,Disponible
I-003166,SUC-41,PR-7632,17.0,10.0,2025-03-02,2025-06-21,Disponible
I-003167,SUC-38,PR-439,23.0,19.0,2025-04-04,2025-07-25,Disponible
I-003168,SUC-13,PR-4685,23.0,12.0,2025-05-31,2025-08-18,Disponible
I-003169,SUC-2,PR-937,67.0,9.0,2025-06-01,2025-08-07,Disponible
I-003170,SUC-41,PR-7149,64.0,17.0,2025-04-29,2025-06-14,Disponible
inv_003171,SUC-32,PR-5014,33.0,7.0,2025-06-29,2025-07-05,Disponible
I-003172,SUC-18,PR-8051,23.0,13.0,2025-07-23,2025-08-01,Disponible
I-003173,SUC-43,PR-6262,67.0,16.0,2025-03-27,2025-07-29,Disponible
I-003174,SUC-15,PR-9057,74.0,5.0,2025-04-16,2025-05-01,Disponible
inv_003175,SUC-31,PR-5625,74.0,14.0,2025-05-30,2025-06-08,Disponible
inv_003176,SUC-21,PR-3431,25.0,16.0,2025-06-05,2025-07-17,Disponible
I-003177,SUC-25,PR-4885,99.0,15.0,2025-03-21,2025-07-10,Disponible
inv_003178,SUC-34,PR-8140,13.0,8.0,2025-05-18,2025-05-21,Disponible
I-003179,SUC-19,PR-7153,23.0,13.0,2025-03-17,2025-03-23,Disponible
I-003180,SUC-19,PR-2264,12.0,10.0,2025-07-15,2025-07-25,Bajo stock
I-003181,SUC-35,PR-5861,88.0,16.0,2025-03-06,2025-07-01,Disponible
inv_003182,SUC-12,PR-5827,6.0,16.0,2025-03-20,2025-04-13,Bajo stock
I-003183,SUC-11,PR-8205,84.0,15.0,2025-07-27,2025-08-08,Disponible
I-003184,SUC-43,PR-3580,95.0,18.0,2025-06-26,2025-06-29,Disponible
inv_003185,SUC-43,PR-9325,66.0,20.0,2025-03-26,2026-01-01,Disponible
I-003186,SUC-25,PR-9644,86.0,17.0,2025-04-13,2025-08-18,Disponible
inv_003187,SUC-50,PR-5994,14.0,14.0,2025-06-14,2025-07-08,Bajo stock
inv_003188,SUC-15,PR-8618,19.0,10.0,2025-04-20,2025-05-24,Disponible
I-003189,SUC-39,PR-9470,85.0,8.0,2025-03-28,2025-06-28,Disponible
inv_003190,SUC-43,PR-9992,77.0,17.0,2025-07-06,2025-07-23,Disponible
inv_003191,SUC-43,PR-4800,96.0,19.0,2025-07-16,2025-08-07,Disponible
I-003192,SUC-5,PR-2038,87.0,7.0,2025-07-29,2025-08-18,Disponible
I-003193,SUC-34,PR-5554,31.0,15.0,2025-06-13,2025-08-21,Disponible
I-003194,SUC-23,PR-403,48.0,17.0,2025-03-12,2025-07-10,Disponible
I-003195,SUC-1,PR-4371,93.0,13.0,2025-07-09,2025-08-04,Disponible
I-003196,SUC-11,PR-8064,7.0,14.0,2025-06-28,2025-08-21,Bajo stock
I-003197,SUC-29,PR-8778,83.0,19.0,2025-06-20,2025-08-12,Disponible
inv_003198,SUC-22,PR-6377,2.0,15.0,2025-06-05,2025-08-01,Bajo stock
inv_003199,SUC-39,PR-7534,15.0,5.0,2025-04-12,2025-04-15,Disponible
I-003200,SUC-39,,21.0,15.0,2025-05-03,2025-07-20,Desconocido
I-003201,SUC-50,PR-8629,59.0,12.0,2025-03-12,2025-05-13,Disponible
I-003202,SUC-8,PR-8376,0.0,6.0,2025-06-08,2025-07-21,Agotado
I-003203,SUC-31,PR-2175,78.0,9.0,2025-07-27,2025-08-02,Disponible
inv_003204,SUC-26,PR-3344,69.0,5.0,2025-03-09,2025-03-30,Disponible
I-003205,SUC-12,PR-9055,85.0,10.0,2025-06-19,2025-07-24,Disponible
inv_003206,SUC-21,PR-9728,2.0,7.0,2025-07-06,2025-08-13,Bajo stock
inv_003207,SUC-5,PR-7124,79.0,15.0,2025-06-21,2025-07-22,Disponible
I-003208,SUC-43,PR-1104,25.0,5.0,2025-04-06,2025-06-28,Disponible
I-003209,SUC-4,PR-1764,17.0,14.0,2025-06-13,2025-07-23,Disponible
inv_003210,SUC-39,PR-4244,88.0,15.0,2025-03-07,2025-04-20,Disponible
inv_003211,SUC-29,PR-7390,40.0,8.0,2025-04-03,2025-08-21,Disponible
I-003212,SUC-14,PR-7309,41.0,7.0,2025-04-28,2025-08-01,Disponible
inv_003213,SUC-23,PR-5496,9.0,9.0,2025-05-09,2025-07-28,Bajo stock
inv_003214,SUC-48,PR-2296,24.0,19.0,2025-04-02,2025-08-15,Disponible
inv_003215,SUC-12,PR-3670,15.0,17.0,2025-05-10,2025-08-18,Bajo stock
I-003216,SUC-27,PR-5778,22.0,10.0,2025-04-24,2025-06-02,Disponible
inv_003217,SUC-4,PR-4465,56.0,19.0,2025-07-16,2025-08-17,Disponible
I-003218,SUC-10,PR-5725,100.0,18.0,2025-05-29,2025-06-13,Disponible
I-003219,SUC-17,PR-7122,99.0,10.0,2025-05-21,2025-08-27,Disponible
I-003220,SUC-4,PR-3304,3.0,5.0,2025-04-18,2025-08-20,Bajo stock
inv_003221,SUC-28,PR-9475,34.0,19.0,2025-05-05,2025-05-29,Disponible
inv_003222,SUC-13,PR-5645,25.0,6.0,2025-04-07,2025-04-08,Disponible
inv_003223,SUC-19,PR-2390,61.0,13.0,2025-07-21,2025-08-15,Disponible
I-003224,SUC-26,PR-3325,6.0,10.0,2025-06-19,2025-08-15,Bajo stock
inv_003225,SUC-4,PR-7928,56.0,,2025-06-01,2025-06-09,Disponible
I-003226,SUC-1,PR-8018,7.0,12.0,2025-05-05,2025-06-29,Bajo stock
inv_003227,SUC-26,PR-1017,96.0,7.0,2025-03-25,2025-05-02,Disponible
I-003228,SUC-47,PR-1495,69.0,11.0,2025-07-21,2025-08-16,Disponible
I-003229,SUC-11,PR-4533,39.0,17.0,2025-03-20,2025-03-26,Disponible
I-003230,SUC-39,PR-4581,32.0,13.0,2025-03-09,2025-05-03,Disponible
inv_003231,SUC-37,PR-673,84.0,17.0,2025-03-29,2025-06-16,Disponible
I-003232,SUC-33,PR-688,13.0,20.0,2025-05-11,2025-05-12,Bajo stock
I-003233,SUC-29,PR-5844,23.0,11.0,2025-06-26,2025-08-25,Disponible
I-003234,SUC-23,PR-6750,90.0,10.0,2025-05-15,2025-07-19,Disponible
I-003235,SUC-37,PR-7441,63.0,10.0,2025-06-21,2025-07-22,Disponible
I-003236,SUC-30,PR-4453,38.0,9.0,2025-07-10,2025-07-21,Disponible
I-003237,SUC-23,PR-9527,64.0,10.0,2025-06-20,2025-07-29,Disponible
inv_003238,SUC-12,PR-838,9.0,7.0,2025-03-07,2025-07-14,Disponible
I-003239,SUC-41,PR-9597,36.0,19.0,2025-03-10,2025-08-02,Disponible
I-003240,SUC-39,,,14.0,2025-03-11,2025-08-14,Disponible
I-003241,SUC-33,PR-1483,98.0,11.0,2025-03-30,2025-07-24,Disponible
I-003242,SUC-14,PR-1750,91.0,7.0,2025-04-27,2025-05-09,Disponible
inv_003243,SUC-7,PR-9111,38.0,19.0,2025-04-04,2025-08-25,Disponible
I-003244,SUC-48,PR-7378,60.0,18.0,2025-03-02,2025-05-12,Disponible
inv_003245,SUC-26,PR-3832,81.0,14.0,2025-04-24,2025-06-06,Disponible
I-003246,SUC-41,PR-465,84.0,7.0,2025-03-09,2025-07-22,Disponible
I-003247,SUC-19,PR-6260,67.0,14.0,2025-06-07,2025-07-24,Disponible
I-003248,SUC-40,PR-7536,28.0,5.0,2025-05-18,2025-06-04,Disponible
I-003249,SUC-46,PR-1309,59.0,19.0,2025-04-18,2025-08-15,Disponible
I-003250,SUC-49,PR-9665,11.0,21.0,2025-03-15,2025-05-15,Bajo stock
inv_003251,SUC-47,PR-8473,44.0,19.0,2025-03-26,2025-06-12,Disponible
I-003252,SUC-1,PR-6315,62.0,15.0,2025-03-29,2025-07-16,Disponible
I-003253,SUC-21,PR-8817,85.0,7.0,2025-05-01,2025-08-04,Disponible
I-003254,SUC-49,PR-426,71.0,5.0,2025-07-23,2025-07-23,Disponible
I-003255,SUC-15,PR-374,46.0,13.0,2025-06-11,,Disponible
I-003256,SUC-34,PR-8412,43.0,20.0,2025-06-07,2025-08-25,Disponible
inv_003257,SUC-36,PR-6137,53.0,12.0,2025-03-06,2025-03-19,Disponible
inv_003258,SUC-33,PR-9690,28.0,11.0,2025-07-02,2025-07-25,Disponible
inv_003259,SUC-30,PR-6072,55.0,12.0,2025-07-07,2025-08-26,Disponible
I-003260,SUC-4,PR-7185,49.0,6.0,2025-07-29,2025-08-27,Agotado
I-003261,SUC-14,PR-3026,58.0,20.0,2025-03-15,2025-04-03,Disponible
I-003262,SUC-38,PR-8638,4.0,7.0,2025-05-16,2025-07-27,Bajo stock
inv_003263,SUC-9,PR-1358,38.0,7.0,2025-07-19,2025-07-24,Disponible
I-003264,SUC-41,PR-4776,63.0,16.0,2025-03-05,2025-06-11,Disponible
I-003265,SUC-7,PR-5193,95.0,9.0,2025-03-06,2025-04-24,Disponible
I-003266,SUC-22,PR-8576,80.0,5.0,2025-05-08,2025-08-07,Disponible
I-003267,SUC-30,PR-5835,76.0,10.0,2025-04-30,2025-05-23,Disponible
inv_003268,SUC-3,PR-8404,32.0,10.0,2025-04-15,2025-07-23,Disponible
inv_003269,SUC-20,PR-997,54.0,17.0,2025-07-19,2025-07-30,Disponible
inv_003270,SUC-31,PR-3885,65.0,9.0,2025-06-25,2025-07-10,Disponible
inv_003271,SUC-3,PR-5385,40.0,18.0,2025-06-06,2025-08-07,Disponible
inv_003272,SUC-47,PR-7238,42.0,13.0,2025-04-26,2025-08-08,Disponible
I-003273,SUC-11,PR-2884,71.0,9.0,2025-06-13,2025-08-26,Disponible
I-003274,SUC-7,PR-6558,10.0,16.0,2025-06-07,2025-07-12,Bajo stock
I-003275,SUC-40,PR-5946,36.0,46.0,2025-04-12,2025-07-03,Bajo stock
I-003276,SUC-14,PR-8551,56.0,14.0,2025-04-30,2025-08-14,Disponible
inv_003277,SUC-10,PR-702,73.0,17.0,2025-07-23,2025-08-07,Disponible
I-003278,SUC-23,PR-5760,61.0,16.0,2025-04-17,2025-05-10,Disponible
I-003279,SUC-9,PR-2004,60.0,5.0,2025-07-05,2025-08-26,Disponible
I-003280,SUC-15,PR-6413,40.0,19.0,2025-06-29,2025-07-12,Bajo stock
I-003281,SUC-38,PR-8541,47.0,13.0,2025-06-01,2025-07-04,Disponible
inv_003282,SUC-5,PR-2946,13.0,17.0,2025-05-26,2025-08-25,Bajo stock
inv_003283,SUC-15,PR-1228,98.0,14.0,2025-03-04,2025-06-21,Disponible
inv_003284,SUC-35,PR-5341,64.0,11.0,2025-06-08,2025-08-05,Disponible
inv_003285,SUC-21,PR-3775,73.0,9.0,2025-04-17,2025-07-26,Disponible
I-003286,SUC-25,PR-1012,62.0,7.0,2025-03-17,2025-03-30,Disponible
inv_003287,SUC-16,PR-9184,70.0,11.0,2025-07-27,2025-08-06,Disponible
inv_003288,SUC-21,PR-4610,30.0,19.0,2025-05-16,2025-07-24,Disponible
inv_003289,SUC-38,PR-8957,3.0,18.0,2025-06-25,2025-07-28,Bajo stock
I-003290,SUC-8,PR-4686,90.0,20.0,2025-03-31,2025-05-24,Disponible
I-003291,SUC-2,PR-3353,95.0,13.0,2025-07-29,2025-08-04,Disponible
I-003292,SUC-25,PR-8738,58.0,12.0,2025-05-09,2025-07-28,Disponible
I-003293,SUC-21,PR-5483,98.0,11.0,2025-07-24,2025-08-10,Disponible
I-003294,SUC-20,PR-5977,19.0,12.0,2025-06-23,2025-08-16,Disponible
inv_003295,SUC-28,PR-5886,33.0,5.0,2025-04-09,2025-06-21,Disponible
I-003296,SUC-50,PR-4965,8.0,20.0,2025-06-07,2025-08-03,Bajo stock
I-003297,SUC-50,PR-6775,49.0,10.0,2025-06-27,2025-08-09,Disponible
I-003298,SUC-3,PR-9635,32.0,19.0,2025-06-20,2025-08-01,Disponible
inv_003299,SUC-43,PR-9860,9.0,12.0,2025-03-14,2025-07-19,Bajo stock
I-003300,SUC-49,PR-923,,,2025-04-14,2025-04-23,Bajo stock
I-003301,SUC-24,PR-6976,47.0,17.0,2025-05-20,2025-05-22,Disponible
I-003302,SUC-31,PR-7673,67.0,19.0,2025-07-19,2025-08-12,Disponible
I-003303,SUC-49,PR-2904,12.0,14.0,2025-04-29,2025-06-28,Bajo stock
I-003304,SUC-39,PR-5241,66.0,19.0,2025-03-22,2025-04-16,Disponible
I-003305,SUC-17,PR-32,75.0,11.0,2025-04-18,2025-04-25,Disponible
I-003306,SUC-28,PR-715,99.0,9.0,2025-07-26,2025-08-06,Disponible
I-003307,SUC-43,PR-1732,51.0,18.0,2025-04-26,2025-08-28,Disponible
I-003308,SUC-41,PR-1906,39.0,12.0,2025-06-04,2025-07-20,Disponible
I-003309,SUC-29,PR-718,86.0,13.0,2025-05-07,2025-06-02,Disponible
I-003310,SUC-20,PR-9066,19.0,19.0,2025-05-23,2025-07-03,Bajo stock
inv_003311,SUC-8,PR-3703,67.0,5.0,2025-05-25,2025-08-16,Disponible
I-003312,SUC-8,PR-381,90.0,10.0,2025-03-21,2025-04-15,Disponible
I-003313,SUC-15,PR-7206,74.0,9.0,2025-03-24,2025-07-04,Disponible
I-003314,SUC-3,PR-3105,9.0,11.0,2025-05-06,2025-07-26,Bajo stock
inv_003315,SUC-50,PR-7646,42.0,12.0,2025-03-23,2025-07-16,Disponible
I-003316,SUC-17,PR-2531,83.0,14.0,2025-06-27,2025-08-04,Disponible
inv_003317,SUC-28,PR-7735,78.0,17.0,2025-06-06,2025-06-20,Disponible
inv_003318,SUC-32,PR-8103,81.0,11.0,2025-06-03,2025-07-28,Disponible
inv_003319,SUC-21,PR-1765,20.0,15.0,2025-04-03,2025-04-08,Disponible
I-003320,SUC-7,PR-3542,59.0,7.0,2025-03-08,2025-04-01,Agotado
I-003321,SUC-17,PR-7938,24.0,5.0,2025-04-14,2025-06-05,Disponible
inv_003322,SUC-22,PR-5765,4.0,6.0,2025-05-30,2025-06-28,Bajo stock
I-003323,SUC-7,PR-9799,94.0,5.0,2025-03-10,2025-07-24,Disponible
I-003324,SUC-11,PR-8764,12.0,6.0,2025-03-19,2025-06-29,Disponible
I-003325,SUC-10,PR-2236,48.0,7.0,2025-05-11,2026-01-01,Disponible
I-003326,SUC-11,PR-7943,6.0,5.0,2025-07-28,2025-08-01,Disponible
I-003327,SUC-34,PR-6772,92.0,5.0,2025-03-27,2025-06-20,Disponible
I-003328,SUC-14,PR-3286,46.0,11.0,2025-04-12,2025-08-06,Disponible
inv_003329,SUC-31,PR-2560,29.0,10.0,2025-05-25,2025-06-30,Disponible
I-003330,SUC-1,PR-8637,,11.0,2025-05-14,2025-08-27,Disponible
inv_003331,SUC-36,PR-1164,80.0,15.0,2025-05-25,2025-07-01,Disponible
I-003332,SUC-6,PR-8812,34.0,7.0,2025-07-14,2025-08-11,Disponible
inv_003333,SUC-22,PR-7198,3.0,19.0,2025-05-18,2025-08-03,Bajo stock
I-003334,SUC-39,PR-2927,62.0,20.0,2025-07-01,2025-07-15,Disponible
inv_003335,SUC-27,PR-5927,70.0,14.0,2025-04-10,2025-07-28,Disponible
I-003336,SUC-45,PR-6558,54.0,12.0,2025-06-07,2025-08-23,Disponible
inv_003337,SUC-22,PR-6431,25.0,16.0,2025-05-06,2025-06-30,Disponible
I-003338,SUC-46,PR-2775,6.0,17.0,2025-03-28,2025-07-10,Bajo stock
inv_003339,SUC-50,PR-8531,53.0,8.0,2025-04-22,2025-05-05,Disponible
I-003340,SUC-34,PR-6461,52.0,7.0,2025-04-02,2025-05-03,Bajo stock
I-003341,SUC-38,PR-9359,22.0,20.0,2025-04-13,2025-05-26,Disponible
I-003342,SUC-14,PR-5301,73.0,10.0,2025-03-19,2025-06-16,Disponible
inv_003343,SUC-7,PR-5339,29.0,15.0,2025-03-04,2025-06-12,Disponible
inv_003344,SUC-23,PR-1368,88.0,16.0,2025-04-13,2025-06-05,Disponible
I-003345,SUC-31,PR-3531,72.0,12.0,2025-05-19,2025-07-21,Disponible
I-003346,SUC-5,PR-6101,38.0,12.0,2025-03-25,2025-08-11,Disponible
I-003347,SUC-29,PR-23,95.0,20.0,2025-07-21,2025-08-22,Disponible
I-003348,SUC-3,PR-8504,33.0,11.0,2025-04-13,2025-05-03,Disponible
I-003349,SUC-48,PR-3420,26.0,16.0,2025-04-13,2025-08-11,Disponible
inv_003350,SUC-28,PR-537,68.0,78.0,2025-07-02,2025-08-04,Bajo stock
I-003351,SUC-43,PR-2549,40.0,13.0,2025-05-05,2025-05-26,Disponible
inv_003352,SUC-9,PR-3767,15.0,13.0,2025-05-18,2025-08-13,Disponible
I-003353,SUC-46,PR-6888,22.0,9.0,2025-05-21,2025-06-14,Disponible
I-003354,SUC-26,PR-2069,7.0,11.0,2025-06-12,2025-08-12,Bajo stock
I-003355,SUC-32,PR-6204,34.0,8.0,2025-04-24,2025-07-17,Disponible
inv_003356,SUC-37,PR-2671,72.0,8.0,2025-05-22,2025-05-29,Disponible
I-003357,SUC-46,PR-910,44.0,12.0,2025-06-02,2025-07-04,Disponible
I-003358,SUC-29,PR-2391,85.0,20.0,2025-06-21,2025-08-16,Disponible
inv_003359,SUC-20,PR-7195,31.0,5.0,2025-04-21,2025-06-26,Disponible
I-003360,SUC-16,PR-3461,,6.0,2025-03-23,2025-04-16,Bajo stock
I-003361,SUC-45,PR-1913,90.0,16.0,2025-05-02,2025-05-24,Disponible
inv_003362,SUC-23,PR-659,61.0,20.0,2025-06-06,2025-08-09,Disponible
I-003363,SUC-3,PR-3686,2.0,14.0,2025-03-12,2025-03-13,Bajo stock
I-003364,SUC-2,PR-5100,82.0,5.0,2025-06-22,2025-07-19,Disponible
I-003365,SUC-45,PR-7231,34.0,12.0,2025-07-18,2025-08-24,Disponible
inv_003366,SUC-34,PR-2389,2.0,11.0,2025-04-29,2025-07-02,Bajo stock
inv_003367,SUC-21,PR-4796,65.0,17.0,2025-04-13,2025-05-24,Disponible
inv_003368,SUC-11,PR-5096,83.0,15.0,2025-07-24,2025-07-26,Disponible
inv_003369,SUC-28,PR-8043,89.0,13.0,2025-03-05,2025-06-01,Disponible
inv_003370,SUC-28,PR-350,3.0,5.0,2025-06-15,2025-08-03,Bajo stock
inv_003371,SUC-31,PR-2491,74.0,6.0,2025-04-23,2025-05-17,Disponible
inv_003372,SUC-10,PR-9584,18.0,11.0,2025-05-24,2025-06-02,Disponible
inv_003373,SUC-37,PR-8186,94.0,17.0,2025-05-16,2025-05-19,Disponible
I-003374,SUC-14,PR-1174,85.0,7.0,2025-03-26,2025-05-16,Disponible
I-003375,SUC-11,PR-6095,51.0,,2025-03-27,2025-08-06,Disponible
inv_003376,SUC-27,PR-3243,59.0,7.0,2025-03-03,2025-05-12,Disponible
I-003377,SUC-48,PR-922,58.0,8.0,2025-03-30,2025-07-16,Disponible
I-003378,SUC-32,PR-3610,82.0,13.0,2025-06-01,2025-08-24,Disponible
I-003379,SUC-33,PR-3504,21.0,17.0,2025-04-24,2025-06-17,Disponible
I-003380,SUC-16,PR-9610,49.0,15.0,2025-04-08,2025-06-07,Desconocido
inv_003381,SUC-31,PR-9860,89.0,19.0,2025-06-10,2025-07-02,Disponible
I-003382,SUC-17,PR-8713,91.0,6.0,2025-05-11,2025-07-31,Disponible
inv_003383,SUC-47,PR-10,33.0,15.0,2025-06-25,2025-07-21,Disponible
I-003384,SUC-24,PR-8513,11.0,10.0,2025-05-04,2025-07-11,Disponible
I-003385,SUC-37,PR-6307,60.0,14.0,2025-04-04,2025-05-18,Disponible
I-003386,SUC-44,PR-6963,96.0,15.0,2025-06-10,2025-06-15,Disponible
inv_003387,SUC-45,PR-3146,12.0,16.0,2025-06-25,2025-07-30,Bajo stock
inv_003388,SUC-41,PR-4665,51.0,16.0,2025-03-16,2025-05-29,Disponible
inv_003389,SUC-11,PR-7447,36.0,7.0,2025-04-30,2025-05-22,Disponible
inv_003390,SUC-24,PR-6139,93.0,15.0,2025-07-07,2025-08-16,Disponible
I-003391,SUC-30,PR-9236,3.0,7.0,2025-03-12,2025-04-22,Bajo stock
I-003392,SUC-39,PR-7002,41.0,10.0,2025-03-24,2025-08-04,Disponible
I-003393,SUC-21,PR-8153,84.0,17.0,2025-03-23,2025-05-02,Disponible
I-003394,SUC-26,PR-1397,51.0,19.0,2025-06-01,2025-07-28,Disponible
inv_003395,SUC-45,PR-8861,86.0,10.0,2025-03-07,,Disponible
I-003396,SUC-8,PR-5315,67.0,15.0,2025-06-30,2025-07-22,Disponible
inv_003397,SUC-50,PR-9484,70.0,5.0,2025-03-02,2025-08-05,Disponible
I-003398,SUC-43,PR-3265,26.0,14.0,2025-03-27,2025-04-21,Disponible
inv_003399,SUC-35,PR-9986,99.0,10.0,2025-06-26,2025-08-18,Disponible
,SUC-11,,94.0,104.0,2025-03-07,2025-03-13,Bajo stock
I-003401,SUC-38,PR-8871,87.0,11.0,2025-05-19,2025-06-04,Disponible
I-003402,SUC-9,PR-6644,19.0,19.0,2025-04-14,2025-05-29,Bajo stock
I-003403,SUC-2,PR-1002,30.0,13.0,2025-06-18,2025-06-18,Disponible
I-003404,SUC-46,PR-2496,56.0,20.0,2025-07-24,2025-08-08,Disponible
I-003405,SUC-37,PR-9616,80.0,17.0,2025-04-04,2025-04-28,Disponible
I-003406,SUC-21,PR-9775,100.0,8.0,2025-05-01,2025-06-12,Disponible
I-003407,SUC-38,PR-7577,49.0,13.0,2025-04-09,2025-06-06,Disponible
I-003408,SUC-2,PR-5965,36.0,9.0,2025-07-03,2025-07-18,Disponible
I-003409,SUC-26,PR-9088,91.0,15.0,2025-04-16,2025-05-09,Disponible
inv_003410,SUC-50,PR-4495,93.0,18.0,2025-04-25,2025-06-15,Disponible
I-003411,SUC-12,PR-2724,0.0,16.0,2025-04-10,2025-07-09,Agotado
inv_003412,SUC-9,PR-5801,41.0,15.0,2025-06-27,2025-08-03,Disponible
I-003413,SUC-8,PR-7245,87.0,12.0,2025-05-25,2025-06-28,Disponible
inv_003414,SUC-37,PR-8869,86.0,10.0,2025-03-19,2025-05-14,Disponible
I-003415,SUC-40,PR-6980,3.0,17.0,2025-05-29,2025-08-01,Bajo stock
I-003416,SUC-1,PR-554,9.0,16.0,2025-05-20,2025-08-02,Bajo stock
I-003417,SUC-27,PR-8364,81.0,16.0,2025-05-12,2025-06-14,Disponible
I-003418,SUC-6,PR-2407,6.0,20.0,2025-04-01,2025-08-16,Bajo stock
inv_003419,SUC-34,PR-4105,19.0,7.0,2025-05-02,2025-08-16,Disponible
I-003420,SUC-17,PR-4577,-15.0,20.0,2025-06-28,2025-07-11,Bajo stock
I-003421,SUC-49,PR-6849,81.0,7.0,2025-04-10,2025-07-07,Disponible
I-003422,SUC-5,PR-3338,50.0,7.0,2025-07-22,2025-08-05,Disponible
I-003423,SUC-33,PR-6536,23.0,20.0,2025-03-14,2025-03-16,Disponible
I-003424,SUC-38,PR-3030,90.0,14.0,2025-03-24,2025-08-25,Disponible
inv_003425,SUC-48,PR-957,25.0,12.0,2025-04-21,2025-05-28,Disponible
I-003426,SUC-48,PR-9645,46.0,7.0,2025-03-12,2025-07-05,Disponible
inv_003427,SUC-30,PR-5638,41.0,6.0,2025-05-11,2025-08-23,Disponible
inv_003428,SUC-17,PR-9370,14.0,20.0,2025-07-22,2025-07-29,Bajo stock
inv_003429,SUC-46,PR-4923,83.0,5.0,2025-07-07,2025-08-01,Disponible
I-003430,SUC-39,PR-8871,42.0,5.0,2025-04-23,2025-05-22,Disponible
I-003431,SUC-4,PR-6179,45.0,6.0,2025-05-15,2025-06-15,Disponible
I-003432,SUC-26,PR-9482,99.0,15.0,2025-06-15,2025-07-25,Disponible
I-003433,SUC-16,PR-4062,2.0,12.0,2025-05-07,2025-05-31,Bajo stock
I-003434,SUC-29,PR-3293,100.0,14.0,2025-04-02,2025-05-31,Disponible
I-003435,SUC-25,PR-959,33.0,10.0,2025-05-04,2025-05-22,Disponible
I-003436,SUC-28,PR-2124,74.0,5.0,2025-04-23,2025-05-11,Disponible
I-003437,SUC-4,PR-4262,67.0,20.0,2025-07-06,2025-07-24,Disponible
I-003438,SUC-16,PR-4473,54.0,14.0,2025-07-28,2025-08-20,Disponible
inv_003439,SUC-27,PR-9224,18.0,12.0,2025-06-10,2025-06-27,Disponible
inv_003440,SUC-46,PR-6169,0.0,20.0,2025-06-05,2025-06-28,Agotado
I-003441,SUC-4,PR-3022,90.0,11.0,2025-05-19,2025-07-19,Disponible
I-003442,SUC-15,PR-9163,36.0,14.0,2025-05-17,2025-05-20,Disponible
inv_003443,SUC-9,PR-1885,37.0,7.0,2025-04-05,2025-04-30,Disponible
I-003444,SUC-11,PR-5899,50.0,16.0,2025-03-31,2025-04-15,Disponible
inv_003445,SUC-45,PR-6809,62.0,6.0,2025-04-08,2025-06-25,Disponible
I-003446,SUC-11,PR-4353,13.0,10.0,2025-07-06,2025-08-18,Disponible
I-003447,SUC-38,PR-2093,4.0,18.0,2025-07-21,2025-08-02,Bajo stock
I-003448,SUC-27,PR-4944,41.0,8.0,2025-05-17,2025-07-14,Disponible
inv_003449,SUC-8,PR-4106,6.0,9.0,2025-03-12,2025-08-07,Bajo stock
,SUC-16,PR-5301,-3.0,7.0,2025-03-16,2025-07-04,Bajo stock
I-003451,SUC-7,PR-2516,17.0,11.0,2025-04-03,2025-06-02,Disponible
inv_003452,SUC-26,PR-4877,89.0,11.0,2025-07-02,2025-07-08,Disponible
inv_003453,SUC-43,PR-2429,71.0,19.0,2025-04-24,2025-08-13,Disponible
inv_003454,SUC-16,PR-910,85.0,20.0,2025-06-03,2025-07-30,Disponible
I-003455,SUC-3,PR-4958,92.0,9.0,2025-06-03,2025-06-04,Disponible
inv_003456,SUC-7,PR-3309,11.0,13.0,2025-04-24,2025-05-15,Bajo stock
I-003457,SUC-5,PR-1705,53.0,6.0,2025-05-06,2025-08-20,Disponible
I-003458,SUC-26,PR-8593,63.0,15.0,2025-05-02,2025-08-15,Disponible
I-003459,SUC-35,PR-1103,54.0,5.0,2025-06-14,2025-07-08,Disponible
inv_003460,SUC-43,PR-7774,77.0,16.0,2025-03-02,2025-07-15,Disponible
inv_003461,SUC-18,PR-1966,95.0,14.0,2025-06-10,2025-07-08,Disponible
I-003462,SUC-15,PR-9788,19.0,15.0,2025-06-07,2025-07-12,Disponible
I-003463,SUC-48,PR-8742,46.0,16.0,2025-05-16,2025-08-18,Disponible
I-003464,SUC-30,PR-1740,10.0,12.0,2025-05-25,2025-07-15,Bajo stock
I-003465,SUC-29,PR-4454,14.0,6.0,2025-05-30,2026-01-01,Disponible
inv_003466,SUC-4,PR-9851,63.0,20.0,2025-07-17,2025-08-17,Disponible
inv_003467,SUC-13,PR-4619,0.0,13.0,2025-04-30,2025-06-01,Agotado
I-003468,SUC-43,PR-258,37.0,18.0,2025-05-07,2025-05-16,Disponible
I-003469,SUC-35,PR-9418,31.0,8.0,2025-07-27,2025-08-09,Disponible
inv_003470,SUC-44,PR-2049,13.0,11.0,2025-04-12,2025-06-03,Disponible
inv_003471,SUC-9,PR-8906,49.0,11.0,2025-04-15,2025-06-24,Disponible
inv_003472,SUC-32,PR-2290,69.0,20.0,2025-05-26,2025-06-23,Disponible
inv_003473,SUC-28,PR-3679,18.0,18.0,2025-04-16,2025-06-16,Bajo stock
inv_003474,SUC-36,PR-5174,22.0,14.0,2025-06-09,2025-07-27,Disponible
I-003475,SUC-8,PR-2452,66.0,,2025-07-18,2025-07-30,Disponible
I-003476,SUC-29,PR-2609,40.0,18.0,2025-03-30,2025-04-05,Disponible
I-003477,SUC-22,PR-7576,8.0,17.0,2025-07-12,2025-07-31,Bajo stock
I-003478,SUC-22,PR-7459,71.0,16.0,2025-05-02,2025-07-06,Disponible
I-003479,SUC-3,PR-1204,0.0,10.0,2025-04-02,2025-05-15,Agotado
I-003480,SUC-36,,44.0,14.0,2025-05-08,2025-06-29,Desconocido
I-003481,SUC-50,PR-4731,62.0,18.0,2025-03-24,2025-07-31,Disponible
inv_003482,SUC-26,PR-644,44.0,16.0,2025-03-07,2025-08-20,Disponible
inv_003483,SUC-31,PR-47,34.0,11.0,2025-03-10,2025-04-18,Disponible
inv_003484,SUC-36,PR-5366,39.0,14.0,2025-06-24,2025-08-03,Disponible
inv_003485,SUC-23,PR-7959,43.0,10.0,2025-03-03,2025-04-30,Disponible
inv_003486,SUC-28,PR-2940,81.0,18.0,2025-07-22,2025-08-19,Disponible
I-003487,SUC-7,PR-8057,77.0,15.0,2025-06-15,2025-07-23,Disponible
I-003488,SUC-44,PR-3704,72.0,6.0,2025-07-14,2025-08-18,Disponible
inv_003489,SUC-22,PR-1274,84.0,19.0,2025-04-30,2025-08-24,Disponible
I-003490,SUC-5,PR-20,10.0,13.0,2025-06-03,2025-07-04,Bajo stock
I-003491,SUC-32,PR-9326,17.0,9.0,2025-07-02,2025-07-23,Disponible
inv_003492,SUC-8,PR-411,6.0,9.0,2025-06-09,2025-07-06,Bajo stock
I-003493,SUC-17,PR-8499,27.0,7.0,2025-04-07,2025-08-27,Disponible
inv_003494,SUC-21,PR-9052,58.0,12.0,2025-05-12,2025-07-09,Disponible
I-003495,SUC-7,PR-2406,26.0,11.0,2025-04-01,2025-07-06,Disponible
I-003496,SUC-31,PR-9198,12.0,5.0,2025-03-17,2025-06-26,Disponible
I-003497,SUC-45,PR-1698,7.0,15.0,2025-07-06,2025-07-13,Bajo stock
I-003498,SUC-20,PR-6585,22.0,6.0,2025-07-10,2025-07-25,Disponible
I-003499,SUC-48,PR-9454,41.0,9.0,2025-05-16,2025-08-24,Disponible
inv_003500,SUC-50,PR-456,27.0,37.0,2025-07-07,2025-08-11,Bajo stock
I-003501,SUC-25,PR-923,58.0,9.0,2025-05-25,2025-07-16,Disponible
I-003502,SUC-6,PR-5699,31.0,18.0,2025-04-27,2025-07-27,Disponible
I-003503,SUC-35,PR-7124,94.0,10.0,2025-07-19,2025-07-23,Disponible
I-003504,SUC-7,PR-9607,69.0,6.0,2025-06-22,2025-06-25,Disponible
inv_003505,SUC-22,PR-6368,56.0,6.0,2025-03-09,2025-08-21,Disponible
inv_003506,SUC-45,PR-4344,18.0,15.0,2025-05-29,2025-06-14,Disponible
I-003507,SUC-4,PR-7425,99.0,16.0,2025-07-13,2025-07-25,Disponible
I-003508,SUC-33,PR-2130,46.0,12.0,2025-04-14,2025-06-17,Disponible
I-003509,SUC-40,PR-5895,77.0,18.0,2025-03-05,2025-08-10,Disponible
inv_003510,SUC-5,PR-8870,-6.0,15.0,2025-04-02,2025-04-25,Bajo stock
I-003511,SUC-7,PR-2516,78.0,13.0,2025-03-09,2025-06-10,Disponible
I-003512,SUC-47,PR-9000,6.0,20.0,2025-06-17,2025-08-25,Bajo stock
I-003513,SUC-50,PR-5606,41.0,11.0,2025-07-25,2025-08-02,Disponible
I-003514,SUC-3,PR-9369,83.0,13.0,2025-03-25,2025-07-05,Disponible
I-003515,SUC-40,PR-9097,70.0,10.0,2025-06-23,2025-08-20,Disponible
I-003516,SUC-8,PR-4679,8.0,20.0,2025-07-19,2025-08-18,Bajo stock
I-003517,SUC-37,PR-1573,41.0,19.0,2025-05-02,2025-08-22,Disponible
I-003518,SUC-49,PR-2151,48.0,15.0,2025-06-22,2025-07-02,Disponible
I-003519,SUC-4,PR-6725,67.0,16.0,2025-04-29,2025-05-17,Disponible
I-003520,SUC-34,PR-3341,58.0,12.0,2025-03-21,2025-05-24,Disponible
inv_003521,SUC-4,PR-1265,61.0,18.0,2025-07-24,2025-08-26,Disponible
inv_003522,SUC-38,PR-4217,61.0,8.0,2025-05-26,2025-08-02,Disponible
inv_003523,SUC-27,PR-6281,85.0,20.0,2025-03-11,2025-04-04,Disponible
inv_003524,SUC-5,PR-8498,4.0,16.0,2025-06-15,2025-07-28,Bajo stock
inv_003525,SUC-49,PR-1570,81.0,,2025-06-17,2025-08-15,Disponible
I-003526,SUC-26,PR-3519,68.0,7.0,2025-06-11,2025-06-11,Disponible
I-003527,SUC-26,PR-773,9.0,7.0,2025-05-14,2025-06-02,Disponible
inv_003528,SUC-46,PR-3558,20.0,14.0,2025-04-15,2025-06-18,Disponible
inv_003529,SUC-36,PR-2966,51.0,12.0,2025-07-16,2025-08-14,Disponible
I-003530,SUC-31,PR-8921,22.0,18.0,2025-04-14,2025-07-13,Disponible
I-003531,SUC-50,PR-967,94.0,15.0,2025-04-27,2025-08-27,Disponible
inv_003532,SUC-42,PR-8694,92.0,18.0,2025-03-21,2025-04-09,Disponible
I-003533,SUC-16,PR-1492,70.0,12.0,2025-03-06,2025-03-31,Disponible
I-003534,SUC-2,PR-7398,34.0,10.0,2025-07-18,2025-08-23,Disponible
inv_003535,SUC-39,PR-9908,39.0,5.0,2025-04-08,,Disponible
I-003536,SUC-47,PR-1916,29.0,14.0,2025-07-26,2025-08-20,Disponible
I-003537,SUC-20,PR-1498,4.0,11.0,2025-05-21,2025-08-10,Bajo stock
inv_003538,SUC-13,PR-1615,93.0,5.0,2025-06-27,2025-07-29,Disponible
I-003539,SUC-25,PR-9470,22.0,20.0,2025-07-11,2025-08-07,Disponible
inv_003540,SUC-31,PR-1197,,15.0,2025-05-21,2025-08-17,Disponible
I-003541,SUC-11,PR-1669,77.0,11.0,2025-07-06,2025-08-25,Disponible
I-003542,SUC-41,PR-4555,26.0,19.0,2025-07-11,2025-08-13,Disponible
I-003543,SUC-14,PR-327,100.0,15.0,2025-05-19,2025-07-07,Disponible
I-003544,SUC-2,PR-394,80.0,8.0,2025-07-13,2025-08-14,Disponible
I-003545,SUC-2,PR-5887,76.0,10.0,2025-07-27,2025-08-07,Disponible
I-003546,SUC-8,PR-5715,26.0,19.0,2025-06-15,2025-07-31,Disponible
I-003547,SUC-15,PR-6080,38.0,15.0,2025-04-04,2025-06-17,Disponible
I-003548,SUC-27,PR-865,17.0,11.0,2025-04-23,2025-06-21,Disponible
inv_003549,SUC-34,PR-2699,45.0,17.0,2025-04-14,2025-08-16,Disponible
inv_003550,SUC-6,PR-4302,18.0,28.0,2025-05-23,2025-08-18,Bajo stock
inv_003551,SUC-8,PR-5442,50.0,11.0,2025-03-18,2025-07-27,Disponible
inv_003552,SUC-45,PR-6795,36.0,10.0,2025-06-28,2025-07-05,Disponible
I-003553,SUC-9,PR-3015,39.0,18.0,2025-06-10,2025-08-10,Disponible
I-003554,SUC-1,PR-2111,67.0,18.0,2025-05-14,2025-08-17,Disponible
I-003555,SUC-1,PR-6430,63.0,19.0,2025-05-08,2025-05-29,Disponible
I-003556,SUC-41,PR-7938,87.0,6.0,2025-06-02,2025-08-14,Disponible
I-003557,SUC-8,PR-4320,83.0,11.0,2025-03-20,2025-06-14,Disponible
I-003558,SUC-15,PR-8814,79.0,18.0,2025-07-29,2025-07-29,Disponible
inv_003559,SUC-49,PR-8751,41.0,9.0,2025-04-20,2025-04-24,Disponible
inv_003560,SUC-50,PR-5275,7.0,6.0,2025-03-26,2025-04-04,Agotado
I-003561,SUC-13,PR-4568,57.0,12.0,2025-04-20,2025-05-27,Disponible
I-003562,SUC-1,PR-8524,60.0,16.0,2025-04-27,2025-07-16,Disponible
I-003563,SUC-26,PR-9862,1.0,7.0,2025-03-02,2025-06-21,Bajo stock
inv_003564,SUC-16,PR-4173,15.0,11.0,2025-04-20,2025-08-04,Disponible
inv_003565,SUC-36,PR-9970,15.0,6.0,2025-07-20,2025-08-10,Disponible
I-003566,SUC-6,PR-8975,47.0,11.0,2025-05-05,2025-06-03,Disponible
inv_003567,SUC-2,PR-9808,34.0,15.0,2025-06-30,2025-07-19,Disponible
inv_003568,SUC-36,PR-1125,96.0,11.0,2025-03-15,2025-07-12,Disponible
I-003569,SUC-6,PR-6022,98.0,5.0,2025-04-10,2025-05-27,Disponible
I-003570,SUC-24,PR-4404,-9.0,10.0,2025-06-11,2026-01-01,Bajo stock
I-003571,SUC-41,PR-7461,17.0,7.0,2025-03-22,2025-08-27,Disponible
I-003572,SUC-22,PR-1585,47.0,5.0,2025-04-29,2025-08-13,Disponible
I-003573,SUC-37,PR-6871,20.0,16.0,2025-04-12,2025-07-22,Disponible
I-003574,SUC-41,PR-7826,92.0,6.0,2025-06-03,2025-06-19,Disponible
I-003575,SUC-36,PR-7132,38.0,48.0,2025-06-11,2025-07-30,Bajo stock
I-003576,SUC-28,PR-9170,49.0,10.0,2025-04-27,2025-08-04,Disponible
I-003577,SUC-27,PR-7924,40.0,12.0,2025-06-13,2025-08-24,Disponible
I-003578,SUC-30,PR-7294,40.0,8.0,2025-05-09,2025-07-11,Disponible
I-003579,SUC-17,PR-7696,69.0,13.0,2025-04-18,2025-05-27,Disponible
I-003580,SUC-41,PR-3514,44.0,19.0,2025-05-26,2025-05-26,Disponible
I-003581,SUC-35,PR-5929,48.0,11.0,2025-06-18,2025-07-16,Disponible
I-003582,SUC-29,PR-7075,4.0,7.0,2025-07-03,2025-08-24,Bajo stock
I-003583,SUC-27,PR-3697,7.0,12.0,2025-07-21,2025-08-18,Bajo stock
inv_003584,SUC-24,PR-1712,27.0,13.0,2025-06-29,2025-07-04,Disponible
I-003585,SUC-48,PR-4189,88.0,12.0,2025-03-11,2025-04-08,Disponible
I-003586,SUC-10,PR-594,1.0,5.0,2025-05-10,2025-08-17,Bajo stock
inv_003587,SUC-38,PR-3024,39.0,11.0,2025-03-12,2025-04-06,Disponible
I-003588,SUC-17,PR-3315,100.0,15.0,2025-04-10,2025-08-02,Disponible
I-003589,SUC-46,PR-6112,49.0,19.0,2025-05-30,2025-06-22,Disponible
I-003590,SUC-36,PR-3718,81.0,8.0,2025-05-21,2025-07-31,Disponible
inv_003591,SUC-27,PR-656,39.0,11.0,2025-03-10,2025-05-19,Disponible
I-003592,SUC-8,PR-96,66.0,15.0,2025-04-16,2025-08-27,Disponible
I-003593,SUC-9,PR-7215,56.0,10.0,2025-06-07,2025-07-15,Disponible
I-003594,SUC-25,PR-1616,100.0,18.0,2025-05-05,2025-06-03,Disponible
I-003595,SUC-43,PR-4124,50.0,13.0,2025-07-19,2025-08-13,Disponible
I-003596,SUC-42,PR-521,97.0,12.0,2025-03-20,2025-07-07,Disponible
I-003597,SUC-41,PR-6651,77.0,5.0,2025-03-31,2025-04-12,Disponible
I-003598,SUC-30,PR-8011,4.0,7.0,2025-07-17,2025-08-10,Bajo stock
inv_003599,SUC-28,PR-4161,19.0,16.0,2025-04-03,2025-08-12,Disponible
,SUC-31,PR-3073,,50.0,2025-04-27,2025-06-29,Disponible
inv_003601,SUC-7,PR-2681,72.0,12.0,2025-04-26,2025-05-07,Disponible
inv_003602,SUC-46,PR-3355,87.0,16.0,2025-03-06,2025-04-10,Disponible
inv_003603,SUC-10,PR-7934,42.0,7.0,2025-03-11,2025-03-21,Disponible
inv_003604,SUC-30,PR-2680,74.0,18.0,2025-07-05,2025-07-06,Disponible
inv_003605,SUC-30,PR-6951,63.0,18.0,2025-03-17,2026-01-01,Disponible
inv_003606,SUC-15,PR-3401,49.0,16.0,2025-05-15,2025-08-24,Disponible
inv_003607,SUC-49,PR-5468,82.0,13.0,2025-03-05,2025-03-11,Disponible
I-003608,SUC-36,PR-4310,78.0,6.0,2025-06-24,2025-08-01,Disponible
I-003609,SUC-28,PR-2304,86.0,18.0,2025-05-17,2025-07-11,Disponible
inv_003610,SUC-10,PR-4204,92.0,9.0,2025-05-08,2025-07-10,Disponible
I-003611,SUC-4,PR-273,77.0,9.0,2025-06-17,2025-06-18,Disponible
inv_003612,SUC-28,PR-7998,90.0,17.0,2025-03-30,2025-06-08,Disponible
I-003613,SUC-24,PR-8102,36.0,6.0,2025-07-25,2025-08-17,Disponible
I-003614,SUC-43,PR-5611,99.0,9.0,2025-03-29,2025-08-09,Disponible
inv_003615,SUC-17,PR-2085,79.0,20.0,2025-06-20,2025-08-09,Disponible
inv_003616,SUC-32,PR-2816,91.0,15.0,2025-04-08,2025-05-02,Disponible
I-003617,SUC-32,PR-2283,11.0,12.0,2025-07-12,2025-08-24,Bajo stock
I-003618,SUC-21,PR-6713,60.0,10.0,2025-04-07,2025-06-11,Disponible
I-003619,SUC-23,PR-7556,53.0,16.0,2025-06-18,2025-07-19,Disponible
I-003620,SUC-16,PR-8986,41.0,12.0,2025-07-11,2025-08-10,Disponible
I-003621,SUC-46,PR-2545,1.0,19.0,2025-07-24,2025-08-10,Bajo stock
I-003622,SUC-30,PR-7999,46.0,14.0,2025-03-12,2025-05-28,Disponible
I-003623,SUC-50,PR-9535,67.0,6.0,2025-03-27,2025-06-27,Disponible
I-003624,SUC-42,PR-2873,39.0,19.0,2025-06-17,2025-07-08,Disponible
inv_003625,SUC-7,PR-3226,76.0,15.0,2025-06-28,2025-07-25,Disponible
I-003626,SUC-44,PR-3134,7.0,14.0,2025-03-26,2025-08-15,Bajo stock
inv_003627,SUC-36,PR-7514,33.0,8.0,2025-07-29,2025-08-05,Disponible
I-003628,SUC-21,PR-8948,45.0,15.0,2025-05-20,2025-06-06,Disponible
inv_003629,SUC-27,PR-2643,12.0,13.0,2025-07-28,2025-08-07,Bajo stock
I-003630,SUC-22,PR-9249,59.0,5.0,2025-03-11,2025-04-24,Disponible
inv_003631,SUC-36,PR-7055,49.0,5.0,2025-07-29,2025-08-15,Disponible
I-003632,SUC-50,PR-4652,56.0,13.0,2025-03-19,2025-08-04,Disponible
I-003633,SUC-47,PR-6204,89.0,8.0,2025-03-15,2025-08-09,Disponible
inv_003634,SUC-35,PR-7936,46.0,11.0,2025-07-10,2025-08-13,Disponible
inv_003635,SUC-32,PR-8040,65.0,19.0,2025-03-16,2025-06-15,Disponible
I-003636,SUC-20,PR-8624,7.0,12.0,2025-07-17,2025-08-20,Bajo stock
I-003637,SUC-29,PR-4614,27.0,17.0,2025-07-16,2025-08-03,Disponible
I-003638,SUC-23,PR-4093,83.0,5.0,2025-07-01,2025-07-22,Disponible
I-003639,SUC-47,PR-2323,61.0,12.0,2025-03-15,2025-05-06,Disponible
inv_003640,SUC-27,PR-7923,13.0,13.0,2025-07-07,2026-01-01,Bajo stock
I-003641,SUC-20,PR-778,7.0,7.0,2025-05-13,2025-07-01,Bajo stock
I-003642,SUC-2,PR-3501,65.0,19.0,2025-04-29,2025-05-22,Disponible
inv_003643,SUC-39,PR-374,50.0,5.0,2025-07-22,2025-08-15,Disponible
I-003644,SUC-22,PR-7325,8.0,11.0,2025-03-11,2025-06-11,Bajo stock
inv_003645,SUC-24,PR-590,2.0,6.0,2025-07-05,2025-08-18,Bajo stock
inv_003646,SUC-1,PR-9141,41.0,10.0,2025-07-18,2025-08-06,Disponible
I-003647,SUC-24,PR-7054,12.0,15.0,2025-06-01,2025-07-03,Bajo stock
inv_003648,SUC-46,PR-3039,19.0,13.0,2025-04-07,2025-05-09,Disponible
I-003649,SUC-44,PR-9195,72.0,11.0,2025-07-24,2025-08-17,Disponible
,SUC-35,PR-1966,3.0,13.0,2025-05-28,2025-06-24,Bajo stock
I-003651,SUC-11,PR-1265,5.0,13.0,2025-03-14,2025-05-04,Bajo stock
inv_003652,SUC-28,PR-826,30.0,12.0,2025-04-08,2025-08-15,Disponible
I-003653,SUC-40,PR-3938,67.0,18.0,2025-06-24,2025-08-23,Disponible
inv_003654,SUC-48,PR-6370,34.0,17.0,2025-04-28,2025-07-26,Disponible
I-003655,SUC-14,PR-37,29.0,8.0,2025-03-15,2025-06-10,Disponible
inv_003656,SUC-29,PR-9810,93.0,8.0,2025-06-08,2025-07-13,Disponible
inv_003657,SUC-29,PR-6745,1.0,9.0,2025-05-03,2025-08-21,Bajo stock
inv_003658,SUC-36,PR-5501,80.0,20.0,2025-06-04,2025-06-23,Disponible
inv_003659,SUC-45,PR-588,22.0,20.0,2025-03-16,2025-05-04,Disponible
I-003660,SUC-2,PR-2262,,10.0,2025-07-20,2025-08-09,Agotado
inv_003661,SUC-18,PR-8551,49.0,12.0,2025-03-29,2025-06-12,Disponible
inv_003662,SUC-2,PR-2677,62.0,17.0,2025-03-19,2025-05-05,Disponible
I-003663,SUC-37,PR-5826,55.0,10.0,2025-03-08,2025-05-08,Disponible
I-003664,SUC-25,PR-4674,83.0,13.0,2025-07-08,2025-08-12,Disponible
I-003665,SUC-43,PR-6224,92.0,12.0,2025-07-01,2025-07-06,Disponible
I-003666,SUC-47,PR-9951,43.0,5.0,2025-07-06,2025-08-07,Disponible
I-003667,SUC-14,PR-9535,29.0,12.0,2025-04-18,2025-07-19,Disponible
inv_003668,SUC-43,PR-9199,30.0,15.0,2025-05-08,2025-05-20,Disponible
I-003669,SUC-21,PR-9889,30.0,12.0,2025-07-21,2025-07-31,Disponible
I-003670,SUC-14,PR-2295,57.0,19.0,2025-04-23,2025-07-23,Disponible
inv_003671,SUC-32,PR-3504,67.0,12.0,2025-05-29,2025-08-17,Disponible
I-003672,SUC-2,PR-2802,85.0,20.0,2025-05-13,2025-08-11,Disponible
I-003673,SUC-38,PR-1409,45.0,13.0,2025-04-07,2025-05-07,Disponible
I-003674,SUC-16,PR-7027,43.0,19.0,2025-04-03,2025-05-26,Disponible
I-003675,SUC-19,PR-3472,59.0,11.0,2025-04-19,2026-01-01,Disponible
inv_003676,SUC-42,PR-2592,20.0,18.0,2025-06-30,2025-07-01,Disponible
I-003677,SUC-44,PR-9547,24.0,19.0,2025-03-15,2025-04-13,Disponible
inv_003678,SUC-35,PR-1025,23.0,6.0,2025-05-12,2025-08-01,Disponible
inv_003679,SUC-45,PR-7595,28.0,8.0,2025-06-16,2025-08-24,Disponible
inv_003680,SUC-32,,16.0,18.0,2025-03-18,2025-07-02,Bajo stock
I-003681,SUC-14,PR-5359,66.0,11.0,2025-04-12,2025-04-20,Disponible
I-003682,SUC-36,PR-4387,39.0,14.0,2025-04-09,2025-07-14,Disponible
I-003683,SUC-49,PR-958,2.0,19.0,2025-05-19,2025-06-24,Bajo stock
inv_003684,SUC-42,PR-1643,4.0,8.0,2025-06-26,2025-08-25,Bajo stock
I-003685,SUC-42,PR-826,72.0,20.0,2025-03-28,2025-04-28,Disponible
I-003686,SUC-49,PR-4765,90.0,10.0,2025-06-15,2025-07-07,Disponible
I-003687,SUC-9,PR-4344,66.0,12.0,2025-05-05,2025-07-07,Disponible
inv_003688,SUC-29,PR-309,18.0,20.0,2025-07-09,2025-08-28,Bajo stock
I-003689,SUC-25,PR-8431,10.0,11.0,2025-05-09,2025-06-23,Bajo stock
inv_003690,SUC-28,PR-5707,26.0,12.0,2025-06-23,2025-07-05,Disponible
inv_003691,SUC-33,PR-7507,2.0,7.0,2025-05-13,2025-05-15,Bajo stock
I-003692,SUC-33,PR-8808,3.0,8.0,2025-03-29,2025-05-05,Bajo stock
I-003693,SUC-40,PR-5084,37.0,18.0,2025-04-15,2025-06-17,Disponible
I-003694,SUC-31,PR-585,86.0,17.0,2025-05-18,2025-07-25,Disponible
I-003695,SUC-34,PR-8465,11.0,20.0,2025-04-30,2025-06-19,Bajo stock
I-003696,SUC-23,PR-2080,68.0,7.0,2025-07-03,2025-07-05,Disponible
I-003697,SUC-36,PR-3697,22.0,11.0,2025-03-06,2025-03-31,Disponible
inv_003698,SUC-24,PR-3767,99.0,5.0,2025-06-30,2025-07-27,Disponible
inv_003699,SUC-43,PR-3956,83.0,7.0,2025-03-26,2025-04-09,Disponible
,SUC-8,PR-3245,58.0,8.0,2025-06-10,2025-06-11,Disponible
inv_003701,SUC-49,PR-3383,15.0,9.0,2025-03-03,2025-05-16,Disponible
I-003702,SUC-16,PR-1553,54.0,16.0,2025-03-19,2025-06-05,Disponible
I-003703,SUC-25,PR-1975,66.0,5.0,2025-04-01,2025-08-13,Disponible
I-003704,SUC-21,PR-4357,21.0,20.0,2025-04-21,2025-08-19,Disponible
I-003705,SUC-4,PR-2539,79.0,14.0,2025-05-08,2025-06-16,Disponible
inv_003706,SUC-21,PR-9748,92.0,18.0,2025-03-26,2025-05-12,Disponible
I-003707,SUC-39,PR-1056,96.0,7.0,2025-03-29,2025-05-29,Disponible
I-003708,SUC-14,PR-671,21.0,17.0,2025-06-24,2025-08-26,Disponible
I-003709,SUC-13,PR-5534,43.0,8.0,2025-05-25,2025-06-03,Disponible
inv_003710,SUC-36,PR-5507,63.0,14.0,2025-04-09,,Disponible
inv_003711,SUC-50,PR-4001,83.0,12.0,2025-04-29,2025-06-26,Disponible
inv_003712,SUC-15,PR-8472,40.0,11.0,2025-05-02,2025-07-30,Disponible
I-003713,SUC-26,PR-9075,56.0,14.0,2025-03-13,2025-04-12,Disponible
I-003714,SUC-8,PR-6489,77.0,7.0,2025-04-25,2025-07-18,Disponible
I-003715,SUC-7,PR-8170,56.0,5.0,2025-04-22,2025-07-23,Disponible
I-003716,SUC-26,PR-5964,68.0,11.0,2025-07-08,2025-08-21,Disponible
I-003717,SUC-14,PR-2072,26.0,17.0,2025-04-17,2025-05-18,Disponible
I-003718,SUC-39,PR-7134,64.0,14.0,2025-07-18,2025-08-14,Disponible
I-003719,SUC-27,PR-6989,33.0,6.0,2025-03-24,2025-07-16,Disponible
I-003720,SUC-11,PR-807,-18.0,19.0,2025-05-14,2025-05-20,Bajo stock
inv_003721,SUC-6,PR-9593,53.0,11.0,2025-04-12,2025-04-30,Disponible
I-003722,SUC-45,PR-2375,45.0,16.0,2025-07-06,2025-07-20,Disponible
inv_003723,SUC-9,PR-6796,8.0,12.0,2025-04-11,2025-06-19,Bajo stock
inv_003724,SUC-43,PR-2832,55.0,5.0,2025-05-13,2025-06-28,Disponible
I-003725,SUC-20,PR-4325,26.0,17.0,2025-04-07,2025-07-03,Disponible
inv_003726,SUC-34,PR-3791,60.0,13.0,2025-05-20,2025-07-28,Disponible
inv_003727,SUC-6,PR-5417,51.0,12.0,2025-05-08,2025-08-10,Disponible
I-003728,SUC-11,PR-5572,91.0,11.0,2025-07-11,2025-08-20,Disponible
I-003729,SUC-21,PR-2531,23.0,13.0,2025-05-23,2025-06-26,Disponible
I-003730,SUC-2,PR-3743,93.0,14.0,2025-03-21,2025-07-07,Disponible
I-003731,SUC-31,PR-7426,66.0,9.0,2025-04-29,2025-08-24,Disponible
inv_003732,SUC-5,PR-2721,43.0,14.0,2025-04-02,2025-04-14,Disponible
inv_003733,SUC-28,PR-7329,26.0,18.0,2025-04-09,2025-08-18,Disponible
inv_003734,SUC-5,PR-5005,48.0,6.0,2025-03-26,2025-07-09,Disponible
I-003735,SUC-44,PR-9630,8.0,15.0,2025-03-26,2025-05-21,Bajo stock
I-003736,SUC-25,PR-9731,93.0,8.0,2025-04-23,2025-08-28,Disponible
I-003737,SUC-6,PR-6315,92.0,18.0,2025-06-03,2025-07-17,Disponible
I-003738,SUC-33,PR-8222,78.0,10.0,2025-03-07,2025-07-11,Disponible
I-003739,SUC-38,PR-2147,86.0,15.0,2025-06-10,2025-06-15,Disponible
I-003740,SUC-40,PR-130,90.0,16.0,2025-04-05,2025-05-09,Disponible
inv_003741,SUC-28,PR-1267,74.0,16.0,2025-04-18,2025-07-12,Disponible
I-003742,SUC-4,PR-4612,27.0,6.0,2025-03-17,2025-06-19,Disponible
inv_003743,SUC-28,PR-7788,6.0,6.0,2025-05-04,2025-08-14,Bajo stock
inv_003744,SUC-20,PR-9882,95.0,15.0,2025-05-02,2025-07-21,Disponible
I-003745,SUC-24,PR-8124,72.0,20.0,2025-07-22,,Disponible
I-003746,SUC-37,PR-3024,84.0,9.0,2025-06-25,2025-07-23,Disponible
I-003747,SUC-18,PR-2007,34.0,18.0,2025-03-14,2025-03-25,Disponible
I-003748,SUC-16,PR-6905,2.0,11.0,2025-07-10,2025-08-14,Bajo stock
I-003749,SUC-8,PR-6329,93.0,12.0,2025-03-12,2025-05-15,Disponible
I-003750,SUC-42,PR-687,0.0,11.0,2025-04-12,2025-05-31,Agotado
inv_003751,SUC-49,PR-6341,53.0,13.0,2025-06-12,2025-07-21,Disponible
inv_003752,SUC-37,PR-7341,4.0,7.0,2025-04-26,2025-07-07,Bajo stock
I-003753,SUC-14,PR-9348,67.0,7.0,2025-05-31,2025-07-28,Disponible
I-003754,SUC-45,PR-7064,32.0,15.0,2025-05-01,2025-08-24,Disponible
inv_003755,SUC-24,PR-8663,4.0,7.0,2025-06-26,2025-08-21,Bajo stock
inv_003756,SUC-37,PR-593,4.0,12.0,2025-03-05,2025-04-20,Bajo stock
I-003757,SUC-9,PR-8752,44.0,16.0,2025-03-31,2025-05-03,Disponible
inv_003758,SUC-48,PR-4037,64.0,11.0,2025-06-03,2025-08-21,Disponible
I-003759,SUC-2,PR-9308,6.0,12.0,2025-06-05,2025-08-09,Bajo stock
I-003760,SUC-14,,15.0,7.0,2025-05-19,2025-07-17,Disponible
I-003761,SUC-33,PR-3130,32.0,10.0,2025-03-19,2025-07-29,Disponible
I-003762,SUC-41,PR-1553,93.0,16.0,2025-05-24,2025-08-21,Disponible
I-003763,SUC-48,PR-2781,28.0,13.0,2025-04-19,2025-05-15,Disponible
I-003764,SUC-45,PR-2044,85.0,17.0,2025-04-13,2025-04-18,Disponible
I-003765,SUC-40,PR-2147,14.0,16.0,2025-03-02,2025-03-08,Bajo stock
I-003766,SUC-16,PR-4626,26.0,15.0,2025-06-21,2025-08-05,Disponible
I-003767,SUC-47,PR-8439,80.0,14.0,2025-05-09,2025-06-11,Disponible
I-003768,SUC-13,PR-434,11.0,19.0,2025-07-25,2025-08-15,Bajo stock
I-003769,SUC-17,PR-4589,10.0,20.0,2025-03-30,2025-06-21,Bajo stock
I-003770,SUC-17,PR-3534,12.0,6.0,2025-05-10,2025-08-23,Disponible
inv_003771,SUC-15,PR-7663,12.0,20.0,2025-05-31,2025-08-19,Bajo stock
I-003772,SUC-18,PR-3488,58.0,18.0,2025-07-15,2025-08-20,Disponible
I-003773,SUC-16,PR-5659,31.0,14.0,2025-03-11,2025-07-07,Disponible
I-003774,SUC-49,PR-3238,44.0,6.0,2025-04-01,2025-05-25,Disponible
I-003775,SUC-19,PR-6750,72.0,20.0,2025-06-01,2025-07-04,Disponible
I-003776,SUC-33,PR-6896,22.0,12.0,2025-03-29,2025-04-29,Disponible
I-003777,SUC-49,PR-9291,38.0,7.0,2025-03-02,2025-08-15,Disponible
I-003778,SUC-18,PR-2297,69.0,18.0,2025-04-21,2025-07-13,Disponible
I-003779,SUC-15,PR-857,60.0,20.0,2025-03-29,2025-07-26,Disponible
I-003780,SUC-13,PR-764,,7.0,2025-06-08,2025-08-28,Desconocido
I-003781,SUC-13,PR-1756,45.0,16.0,2025-04-10,2025-06-16,Disponible
inv_003782,SUC-33,PR-9303,34.0,11.0,2025-03-21,2025-08-26,Disponible
I-003783,SUC-29,PR-7972,79.0,19.0,2025-07-03,2025-07-07,Disponible
I-003784,SUC-10,PR-8263,6.0,10.0,2025-07-26,2025-08-26,Bajo stock
I-003785,SUC-33,PR-5263,74.0,12.0,2025-07-12,2025-08-22,Disponible
inv_003786,SUC-16,PR-5258,20.0,18.0,2025-05-15,2025-07-15,Disponible
I-003787,SUC-19,PR-3678,32.0,5.0,2025-04-13,2025-04-30,Disponible
I-003788,SUC-46,PR-7991,3.0,11.0,2025-06-22,2025-08-22,Bajo stock
I-003789,SUC-25,PR-3395,73.0,12.0,2025-06-12,2025-07-14,Disponible
I-003790,SUC-37,PR-5653,1.0,5.0,2025-05-11,2025-08-22,Bajo stock
I-003791,SUC-12,PR-742,42.0,17.0,2025-04-22,2025-07-02,Disponible
I-003792,SUC-27,PR-9416,33.0,20.0,2025-04-06,2025-06-02,Disponible
I-003793,SUC-26,PR-7329,84.0,18.0,2025-07-11,2025-07-26,Disponible
I-003794,SUC-10,PR-3947,19.0,16.0,2025-03-18,2025-05-27,Disponible
I-003795,SUC-32,PR-4632,33.0,18.0,2025-04-07,2025-05-29,Disponible
I-003796,SUC-46,PR-7770,35.0,20.0,2025-03-26,2025-04-29,Disponible
I-003797,SUC-13,PR-4397,64.0,12.0,2025-05-06,2025-07-04,Disponible
inv_003798,SUC-36,PR-9997,100.0,11.0,2025-07-17,2025-08-25,Disponible
I-003799,SUC-12,PR-3967,35.0,6.0,2025-07-20,2025-08-05,Disponible
inv_003800,SUC-39,,50.0,60.0,2025-04-04,2025-06-07,Bajo stock
inv_003801,SUC-47,PR-2621,65.0,9.0,2025-06-10,2025-06-27,Disponible
I-003802,SUC-38,PR-6711,7.0,9.0,2025-07-18,2025-08-13,Bajo stock
inv_003803,SUC-26,PR-2121,95.0,15.0,2025-04-21,2025-08-19,Disponible
I-003804,SUC-17,PR-1327,13.0,15.0,2025-03-24,2025-04-05,Bajo stock
inv_003805,SUC-21,PR-3696,6.0,8.0,2025-04-01,2025-06-27,Bajo stock
I-003806,SUC-19,PR-9977,44.0,20.0,2025-06-29,2025-08-21,Disponible
I-003807,SUC-39,PR-7356,72.0,13.0,2025-04-30,2025-08-20,Disponible
I-003808,SUC-5,PR-6184,14.0,6.0,2025-06-28,2025-08-10,Disponible
I-003809,SUC-19,PR-4783,26.0,11.0,2025-04-24,2025-06-15,Disponible
I-003810,SUC-34,PR-2510,,13.0,2025-07-17,2025-07-31,Disponible
inv_003811,SUC-44,PR-1884,84.0,12.0,2025-07-22,2025-08-18,Disponible
I-003812,SUC-32,PR-5511,3.0,18.0,2025-03-18,2025-04-22,Bajo stock
I-003813,SUC-50,PR-7955,28.0,15.0,2025-05-14,2025-07-09,Disponible
I-003814,SUC-4,PR-6129,67.0,10.0,2025-06-29,2025-08-19,Disponible
I-003815,SUC-28,PR-4526,97.0,11.0,2025-05-08,,Disponible
inv_003816,SUC-32,PR-1250,33.0,7.0,2025-05-18,2025-08-28,Disponible
inv_003817,SUC-1,PR-8427,46.0,18.0,2025-03-28,2025-07-11,Disponible
I-003818,SUC-19,PR-467,12.0,19.0,2025-04-15,2025-04-23,Bajo stock
inv_003819,SUC-3,PR-8922,98.0,9.0,2025-05-10,2025-05-24,Disponible
I-003820,SUC-10,PR-4506,40.0,15.0,2025-03-29,2025-04-29,Disponible
I-003821,SUC-24,PR-2053,82.0,8.0,2025-03-08,2025-07-19,Disponible
I-003822,SUC-37,PR-449,69.0,17.0,2025-07-09,2025-07-11,Disponible
I-003823,SUC-13,PR-5066,94.0,8.0,2025-05-30,2025-07-26,Disponible
I-003824,SUC-29,PR-9649,99.0,11.0,2025-05-03,2025-07-27,Disponible
I-003825,SUC-40,PR-7175,25.0,17.0,2025-05-20,2025-08-24,Disponible
I-003826,SUC-9,PR-4552,6.0,9.0,2025-07-01,2025-08-15,Bajo stock
I-003827,SUC-42,PR-8550,46.0,16.0,2025-07-22,2025-08-10,Disponible
inv_003828,SUC-43,PR-436,93.0,6.0,2025-06-08,2025-07-16,Disponible
I-003829,SUC-50,PR-888,12.0,20.0,2025-06-08,2025-08-12,Bajo stock
inv_003830,SUC-26,PR-1611,67.0,7.0,2025-06-27,2025-07-02,Disponible
I-003831,SUC-6,PR-4629,61.0,9.0,2025-03-15,2025-08-09,Disponible
I-003832,SUC-12,PR-2800,79.0,7.0,2025-05-05,2025-08-08,Disponible
I-003833,SUC-41,PR-6798,68.0,16.0,2025-07-14,2025-07-21,Disponible
I-003834,SUC-15,PR-2650,75.0,5.0,2025-06-16,2025-06-17,Disponible
inv_003835,SUC-49,PR-4427,8.0,17.0,2025-04-08,2025-05-06,Bajo stock
I-003836,SUC-11,PR-243,10.0,11.0,2025-05-07,2025-06-13,Bajo stock
I-003837,SUC-42,PR-854,40.0,13.0,2025-07-25,2025-08-17,Disponible
inv_003838,SUC-29,PR-4631,43.0,8.0,2025-06-25,2025-07-11,Disponible
I-003839,SUC-7,PR-2494,25.0,6.0,2025-05-03,2025-06-08,Disponible
I-003840,SUC-8,PR-8377,,17.0,2025-05-20,2025-05-28,Bajo stock
inv_003841,SUC-1,PR-1327,88.0,5.0,2025-07-13,2025-08-27,Disponible
I-003842,SUC-43,PR-8401,57.0,11.0,2025-07-01,2025-08-04,Disponible
I-003843,SUC-39,PR-4730,46.0,15.0,2025-04-19,2025-07-10,Disponible
inv_003844,SUC-33,PR-4463,47.0,6.0,2025-03-07,2025-04-30,Disponible
inv_003845,SUC-48,PR-1389,43.0,19.0,2025-06-24,2025-08-21,Disponible
I-003846,SUC-39,PR-9596,19.0,18.0,2025-05-12,2025-08-10,Disponible
I-003847,SUC-18,PR-3587,79.0,13.0,2025-06-26,2025-07-06,Disponible
inv_003848,SUC-35,PR-4942,3.0,16.0,2025-07-10,2025-07-27,Bajo stock
inv_003849,SUC-2,PR-2481,69.0,7.0,2025-03-06,2025-03-13,Disponible
I-003850,SUC-22,PR-6263,74.0,16.0,2025-04-06,2026-01-01,Disponible
I-003851,SUC-44,PR-8545,8.0,6.0,2025-04-23,2025-08-28,Disponible
I-003852,SUC-45,PR-6411,97.0,19.0,2025-04-18,2025-08-17,Disponible
I-003853,SUC-35,PR-150,59.0,15.0,2025-06-12,2025-07-13,Disponible
I-003854,SUC-29,PR-7183,40.0,9.0,2025-03-14,2025-07-24,Disponible
I-003855,SUC-43,PR-9324,37.0,5.0,2025-04-11,2025-08-11,Disponible
inv_003856,SUC-43,PR-1280,70.0,12.0,2025-06-19,2025-07-22,Disponible
I-003857,SUC-9,PR-4123,56.0,13.0,2025-04-05,2025-05-13,Disponible
I-003858,SUC-4,PR-3656,17.0,8.0,2025-06-25,2025-07-18,Disponible
inv_003859,SUC-37,PR-2749,29.0,14.0,2025-03-02,2025-08-22,Disponible
inv_003860,SUC-26,PR-3445,95.0,11.0,2025-06-19,2025-07-04,Agotado
inv_003861,SUC-2,PR-3140,97.0,6.0,2025-07-24,2025-08-26,Disponible
I-003862,SUC-45,PR-1085,24.0,19.0,2025-04-27,2025-07-16,Disponible
inv_003863,SUC-30,PR-8887,83.0,6.0,2025-04-11,2025-08-02,Disponible
I-003864,SUC-29,PR-8560,37.0,10.0,2025-05-15,2025-06-05,Disponible
inv_003865,SUC-26,PR-4624,69.0,12.0,2025-05-13,2025-06-03,Disponible
inv_003866,SUC-46,PR-3465,27.0,17.0,2025-06-07,2025-08-23,Disponible
I-003867,SUC-28,PR-6238,90.0,20.0,2025-05-12,2025-08-11,Disponible
I-003868,SUC-6,PR-5011,18.0,15.0,2025-05-09,2025-07-16,Disponible
inv_003869,SUC-10,PR-1893,78.0,9.0,2025-03-07,2025-05-16,Disponible
inv_003870,SUC-29,PR-3886,,20.0,2025-06-24,2025-07-24,Disponible
I-003871,SUC-22,PR-344,43.0,10.0,2025-05-03,2025-06-12,Disponible
I-003872,SUC-28,PR-6627,86.0,15.0,2025-03-21,2025-08-09,Disponible
I-003873,SUC-5,PR-8213,67.0,16.0,2025-06-24,2025-08-01,Disponible
inv_003874,SUC-50,PR-9958,49.0,8.0,2025-07-09,2025-07-23,Disponible
I-003875,SUC-26,PR-6822,74.0,,2025-03-26,2025-05-08,Disponible
I-003876,SUC-37,PR-8954,61.0,7.0,2025-04-04,2025-06-20,Disponible
I-003877,SUC-6,PR-1213,59.0,13.0,2025-03-15,2025-06-19,Disponible
inv_003878,SUC-6,PR-1713,79.0,6.0,2025-05-26,2025-06-28,Disponible
inv_003879,SUC-34,PR-4672,100.0,18.0,2025-05-14,2025-07-17,Disponible
I-003880,SUC-32,,61.0,16.0,2025-06-01,2025-07-30,Disponible
I-003881,SUC-50,PR-8087,100.0,8.0,2025-07-01,2025-07-23,Disponible
inv_003882,SUC-28,PR-352,47.0,15.0,2025-05-28,2025-08-21,Disponible
I-003883,SUC-27,PR-6900,61.0,12.0,2025-05-26,2025-08-24,Disponible
I-003884,SUC-10,PR-4532,19.0,6.0,2025-07-11,2025-08-08,Disponible
inv_003885,SUC-34,PR-5526,31.0,18.0,2025-06-08,2025-08-24,Disponible
I-003886,SUC-38,PR-1006,35.0,5.0,2025-07-27,2025-08-22,Disponible
I-003887,SUC-45,PR-123,52.0,18.0,2025-04-08,2025-05-23,Disponible
I-003888,SUC-20,PR-548,6.0,7.0,2025-06-28,2025-07-23,Bajo stock
I-003889,SUC-41,PR-8924,53.0,7.0,2025-04-08,2025-06-06,Disponible
inv_003890,SUC-14,PR-3250,10.0,6.0,2025-05-08,2025-05-29,Disponible
I-003891,SUC-26,PR-782,96.0,18.0,2025-03-28,2025-04-30,Disponible
I-003892,SUC-44,PR-2339,83.0,15.0,2025-06-11,2025-06-15,Disponible
I-003893,SUC-19,PR-55,48.0,8.0,2025-04-02,2025-05-31,Disponible
I-003894,SUC-21,PR-1125,65.0,9.0,2025-04-21,2025-06-08,Disponible
I-003895,SUC-14,PR-887,77.0,16.0,2025-07-22,2025-08-11,Disponible
I-003896,SUC-32,PR-6838,36.0,7.0,2025-05-08,2025-06-13,Disponible
I-003897,SUC-33,PR-782,25.0,6.0,2025-05-16,2025-06-14,Disponible
inv_003898,SUC-29,PR-4782,5.0,12.0,2025-06-20,2025-07-18,Bajo stock
inv_003899,SUC-37,PR-5163,38.0,6.0,2025-03-10,2025-05-27,Disponible
inv_003900,SUC-9,PR-241,,50.0,2025-04-24,2025-07-15,Desconocido
I-003901,SUC-28,PR-3017,24.0,18.0,2025-04-07,2025-05-04,Disponible
I-003902,SUC-42,PR-1566,96.0,15.0,2025-05-17,2025-07-16,Disponible
inv_003903,SUC-8,PR-3103,31.0,13.0,2025-05-01,2025-07-08,Disponible
I-003904,SUC-12,PR-4108,94.0,5.0,2025-04-24,2025-06-09,Disponible
inv_003905,SUC-20,PR-2238,8.0,11.0,2025-03-09,2025-03-20,Bajo stock
I-003906,SUC-1,PR-9804,16.0,18.0,2025-06-02,2025-06-05,Bajo stock
I-003907,SUC-9,PR-1514,1.0,19.0,2025-06-03,2025-07-30,Bajo stock
I-003908,SUC-13,PR-4130,53.0,5.0,2025-04-04,2025-04-15,Disponible
inv_003909,SUC-11,PR-3273,99.0,15.0,2025-04-09,2025-06-03,Disponible
inv_003910,SUC-21,PR-9620,11.0,11.0,2025-05-04,2025-06-05,Bajo stock
I-003911,SUC-41,PR-5122,13.0,20.0,2025-04-30,2025-07-21,Bajo stock
inv_003912,SUC-26,PR-2744,65.0,14.0,2025-03-18,2025-07-25,Disponible
inv_003913,SUC-44,PR-14,18.0,16.0,2025-03-28,2025-04-16,Disponible
inv_003914,SUC-11,PR-9578,10.0,6.0,2025-07-15,2025-07-25,Disponible
I-003915,SUC-12,PR-2848,29.0,16.0,2025-06-21,2025-07-03,Disponible
I-003916,SUC-6,PR-268,53.0,9.0,2025-06-01,2025-08-11,Disponible
I-003917,SUC-8,PR-9845,31.0,6.0,2025-07-01,2025-07-27,Disponible
I-003918,SUC-3,PR-5959,93.0,16.0,2025-05-07,2025-05-22,Disponible
I-003919,SUC-31,PR-9618,14.0,13.0,2025-05-16,2025-07-01,Disponible
I-003920,SUC-20,PR-2999,59.0,9.0,2025-04-27,2025-05-29,Desconocido
I-003921,SUC-49,PR-776,40.0,9.0,2025-05-06,2025-06-10,Disponible
I-003922,SUC-9,PR-2891,29.0,18.0,2025-05-23,2025-07-02,Disponible
inv_003923,SUC-25,PR-3004,39.0,20.0,2025-03-28,2025-04-03,Disponible
I-003924,SUC-4,PR-655,41.0,14.0,2025-07-17,2025-08-01,Disponible
I-003925,SUC-9,PR-9768,87.0,97.0,2025-06-23,2025-08-12,Bajo stock
I-003926,SUC-49,PR-4791,85.0,11.0,2025-03-22,2025-08-22,Disponible
I-003927,SUC-3,PR-6802,10.0,10.0,2025-04-09,2025-08-07,Bajo stock
inv_003928,SUC-18,PR-8265,68.0,6.0,2025-04-12,2025-06-19,Disponible
inv_003929,SUC-7,PR-1316,35.0,18.0,2025-03-08,2025-07-27,Disponible
I-003930,SUC-24,PR-4376,-6.0,15.0,2025-06-03,2025-06-08,Bajo stock
I-003931,SUC-12,PR-6550,67.0,12.0,2025-03-09,2025-03-19,Disponible
I-003932,SUC-17,PR-8071,97.0,8.0,2025-03-08,2025-05-04,Disponible
I-003933,SUC-7,PR-3556,19.0,7.0,2025-03-30,2025-08-15,Disponible
inv_003934,SUC-40,PR-1978,26.0,7.0,2025-06-23,2025-08-10,Disponible
I-003935,SUC-15,PR-2372,71.0,16.0,2025-04-28,2025-06-21,Disponible
I-003936,SUC-29,PR-1729,94.0,8.0,2025-05-10,2025-07-04,Disponible
I-003937,SUC-27,PR-1035,91.0,20.0,2025-06-17,2025-08-25,Disponible
I-003938,SUC-16,PR-8000,15.0,5.0,2025-05-01,2025-06-28,Disponible
inv_003939,SUC-6,PR-1337,12.0,10.0,2025-06-12,2025-07-26,Disponible
inv_003940,SUC-7,PR-2599,72.0,13.0,2025-04-30,2025-04-30,Desconocido
inv_003941,SUC-45,PR-1381,18.0,7.0,2025-07-03,2025-07-25,Disponible
inv_003942,SUC-22,PR-7676,5.0,15.0,2025-06-21,2025-06-28,Bajo stock
inv_003943,SUC-35,PR-5052,7.0,7.0,2025-05-24,2025-05-31,Bajo stock
inv_003944,SUC-9,PR-7372,59.0,6.0,2025-04-30,2025-07-06,Disponible
inv_003945,SUC-50,PR-6548,28.0,15.0,2025-04-16,2025-08-08,Disponible
I-003946,SUC-49,PR-2675,13.0,8.0,2025-03-28,2025-07-25,Disponible
I-003947,SUC-19,PR-3836,4.0,16.0,2025-04-21,2025-06-06,Bajo stock
I-003948,SUC-19,PR-101,78.0,18.0,2025-07-23,2025-07-28,Disponible
I-003949,SUC-4,PR-1363,43.0,10.0,2025-06-28,2025-08-09,Disponible
inv_003950,SUC-27,PR-4927,100.0,110.0,2025-06-23,2025-08-03,Bajo stock
I-003951,SUC-3,PR-4241,96.0,13.0,2025-03-04,2025-05-23,Disponible
I-003952,SUC-46,PR-7009,0.0,12.0,2025-06-09,2025-07-19,Agotado
I-003953,SUC-42,PR-222,84.0,20.0,2025-07-22,2025-08-01,Disponible
inv_003954,SUC-8,PR-2206,45.0,13.0,2025-07-04,2025-08-12,Disponible
inv_003955,SUC-27,PR-8943,20.0,19.0,2025-06-22,2026-01-01,Disponible
I-003956,SUC-25,PR-6421,64.0,10.0,2025-05-14,2025-06-19,Disponible
inv_003957,SUC-21,PR-6257,95.0,10.0,2025-03-10,2025-06-06,Disponible
I-003958,SUC-50,PR-1050,99.0,20.0,2025-04-28,2025-06-26,Disponible
inv_003959,SUC-21,PR-4615,15.0,20.0,2025-07-14,2025-08-24,Bajo stock
I-003960,SUC-47,PR-4595,8.0,6.0,2025-04-20,2025-06-27,Bajo stock
I-003961,SUC-39,PR-7432,84.0,14.0,2025-06-24,2025-07-25,Disponible
I-003962,SUC-22,PR-4439,41.0,5.0,2025-07-27,2025-08-05,Disponible
I-003963,SUC-17,PR-2175,22.0,19.0,2025-04-18,2025-07-17,Disponible
I-003964,SUC-46,PR-8002,79.0,20.0,2025-06-16,2025-07-17,Disponible
inv_003965,SUC-49,PR-1266,2.0,10.0,2025-04-01,2025-04-19,Bajo stock
I-003966,SUC-47,PR-6819,85.0,9.0,2025-06-30,2025-07-19,Disponible
inv_003967,SUC-32,PR-8764,67.0,5.0,2025-07-10,2025-07-12,Disponible
I-003968,SUC-17,PR-40,35.0,14.0,2025-05-14,2025-06-22,Disponible
inv_003969,SUC-38,PR-5507,66.0,13.0,2025-04-11,2025-05-17,Disponible
I-003970,SUC-48,PR-3564,71.0,17.0,2025-05-20,2025-07-14,Disponible
I-003971,SUC-7,PR-8312,60.0,10.0,2025-03-11,2025-04-17,Disponible
I-003972,SUC-45,PR-5147,76.0,7.0,2025-05-17,2025-05-25,Disponible
inv_003973,SUC-1,PR-8081,90.0,9.0,2025-05-27,2025-07-05,Disponible
I-003974,SUC-34,PR-2302,1.0,19.0,2025-03-29,2025-06-08,Bajo stock
I-003975,SUC-40,PR-6903,42.0,52.0,2025-06-07,2025-06-15,Bajo stock
I-003976,SUC-13,PR-9901,74.0,15.0,2025-06-14,2025-07-12,Disponible
inv_003977,SUC-13,PR-4012,87.0,15.0,2025-07-29,2025-08-26,Disponible
I-003978,SUC-24,PR-8000,66.0,13.0,2025-06-09,2025-06-26,Disponible
inv_003979,SUC-22,PR-2098,94.0,14.0,2025-05-01,2025-07-23,Disponible
inv_003980,SUC-10,PR-9214,54.0,12.0,2025-04-11,2025-08-03,Agotado
inv_003981,SUC-40,PR-6975,35.0,15.0,2025-04-17,2025-04-17,Disponible
I-003982,SUC-32,PR-3210,20.0,18.0,2025-03-26,2025-08-05,Disponible
I-003983,SUC-11,PR-376,81.0,7.0,2025-06-02,2025-06-14,Disponible
inv_003984,SUC-13,PR-8030,86.0,5.0,2025-06-14,2025-07-29,Disponible
inv_003985,SUC-47,PR-7399,62.0,9.0,2025-03-20,2025-07-12,Disponible
inv_003986,SUC-12,PR-9488,80.0,9.0,2025-03-11,2025-03-28,Disponible
I-003987,SUC-24,PR-6302,78.0,7.0,2025-04-07,2025-07-23,Disponible
inv_003988,SUC-11,PR-2566,38.0,14.0,2025-07-13,2025-07-27,Disponible
inv_003989,SUC-33,PR-9911,87.0,7.0,2025-06-01,2025-08-25,Disponible
inv_003990,SUC-20,PR-8402,,14.0,2025-04-22,2026-01-01,Disponible
I-003991,SUC-37,PR-2117,78.0,16.0,2025-03-04,2025-05-27,Disponible
inv_003992,SUC-33,PR-442,52.0,13.0,2025-07-07,2025-07-30,Disponible
inv_003993,SUC-37,PR-9932,72.0,9.0,2025-06-05,2025-07-24,Disponible
I-003994,SUC-26,PR-343,29.0,9.0,2025-05-26,2025-08-25,Disponible
I-003995,SUC-24,PR-4962,13.0,7.0,2025-03-20,2025-06-28,Disponible
I-003996,SUC-9,PR-3088,69.0,8.0,2025-06-22,2025-08-17,Disponible
I-003997,SUC-19,PR-9910,46.0,14.0,2025-07-02,2025-07-12,Disponible
I-003998,SUC-8,PR-1515,64.0,11.0,2025-05-12,2025-08-17,Disponible
I-003999,SUC-5,PR-2033,84.0,19.0,2025-04-18,2025-07-18,Disponible
inv_004000,SUC-18,,97.0,,2025-07-15,2025-08-17,Bajo stock
I-004001,SUC-8,PR-686,83.0,13.0,2025-05-19,2025-05-22,Disponible
I-004002,SUC-12,PR-5561,75.0,11.0,2025-05-08,2025-08-11,Disponible
I-004003,SUC-24,PR-466,74.0,17.0,2025-06-21,2025-08-15,Disponible
inv_004004,SUC-43,PR-3538,35.0,7.0,2025-07-29,2025-08-10,Disponible
inv_004005,SUC-46,PR-8073,16.0,19.0,2025-05-22,2025-05-27,Bajo stock
I-004006,SUC-47,PR-4688,11.0,14.0,2025-06-20,2025-07-06,Bajo stock
I-004007,SUC-19,PR-7006,64.0,10.0,2025-05-23,2025-07-26,Disponible
inv_004008,SUC-44,PR-4450,50.0,15.0,2025-03-02,2025-04-14,Disponible
I-004009,SUC-2,PR-6393,73.0,15.0,2025-07-01,2025-07-01,Disponible
inv_004010,SUC-18,PR-509,14.0,6.0,2025-06-13,2025-08-18,Disponible
inv_004011,SUC-12,PR-7512,96.0,11.0,2025-07-09,2025-07-18,Disponible
I-004012,SUC-10,PR-4292,1.0,20.0,2025-05-29,2025-08-15,Bajo stock
I-004013,SUC-45,PR-8741,71.0,9.0,2025-06-15,2025-08-14,Disponible
inv_004014,SUC-42,PR-3361,93.0,18.0,2025-06-29,2025-07-31,Disponible
I-004015,SUC-24,PR-5697,78.0,19.0,2025-05-20,2025-07-09,Disponible
I-004016,SUC-3,PR-5486,35.0,11.0,2025-05-23,2025-08-28,Disponible
I-004017,SUC-25,PR-8540,54.0,17.0,2025-07-22,2025-08-25,Disponible
I-004018,SUC-30,PR-3892,26.0,12.0,2025-04-16,2025-07-04,Disponible
I-004019,SUC-33,PR-8422,20.0,12.0,2025-05-28,2025-07-30,Disponible
I-004020,SUC-6,PR-2165,67.0,7.0,2025-03-05,2025-08-27,Disponible
inv_004021,SUC-30,PR-5514,53.0,20.0,2025-07-25,2025-08-17,Disponible
I-004022,SUC-41,PR-9974,28.0,16.0,2025-03-09,2025-06-11,Disponible
inv_004023,SUC-19,PR-2405,30.0,7.0,2025-04-29,2025-07-14,Disponible
inv_004024,SUC-26,PR-5089,56.0,18.0,2025-03-26,2025-08-02,Disponible
I-004025,SUC-13,PR-6986,75.0,,2025-05-19,2025-06-07,Disponible
inv_004026,SUC-21,PR-7177,35.0,19.0,2025-03-08,2025-08-03,Disponible
inv_004027,SUC-24,PR-2821,94.0,18.0,2025-06-02,2025-08-24,Disponible
I-004028,SUC-5,PR-9750,13.0,20.0,2025-04-25,2025-07-26,Bajo stock
I-004029,SUC-35,PR-4482,17.0,9.0,2025-03-24,2025-05-17,Disponible
I-004030,SUC-9,PR-2082,74.0,18.0,2025-04-26,2025-05-28,Disponible
I-004031,SUC-40,PR-9403,44.0,18.0,2025-05-28,2025-07-11,Disponible
inv_004032,SUC-13,PR-1698,9.0,18.0,2025-06-05,2025-08-21,Bajo stock
I-004033,SUC-22,PR-1303,37.0,19.0,2025-05-16,2025-06-04,Disponible
I-004034,SUC-11,PR-9066,28.0,8.0,2025-06-19,2025-07-09,Disponible
I-004035,SUC-26,PR-4888,32.0,18.0,2025-06-09,2025-06-09,Disponible
I-004036,SUC-49,PR-3461,36.0,8.0,2025-04-19,2025-07-24,Disponible
I-004037,SUC-23,PR-710,27.0,7.0,2025-06-17,2025-08-04,Disponible
I-004038,SUC-50,PR-6056,28.0,13.0,2025-06-06,2025-06-29,Disponible
I-004039,SUC-28,PR-8111,24.0,17.0,2025-07-22,2025-08-19,Disponible
I-004040,SUC-29,,20.0,7.0,2025-06-05,2025-08-19,Desconocido
I-004041,SUC-36,PR-2462,66.0,15.0,2025-06-20,2025-08-14,Disponible
I-004042,SUC-43,PR-4775,88.0,15.0,2025-04-17,2025-07-09,Disponible
I-004043,SUC-41,PR-9996,64.0,12.0,2025-05-17,2025-07-05,Disponible
I-004044,SUC-13,PR-4538,71.0,11.0,2025-05-08,2025-07-04,Disponible
I-004045,SUC-38,PR-1656,57.0,6.0,2025-05-23,2025-06-13,Disponible
inv_004046,SUC-49,PR-5622,93.0,5.0,2025-05-23,2025-08-05,Disponible
I-004047,SUC-6,PR-7477,92.0,12.0,2025-03-23,2025-06-21,Disponible
inv_004048,SUC-16,PR-5388,36.0,20.0,2025-04-22,2025-08-18,Disponible
inv_004049,SUC-38,PR-5679,84.0,16.0,2025-03-29,2025-06-12,Disponible
,SUC-22,PR-8427,,,2025-04-24,2025-08-03,Disponible
I-004051,SUC-2,PR-7754,5.0,16.0,2025-03-14,2025-08-07,Bajo stock
inv_004052,SUC-48,PR-3432,99.0,8.0,2025-07-22,2025-07-26,Disponible
I-004053,SUC-10,PR-5287,24.0,15.0,2025-03-02,2025-06-28,Disponible
inv_004054,SUC-27,PR-1299,36.0,19.0,2025-03-18,2025-05-22,Disponible
inv_004055,SUC-45,PR-4525,10.0,17.0,2025-05-11,2025-07-31,Bajo stock
I-004056,SUC-4,PR-3385,29.0,5.0,2025-07-18,2025-07-26,Disponible
I-004057,SUC-30,PR-3928,4.0,17.0,2025-03-14,2025-03-15,Bajo stock
I-004058,SUC-34,PR-7619,5.0,8.0,2025-06-15,2025-08-24,Bajo stock
I-004059,SUC-46,PR-5883,32.0,16.0,2025-06-12,2025-06-20,Disponible
inv_004060,SUC-35,PR-7591,8.0,9.0,2025-07-10,2026-01-01,Bajo stock
inv_004061,SUC-22,PR-6776,5.0,8.0,2025-07-15,2025-08-13,Bajo stock
I-004062,SUC-35,PR-911,77.0,20.0,2025-04-04,2025-04-13,Disponible
I-004063,SUC-41,PR-4772,73.0,20.0,2025-03-10,2025-08-07,Disponible
inv_004064,SUC-32,PR-8804,64.0,5.0,2025-07-08,2025-07-10,Disponible
inv_004065,SUC-37,PR-7037,81.0,8.0,2025-04-10,2025-08-20,Disponible
I-004066,SUC-15,PR-2036,1.0,6.0,2025-07-08,2025-08-23,Bajo stock
inv_004067,SUC-9,PR-8576,0.0,20.0,2025-04-30,2025-05-05,Agotado
I-004068,SUC-33,PR-1693,66.0,7.0,2025-05-14,2025-05-21,Disponible
I-004069,SUC-50,PR-8097,27.0,10.0,2025-03-09,2025-08-28,Disponible
I-004070,SUC-38,PR-3931,93.0,17.0,2025-05-21,2025-08-14,Disponible
I-004071,SUC-35,PR-5043,52.0,15.0,2025-03-14,2025-08-21,Disponible
I-004072,SUC-22,PR-4149,84.0,15.0,2025-03-21,2025-07-25,Disponible
I-004073,SUC-50,PR-903,71.0,11.0,2025-03-16,2025-05-24,Disponible
I-004074,SUC-17,PR-9375,27.0,14.0,2025-06-05,2025-06-27,Disponible
I-004075,SUC-13,PR-325,73.0,8.0,2025-03-11,2025-04-23,Disponible
I-004076,SUC-8,PR-1991,42.0,5.0,2025-05-07,2025-05-16,Disponible
inv_004077,SUC-34,PR-1457,76.0,8.0,2025-03-06,2025-05-11,Disponible
I-004078,SUC-21,PR-2955,67.0,12.0,2025-06-10,2025-06-29,Disponible
I-004079,SUC-5,PR-5553,95.0,14.0,2025-05-21,2025-07-13,Disponible
I-004080,SUC-7,,-17.0,9.0,2025-07-24,2025-08-28,Bajo stock
I-004081,SUC-3,PR-7312,6.0,5.0,2025-06-05,2025-06-15,Disponible
I-004082,SUC-37,PR-4722,47.0,11.0,2025-06-24,2025-08-06,Disponible
I-004083,SUC-39,PR-7046,66.0,8.0,2025-03-05,2025-08-17,Disponible
I-004084,SUC-14,PR-554,77.0,18.0,2025-04-04,2025-06-19,Disponible
inv_004085,SUC-20,PR-3552,24.0,19.0,2025-05-15,2025-07-10,Disponible
I-004086,SUC-36,PR-2748,70.0,7.0,2025-07-23,2025-08-10,Disponible
I-004087,SUC-5,PR-7302,72.0,13.0,2025-05-31,2025-06-27,Disponible
I-004088,SUC-48,PR-6049,70.0,10.0,2025-07-04,2025-08-15,Disponible
I-004089,SUC-49,PR-6927,65.0,13.0,2025-07-20,2025-08-16,Disponible
I-004090,SUC-22,PR-5475,21.0,14.0,2025-05-28,2025-07-15,Disponible
I-004091,SUC-2,PR-4106,14.0,17.0,2025-03-06,2025-03-21,Bajo stock
inv_004092,SUC-9,PR-4537,89.0,13.0,2025-04-12,2025-07-29,Disponible
I-004093,SUC-38,PR-8080,38.0,13.0,2025-05-23,2025-06-24,Disponible
I-004094,SUC-45,PR-9228,88.0,5.0,2025-07-28,2025-07-31,Disponible
I-004095,SUC-31,PR-7145,30.0,18.0,2025-07-03,2026-01-01,Disponible
inv_004096,SUC-8,PR-2242,17.0,13.0,2025-05-26,2025-06-04,Disponible
inv_004097,SUC-5,PR-2606,100.0,13.0,2025-07-28,2025-08-26,Disponible
I-004098,SUC-15,PR-4878,76.0,12.0,2025-04-22,2025-08-14,Disponible
I-004099,SUC-31,PR-2108,1.0,13.0,2025-05-11,2025-07-18,Bajo stock
inv_004100,SUC-25,PR-3329,11.0,,2025-03-15,2025-07-23,Disponible
I-004101,SUC-8,PR-8565,24.0,15.0,2025-03-22,2025-06-12,Disponible
I-004102,SUC-12,PR-3272,39.0,17.0,2025-05-31,2025-07-02,Disponible
I-004103,SUC-22,PR-5065,59.0,15.0,2025-04-13,2025-04-19,Disponible
I-004104,SUC-49,PR-969,3.0,20.0,2025-04-08,2025-05-28,Bajo stock
I-004105,SUC-24,PR-5926,69.0,20.0,2025-07-21,2025-08-07,Disponible
I-004106,SUC-39,PR-5692,92.0,10.0,2025-04-19,2025-06-05,Disponible
inv_004107,SUC-8,PR-2239,29.0,10.0,2025-06-15,2025-08-23,Disponible
I-004108,SUC-50,PR-3049,53.0,13.0,2025-04-18,2025-05-15,Disponible
I-004109,SUC-39,PR-8381,86.0,18.0,2025-07-17,2025-08-14,Disponible
inv_004110,SUC-1,PR-7843,-14.0,8.0,2025-07-11,2025-07-29,Bajo stock
inv_004111,SUC-39,PR-351,76.0,13.0,2025-06-28,2025-07-07,Disponible
I-004112,SUC-15,PR-8808,61.0,15.0,2025-06-29,2025-07-05,Disponible
inv_004113,SUC-15,PR-5296,62.0,5.0,2025-06-02,2025-07-18,Disponible
inv_004114,SUC-24,PR-1814,74.0,18.0,2025-04-03,2025-08-07,Disponible
I-004115,SUC-1,PR-4917,10.0,14.0,2025-06-26,2025-07-03,Bajo stock
I-004116,SUC-38,PR-2862,24.0,14.0,2025-05-31,2025-07-06,Disponible
I-004117,SUC-13,PR-4849,50.0,15.0,2025-04-20,2025-05-09,Disponible
I-004118,SUC-28,PR-4066,34.0,12.0,2025-03-08,2025-05-08,Disponible
inv_004119,SUC-25,PR-5596,80.0,20.0,2025-04-18,2025-06-12,Disponible
inv_004120,SUC-42,,93.0,8.0,2025-04-13,2025-05-20,Desconocido
I-004121,SUC-8,PR-5701,89.0,10.0,2025-03-06,2025-03-12,Disponible
I-004122,SUC-6,PR-884,94.0,5.0,2025-03-17,2025-06-19,Disponible
I-004123,SUC-43,PR-1940,82.0,19.0,2025-05-24,2025-06-09,Disponible
inv_004124,SUC-26,PR-7473,98.0,12.0,2025-03-31,2025-04-27,Disponible
I-004125,SUC-9,PR-4325,63.0,73.0,2025-06-24,2025-08-04,Bajo stock
inv_004126,SUC-34,PR-975,73.0,19.0,2025-05-26,2025-06-12,Disponible
I-004127,SUC-1,PR-6174,54.0,14.0,2025-05-23,2025-07-01,Disponible
inv_004128,SUC-41,PR-4389,7.0,7.0,2025-07-16,2025-08-06,Bajo stock
inv_004129,SUC-33,PR-5061,37.0,16.0,2025-05-01,2025-06-18,Disponible
I-004130,SUC-30,PR-7910,54.0,14.0,2025-06-17,2026-01-01,Disponible
I-004131,SUC-29,PR-9261,9.0,17.0,2025-03-09,2025-08-10,Bajo stock
I-004132,SUC-12,PR-53,94.0,6.0,2025-07-28,2025-08-04,Disponible
inv_004133,SUC-42,PR-5726,3.0,10.0,2025-06-15,2025-06-20,Bajo stock
I-004134,SUC-6,PR-5047,68.0,18.0,2025-07-26,2025-08-25,Disponible
I-004135,SUC-2,PR-6693,56.0,6.0,2025-03-09,2025-04-25,Disponible
I-004136,SUC-38,PR-4773,91.0,17.0,2025-03-03,2025-06-26,Disponible
I-004137,SUC-14,PR-1896,43.0,17.0,2025-05-17,2025-07-24,Disponible
inv_004138,SUC-19,PR-8945,69.0,9.0,2025-06-04,2025-08-22,Disponible
I-004139,SUC-6,PR-1333,57.0,19.0,2025-06-15,2025-06-29,Disponible
I-004140,SUC-30,PR-5146,,20.0,2025-07-08,2025-07-31,Desconocido
I-004141,SUC-32,PR-9311,30.0,7.0,2025-07-02,2025-08-18,Disponible
inv_004142,SUC-39,PR-4517,44.0,8.0,2025-05-01,2025-08-27,Disponible
inv_004143,SUC-32,PR-2289,54.0,19.0,2025-07-01,2025-07-09,Disponible
I-004144,SUC-23,PR-3753,31.0,8.0,2025-06-13,2025-07-08,Disponible
I-004145,SUC-29,PR-1066,25.0,12.0,2025-07-03,2025-08-15,Disponible
inv_004146,SUC-15,PR-3864,28.0,14.0,2025-03-05,2025-08-15,Disponible
inv_004147,SUC-23,PR-7413,81.0,16.0,2025-07-14,2025-08-05,Disponible
I-004148,SUC-10,PR-9502,77.0,5.0,2025-07-08,2025-07-13,Disponible
I-004149,SUC-34,PR-9517,91.0,10.0,2025-05-13,2025-05-27,Disponible
,SUC-28,PR-5269,47.0,17.0,2025-03-15,2025-08-12,Disponible
I-004151,SUC-27,PR-8452,31.0,5.0,2025-03-18,2025-05-18,Disponible
inv_004152,SUC-27,PR-4816,66.0,18.0,2025-07-10,2025-08-15,Disponible
I-004153,SUC-33,PR-9904,78.0,9.0,2025-03-24,2025-04-06,Disponible
I-004154,SUC-6,PR-5629,39.0,11.0,2025-06-02,2025-06-14,Disponible
I-004155,SUC-49,PR-2871,99.0,9.0,2025-06-21,2025-06-22,Disponible
I-004156,SUC-10,PR-6447,33.0,18.0,2025-04-08,2025-06-20,Disponible
inv_004157,SUC-32,PR-3403,43.0,5.0,2025-03-18,2025-03-27,Disponible
I-004158,SUC-50,PR-4234,87.0,14.0,2025-05-23,2025-05-29,Disponible
I-004159,SUC-40,PR-1788,96.0,9.0,2025-05-21,2025-06-06,Disponible
inv_004160,SUC-36,,26.0,7.0,2025-05-07,2025-06-10,Desconocido
I-004161,SUC-43,PR-5314,31.0,18.0,2025-03-09,2025-05-04,Disponible
inv_004162,SUC-32,PR-2727,93.0,10.0,2025-04-13,2025-06-20,Disponible
inv_004163,SUC-44,PR-4905,79.0,10.0,2025-04-14,2025-07-24,Disponible
inv_004164,SUC-29,PR-7926,59.0,10.0,2025-03-04,2025-08-06,Disponible
I-004165,SUC-35,PR-6971,57.0,10.0,2025-04-23,2025-07-13,Disponible
I-004166,SUC-33,PR-3179,47.0,9.0,2025-05-27,2025-08-10,Disponible
inv_004167,SUC-47,PR-9575,19.0,20.0,2025-03-07,2025-08-26,Bajo stock
I-004168,SUC-21,PR-4025,0.0,20.0,2025-05-26,2025-08-03,Agotado
I-004169,SUC-26,PR-1953,45.0,9.0,2025-04-03,2025-08-23,Disponible
I-004170,SUC-21,PR-2930,,7.0,2025-03-28,2025-04-06,Disponible
I-004171,SUC-40,PR-7091,1.0,14.0,2025-03-07,2025-05-31,Bajo stock
I-004172,SUC-28,PR-6962,82.0,14.0,2025-04-27,2025-07-22,Disponible
I-004173,SUC-18,PR-3104,63.0,15.0,2025-03-07,2025-04-24,Disponible
I-004174,SUC-23,PR-5708,1.0,16.0,2025-04-23,2025-06-17,Bajo stock
inv_004175,SUC-9,PR-6768,85.0,,2025-05-27,2025-07-11,Disponible
I-004176,SUC-50,PR-1915,86.0,18.0,2025-04-02,2025-05-01,Disponible
inv_004177,SUC-4,PR-4433,86.0,13.0,2025-03-28,2025-03-28,Disponible
I-004178,SUC-29,PR-8160,73.0,9.0,2025-05-01,2025-07-06,Disponible
inv_004179,SUC-10,PR-5236,13.0,6.0,2025-07-19,2025-08-11,Disponible
I-004180,SUC-14,PR-3834,27.0,10.0,2025-05-10,2025-08-28,Desconocido
I-004181,SUC-40,PR-5980,71.0,18.0,2025-07-05,2025-08-22,Disponible
I-004182,SUC-38,PR-7225,26.0,17.0,2025-03-05,2025-06-28,Disponible
inv_004183,SUC-6,PR-7768,14.0,16.0,2025-03-04,2025-06-22,Bajo stock
I-004184,SUC-34,PR-5353,43.0,14.0,2025-07-05,2025-07-31,Disponible
I-004185,SUC-3,PR-7738,92.0,20.0,2025-07-22,2025-08-27,Disponible
I-004186,SUC-22,PR-7032,94.0,14.0,2025-04-14,2025-04-15,Disponible
I-004187,SUC-33,PR-3008,67.0,18.0,2025-03-21,2025-06-22,Disponible
I-004188,SUC-29,PR-1488,33.0,19.0,2025-05-06,2025-08-07,Disponible
I-004189,SUC-21,PR-1300,33.0,6.0,2025-04-09,2025-05-03,Disponible
I-004190,SUC-27,PR-4131,47.0,15.0,2025-06-10,2025-06-10,Disponible
inv_004191,SUC-47,PR-2572,82.0,5.0,2025-04-16,2025-05-17,Disponible
I-004192,SUC-39,PR-9761,45.0,16.0,2025-07-10,2025-08-23,Disponible
inv_004193,SUC-47,PR-2969,43.0,12.0,2025-06-11,2025-06-13,Disponible
inv_004194,SUC-32,PR-7175,19.0,11.0,2025-06-05,2025-08-03,Disponible
inv_004195,SUC-44,PR-6341,53.0,15.0,2025-06-05,2025-07-03,Disponible
I-004196,SUC-35,PR-7870,67.0,16.0,2025-05-05,2025-07-20,Disponible
inv_004197,SUC-22,PR-4171,90.0,19.0,2025-04-16,2025-05-06,Disponible
I-004198,SUC-22,PR-3048,97.0,14.0,2025-07-13,2025-08-11,Disponible
I-004199,SUC-21,PR-4834,2.0,12.0,2025-06-12,2025-08-04,Bajo stock
I-004200,SUC-3,,-4.0,6.0,2025-07-13,2025-08-03,Bajo stock
I-004201,SUC-7,PR-5896,4.0,17.0,2025-03-17,2025-06-19,Bajo stock
inv_004202,SUC-29,PR-1634,85.0,14.0,2025-05-14,2025-05-20,Disponible
I-004203,SUC-28,PR-5630,64.0,6.0,2025-05-08,2025-06-18,Disponible
inv_004204,SUC-28,PR-756,43.0,9.0,2025-05-15,2025-08-12,Disponible
I-004205,SUC-23,PR-7590,8.0,8.0,2025-03-09,2025-06-24,Bajo stock
inv_004206,SUC-8,PR-6345,95.0,6.0,2025-06-06,2025-06-28,Disponible
inv_004207,SUC-30,PR-8684,15.0,12.0,2025-04-28,2025-06-25,Disponible
I-004208,SUC-50,PR-8457,42.0,18.0,2025-07-25,2025-08-10,Disponible
inv_004209,SUC-31,PR-8983,20.0,20.0,2025-03-20,2025-06-20,Bajo stock
I-004210,SUC-32,PR-9500,54.0,5.0,2025-05-31,2025-08-08,Disponible
I-004211,SUC-26,PR-7455,63.0,11.0,2025-04-28,2025-05-27,Disponible
I-004212,SUC-33,PR-2623,60.0,17.0,2025-05-24,2025-07-22,Disponible
inv_004213,SUC-7,PR-3380,15.0,18.0,2025-06-30,2025-08-08,Bajo stock
I-004214,SUC-21,PR-8273,5.0,12.0,2025-06-13,2025-07-19,Bajo stock
inv_004215,SUC-1,PR-9305,41.0,12.0,2025-04-18,2025-08-12,Disponible
inv_004216,SUC-50,PR-3240,85.0,11.0,2025-06-30,2025-08-19,Disponible
I-004217,SUC-40,PR-7614,96.0,20.0,2025-07-24,2025-08-03,Disponible
I-004218,SUC-22,PR-6823,47.0,7.0,2025-07-11,2025-08-18,Disponible
inv_004219,SUC-20,PR-2668,84.0,11.0,2025-06-18,2025-06-28,Disponible
I-004220,SUC-1,PR-489,15.0,15.0,2025-04-02,2025-04-05,Bajo stock
inv_004221,SUC-43,PR-3873,43.0,11.0,2025-04-10,2025-08-25,Disponible
I-004222,SUC-47,PR-1142,42.0,18.0,2025-03-16,2025-08-06,Disponible
I-004223,SUC-48,PR-8271,54.0,17.0,2025-07-28,2025-08-19,Disponible
I-004224,SUC-38,PR-6327,56.0,6.0,2025-07-22,2025-08-18,Disponible
I-004225,SUC-39,PR-577,16.0,,2025-04-09,2025-05-10,Disponible
inv_004226,SUC-9,PR-9250,97.0,6.0,2025-04-27,2025-08-05,Disponible
I-004227,SUC-46,PR-5152,41.0,6.0,2025-05-31,2025-07-30,Disponible
I-004228,SUC-19,PR-6645,28.0,14.0,2025-04-23,2025-05-24,Disponible
inv_004229,SUC-45,PR-1841,55.0,9.0,2025-04-17,2025-06-06,Disponible
I-004230,SUC-38,PR-4537,43.0,6.0,2025-06-06,2025-08-26,Disponible
I-004231,SUC-30,PR-9522,57.0,17.0,2025-03-19,2025-05-24,Disponible
I-004232,SUC-25,PR-1286,29.0,19.0,2025-03-26,2025-04-03,Disponible
I-004233,SUC-26,PR-8360,35.0,8.0,2025-07-03,2025-08-11,Disponible
I-004234,SUC-40,PR-2677,22.0,8.0,2025-05-29,2025-06-21,Disponible
inv_004235,SUC-48,PR-217,54.0,9.0,2025-03-18,2026-01-01,Disponible
I-004236,SUC-22,PR-2464,16.0,14.0,2025-03-22,2025-06-29,Disponible
I-004237,SUC-31,PR-1171,18.0,12.0,2025-04-16,2025-05-16,Disponible
I-004238,SUC-34,PR-7824,100.0,12.0,2025-03-07,2025-07-08,Disponible
I-004239,SUC-30,PR-9578,51.0,5.0,2025-06-25,2025-08-05,Disponible
I-004240,SUC-50,,14.0,15.0,2025-07-15,2025-08-27,Bajo stock
I-004241,SUC-38,PR-9450,44.0,10.0,2025-04-27,2025-08-19,Disponible
I-004242,SUC-16,PR-1406,2.0,5.0,2025-06-04,2025-06-27,Bajo stock
I-004243,SUC-34,PR-4345,64.0,10.0,2025-03-22,2025-04-13,Disponible
inv_004244,SUC-17,PR-4281,81.0,20.0,2025-05-12,2025-06-05,Disponible
inv_004245,SUC-19,PR-6773,89.0,11.0,2025-07-02,2025-08-22,Disponible
I-004246,SUC-4,PR-1375,100.0,15.0,2025-05-07,2025-07-11,Disponible
inv_004247,SUC-36,PR-641,86.0,7.0,2025-06-16,2025-08-09,Disponible
I-004248,SUC-38,PR-2755,29.0,6.0,2025-05-15,2025-07-24,Disponible
I-004249,SUC-11,PR-723,12.0,7.0,2025-05-31,2025-06-02,Disponible
I-004250,SUC-31,PR-9001,9.0,19.0,2025-05-02,2025-05-11,Bajo stock
inv_004251,SUC-18,PR-170,100.0,18.0,2025-07-26,2025-07-26,Disponible
I-004252,SUC-4,PR-7540,33.0,6.0,2025-04-23,2025-06-22,Disponible
inv_004253,SUC-38,PR-5936,40.0,16.0,2025-05-07,2025-05-15,Disponible
I-004254,SUC-10,PR-3439,96.0,9.0,2025-04-13,2025-08-21,Disponible
inv_004255,SUC-10,PR-3194,32.0,6.0,2025-03-23,2025-06-16,Disponible
I-004256,SUC-1,PR-7625,79.0,9.0,2025-07-13,2025-07-25,Disponible
I-004257,SUC-33,PR-8339,15.0,9.0,2025-03-28,2025-04-14,Disponible
I-004258,SUC-34,PR-781,76.0,10.0,2025-03-13,2025-05-06,Disponible
inv_004259,SUC-3,PR-4203,13.0,17.0,2025-03-29,2025-08-28,Bajo stock
inv_004260,SUC-5,PR-8399,-15.0,17.0,2025-06-12,2025-07-02,Bajo stock
I-004261,SUC-9,PR-9192,31.0,16.0,2025-07-01,2025-08-06,Disponible
I-004262,SUC-20,PR-4227,53.0,20.0,2025-05-10,2025-08-09,Disponible
I-004263,SUC-26,PR-3903,42.0,6.0,2025-04-14,2025-07-17,Disponible
I-004264,SUC-11,PR-2415,95.0,5.0,2025-06-28,2025-07-15,Disponible
inv_004265,SUC-19,PR-7500,47.0,16.0,2025-03-12,2025-04-30,Disponible
I-004266,SUC-2,PR-2516,61.0,19.0,2025-05-27,2025-08-24,Disponible
inv_004267,SUC-29,PR-4098,95.0,8.0,2025-06-11,2025-06-11,Disponible
I-004268,SUC-24,PR-4160,55.0,10.0,2025-04-04,2025-05-15,Disponible
I-004269,SUC-34,PR-4823,75.0,16.0,2025-03-04,2025-07-29,Disponible
I-004270,SUC-37,PR-1184,75.0,12.0,2025-03-12,,Disponible
I-004271,SUC-23,PR-4615,50.0,16.0,2025-03-18,2025-07-16,Disponible
I-004272,SUC-35,PR-35,18.0,20.0,2025-06-08,2025-07-19,Bajo stock
I-004273,SUC-30,PR-8020,24.0,6.0,2025-07-08,2025-08-11,Disponible
I-004274,SUC-44,PR-4364,62.0,14.0,2025-03-25,2025-07-30,Disponible
I-004275,SUC-45,PR-9805,32.0,42.0,2025-03-19,2025-03-21,Bajo stock
I-004276,SUC-16,PR-1842,87.0,5.0,2025-07-20,2025-08-09,Disponible
I-004277,SUC-8,PR-2440,63.0,20.0,2025-05-22,2025-07-14,Disponible
I-004278,SUC-18,PR-9679,76.0,8.0,2025-03-13,2025-06-14,Disponible
inv_004279,SUC-22,PR-2554,21.0,7.0,2025-03-09,2025-05-10,Disponible
I-004280,SUC-28,PR-1077,30.0,14.0,2025-07-02,2025-08-22,Disponible
inv_004281,SUC-29,PR-203,1.0,20.0,2025-05-23,2025-08-24,Bajo stock
I-004282,SUC-13,PR-7702,37.0,12.0,2025-03-22,2025-07-28,Disponible
I-004283,SUC-50,PR-1577,87.0,17.0,2025-07-07,2025-08-04,Disponible
inv_004284,SUC-44,PR-4293,43.0,18.0,2025-03-26,2025-04-15,Disponible
I-004285,SUC-5,PR-5387,27.0,11.0,2025-07-21,2025-08-07,Disponible
I-004286,SUC-9,PR-1620,55.0,19.0,2025-06-14,2025-08-26,Disponible
I-004287,SUC-14,PR-3805,21.0,5.0,2025-03-09,2025-04-28,Disponible
inv_004288,SUC-20,PR-8441,20.0,9.0,2025-04-16,2025-08-19,Disponible
I-004289,SUC-20,PR-4603,69.0,6.0,2025-03-25,2025-06-15,Disponible
I-004290,SUC-14,PR-7720,-6.0,11.0,2025-07-17,2025-08-01,Bajo stock
inv_004291,SUC-6,PR-580,70.0,14.0,2025-05-11,2025-06-09,Disponible
I-004292,SUC-47,PR-5255,32.0,10.0,2025-07-11,2025-08-24,Disponible
I-004293,SUC-48,PR-3941,47.0,10.0,2025-07-15,2025-08-06,Disponible
I-004294,SUC-25,PR-722,76.0,5.0,2025-05-14,2025-07-07,Disponible
inv_004295,SUC-5,PR-336,19.0,20.0,2025-05-28,2025-07-18,Bajo stock
I-004296,SUC-34,PR-7196,5.0,8.0,2025-03-24,2025-04-19,Bajo stock
I-004297,SUC-41,PR-1213,47.0,12.0,2025-04-29,2025-05-20,Disponible
I-004298,SUC-14,PR-4408,17.0,9.0,2025-03-25,2025-06-07,Disponible
I-004299,SUC-36,PR-8751,93.0,7.0,2025-07-07,2025-08-23,Disponible
I-004300,SUC-43,PR-4299,92.0,,2025-07-24,2025-08-22,Bajo stock
I-004301,SUC-16,PR-7683,92.0,11.0,2025-07-12,2025-07-28,Disponible
inv_004302,SUC-44,PR-8959,5.0,18.0,2025-06-28,2025-07-16,Bajo stock
I-004303,SUC-19,PR-8241,42.0,17.0,2025-04-08,2025-04-21,Disponible
I-004304,SUC-8,PR-8463,7.0,14.0,2025-05-01,2025-05-06,Bajo stock
inv_004305,SUC-41,PR-1965,11.0,7.0,2025-07-04,2025-08-06,Disponible
inv_004306,SUC-2,PR-3584,96.0,12.0,2025-06-18,2025-07-15,Disponible
I-004307,SUC-8,PR-3388,13.0,10.0,2025-05-18,2025-06-26,Disponible
I-004308,SUC-45,PR-3724,16.0,12.0,2025-04-23,2025-08-09,Disponible
I-004309,SUC-40,PR-654,61.0,19.0,2025-05-31,2025-08-26,Disponible
I-004310,SUC-36,PR-6432,92.0,6.0,2025-04-26,2025-06-22,Disponible
I-004311,SUC-46,PR-329,26.0,16.0,2025-05-05,2025-08-28,Disponible
I-004312,SUC-37,PR-1286,53.0,18.0,2025-03-08,2025-05-21,Disponible
inv_004313,SUC-12,PR-6420,39.0,12.0,2025-04-25,2025-08-05,Disponible
I-004314,SUC-22,PR-9287,64.0,19.0,2025-04-09,2025-08-19,Disponible
I-004315,SUC-5,PR-2178,84.0,20.0,2025-07-03,2025-07-26,Disponible
inv_004316,SUC-16,PR-1960,51.0,10.0,2025-05-17,2025-08-25,Disponible
I-004317,SUC-11,PR-2679,27.0,18.0,2025-03-09,2025-05-06,Disponible
inv_004318,SUC-4,PR-8014,44.0,5.0,2025-07-27,2025-08-12,Disponible
inv_004319,SUC-5,PR-311,69.0,9.0,2025-04-16,2025-05-18,Disponible
I-004320,SUC-17,,,19.0,2025-03-17,2025-04-17,Bajo stock
I-004321,SUC-11,PR-3219,19.0,14.0,2025-05-11,2025-06-14,Disponible
I-004322,SUC-30,PR-4573,30.0,16.0,2025-06-17,2025-08-19,Disponible
inv_004323,SUC-29,PR-2706,38.0,7.0,2025-06-25,2025-07-05,Disponible
I-004324,SUC-1,PR-746,58.0,19.0,2025-03-16,2025-04-28,Disponible
I-004325,SUC-34,PR-8005,97.0,17.0,2025-05-25,2025-07-23,Disponible
inv_004326,SUC-1,PR-460,91.0,19.0,2025-07-24,2025-07-25,Disponible
inv_004327,SUC-21,PR-2079,18.0,13.0,2025-05-29,2025-06-19,Disponible
inv_004328,SUC-22,PR-6321,15.0,6.0,2025-04-14,2025-08-15,Disponible
I-004329,SUC-23,PR-1565,80.0,17.0,2025-06-12,2025-08-03,Disponible
I-004330,SUC-30,PR-1604,19.0,15.0,2025-04-09,2025-05-29,Disponible
I-004331,SUC-40,PR-4228,10.0,12.0,2025-05-17,2025-05-20,Bajo stock
I-004332,SUC-17,PR-5442,21.0,17.0,2025-05-21,2025-05-27,Disponible
inv_004333,SUC-5,PR-8395,54.0,16.0,2025-05-04,2025-05-14,Disponible
I-004334,SUC-33,PR-2307,45.0,20.0,2025-03-20,2025-08-06,Disponible
I-004335,SUC-18,PR-3734,64.0,13.0,2025-03-16,2025-07-11,Disponible
I-004336,SUC-50,PR-3610,56.0,15.0,2025-05-27,2025-07-05,Disponible
inv_004337,SUC-39,PR-7252,58.0,15.0,2025-06-29,2025-07-14,Disponible
I-004338,SUC-50,PR-9490,76.0,7.0,2025-03-09,2025-06-12,Disponible
I-004339,SUC-40,PR-9276,50.0,13.0,2025-05-14,2025-07-12,Disponible
I-004340,SUC-7,PR-1122,24.0,17.0,2025-06-28,,Agotado
I-004341,SUC-10,PR-7521,1.0,5.0,2025-03-30,2025-05-26,Bajo stock
inv_004342,SUC-9,PR-8227,99.0,6.0,2025-04-18,2025-06-22,Disponible
inv_004343,SUC-27,PR-5747,43.0,17.0,2025-03-03,2025-04-23,Disponible
I-004344,SUC-28,PR-1595,68.0,16.0,2025-04-29,2025-05-25,Disponible
I-004345,SUC-11,PR-6217,77.0,19.0,2025-05-29,2025-08-15,Disponible
inv_004346,SUC-44,PR-1196,36.0,17.0,2025-05-08,2025-08-21,Disponible
I-004347,SUC-27,PR-3174,25.0,14.0,2025-05-17,2025-08-04,Disponible
I-004348,SUC-9,PR-5064,14.0,10.0,2025-06-13,2025-08-02,Disponible
I-004349,SUC-32,PR-2985,54.0,13.0,2025-07-07,2025-08-04,Disponible
I-004350,SUC-45,PR-1017,,50.0,2025-04-28,2025-05-02,Disponible
I-004351,SUC-25,PR-109,49.0,8.0,2025-03-22,2025-08-14,Disponible
inv_004352,SUC-41,PR-526,21.0,9.0,2025-06-14,2025-07-07,Disponible
I-004353,SUC-48,PR-910,40.0,9.0,2025-05-28,2025-07-11,Disponible
I-004354,SUC-30,PR-9551,73.0,13.0,2025-03-08,2025-05-22,Disponible
I-004355,SUC-17,PR-1307,45.0,15.0,2025-05-18,2025-07-26,Disponible
I-004356,SUC-16,PR-828,47.0,15.0,2025-07-05,2025-08-27,Disponible
inv_004357,SUC-8,PR-7297,99.0,11.0,2025-06-15,2025-07-16,Disponible
I-004358,SUC-27,PR-8521,89.0,14.0,2025-06-05,2025-08-10,Disponible
inv_004359,SUC-30,PR-1601,1.0,20.0,2025-06-17,2025-07-11,Bajo stock
inv_004360,SUC-21,PR-5966,80.0,16.0,2025-07-16,2025-08-07,Desconocido
inv_004361,SUC-11,PR-3747,23.0,13.0,2025-04-16,2025-05-09,Disponible
I-004362,SUC-30,PR-8884,58.0,19.0,2025-05-28,2025-06-15,Disponible
I-004363,SUC-28,PR-6132,57.0,6.0,2025-05-12,2025-08-22,Disponible
I-004364,SUC-46,PR-3998,1.0,5.0,2025-07-26,2025-08-17,Bajo stock
I-004365,SUC-47,PR-5010,39.0,11.0,2025-04-17,2025-07-08,Disponible
inv_004366,SUC-40,PR-6947,79.0,20.0,2025-07-19,2025-08-03,Disponible
inv_004367,SUC-4,PR-9737,59.0,12.0,2025-04-29,2025-08-17,Disponible
I-004368,SUC-13,PR-3861,7.0,14.0,2025-04-08,2025-05-04,Bajo stock
inv_004369,SUC-37,PR-5334,63.0,15.0,2025-04-14,2025-08-09,Disponible
inv_004370,SUC-28,PR-403,9.0,14.0,2025-05-19,2025-08-23,Bajo stock
inv_004371,SUC-36,PR-7587,87.0,16.0,2025-07-23,2025-07-30,Disponible
inv_004372,SUC-29,PR-5157,14.0,13.0,2025-05-06,2025-07-28,Disponible
I-004373,SUC-40,PR-8709,65.0,16.0,2025-03-20,2025-08-17,Disponible
inv_004374,SUC-31,PR-8871,100.0,9.0,2025-06-15,2025-08-10,Disponible
I-004375,SUC-44,PR-9791,15.0,7.0,2025-06-23,,Disponible
I-004376,SUC-41,PR-3309,84.0,11.0,2025-04-11,2025-05-09,Disponible
I-004377,SUC-50,PR-7872,83.0,13.0,2025-03-03,2025-06-19,Disponible
I-004378,SUC-39,PR-2610,7.0,17.0,2025-03-14,2025-04-22,Bajo stock
inv_004379,SUC-27,PR-4585,39.0,16.0,2025-04-19,2025-06-26,Disponible
inv_004380,SUC-14,PR-8267,68.0,11.0,2025-05-03,2025-08-11,Agotado
I-004381,SUC-25,PR-3589,83.0,15.0,2025-04-06,2025-05-09,Disponible
I-004382,SUC-35,PR-9301,10.0,14.0,2025-05-22,2025-06-18,Bajo stock
I-004383,SUC-8,PR-725,27.0,8.0,2025-04-14,2025-06-01,Disponible
I-004384,SUC-29,PR-892,95.0,17.0,2025-06-01,2025-06-15,Disponible
I-004385,SUC-37,PR-329,62.0,17.0,2025-06-24,2025-06-26,Disponible
I-004386,SUC-13,PR-8592,95.0,7.0,2025-03-05,2025-05-01,Disponible
inv_004387,SUC-13,PR-1119,75.0,10.0,2025-04-25,2025-06-27,Disponible
inv_004388,SUC-31,PR-2901,18.0,11.0,2025-06-26,2025-07-10,Disponible
inv_004389,SUC-31,PR-7654,46.0,8.0,2025-05-22,2025-06-21,Disponible
inv_004390,SUC-22,PR-140,95.0,18.0,2025-04-03,2025-04-13,Disponible
I-004391,SUC-43,PR-877,0.0,20.0,2025-06-01,2025-06-07,Agotado
I-004392,SUC-21,PR-8277,67.0,11.0,2025-05-02,2025-08-05,Disponible
I-004393,SUC-47,PR-7941,53.0,14.0,2025-03-29,2025-07-25,Disponible
I-004394,SUC-31,PR-2422,32.0,13.0,2025-06-27,2025-07-24,Disponible
I-004395,SUC-37,PR-8075,59.0,16.0,2025-06-09,2025-08-04,Disponible
I-004396,SUC-38,PR-6380,48.0,10.0,2025-03-20,2025-04-11,Disponible
I-004397,SUC-2,PR-6827,5.0,19.0,2025-07-24,2025-08-14,Bajo stock
I-004398,SUC-49,PR-8793,85.0,10.0,2025-03-21,2025-07-30,Disponible
I-004399,SUC-19,PR-5964,60.0,10.0,2025-06-28,2025-08-05,Disponible
inv_004400,SUC-11,,37.0,10.0,2025-06-22,2025-08-15,Bajo stock
I-004401,SUC-15,PR-8904,71.0,12.0,2025-07-26,2025-08-09,Disponible
I-004402,SUC-43,PR-2810,26.0,12.0,2025-06-12,2025-06-15,Disponible
I-004403,SUC-22,PR-3069,65.0,14.0,2025-07-01,2025-07-25,Disponible
inv_004404,SUC-30,PR-6166,46.0,7.0,2025-04-09,2025-07-04,Disponible
inv_004405,SUC-4,PR-4711,5.0,5.0,2025-06-09,2025-07-02,Bajo stock
I-004406,SUC-19,PR-6838,3.0,16.0,2025-03-02,2025-06-30,Bajo stock
I-004407,SUC-50,PR-9535,35.0,6.0,2025-07-19,2025-07-22,Disponible
I-004408,SUC-36,PR-3486,69.0,8.0,2025-04-04,2025-07-28,Disponible
inv_004409,SUC-6,PR-9115,0.0,5.0,2025-03-12,2025-07-15,Agotado
I-004410,SUC-34,PR-2196,-2.0,9.0,2025-07-17,,Bajo stock
I-004411,SUC-15,PR-3939,46.0,7.0,2025-04-07,2025-06-09,Disponible
I-004412,SUC-40,PR-5670,50.0,11.0,2025-03-09,2025-04-15,Disponible
I-004413,SUC-14,PR-8483,76.0,14.0,2025-07-07,2025-08-09,Disponible
I-004414,SUC-43,PR-6020,35.0,15.0,2025-05-15,2025-06-20,Disponible
inv_004415,SUC-8,PR-3441,35.0,17.0,2025-03-23,2025-04-15,Disponible
I-004416,SUC-36,PR-5245,67.0,9.0,2025-06-10,2025-06-20,Disponible
I-004417,SUC-31,PR-6563,37.0,15.0,2025-03-29,2025-08-24,Disponible
I-004418,SUC-25,PR-1262,10.0,14.0,2025-07-24,2025-08-03,Bajo stock
inv_004419,SUC-41,PR-9719,13.0,5.0,2025-05-30,2025-08-16,Disponible
I-004420,SUC-17,PR-2482,76.0,6.0,2025-03-27,2025-04-30,Disponible
I-004421,SUC-16,PR-465,11.0,20.0,2025-04-15,2025-05-27,Bajo stock
I-004422,SUC-20,PR-1367,68.0,10.0,2025-06-15,2025-07-05,Disponible
I-004423,SUC-32,PR-1906,19.0,9.0,2025-04-21,2025-07-17,Disponible
I-004424,SUC-28,PR-6676,74.0,12.0,2025-03-23,2025-05-17,Disponible
I-004425,SUC-17,PR-1196,36.0,,2025-04-17,2025-07-01,Disponible
I-004426,SUC-44,PR-9097,14.0,8.0,2025-03-06,2025-07-11,Disponible
I-004427,SUC-7,PR-1687,11.0,8.0,2025-03-07,2025-05-13,Disponible
inv_004428,SUC-38,PR-6263,72.0,6.0,2025-05-11,2025-06-22,Disponible
I-004429,SUC-11,PR-668,84.0,11.0,2025-04-08,2025-07-24,Disponible
inv_004430,SUC-22,PR-2130,82.0,17.0,2025-04-26,2025-05-19,Disponible
inv_004431,SUC-37,PR-9500,82.0,19.0,2025-07-05,2025-08-09,Disponible
I-004432,SUC-37,PR-8066,95.0,7.0,2025-04-16,2025-06-21,Disponible
I-004433,SUC-5,PR-4167,64.0,16.0,2025-03-15,2025-08-14,Disponible
I-004434,SUC-8,PR-2604,1.0,6.0,2025-03-21,2025-07-16,Bajo stock
inv_004435,SUC-45,PR-6711,75.0,5.0,2025-03-12,2025-04-09,Disponible
inv_004436,SUC-33,PR-9843,23.0,10.0,2025-03-15,2025-08-07,Disponible
I-004437,SUC-2,PR-6975,61.0,19.0,2025-05-07,2025-05-17,Disponible
I-004438,SUC-9,PR-2179,34.0,20.0,2025-06-23,2025-07-15,Disponible
I-004439,SUC-48,PR-4933,55.0,18.0,2025-07-15,2025-08-08,Disponible
I-004440,SUC-27,,-4.0,15.0,2025-07-11,2025-08-26,Bajo stock
I-004441,SUC-8,PR-1218,39.0,17.0,2025-05-10,2025-06-14,Disponible
I-004442,SUC-18,PR-8050,36.0,9.0,2025-05-07,2025-07-09,Disponible
I-004443,SUC-17,PR-9643,21.0,19.0,2025-05-17,2025-06-30,Disponible
I-004444,SUC-23,PR-6044,52.0,8.0,2025-04-23,2025-08-11,Disponible
I-004445,SUC-26,PR-6230,32.0,11.0,2025-03-28,2025-07-05,Disponible
I-004446,SUC-36,PR-1983,49.0,10.0,2025-05-14,2025-07-17,Disponible
I-004447,SUC-9,PR-542,82.0,19.0,2025-06-11,2025-07-08,Disponible
I-004448,SUC-39,PR-8899,98.0,13.0,2025-05-19,2025-06-06,Disponible
I-004449,SUC-1,PR-972,19.0,7.0,2025-03-12,2025-08-01,Disponible
,SUC-10,PR-8694,29.0,39.0,2025-06-28,2025-07-30,Bajo stock
inv_004451,SUC-11,PR-2952,12.0,12.0,2025-05-28,2025-08-01,Bajo stock
I-004452,SUC-14,PR-2257,76.0,18.0,2025-05-15,2025-08-18,Disponible
inv_004453,SUC-44,PR-141,16.0,12.0,2025-07-11,2025-07-29,Disponible
inv_004454,SUC-24,PR-5011,36.0,10.0,2025-04-10,2025-06-07,Disponible
I-004455,SUC-4,PR-5680,82.0,7.0,2025-05-07,2025-06-25,Disponible
I-004456,SUC-37,PR-105,66.0,12.0,2025-05-18,2025-07-26,Disponible
I-004457,SUC-48,PR-1494,22.0,20.0,2025-04-14,2025-08-14,Disponible
I-004458,SUC-14,PR-4371,22.0,5.0,2025-03-04,2025-06-05,Disponible
inv_004459,SUC-39,PR-6331,70.0,11.0,2025-07-11,2025-08-15,Disponible
inv_004460,SUC-7,PR-8248,77.0,12.0,2025-05-12,2025-06-10,Desconocido
I-004461,SUC-50,PR-1391,18.0,17.0,2025-03-18,2025-06-23,Disponible
inv_004462,SUC-9,PR-7474,55.0,19.0,2025-03-29,2025-06-14,Disponible
inv_004463,SUC-38,PR-8683,96.0,18.0,2025-06-16,2025-08-20,Disponible
inv_004464,SUC-6,PR-1052,10.0,20.0,2025-03-02,2025-04-28,Bajo stock
I-004465,SUC-8,PR-2966,61.0,13.0,2025-05-19,2025-06-19,Disponible
inv_004466,SUC-44,PR-7185,98.0,17.0,2025-07-06,2025-08-14,Disponible
inv_004467,SUC-35,PR-8778,71.0,7.0,2025-03-16,2025-05-26,Disponible
inv_004468,SUC-43,PR-4651,32.0,15.0,2025-05-13,2025-07-21,Disponible
inv_004469,SUC-16,PR-1075,3.0,20.0,2025-07-10,2025-07-31,Bajo stock
I-004470,SUC-44,PR-5169,16.0,13.0,2025-06-04,2025-07-24,Disponible
I-004471,SUC-27,PR-8986,86.0,16.0,2025-07-13,2025-08-12,Disponible
I-004472,SUC-15,PR-9477,40.0,14.0,2025-05-14,2025-05-24,Disponible
inv_004473,SUC-30,PR-6617,80.0,14.0,2025-04-06,2025-04-19,Disponible
I-004474,SUC-22,PR-5449,27.0,12.0,2025-06-25,2025-07-27,Disponible
inv_004475,SUC-35,PR-6848,8.0,8.0,2025-07-29,2025-08-07,Bajo stock
I-004476,SUC-46,PR-3951,31.0,8.0,2025-03-11,2025-08-02,Disponible
inv_004477,SUC-46,PR-2284,21.0,13.0,2025-06-12,2025-07-04,Disponible
I-004478,SUC-34,PR-835,19.0,7.0,2025-04-15,2025-05-05,Disponible
inv_004479,SUC-11,PR-4390,97.0,20.0,2025-04-03,2025-08-13,Disponible
I-004480,SUC-50,PR-3271,79.0,12.0,2025-03-20,2026-01-01,Desconocido
inv_004481,SUC-43,PR-9950,98.0,7.0,2025-07-22,2025-08-28,Disponible
I-004482,SUC-43,PR-8701,58.0,18.0,2025-04-07,2025-07-01,Disponible
inv_004483,SUC-47,PR-5011,12.0,9.0,2025-04-24,2025-08-21,Disponible
inv_004484,SUC-41,PR-6038,28.0,6.0,2025-05-16,2025-08-11,Disponible
I-004485,SUC-22,PR-3462,15.0,19.0,2025-05-29,2025-08-15,Bajo stock
I-004486,SUC-41,PR-51,62.0,16.0,2025-04-15,2025-06-08,Disponible
inv_004487,SUC-47,PR-3503,57.0,16.0,2025-03-18,2025-04-06,Disponible
I-004488,SUC-28,PR-2696,94.0,17.0,2025-05-17,2025-07-06,Disponible
I-004489,SUC-9,PR-2267,38.0,12.0,2025-04-14,2025-06-23,Disponible
I-004490,SUC-3,PR-2908,3.0,17.0,2025-06-02,2025-08-01,Bajo stock
inv_004491,SUC-19,PR-1156,20.0,9.0,2025-05-25,2025-07-02,Disponible
I-004492,SUC-50,PR-5933,52.0,10.0,2025-03-24,2025-04-06,Disponible
I-004493,SUC-29,PR-1978,29.0,11.0,2025-03-05,2025-06-13,Disponible
I-004494,SUC-3,PR-1723,50.0,7.0,2025-04-30,2025-05-30,Disponible
I-004495,SUC-31,PR-2962,26.0,8.0,2025-04-04,2025-06-06,Disponible
I-004496,SUC-17,PR-5418,25.0,5.0,2025-03-24,2025-04-02,Disponible
I-004497,SUC-3,PR-7519,45.0,16.0,2025-05-11,2025-08-08,Disponible
I-004498,SUC-10,PR-554,71.0,7.0,2025-06-12,2025-07-14,Disponible
inv_004499,SUC-15,PR-1916,94.0,10.0,2025-05-16,2025-07-25,Disponible
inv_004500,SUC-15,PR-3490,43.0,,2025-06-12,2025-08-06,Bajo stock
inv_004501,SUC-7,PR-5977,72.0,6.0,2025-03-12,2025-06-13,Disponible
inv_004502,SUC-20,PR-203,83.0,16.0,2025-04-07,2025-06-15,Disponible
I-004503,SUC-10,PR-404,49.0,14.0,2025-07-28,2025-08-25,Disponible
I-004504,SUC-50,PR-5335,94.0,14.0,2025-03-15,2025-08-05,Disponible
inv_004505,SUC-46,PR-5044,24.0,18.0,2025-05-02,2025-06-21,Disponible
I-004506,SUC-5,PR-7526,93.0,10.0,2025-07-23,2025-07-24,Disponible
I-004507,SUC-31,PR-1324,88.0,6.0,2025-06-17,2025-08-01,Disponible
I-004508,SUC-16,PR-1341,29.0,5.0,2025-07-15,2025-07-29,Disponible
I-004509,SUC-23,PR-7436,27.0,10.0,2025-03-30,2025-08-21,Disponible
inv_004510,SUC-11,PR-5714,53.0,14.0,2025-03-27,2025-08-16,Disponible
inv_004511,SUC-24,PR-3533,18.0,18.0,2025-04-24,2025-05-18,Bajo stock
inv_004512,SUC-16,PR-4685,59.0,5.0,2025-03-15,2025-06-19,Disponible
I-004513,SUC-16,PR-7964,17.0,18.0,2025-03-14,2025-04-13,Bajo stock
I-004514,SUC-46,PR-1445,54.0,19.0,2025-07-20,2025-08-28,Disponible
I-004515,SUC-34,PR-8754,6.0,12.0,2025-06-24,,Bajo stock
I-004516,SUC-12,PR-1542,90.0,7.0,2025-03-25,2025-08-22,Disponible
I-004517,SUC-5,PR-541,29.0,8.0,2025-07-29,2025-08-06,Disponible
I-004518,SUC-50,PR-2945,57.0,8.0,2025-07-27,2025-08-25,Disponible
I-004519,SUC-41,PR-2490,66.0,13.0,2025-03-20,2025-06-08,Disponible
inv_004520,SUC-41,PR-7494,40.0,13.0,2025-06-28,2025-08-26,Disponible
I-004521,SUC-29,PR-2357,83.0,19.0,2025-07-16,2025-07-22,Disponible
I-004522,SUC-37,PR-549,75.0,6.0,2025-06-20,2025-08-16,Disponible
I-004523,SUC-38,PR-1809,55.0,9.0,2025-07-20,2025-07-21,Disponible
inv_004524,SUC-41,PR-7232,49.0,14.0,2025-04-28,2025-08-24,Disponible
I-004525,SUC-36,PR-9879,38.0,,2025-07-20,2025-07-23,Disponible
inv_004526,SUC-16,PR-9393,71.0,19.0,2025-05-24,2025-08-19,Disponible
I-004527,SUC-1,PR-9816,21.0,9.0,2025-04-27,2025-07-06,Disponible
inv_004528,SUC-36,PR-7766,3.0,8.0,2025-05-26,2025-07-05,Bajo stock
inv_004529,SUC-21,PR-5500,79.0,9.0,2025-03-20,2025-07-19,Disponible
I-004530,SUC-3,PR-9668,,18.0,2025-05-18,2025-05-24,Disponible
I-004531,SUC-48,PR-6323,32.0,16.0,2025-07-22,2025-07-24,Disponible
inv_004532,SUC-38,PR-5702,22.0,13.0,2025-06-26,2025-07-29,Disponible
inv_004533,SUC-49,PR-9620,29.0,18.0,2025-03-03,2025-08-24,Disponible
I-004534,SUC-35,PR-972,99.0,12.0,2025-06-24,2025-07-31,Disponible
I-004535,SUC-47,PR-7011,87.0,8.0,2025-06-08,2025-06-11,Disponible
inv_004536,SUC-32,PR-3692,27.0,10.0,2025-06-18,2025-08-07,Disponible
I-004537,SUC-15,PR-6601,97.0,6.0,2025-04-14,2025-07-17,Disponible
inv_004538,SUC-21,PR-1354,57.0,7.0,2025-06-06,2025-06-10,Disponible
inv_004539,SUC-35,PR-3006,74.0,8.0,2025-06-05,2025-06-09,Disponible
inv_004540,SUC-33,PR-2376,30.0,19.0,2025-07-24,2025-08-11,Disponible
I-004541,SUC-27,PR-5815,93.0,11.0,2025-06-20,2025-06-22,Disponible
I-004542,SUC-22,PR-7796,67.0,12.0,2025-07-23,2025-08-06,Disponible
inv_004543,SUC-42,PR-5895,49.0,19.0,2025-07-23,2025-08-10,Disponible
I-004544,SUC-38,PR-5972,5.0,14.0,2025-06-17,2025-08-03,Bajo stock
inv_004545,SUC-50,PR-1592,29.0,5.0,2025-03-11,2025-06-13,Disponible
inv_004546,SUC-32,PR-9856,71.0,14.0,2025-07-01,2025-08-23,Disponible
I-004547,SUC-13,PR-3041,17.0,16.0,2025-04-12,2025-06-22,Disponible
I-004548,SUC-4,PR-7389,47.0,10.0,2025-04-05,2025-07-16,Disponible
I-004549,SUC-38,PR-8764,44.0,12.0,2025-05-13,2025-07-11,Disponible
I-004550,SUC-20,PR-6321,65.0,75.0,2025-03-16,2026-01-01,Bajo stock
I-004551,SUC-13,PR-1635,56.0,9.0,2025-03-04,2025-08-12,Disponible
inv_004552,SUC-30,PR-8846,18.0,16.0,2025-06-06,2025-06-27,Disponible
inv_004553,SUC-43,PR-8044,34.0,14.0,2025-05-13,2025-08-20,Disponible
inv_004554,SUC-8,PR-4872,59.0,9.0,2025-03-27,2025-08-12,Disponible
I-004555,SUC-36,PR-7163,64.0,16.0,2025-04-01,2025-04-28,Disponible
I-004556,SUC-42,PR-15,75.0,20.0,2025-05-08,2025-08-14,Disponible
inv_004557,SUC-31,PR-9649,82.0,5.0,2025-07-25,2025-08-06,Disponible
inv_004558,SUC-17,PR-4716,69.0,15.0,2025-05-19,2025-06-20,Disponible
inv_004559,SUC-7,PR-801,11.0,17.0,2025-04-29,2025-05-01,Bajo stock
I-004560,SUC-41,PR-3241,,17.0,2025-05-21,2025-07-13,Disponible
inv_004561,SUC-6,PR-1783,87.0,6.0,2025-07-17,2025-08-06,Disponible
I-004562,SUC-25,PR-780,5.0,11.0,2025-07-05,2025-07-17,Bajo stock
I-004563,SUC-20,PR-9258,98.0,12.0,2025-07-21,2025-08-25,Disponible
I-004564,SUC-23,PR-69,22.0,7.0,2025-07-18,2025-07-25,Disponible
I-004565,SUC-46,PR-9098,50.0,11.0,2025-06-27,2025-07-24,Disponible
I-004566,SUC-30,PR-5132,67.0,8.0,2025-04-06,2025-08-22,Disponible
inv_004567,SUC-36,PR-8505,14.0,19.0,2025-04-26,2025-07-19,Bajo stock
I-004568,SUC-36,PR-8730,68.0,11.0,2025-07-08,2025-07-17,Disponible
I-004569,SUC-11,PR-1505,64.0,17.0,2025-07-13,2025-08-20,Disponible
I-004570,SUC-1,PR-3130,60.0,18.0,2025-07-24,2025-08-28,Disponible
I-004571,SUC-9,PR-4531,42.0,5.0,2025-06-21,2025-06-28,Disponible
I-004572,SUC-29,PR-8267,100.0,20.0,2025-03-12,2025-04-02,Disponible
I-004573,SUC-43,PR-2108,79.0,15.0,2025-03-05,2025-07-12,Disponible
inv_004574,SUC-45,PR-3963,63.0,12.0,2025-05-27,2025-07-23,Disponible
inv_004575,SUC-49,PR-980,38.0,48.0,2025-04-07,2025-06-23,Bajo stock
I-004576,SUC-41,PR-3730,24.0,16.0,2025-06-18,2025-06-30,Disponible
I-004577,SUC-8,PR-2431,74.0,6.0,2025-04-04,2025-08-27,Disponible
I-004578,SUC-40,PR-3558,47.0,5.0,2025-04-01,2025-06-15,Disponible
I-004579,SUC-16,PR-5283,67.0,19.0,2025-04-14,2025-08-02,Disponible
I-004580,SUC-14,PR-1433,47.0,15.0,2025-06-12,2025-07-16,Agotado
I-004581,SUC-5,PR-6936,21.0,12.0,2025-03-22,2025-08-03,Disponible
I-004582,SUC-12,PR-858,86.0,10.0,2025-05-09,2025-06-18,Disponible
I-004583,SUC-35,PR-4757,40.0,11.0,2025-06-10,2025-06-24,Disponible
I-004584,SUC-17,PR-31,22.0,9.0,2025-06-03,2025-06-10,Disponible
inv_004585,SUC-19,PR-2259,59.0,16.0,2025-03-09,2026-01-01,Disponible
I-004586,SUC-13,PR-9518,88.0,12.0,2025-06-23,2025-07-12,Disponible
I-004587,SUC-37,PR-2896,26.0,19.0,2025-06-26,2025-08-02,Disponible
I-004588,SUC-27,PR-3431,5.0,5.0,2025-04-19,2025-05-12,Bajo stock
I-004589,SUC-18,PR-1494,87.0,20.0,2025-07-01,2025-07-24,Disponible
I-004590,SUC-48,PR-6297,18.0,17.0,2025-05-12,2025-08-26,Disponible
inv_004591,SUC-17,PR-2679,90.0,17.0,2025-03-22,2025-08-12,Disponible
inv_004592,SUC-28,PR-1417,30.0,9.0,2025-03-24,2025-05-16,Disponible
I-004593,SUC-18,PR-4077,75.0,8.0,2025-06-02,2025-06-12,Disponible
I-004594,SUC-19,PR-8720,49.0,6.0,2025-04-22,2025-06-04,Disponible
I-004595,SUC-22,PR-2901,18.0,7.0,2025-04-29,2025-08-27,Disponible
I-004596,SUC-13,PR-6313,94.0,17.0,2025-04-08,2025-06-30,Disponible
inv_004597,SUC-9,PR-3920,30.0,14.0,2025-07-27,2025-08-14,Disponible
I-004598,SUC-50,PR-1207,85.0,10.0,2025-07-26,2025-08-03,Disponible
inv_004599,SUC-3,PR-1371,87.0,13.0,2025-05-20,2025-08-23,Disponible
,SUC-26,,33.0,,2025-07-28,2025-08-06,Desconocido
inv_004601,SUC-12,PR-4030,22.0,17.0,2025-07-10,2025-07-25,Disponible
I-004602,SUC-8,PR-4683,18.0,18.0,2025-05-24,2025-07-04,Bajo stock
I-004603,SUC-43,PR-3962,27.0,16.0,2025-05-17,2025-06-13,Disponible
I-004604,SUC-18,PR-5895,27.0,14.0,2025-06-26,2025-07-09,Disponible
I-004605,SUC-15,PR-7580,62.0,14.0,2025-05-09,2025-06-04,Disponible
I-004606,SUC-13,PR-4511,38.0,15.0,2025-07-17,2025-08-23,Disponible
inv_004607,SUC-36,PR-1291,9.0,18.0,2025-05-21,2025-06-22,Bajo stock
inv_004608,SUC-12,PR-9153,42.0,16.0,2025-04-12,2025-08-05,Disponible
I-004609,SUC-29,PR-3347,51.0,8.0,2025-05-07,2025-06-04,Disponible
I-004610,SUC-34,PR-8229,28.0,11.0,2025-03-12,2025-07-24,Disponible
inv_004611,SUC-8,PR-3594,34.0,11.0,2025-06-04,2025-07-11,Disponible
inv_004612,SUC-5,PR-5029,76.0,20.0,2025-07-09,2025-07-14,Disponible
I-004613,SUC-4,PR-8326,34.0,13.0,2025-06-06,2025-06-16,Disponible
I-004614,SUC-16,PR-7266,94.0,20.0,2025-04-22,2025-06-22,Disponible
I-004615,SUC-8,PR-5811,60.0,9.0,2025-07-15,2025-08-28,Disponible
I-004616,SUC-48,PR-6871,28.0,13.0,2025-05-22,2025-06-29,Disponible
inv_004617,SUC-18,PR-1243,70.0,19.0,2025-07-04,2025-07-17,Disponible
I-004618,SUC-15,PR-3644,82.0,19.0,2025-03-24,2025-06-06,Disponible
I-004619,SUC-31,PR-6660,70.0,10.0,2025-06-06,2025-08-10,Disponible
inv_004620,SUC-12,PR-7875,,19.0,2025-06-06,2026-01-01,Bajo stock
I-004621,SUC-33,PR-5341,3.0,16.0,2025-03-31,2025-08-25,Bajo stock
inv_004622,SUC-18,PR-6556,52.0,6.0,2025-07-08,2025-07-15,Disponible
I-004623,SUC-24,PR-5230,73.0,8.0,2025-03-05,2025-05-14,Disponible
I-004624,SUC-8,PR-9004,61.0,10.0,2025-05-17,2025-08-01,Disponible
inv_004625,SUC-16,PR-3755,54.0,,2025-05-15,2025-06-23,Disponible
inv_004626,SUC-21,PR-7172,81.0,9.0,2025-04-19,2025-06-15,Disponible
I-004627,SUC-1,PR-1077,59.0,8.0,2025-06-26,2025-08-25,Disponible
I-004628,SUC-21,PR-8503,96.0,9.0,2025-07-01,2025-07-09,Disponible
I-004629,SUC-39,PR-5398,14.0,16.0,2025-06-26,2025-08-07,Bajo stock
I-004630,SUC-26,PR-3930,47.0,13.0,2025-07-04,2025-08-23,Disponible
inv_004631,SUC-41,PR-5289,88.0,17.0,2025-06-05,2025-08-14,Disponible
I-004632,SUC-49,PR-3035,72.0,13.0,2025-05-29,2025-08-25,Disponible
I-004633,SUC-33,PR-4037,67.0,16.0,2025-04-03,2025-04-12,Disponible
I-004634,SUC-35,PR-5905,47.0,9.0,2025-03-11,2025-04-08,Disponible
inv_004635,SUC-46,PR-5276,70.0,11.0,2025-03-06,2025-05-26,Disponible
I-004636,SUC-47,PR-8112,29.0,9.0,2025-03-02,2025-06-03,Disponible
I-004637,SUC-40,PR-3836,98.0,6.0,2025-03-25,2025-08-20,Disponible
I-004638,SUC-38,PR-8252,22.0,8.0,2025-06-23,2025-08-25,Disponible
I-004639,SUC-35,PR-3773,60.0,19.0,2025-05-25,2025-07-22,Disponible
inv_004640,SUC-43,PR-1332,90.0,11.0,2025-06-30,2025-08-01,Agotado
I-004641,SUC-6,PR-8729,53.0,16.0,2025-07-03,2025-07-19,Disponible
I-004642,SUC-25,PR-9533,40.0,10.0,2025-04-14,2025-05-15,Disponible
I-004643,SUC-34,PR-5380,34.0,18.0,2025-06-16,2025-08-22,Disponible
I-004644,SUC-7,PR-2944,85.0,9.0,2025-04-08,2025-05-20,Disponible
inv_004645,SUC-49,PR-7495,53.0,19.0,2025-03-25,2025-06-09,Disponible
I-004646,SUC-31,PR-4715,10.0,17.0,2025-03-06,2025-05-23,Bajo stock
inv_004647,SUC-15,PR-8077,21.0,6.0,2025-03-28,2025-06-15,Disponible
I-004648,SUC-25,PR-8349,23.0,14.0,2025-07-12,2025-07-24,Disponible
I-004649,SUC-42,PR-3347,11.0,8.0,2025-07-11,2025-07-27,Disponible
inv_004650,SUC-16,PR-2556,-9.0,1.0,2025-07-18,2025-07-23,Bajo stock
inv_004651,SUC-29,PR-1735,61.0,16.0,2025-06-16,2025-07-23,Disponible
I-004652,SUC-42,PR-9401,58.0,16.0,2025-04-26,2025-07-14,Disponible
I-004653,SUC-47,PR-931,80.0,12.0,2025-06-13,2025-08-25,Disponible
I-004654,SUC-36,PR-7654,69.0,20.0,2025-03-30,2025-04-26,Disponible
inv_004655,SUC-37,PR-6383,7.0,12.0,2025-05-31,,Bajo stock
I-004656,SUC-41,PR-9652,73.0,16.0,2025-04-06,2025-08-19,Disponible
inv_004657,SUC-11,PR-9614,57.0,5.0,2025-07-16,2025-08-05,Disponible
I-004658,SUC-36,PR-5961,17.0,12.0,2025-07-17,2025-07-23,Disponible
inv_004659,SUC-2,PR-8178,49.0,19.0,2025-04-17,2025-07-09,Disponible
I-004660,SUC-17,PR-8069,80.0,12.0,2025-04-02,2025-04-26,Desconocido
I-004661,SUC-37,PR-2621,82.0,13.0,2025-05-17,2025-06-26,Disponible
I-004662,SUC-3,PR-7577,73.0,12.0,2025-05-21,2025-06-27,Disponible
inv_004663,SUC-28,PR-4841,33.0,19.0,2025-03-09,2025-05-27,Disponible
inv_004664,SUC-24,PR-5657,6.0,12.0,2025-05-14,2025-07-08,Bajo stock
inv_004665,SUC-42,PR-7448,66.0,13.0,2025-05-01,2025-07-22,Disponible
I-004666,SUC-39,PR-7076,90.0,6.0,2025-04-03,2025-05-31,Disponible
I-004667,SUC-18,PR-8594,8.0,5.0,2025-06-11,2025-06-27,Disponible
I-004668,SUC-14,PR-370,36.0,15.0,2025-03-14,2025-04-08,Disponible
inv_004669,SUC-14,PR-7217,77.0,11.0,2025-05-09,2025-08-06,Disponible
I-004670,SUC-8,PR-5662,37.0,15.0,2025-03-10,2025-06-15,Disponible
inv_004671,SUC-39,PR-8477,68.0,16.0,2025-05-28,2025-06-07,Disponible
I-004672,SUC-46,PR-6468,95.0,11.0,2025-03-21,2025-07-22,Disponible
inv_004673,SUC-5,PR-8628,2.0,12.0,2025-03-13,2025-04-15,Bajo stock
I-004674,SUC-40,PR-7138,9.0,10.0,2025-05-29,2025-07-05,Bajo stock
I-004675,SUC-15,PR-7928,77.0,,2025-06-24,2025-08-25,Disponible
I-004676,SUC-16,PR-4720,90.0,20.0,2025-04-05,2025-06-18,Disponible
I-004677,SUC-49,PR-1094,67.0,17.0,2025-07-18,2025-08-01,Disponible
I-004678,SUC-29,PR-5529,83.0,11.0,2025-04-11,2025-07-21,Disponible
I-004679,SUC-47,PR-1626,6.0,17.0,2025-07-14,2025-08-25,Bajo stock
inv_004680,SUC-36,PR-2035,,8.0,2025-05-18,2025-08-03,Disponible
I-004681,SUC-36,PR-3469,75.0,14.0,2025-05-12,2025-07-26,Disponible
inv_004682,SUC-19,PR-7929,32.0,14.0,2025-03-05,2025-03-20,Disponible
inv_004683,SUC-39,PR-7933,27.0,18.0,2025-07-13,2025-07-15,Disponible
I-004684,SUC-2,PR-1085,9.0,5.0,2025-06-03,2025-06-17,Disponible
I-004685,SUC-3,PR-1658,29.0,10.0,2025-04-23,2025-06-26,Disponible
I-004686,SUC-4,PR-4981,74.0,15.0,2025-06-10,2025-08-11,Disponible
inv_004687,SUC-35,PR-9859,86.0,13.0,2025-04-07,2025-06-03,Disponible
I-004688,SUC-5,PR-5462,22.0,13.0,2025-04-24,2025-06-01,Disponible
inv_004689,SUC-8,PR-3319,11.0,8.0,2025-04-12,2025-08-22,Disponible
I-004690,SUC-35,PR-9201,19.0,8.0,2025-06-22,,Disponible
I-004691,SUC-29,PR-3273,94.0,5.0,2025-05-29,2025-07-28,Disponible
I-004692,SUC-19,PR-5780,92.0,13.0,2025-03-12,2025-07-31,Disponible
I-004693,SUC-40,PR-4922,73.0,18.0,2025-03-17,2025-04-06,Disponible
inv_004694,SUC-6,PR-7164,84.0,6.0,2025-04-23,2025-08-26,Disponible
I-004695,SUC-9,PR-933,99.0,10.0,2025-03-23,2025-06-10,Disponible
I-004696,SUC-49,PR-2036,43.0,11.0,2025-05-09,2025-06-01,Disponible
I-004697,SUC-1,PR-9710,2.0,7.0,2025-03-21,2025-07-28,Bajo stock
inv_004698,SUC-6,PR-4276,83.0,11.0,2025-06-30,2025-08-27,Disponible
I-004699,SUC-8,PR-6997,70.0,8.0,2025-06-08,2025-06-26,Disponible
inv_004700,SUC-34,PR-4520,89.0,99.0,2025-05-24,2025-07-22,Bajo stock
I-004701,SUC-4,PR-230,8.0,12.0,2025-03-06,2025-08-04,Bajo stock
I-004702,SUC-47,PR-1860,97.0,8.0,2025-07-25,2025-08-11,Disponible
I-004703,SUC-36,PR-942,82.0,11.0,2025-05-02,2025-05-25,Disponible
I-004704,SUC-44,PR-2915,100.0,13.0,2025-03-10,2025-08-12,Disponible
I-004705,SUC-50,PR-8259,8.0,18.0,2025-05-10,2025-05-19,Bajo stock
I-004706,SUC-50,PR-8365,89.0,19.0,2025-06-17,2025-07-20,Disponible
I-004707,SUC-50,PR-4662,28.0,17.0,2025-07-01,2025-07-25,Disponible
inv_004708,SUC-7,PR-3246,95.0,12.0,2025-04-09,2025-08-17,Disponible
I-004709,SUC-36,PR-4938,19.0,11.0,2025-07-25,2025-08-03,Disponible
I-004710,SUC-37,PR-8866,96.0,18.0,2025-05-05,2025-08-17,Disponible
inv_004711,SUC-13,PR-7455,88.0,8.0,2025-06-06,2025-06-09,Disponible
I-004712,SUC-45,PR-2850,1.0,17.0,2025-05-13,2025-06-20,Bajo stock
I-004713,SUC-20,PR-4357,12.0,8.0,2025-06-20,2025-07-14,Disponible
inv_004714,SUC-28,PR-2147,52.0,10.0,2025-03-14,2025-05-30,Disponible
I-004715,SUC-18,PR-960,3.0,5.0,2025-04-30,2025-08-07,Bajo stock
I-004716,SUC-50,PR-4471,5.0,11.0,2025-06-27,2025-08-25,Bajo stock
inv_004717,SUC-12,PR-4459,53.0,12.0,2025-07-27,2025-08-04,Disponible
I-004718,SUC-18,PR-4247,65.0,19.0,2025-06-13,2025-08-05,Disponible
inv_004719,SUC-32,PR-9610,54.0,11.0,2025-05-19,2025-07-16,Disponible
I-004720,SUC-42,PR-5878,95.0,11.0,2025-03-09,2025-03-10,Bajo stock
I-004721,SUC-33,PR-4293,93.0,15.0,2025-04-06,2025-06-07,Disponible
inv_004722,SUC-48,PR-4428,33.0,13.0,2025-06-06,2025-08-25,Disponible
inv_004723,SUC-8,PR-4344,34.0,9.0,2025-07-23,2025-08-15,Disponible
I-004724,SUC-8,PR-3387,1.0,11.0,2025-03-04,2025-07-20,Bajo stock
inv_004725,SUC-34,PR-261,92.0,,2025-05-14,2026-01-01,Disponible
I-004726,SUC-9,PR-5603,23.0,10.0,2025-07-10,2025-07-19,Disponible
I-004727,SUC-50,PR-7766,14.0,10.0,2025-03-06,2025-04-23,Disponible
I-004728,SUC-32,PR-8284,39.0,20.0,2025-05-08,2025-05-12,Disponible
inv_004729,SUC-7,PR-2984,47.0,7.0,2025-03-17,2025-07-06,Disponible
inv_004730,SUC-46,PR-8982,31.0,6.0,2025-07-02,2025-07-23,Disponible
inv_004731,SUC-15,PR-6728,88.0,8.0,2025-04-23,2025-05-12,Disponible
I-004732,SUC-28,PR-7169,32.0,16.0,2025-04-09,2025-07-01,Disponible
I-004733,SUC-43,PR-2810,82.0,17.0,2025-07-18,2025-07-19,Disponible
I-004734,SUC-24,PR-670,91.0,11.0,2025-05-22,2025-08-17,Disponible
I-004735,SUC-22,PR-5248,2.0,17.0,2025-07-12,2025-08-23,Bajo stock
I-004736,SUC-10,PR-1772,22.0,16.0,2025-04-02,2025-04-08,Disponible
I-004737,SUC-5,PR-5047,63.0,10.0,2025-05-01,2025-07-31,Disponible
I-004738,SUC-21,PR-1377,6.0,12.0,2025-03-08,2025-04-29,Bajo stock
inv_004739,SUC-34,PR-2467,58.0,7.0,2025-07-18,2025-08-19,Disponible
I-004740,SUC-8,PR-5017,,7.0,2025-03-29,2025-04-12,Bajo stock
I-004741,SUC-16,PR-8017,84.0,16.0,2025-04-04,2025-07-18,Disponible
I-004742,SUC-34,PR-4725,36.0,10.0,2025-06-10,2025-07-02,Disponible
inv_004743,SUC-35,PR-9343,71.0,20.0,2025-03-14,2025-03-20,Disponible
I-004744,SUC-15,PR-2201,93.0,19.0,2025-06-30,2025-08-03,Disponible
I-004745,SUC-2,PR-1786,95.0,8.0,2025-04-01,2025-04-03,Disponible
I-004746,SUC-47,PR-2407,82.0,11.0,2025-03-21,2025-05-04,Disponible
I-004747,SUC-23,PR-1821,89.0,10.0,2025-04-08,2025-04-16,Disponible
I-004748,SUC-34,PR-8497,65.0,7.0,2025-05-08,2025-07-01,Disponible
inv_004749,SUC-42,PR-5675,48.0,18.0,2025-04-30,2025-08-28,Disponible
inv_004750,SUC-28,PR-8384,51.0,61.0,2025-05-12,2025-06-21,Bajo stock
I-004751,SUC-23,PR-4492,64.0,11.0,2025-06-10,2025-08-09,Disponible
I-004752,SUC-49,PR-1255,70.0,10.0,2025-03-07,2025-07-08,Disponible
I-004753,SUC-16,PR-406,36.0,5.0,2025-05-07,2025-07-29,Disponible
inv_004754,SUC-50,PR-3749,11.0,16.0,2025-04-04,2025-05-18,Bajo stock
I-004755,SUC-45,PR-6559,15.0,5.0,2025-06-29,2025-07-04,Disponible
I-004756,SUC-48,PR-4537,99.0,11.0,2025-04-13,2025-04-27,Disponible
I-004757,SUC-32,PR-2414,29.0,10.0,2025-07-08,2025-08-13,Disponible
inv_004758,SUC-32,PR-7740,17.0,7.0,2025-03-07,2025-03-15,Disponible
I-004759,SUC-40,PR-2729,10.0,5.0,2025-06-11,2025-07-24,Disponible
I-004760,SUC-46,PR-7580,19.0,10.0,2025-06-29,2026-01-01,Bajo stock
I-004761,SUC-6,PR-9935,58.0,5.0,2025-06-06,2025-06-25,Disponible
inv_004762,SUC-13,PR-1908,65.0,18.0,2025-05-27,2025-08-17,Disponible
I-004763,SUC-18,PR-9538,52.0,18.0,2025-04-26,2025-07-03,Disponible
inv_004764,SUC-30,PR-4123,100.0,6.0,2025-07-24,2025-08-19,Disponible
I-004765,SUC-34,PR-7591,51.0,20.0,2025-06-01,2025-08-06,Disponible
I-004766,SUC-25,PR-8973,20.0,10.0,2025-05-10,2025-08-04,Disponible
I-004767,SUC-2,PR-3452,32.0,14.0,2025-04-27,2025-05-25,Disponible
I-004768,SUC-16,PR-3581,40.0,12.0,2025-04-17,2025-06-20,Disponible
inv_004769,SUC-23,PR-8432,0.0,11.0,2025-04-01,2025-08-16,Agotado
inv_004770,SUC-8,PR-9431,,12.0,2025-05-14,2025-05-17,Disponible
I-004771,SUC-15,PR-5935,46.0,9.0,2025-03-29,2025-06-16,Disponible
I-004772,SUC-40,PR-3897,55.0,10.0,2025-07-04,2025-07-13,Disponible
I-004773,SUC-24,PR-3135,12.0,12.0,2025-04-10,2025-08-07,Bajo stock
I-004774,SUC-11,PR-4433,85.0,15.0,2025-07-28,2025-08-03,Disponible
inv_004775,SUC-49,PR-2524,58.0,,2025-04-19,2025-05-05,Disponible
I-004776,SUC-32,PR-1392,27.0,7.0,2025-03-22,2025-07-08,Disponible
I-004777,SUC-5,PR-1474,28.0,10.0,2025-07-24,2025-08-03,Disponible
I-004778,SUC-2,PR-8598,81.0,17.0,2025-03-19,2025-08-26,Disponible
I-004779,SUC-15,PR-8868,93.0,11.0,2025-07-01,2025-07-11,Disponible
I-004780,SUC-14,PR-3621,22.0,17.0,2025-03-12,2025-04-11,Disponible
inv_004781,SUC-49,PR-3328,51.0,11.0,2025-04-23,2025-07-04,Disponible
inv_004782,SUC-46,PR-1857,20.0,9.0,2025-03-06,2025-04-21,Disponible
I-004783,SUC-25,PR-1328,39.0,5.0,2025-06-22,2025-08-28,Disponible
inv_004784,SUC-30,PR-3084,75.0,9.0,2025-05-02,2025-05-03,Disponible
inv_004785,SUC-29,PR-4628,10.0,19.0,2025-06-07,2025-06-20,Bajo stock
inv_004786,SUC-14,PR-1955,96.0,7.0,2025-06-26,2025-07-04,Disponible
I-004787,SUC-18,PR-9931,43.0,12.0,2025-06-18,2025-06-28,Disponible
inv_004788,SUC-37,PR-8933,97.0,10.0,2025-05-15,2025-08-21,Disponible
I-004789,SUC-33,PR-1011,33.0,14.0,2025-03-27,2025-04-28,Disponible
I-004790,SUC-20,PR-9421,44.0,11.0,2025-07-04,2025-07-13,Disponible
I-004791,SUC-37,PR-2841,3.0,5.0,2025-04-01,2025-07-12,Bajo stock
I-004792,SUC-16,PR-3890,2.0,13.0,2025-05-24,2025-06-16,Bajo stock
I-004793,SUC-24,PR-5698,32.0,9.0,2025-07-25,2025-08-20,Disponible
I-004794,SUC-50,PR-1554,94.0,20.0,2025-06-21,2025-08-11,Disponible
I-004795,SUC-6,PR-6206,9.0,12.0,2025-07-29,2026-01-01,Bajo stock
I-004796,SUC-12,PR-1119,47.0,16.0,2025-04-28,2025-07-01,Disponible
I-004797,SUC-2,PR-2459,2.0,12.0,2025-05-13,2025-06-19,Bajo stock
I-004798,SUC-18,PR-8413,20.0,17.0,2025-04-22,2025-08-21,Disponible
I-004799,SUC-34,PR-4149,17.0,9.0,2025-06-13,2025-08-05,Disponible
inv_004800,SUC-25,PR-8140,-4.0,,2025-03-18,2025-03-29,Agotado
I-004801,SUC-25,PR-4636,69.0,9.0,2025-05-09,2025-08-20,Disponible
inv_004802,SUC-27,PR-1539,86.0,9.0,2025-04-03,2025-06-13,Disponible
inv_004803,SUC-32,PR-7223,0.0,9.0,2025-07-05,2025-07-21,Agotado
I-004804,SUC-33,PR-2266,45.0,17.0,2025-03-16,2025-07-23,Disponible
I-004805,SUC-19,PR-5314,12.0,14.0,2025-07-05,2025-07-10,Bajo stock
inv_004806,SUC-23,PR-7982,41.0,8.0,2025-05-23,2025-05-24,Disponible
I-004807,SUC-4,PR-5177,57.0,6.0,2025-04-09,2025-05-10,Disponible
inv_004808,SUC-5,PR-7045,49.0,13.0,2025-06-06,2025-07-01,Disponible
inv_004809,SUC-14,PR-8318,77.0,5.0,2025-07-16,2025-07-26,Disponible
I-004810,SUC-41,PR-7224,54.0,19.0,2025-04-25,2025-06-16,Disponible
I-004811,SUC-7,PR-3171,9.0,13.0,2025-05-02,2025-05-20,Bajo stock
inv_004812,SUC-15,PR-2272,60.0,14.0,2025-05-31,2025-06-10,Disponible
I-004813,SUC-14,PR-4864,14.0,9.0,2025-06-13,2025-06-29,Disponible
I-004814,SUC-50,PR-8709,74.0,10.0,2025-06-22,2025-07-23,Disponible
I-004815,SUC-12,PR-3490,44.0,10.0,2025-03-21,2025-04-12,Disponible
inv_004816,SUC-3,PR-6301,91.0,17.0,2025-07-13,2025-08-24,Disponible
I-004817,SUC-42,PR-7822,25.0,12.0,2025-07-09,2025-08-16,Disponible
I-004818,SUC-45,PR-880,9.0,13.0,2025-07-24,2025-08-12,Bajo stock
I-004819,SUC-17,PR-772,87.0,17.0,2025-04-21,2025-05-28,Disponible
I-004820,SUC-3,PR-685,48.0,7.0,2025-03-03,2025-07-16,Agotado
inv_004821,SUC-17,PR-3886,74.0,8.0,2025-04-02,2025-07-04,Disponible
I-004822,SUC-11,PR-5826,89.0,17.0,2025-03-08,2025-08-09,Disponible
I-004823,SUC-8,PR-4463,51.0,15.0,2025-03-24,2025-06-23,Disponible
inv_004824,SUC-37,PR-6921,65.0,20.0,2025-04-14,2025-08-23,Disponible
I-004825,SUC-24,PR-5098,84.0,14.0,2025-05-01,2025-07-13,Disponible
I-004826,SUC-11,PR-8571,70.0,8.0,2025-03-20,2025-05-28,Disponible
I-004827,SUC-49,PR-468,90.0,9.0,2025-05-31,2025-07-22,Disponible
I-004828,SUC-44,PR-140,1.0,20.0,2025-04-12,2025-06-20,Bajo stock
inv_004829,SUC-26,PR-9570,26.0,17.0,2025-05-22,2025-06-08,Disponible
I-004830,SUC-34,PR-5094,83.0,16.0,2025-07-23,2025-08-16,Disponible
I-004831,SUC-37,PR-3100,58.0,17.0,2025-04-03,2025-05-13,Disponible
I-004832,SUC-8,PR-1954,11.0,9.0,2025-07-27,2025-08-22,Disponible
inv_004833,SUC-13,PR-9856,57.0,12.0,2025-03-09,2025-08-27,Disponible
I-004834,SUC-32,PR-8641,91.0,14.0,2025-06-11,2025-08-22,Disponible
I-004835,SUC-22,PR-4994,79.0,9.0,2025-06-05,2025-07-04,Disponible
inv_004836,SUC-13,PR-1235,13.0,14.0,2025-07-22,2025-07-27,Bajo stock
I-004837,SUC-23,PR-6117,43.0,20.0,2025-04-28,2025-08-06,Disponible
I-004838,SUC-14,PR-508,7.0,15.0,2025-03-17,2025-06-11,Bajo stock
I-004839,SUC-39,PR-1430,9.0,20.0,2025-03-04,2025-06-30,Bajo stock
inv_004840,SUC-7,PR-7384,42.0,6.0,2025-04-02,2025-07-11,Bajo stock
inv_004841,SUC-30,PR-3896,22.0,8.0,2025-05-30,2025-06-30,Disponible
I-004842,SUC-14,PR-5133,8.0,12.0,2025-07-02,2025-08-10,Bajo stock
I-004843,SUC-7,PR-5482,1.0,5.0,2025-03-22,2025-07-01,Bajo stock
I-004844,SUC-17,PR-5982,57.0,15.0,2025-07-07,2025-07-24,Disponible
I-004845,SUC-30,PR-4009,73.0,9.0,2025-04-04,2025-05-12,Disponible
inv_004846,SUC-15,PR-9205,32.0,9.0,2025-04-24,2025-08-17,Disponible
I-004847,SUC-1,PR-4153,96.0,5.0,2025-07-14,2025-07-22,Disponible
I-004848,SUC-48,PR-5479,45.0,13.0,2025-04-09,2025-06-18,Disponible
I-004849,SUC-25,PR-1585,67.0,19.0,2025-07-05,2025-08-09,Disponible
,SUC-24,PR-5409,30.0,14.0,2025-05-05,2025-05-29,Disponible
I-004851,SUC-11,PR-9529,67.0,17.0,2025-06-12,2025-06-22,Disponible
inv_004852,SUC-49,PR-5775,7.0,6.0,2025-07-06,2025-08-27,Disponible
inv_004853,SUC-23,PR-7441,96.0,13.0,2025-06-22,2025-06-26,Disponible
I-004854,SUC-50,PR-1961,90.0,12.0,2025-05-01,2025-05-13,Disponible
inv_004855,SUC-16,PR-4733,52.0,20.0,2025-04-24,2025-05-06,Disponible
I-004856,SUC-16,PR-9737,43.0,19.0,2025-06-17,2025-08-17,Disponible
I-004857,SUC-46,PR-6050,88.0,5.0,2025-05-04,2025-06-10,Disponible
I-004858,SUC-40,PR-1325,70.0,14.0,2025-06-06,2025-06-30,Disponible
inv_004859,SUC-3,PR-6487,25.0,10.0,2025-05-10,2025-06-07,Disponible
inv_004860,SUC-5,PR-6404,79.0,12.0,2025-05-20,2025-06-06,Disponible
inv_004861,SUC-19,PR-9289,55.0,19.0,2025-06-24,2025-08-02,Disponible
inv_004862,SUC-22,PR-70,47.0,14.0,2025-05-22,2025-08-13,Disponible
I-004863,SUC-5,PR-5770,31.0,6.0,2025-07-09,2025-08-04,Disponible
inv_004864,SUC-22,PR-2624,28.0,13.0,2025-06-03,2025-08-17,Disponible
inv_004865,SUC-2,PR-9300,66.0,5.0,2025-03-22,,Disponible
inv_004866,SUC-44,PR-7058,9.0,7.0,2025-07-10,2025-08-14,Disponible
I-004867,SUC-16,PR-463,0.0,14.0,2025-05-23,2025-07-15,Agotado
I-004868,SUC-14,PR-910,95.0,20.0,2025-07-14,2025-08-21,Disponible
I-004869,SUC-39,PR-1258,70.0,7.0,2025-07-02,2025-08-10,Disponible
I-004870,SUC-12,PR-8516,2.0,16.0,2025-06-30,2025-07-12,Bajo stock
I-004871,SUC-30,PR-1586,83.0,6.0,2025-07-11,2025-07-17,Disponible
I-004872,SUC-12,PR-4405,75.0,19.0,2025-03-05,2025-06-19,Disponible
I-004873,SUC-25,PR-3196,43.0,14.0,2025-05-20,2025-06-17,Disponible
inv_004874,SUC-50,PR-7001,73.0,5.0,2025-05-26,2025-06-19,Disponible
I-004875,SUC-20,PR-1653,89.0,,2025-03-15,2025-03-26,Disponible
I-004876,SUC-18,PR-5978,83.0,13.0,2025-06-20,2025-08-09,Disponible
I-004877,SUC-47,PR-4799,59.0,19.0,2025-07-16,2025-08-11,Disponible
inv_004878,SUC-10,PR-4732,48.0,6.0,2025-04-08,2025-06-09,Disponible
I-004879,SUC-4,PR-9817,44.0,13.0,2025-06-25,2025-07-09,Disponible
inv_004880,SUC-24,,93.0,6.0,2025-04-02,2025-08-07,Desconocido
inv_004881,SUC-33,PR-7444,40.0,12.0,2025-06-06,2025-08-16,Disponible
I-004882,SUC-30,PR-9662,63.0,15.0,2025-03-18,2025-04-22,Disponible
inv_004883,SUC-37,PR-5038,33.0,13.0,2025-05-04,2025-07-23,Disponible
inv_004884,SUC-48,PR-7473,69.0,16.0,2025-07-12,2025-08-04,Disponible
I-004885,SUC-29,PR-8465,56.0,19.0,2025-07-20,2025-08-24,Disponible
I-004886,SUC-11,PR-5507,3.0,17.0,2025-06-02,2025-07-07,Bajo stock
I-004887,SUC-49,PR-6058,34.0,20.0,2025-05-26,2025-08-10,Disponible
I-004888,SUC-17,PR-1436,20.0,19.0,2025-05-26,2025-08-22,Disponible
I-004889,SUC-40,PR-6177,73.0,7.0,2025-07-16,2025-08-26,Disponible
I-004890,SUC-36,PR-5835,-11.0,11.0,2025-03-10,2025-07-25,Bajo stock
inv_004891,SUC-1,PR-339,56.0,9.0,2025-06-17,2025-08-02,Disponible
I-004892,SUC-7,PR-891,47.0,9.0,2025-03-13,2025-04-25,Disponible
inv_004893,SUC-19,PR-4104,11.0,10.0,2025-05-17,2025-06-21,Disponible
I-004894,SUC-42,PR-6409,66.0,19.0,2025-03-08,2025-03-20,Disponible
I-004895,SUC-25,PR-7186,63.0,17.0,2025-07-23,2025-07-30,Disponible
I-004896,SUC-29,PR-9193,8.0,18.0,2025-03-02,2025-06-07,Bajo stock
I-004897,SUC-21,PR-8661,7.0,12.0,2025-07-10,2025-07-11,Bajo stock
I-004898,SUC-15,PR-5142,2.0,17.0,2025-05-21,2025-07-03,Bajo stock
I-004899,SUC-19,PR-539,25.0,6.0,2025-07-18,2025-08-20,Disponible
I-004900,SUC-26,PR-9057,66.0,76.0,2025-04-11,2025-07-01,Bajo stock
inv_004901,SUC-7,PR-4743,24.0,9.0,2025-04-02,2025-06-09,Disponible
I-004902,SUC-29,PR-9494,96.0,16.0,2025-04-04,2025-04-12,Disponible
I-004903,SUC-9,PR-2211,67.0,10.0,2025-07-02,2025-08-08,Disponible
I-004904,SUC-35,PR-6121,89.0,12.0,2025-05-05,2025-05-09,Disponible
I-004905,SUC-39,PR-8584,95.0,10.0,2025-07-28,2025-07-28,Disponible
I-004906,SUC-11,PR-257,5.0,18.0,2025-07-17,2025-07-21,Bajo stock
I-004907,SUC-42,PR-2925,38.0,6.0,2025-05-28,2025-08-24,Disponible
inv_004908,SUC-32,PR-4835,55.0,16.0,2025-05-22,2025-06-22,Disponible
I-004909,SUC-48,PR-2980,55.0,20.0,2025-04-21,2025-08-22,Disponible
I-004910,SUC-17,PR-6446,98.0,7.0,2025-04-01,2025-04-22,Disponible
I-004911,SUC-2,PR-6117,36.0,20.0,2025-04-13,2025-07-23,Disponible
I-004912,SUC-46,PR-5722,48.0,9.0,2025-04-29,2025-06-18,Disponible
inv_004913,SUC-3,PR-1413,67.0,15.0,2025-07-11,2025-07-17,Disponible
I-004914,SUC-11,PR-6505,76.0,15.0,2025-07-17,2025-07-17,Disponible
I-004915,SUC-41,PR-3918,99.0,8.0,2025-06-19,2025-07-04,Disponible
inv_004916,SUC-38,PR-7869,26.0,18.0,2025-03-05,2025-04-22,Disponible
I-004917,SUC-27,PR-6858,49.0,12.0,2025-03-02,2025-08-05,Disponible
inv_004918,SUC-1,PR-8630,36.0,13.0,2025-03-31,2025-07-03,Disponible
I-004919,SUC-5,PR-6097,14.0,13.0,2025-03-09,2025-08-14,Disponible
inv_004920,SUC-23,PR-1170,38.0,11.0,2025-04-17,2025-08-25,Bajo stock
I-004921,SUC-50,PR-3815,32.0,5.0,2025-05-20,2025-07-26,Disponible
I-004922,SUC-14,PR-1625,81.0,11.0,2025-05-14,2025-07-05,Disponible
I-004923,SUC-26,PR-5038,25.0,7.0,2025-06-27,2025-08-12,Disponible
I-004924,SUC-17,PR-9002,47.0,10.0,2025-04-12,2025-05-06,Disponible
I-004925,SUC-16,PR-9103,51.0,16.0,2025-05-30,2025-07-23,Disponible
inv_004926,SUC-21,PR-1318,37.0,12.0,2025-07-08,2025-08-15,Disponible
inv_004927,SUC-25,PR-1952,77.0,10.0,2025-05-27,2025-08-21,Disponible
I-004928,SUC-15,PR-4271,20.0,11.0,2025-06-13,2025-06-26,Disponible
inv_004929,SUC-11,PR-1435,23.0,15.0,2025-06-17,2025-07-08,Disponible
I-004930,SUC-30,PR-3408,41.0,7.0,2025-03-19,2025-07-17,Disponible
I-004931,SUC-27,PR-283,4.0,17.0,2025-04-03,2025-08-18,Bajo stock
inv_004932,SUC-29,PR-78,12.0,18.0,2025-06-13,2025-07-08,Bajo stock
inv_004933,SUC-27,PR-2783,43.0,7.0,2025-04-14,2025-08-08,Disponible
I-004934,SUC-7,PR-4169,61.0,15.0,2025-05-16,2025-07-30,Disponible
inv_004935,SUC-43,PR-3929,95.0,17.0,2025-03-23,2026-01-01,Disponible
I-004936,SUC-1,PR-52,70.0,18.0,2025-04-14,2025-07-01,Disponible
I-004937,SUC-50,PR-3549,97.0,6.0,2025-04-11,2025-05-23,Disponible
inv_004938,SUC-33,PR-7856,57.0,13.0,2025-04-14,2025-06-05,Disponible
I-004939,SUC-6,PR-290,94.0,15.0,2025-04-29,2025-08-21,Disponible
I-004940,SUC-43,PR-9212,19.0,15.0,2025-04-04,2025-05-05,Disponible
I-004941,SUC-49,PR-9914,84.0,17.0,2025-04-14,2025-08-08,Disponible
I-004942,SUC-8,PR-687,19.0,14.0,2025-07-10,2025-07-10,Disponible
I-004943,SUC-18,PR-8401,2.0,20.0,2025-03-19,2025-07-03,Bajo stock
I-004944,SUC-4,PR-7294,61.0,6.0,2025-07-24,2025-08-11,Disponible
I-004945,SUC-23,PR-6892,34.0,19.0,2025-03-14,2025-06-11,Disponible
I-004946,SUC-48,PR-1021,55.0,14.0,2025-07-14,2025-07-30,Disponible
inv_004947,SUC-47,PR-3644,5.0,15.0,2025-05-18,2025-06-24,Bajo stock
I-004948,SUC-4,PR-77,18.0,15.0,2025-04-26,2025-07-02,Disponible
inv_004949,SUC-39,PR-6238,38.0,16.0,2025-05-31,2025-07-24,Disponible
inv_004950,SUC-50,PR-9879,,13.0,2025-03-10,2025-08-28,Disponible
I-004951,SUC-8,PR-8149,5.0,17.0,2025-07-16,2025-08-05,Bajo stock
I-004952,SUC-30,PR-9933,71.0,11.0,2025-05-06,2025-07-11,Disponible
inv_004953,SUC-38,PR-8782,86.0,20.0,2025-07-29,2025-08-11,Disponible
I-004954,SUC-31,PR-175,34.0,20.0,2025-05-23,2025-07-26,Disponible
inv_004955,SUC-14,PR-5753,75.0,11.0,2025-06-08,2025-08-12,Disponible
inv_004956,SUC-4,PR-8089,5.0,11.0,2025-04-18,2025-05-01,Bajo stock
I-004957,SUC-47,PR-8074,6.0,13.0,2025-04-30,2025-07-01,Bajo stock
inv_004958,SUC-41,PR-1204,54.0,16.0,2025-06-13,2025-08-20,Disponible
I-004959,SUC-33,PR-8901,40.0,11.0,2025-04-21,2025-06-01,Disponible
I-004960,SUC-4,,98.0,10.0,2025-04-04,2025-06-26,Disponible
I-004961,SUC-41,PR-7041,14.0,12.0,2025-05-04,2025-08-05,Disponible
I-004962,SUC-31,PR-635,37.0,9.0,2025-06-08,2025-07-24,Disponible
inv_004963,SUC-7,PR-5829,9.0,12.0,2025-07-09,2025-07-24,Bajo stock
inv_004964,SUC-47,PR-7002,52.0,18.0,2025-05-13,2025-05-28,Disponible
I-004965,SUC-9,PR-4542,51.0,13.0,2025-04-11,2025-05-21,Disponible
I-004966,SUC-39,PR-4931,35.0,15.0,2025-03-21,2025-08-18,Disponible
I-004967,SUC-4,PR-5765,53.0,7.0,2025-03-16,2025-06-04,Disponible
I-004968,SUC-40,PR-7218,87.0,12.0,2025-04-05,2025-08-18,Disponible
inv_004969,SUC-20,PR-2051,53.0,18.0,2025-06-10,2025-08-09,Disponible
inv_004970,SUC-39,PR-4806,19.0,12.0,2025-06-23,2025-06-30,Disponible
inv_004971,SUC-19,PR-2485,29.0,20.0,2025-06-02,2025-06-13,Disponible
I-004972,SUC-23,PR-5627,69.0,15.0,2025-05-11,2025-05-16,Disponible
I-004973,SUC-46,PR-5709,80.0,7.0,2025-07-12,2025-08-14,Disponible
I-004974,SUC-28,PR-9222,35.0,12.0,2025-07-07,2025-07-31,Disponible
I-004975,SUC-4,PR-9913,71.0,,2025-07-12,2025-08-03,Disponible
I-004976,SUC-22,PR-9144,52.0,5.0,2025-06-11,2025-06-18,Disponible
I-004977,SUC-13,PR-6045,88.0,18.0,2025-04-03,2025-07-23,Disponible
I-004978,SUC-14,PR-5314,29.0,15.0,2025-07-25,2025-07-30,Disponible
I-004979,SUC-2,PR-9042,12.0,8.0,2025-04-27,2025-07-15,Disponible
I-004980,SUC-31,PR-7521,,8.0,2025-04-10,2025-08-01,Bajo stock
inv_004981,SUC-24,PR-1564,99.0,16.0,2025-04-07,2025-07-17,Disponible
inv_004982,SUC-46,PR-4274,69.0,17.0,2025-05-28,2025-06-06,Disponible
inv_004983,SUC-31,PR-8208,83.0,20.0,2025-03-28,2025-08-13,Disponible
I-004984,SUC-2,PR-605,43.0,13.0,2025-03-02,2025-03-24,Disponible
inv_004985,SUC-8,PR-174,84.0,10.0,2025-06-21,2025-08-13,Disponible
I-004986,SUC-12,PR-9759,94.0,10.0,2025-07-13,2025-07-21,Disponible
I-004987,SUC-30,PR-509,99.0,13.0,2025-03-12,2025-05-13,Disponible
I-004988,SUC-23,PR-5344,86.0,5.0,2025-04-16,2025-06-03,Disponible
I-004989,SUC-2,PR-9353,98.0,14.0,2025-04-14,2025-07-04,Disponible
inv_004990,SUC-44,PR-4910,76.0,7.0,2025-04-28,2025-07-29,Disponible
inv_004991,SUC-40,PR-3362,66.0,20.0,2025-03-29,2025-08-27,Disponible
inv_004992,SUC-1,PR-1237,59.0,9.0,2025-03-13,2025-05-30,Disponible
I-004993,SUC-4,PR-9845,53.0,13.0,2025-07-01,2025-08-18,Disponible
I-004994,SUC-13,PR-1117,5.0,15.0,2025-05-25,2025-06-05,Bajo stock
inv_004995,SUC-35,PR-8713,48.0,10.0,2025-05-02,2025-06-30,Disponible
I-004996,SUC-14,PR-8807,36.0,7.0,2025-06-17,2025-08-02,Disponible
inv_004997,SUC-18,PR-1111,49.0,11.0,2025-06-19,2025-08-13,Disponible
I-004998,SUC-19,PR-7676,71.0,18.0,2025-03-09,2025-06-17,Disponible
I-004999,SUC-5,PR-6331,49.0,12.0,2025-07-10,2025-08-26,Disponible
I-005000,SUC-24,PR-7958,75.0,85.0,2025-07-10,2025-07-22,Bajo stock
I-005001,SUC-41,PR-3388,37.0,9.0,2025-05-13,2025-05-16,Disponible
I-005002,SUC-24,PR-3795,78.0,11.0,2025-03-05,2025-04-14,Disponible
inv_005003,SUC-43,PR-4733,45.0,5.0,2025-06-08,2025-08-13,Disponible
I-005004,SUC-44,PR-4867,55.0,19.0,2025-04-20,2025-06-10,Disponible
inv_005005,SUC-32,PR-2126,5.0,17.0,2025-05-12,2025-07-04,Bajo stock
I-005006,SUC-46,PR-2065,48.0,20.0,2025-05-31,2025-07-08,Disponible
inv_005007,SUC-5,PR-9922,97.0,7.0,2025-05-16,2025-08-23,Disponible
I-005008,SUC-29,PR-6898,53.0,10.0,2025-07-01,2025-08-06,Disponible
I-005009,SUC-33,PR-7718,74.0,13.0,2025-07-19,2025-08-03,Disponible
inv_005010,SUC-12,PR-5501,,13.0,2025-04-08,2025-04-12,Disponible
inv_005011,SUC-2,PR-5535,81.0,12.0,2025-06-25,2025-07-05,Disponible
I-005012,SUC-46,PR-4181,89.0,16.0,2025-06-25,2025-07-19,Disponible
I-005013,SUC-15,PR-5384,34.0,11.0,2025-03-22,2025-07-03,Disponible
I-005014,SUC-22,PR-5111,55.0,6.0,2025-05-01,2025-08-25,Disponible
inv_005015,SUC-36,PR-2435,65.0,14.0,2025-03-23,2025-08-18,Disponible
inv_005016,SUC-11,PR-1656,58.0,9.0,2025-07-20,2025-08-24,Disponible
I-005017,SUC-9,PR-5697,57.0,7.0,2025-07-26,2025-08-02,Disponible
inv_005018,SUC-40,PR-299,31.0,17.0,2025-03-12,2025-06-10,Disponible
I-005019,SUC-27,PR-9495,100.0,12.0,2025-04-08,2025-07-23,Disponible
I-005020,SUC-26,PR-2658,4.0,5.0,2025-05-08,2025-08-02,Bajo stock
I-005021,SUC-38,PR-1768,33.0,15.0,2025-04-03,2025-07-05,Disponible
I-005022,SUC-34,PR-5881,73.0,15.0,2025-05-18,2025-08-16,Disponible
I-005023,SUC-25,PR-4977,60.0,15.0,2025-07-18,2025-07-20,Disponible
inv_005024,SUC-21,PR-82,17.0,20.0,2025-04-20,2025-05-09,Bajo stock
I-005025,SUC-4,PR-8850,18.0,9.0,2025-05-02,2025-06-17,Disponible
inv_005026,SUC-50,PR-4443,11.0,20.0,2025-06-28,2025-07-17,Bajo stock
I-005027,SUC-39,PR-7781,1.0,15.0,2025-03-30,2025-05-07,Bajo stock
I-005028,SUC-40,PR-2873,52.0,18.0,2025-03-28,2025-07-07,Disponible
inv_005029,SUC-40,PR-7407,6.0,17.0,2025-04-03,2025-04-27,Bajo stock
I-005030,SUC-29,PR-9384,0.0,19.0,2025-06-09,2025-07-18,Agotado
I-005031,SUC-49,PR-7608,93.0,18.0,2025-06-03,2025-07-12,Disponible
I-005032,SUC-8,PR-5320,41.0,20.0,2025-04-18,2025-07-27,Disponible
I-005033,SUC-39,PR-7799,79.0,10.0,2025-07-27,2025-08-03,Disponible
inv_005034,SUC-34,PR-7684,62.0,14.0,2025-03-29,2025-04-13,Disponible
I-005035,SUC-42,PR-305,97.0,9.0,2025-07-18,2025-07-19,Disponible
I-005036,SUC-19,PR-5701,28.0,13.0,2025-03-23,2025-05-26,Disponible
I-005037,SUC-1,PR-1663,41.0,18.0,2025-05-31,2025-08-15,Disponible
I-005038,SUC-36,PR-7830,53.0,9.0,2025-03-18,2025-05-11,Disponible
I-005039,SUC-35,PR-5813,57.0,10.0,2025-04-18,2025-04-19,Disponible
I-005040,SUC-49,,,11.0,2025-03-22,2026-01-01,Desconocido
I-005041,SUC-18,PR-6763,76.0,20.0,2025-04-18,2025-07-03,Disponible
I-005042,SUC-22,PR-7281,43.0,13.0,2025-03-03,2025-04-04,Disponible
inv_005043,SUC-28,PR-1199,67.0,15.0,2025-04-22,2025-06-06,Disponible
I-005044,SUC-48,PR-7632,83.0,6.0,2025-03-25,2025-04-10,Disponible
inv_005045,SUC-41,PR-5782,44.0,6.0,2025-06-11,2025-07-11,Disponible
I-005046,SUC-25,PR-2449,84.0,15.0,2025-05-03,2025-08-17,Disponible
I-005047,SUC-44,PR-2535,4.0,16.0,2025-05-09,2025-05-14,Bajo stock
inv_005048,SUC-46,PR-4413,13.0,5.0,2025-05-07,2025-07-13,Disponible
I-005049,SUC-45,PR-8921,5.0,16.0,2025-05-02,2025-06-22,Bajo stock
inv_005050,SUC-39,PR-2449,50.0,,2025-06-14,2025-07-25,Disponible
I-005051,SUC-47,PR-3635,96.0,7.0,2025-03-15,2025-07-22,Disponible
I-005052,SUC-32,PR-291,79.0,8.0,2025-07-05,2025-08-12,Disponible
I-005053,SUC-12,PR-5217,49.0,6.0,2025-05-29,2025-07-23,Disponible
I-005054,SUC-37,PR-3483,100.0,18.0,2025-07-20,2025-08-22,Disponible
inv_005055,SUC-3,PR-5619,65.0,5.0,2025-05-20,2025-06-15,Disponible
I-005056,SUC-7,PR-1844,68.0,14.0,2025-07-21,2025-08-24,Disponible
I-005057,SUC-13,PR-3934,46.0,17.0,2025-06-28,2025-07-01,Disponible
I-005058,SUC-32,PR-7109,37.0,10.0,2025-06-02,2025-06-30,Disponible
I-005059,SUC-11,PR-3228,92.0,15.0,2025-06-22,2025-08-11,Disponible
I-005060,SUC-38,PR-8451,85.0,16.0,2025-07-08,2025-07-17,Disponible
I-005061,SUC-7,PR-1902,59.0,20.0,2025-04-29,2025-05-26,Disponible
I-005062,SUC-8,PR-7128,74.0,10.0,2025-05-04,2025-05-13,Disponible
I-005063,SUC-40,PR-9611,87.0,5.0,2025-05-14,2025-08-26,Disponible
I-005064,SUC-39,PR-9207,57.0,20.0,2025-07-16,2025-07-30,Disponible
I-005065,SUC-17,PR-4111,87.0,19.0,2025-04-07,2025-05-30,Disponible
I-005066,SUC-32,PR-9841,34.0,5.0,2025-06-28,2025-08-27,Disponible
I-005067,SUC-50,PR-8188,56.0,20.0,2025-03-02,2025-07-09,Disponible
inv_005068,SUC-10,PR-790,74.0,7.0,2025-07-16,2025-08-10,Disponible
I-005069,SUC-14,PR-4435,0.0,12.0,2025-04-27,2025-08-27,Agotado
I-005070,SUC-33,PR-3421,,10.0,2025-05-19,2025-07-13,Disponible
inv_005071,SUC-41,PR-1116,34.0,5.0,2025-04-28,2025-05-29,Disponible
I-005072,SUC-6,PR-7513,43.0,10.0,2025-06-27,2025-07-13,Disponible
I-005073,SUC-30,PR-7922,65.0,8.0,2025-05-19,2025-06-19,Disponible
I-005074,SUC-18,PR-2704,94.0,17.0,2025-06-05,2025-06-13,Disponible
inv_005075,SUC-19,PR-4923,91.0,9.0,2025-04-07,2025-08-18,Disponible
I-005076,SUC-32,PR-4421,82.0,6.0,2025-04-24,2025-07-05,Disponible
I-005077,SUC-41,PR-4331,71.0,5.0,2025-03-19,2025-07-10,Disponible
I-005078,SUC-25,PR-1301,24.0,15.0,2025-04-28,2025-05-24,Disponible
I-005079,SUC-17,PR-5035,7.0,8.0,2025-07-22,2025-07-29,Bajo stock
I-005080,SUC-11,PR-3631,28.0,11.0,2025-06-07,2025-08-26,Desconocido
I-005081,SUC-37,PR-8180,95.0,11.0,2025-03-22,2025-05-02,Disponible
I-005082,SUC-18,PR-4089,75.0,16.0,2025-06-30,2025-07-15,Disponible
I-005083,SUC-20,PR-4997,100.0,6.0,2025-05-07,2025-05-15,Disponible
I-005084,SUC-35,PR-14,18.0,9.0,2025-06-11,2025-08-05,Disponible
I-005085,SUC-38,PR-8167,35.0,12.0,2025-05-25,2025-07-16,Disponible
I-005086,SUC-45,PR-8211,64.0,17.0,2025-07-05,2025-08-13,Disponible
I-005087,SUC-48,PR-6816,25.0,9.0,2025-05-24,2025-08-20,Disponible
I-005088,SUC-30,PR-3902,20.0,17.0,2025-05-15,2025-07-03,Disponible
I-005089,SUC-5,PR-3050,31.0,10.0,2025-05-03,2025-05-27,Disponible
I-005090,SUC-35,PR-5362,12.0,15.0,2025-07-24,2025-08-28,Bajo stock
I-005091,SUC-31,PR-17,0.0,20.0,2025-03-25,2025-08-16,Agotado
I-005092,SUC-27,PR-6387,4.0,5.0,2025-07-27,2025-08-04,Bajo stock
inv_005093,SUC-4,PR-4669,62.0,12.0,2025-04-15,2025-06-19,Disponible
I-005094,SUC-8,PR-314,17.0,17.0,2025-07-12,2025-08-16,Bajo stock
I-005095,SUC-33,PR-8117,40.0,15.0,2025-07-23,2025-08-28,Disponible
I-005096,SUC-48,PR-2369,79.0,12.0,2025-05-21,2025-06-15,Disponible
inv_005097,SUC-19,PR-3302,44.0,5.0,2025-05-22,2025-06-02,Disponible
inv_005098,SUC-38,PR-7469,28.0,9.0,2025-03-27,2025-03-27,Disponible
I-005099,SUC-11,PR-5620,48.0,20.0,2025-03-24,2025-05-24,Disponible
I-005100,SUC-45,PR-1128,,50.0,2025-03-16,2025-07-18,Desconocido
I-005101,SUC-30,PR-3166,68.0,5.0,2025-05-24,2025-07-28,Disponible
inv_005102,SUC-35,PR-3176,96.0,20.0,2025-03-31,2025-05-05,Disponible
I-005103,SUC-24,PR-7696,41.0,12.0,2025-05-07,2025-07-22,Disponible
inv_005104,SUC-19,PR-7047,71.0,19.0,2025-06-07,2025-06-29,Disponible
I-005105,SUC-9,PR-1364,36.0,19.0,2025-06-29,2025-07-07,Disponible
I-005106,SUC-18,PR-2089,63.0,14.0,2025-06-22,2025-07-21,Disponible
inv_005107,SUC-49,PR-9336,65.0,11.0,2025-04-18,2025-05-06,Disponible
inv_005108,SUC-5,PR-6879,20.0,19.0,2025-06-16,2025-07-12,Disponible
I-005109,SUC-24,PR-30,22.0,8.0,2025-04-09,2025-05-08,Disponible
inv_005110,SUC-14,PR-8262,6.0,6.0,2025-05-14,2025-08-09,Bajo stock
I-005111,SUC-40,PR-3174,46.0,10.0,2025-07-03,2025-08-24,Disponible
inv_005112,SUC-24,PR-438,44.0,15.0,2025-07-20,2025-07-22,Disponible
I-005113,SUC-18,PR-31,92.0,12.0,2025-04-06,2025-06-07,Disponible
inv_005114,SUC-7,PR-51,34.0,7.0,2025-06-28,2025-07-08,Disponible
I-005115,SUC-10,PR-8062,94.0,10.0,2025-07-18,2025-08-15,Disponible
I-005116,SUC-28,PR-9132,74.0,10.0,2025-06-20,2025-07-04,Disponible
inv_005117,SUC-7,PR-9112,32.0,18.0,2025-03-18,2025-07-30,Disponible
I-005118,SUC-3,PR-631,63.0,17.0,2025-03-28,2025-07-12,Disponible
I-005119,SUC-27,PR-2957,60.0,18.0,2025-06-29,2025-08-18,Disponible
I-005120,SUC-35,,57.0,20.0,2025-04-08,2025-06-08,Bajo stock
inv_005121,SUC-16,PR-9338,41.0,7.0,2025-07-21,2025-08-27,Disponible
inv_005122,SUC-2,PR-942,4.0,17.0,2025-03-13,2025-06-22,Bajo stock
inv_005123,SUC-5,PR-5719,54.0,19.0,2025-07-20,2025-08-16,Disponible
I-005124,SUC-9,PR-6476,17.0,14.0,2025-05-05,2025-07-26,Disponible
I-005125,SUC-44,PR-2278,84.0,19.0,2025-03-19,2025-07-09,Disponible
inv_005126,SUC-31,PR-758,25.0,10.0,2025-06-16,2025-08-06,Disponible
I-005127,SUC-14,PR-3446,35.0,14.0,2025-03-31,2025-05-28,Disponible
I-005128,SUC-3,PR-8812,19.0,15.0,2025-04-24,2025-08-09,Disponible
I-005129,SUC-7,PR-2463,9.0,12.0,2025-06-22,2025-08-02,Bajo stock
I-005130,SUC-21,PR-2103,-10.0,15.0,2025-05-15,2025-07-04,Bajo stock
I-005131,SUC-34,PR-2586,16.0,20.0,2025-06-17,2025-08-22,Bajo stock
I-005132,SUC-49,PR-2200,29.0,20.0,2025-04-30,2025-08-02,Disponible
I-005133,SUC-2,PR-3065,99.0,19.0,2025-07-29,2025-08-20,Disponible
I-005134,SUC-35,PR-6167,45.0,6.0,2025-07-02,2025-07-14,Disponible
I-005135,SUC-34,PR-3371,97.0,19.0,2025-03-29,2025-06-02,Disponible
inv_005136,SUC-31,PR-9742,16.0,10.0,2025-04-22,2025-05-26,Disponible
inv_005137,SUC-33,PR-2656,51.0,18.0,2025-05-29,2025-06-24,Disponible
inv_005138,SUC-39,PR-1505,37.0,11.0,2025-06-12,2025-08-12,Disponible
I-005139,SUC-48,PR-5916,29.0,16.0,2025-06-14,2025-07-11,Disponible
inv_005140,SUC-28,PR-47,99.0,20.0,2025-05-09,2025-06-23,Bajo stock
inv_005141,SUC-3,PR-6217,94.0,16.0,2025-03-18,2025-07-13,Disponible
I-005142,SUC-7,PR-3487,64.0,14.0,2025-03-28,2025-08-13,Disponible
I-005143,SUC-32,PR-664,23.0,8.0,2025-06-29,2025-07-07,Disponible
inv_005144,SUC-22,PR-6197,95.0,10.0,2025-04-15,2025-07-25,Disponible
inv_005145,SUC-2,PR-3379,70.0,5.0,2025-07-23,,Disponible
I-005146,SUC-28,PR-2748,4.0,19.0,2025-06-27,2025-08-25,Bajo stock
I-005147,SUC-45,PR-370,92.0,6.0,2025-03-28,2025-07-12,Disponible
I-005148,SUC-20,PR-1141,64.0,6.0,2025-07-02,2025-08-08,Disponible
I-005149,SUC-24,PR-9648,85.0,13.0,2025-03-23,2025-08-18,Disponible
,SUC-18,PR-927,43.0,8.0,2025-05-02,2025-07-27,Disponible
I-005151,SUC-47,PR-1766,77.0,5.0,2025-05-01,2025-05-28,Disponible
I-005152,SUC-29,PR-7675,88.0,5.0,2025-05-17,2025-07-27,Disponible
I-005153,SUC-25,PR-5967,3.0,13.0,2025-06-15,2025-08-20,Bajo stock
inv_005154,SUC-18,PR-9318,22.0,14.0,2025-04-30,2025-06-13,Disponible
inv_005155,SUC-37,PR-6008,96.0,15.0,2025-03-14,2025-08-07,Disponible
I-005156,SUC-38,PR-1373,26.0,8.0,2025-05-08,2025-06-27,Disponible
inv_005157,SUC-1,PR-3799,69.0,8.0,2025-05-29,2025-08-04,Disponible
I-005158,SUC-30,PR-4281,5.0,15.0,2025-06-22,2025-08-02,Bajo stock
I-005159,SUC-49,PR-2849,28.0,15.0,2025-07-17,2025-08-09,Disponible
I-005160,SUC-1,PR-891,-5.0,16.0,2025-06-24,2025-07-15,Bajo stock
I-005161,SUC-44,PR-8961,45.0,14.0,2025-07-29,2025-07-29,Disponible
inv_005162,SUC-23,PR-6565,98.0,14.0,2025-05-11,2025-06-11,Disponible
I-005163,SUC-37,PR-632,69.0,12.0,2025-05-07,2025-08-18,Disponible
I-005164,SUC-9,PR-3168,15.0,14.0,2025-03-06,2025-04-04,Disponible
inv_005165,SUC-3,PR-468,19.0,17.0,2025-07-01,2025-07-02,Disponible
inv_005166,SUC-43,PR-4174,37.0,16.0,2025-03-27,2025-06-11,Disponible
I-005167,SUC-42,PR-9346,42.0,6.0,2025-05-01,2025-08-15,Disponible
I-005168,SUC-46,PR-139,71.0,5.0,2025-05-14,2025-06-27,Disponible
I-005169,SUC-18,PR-7845,70.0,14.0,2025-04-14,2025-07-03,Disponible
inv_005170,SUC-48,PR-8188,65.0,11.0,2025-03-08,2025-08-10,Disponible
inv_005171,SUC-24,PR-488,76.0,12.0,2025-03-21,2025-04-09,Disponible
inv_005172,SUC-14,PR-5748,70.0,7.0,2025-06-12,2025-06-28,Disponible
I-005173,SUC-14,PR-9083,85.0,5.0,2025-07-10,2025-07-14,Disponible
inv_005174,SUC-31,PR-964,5.0,19.0,2025-07-14,2025-08-22,Bajo stock
I-005175,SUC-30,PR-8840,72.0,,2025-07-16,2025-07-24,Disponible
I-005176,SUC-6,PR-1375,99.0,20.0,2025-06-18,2025-08-16,Disponible
inv_005177,SUC-13,PR-3885,82.0,5.0,2025-07-16,2025-08-27,Disponible
inv_005178,SUC-36,PR-8625,24.0,17.0,2025-06-16,2025-08-21,Disponible
inv_005179,SUC-45,PR-4527,58.0,18.0,2025-07-21,2025-07-27,Disponible
I-005180,SUC-31,PR-9920,0.0,14.0,2025-04-10,2025-05-07,Agotado
I-005181,SUC-36,PR-2645,5.0,7.0,2025-03-24,2025-03-27,Bajo stock
I-005182,SUC-16,PR-8175,26.0,18.0,2025-03-16,2025-06-08,Disponible
I-005183,SUC-24,PR-3231,38.0,14.0,2025-03-21,2025-06-16,Disponible
I-005184,SUC-40,PR-6482,56.0,11.0,2025-04-02,2025-05-28,Disponible
I-005185,SUC-17,PR-6352,90.0,11.0,2025-07-01,2025-08-01,Disponible
I-005186,SUC-43,PR-9911,59.0,5.0,2025-05-22,2025-07-17,Disponible
inv_005187,SUC-18,PR-5224,42.0,17.0,2025-04-13,2025-05-20,Disponible
I-005188,SUC-23,PR-3850,9.0,8.0,2025-07-09,2025-08-21,Disponible
I-005189,SUC-48,PR-612,73.0,19.0,2025-07-21,2025-07-24,Disponible
I-005190,SUC-24,PR-3466,72.0,13.0,2025-03-06,2025-04-22,Disponible
I-005191,SUC-32,PR-1405,43.0,5.0,2025-07-04,2025-07-22,Disponible
I-005192,SUC-32,PR-1337,91.0,14.0,2025-05-26,2025-07-16,Disponible
I-005193,SUC-28,PR-5797,44.0,16.0,2025-04-21,2025-08-05,Disponible
I-005194,SUC-30,PR-1871,50.0,18.0,2025-05-18,2025-05-20,Disponible
I-005195,SUC-22,PR-335,89.0,20.0,2025-03-21,2025-04-18,Disponible
inv_005196,SUC-18,PR-6608,91.0,20.0,2025-06-26,2025-07-12,Disponible
inv_005197,SUC-2,PR-297,33.0,20.0,2025-05-28,2025-07-23,Disponible
I-005198,SUC-32,PR-2836,31.0,14.0,2025-06-23,2025-07-28,Disponible
I-005199,SUC-28,PR-6045,6.0,8.0,2025-05-22,2025-08-18,Bajo stock
inv_005200,SUC-2,,48.0,,2025-04-27,2025-08-19,Desconocido
I-005201,SUC-8,PR-7381,84.0,7.0,2025-03-31,2025-08-11,Disponible
inv_005202,SUC-42,PR-9254,15.0,18.0,2025-07-21,2025-08-28,Bajo stock
I-005203,SUC-47,PR-3356,69.0,15.0,2025-03-30,2025-06-08,Disponible
inv_005204,SUC-25,PR-5574,98.0,14.0,2025-07-09,2025-08-13,Disponible
I-005205,SUC-44,PR-943,10.0,6.0,2025-05-20,2025-08-25,Disponible
I-005206,SUC-1,PR-8481,34.0,5.0,2025-03-09,2025-06-05,Disponible
I-005207,SUC-5,PR-9224,49.0,6.0,2025-07-20,2025-07-31,Disponible
I-005208,SUC-30,PR-401,77.0,20.0,2025-03-06,2025-06-17,Disponible
inv_005209,SUC-10,PR-309,6.0,15.0,2025-07-26,2025-08-22,Bajo stock
inv_005210,SUC-46,PR-6563,34.0,12.0,2025-07-15,2025-07-16,Disponible
I-005211,SUC-32,PR-2980,48.0,8.0,2025-05-28,2025-06-15,Disponible
inv_005212,SUC-30,PR-9473,15.0,17.0,2025-07-06,2025-08-16,Bajo stock
I-005213,SUC-18,PR-2196,65.0,5.0,2025-04-16,2025-07-28,Disponible
I-005214,SUC-20,PR-5835,20.0,15.0,2025-04-06,2025-05-02,Disponible
I-005215,SUC-19,PR-6598,30.0,9.0,2025-03-16,2026-01-01,Disponible
inv_005216,SUC-1,PR-3624,41.0,16.0,2025-07-11,2025-07-22,Disponible
I-005217,SUC-39,PR-4048,37.0,14.0,2025-04-17,2025-05-28,Disponible
inv_005218,SUC-20,PR-6240,72.0,8.0,2025-06-27,2025-07-03,Disponible
I-005219,SUC-42,PR-9536,24.0,20.0,2025-04-11,2025-05-01,Disponible
inv_005220,SUC-22,PR-4919,,13.0,2025-06-19,2025-07-08,Disponible
I-005221,SUC-40,PR-9479,97.0,10.0,2025-03-23,2025-04-23,Disponible
I-005222,SUC-10,PR-4391,27.0,19.0,2025-06-10,2025-07-20,Disponible
I-005223,SUC-50,PR-4604,19.0,17.0,2025-03-02,2025-07-12,Disponible
I-005224,SUC-39,PR-5420,81.0,13.0,2025-06-27,2025-07-29,Disponible
inv_005225,SUC-12,PR-6422,91.0,17.0,2025-06-19,2025-07-01,Disponible
I-005226,SUC-40,PR-4523,36.0,5.0,2025-05-03,2025-05-22,Disponible
inv_005227,SUC-46,PR-6086,53.0,20.0,2025-03-30,2025-03-30,Disponible
I-005228,SUC-27,PR-4998,49.0,16.0,2025-05-12,2025-06-02,Disponible
inv_005229,SUC-29,PR-5678,23.0,6.0,2025-07-27,2025-08-07,Disponible
inv_005230,SUC-28,PR-2834,45.0,20.0,2025-04-21,2025-08-14,Disponible
I-005231,SUC-28,PR-8294,55.0,8.0,2025-07-21,2025-08-08,Disponible
I-005232,SUC-16,PR-2672,52.0,18.0,2025-04-12,2025-08-09,Disponible
inv_005233,SUC-19,PR-6798,55.0,16.0,2025-06-30,2025-07-26,Disponible
inv_005234,SUC-5,PR-4065,34.0,11.0,2025-03-26,2025-04-21,Disponible
inv_005235,SUC-29,PR-5437,28.0,6.0,2025-07-16,2025-08-23,Disponible
inv_005236,SUC-15,PR-9747,20.0,11.0,2025-06-28,2025-08-28,Disponible
I-005237,SUC-31,PR-6793,93.0,13.0,2025-05-03,2025-05-15,Disponible
inv_005238,SUC-8,PR-6414,45.0,15.0,2025-03-14,2025-08-13,Disponible
I-005239,SUC-46,PR-8577,12.0,17.0,2025-07-17,2025-07-21,Bajo stock
inv_005240,SUC-25,,21.0,8.0,2025-04-28,2025-05-09,Bajo stock
I-005241,SUC-10,PR-2067,80.0,18.0,2025-07-10,2025-08-05,Disponible
inv_005242,SUC-16,PR-7021,26.0,10.0,2025-03-03,2025-05-06,Disponible
inv_005243,SUC-13,PR-1369,79.0,6.0,2025-03-26,2025-05-21,Disponible
I-005244,SUC-21,PR-5140,56.0,11.0,2025-07-08,2025-07-20,Disponible
I-005245,SUC-16,PR-7932,20.0,8.0,2025-07-12,2025-07-31,Disponible
I-005246,SUC-45,PR-2480,2.0,10.0,2025-07-09,2025-07-31,Bajo stock
I-005247,SUC-43,PR-9860,94.0,7.0,2025-04-30,2025-08-26,Disponible
I-005248,SUC-48,PR-491,30.0,12.0,2025-06-12,2025-08-21,Disponible
inv_005249,SUC-11,PR-1849,1.0,13.0,2025-03-19,2025-05-05,Bajo stock
inv_005250,SUC-19,PR-2398,-18.0,6.0,2025-06-14,2026-01-01,Bajo stock
I-005251,SUC-12,PR-9751,62.0,5.0,2025-04-13,2025-05-05,Disponible
I-005252,SUC-36,PR-3933,32.0,11.0,2025-07-19,2025-08-14,Disponible
I-005253,SUC-35,PR-7594,77.0,15.0,2025-05-08,2025-06-08,Disponible
I-005254,SUC-31,PR-9330,27.0,17.0,2025-05-07,2025-06-29,Disponible
I-005255,SUC-32,PR-9330,3.0,10.0,2025-06-12,2025-07-26,Bajo stock
I-005256,SUC-2,PR-3963,0.0,8.0,2025-07-18,2025-08-10,Agotado
I-005257,SUC-6,PR-801,80.0,7.0,2025-06-24,2025-07-06,Disponible
inv_005258,SUC-35,PR-8315,49.0,17.0,2025-06-10,2025-08-26,Disponible
I-005259,SUC-37,PR-2675,94.0,5.0,2025-03-19,2025-08-18,Disponible
inv_005260,SUC-12,PR-6257,11.0,8.0,2025-04-03,2025-04-30,Disponible
I-005261,SUC-19,PR-1077,74.0,9.0,2025-05-30,2025-08-26,Disponible
I-005262,SUC-18,PR-3481,92.0,19.0,2025-05-08,2025-08-04,Disponible
I-005263,SUC-27,PR-6534,44.0,15.0,2025-03-27,2025-08-28,Disponible
inv_005264,SUC-15,PR-6384,78.0,11.0,2025-06-30,2025-06-30,Disponible
I-005265,SUC-27,PR-3799,19.0,6.0,2025-05-22,2025-07-04,Disponible
I-005266,SUC-30,PR-2254,19.0,19.0,2025-06-25,2025-07-05,Bajo stock
I-005267,SUC-45,PR-909,48.0,5.0,2025-04-05,2025-08-14,Disponible
inv_005268,SUC-44,PR-6286,44.0,16.0,2025-03-26,2025-03-31,Disponible
I-005269,SUC-46,PR-8004,41.0,18.0,2025-07-08,2025-08-26,Disponible
inv_005270,SUC-8,PR-287,4.0,8.0,2025-07-06,2025-07-13,Bajo stock
I-005271,SUC-45,PR-6617,35.0,8.0,2025-03-18,2025-05-25,Disponible
I-005272,SUC-42,PR-5700,58.0,13.0,2025-04-10,2025-07-04,Disponible
I-005273,SUC-50,PR-7396,54.0,11.0,2025-03-31,2025-07-03,Disponible
I-005274,SUC-7,PR-3555,5.0,17.0,2025-03-10,2025-03-14,Bajo stock
inv_005275,SUC-3,PR-3604,12.0,,2025-05-08,2025-05-14,Disponible
I-005276,SUC-8,PR-9889,55.0,17.0,2025-03-20,2025-05-06,Disponible
I-005277,SUC-38,PR-9207,48.0,16.0,2025-06-08,2025-07-15,Disponible
inv_005278,SUC-12,PR-6355,59.0,13.0,2025-06-18,2025-06-27,Disponible
inv_005279,SUC-34,PR-5280,15.0,10.0,2025-05-18,2025-08-02,Disponible
I-005280,SUC-18,,,8.0,2025-07-11,2025-07-15,Desconocido
I-005281,SUC-46,PR-1767,33.0,8.0,2025-07-14,2025-08-02,Disponible
I-005282,SUC-25,PR-9045,22.0,9.0,2025-04-28,2025-08-14,Disponible
I-005283,SUC-25,PR-5937,62.0,19.0,2025-03-07,2025-08-09,Disponible
inv_005284,SUC-6,PR-5880,19.0,20.0,2025-07-16,2025-07-24,Bajo stock
I-005285,SUC-10,PR-9599,61.0,5.0,2025-06-04,,Disponible
I-005286,SUC-46,PR-4654,17.0,17.0,2025-04-01,2025-04-25,Bajo stock
I-005287,SUC-17,PR-3860,100.0,18.0,2025-06-23,2025-07-17,Disponible
inv_005288,SUC-23,PR-183,49.0,12.0,2025-03-12,2025-05-20,Disponible
I-005289,SUC-16,PR-9557,84.0,14.0,2025-07-27,2025-08-25,Disponible
I-005290,SUC-39,PR-103,27.0,13.0,2025-04-23,2025-08-19,Disponible
inv_005291,SUC-33,PR-298,65.0,19.0,2025-04-20,2025-07-29,Disponible
I-005292,SUC-23,PR-4529,73.0,16.0,2025-07-14,2025-07-16,Disponible
I-005293,SUC-46,PR-9017,21.0,11.0,2025-06-05,2025-07-27,Disponible
I-005294,SUC-4,PR-4723,30.0,19.0,2025-07-20,2025-08-13,Disponible
inv_005295,SUC-8,PR-7295,18.0,18.0,2025-04-08,2025-04-28,Bajo stock
I-005296,SUC-7,PR-4727,21.0,17.0,2025-04-18,2025-05-02,Disponible
I-005297,SUC-7,PR-5504,36.0,12.0,2025-04-03,2025-08-15,Disponible
I-005298,SUC-8,PR-9992,85.0,6.0,2025-05-14,2025-06-25,Disponible
inv_005299,SUC-8,PR-3318,19.0,6.0,2025-05-27,2025-08-08,Disponible
I-005300,SUC-5,PR-7777,62.0,17.0,2025-04-14,2025-06-15,Agotado
inv_005301,SUC-6,PR-729,40.0,7.0,2025-05-10,2025-06-24,Disponible
I-005302,SUC-16,PR-3461,1.0,10.0,2025-05-25,2025-07-30,Bajo stock
I-005303,SUC-17,PR-7250,8.0,7.0,2025-05-11,2025-05-20,Disponible
inv_005304,SUC-9,PR-7142,22.0,5.0,2025-03-12,2025-07-18,Disponible
I-005305,SUC-38,PR-5119,89.0,10.0,2025-05-05,2025-05-30,Disponible
I-005306,SUC-48,PR-6095,59.0,11.0,2025-07-13,2025-07-19,Disponible
I-005307,SUC-11,PR-4418,66.0,19.0,2025-04-12,2025-07-29,Disponible
I-005308,SUC-1,PR-5398,79.0,7.0,2025-04-05,2025-07-04,Disponible
inv_005309,SUC-50,PR-5809,3.0,19.0,2025-03-17,2025-07-06,Bajo stock
I-005310,SUC-19,PR-1601,,9.0,2025-05-27,2025-07-31,Disponible
inv_005311,SUC-23,PR-1318,50.0,13.0,2025-06-27,2025-07-10,Disponible
inv_005312,SUC-7,PR-9635,40.0,8.0,2025-07-25,2025-08-01,Disponible
I-005313,SUC-22,PR-9967,23.0,13.0,2025-03-14,2025-07-30,Disponible
I-005314,SUC-16,PR-7221,70.0,9.0,2025-07-07,2025-07-16,Disponible
I-005315,SUC-30,PR-7155,77.0,15.0,2025-03-22,2025-08-14,Disponible
I-005316,SUC-36,PR-8419,17.0,10.0,2025-06-25,2025-08-19,Disponible
I-005317,SUC-29,PR-5370,29.0,10.0,2025-05-09,2025-07-25,Disponible
I-005318,SUC-21,PR-9723,77.0,20.0,2025-03-11,2025-06-12,Disponible
inv_005319,SUC-10,PR-6237,66.0,19.0,2025-07-22,2025-08-21,Disponible
I-005320,SUC-25,PR-712,70.0,10.0,2025-07-28,2025-08-08,Disponible
I-005321,SUC-24,PR-2307,22.0,14.0,2025-03-06,2025-06-29,Disponible
inv_005322,SUC-9,PR-8237,31.0,12.0,2025-06-19,2025-07-08,Disponible
inv_005323,SUC-6,PR-4274,21.0,17.0,2025-04-20,2025-07-13,Disponible
inv_005324,SUC-22,PR-6769,33.0,5.0,2025-04-11,2025-05-19,Disponible
inv_005325,SUC-2,PR-4842,36.0,46.0,2025-05-27,2025-07-06,Bajo stock
I-005326,SUC-32,PR-5151,59.0,17.0,2025-07-26,2025-08-07,Disponible
inv_005327,SUC-48,PR-7412,97.0,20.0,2025-06-09,2025-08-11,Disponible
inv_005328,SUC-16,PR-353,85.0,17.0,2025-04-29,2025-07-05,Disponible
I-005329,SUC-10,PR-2098,97.0,9.0,2025-03-11,2025-06-27,Disponible
I-005330,SUC-37,PR-5701,57.0,14.0,2025-03-02,2025-05-22,Disponible
inv_005331,SUC-48,PR-7613,50.0,6.0,2025-07-10,2025-08-15,Disponible
inv_005332,SUC-40,PR-4735,42.0,16.0,2025-03-31,2025-04-24,Disponible
I-005333,SUC-48,PR-6020,68.0,11.0,2025-03-26,2025-06-11,Disponible
I-005334,SUC-14,PR-8927,60.0,5.0,2025-07-04,2025-08-01,Disponible
I-005335,SUC-47,PR-7330,74.0,14.0,2025-07-27,2025-08-24,Disponible
I-005336,SUC-21,PR-2127,42.0,16.0,2025-04-23,2025-07-11,Disponible
I-005337,SUC-10,PR-5996,87.0,20.0,2025-03-08,2025-06-24,Disponible
I-005338,SUC-20,PR-5524,30.0,17.0,2025-07-09,2025-07-11,Disponible
I-005339,SUC-45,PR-6006,78.0,9.0,2025-05-18,2025-05-22,Disponible
I-005340,SUC-18,PR-2773,,11.0,2025-03-08,2025-08-14,Desconocido
inv_005341,SUC-14,PR-3944,11.0,7.0,2025-07-05,2025-08-05,Disponible
I-005342,SUC-11,PR-6712,82.0,17.0,2025-05-01,2025-05-16,Disponible
inv_005343,SUC-6,PR-6026,31.0,18.0,2025-06-20,2025-07-03,Disponible
I-005344,SUC-47,PR-3738,43.0,7.0,2025-07-14,2025-08-01,Disponible
I-005345,SUC-39,PR-8932,55.0,9.0,2025-04-24,2025-07-28,Disponible
I-005346,SUC-15,PR-3396,82.0,12.0,2025-06-30,2025-07-29,Disponible
I-005347,SUC-4,PR-3109,85.0,9.0,2025-04-30,2025-05-19,Disponible
I-005348,SUC-10,PR-7119,71.0,14.0,2025-04-27,2025-05-28,Disponible
I-005349,SUC-14,PR-9307,89.0,5.0,2025-07-27,2025-08-19,Disponible
I-005350,SUC-8,PR-9519,8.0,14.0,2025-04-17,2025-05-15,Bajo stock
inv_005351,SUC-33,PR-2316,2.0,10.0,2025-06-06,2025-08-27,Bajo stock
inv_005352,SUC-40,PR-9900,68.0,5.0,2025-05-09,2025-07-18,Disponible
inv_005353,SUC-18,PR-9834,54.0,16.0,2025-06-02,2025-08-21,Disponible
inv_005354,SUC-21,PR-6941,90.0,6.0,2025-03-19,2025-05-10,Disponible
I-005355,SUC-27,PR-9803,94.0,8.0,2025-05-17,,Disponible
I-005356,SUC-1,PR-3534,18.0,9.0,2025-03-13,2025-08-17,Disponible
I-005357,SUC-16,PR-6271,68.0,14.0,2025-06-10,2025-06-23,Disponible
I-005358,SUC-17,PR-6609,59.0,15.0,2025-05-04,2025-07-11,Disponible
I-005359,SUC-9,PR-8335,67.0,6.0,2025-06-17,2025-07-09,Disponible
I-005360,SUC-31,,92.0,6.0,2025-07-02,2025-08-08,Bajo stock
inv_005361,SUC-24,PR-705,4.0,13.0,2025-04-03,2025-07-13,Bajo stock
I-005362,SUC-28,PR-3758,66.0,19.0,2025-06-27,2025-08-12,Disponible
I-005363,SUC-33,PR-8645,74.0,7.0,2025-03-23,2025-07-20,Disponible
inv_005364,SUC-39,PR-3556,27.0,7.0,2025-03-21,2025-05-22,Disponible
I-005365,SUC-32,PR-160,1.0,17.0,2025-03-03,2025-06-05,Bajo stock
I-005366,SUC-27,PR-8549,23.0,20.0,2025-03-25,2025-07-19,Disponible
I-005367,SUC-2,PR-5779,80.0,14.0,2025-07-22,2025-08-11,Disponible
I-005368,SUC-26,PR-5395,26.0,5.0,2025-03-24,2025-06-11,Disponible
inv_005369,SUC-4,PR-5489,42.0,19.0,2025-03-30,2025-05-15,Disponible
I-005370,SUC-1,PR-6639,20.0,17.0,2025-04-04,2025-04-07,Disponible
I-005371,SUC-6,PR-1200,25.0,8.0,2025-07-05,2025-08-07,Disponible
I-005372,SUC-11,PR-6984,55.0,15.0,2025-06-25,2025-07-27,Disponible
I-005373,SUC-1,PR-2745,92.0,9.0,2025-04-18,2025-05-27,Disponible
I-005374,SUC-43,PR-8958,28.0,7.0,2025-06-02,2025-06-28,Disponible
inv_005375,SUC-4,PR-2403,31.0,41.0,2025-03-05,2025-06-09,Bajo stock
inv_005376,SUC-5,PR-2077,0.0,18.0,2025-04-27,2025-08-12,Agotado
I-005377,SUC-6,PR-3738,18.0,7.0,2025-05-22,2025-05-25,Disponible
I-005378,SUC-36,PR-5403,56.0,12.0,2025-05-08,2025-06-07,Disponible
I-005379,SUC-50,PR-5436,83.0,18.0,2025-03-10,2025-06-20,Disponible
inv_005380,SUC-23,PR-2676,45.0,9.0,2025-05-17,2025-08-28,Bajo stock
inv_005381,SUC-20,PR-9788,69.0,6.0,2025-03-23,2025-05-06,Disponible
I-005382,SUC-8,PR-4991,49.0,15.0,2025-05-08,2025-06-25,Disponible
inv_005383,SUC-3,PR-723,50.0,6.0,2025-04-11,2025-05-22,Disponible
inv_005384,SUC-6,PR-7874,65.0,7.0,2025-04-04,2025-06-17,Disponible
I-005385,SUC-49,PR-988,80.0,13.0,2025-04-16,2025-06-30,Disponible
inv_005386,SUC-25,PR-5650,10.0,18.0,2025-06-09,2025-07-06,Bajo stock
inv_005387,SUC-9,PR-3599,13.0,18.0,2025-07-22,2025-08-19,Bajo stock
inv_005388,SUC-38,PR-6229,0.0,18.0,2025-07-26,2025-08-19,Agotado
I-005389,SUC-14,PR-9246,100.0,16.0,2025-04-26,2025-07-04,Disponible
I-005390,SUC-43,PR-3149,3.0,18.0,2025-07-21,,Bajo stock
I-005391,SUC-22,PR-2559,80.0,19.0,2025-07-16,2025-08-11,Disponible
I-005392,SUC-49,PR-5750,32.0,7.0,2025-03-13,2025-03-20,Disponible
I-005393,SUC-6,PR-7423,97.0,17.0,2025-05-04,2025-07-06,Disponible
I-005394,SUC-16,PR-2886,30.0,7.0,2025-04-07,2025-05-25,Disponible
I-005395,SUC-25,PR-139,4.0,20.0,2025-03-20,2025-05-21,Bajo stock
I-005396,SUC-15,PR-8520,81.0,20.0,2025-03-07,2025-06-15,Disponible
I-005397,SUC-26,PR-955,66.0,9.0,2025-04-16,2025-06-18,Disponible
I-005398,SUC-28,PR-4898,35.0,7.0,2025-07-18,2025-07-22,Disponible
I-005399,SUC-4,PR-7254,57.0,20.0,2025-03-26,2025-07-31,Disponible
I-005400,SUC-10,PR-2689,,,2025-04-02,2025-06-16,Agotado
I-005401,SUC-47,PR-6266,30.0,19.0,2025-03-25,2025-08-03,Disponible
I-005402,SUC-36,PR-5175,38.0,13.0,2025-04-28,2025-05-07,Disponible
inv_005403,SUC-11,PR-8900,7.0,11.0,2025-05-20,2025-08-18,Bajo stock
I-005404,SUC-15,PR-1541,0.0,9.0,2025-06-15,2025-08-07,Agotado
I-005405,SUC-9,PR-8553,86.0,13.0,2025-03-19,2025-08-20,Disponible
I-005406,SUC-15,PR-9032,21.0,13.0,2025-07-20,2025-07-28,Disponible
I-005407,SUC-23,PR-6912,86.0,7.0,2025-06-23,2025-08-25,Disponible
inv_005408,SUC-22,PR-9224,23.0,8.0,2025-04-30,2025-05-03,Disponible
I-005409,SUC-25,PR-6644,88.0,19.0,2025-03-17,2025-04-04,Disponible
I-005410,SUC-44,PR-6919,21.0,19.0,2025-03-24,2025-08-18,Disponible
I-005411,SUC-22,PR-9881,37.0,17.0,2025-03-18,2025-08-16,Disponible
inv_005412,SUC-22,PR-397,1.0,18.0,2025-06-09,2025-08-04,Bajo stock
inv_005413,SUC-42,PR-191,9.0,7.0,2025-07-12,2025-08-18,Disponible
inv_005414,SUC-35,PR-4791,63.0,18.0,2025-03-21,2025-05-14,Disponible
I-005415,SUC-21,PR-831,34.0,13.0,2025-05-18,2025-08-03,Disponible
inv_005416,SUC-42,PR-1308,49.0,13.0,2025-06-28,2025-07-16,Disponible
I-005417,SUC-19,PR-3541,81.0,8.0,2025-03-21,2025-05-17,Disponible
I-005418,SUC-2,PR-4338,89.0,20.0,2025-04-09,2025-08-09,Disponible
inv_005419,SUC-35,PR-3845,67.0,12.0,2025-04-19,2025-06-05,Disponible
inv_005420,SUC-48,PR-1396,1.0,11.0,2025-03-04,2025-05-09,Bajo stock
I-005421,SUC-35,PR-9127,81.0,14.0,2025-05-12,2025-07-15,Disponible
I-005422,SUC-39,PR-636,18.0,13.0,2025-04-05,2025-08-16,Disponible
I-005423,SUC-17,PR-718,11.0,5.0,2025-05-13,2025-07-29,Disponible
inv_005424,SUC-25,PR-1183,63.0,14.0,2025-07-13,2025-08-07,Disponible
I-005425,SUC-29,PR-1219,63.0,,2025-07-24,,Disponible
I-005426,SUC-2,PR-8501,58.0,11.0,2025-07-08,2025-08-24,Disponible
inv_005427,SUC-50,PR-8234,28.0,20.0,2025-07-14,2025-08-02,Disponible
I-005428,SUC-45,PR-7402,75.0,19.0,2025-03-30,2025-04-15,Disponible
I-005429,SUC-45,PR-1163,99.0,18.0,2025-03-09,2025-05-13,Disponible
I-005430,SUC-5,PR-7657,,8.0,2025-05-09,2025-08-10,Disponible
I-005431,SUC-40,PR-6220,78.0,5.0,2025-05-02,2025-07-04,Disponible
I-005432,SUC-9,PR-6978,97.0,13.0,2025-03-10,2025-04-21,Disponible
I-005433,SUC-32,PR-1027,1.0,15.0,2025-05-02,2025-07-28,Bajo stock
I-005434,SUC-8,PR-5576,5.0,7.0,2025-03-19,2025-08-01,Bajo stock
inv_005435,SUC-14,PR-1614,8.0,7.0,2025-03-07,2025-06-19,Disponible
inv_005436,SUC-41,PR-6083,17.0,10.0,2025-07-05,2025-07-13,Disponible
inv_005437,SUC-25,PR-9985,58.0,14.0,2025-03-02,2025-03-09,Disponible
inv_005438,SUC-7,PR-419,11.0,13.0,2025-05-23,2025-07-07,Bajo stock
I-005439,SUC-36,PR-5715,100.0,7.0,2025-04-06,2025-07-20,Disponible
inv_005440,SUC-10,PR-4643,70.0,19.0,2025-04-24,2025-06-26,Desconocido
inv_005441,SUC-46,PR-1932,55.0,12.0,2025-03-14,2025-06-27,Disponible
I-005442,SUC-24,PR-4149,87.0,15.0,2025-04-21,2025-04-21,Disponible
I-005443,SUC-33,PR-8988,17.0,7.0,2025-07-02,2025-07-09,Disponible
I-005444,SUC-24,PR-5433,94.0,8.0,2025-05-01,2025-05-11,Disponible
I-005445,SUC-46,PR-4285,96.0,16.0,2025-03-25,2025-04-13,Disponible
I-005446,SUC-27,PR-6724,37.0,12.0,2025-06-20,2025-08-11,Disponible
I-005447,SUC-42,PR-4126,26.0,9.0,2025-07-27,2025-08-21,Disponible
I-005448,SUC-41,PR-9645,4.0,8.0,2025-04-27,2025-05-30,Bajo stock
I-005449,SUC-10,PR-1096,52.0,18.0,2025-06-11,2025-07-01,Disponible
inv_005450,SUC-30,PR-1606,89.0,,2025-03-10,2025-05-25,Disponible
I-005451,SUC-43,PR-4315,44.0,13.0,2025-06-26,2025-08-02,Disponible
I-005452,SUC-41,PR-402,77.0,20.0,2025-07-28,2025-08-24,Disponible
inv_005453,SUC-35,PR-3473,81.0,6.0,2025-05-14,2025-08-21,Disponible
I-005454,SUC-4,PR-9631,41.0,17.0,2025-03-14,2025-05-16,Disponible
I-005455,SUC-24,PR-659,64.0,12.0,2025-03-06,2025-05-09,Disponible
I-005456,SUC-16,PR-589,98.0,20.0,2025-06-27,2025-07-22,Disponible
I-005457,SUC-34,PR-6592,99.0,20.0,2025-04-11,2025-05-07,Disponible
inv_005458,SUC-6,PR-8244,97.0,8.0,2025-03-20,2025-04-28,Disponible
I-005459,SUC-5,PR-5834,5.0,15.0,2025-06-17,2025-06-20,Bajo stock
I-005460,SUC-7,PR-1746,-3.0,13.0,2025-04-28,,Bajo stock
I-005461,SUC-14,PR-7007,0.0,18.0,2025-04-09,2025-07-12,Agotado
I-005462,SUC-16,PR-9845,8.0,18.0,2025-04-13,2025-04-29,Bajo stock
I-005463,SUC-7,PR-9628,52.0,13.0,2025-07-16,2025-08-25,Disponible
I-005464,SUC-11,PR-1258,42.0,10.0,2025-03-23,2025-07-03,Disponible
I-005465,SUC-5,PR-2103,12.0,6.0,2025-03-09,2025-08-22,Disponible
I-005466,SUC-22,PR-1217,72.0,20.0,2025-07-01,2025-08-27,Disponible
inv_005467,SUC-32,PR-9099,55.0,14.0,2025-05-27,2025-07-07,Disponible
I-005468,SUC-8,PR-7384,62.0,11.0,2025-03-08,2025-04-10,Disponible
I-005469,SUC-43,PR-5822,17.0,13.0,2025-07-04,2025-08-15,Disponible
I-005470,SUC-27,PR-7610,27.0,9.0,2025-07-23,2025-08-10,Disponible
inv_005471,SUC-34,PR-2062,64.0,17.0,2025-05-04,2025-08-06,Disponible
I-005472,SUC-48,PR-6107,47.0,7.0,2025-05-23,2025-08-05,Disponible
I-005473,SUC-5,PR-317,8.0,15.0,2025-05-07,2025-05-20,Bajo stock
inv_005474,SUC-12,PR-5751,32.0,5.0,2025-07-16,2025-08-12,Disponible
I-005475,SUC-43,PR-4767,27.0,6.0,2025-04-27,2025-07-09,Disponible
I-005476,SUC-33,PR-5817,79.0,7.0,2025-04-26,2025-08-14,Disponible
I-005477,SUC-23,PR-8611,6.0,5.0,2025-06-07,2025-06-24,Disponible
I-005478,SUC-31,PR-4261,16.0,10.0,2025-05-18,2025-05-22,Disponible
I-005479,SUC-19,PR-784,53.0,18.0,2025-06-03,2025-08-18,Disponible
I-005480,SUC-26,,17.0,13.0,2025-04-28,2025-05-01,Agotado
inv_005481,SUC-43,PR-7179,27.0,17.0,2025-04-27,2025-06-26,Disponible
inv_005482,SUC-19,PR-5513,56.0,7.0,2025-04-06,2025-05-12,Disponible
I-005483,SUC-11,PR-6496,97.0,17.0,2025-06-09,2025-06-21,Disponible
inv_005484,SUC-36,PR-286,93.0,15.0,2025-06-10,2025-08-23,Disponible
I-005485,SUC-25,PR-6990,62.0,12.0,2025-04-04,2025-08-26,Disponible
I-005486,SUC-24,PR-8570,92.0,14.0,2025-07-28,2025-08-01,Disponible
inv_005487,SUC-4,PR-9975,79.0,10.0,2025-03-07,2025-03-16,Disponible
I-005488,SUC-27,PR-37,75.0,12.0,2025-06-10,2025-08-17,Disponible
inv_005489,SUC-14,PR-79,90.0,18.0,2025-07-09,2025-07-13,Disponible
I-005490,SUC-20,PR-8868,,10.0,2025-03-26,2025-04-01,Disponible
I-005491,SUC-18,PR-6692,47.0,19.0,2025-06-26,2025-07-30,Disponible
inv_005492,SUC-44,PR-9753,99.0,6.0,2025-03-24,2025-07-14,Disponible
I-005493,SUC-44,PR-5314,11.0,17.0,2025-05-13,2025-05-24,Bajo stock
inv_005494,SUC-48,PR-5343,27.0,16.0,2025-07-28,2025-08-08,Disponible
I-005495,SUC-47,PR-6652,84.0,10.0,2025-04-09,2026-01-01,Disponible
I-005496,SUC-14,PR-530,47.0,19.0,2025-03-11,2025-03-20,Disponible
inv_005497,SUC-25,PR-873,2.0,15.0,2025-03-21,2025-04-01,Bajo stock
inv_005498,SUC-13,PR-2255,53.0,5.0,2025-05-14,2025-06-21,Disponible
I-005499,SUC-24,PR-7016,46.0,16.0,2025-05-28,2025-08-08,Disponible
,SUC-40,PR-8267,49.0,11.0,2025-05-14,2025-06-09,Desconocido
inv_005501,SUC-26,PR-7326,32.0,20.0,2025-04-27,2025-05-21,Disponible
I-005502,SUC-22,PR-6045,93.0,13.0,2025-05-13,2025-08-11,Disponible
I-005503,SUC-12,PR-7154,71.0,13.0,2025-03-22,2025-04-15,Disponible
I-005504,SUC-40,PR-1556,92.0,13.0,2025-05-14,2025-06-13,Disponible
I-005505,SUC-39,PR-2139,9.0,13.0,2025-05-24,2025-05-24,Bajo stock
I-005506,SUC-15,PR-6573,53.0,11.0,2025-06-16,2025-08-26,Disponible
inv_005507,SUC-34,PR-2505,69.0,7.0,2025-06-27,2025-07-30,Disponible
inv_005508,SUC-4,PR-4681,91.0,10.0,2025-05-31,2025-08-06,Disponible
inv_005509,SUC-44,PR-8373,57.0,20.0,2025-06-08,2025-07-03,Disponible
I-005510,SUC-48,PR-5250,95.0,13.0,2025-06-07,2025-08-03,Disponible
I-005511,SUC-48,PR-8691,87.0,20.0,2025-07-20,2025-08-17,Disponible
I-005512,SUC-40,PR-3678,100.0,20.0,2025-07-13,2025-07-19,Disponible
I-005513,SUC-1,PR-1811,96.0,15.0,2025-06-09,2025-07-16,Disponible
I-005514,SUC-42,PR-7976,58.0,14.0,2025-03-05,2025-05-26,Disponible
I-005515,SUC-49,PR-498,4.0,10.0,2025-05-23,2025-06-12,Bajo stock
inv_005516,SUC-37,PR-184,4.0,15.0,2025-06-06,2025-06-17,Bajo stock
I-005517,SUC-17,PR-5219,67.0,13.0,2025-07-09,2025-08-22,Disponible
I-005518,SUC-13,PR-4540,27.0,6.0,2025-03-02,2025-08-07,Disponible
inv_005519,SUC-49,PR-1078,48.0,17.0,2025-06-16,2025-07-01,Disponible
I-005520,SUC-43,,15.0,5.0,2025-07-13,2025-08-28,Agotado
I-005521,SUC-50,PR-5110,85.0,19.0,2025-03-14,2025-07-02,Disponible
inv_005522,SUC-23,PR-9380,66.0,6.0,2025-04-07,2025-08-18,Disponible
I-005523,SUC-48,PR-3891,65.0,6.0,2025-07-13,2025-07-22,Disponible
inv_005524,SUC-20,PR-6938,90.0,18.0,2025-06-26,2025-07-04,Disponible
I-005525,SUC-4,PR-1167,71.0,,2025-05-03,2025-07-24,Disponible
I-005526,SUC-26,PR-7795,86.0,11.0,2025-03-30,2025-08-16,Disponible
inv_005527,SUC-31,PR-5008,19.0,16.0,2025-05-12,2025-05-17,Disponible
I-005528,SUC-22,PR-2752,86.0,17.0,2025-03-03,2025-05-20,Disponible
I-005529,SUC-39,PR-1509,67.0,13.0,2025-06-18,2025-06-19,Disponible
I-005530,SUC-32,PR-5630,60.0,8.0,2025-05-10,,Disponible
I-005531,SUC-23,PR-474,24.0,14.0,2025-06-26,2025-07-05,Disponible
inv_005532,SUC-49,PR-4223,35.0,5.0,2025-05-12,2025-06-07,Disponible
inv_005533,SUC-43,PR-9110,95.0,5.0,2025-05-06,2025-05-09,Disponible
I-005534,SUC-45,PR-8697,16.0,10.0,2025-06-14,2025-06-15,Disponible
inv_005535,SUC-9,PR-3268,66.0,14.0,2025-03-07,2025-08-18,Disponible
inv_005536,SUC-12,PR-1284,12.0,20.0,2025-05-25,2025-06-11,Bajo stock
inv_005537,SUC-26,PR-8680,9.0,8.0,2025-05-03,2025-05-06,Disponible
inv_005538,SUC-5,PR-1849,43.0,12.0,2025-03-15,2025-03-26,Disponible
I-005539,SUC-11,PR-4366,57.0,17.0,2025-07-22,2025-08-21,Disponible
I-005540,SUC-37,PR-6266,52.0,17.0,2025-05-11,2025-07-03,Desconocido
I-005541,SUC-40,PR-8385,99.0,17.0,2025-03-08,2025-07-01,Disponible
I-005542,SUC-21,PR-81,63.0,13.0,2025-04-15,2025-04-18,Disponible
I-005543,SUC-25,PR-7695,11.0,5.0,2025-06-29,2025-08-18,Disponible
I-005544,SUC-35,PR-8349,59.0,17.0,2025-07-09,2025-08-08,Disponible
I-005545,SUC-3,PR-5526,45.0,6.0,2025-05-06,2025-07-04,Disponible
inv_005546,SUC-7,PR-7733,6.0,14.0,2025-06-01,2025-07-25,Bajo stock
I-005547,SUC-20,PR-2948,49.0,20.0,2025-04-22,2025-04-23,Disponible
I-005548,SUC-36,PR-9666,18.0,16.0,2025-04-24,2025-06-12,Disponible
I-005549,SUC-37,PR-925,20.0,13.0,2025-05-06,2025-05-31,Disponible
I-005550,SUC-27,PR-6765,,50.0,2025-04-28,2025-08-23,Disponible
I-005551,SUC-1,PR-6529,17.0,12.0,2025-03-03,2025-07-28,Disponible
inv_005552,SUC-21,PR-5012,41.0,18.0,2025-07-09,2025-08-28,Disponible
inv_005553,SUC-29,PR-595,99.0,9.0,2025-05-02,2025-08-12,Disponible
I-005554,SUC-41,PR-8113,71.0,6.0,2025-06-07,2025-07-02,Disponible
I-005555,SUC-9,PR-2150,62.0,5.0,2025-07-10,2025-08-18,Disponible
I-005556,SUC-4,PR-2969,33.0,14.0,2025-05-15,2025-05-20,Disponible
inv_005557,SUC-8,PR-4767,0.0,9.0,2025-07-09,2025-07-30,Agotado
I-005558,SUC-48,PR-5902,22.0,16.0,2025-03-20,2025-06-16,Disponible
I-005559,SUC-4,PR-4868,81.0,18.0,2025-06-16,2025-06-26,Disponible
I-005560,SUC-12,PR-7241,5.0,8.0,2025-03-28,2025-08-12,Bajo stock
inv_005561,SUC-38,PR-4020,27.0,17.0,2025-03-02,2025-06-16,Disponible
I-005562,SUC-42,PR-9210,76.0,17.0,2025-03-07,2025-05-07,Disponible
I-005563,SUC-22,PR-6201,5.0,8.0,2025-07-16,2025-08-06,Bajo stock
inv_005564,SUC-10,PR-7876,40.0,20.0,2025-04-13,2025-05-09,Disponible
I-005565,SUC-13,PR-3751,93.0,5.0,2025-05-16,2025-08-21,Disponible
inv_005566,SUC-31,PR-768,36.0,7.0,2025-04-25,2025-06-04,Disponible
I-005567,SUC-20,PR-276,18.0,14.0,2025-07-02,2025-08-13,Disponible
I-005568,SUC-1,PR-5438,84.0,20.0,2025-03-16,2025-05-19,Disponible
I-005569,SUC-29,PR-3508,95.0,10.0,2025-03-09,2025-05-21,Disponible
I-005570,SUC-42,PR-4240,77.0,17.0,2025-03-07,2025-04-18,Disponible
inv_005571,SUC-17,PR-3485,29.0,17.0,2025-06-20,2025-08-10,Disponible
inv_005572,SUC-10,PR-2716,50.0,10.0,2025-05-03,2025-05-25,Disponible
inv_005573,SUC-33,PR-2658,78.0,15.0,2025-07-28,2025-08-06,Disponible
I-005574,SUC-47,PR-4854,94.0,19.0,2025-05-25,2025-08-25,Disponible
inv_005575,SUC-5,PR-9761,45.0,55.0,2025-07-03,2025-07-08,Bajo stock
inv_005576,SUC-28,PR-3403,24.0,20.0,2025-05-26,2025-06-14,Disponible
I-005577,SUC-5,PR-731,98.0,13.0,2025-05-07,2025-05-20,Disponible
I-005578,SUC-36,PR-5880,8.0,16.0,2025-04-08,2025-06-07,Bajo stock
I-005579,SUC-49,PR-1015,15.0,18.0,2025-03-21,2025-05-14,Bajo stock
I-005580,SUC-27,PR-8637,32.0,17.0,2025-06-04,2025-08-25,Desconocido
I-005581,SUC-2,PR-3585,17.0,9.0,2025-06-14,2025-08-12,Disponible
inv_005582,SUC-36,PR-5151,43.0,20.0,2025-07-03,2025-07-15,Disponible
I-005583,SUC-34,PR-1175,85.0,7.0,2025-06-10,2025-06-13,Disponible
I-005584,SUC-16,PR-6629,89.0,19.0,2025-04-20,2025-08-26,Disponible
inv_005585,SUC-48,PR-1232,42.0,14.0,2025-07-07,2025-07-31,Disponible
I-005586,SUC-37,PR-8463,79.0,16.0,2025-07-08,2025-08-21,Disponible
I-005587,SUC-18,PR-8491,96.0,20.0,2025-05-05,2025-08-20,Disponible
inv_005588,SUC-42,PR-3679,27.0,19.0,2025-07-21,2025-08-17,Disponible
I-005589,SUC-29,PR-3543,58.0,14.0,2025-05-11,2025-07-28,Disponible
I-005590,SUC-14,PR-2291,8.0,12.0,2025-05-08,2025-08-28,Bajo stock
I-005591,SUC-33,PR-3227,31.0,10.0,2025-06-08,2025-08-01,Disponible
I-005592,SUC-48,PR-1137,2.0,5.0,2025-06-12,2025-06-19,Bajo stock
inv_005593,SUC-49,PR-4172,57.0,20.0,2025-06-24,2025-07-27,Disponible
I-005594,SUC-14,PR-1917,22.0,14.0,2025-07-25,2025-08-08,Disponible
I-005595,SUC-19,PR-6743,43.0,5.0,2025-04-06,2025-06-20,Disponible
inv_005596,SUC-25,PR-492,11.0,5.0,2025-04-06,2025-07-12,Disponible
I-005597,SUC-46,PR-6704,33.0,13.0,2025-03-19,2025-04-15,Disponible
I-005598,SUC-23,PR-5004,64.0,18.0,2025-06-07,2025-07-01,Disponible
inv_005599,SUC-6,PR-1124,52.0,8.0,2025-04-20,2025-05-27,Disponible
,SUC-22,PR-2894,11.0,5.0,2025-03-24,2026-01-01,Disponible
inv_005601,SUC-3,PR-6223,71.0,5.0,2025-05-25,2025-08-24,Disponible
I-005602,SUC-28,PR-2529,96.0,12.0,2025-03-08,2025-03-26,Disponible
I-005603,SUC-11,PR-380,11.0,18.0,2025-06-09,2025-06-15,Bajo stock
I-005604,SUC-38,PR-8821,28.0,19.0,2025-06-29,2025-08-21,Disponible
I-005605,SUC-34,PR-9296,44.0,5.0,2025-07-06,2025-07-29,Disponible
I-005606,SUC-27,PR-9493,93.0,17.0,2025-04-04,2025-05-02,Disponible
I-005607,SUC-15,PR-5671,6.0,11.0,2025-05-11,2025-07-23,Bajo stock
inv_005608,SUC-19,PR-3869,83.0,8.0,2025-06-25,2025-07-01,Disponible
inv_005609,SUC-45,PR-2745,62.0,15.0,2025-07-15,2025-07-21,Disponible
I-005610,SUC-20,PR-8878,7.0,17.0,2025-04-02,2025-06-15,Bajo stock
inv_005611,SUC-27,PR-6409,4.0,18.0,2025-03-05,2025-08-03,Bajo stock
inv_005612,SUC-32,PR-4404,32.0,16.0,2025-06-21,2025-08-16,Disponible
I-005613,SUC-46,PR-1250,48.0,5.0,2025-03-07,2025-03-08,Disponible
I-005614,SUC-6,PR-7448,94.0,8.0,2025-07-18,2025-08-08,Disponible
inv_005615,SUC-27,PR-385,88.0,11.0,2025-05-12,2025-07-02,Disponible
I-005616,SUC-45,PR-1010,14.0,14.0,2025-03-06,2025-04-10,Bajo stock
I-005617,SUC-28,PR-3696,65.0,16.0,2025-06-09,2025-08-21,Disponible
I-005618,SUC-38,PR-5002,32.0,5.0,2025-06-20,2025-08-16,Disponible
I-005619,SUC-16,PR-3593,39.0,13.0,2025-03-06,2025-04-21,Disponible
I-005620,SUC-21,PR-371,70.0,15.0,2025-07-16,2025-08-27,Desconocido
I-005621,SUC-21,PR-5701,75.0,13.0,2025-04-08,2025-07-22,Disponible
I-005622,SUC-15,PR-3622,56.0,7.0,2025-04-20,2025-07-21,Disponible
I-005623,SUC-9,PR-8109,22.0,18.0,2025-03-16,2025-08-15,Disponible
I-005624,SUC-36,PR-7484,69.0,12.0,2025-03-16,2025-06-29,Disponible
inv_005625,SUC-11,PR-7960,52.0,62.0,2025-06-01,2025-07-19,Bajo stock
I-005626,SUC-4,PR-8111,9.0,16.0,2025-03-13,2025-07-24,Bajo stock
I-005627,SUC-42,PR-6166,10.0,18.0,2025-06-30,2025-07-26,Bajo stock
I-005628,SUC-25,PR-542,57.0,12.0,2025-03-30,2025-07-15,Disponible
I-005629,SUC-17,PR-8966,32.0,15.0,2025-06-19,2025-06-24,Disponible
I-005630,SUC-25,PR-6358,88.0,16.0,2025-06-20,2025-06-20,Disponible
inv_005631,SUC-3,PR-8676,42.0,19.0,2025-03-02,2025-03-07,Disponible
I-005632,SUC-27,PR-5835,33.0,9.0,2025-03-10,2025-07-31,Disponible
inv_005633,SUC-41,PR-3823,73.0,16.0,2025-03-29,2025-07-16,Disponible
inv_005634,SUC-47,PR-6798,22.0,16.0,2025-03-24,2025-04-05,Disponible
inv_005635,SUC-12,PR-7068,73.0,14.0,2025-05-16,,Disponible
I-005636,SUC-50,PR-5828,88.0,11.0,2025-06-22,2025-08-19,Disponible
I-005637,SUC-24,PR-8011,19.0,14.0,2025-04-06,2025-08-25,Disponible
inv_005638,SUC-48,PR-3835,21.0,15.0,2025-03-02,2025-06-05,Disponible
I-005639,SUC-34,PR-1236,26.0,20.0,2025-04-02,2025-08-03,Disponible
I-005640,SUC-17,PR-3154,9.0,7.0,2025-07-28,2025-08-06,Bajo stock
I-005641,SUC-39,PR-5659,100.0,20.0,2025-06-04,2025-08-21,Disponible
inv_005642,SUC-27,PR-77,12.0,12.0,2025-07-06,2025-08-08,Bajo stock
inv_005643,SUC-25,PR-4278,35.0,20.0,2025-06-19,2025-06-27,Disponible
I-005644,SUC-12,PR-7001,56.0,9.0,2025-03-06,2025-04-07,Disponible
inv_005645,SUC-1,PR-7039,37.0,12.0,2025-07-08,2025-07-15,Disponible
I-005646,SUC-15,PR-1594,46.0,13.0,2025-06-10,2025-06-29,Disponible
inv_005647,SUC-49,PR-2412,75.0,13.0,2025-05-01,2025-08-19,Disponible
I-005648,SUC-5,PR-9399,13.0,7.0,2025-03-26,2025-08-27,Disponible
inv_005649,SUC-20,PR-2697,50.0,14.0,2025-05-31,2025-08-23,Disponible
inv_005650,SUC-2,PR-49,73.0,,2025-03-03,2025-03-23,Disponible
I-005651,SUC-40,PR-1597,31.0,15.0,2025-06-02,2025-07-23,Disponible
I-005652,SUC-10,PR-6530,86.0,14.0,2025-07-12,2025-08-11,Disponible
I-005653,SUC-32,PR-3102,64.0,9.0,2025-04-07,2025-08-14,Disponible
I-005654,SUC-21,PR-8633,83.0,14.0,2025-05-14,2025-08-01,Disponible
I-005655,SUC-3,PR-6793,6.0,6.0,2025-03-12,2025-06-30,Bajo stock
I-005656,SUC-6,PR-2089,0.0,14.0,2025-06-25,2025-08-06,Agotado
I-005657,SUC-2,PR-1434,31.0,5.0,2025-04-04,2025-07-27,Disponible
I-005658,SUC-28,PR-9575,77.0,15.0,2025-03-02,2025-07-26,Disponible
I-005659,SUC-5,PR-7553,3.0,9.0,2025-03-03,2025-06-07,Bajo stock
inv_005660,SUC-35,PR-5973,22.0,8.0,2025-05-02,2025-07-24,Desconocido
I-005661,SUC-21,PR-4973,52.0,13.0,2025-06-25,2025-08-25,Disponible
I-005662,SUC-22,PR-5680,35.0,19.0,2025-05-31,2025-07-05,Disponible
I-005663,SUC-22,PR-767,34.0,14.0,2025-07-13,2025-07-24,Disponible
I-005664,SUC-29,PR-8700,51.0,16.0,2025-04-02,2025-07-07,Disponible
inv_005665,SUC-33,PR-1458,93.0,11.0,2025-06-01,2025-07-20,Disponible
inv_005666,SUC-16,PR-6678,43.0,17.0,2025-04-29,2025-05-03,Disponible
I-005667,SUC-46,PR-7690,60.0,5.0,2025-03-11,2025-06-18,Disponible
I-005668,SUC-2,PR-5972,76.0,5.0,2025-04-16,2025-05-13,Disponible
inv_005669,SUC-36,PR-7082,12.0,12.0,2025-04-09,2025-05-26,Bajo stock
inv_005670,SUC-30,PR-2319,81.0,17.0,2025-03-29,,Disponible
I-005671,SUC-44,PR-3953,68.0,10.0,2025-07-08,2025-08-19,Disponible
I-005672,SUC-47,PR-7369,54.0,7.0,2025-04-16,2025-07-16,Disponible
inv_005673,SUC-12,PR-865,56.0,7.0,2025-03-22,2025-07-27,Disponible
I-005674,SUC-33,PR-763,18.0,15.0,2025-07-13,2025-07-22,Disponible
inv_005675,SUC-10,PR-9954,12.0,22.0,2025-05-25,2025-06-20,Bajo stock
I-005676,SUC-40,PR-2753,31.0,12.0,2025-07-11,2025-08-03,Disponible
inv_005677,SUC-40,PR-490,27.0,15.0,2025-03-04,2025-03-12,Disponible
inv_005678,SUC-40,PR-9167,6.0,14.0,2025-06-08,2025-07-20,Bajo stock
inv_005679,SUC-49,PR-3925,57.0,12.0,2025-06-22,2025-08-18,Disponible
I-005680,SUC-30,,63.0,15.0,2025-05-04,2025-08-26,Bajo stock
inv_005681,SUC-38,PR-996,33.0,14.0,2025-03-03,2025-05-24,Disponible
inv_005682,SUC-7,PR-3741,9.0,18.0,2025-03-25,2025-06-27,Bajo stock
I-005683,SUC-10,PR-6049,4.0,20.0,2025-07-28,2025-08-20,Bajo stock
I-005684,SUC-8,PR-5596,74.0,8.0,2025-06-21,2025-08-01,Disponible
I-005685,SUC-48,PR-307,24.0,11.0,2025-06-08,2025-07-13,Disponible
I-005686,SUC-44,PR-4565,16.0,9.0,2025-06-16,2025-06-24,Disponible
I-005687,SUC-46,PR-116,65.0,17.0,2025-06-02,2025-06-14,Disponible
inv_005688,SUC-30,PR-6127,80.0,6.0,2025-07-27,2025-08-24,Disponible
I-005689,SUC-44,PR-9809,2.0,17.0,2025-04-05,2025-05-09,Bajo stock
inv_005690,SUC-20,PR-1300,2.0,7.0,2025-04-01,2025-06-28,Bajo stock
inv_005691,SUC-18,PR-1471,1.0,10.0,2025-05-24,2025-08-02,Bajo stock
inv_005692,SUC-18,PR-8005,85.0,5.0,2025-04-14,2025-08-08,Disponible
I-005693,SUC-13,PR-3323,37.0,15.0,2025-03-05,2025-03-16,Disponible
I-005694,SUC-14,PR-4927,99.0,16.0,2025-04-21,2025-07-27,Disponible
inv_005695,SUC-50,PR-81,8.0,10.0,2025-07-01,2025-08-21,Bajo stock
I-005696,SUC-50,PR-5236,91.0,18.0,2025-07-10,2025-08-16,Disponible
I-005697,SUC-13,PR-1978,2.0,18.0,2025-03-21,2025-04-04,Bajo stock
I-005698,SUC-9,PR-4678,86.0,16.0,2025-07-02,2025-08-20,Disponible
I-005699,SUC-7,PR-2412,93.0,16.0,2025-04-16,2025-07-09,Disponible
,SUC-42,PR-3271,,13.0,2025-04-25,2025-06-14,Disponible
I-005701,SUC-45,PR-607,36.0,5.0,2025-07-15,2025-08-23,Disponible
inv_005702,SUC-22,PR-1293,55.0,15.0,2025-06-24,2025-08-12,Disponible
I-005703,SUC-32,PR-2198,97.0,18.0,2025-06-30,2025-07-17,Disponible
I-005704,SUC-31,PR-8867,6.0,16.0,2025-06-01,2025-07-01,Bajo stock
inv_005705,SUC-10,PR-218,31.0,12.0,2025-03-18,,Disponible
inv_005706,SUC-34,PR-7793,24.0,10.0,2025-05-17,2025-07-28,Disponible
inv_005707,SUC-45,PR-9638,3.0,6.0,2025-03-30,2025-08-18,Bajo stock
I-005708,SUC-48,PR-5740,8.0,15.0,2025-04-18,2025-07-18,Bajo stock
I-005709,SUC-45,PR-9737,73.0,5.0,2025-03-18,2025-04-04,Disponible
I-005710,SUC-50,PR-6048,10.0,19.0,2025-05-30,2025-07-29,Bajo stock
inv_005711,SUC-41,PR-5403,96.0,14.0,2025-04-19,2025-05-29,Disponible
inv_005712,SUC-13,PR-4797,48.0,8.0,2025-03-28,2025-04-21,Disponible
I-005713,SUC-43,PR-1809,76.0,13.0,2025-07-12,2025-07-16,Disponible
I-005714,SUC-46,PR-9747,55.0,7.0,2025-04-13,2025-05-13,Disponible
I-005715,SUC-17,PR-8337,100.0,15.0,2025-05-15,2025-07-22,Disponible
inv_005716,SUC-34,PR-4941,48.0,18.0,2025-05-10,2025-07-23,Disponible
inv_005717,SUC-34,PR-7939,60.0,18.0,2025-03-31,2025-08-03,Disponible
I-005718,SUC-3,PR-5020,36.0,11.0,2025-04-17,2025-07-06,Disponible
inv_005719,SUC-28,PR-8048,64.0,7.0,2025-05-01,2025-06-26,Disponible
inv_005720,SUC-1,,5.0,18.0,2025-04-13,2025-06-07,Bajo stock
I-005721,SUC-30,PR-8861,52.0,18.0,2025-04-15,2025-07-25,Disponible
I-005722,SUC-9,PR-1491,66.0,20.0,2025-05-20,2025-06-12,Disponible
I-005723,SUC-44,PR-3694,70.0,11.0,2025-06-09,2025-07-08,Disponible
I-005724,SUC-47,PR-2842,8.0,5.0,2025-03-14,2025-03-23,Disponible
inv_005725,SUC-11,PR-6286,84.0,,2025-04-01,2025-05-18,Disponible
inv_005726,SUC-30,PR-9604,64.0,10.0,2025-07-20,2025-08-27,Disponible
inv_005727,SUC-22,PR-6324,24.0,17.0,2025-04-21,2025-04-30,Disponible
inv_005728,SUC-20,PR-5560,78.0,7.0,2025-03-16,2025-07-10,Disponible
I-005729,SUC-40,PR-8373,15.0,20.0,2025-06-28,2025-07-10,Bajo stock
I-005730,SUC-18,PR-3575,,7.0,2025-06-18,2025-06-21,Disponible
I-005731,SUC-50,PR-963,18.0,16.0,2025-03-03,2025-04-10,Disponible
inv_005732,SUC-23,PR-5277,8.0,9.0,2025-07-20,2025-08-14,Bajo stock
I-005733,SUC-3,PR-3936,76.0,18.0,2025-06-14,2025-06-14,Disponible
I-005734,SUC-3,PR-4123,54.0,16.0,2025-05-15,2025-08-08,Disponible
inv_005735,SUC-3,PR-4496,2.0,14.0,2025-04-29,2025-05-17,Bajo stock
I-005736,SUC-38,PR-5217,56.0,18.0,2025-05-15,2025-05-17,Disponible
inv_005737,SUC-18,PR-8303,34.0,11.0,2025-04-16,2025-08-23,Disponible
I-005738,SUC-25,PR-961,64.0,5.0,2025-07-10,2025-08-14,Disponible
I-005739,SUC-14,PR-3813,83.0,19.0,2025-05-04,2025-05-27,Disponible
inv_005740,SUC-48,PR-2349,53.0,8.0,2025-06-17,2026-01-01,Desconocido
inv_005741,SUC-31,PR-1659,42.0,15.0,2025-04-30,2025-06-26,Disponible
inv_005742,SUC-50,PR-1225,51.0,11.0,2025-07-29,2025-08-27,Disponible
inv_005743,SUC-34,PR-2056,75.0,7.0,2025-03-11,2025-07-06,Disponible
I-005744,SUC-32,PR-3605,44.0,8.0,2025-06-03,2025-07-20,Disponible
I-005745,SUC-34,PR-378,73.0,9.0,2025-04-13,2025-05-09,Disponible
inv_005746,SUC-34,PR-9771,90.0,15.0,2025-03-02,2025-05-09,Disponible
I-005747,SUC-32,PR-8943,56.0,11.0,2025-05-03,2025-08-11,Disponible
I-005748,SUC-37,PR-4660,72.0,20.0,2025-05-11,2025-07-13,Disponible
inv_005749,SUC-5,PR-8879,34.0,20.0,2025-06-16,2025-06-20,Disponible
I-005750,SUC-16,PR-7534,76.0,,2025-05-28,2025-07-10,Disponible
inv_005751,SUC-8,PR-2999,63.0,9.0,2025-06-27,2025-08-07,Disponible
I-005752,SUC-24,PR-5340,62.0,9.0,2025-05-28,2025-08-01,Disponible
I-005753,SUC-42,PR-5926,17.0,14.0,2025-05-28,2025-07-05,Disponible
I-005754,SUC-24,PR-5973,56.0,11.0,2025-07-25,2025-08-28,Disponible
inv_005755,SUC-34,PR-6407,71.0,15.0,2025-04-18,2025-06-09,Disponible
inv_005756,SUC-20,PR-8153,13.0,20.0,2025-04-20,2025-04-30,Bajo stock
I-005757,SUC-14,PR-813,51.0,9.0,2025-05-05,2025-06-03,Disponible
I-005758,SUC-42,PR-3758,90.0,5.0,2025-04-26,2025-06-22,Disponible
I-005759,SUC-8,PR-2017,23.0,7.0,2025-07-18,2025-08-25,Disponible
I-005760,SUC-8,,,19.0,2025-06-20,2025-06-21,Desconocido
inv_005761,SUC-44,PR-2263,75.0,11.0,2025-03-03,2025-07-30,Disponible
inv_005762,SUC-14,PR-8577,43.0,5.0,2025-03-18,2025-04-12,Disponible
I-005763,SUC-28,PR-8872,51.0,17.0,2025-07-16,2025-08-01,Disponible
inv_005764,SUC-15,PR-4063,70.0,18.0,2025-06-10,2025-07-08,Disponible
I-005765,SUC-36,PR-2338,90.0,9.0,2025-04-08,2025-07-31,Disponible
I-005766,SUC-26,PR-8622,5.0,17.0,2025-07-11,2025-08-12,Bajo stock
I-005767,SUC-24,PR-4487,79.0,8.0,2025-04-29,2025-07-22,Disponible
I-005768,SUC-43,PR-6667,7.0,15.0,2025-04-21,2025-07-18,Bajo stock
inv_005769,SUC-22,PR-6457,83.0,18.0,2025-06-08,2025-07-29,Disponible
I-005770,SUC-15,PR-9537,41.0,19.0,2025-07-16,2025-08-19,Disponible
inv_005771,SUC-9,PR-5557,7.0,16.0,2025-04-27,2025-05-09,Bajo stock
inv_005772,SUC-22,PR-3145,71.0,5.0,2025-07-25,2025-08-08,Disponible
inv_005773,SUC-1,PR-8910,83.0,11.0,2025-03-03,2025-07-30,Disponible
I-005774,SUC-14,PR-3231,42.0,16.0,2025-06-21,2025-08-02,Disponible
I-005775,SUC-25,PR-7431,80.0,5.0,2025-06-27,2025-07-20,Disponible
inv_005776,SUC-19,PR-3551,16.0,7.0,2025-06-01,2025-07-01,Disponible
inv_005777,SUC-45,PR-1739,47.0,6.0,2025-03-15,2025-07-05,Disponible
I-005778,SUC-23,PR-5303,98.0,10.0,2025-03-07,2025-05-13,Disponible
I-005779,SUC-9,PR-9702,59.0,8.0,2025-03-12,2025-08-28,Disponible
I-005780,SUC-43,PR-5461,44.0,19.0,2025-07-18,2025-08-26,Agotado
I-005781,SUC-17,PR-2354,42.0,16.0,2025-06-03,2025-07-08,Disponible
I-005782,SUC-6,PR-4528,24.0,13.0,2025-07-07,2025-08-04,Disponible
inv_005783,SUC-8,PR-7573,81.0,10.0,2025-05-24,2025-05-28,Disponible
I-005784,SUC-40,PR-2734,10.0,7.0,2025-04-09,2025-04-16,Disponible
inv_005785,SUC-37,PR-3474,88.0,11.0,2025-06-13,2025-08-13,Disponible
I-005786,SUC-40,PR-1964,14.0,6.0,2025-03-17,2025-03-20,Disponible
I-005787,SUC-40,PR-365,56.0,20.0,2025-07-17,2025-07-29,Disponible
inv_005788,SUC-11,PR-7101,94.0,11.0,2025-06-04,2025-06-07,Disponible
inv_005789,SUC-19,PR-7530,85.0,12.0,2025-03-11,2025-07-05,Disponible
inv_005790,SUC-2,PR-2821,-5.0,9.0,2025-07-14,2025-07-14,Bajo stock
I-005791,SUC-16,PR-920,0.0,20.0,2025-06-18,2025-06-22,Agotado
I-005792,SUC-6,PR-9361,73.0,17.0,2025-03-05,2025-05-05,Disponible
inv_005793,SUC-21,PR-6466,0.0,5.0,2025-04-25,2025-05-24,Agotado
I-005794,SUC-43,PR-9266,33.0,10.0,2025-06-21,2025-08-23,Disponible
I-005795,SUC-6,PR-151,0.0,6.0,2025-07-17,2025-08-06,Agotado
I-005796,SUC-32,PR-8374,63.0,18.0,2025-06-17,2025-07-14,Disponible
I-005797,SUC-9,PR-7599,21.0,17.0,2025-07-09,2025-08-11,Disponible
I-005798,SUC-6,PR-9431,26.0,8.0,2025-03-14,2025-06-04,Disponible
I-005799,SUC-20,PR-5363,86.0,8.0,2025-03-18,2025-08-21,Disponible
,SUC-2,PR-5332,38.0,48.0,2025-05-16,2025-07-23,Bajo stock
I-005801,SUC-42,PR-6062,7.0,7.0,2025-05-19,2025-05-30,Bajo stock
I-005802,SUC-31,PR-4238,46.0,19.0,2025-07-14,2025-08-02,Disponible
I-005803,SUC-21,PR-6523,83.0,5.0,2025-05-31,2025-06-13,Disponible
I-005804,SUC-29,PR-8765,6.0,16.0,2025-05-19,2025-07-07,Bajo stock
inv_005805,SUC-39,PR-3690,68.0,12.0,2025-06-28,2025-07-12,Disponible
inv_005806,SUC-28,PR-6653,47.0,18.0,2025-04-16,2025-07-28,Disponible
I-005807,SUC-18,PR-7442,49.0,7.0,2025-03-26,2025-07-25,Disponible
I-005808,SUC-9,PR-9854,89.0,12.0,2025-03-20,2025-06-05,Disponible
I-005809,SUC-18,PR-5037,49.0,15.0,2025-06-08,2025-07-16,Disponible
I-005810,SUC-13,PR-6139,54.0,20.0,2025-03-12,2026-01-01,Disponible
I-005811,SUC-20,PR-2693,47.0,8.0,2025-06-13,2025-07-28,Disponible
I-005812,SUC-35,PR-1323,73.0,16.0,2025-04-02,2025-05-21,Disponible
inv_005813,SUC-10,PR-2829,8.0,12.0,2025-06-08,2025-08-28,Bajo stock
I-005814,SUC-16,PR-9691,79.0,10.0,2025-07-08,2025-07-27,Disponible
inv_005815,SUC-29,PR-9500,80.0,16.0,2025-05-04,2025-05-24,Disponible
inv_005816,SUC-43,PR-4422,95.0,7.0,2025-07-28,2025-08-07,Disponible
I-005817,SUC-49,PR-6757,12.0,11.0,2025-07-17,2025-08-05,Disponible
inv_005818,SUC-7,PR-6568,96.0,8.0,2025-04-12,2025-05-09,Disponible
I-005819,SUC-16,PR-9165,74.0,6.0,2025-06-07,2025-08-25,Disponible
inv_005820,SUC-43,PR-2960,29.0,16.0,2025-07-01,2025-07-16,Desconocido
I-005821,SUC-1,PR-8641,63.0,18.0,2025-04-26,2025-06-18,Disponible
I-005822,SUC-45,PR-5985,25.0,18.0,2025-03-16,2025-03-19,Disponible
I-005823,SUC-39,PR-1222,51.0,17.0,2025-06-14,2025-06-21,Disponible
I-005824,SUC-11,PR-1654,48.0,9.0,2025-03-25,2025-06-16,Disponible
I-005825,SUC-32,PR-6461,90.0,7.0,2025-04-27,2025-08-06,Disponible
I-005826,SUC-40,PR-6821,11.0,5.0,2025-03-11,2025-07-11,Disponible
inv_005827,SUC-33,PR-9490,21.0,17.0,2025-03-12,2025-05-25,Disponible
I-005828,SUC-5,PR-6550,98.0,7.0,2025-03-18,2025-05-26,Disponible
inv_005829,SUC-30,PR-4007,13.0,17.0,2025-05-12,2025-08-12,Bajo stock
inv_005830,SUC-23,PR-5594,74.0,13.0,2025-06-29,2025-07-10,Disponible
inv_005831,SUC-33,PR-7910,69.0,16.0,2025-05-14,2025-07-03,Disponible
I-005832,SUC-28,PR-4577,87.0,20.0,2025-05-10,2025-07-21,Disponible
I-005833,SUC-33,PR-654,27.0,20.0,2025-06-12,2025-06-23,Disponible
I-005834,SUC-39,PR-2249,41.0,15.0,2025-05-27,2025-07-29,Disponible
inv_005835,SUC-1,PR-2338,3.0,17.0,2025-05-21,2025-07-06,Bajo stock
I-005836,SUC-48,PR-1872,82.0,19.0,2025-07-13,2025-07-25,Disponible
I-005837,SUC-35,PR-6495,74.0,7.0,2025-03-22,2025-05-12,Disponible
I-005838,SUC-34,PR-5828,40.0,13.0,2025-03-14,2025-08-11,Disponible
inv_005839,SUC-30,PR-2287,57.0,9.0,2025-04-30,2025-08-13,Disponible
inv_005840,SUC-22,PR-7399,52.0,5.0,2025-06-19,2025-08-13,Agotado
I-005841,SUC-41,PR-5297,34.0,15.0,2025-06-19,2025-07-09,Disponible
I-005842,SUC-36,PR-8269,95.0,12.0,2025-06-20,2025-07-27,Disponible
inv_005843,SUC-6,PR-9868,19.0,15.0,2025-03-19,2025-07-30,Disponible
I-005844,SUC-34,PR-9151,19.0,17.0,2025-04-18,2025-07-19,Disponible
I-005845,SUC-44,PR-6278,82.0,6.0,2025-04-13,2026-01-01,Disponible
inv_005846,SUC-37,PR-5667,49.0,6.0,2025-04-20,2025-06-19,Disponible
I-005847,SUC-30,PR-581,21.0,6.0,2025-03-26,2025-05-20,Disponible
I-005848,SUC-9,PR-8871,42.0,17.0,2025-04-28,2025-05-02,Disponible
I-005849,SUC-16,PR-5937,87.0,11.0,2025-05-27,2025-08-12,Disponible
I-005850,SUC-46,PR-876,-8.0,15.0,2025-03-04,2025-06-06,Bajo stock
I-005851,SUC-16,PR-1654,49.0,14.0,2025-04-28,2025-07-09,Disponible
I-005852,SUC-8,PR-580,43.0,11.0,2025-04-13,2025-06-08,Disponible
inv_005853,SUC-41,PR-5405,81.0,8.0,2025-06-11,2025-06-26,Disponible
I-005854,SUC-47,PR-3165,32.0,11.0,2025-03-05,2025-06-09,Disponible
inv_005855,SUC-45,PR-8293,61.0,9.0,2025-05-08,2025-06-13,Disponible
inv_005856,SUC-27,PR-2527,68.0,18.0,2025-07-18,2025-08-27,Disponible
I-005857,SUC-34,PR-8742,2.0,14.0,2025-04-07,2025-05-10,Bajo stock
I-005858,SUC-22,PR-1324,59.0,9.0,2025-05-02,2025-07-19,Disponible
I-005859,SUC-26,PR-8566,14.0,8.0,2025-05-26,2025-06-04,Disponible
I-005860,SUC-37,PR-1812,21.0,5.0,2025-06-02,2025-08-11,Desconocido
inv_005861,SUC-34,PR-2568,93.0,11.0,2025-06-01,2025-08-16,Disponible
I-005862,SUC-20,PR-2057,4.0,17.0,2025-05-18,2025-08-07,Bajo stock
I-005863,SUC-33,PR-6624,43.0,16.0,2025-07-09,2025-07-09,Disponible
inv_005864,SUC-12,PR-3910,93.0,14.0,2025-04-26,2025-05-07,Disponible
I-005865,SUC-1,PR-8153,86.0,6.0,2025-06-14,2025-06-27,Disponible
I-005866,SUC-14,PR-5445,4.0,13.0,2025-06-07,2025-08-03,Bajo stock
I-005867,SUC-20,PR-1948,11.0,5.0,2025-06-08,2025-07-31,Disponible
I-005868,SUC-24,PR-3043,54.0,20.0,2025-04-26,2025-08-03,Disponible
I-005869,SUC-18,PR-9573,41.0,10.0,2025-05-13,2025-08-16,Disponible
I-005870,SUC-5,PR-9416,37.0,6.0,2025-04-24,2025-08-26,Disponible
I-005871,SUC-18,PR-4862,98.0,16.0,2025-03-07,2025-03-29,Disponible
inv_005872,SUC-33,PR-8678,42.0,19.0,2025-03-03,2025-03-26,Disponible
inv_005873,SUC-45,PR-4010,37.0,7.0,2025-05-13,2025-05-24,Disponible
I-005874,SUC-14,PR-4934,20.0,14.0,2025-03-13,2025-04-06,Disponible
I-005875,SUC-28,PR-3379,66.0,76.0,2025-03-24,2025-06-25,Bajo stock
I-005876,SUC-11,PR-4940,71.0,5.0,2025-04-09,2025-07-05,Disponible
inv_005877,SUC-44,PR-1991,98.0,14.0,2025-07-08,2025-07-24,Disponible
inv_005878,SUC-3,PR-9539,68.0,8.0,2025-07-02,2025-08-18,Disponible
I-005879,SUC-25,PR-9649,14.0,13.0,2025-04-03,2025-06-13,Disponible
I-005880,SUC-21,,,7.0,2025-05-17,2025-06-05,Desconocido
I-005881,SUC-46,PR-2234,95.0,19.0,2025-06-17,2025-07-16,Disponible
inv_005882,SUC-3,PR-3208,37.0,8.0,2025-07-23,2025-08-16,Disponible
I-005883,SUC-38,PR-7948,40.0,15.0,2025-07-19,2025-08-06,Disponible
I-005884,SUC-42,PR-5581,41.0,16.0,2025-03-11,2025-07-19,Disponible
inv_005885,SUC-45,PR-6185,58.0,7.0,2025-07-04,2025-07-23,Disponible
I-005886,SUC-17,PR-1845,15.0,10.0,2025-06-18,2025-07-07,Disponible
I-005887,SUC-27,PR-1561,77.0,7.0,2025-05-21,2025-08-12,Disponible
inv_005888,SUC-21,PR-8713,2.0,11.0,2025-05-27,2025-08-05,Bajo stock
I-005889,SUC-13,PR-8149,8.0,15.0,2025-03-22,2025-03-22,Bajo stock
inv_005890,SUC-42,PR-781,37.0,17.0,2025-07-14,2025-08-21,Disponible
I-005891,SUC-45,PR-8455,90.0,7.0,2025-05-16,2025-05-25,Disponible
I-005892,SUC-11,PR-5731,97.0,10.0,2025-06-11,2025-07-10,Disponible
I-005893,SUC-47,PR-7912,97.0,15.0,2025-05-25,2025-07-09,Disponible
I-005894,SUC-19,PR-6489,72.0,16.0,2025-07-16,2025-07-21,Disponible
I-005895,SUC-42,PR-1593,51.0,13.0,2025-07-21,2025-08-17,Disponible
I-005896,SUC-24,PR-5545,94.0,7.0,2025-03-05,2025-04-01,Disponible
inv_005897,SUC-30,PR-1550,100.0,14.0,2025-03-19,2025-03-26,Disponible
I-005898,SUC-16,PR-973,69.0,7.0,2025-03-24,2025-06-22,Disponible
I-005899,SUC-23,PR-1302,78.0,9.0,2025-06-07,2025-06-20,Disponible
,SUC-8,PR-1999,77.0,87.0,2025-04-02,2025-06-27,Bajo stock
inv_005901,SUC-14,PR-929,90.0,18.0,2025-07-11,2025-07-18,Disponible
inv_005902,SUC-5,PR-9705,54.0,7.0,2025-03-31,2025-05-13,Disponible
inv_005903,SUC-36,PR-5092,1.0,13.0,2025-07-27,2025-08-07,Bajo stock
I-005904,SUC-1,PR-2130,78.0,5.0,2025-06-10,2025-06-15,Disponible
inv_005905,SUC-41,PR-2332,82.0,17.0,2025-03-29,2025-05-24,Disponible
I-005906,SUC-18,PR-2201,13.0,13.0,2025-07-26,2025-08-03,Bajo stock
I-005907,SUC-21,PR-4690,50.0,6.0,2025-05-07,2025-07-30,Disponible
I-005908,SUC-37,PR-2333,75.0,20.0,2025-07-09,2025-08-10,Disponible
I-005909,SUC-45,PR-9451,64.0,18.0,2025-06-17,2025-07-09,Disponible
I-005910,SUC-50,PR-520,,15.0,2025-07-26,2025-08-08,Disponible
I-005911,SUC-32,PR-9401,55.0,20.0,2025-03-16,2025-08-16,Disponible
I-005912,SUC-31,PR-9328,74.0,8.0,2025-06-05,2025-08-09,Disponible
I-005913,SUC-28,PR-4221,56.0,5.0,2025-03-26,2025-03-31,Disponible
I-005914,SUC-7,PR-1589,95.0,5.0,2025-05-23,2025-06-05,Disponible
I-005915,SUC-3,PR-2312,19.0,16.0,2025-03-12,2026-01-01,Disponible
I-005916,SUC-10,PR-9844,84.0,7.0,2025-04-21,2025-08-02,Disponible
I-005917,SUC-36,PR-4956,25.0,16.0,2025-04-14,2025-06-01,Disponible
inv_005918,SUC-20,PR-650,4.0,12.0,2025-05-24,2025-06-05,Bajo stock
I-005919,SUC-28,PR-3379,82.0,17.0,2025-04-15,2025-07-05,Disponible
I-005920,SUC-47,PR-6678,47.0,9.0,2025-03-02,2025-04-09,Agotado
I-005921,SUC-2,PR-6874,93.0,19.0,2025-04-16,2025-07-17,Disponible
inv_005922,SUC-40,PR-3813,40.0,17.0,2025-04-05,2025-07-29,Disponible
inv_005923,SUC-45,PR-2909,36.0,11.0,2025-07-10,2025-08-22,Disponible
I-005924,SUC-4,PR-9932,12.0,7.0,2025-06-17,2025-07-24,Disponible
I-005925,SUC-20,PR-39,65.0,17.0,2025-06-21,2025-07-14,Disponible
I-005926,SUC-44,PR-1582,8.0,7.0,2025-07-05,2025-07-22,Disponible
inv_005927,SUC-27,PR-5511,89.0,19.0,2025-06-10,2025-06-30,Disponible
I-005928,SUC-15,PR-8720,90.0,11.0,2025-06-20,2025-08-14,Disponible
I-005929,SUC-45,PR-8241,78.0,5.0,2025-07-11,2025-08-18,Disponible
I-005930,SUC-2,PR-6876,35.0,6.0,2025-07-21,2025-08-17,Disponible
I-005931,SUC-6,PR-3564,16.0,19.0,2025-05-31,2025-08-25,Bajo stock
I-005932,SUC-10,PR-6938,37.0,5.0,2025-07-19,2025-08-27,Disponible
I-005933,SUC-48,PR-4317,53.0,12.0,2025-03-15,2025-04-28,Disponible
I-005934,SUC-14,PR-2814,70.0,13.0,2025-07-07,2025-07-30,Disponible
I-005935,SUC-18,PR-4932,31.0,18.0,2025-04-29,2025-06-24,Disponible
I-005936,SUC-21,PR-2300,84.0,12.0,2025-07-20,2025-08-13,Disponible
I-005937,SUC-39,PR-5311,6.0,12.0,2025-03-21,2025-03-28,Bajo stock
inv_005938,SUC-1,PR-8474,63.0,18.0,2025-04-30,2025-06-06,Disponible
I-005939,SUC-23,PR-9093,90.0,14.0,2025-04-06,2025-08-21,Disponible
inv_005940,SUC-7,PR-4032,,12.0,2025-05-20,2025-05-27,Disponible
I-005941,SUC-40,PR-1116,60.0,20.0,2025-03-28,2025-06-10,Disponible
I-005942,SUC-46,PR-16,45.0,5.0,2025-06-26,2025-07-13,Disponible
I-005943,SUC-27,PR-2199,18.0,17.0,2025-04-22,2025-06-02,Disponible
I-005944,SUC-28,PR-1918,29.0,11.0,2025-06-22,2025-08-12,Disponible
I-005945,SUC-27,PR-9852,73.0,12.0,2025-04-04,2025-07-16,Disponible
I-005946,SUC-20,PR-4092,13.0,15.0,2025-04-20,2025-06-16,Bajo stock
inv_005947,SUC-31,PR-9861,28.0,10.0,2025-04-14,2025-08-12,Disponible
I-005948,SUC-10,PR-6813,83.0,10.0,2025-03-23,2025-07-06,Disponible
I-005949,SUC-21,PR-4991,76.0,8.0,2025-04-04,2025-08-07,Disponible
,SUC-7,PR-369,71.0,,2025-06-26,2025-07-04,Disponible
inv_005951,SUC-24,PR-394,55.0,14.0,2025-06-13,2025-08-11,Disponible
inv_005952,SUC-45,PR-9283,65.0,11.0,2025-03-21,2025-04-03,Disponible
I-005953,SUC-26,PR-4453,96.0,20.0,2025-07-22,2025-08-03,Disponible
I-005954,SUC-17,PR-8543,7.0,7.0,2025-04-28,2025-05-19,Bajo stock
inv_005955,SUC-5,PR-8121,22.0,19.0,2025-03-22,2025-04-23,Disponible
inv_005956,SUC-48,PR-2436,83.0,17.0,2025-03-21,2025-04-12,Disponible
I-005957,SUC-3,PR-2635,53.0,10.0,2025-03-26,2025-07-07,Disponible
I-005958,SUC-3,PR-3253,36.0,15.0,2025-05-23,2025-07-11,Disponible
I-005959,SUC-14,PR-1055,66.0,18.0,2025-06-01,2025-07-01,Disponible
I-005960,SUC-7,PR-302,12.0,6.0,2025-05-12,2025-06-14,Bajo stock
I-005961,SUC-45,PR-9386,36.0,15.0,2025-06-18,2025-08-09,Disponible
inv_005962,SUC-23,PR-6073,82.0,5.0,2025-03-08,2025-07-09,Disponible
I-005963,SUC-50,PR-7243,99.0,20.0,2025-06-30,2025-07-16,Disponible
I-005964,SUC-9,PR-8521,23.0,10.0,2025-05-22,2025-08-12,Disponible
I-005965,SUC-47,PR-826,41.0,5.0,2025-04-03,2025-05-08,Disponible
I-005966,SUC-9,PR-986,36.0,15.0,2025-07-10,2025-07-21,Disponible
inv_005967,SUC-36,PR-9257,31.0,16.0,2025-06-04,2025-07-13,Disponible
I-005968,SUC-18,PR-3939,36.0,15.0,2025-03-28,2025-06-17,Disponible
inv_005969,SUC-19,PR-6025,89.0,17.0,2025-04-25,2025-05-13,Disponible
inv_005970,SUC-45,PR-6917,43.0,18.0,2025-04-25,2025-06-26,Disponible
I-005971,SUC-16,PR-5144,5.0,17.0,2025-04-06,2025-07-14,Bajo stock
I-005972,SUC-38,PR-5828,2.0,14.0,2025-03-03,2025-05-08,Bajo stock
I-005973,SUC-28,PR-2569,9.0,14.0,2025-07-28,2025-08-23,Bajo stock
inv_005974,SUC-49,PR-8218,53.0,16.0,2025-06-16,2025-07-10,Disponible
I-005975,SUC-5,PR-9238,88.0,98.0,2025-05-23,2025-07-28,Bajo stock
I-005976,SUC-26,PR-1577,47.0,20.0,2025-06-16,2025-07-16,Disponible
I-005977,SUC-31,PR-4208,100.0,17.0,2025-07-18,2025-07-19,Disponible
I-005978,SUC-6,PR-7271,17.0,18.0,2025-03-14,2025-08-24,Bajo stock
I-005979,SUC-21,PR-2229,16.0,14.0,2025-03-26,2025-05-31,Disponible
inv_005980,SUC-27,PR-2168,93.0,10.0,2025-07-29,2025-08-02,Disponible
inv_005981,SUC-40,PR-3411,11.0,12.0,2025-07-01,2025-07-04,Bajo stock
inv_005982,SUC-16,PR-8377,42.0,20.0,2025-07-21,2025-08-18,Disponible
inv_005983,SUC-37,PR-1247,60.0,7.0,2025-04-25,2025-05-15,Disponible
I-005984,SUC-10,PR-6610,33.0,11.0,2025-07-18,2025-08-06,Disponible
inv_005985,SUC-19,PR-6583,1.0,15.0,2025-05-15,2026-01-01,Bajo stock
I-005986,SUC-3,PR-7943,66.0,6.0,2025-06-01,2025-08-24,Disponible
inv_005987,SUC-19,PR-4389,41.0,18.0,2025-03-08,2025-03-13,Disponible
I-005988,SUC-2,PR-1680,76.0,15.0,2025-06-16,2025-07-03,Disponible
inv_005989,SUC-12,PR-3962,82.0,20.0,2025-05-06,2025-05-24,Disponible
I-005990,SUC-1,PR-8160,94.0,17.0,2025-07-20,2025-07-25,Disponible
inv_005991,SUC-38,PR-4871,46.0,17.0,2025-04-24,2025-05-30,Disponible
I-005992,SUC-35,PR-8254,77.0,6.0,2025-04-21,2025-08-18,Disponible
I-005993,SUC-38,PR-3694,47.0,20.0,2025-06-24,2025-06-24,Disponible
I-005994,SUC-47,PR-8505,3.0,7.0,2025-05-02,2025-08-18,Bajo stock
I-005995,SUC-32,PR-3771,12.0,5.0,2025-07-03,2025-08-27,Disponible
I-005996,SUC-35,PR-9681,74.0,8.0,2025-05-26,2025-07-01,Disponible
I-005997,SUC-14,PR-4719,53.0,8.0,2025-06-30,2025-07-04,Disponible
inv_005998,SUC-1,PR-8192,44.0,14.0,2025-03-24,2025-04-25,Disponible
I-005999,SUC-4,PR-3904,71.0,19.0,2025-07-13,2025-08-28,Disponible
I-006000,SUC-13,PR-5166,,,2025-07-02,2025-07-14,Desconocido
inv_006001,SUC-24,PR-3694,3.0,14.0,2025-07-21,2025-08-05,Bajo stock
I-006002,SUC-8,PR-8637,67.0,20.0,2025-04-06,2025-07-23,Disponible
inv_006003,SUC-38,PR-2471,21.0,18.0,2025-05-07,2025-07-01,Disponible
I-006004,SUC-48,PR-6971,21.0,12.0,2025-07-04,2025-08-12,Disponible
I-006005,SUC-14,PR-2787,89.0,12.0,2025-06-16,2025-06-29,Disponible
I-006006,SUC-1,PR-4871,58.0,20.0,2025-07-19,2025-08-15,Disponible
inv_006007,SUC-5,PR-1928,88.0,13.0,2025-07-07,2025-08-26,Disponible
inv_006008,SUC-8,PR-1393,36.0,8.0,2025-05-02,2025-05-19,Disponible
I-006009,SUC-3,PR-2307,78.0,13.0,2025-03-24,2025-04-15,Disponible
I-006010,SUC-39,PR-9036,19.0,20.0,2025-04-22,2025-07-19,Bajo stock
I-006011,SUC-44,PR-9670,87.0,19.0,2025-03-27,2025-05-03,Disponible
inv_006012,SUC-11,PR-1944,57.0,5.0,2025-06-20,2025-08-20,Disponible
inv_006013,SUC-11,PR-4305,52.0,12.0,2025-06-29,2025-07-28,Disponible
I-006014,SUC-24,PR-7183,59.0,14.0,2025-05-24,2025-07-19,Disponible
inv_006015,SUC-49,PR-1861,50.0,5.0,2025-05-01,2025-07-29,Disponible
inv_006016,SUC-33,PR-766,51.0,20.0,2025-03-04,2025-08-15,Disponible
inv_006017,SUC-42,PR-7719,63.0,19.0,2025-05-02,2025-06-24,Disponible
I-006018,SUC-28,PR-7773,44.0,5.0,2025-03-05,2025-04-21,Disponible
I-006019,SUC-39,PR-9158,44.0,16.0,2025-07-22,2025-08-17,Disponible
I-006020,SUC-31,PR-203,66.0,15.0,2025-03-04,2026-01-01,Desconocido
I-006021,SUC-32,PR-5666,72.0,14.0,2025-07-16,2025-07-25,Disponible
I-006022,SUC-33,PR-4952,68.0,16.0,2025-06-25,2025-07-07,Disponible
inv_006023,SUC-34,PR-2384,15.0,12.0,2025-05-17,2025-08-09,Disponible
I-006024,SUC-9,PR-3693,60.0,19.0,2025-06-03,2025-07-08,Disponible
I-006025,SUC-49,PR-1342,95.0,105.0,2025-03-27,2025-06-14,Bajo stock
I-006026,SUC-4,PR-3425,43.0,13.0,2025-04-07,2025-05-19,Disponible
I-006027,SUC-17,PR-7971,39.0,18.0,2025-03-25,2025-04-03,Disponible
inv_006028,SUC-20,PR-6364,47.0,8.0,2025-04-19,2025-07-23,Disponible
inv_006029,SUC-47,PR-5820,9.0,5.0,2025-07-25,2025-08-21,Disponible
I-006030,SUC-8,PR-7869,,18.0,2025-05-25,2025-08-11,Disponible
I-006031,SUC-33,PR-2586,22.0,7.0,2025-05-27,2025-08-13,Disponible
I-006032,SUC-11,PR-2814,90.0,19.0,2025-06-10,2025-08-16,Disponible
inv_006033,SUC-2,PR-6813,89.0,20.0,2025-03-14,2025-03-24,Disponible
inv_006034,SUC-39,PR-3870,14.0,14.0,2025-06-04,2025-06-19,Bajo stock
I-006035,SUC-46,PR-6106,91.0,6.0,2025-03-11,2025-05-27,Disponible
inv_006036,SUC-18,PR-2012,31.0,12.0,2025-03-09,2025-07-10,Disponible
inv_006037,SUC-42,PR-2001,31.0,7.0,2025-07-27,2025-08-07,Disponible
inv_006038,SUC-45,PR-7567,12.0,17.0,2025-03-17,2025-06-01,Bajo stock
I-006039,SUC-46,PR-85,41.0,20.0,2025-06-03,2025-06-09,Disponible
I-006040,SUC-32,,37.0,18.0,2025-03-09,2025-05-15,Bajo stock
inv_006041,SUC-9,PR-1618,32.0,9.0,2025-06-01,2025-08-22,Disponible
I-006042,SUC-42,PR-4535,100.0,10.0,2025-06-18,2025-06-26,Disponible
I-006043,SUC-1,PR-8973,87.0,19.0,2025-04-06,2025-06-29,Disponible
I-006044,SUC-48,PR-2253,46.0,17.0,2025-05-25,2025-05-29,Disponible
inv_006045,SUC-1,PR-8278,60.0,5.0,2025-06-25,2025-08-23,Disponible
I-006046,SUC-31,PR-9155,67.0,7.0,2025-04-26,2025-04-29,Disponible
I-006047,SUC-44,PR-6392,41.0,14.0,2025-03-22,2025-06-19,Disponible
inv_006048,SUC-17,PR-548,10.0,18.0,2025-04-17,2025-04-18,Bajo stock
inv_006049,SUC-28,PR-6428,4.0,7.0,2025-03-11,2025-05-21,Bajo stock
I-006050,SUC-30,PR-4056,70.0,80.0,2025-03-04,2025-07-23,Bajo stock
I-006051,SUC-50,PR-7502,81.0,5.0,2025-04-23,2025-07-13,Disponible
I-006052,SUC-36,PR-8325,2.0,15.0,2025-04-09,2025-04-29,Bajo stock
inv_006053,SUC-1,PR-6976,27.0,18.0,2025-03-21,2025-03-30,Disponible
I-006054,SUC-30,PR-2321,70.0,15.0,2025-03-23,2025-06-25,Disponible
I-006055,SUC-23,PR-9156,53.0,12.0,2025-06-12,,Disponible
I-006056,SUC-43,PR-8426,21.0,10.0,2025-03-06,2025-04-28,Disponible
inv_006057,SUC-39,PR-9541,35.0,9.0,2025-04-02,2025-04-08,Disponible
inv_006058,SUC-45,PR-5883,98.0,13.0,2025-03-28,2025-05-24,Disponible
I-006059,SUC-12,PR-7173,21.0,8.0,2025-04-21,2025-08-25,Disponible
I-006060,SUC-3,PR-6947,,14.0,2025-03-26,2025-06-09,Bajo stock
inv_006061,SUC-43,PR-9514,69.0,20.0,2025-03-10,2025-06-09,Disponible
inv_006062,SUC-30,PR-813,55.0,9.0,2025-03-30,2025-08-17,Disponible
I-006063,SUC-3,PR-9586,96.0,12.0,2025-04-10,2025-07-21,Disponible
I-006064,SUC-22,PR-5575,77.0,12.0,2025-07-11,2025-07-14,Disponible
I-006065,SUC-25,PR-3837,33.0,8.0,2025-05-01,2025-06-11,Disponible
I-006066,SUC-15,PR-1775,52.0,16.0,2025-04-14,2025-08-28,Disponible
inv_006067,SUC-48,PR-3298,67.0,14.0,2025-06-29,2025-07-27,Disponible
I-006068,SUC-46,PR-9062,59.0,18.0,2025-04-16,2025-04-22,Disponible
I-006069,SUC-19,PR-6755,59.0,12.0,2025-07-02,2025-07-31,Disponible
I-006070,SUC-4,PR-7223,97.0,15.0,2025-05-19,2025-08-18,Disponible
I-006071,SUC-16,PR-9267,97.0,8.0,2025-04-07,2025-08-12,Disponible
inv_006072,SUC-25,PR-9859,54.0,6.0,2025-03-10,2025-03-21,Disponible
I-006073,SUC-46,PR-7769,47.0,11.0,2025-07-20,2025-07-24,Disponible
I-006074,SUC-14,PR-3734,51.0,16.0,2025-05-02,2025-07-24,Disponible
I-006075,SUC-38,PR-7858,82.0,18.0,2025-06-14,2025-07-26,Disponible
I-006076,SUC-1,PR-7109,49.0,12.0,2025-06-19,2025-08-03,Disponible
I-006077,SUC-27,PR-3376,1.0,7.0,2025-06-26,2025-08-10,Bajo stock
I-006078,SUC-45,PR-871,19.0,6.0,2025-07-08,2025-07-15,Disponible
I-006079,SUC-24,PR-816,50.0,11.0,2025-03-04,2025-05-08,Disponible
I-006080,SUC-37,PR-9861,60.0,8.0,2025-04-05,2025-05-14,Bajo stock
I-006081,SUC-38,PR-8218,10.0,14.0,2025-05-31,2025-08-10,Bajo stock
I-006082,SUC-20,PR-920,23.0,6.0,2025-03-04,2025-05-09,Disponible
inv_006083,SUC-40,PR-1200,23.0,6.0,2025-05-09,2025-07-14,Disponible
I-006084,SUC-44,PR-8807,29.0,6.0,2025-05-12,2025-06-17,Disponible
I-006085,SUC-8,PR-5248,76.0,20.0,2025-03-20,2025-07-21,Disponible
I-006086,SUC-40,PR-7388,70.0,15.0,2025-07-16,2025-08-04,Disponible
inv_006087,SUC-20,PR-870,63.0,7.0,2025-04-09,2025-06-09,Disponible
I-006088,SUC-33,PR-369,30.0,12.0,2025-04-15,2025-08-21,Disponible
I-006089,SUC-4,PR-9443,72.0,17.0,2025-04-29,2025-06-03,Disponible
I-006090,SUC-3,PR-1587,32.0,8.0,2025-03-03,,Disponible
inv_006091,SUC-21,PR-4221,17.0,14.0,2025-06-27,2025-08-04,Disponible
inv_006092,SUC-19,PR-9976,25.0,17.0,2025-05-18,2025-06-07,Disponible
inv_006093,SUC-13,PR-8664,38.0,18.0,2025-06-04,2025-06-20,Disponible
I-006094,SUC-9,PR-5796,95.0,14.0,2025-03-31,2025-08-12,Disponible
inv_006095,SUC-35,PR-6664,1.0,7.0,2025-07-11,2025-08-06,Bajo stock
I-006096,SUC-21,PR-8793,89.0,14.0,2025-03-28,2025-05-24,Disponible
I-006097,SUC-31,PR-4237,70.0,8.0,2025-05-20,2025-06-17,Disponible
I-006098,SUC-3,PR-6310,18.0,11.0,2025-06-25,2025-07-25,Disponible
inv_006099,SUC-26,PR-3129,33.0,12.0,2025-05-14,2025-08-08,Disponible
I-006100,SUC-22,PR-5127,12.0,6.0,2025-05-12,2025-05-20,Agotado
I-006101,SUC-17,PR-5043,58.0,10.0,2025-07-24,2025-07-31,Disponible
inv_006102,SUC-7,PR-466,96.0,7.0,2025-06-21,2025-08-20,Disponible
I-006103,SUC-42,PR-2077,77.0,9.0,2025-07-12,2025-08-22,Disponible
I-006104,SUC-25,PR-1762,99.0,8.0,2025-04-03,2025-06-15,Disponible
I-006105,SUC-16,PR-3516,9.0,14.0,2025-03-02,2025-05-06,Bajo stock
I-006106,SUC-37,PR-814,85.0,10.0,2025-06-20,2025-08-06,Disponible
I-006107,SUC-25,PR-7401,7.0,19.0,2025-05-03,2025-08-20,Bajo stock
I-006108,SUC-12,PR-7617,99.0,7.0,2025-06-12,2025-08-13,Disponible
I-006109,SUC-20,PR-3722,74.0,7.0,2025-07-14,2025-07-20,Disponible
I-006110,SUC-27,PR-7310,94.0,12.0,2025-06-26,2025-08-09,Disponible
I-006111,SUC-50,PR-579,7.0,15.0,2025-07-07,2025-08-13,Bajo stock
I-006112,SUC-25,PR-2250,85.0,14.0,2025-05-17,2025-08-26,Disponible
inv_006113,SUC-30,PR-2803,83.0,20.0,2025-07-20,2025-08-15,Disponible
I-006114,SUC-7,PR-6972,42.0,12.0,2025-05-16,2025-07-22,Disponible
I-006115,SUC-20,PR-7895,78.0,8.0,2025-04-04,2025-08-15,Disponible
inv_006116,SUC-19,PR-9877,12.0,16.0,2025-07-16,2025-08-01,Bajo stock
I-006117,SUC-41,PR-6044,90.0,10.0,2025-07-17,2025-07-31,Disponible
inv_006118,SUC-12,PR-4508,42.0,10.0,2025-04-04,2025-04-13,Disponible
I-006119,SUC-40,PR-6908,82.0,16.0,2025-07-09,2025-08-06,Disponible
I-006120,SUC-28,PR-2889,,5.0,2025-05-27,2025-08-05,Agotado
I-006121,SUC-48,PR-859,44.0,18.0,2025-05-22,2025-06-17,Disponible
inv_006122,SUC-26,PR-8221,69.0,7.0,2025-04-06,2025-04-18,Disponible
I-006123,SUC-32,PR-2113,3.0,9.0,2025-05-16,2025-07-02,Bajo stock
I-006124,SUC-11,PR-8291,35.0,5.0,2025-06-09,2025-06-29,Disponible
I-006125,SUC-8,PR-9588,35.0,,2025-05-15,2025-06-16,Disponible
I-006126,SUC-45,PR-6106,38.0,7.0,2025-05-18,2025-06-15,Disponible
I-006127,SUC-38,PR-946,30.0,15.0,2025-07-14,2025-07-23,Disponible
I-006128,SUC-8,PR-2278,89.0,20.0,2025-06-18,2025-08-21,Disponible
inv_006129,SUC-14,PR-1170,3.0,17.0,2025-03-19,2025-08-09,Bajo stock
inv_006130,SUC-50,PR-9908,96.0,19.0,2025-07-13,2025-08-07,Disponible
I-006131,SUC-41,PR-3733,92.0,19.0,2025-06-13,2025-07-24,Disponible
inv_006132,SUC-38,PR-9333,61.0,14.0,2025-05-04,2025-06-15,Disponible
inv_006133,SUC-2,PR-2520,20.0,18.0,2025-03-08,2025-07-09,Disponible
I-006134,SUC-49,PR-9218,80.0,14.0,2025-03-25,2025-07-10,Disponible
inv_006135,SUC-18,PR-5926,13.0,17.0,2025-07-04,2025-07-26,Bajo stock
I-006136,SUC-29,PR-7408,84.0,19.0,2025-04-17,2025-08-15,Disponible
inv_006137,SUC-33,PR-9095,10.0,5.0,2025-07-09,2025-08-07,Disponible
inv_006138,SUC-40,PR-6982,14.0,6.0,2025-07-04,2025-08-05,Disponible
inv_006139,SUC-15,PR-5359,86.0,17.0,2025-06-04,2025-07-31,Disponible
inv_006140,SUC-43,PR-5640,67.0,6.0,2025-07-28,2025-08-16,Agotado
inv_006141,SUC-40,PR-2108,62.0,9.0,2025-06-16,2025-08-10,Disponible
inv_006142,SUC-21,PR-9520,30.0,6.0,2025-05-28,2025-06-12,Disponible
I-006143,SUC-33,PR-7065,16.0,6.0,2025-05-07,2025-08-27,Disponible
inv_006144,SUC-2,PR-1388,50.0,16.0,2025-03-05,2025-08-12,Disponible
inv_006145,SUC-19,PR-3222,60.0,9.0,2025-04-08,2025-05-04,Disponible
I-006146,SUC-15,PR-4186,31.0,15.0,2025-05-30,2025-06-13,Disponible
I-006147,SUC-27,PR-3223,7.0,13.0,2025-05-30,2025-07-29,Bajo stock
inv_006148,SUC-19,PR-4475,87.0,13.0,2025-07-21,2025-07-23,Disponible
inv_006149,SUC-41,PR-453,42.0,13.0,2025-03-16,2025-05-22,Disponible
inv_006150,SUC-25,PR-1746,-15.0,19.0,2025-07-07,2025-08-09,Bajo stock
I-006151,SUC-14,PR-1657,34.0,7.0,2025-03-10,2025-08-07,Disponible
I-006152,SUC-34,PR-4155,28.0,16.0,2025-06-19,2025-08-20,Disponible
I-006153,SUC-49,PR-7457,20.0,10.0,2025-05-31,2025-07-10,Disponible
I-006154,SUC-40,PR-5124,79.0,20.0,2025-05-05,2025-07-31,Disponible
I-006155,SUC-8,PR-2633,66.0,18.0,2025-05-06,2025-08-11,Disponible
I-006156,SUC-46,PR-2068,17.0,19.0,2025-06-03,2025-07-16,Bajo stock
I-006157,SUC-45,PR-5505,48.0,5.0,2025-06-05,2025-07-05,Disponible
I-006158,SUC-3,PR-498,40.0,17.0,2025-05-01,2025-05-28,Disponible
I-006159,SUC-15,PR-6784,54.0,17.0,2025-03-03,2025-04-26,Disponible
I-006160,SUC-43,PR-8545,70.0,14.0,2025-06-02,2026-01-01,Agotado
I-006161,SUC-3,PR-5168,19.0,13.0,2025-05-23,2025-05-28,Disponible
I-006162,SUC-38,PR-3028,40.0,20.0,2025-03-28,2025-04-24,Disponible
I-006163,SUC-1,PR-6324,35.0,9.0,2025-07-15,2025-08-28,Disponible
I-006164,SUC-1,PR-5082,12.0,14.0,2025-07-04,2025-08-26,Bajo stock
I-006165,SUC-24,PR-2961,9.0,17.0,2025-06-20,2025-07-06,Bajo stock
I-006166,SUC-22,PR-8220,93.0,17.0,2025-04-16,2025-05-12,Disponible
I-006167,SUC-5,PR-8914,3.0,14.0,2025-05-14,2025-06-15,Bajo stock
I-006168,SUC-4,PR-1503,50.0,5.0,2025-05-30,2025-08-16,Disponible
I-006169,SUC-6,PR-6406,26.0,6.0,2025-05-28,2025-06-07,Disponible
I-006170,SUC-18,PR-8397,69.0,7.0,2025-05-16,2025-06-11,Disponible
I-006171,SUC-28,PR-2297,78.0,15.0,2025-03-13,2025-07-20,Disponible
I-006172,SUC-26,PR-1298,8.0,7.0,2025-03-23,2025-07-24,Disponible
I-006173,SUC-19,PR-5965,88.0,17.0,2025-03-29,2025-08-10,Disponible
I-006174,SUC-1,PR-1461,57.0,12.0,2025-04-25,2025-05-06,Disponible
I-006175,SUC-2,PR-7475,98.0,108.0,2025-05-08,2025-07-19,Bajo stock
I-006176,SUC-3,PR-1386,10.0,9.0,2025-03-05,2025-06-08,Disponible
I-006177,SUC-41,PR-5510,93.0,12.0,2025-03-05,2025-06-27,Disponible
I-006178,SUC-27,PR-6758,56.0,12.0,2025-06-05,2025-06-26,Disponible
I-006179,SUC-36,PR-1089,32.0,7.0,2025-05-13,2025-06-01,Disponible
I-006180,SUC-16,PR-8101,-12.0,19.0,2025-03-15,2025-05-23,Bajo stock
inv_006181,SUC-20,PR-2193,80.0,10.0,2025-07-12,2025-07-15,Disponible
I-006182,SUC-22,PR-9859,64.0,12.0,2025-05-19,2025-08-15,Disponible
inv_006183,SUC-30,PR-4041,91.0,20.0,2025-05-19,2025-05-24,Disponible
I-006184,SUC-12,PR-2618,45.0,11.0,2025-03-07,2025-04-08,Disponible
I-006185,SUC-50,PR-9326,11.0,20.0,2025-05-13,2025-06-21,Bajo stock
inv_006186,SUC-37,PR-1016,11.0,5.0,2025-05-08,2025-06-29,Disponible
I-006187,SUC-46,PR-7037,74.0,12.0,2025-05-24,2025-07-14,Disponible
I-006188,SUC-28,PR-9254,36.0,11.0,2025-07-23,2025-07-31,Disponible
I-006189,SUC-21,PR-4365,58.0,8.0,2025-05-12,2025-06-10,Disponible
I-006190,SUC-47,PR-4665,81.0,6.0,2025-06-03,2025-06-06,Disponible
I-006191,SUC-6,PR-5827,37.0,6.0,2025-06-27,2025-08-19,Disponible
I-006192,SUC-35,PR-2137,8.0,18.0,2025-04-29,2025-05-11,Bajo stock
I-006193,SUC-49,PR-2822,19.0,7.0,2025-05-16,2025-07-19,Disponible
I-006194,SUC-50,PR-9139,64.0,15.0,2025-04-21,2025-06-28,Disponible
I-006195,SUC-18,PR-6756,98.0,10.0,2025-04-25,,Disponible
inv_006196,SUC-6,PR-4563,82.0,15.0,2025-06-12,2025-07-08,Disponible
inv_006197,SUC-23,PR-444,39.0,19.0,2025-05-31,2025-08-09,Disponible
I-006198,SUC-20,PR-7870,46.0,8.0,2025-03-27,2025-03-27,Disponible
I-006199,SUC-23,PR-1753,5.0,6.0,2025-06-21,2025-07-25,Bajo stock
I-006200,SUC-48,,19.0,29.0,2025-05-06,2025-06-22,Bajo stock
inv_006201,SUC-21,PR-9825,82.0,19.0,2025-03-29,2025-06-28,Disponible
I-006202,SUC-22,PR-5010,72.0,16.0,2025-05-29,2025-06-01,Disponible
I-006203,SUC-31,PR-5435,66.0,15.0,2025-06-07,2025-07-28,Disponible
I-006204,SUC-28,PR-8523,70.0,11.0,2025-05-28,2025-07-21,Disponible
inv_006205,SUC-31,PR-6373,56.0,20.0,2025-05-04,2025-06-07,Disponible
I-006206,SUC-10,PR-6785,91.0,8.0,2025-06-01,2025-07-26,Disponible
I-006207,SUC-14,PR-3234,68.0,6.0,2025-05-28,2025-06-04,Disponible
I-006208,SUC-37,PR-9297,81.0,14.0,2025-03-29,2025-07-02,Disponible
I-006209,SUC-44,PR-8179,72.0,5.0,2025-03-12,2025-06-25,Disponible
I-006210,SUC-3,PR-8219,-6.0,17.0,2025-06-14,2025-06-19,Bajo stock
I-006211,SUC-11,PR-2865,33.0,9.0,2025-07-23,2025-08-02,Disponible
I-006212,SUC-38,PR-4655,49.0,6.0,2025-04-30,2025-06-08,Disponible
I-006213,SUC-16,PR-4438,63.0,10.0,2025-04-23,2025-05-01,Disponible
I-006214,SUC-4,PR-9437,64.0,13.0,2025-05-12,2025-08-26,Disponible
inv_006215,SUC-37,PR-9976,8.0,19.0,2025-05-27,2025-07-13,Bajo stock
inv_006216,SUC-21,PR-9948,86.0,18.0,2025-05-21,2025-08-20,Disponible
inv_006217,SUC-19,PR-285,20.0,6.0,2025-05-01,2025-08-15,Disponible
I-006218,SUC-39,PR-5567,49.0,13.0,2025-03-03,2025-07-16,Disponible
I-006219,SUC-50,PR-5643,31.0,5.0,2025-06-19,2025-08-01,Disponible
I-006220,SUC-15,PR-9061,92.0,19.0,2025-05-27,2025-08-19,Agotado
I-006221,SUC-3,PR-8690,39.0,8.0,2025-06-14,2025-08-15,Disponible
I-006222,SUC-6,PR-4839,93.0,12.0,2025-06-30,2025-08-18,Disponible
inv_006223,SUC-37,PR-3445,23.0,9.0,2025-04-11,2025-05-28,Disponible
I-006224,SUC-43,PR-7687,92.0,14.0,2025-03-10,2025-04-27,Disponible
I-006225,SUC-14,PR-2120,100.0,,2025-06-01,2025-07-10,Disponible
I-006226,SUC-14,PR-8266,55.0,15.0,2025-05-05,2025-07-09,Disponible
I-006227,SUC-25,PR-6163,11.0,6.0,2025-03-18,2025-05-14,Disponible
I-006228,SUC-32,PR-8684,26.0,9.0,2025-05-30,2025-06-17,Disponible
I-006229,SUC-16,PR-3365,75.0,9.0,2025-05-21,2025-07-13,Disponible
I-006230,SUC-16,PR-1040,50.0,19.0,2025-06-23,,Disponible
inv_006231,SUC-19,PR-5536,49.0,20.0,2025-05-23,2025-07-14,Disponible
I-006232,SUC-14,PR-3902,28.0,12.0,2025-05-26,2025-06-03,Disponible
I-006233,SUC-32,PR-1876,80.0,8.0,2025-06-29,2025-08-22,Disponible
I-006234,SUC-24,PR-7831,77.0,20.0,2025-03-31,2025-08-20,Disponible
inv_006235,SUC-29,PR-9974,44.0,11.0,2025-05-12,2025-06-27,Disponible
I-006236,SUC-6,PR-5218,22.0,15.0,2025-04-17,2025-05-07,Disponible
inv_006237,SUC-29,PR-1868,74.0,15.0,2025-06-07,2025-07-10,Disponible
inv_006238,SUC-25,PR-1909,12.0,10.0,2025-06-12,2025-08-20,Disponible
I-006239,SUC-24,PR-268,90.0,5.0,2025-03-09,2025-08-02,Disponible
I-006240,SUC-44,PR-8572,,8.0,2025-06-15,2025-07-23,Disponible
I-006241,SUC-33,PR-874,4.0,5.0,2025-05-31,2025-07-20,Bajo stock
I-006242,SUC-23,PR-8077,20.0,6.0,2025-05-01,2025-08-22,Disponible
inv_006243,SUC-34,PR-2717,46.0,5.0,2025-03-28,2025-04-26,Disponible
inv_006244,SUC-45,PR-7477,70.0,16.0,2025-05-05,2025-06-08,Disponible
inv_006245,SUC-32,PR-9633,29.0,11.0,2025-04-09,2025-07-28,Disponible
inv_006246,SUC-44,PR-6288,86.0,12.0,2025-06-13,2025-07-09,Disponible
I-006247,SUC-42,PR-6836,39.0,7.0,2025-07-17,2025-08-25,Disponible
I-006248,SUC-47,PR-7609,96.0,14.0,2025-03-07,2025-06-17,Disponible
I-006249,SUC-38,PR-5031,69.0,5.0,2025-03-28,2025-08-08,Disponible
I-006250,SUC-20,PR-5669,92.0,102.0,2025-05-07,2025-06-19,Bajo stock
I-006251,SUC-31,PR-5651,6.0,10.0,2025-05-21,2025-07-02,Bajo stock
inv_006252,SUC-32,PR-4278,69.0,7.0,2025-07-12,2025-08-28,Disponible
I-006253,SUC-5,PR-9076,71.0,17.0,2025-05-04,2025-06-02,Disponible
I-006254,SUC-28,PR-7974,100.0,10.0,2025-07-09,2025-08-09,Disponible
I-006255,SUC-49,PR-4218,67.0,7.0,2025-03-11,2025-07-01,Disponible
I-006256,SUC-5,PR-4528,72.0,14.0,2025-05-10,2025-06-07,Disponible
I-006257,SUC-39,PR-3094,9.0,10.0,2025-06-22,2025-08-18,Bajo stock
inv_006258,SUC-44,PR-4123,13.0,9.0,2025-05-17,2025-06-17,Disponible
I-006259,SUC-33,PR-6417,69.0,9.0,2025-06-21,2025-07-22,Disponible
I-006260,SUC-27,PR-7709,34.0,14.0,2025-06-26,2025-07-08,Bajo stock
I-006261,SUC-6,PR-3135,99.0,14.0,2025-07-03,2025-08-18,Disponible
I-006262,SUC-34,PR-8042,42.0,19.0,2025-04-15,2025-07-29,Disponible
I-006263,SUC-28,PR-9084,48.0,19.0,2025-05-24,2025-08-22,Disponible
I-006264,SUC-37,PR-3304,93.0,15.0,2025-03-18,2025-06-01,Disponible
I-006265,SUC-10,PR-3682,69.0,10.0,2025-05-19,2025-06-30,Disponible
I-006266,SUC-45,PR-2398,64.0,17.0,2025-06-03,2025-07-07,Disponible
I-006267,SUC-29,PR-1210,41.0,10.0,2025-05-19,2025-08-10,Disponible
I-006268,SUC-26,PR-6873,27.0,12.0,2025-06-26,2025-07-19,Disponible
I-006269,SUC-47,PR-5192,85.0,14.0,2025-06-20,2025-07-08,Disponible
I-006270,SUC-30,PR-30,-5.0,11.0,2025-04-17,2025-07-23,Bajo stock
I-006271,SUC-34,PR-7931,11.0,15.0,2025-07-21,2025-07-27,Bajo stock
I-006272,SUC-39,PR-1000,76.0,17.0,2025-05-15,2025-06-14,Disponible
I-006273,SUC-45,PR-2796,95.0,9.0,2025-07-19,2025-08-09,Disponible
inv_006274,SUC-30,PR-6986,50.0,15.0,2025-06-08,2025-07-25,Disponible
I-006275,SUC-17,PR-8533,24.0,,2025-04-05,2025-04-13,Disponible
inv_006276,SUC-26,PR-8291,61.0,19.0,2025-07-28,2025-07-28,Disponible
inv_006277,SUC-24,PR-6014,31.0,12.0,2025-05-18,2025-05-23,Disponible
I-006278,SUC-39,PR-5175,0.0,11.0,2025-07-13,2025-07-17,Agotado
I-006279,SUC-16,PR-8610,19.0,15.0,2025-03-16,2025-04-26,Disponible
I-006280,SUC-39,,4.0,15.0,2025-06-08,2025-07-13,Bajo stock
I-006281,SUC-7,PR-2165,70.0,9.0,2025-06-28,2025-08-20,Disponible
I-006282,SUC-6,PR-1891,23.0,13.0,2025-06-27,2025-07-01,Disponible
I-006283,SUC-32,PR-6998,87.0,15.0,2025-03-28,2025-04-02,Disponible
I-006284,SUC-1,PR-2658,45.0,16.0,2025-03-19,2025-08-17,Disponible
inv_006285,SUC-15,PR-9983,0.0,11.0,2025-03-24,2025-08-25,Agotado
I-006286,SUC-45,PR-423,21.0,9.0,2025-07-27,2025-07-28,Disponible
I-006287,SUC-1,PR-2955,0.0,17.0,2025-04-08,2025-08-24,Agotado
I-006288,SUC-16,PR-8779,69.0,9.0,2025-05-30,2025-06-17,Disponible
inv_006289,SUC-41,PR-7713,23.0,10.0,2025-06-18,2025-08-20,Disponible
I-006290,SUC-13,PR-8118,12.0,9.0,2025-07-23,2025-08-21,Disponible
inv_006291,SUC-6,PR-5094,39.0,10.0,2025-04-28,2025-05-17,Disponible
I-006292,SUC-2,PR-119,73.0,16.0,2025-04-09,2025-05-13,Disponible
I-006293,SUC-32,PR-9181,28.0,9.0,2025-06-17,2025-07-27,Disponible
I-006294,SUC-39,PR-6189,16.0,6.0,2025-06-08,2025-07-19,Disponible
I-006295,SUC-14,PR-8621,16.0,17.0,2025-07-29,2025-08-23,Bajo stock
I-006296,SUC-27,PR-8176,47.0,16.0,2025-03-11,2025-05-29,Disponible
I-006297,SUC-44,PR-4812,0.0,18.0,2025-05-29,2025-08-17,Agotado
I-006298,SUC-20,PR-7435,55.0,13.0,2025-05-16,2025-07-18,Disponible
inv_006299,SUC-1,PR-2804,33.0,5.0,2025-05-30,2025-06-24,Disponible
,SUC-39,PR-8722,-8.0,10.0,2025-05-06,,Bajo stock
I-006301,SUC-31,PR-4296,87.0,15.0,2025-05-20,2025-07-09,Disponible
I-006302,SUC-34,PR-4137,49.0,7.0,2025-06-27,2025-08-08,Disponible
I-006303,SUC-43,PR-9216,34.0,12.0,2025-04-13,2025-04-26,Disponible
inv_006304,SUC-8,PR-2497,58.0,18.0,2025-04-19,2025-05-09,Disponible
inv_006305,SUC-33,PR-1916,61.0,17.0,2025-03-29,2025-07-07,Disponible
I-006306,SUC-49,PR-6395,94.0,13.0,2025-05-17,2025-06-02,Disponible
inv_006307,SUC-36,PR-9595,40.0,11.0,2025-05-28,2025-07-01,Disponible
I-006308,SUC-3,PR-6863,12.0,20.0,2025-03-20,2025-06-20,Bajo stock
inv_006309,SUC-3,PR-2732,20.0,6.0,2025-06-11,2025-08-04,Disponible
I-006310,SUC-45,PR-8760,78.0,20.0,2025-05-04,2025-06-19,Disponible
I-006311,SUC-19,PR-9667,83.0,15.0,2025-04-07,2025-05-22,Disponible
I-006312,SUC-33,PR-2737,1.0,5.0,2025-06-11,2025-06-20,Bajo stock
I-006313,SUC-39,PR-904,7.0,15.0,2025-04-09,2025-08-24,Bajo stock
inv_006314,SUC-9,PR-288,76.0,6.0,2025-06-20,2025-08-08,Disponible
inv_006315,SUC-29,PR-4539,17.0,5.0,2025-06-16,2025-06-27,Disponible
I-006316,SUC-25,PR-6159,56.0,6.0,2025-04-27,2025-05-14,Disponible
inv_006317,SUC-25,PR-3130,24.0,18.0,2025-05-28,2025-07-13,Disponible
I-006318,SUC-37,PR-2438,65.0,16.0,2025-06-09,2025-06-22,Disponible
inv_006319,SUC-13,PR-268,48.0,17.0,2025-03-20,2025-03-23,Disponible
inv_006320,SUC-12,,80.0,8.0,2025-03-19,2025-05-07,Disponible
I-006321,SUC-40,PR-7393,7.0,18.0,2025-06-10,2025-07-31,Bajo stock
I-006322,SUC-11,PR-7254,74.0,13.0,2025-07-02,2025-07-23,Disponible
inv_006323,SUC-33,PR-5819,75.0,9.0,2025-04-10,2025-07-03,Disponible
I-006324,SUC-2,PR-9954,77.0,20.0,2025-05-03,2025-06-25,Disponible
I-006325,SUC-47,PR-8447,54.0,7.0,2025-03-13,2025-07-19,Disponible
I-006326,SUC-44,PR-8138,100.0,14.0,2025-03-29,2025-05-15,Disponible
I-006327,SUC-46,PR-1601,78.0,14.0,2025-06-06,2025-08-13,Disponible
I-006328,SUC-9,PR-5579,29.0,5.0,2025-07-19,2025-07-22,Disponible
inv_006329,SUC-35,PR-2831,68.0,10.0,2025-04-07,2025-05-12,Disponible
inv_006330,SUC-39,PR-9320,73.0,14.0,2025-04-06,2025-08-18,Disponible
inv_006331,SUC-10,PR-1827,28.0,20.0,2025-03-19,2025-07-18,Disponible
inv_006332,SUC-39,PR-8063,58.0,18.0,2025-07-21,2025-08-17,Disponible
inv_006333,SUC-39,PR-5080,50.0,20.0,2025-04-04,2025-05-09,Disponible
I-006334,SUC-46,PR-7548,68.0,14.0,2025-06-10,2025-07-16,Disponible
inv_006335,SUC-49,PR-8480,63.0,20.0,2025-03-03,2026-01-01,Disponible
inv_006336,SUC-21,PR-1431,16.0,7.0,2025-04-24,2025-07-16,Disponible
I-006337,SUC-17,PR-1546,12.0,17.0,2025-03-02,2025-03-02,Bajo stock
I-006338,SUC-31,PR-3303,40.0,13.0,2025-04-28,2025-05-15,Disponible
I-006339,SUC-43,PR-222,89.0,13.0,2025-04-22,2025-08-28,Disponible
inv_006340,SUC-7,PR-4265,100.0,20.0,2025-04-18,2025-08-02,Agotado
I-006341,SUC-18,PR-7882,65.0,11.0,2025-05-16,2025-06-28,Disponible
I-006342,SUC-36,PR-2372,39.0,15.0,2025-05-06,2025-07-10,Disponible
I-006343,SUC-19,PR-4066,3.0,10.0,2025-03-14,2025-07-14,Bajo stock
inv_006344,SUC-5,PR-4299,73.0,20.0,2025-06-22,2025-07-28,Disponible
I-006345,SUC-40,PR-7649,52.0,7.0,2025-04-17,2025-07-07,Disponible
I-006346,SUC-30,PR-5683,13.0,15.0,2025-07-08,2025-07-08,Bajo stock
I-006347,SUC-6,PR-8651,15.0,20.0,2025-07-23,2025-08-21,Bajo stock
I-006348,SUC-11,PR-8924,90.0,17.0,2025-06-18,2025-08-04,Disponible
I-006349,SUC-2,PR-1263,31.0,17.0,2025-03-06,2025-06-14,Disponible
,SUC-2,PR-6485,55.0,65.0,2025-06-08,2025-07-31,Bajo stock
I-006351,SUC-28,PR-51,76.0,18.0,2025-04-06,2025-08-23,Disponible
I-006352,SUC-33,PR-6811,76.0,6.0,2025-06-05,2025-08-11,Disponible
I-006353,SUC-50,PR-6748,15.0,12.0,2025-06-27,2025-07-04,Disponible
I-006354,SUC-10,PR-7827,27.0,20.0,2025-05-18,2025-06-17,Disponible
I-006355,SUC-19,PR-8030,20.0,20.0,2025-05-31,2025-06-29,Bajo stock
I-006356,SUC-7,PR-9365,26.0,19.0,2025-07-02,2025-08-23,Disponible
inv_006357,SUC-37,PR-1751,78.0,13.0,2025-03-03,2025-05-26,Disponible
I-006358,SUC-26,PR-6300,10.0,15.0,2025-06-29,2025-08-23,Bajo stock
I-006359,SUC-6,PR-3376,73.0,19.0,2025-03-25,2025-07-03,Disponible
I-006360,SUC-33,PR-7430,,11.0,2025-04-26,2025-06-29,Desconocido
I-006361,SUC-30,PR-4907,25.0,18.0,2025-05-16,2025-07-08,Disponible
I-006362,SUC-1,PR-5464,70.0,9.0,2025-05-23,2025-08-09,Disponible
I-006363,SUC-41,PR-5005,78.0,17.0,2025-07-22,2025-08-05,Disponible
I-006364,SUC-28,PR-4230,13.0,19.0,2025-05-17,2025-08-24,Bajo stock
I-006365,SUC-23,PR-5307,7.0,14.0,2025-07-24,2025-08-02,Bajo stock
I-006366,SUC-38,PR-4596,40.0,17.0,2025-05-30,2025-08-27,Disponible
inv_006367,SUC-11,PR-4941,48.0,19.0,2025-05-26,2025-05-30,Disponible
I-006368,SUC-34,PR-1549,70.0,17.0,2025-07-03,2025-08-07,Disponible
I-006369,SUC-1,PR-37,10.0,8.0,2025-06-22,2025-07-13,Disponible
inv_006370,SUC-39,PR-767,1.0,10.0,2025-07-15,2025-08-28,Bajo stock
inv_006371,SUC-29,PR-5758,79.0,20.0,2025-03-12,2025-08-11,Disponible
I-006372,SUC-42,PR-7267,87.0,20.0,2025-04-25,2025-07-16,Disponible
I-006373,SUC-35,PR-5712,86.0,5.0,2025-03-14,2025-07-09,Disponible
inv_006374,SUC-25,PR-6861,62.0,19.0,2025-04-19,2025-07-26,Disponible
inv_006375,SUC-9,PR-1065,61.0,71.0,2025-05-24,2025-08-24,Bajo stock
I-006376,SUC-27,PR-5646,93.0,11.0,2025-03-17,2025-04-16,Disponible
I-006377,SUC-40,PR-8369,56.0,17.0,2025-05-16,2025-06-15,Disponible
I-006378,SUC-3,PR-902,41.0,13.0,2025-04-13,2025-05-30,Disponible
I-006379,SUC-20,PR-8671,38.0,14.0,2025-05-07,2025-08-06,Disponible
inv_006380,SUC-36,PR-2035,45.0,16.0,2025-04-07,2025-04-09,Bajo stock
inv_006381,SUC-42,PR-351,41.0,12.0,2025-06-15,2025-08-06,Disponible
I-006382,SUC-25,PR-1279,23.0,11.0,2025-04-05,2025-08-06,Disponible
I-006383,SUC-30,PR-650,38.0,13.0,2025-03-03,2025-06-07,Disponible
I-006384,SUC-7,PR-8928,69.0,6.0,2025-05-08,2025-08-26,Disponible
I-006385,SUC-13,PR-5638,92.0,11.0,2025-05-22,2025-08-07,Disponible
inv_006386,SUC-20,PR-905,26.0,10.0,2025-03-07,2025-05-28,Disponible
I-006387,SUC-48,PR-5175,61.0,20.0,2025-03-28,2025-06-18,Disponible
inv_006388,SUC-34,PR-1425,98.0,20.0,2025-07-05,2025-07-14,Disponible
I-006389,SUC-12,PR-3622,79.0,15.0,2025-05-14,2025-06-15,Disponible
inv_006390,SUC-18,PR-3628,17.0,13.0,2025-04-11,2025-04-27,Disponible
inv_006391,SUC-1,PR-9369,8.0,11.0,2025-06-03,2025-06-18,Bajo stock
inv_006392,SUC-1,PR-1094,73.0,5.0,2025-03-15,2025-03-16,Disponible
I-006393,SUC-2,PR-1880,25.0,12.0,2025-05-18,2025-07-05,Disponible
inv_006394,SUC-33,PR-8188,54.0,19.0,2025-05-17,2025-06-05,Disponible
I-006395,SUC-50,PR-1017,73.0,9.0,2025-05-12,2025-07-18,Disponible
I-006396,SUC-20,PR-2425,94.0,7.0,2025-03-28,2025-08-03,Disponible
I-006397,SUC-25,PR-1012,66.0,19.0,2025-04-14,2025-04-14,Disponible
inv_006398,SUC-26,PR-6623,77.0,17.0,2025-07-03,2025-07-11,Disponible
inv_006399,SUC-19,PR-6268,29.0,17.0,2025-04-22,2025-08-17,Disponible
I-006400,SUC-37,PR-3885,8.0,,2025-06-15,2025-08-26,Disponible
I-006401,SUC-50,PR-4364,40.0,6.0,2025-04-14,2025-08-03,Disponible
I-006402,SUC-28,PR-2919,29.0,10.0,2025-07-08,2025-07-30,Disponible
I-006403,SUC-34,PR-9476,70.0,8.0,2025-06-05,2025-06-10,Disponible
inv_006404,SUC-12,PR-3574,55.0,6.0,2025-05-27,2025-07-02,Disponible
inv_006405,SUC-46,PR-6953,23.0,20.0,2025-05-23,2026-01-01,Disponible
I-006406,SUC-7,PR-2669,31.0,13.0,2025-04-11,2025-06-16,Disponible
inv_006407,SUC-50,PR-6750,59.0,17.0,2025-03-12,2025-06-13,Disponible
I-006408,SUC-9,PR-9167,49.0,19.0,2025-04-28,2025-08-21,Disponible
inv_006409,SUC-7,PR-8819,76.0,18.0,2025-06-10,2025-08-17,Disponible
I-006410,SUC-15,PR-6721,76.0,5.0,2025-07-04,2025-08-17,Disponible
inv_006411,SUC-21,PR-2582,41.0,6.0,2025-03-27,2025-08-21,Disponible
inv_006412,SUC-3,PR-9185,1.0,8.0,2025-03-04,2025-03-17,Bajo stock
inv_006413,SUC-24,PR-8307,81.0,6.0,2025-06-14,2025-08-28,Disponible
I-006414,SUC-31,PR-4287,69.0,17.0,2025-06-09,2025-07-05,Disponible
inv_006415,SUC-11,PR-7812,62.0,8.0,2025-07-05,2025-08-07,Disponible
I-006416,SUC-48,PR-9265,37.0,18.0,2025-05-18,2025-06-04,Disponible
I-006417,SUC-8,PR-6682,45.0,17.0,2025-04-03,2025-05-16,Disponible
I-006418,SUC-15,PR-7026,12.0,17.0,2025-04-30,2025-07-20,Bajo stock
I-006419,SUC-41,PR-5958,13.0,5.0,2025-06-04,2025-06-10,Disponible
I-006420,SUC-14,PR-4105,-4.0,16.0,2025-05-02,2025-06-22,Bajo stock
I-006421,SUC-26,PR-8660,76.0,10.0,2025-07-10,2025-07-22,Disponible
inv_006422,SUC-33,PR-8758,56.0,18.0,2025-03-03,2025-05-07,Disponible
inv_006423,SUC-41,PR-246,34.0,7.0,2025-07-08,2025-08-02,Disponible
I-006424,SUC-29,PR-5419,84.0,5.0,2025-06-11,2025-07-31,Disponible
I-006425,SUC-25,PR-7248,54.0,64.0,2025-07-17,2025-08-17,Bajo stock
inv_006426,SUC-13,PR-7792,52.0,20.0,2025-07-16,2025-07-27,Disponible
I-006427,SUC-17,PR-7174,96.0,15.0,2025-06-27,2025-08-22,Disponible
I-006428,SUC-22,PR-2165,65.0,16.0,2025-06-30,2025-07-10,Disponible
I-006429,SUC-24,PR-720,42.0,11.0,2025-07-29,2025-08-01,Disponible
inv_006430,SUC-18,PR-1142,28.0,20.0,2025-04-24,2025-04-24,Disponible
I-006431,SUC-31,PR-7128,45.0,6.0,2025-06-12,2025-07-15,Disponible
I-006432,SUC-24,PR-4878,45.0,13.0,2025-05-14,2025-08-03,Disponible
I-006433,SUC-3,PR-7773,12.0,9.0,2025-06-27,2025-08-14,Disponible
inv_006434,SUC-1,PR-5440,15.0,5.0,2025-07-04,2025-08-26,Disponible
I-006435,SUC-40,PR-5456,8.0,8.0,2025-03-31,2025-04-28,Bajo stock
I-006436,SUC-14,PR-9829,86.0,6.0,2025-04-12,2025-04-16,Disponible
I-006437,SUC-15,PR-1877,89.0,15.0,2025-03-15,2025-08-09,Disponible
I-006438,SUC-23,PR-7470,8.0,19.0,2025-04-17,2025-08-20,Bajo stock
I-006439,SUC-1,PR-6427,55.0,14.0,2025-07-09,2025-08-28,Disponible
I-006440,SUC-27,,87.0,15.0,2025-05-22,,Bajo stock
I-006441,SUC-15,PR-3398,19.0,7.0,2025-07-20,2025-08-03,Disponible
I-006442,SUC-10,PR-1333,16.0,10.0,2025-05-26,2025-06-28,Disponible
I-006443,SUC-2,PR-5968,93.0,8.0,2025-05-13,2025-07-03,Disponible
I-006444,SUC-43,PR-9627,44.0,13.0,2025-06-28,2025-07-03,Disponible
I-006445,SUC-12,PR-3737,24.0,19.0,2025-05-09,2025-08-22,Disponible
I-006446,SUC-18,PR-8815,23.0,10.0,2025-03-23,2025-06-30,Disponible
I-006447,SUC-37,PR-7323,69.0,18.0,2025-03-03,2025-07-06,Disponible
inv_006448,SUC-29,PR-894,59.0,15.0,2025-03-17,2025-05-17,Disponible
I-006449,SUC-14,PR-5802,43.0,13.0,2025-06-14,2025-07-11,Disponible
,SUC-34,PR-2632,11.0,,2025-04-16,2025-07-13,Disponible
I-006451,SUC-16,PR-1702,26.0,6.0,2025-05-09,2025-08-20,Disponible
I-006452,SUC-38,PR-4898,21.0,15.0,2025-06-20,2025-07-12,Disponible
inv_006453,SUC-29,PR-3747,88.0,11.0,2025-05-18,2025-07-23,Disponible
inv_006454,SUC-4,PR-8199,8.0,20.0,2025-06-09,2025-06-30,Bajo stock
inv_006455,SUC-45,PR-8528,4.0,15.0,2025-04-28,2025-05-27,Bajo stock
I-006456,SUC-2,PR-2701,78.0,9.0,2025-07-11,2025-07-19,Disponible
inv_006457,SUC-34,PR-679,45.0,5.0,2025-07-18,2025-07-18,Disponible
inv_006458,SUC-21,PR-4317,68.0,18.0,2025-05-16,2025-07-18,Disponible
I-006459,SUC-32,PR-8162,1.0,7.0,2025-06-01,2025-08-16,Bajo stock
I-006460,SUC-50,PR-8681,31.0,11.0,2025-03-16,2025-05-02,Bajo stock
inv_006461,SUC-42,PR-400,48.0,10.0,2025-07-12,2025-07-13,Disponible
inv_006462,SUC-18,PR-6058,34.0,17.0,2025-07-14,2025-07-19,Disponible
I-006463,SUC-12,PR-5951,90.0,16.0,2025-04-24,2025-07-02,Disponible
I-006464,SUC-12,PR-5620,83.0,18.0,2025-05-19,2025-07-13,Disponible
I-006465,SUC-27,PR-5326,57.0,15.0,2025-07-17,2025-07-30,Disponible
I-006466,SUC-32,PR-4071,56.0,7.0,2025-03-08,2025-08-07,Disponible
inv_006467,SUC-44,PR-318,98.0,6.0,2025-05-28,2025-08-11,Disponible
I-006468,SUC-3,PR-1068,65.0,8.0,2025-05-22,2025-05-31,Disponible
I-006469,SUC-14,PR-8937,12.0,9.0,2025-05-11,2025-06-14,Disponible
I-006470,SUC-1,PR-7250,79.0,7.0,2025-04-12,2025-05-19,Disponible
I-006471,SUC-9,PR-8781,97.0,10.0,2025-04-20,2025-04-26,Disponible
I-006472,SUC-47,PR-406,92.0,6.0,2025-05-23,2025-08-23,Disponible
I-006473,SUC-3,PR-8526,68.0,11.0,2025-04-13,2025-06-01,Disponible
inv_006474,SUC-24,PR-73,70.0,10.0,2025-04-23,2025-08-03,Disponible
I-006475,SUC-33,PR-9862,64.0,14.0,2025-03-25,,Disponible
I-006476,SUC-5,PR-4577,15.0,6.0,2025-06-11,2025-07-31,Disponible
inv_006477,SUC-3,PR-1096,67.0,17.0,2025-05-12,2025-07-05,Disponible
I-006478,SUC-39,PR-5834,62.0,17.0,2025-05-29,2025-07-06,Disponible
I-006479,SUC-21,PR-8197,50.0,14.0,2025-03-14,2025-04-06,Disponible
I-006480,SUC-17,PR-3704,,7.0,2025-05-27,2025-07-06,Bajo stock
I-006481,SUC-15,PR-6589,32.0,11.0,2025-05-22,2025-07-03,Disponible
I-006482,SUC-11,PR-4888,6.0,5.0,2025-07-01,2025-07-25,Disponible
I-006483,SUC-47,PR-5993,39.0,6.0,2025-05-17,2025-07-31,Disponible
inv_006484,SUC-12,PR-6132,41.0,7.0,2025-04-20,2025-06-10,Disponible
I-006485,SUC-43,PR-871,91.0,12.0,2025-06-28,2025-07-12,Disponible
I-006486,SUC-8,PR-6228,56.0,18.0,2025-04-15,2025-07-01,Disponible
inv_006487,SUC-47,PR-8253,96.0,12.0,2025-04-04,2025-07-07,Disponible
inv_006488,SUC-24,PR-2398,19.0,5.0,2025-05-24,2025-08-14,Disponible
inv_006489,SUC-19,PR-6191,5.0,7.0,2025-06-14,2025-06-30,Bajo stock
I-006490,SUC-8,PR-9863,55.0,18.0,2025-03-17,2025-06-10,Disponible
inv_006491,SUC-33,PR-255,99.0,16.0,2025-03-09,2025-06-12,Disponible
inv_006492,SUC-47,PR-7521,92.0,19.0,2025-04-15,2025-08-28,Disponible
I-006493,SUC-9,PR-6131,18.0,17.0,2025-04-25,2025-08-08,Disponible
I-006494,SUC-39,PR-2738,96.0,12.0,2025-05-09,2025-07-16,Disponible
I-006495,SUC-17,PR-6949,48.0,8.0,2025-06-03,2025-07-15,Disponible
inv_006496,SUC-38,PR-121,23.0,7.0,2025-07-14,2025-08-08,Disponible
inv_006497,SUC-25,PR-3244,4.0,15.0,2025-04-07,2025-06-26,Bajo stock
I-006498,SUC-25,PR-917,17.0,16.0,2025-06-13,2025-08-05,Disponible
I-006499,SUC-34,PR-7850,22.0,5.0,2025-07-08,2025-07-09,Disponible
I-006500,SUC-40,PR-8739,69.0,,2025-07-20,2025-07-25,Bajo stock
inv_006501,SUC-27,PR-9193,57.0,16.0,2025-06-07,2025-07-05,Disponible
I-006502,SUC-25,PR-4789,29.0,20.0,2025-06-12,2025-07-17,Disponible
I-006503,SUC-29,PR-6389,25.0,8.0,2025-03-03,2025-03-20,Disponible
I-006504,SUC-30,PR-7855,13.0,19.0,2025-04-20,2025-05-13,Bajo stock
I-006505,SUC-34,PR-678,26.0,12.0,2025-05-25,2025-08-25,Disponible
I-006506,SUC-14,PR-3427,37.0,18.0,2025-05-24,2025-06-02,Disponible
inv_006507,SUC-32,PR-4248,31.0,12.0,2025-05-12,2025-06-04,Disponible
inv_006508,SUC-11,PR-9135,94.0,19.0,2025-06-12,2025-07-11,Disponible
I-006509,SUC-12,PR-570,30.0,7.0,2025-04-14,2025-08-20,Disponible
inv_006510,SUC-28,PR-5017,10.0,6.0,2025-04-18,2025-07-23,Disponible
I-006511,SUC-29,PR-2797,18.0,10.0,2025-03-22,2025-04-12,Disponible
inv_006512,SUC-18,PR-1917,88.0,16.0,2025-03-02,2025-03-02,Disponible
I-006513,SUC-43,PR-4135,19.0,10.0,2025-07-03,2025-08-06,Disponible
I-006514,SUC-34,PR-4538,44.0,9.0,2025-06-03,2025-07-20,Disponible
I-006515,SUC-7,PR-7072,36.0,6.0,2025-07-29,2025-08-27,Disponible
I-006516,SUC-21,PR-8770,29.0,20.0,2025-05-22,2025-06-29,Disponible
I-006517,SUC-20,PR-991,23.0,16.0,2025-07-09,2025-08-26,Disponible
inv_006518,SUC-20,PR-6467,19.0,10.0,2025-05-01,2025-05-23,Disponible
I-006519,SUC-6,PR-730,69.0,14.0,2025-04-04,2025-07-26,Disponible
I-006520,SUC-27,,29.0,13.0,2025-06-20,2025-07-16,Disponible
I-006521,SUC-23,PR-5115,10.0,19.0,2025-05-02,2025-06-29,Bajo stock
inv_006522,SUC-3,PR-5438,24.0,19.0,2025-07-08,2025-07-15,Disponible
inv_006523,SUC-12,PR-6215,84.0,13.0,2025-05-15,2025-06-03,Disponible
I-006524,SUC-46,PR-6419,43.0,13.0,2025-06-28,2025-07-05,Disponible
I-006525,SUC-32,PR-5497,17.0,27.0,2025-06-25,2025-08-20,Bajo stock
I-006526,SUC-34,PR-339,37.0,11.0,2025-07-24,2025-08-14,Disponible
inv_006527,SUC-23,PR-8283,50.0,15.0,2025-05-08,2025-05-14,Disponible
inv_006528,SUC-4,PR-3786,32.0,12.0,2025-07-13,2025-07-31,Disponible
inv_006529,SUC-36,PR-2939,69.0,5.0,2025-04-22,2025-06-04,Disponible
I-006530,SUC-2,PR-6189,45.0,20.0,2025-07-08,2025-08-24,Disponible
I-006531,SUC-27,PR-3007,95.0,8.0,2025-06-05,2025-07-03,Disponible
I-006532,SUC-28,PR-4135,92.0,12.0,2025-05-08,2025-05-21,Disponible
I-006533,SUC-37,PR-8935,90.0,19.0,2025-06-25,2025-07-12,Disponible
I-006534,SUC-30,PR-2829,27.0,13.0,2025-06-17,2025-07-12,Disponible
inv_006535,SUC-28,PR-2961,64.0,8.0,2025-04-22,2025-07-18,Disponible
I-006536,SUC-7,PR-5025,48.0,13.0,2025-06-08,2025-06-23,Disponible
I-006537,SUC-20,PR-3169,98.0,19.0,2025-05-24,2025-08-12,Disponible
I-006538,SUC-5,PR-7074,47.0,8.0,2025-04-12,2025-07-14,Disponible
inv_006539,SUC-49,PR-91,53.0,9.0,2025-04-25,2025-07-20,Disponible
I-006540,SUC-8,PR-5884,-16.0,10.0,2025-04-18,2025-06-07,Bajo stock
inv_006541,SUC-6,PR-9742,26.0,11.0,2025-05-14,2025-07-01,Disponible
I-006542,SUC-41,PR-5275,89.0,9.0,2025-04-25,2025-05-25,Disponible
I-006543,SUC-9,PR-921,61.0,6.0,2025-03-31,2025-08-28,Disponible
I-006544,SUC-6,PR-4994,27.0,19.0,2025-05-01,2025-05-21,Disponible
I-006545,SUC-23,PR-9174,38.0,7.0,2025-03-03,,Disponible
I-006546,SUC-19,PR-2113,94.0,8.0,2025-06-16,2025-08-15,Disponible
I-006547,SUC-13,PR-9941,15.0,11.0,2025-05-30,2025-08-19,Disponible
I-006548,SUC-17,PR-3086,84.0,6.0,2025-04-05,2025-05-15,Disponible
inv_006549,SUC-24,PR-1023,35.0,18.0,2025-04-10,2025-04-21,Disponible
I-006550,SUC-46,PR-4442,12.0,,2025-05-28,2025-07-14,Disponible
I-006551,SUC-24,PR-1639,58.0,20.0,2025-03-16,2025-08-23,Disponible
I-006552,SUC-21,PR-6679,46.0,19.0,2025-04-26,2025-06-19,Disponible
inv_006553,SUC-49,PR-2949,29.0,9.0,2025-07-07,2025-07-30,Disponible
inv_006554,SUC-26,PR-3441,82.0,6.0,2025-04-16,2025-04-22,Disponible
I-006555,SUC-19,PR-2904,63.0,16.0,2025-06-20,2025-07-27,Disponible
I-006556,SUC-10,PR-5728,40.0,20.0,2025-04-29,2025-05-04,Disponible
inv_006557,SUC-2,PR-3742,67.0,18.0,2025-04-08,2025-05-30,Disponible
I-006558,SUC-49,PR-1049,25.0,16.0,2025-04-18,2025-08-12,Disponible
I-006559,SUC-49,PR-4887,18.0,16.0,2025-05-04,2025-06-12,Disponible
I-006560,SUC-31,PR-1684,34.0,5.0,2025-03-02,2025-03-12,Bajo stock
I-006561,SUC-26,PR-5866,17.0,8.0,2025-04-05,2025-05-11,Disponible
inv_006562,SUC-48,PR-5660,71.0,12.0,2025-06-16,2025-06-19,Disponible
I-006563,SUC-18,PR-8399,59.0,17.0,2025-03-30,2025-08-13,Disponible
I-006564,SUC-38,PR-5213,1.0,19.0,2025-06-24,2025-07-22,Bajo stock
I-006565,SUC-3,PR-7731,23.0,10.0,2025-06-17,2025-07-25,Disponible
I-006566,SUC-44,PR-462,97.0,14.0,2025-05-04,2025-07-03,Disponible
I-006567,SUC-30,PR-3153,76.0,14.0,2025-04-06,2025-04-23,Disponible
I-006568,SUC-47,PR-6327,61.0,13.0,2025-05-18,2025-07-13,Disponible
inv_006569,SUC-22,PR-6758,8.0,6.0,2025-06-03,2025-07-11,Disponible
I-006570,SUC-35,PR-4899,-17.0,16.0,2025-06-24,2025-07-22,Bajo stock
inv_006571,SUC-25,PR-7646,91.0,17.0,2025-04-06,2025-07-16,Disponible
inv_006572,SUC-12,PR-234,23.0,5.0,2025-04-01,2025-04-17,Disponible
I-006573,SUC-33,PR-8674,78.0,6.0,2025-04-19,2025-07-26,Disponible
inv_006574,SUC-17,PR-626,49.0,16.0,2025-07-01,2025-07-14,Disponible
inv_006575,SUC-45,PR-9470,44.0,54.0,2025-06-20,2025-07-18,Bajo stock
I-006576,SUC-39,PR-2135,91.0,8.0,2025-04-21,2025-04-28,Disponible
I-006577,SUC-39,PR-2991,20.0,20.0,2025-03-12,2025-06-04,Bajo stock
I-006578,SUC-11,PR-4808,16.0,16.0,2025-07-15,2025-07-28,Bajo stock
I-006579,SUC-1,PR-5343,83.0,17.0,2025-07-09,2025-08-01,Disponible
inv_006580,SUC-5,PR-2543,82.0,14.0,2025-06-17,,Bajo stock
I-006581,SUC-24,PR-8209,62.0,14.0,2025-06-29,2025-07-09,Disponible
I-006582,SUC-47,PR-2538,51.0,15.0,2025-05-23,2025-08-25,Disponible
I-006583,SUC-49,PR-3903,35.0,12.0,2025-04-29,2025-04-30,Disponible
inv_006584,SUC-5,PR-8300,59.0,6.0,2025-05-15,2025-06-17,Disponible
I-006585,SUC-41,PR-2905,27.0,12.0,2025-07-15,2025-08-22,Disponible
I-006586,SUC-11,PR-7544,11.0,8.0,2025-03-13,2025-04-21,Disponible
I-006587,SUC-17,PR-6208,23.0,14.0,2025-06-04,2025-08-23,Disponible
I-006588,SUC-9,PR-2667,38.0,17.0,2025-05-13,2025-06-27,Disponible
I-006589,SUC-37,PR-8838,80.0,11.0,2025-06-17,2025-07-31,Disponible
I-006590,SUC-24,PR-8492,55.0,14.0,2025-04-18,2025-08-12,Disponible
inv_006591,SUC-7,PR-7739,14.0,18.0,2025-04-20,2025-06-26,Bajo stock
I-006592,SUC-1,PR-6520,5.0,6.0,2025-06-23,2025-08-01,Bajo stock
I-006593,SUC-29,PR-5423,7.0,14.0,2025-05-06,2025-07-15,Bajo stock
I-006594,SUC-11,PR-1937,58.0,10.0,2025-07-15,2025-08-02,Disponible
inv_006595,SUC-12,PR-2959,51.0,13.0,2025-03-09,2025-06-01,Disponible
I-006596,SUC-11,PR-3394,39.0,6.0,2025-04-18,2025-05-14,Disponible
inv_006597,SUC-29,PR-4861,33.0,6.0,2025-04-28,2025-07-07,Disponible
inv_006598,SUC-14,PR-5758,80.0,8.0,2025-06-30,2025-08-23,Disponible
I-006599,SUC-14,PR-5133,89.0,11.0,2025-07-20,2025-08-09,Disponible
inv_006600,SUC-31,,-11.0,-1.0,2025-04-02,2025-04-14,Bajo stock
I-006601,SUC-4,PR-8017,88.0,19.0,2025-07-17,2025-08-16,Disponible
I-006602,SUC-13,PR-409,8.0,8.0,2025-07-26,2025-08-25,Bajo stock
I-006603,SUC-37,PR-9312,16.0,15.0,2025-07-01,2025-07-17,Disponible
I-006604,SUC-27,PR-1854,21.0,9.0,2025-07-17,2025-07-20,Disponible
inv_006605,SUC-50,PR-7491,51.0,6.0,2025-04-03,2025-07-13,Disponible
I-006606,SUC-32,PR-2105,77.0,13.0,2025-04-04,2025-07-28,Disponible
I-006607,SUC-12,PR-6289,64.0,9.0,2025-06-26,2025-07-14,Disponible
I-006608,SUC-34,PR-2257,60.0,14.0,2025-05-22,2025-05-23,Disponible
inv_006609,SUC-22,PR-8937,93.0,13.0,2025-06-19,2025-07-15,Disponible
I-006610,SUC-4,PR-3320,82.0,15.0,2025-04-19,2025-05-16,Disponible
inv_006611,SUC-37,PR-5132,4.0,17.0,2025-04-01,2025-08-14,Bajo stock
I-006612,SUC-18,PR-7893,43.0,5.0,2025-06-12,2025-07-12,Disponible
inv_006613,SUC-27,PR-6195,84.0,15.0,2025-06-05,2025-08-14,Disponible
I-006614,SUC-41,PR-1399,39.0,15.0,2025-03-28,2025-08-04,Disponible
I-006615,SUC-36,PR-3014,50.0,14.0,2025-04-27,2025-05-12,Disponible
inv_006616,SUC-22,PR-1432,76.0,7.0,2025-04-02,2025-06-17,Disponible
I-006617,SUC-36,PR-8386,3.0,15.0,2025-06-28,2025-08-22,Bajo stock
inv_006618,SUC-38,PR-6669,74.0,14.0,2025-03-30,2025-04-07,Disponible
I-006619,SUC-39,PR-7894,29.0,5.0,2025-07-04,2025-08-27,Disponible
I-006620,SUC-39,PR-4161,78.0,16.0,2025-05-17,2025-07-12,Desconocido
inv_006621,SUC-48,PR-647,99.0,18.0,2025-04-02,2025-07-06,Disponible
I-006622,SUC-42,PR-9709,93.0,5.0,2025-06-26,2025-06-29,Disponible
inv_006623,SUC-9,PR-1417,3.0,9.0,2025-04-06,2025-06-24,Bajo stock
I-006624,SUC-42,PR-9843,90.0,10.0,2025-04-25,2025-08-25,Disponible
I-006625,SUC-43,PR-5105,18.0,6.0,2025-03-17,2025-06-13,Disponible
inv_006626,SUC-5,PR-1571,40.0,15.0,2025-06-04,2025-07-06,Disponible
I-006627,SUC-14,PR-2491,63.0,7.0,2025-04-25,2025-06-14,Disponible
I-006628,SUC-25,PR-6519,5.0,6.0,2025-05-29,2025-05-29,Bajo stock
I-006629,SUC-12,PR-5531,45.0,12.0,2025-04-29,2025-08-10,Disponible
I-006630,SUC-35,PR-6771,,19.0,2025-03-20,2025-06-24,Disponible
I-006631,SUC-26,PR-1264,56.0,17.0,2025-03-19,2025-08-26,Disponible
I-006632,SUC-38,PR-3120,43.0,19.0,2025-06-19,2025-08-01,Disponible
I-006633,SUC-37,PR-5015,75.0,6.0,2025-04-01,2025-06-21,Disponible
I-006634,SUC-40,PR-7492,80.0,9.0,2025-05-02,2025-07-11,Disponible
I-006635,SUC-14,PR-3668,3.0,6.0,2025-05-23,2025-06-17,Bajo stock
inv_006636,SUC-45,PR-4314,13.0,20.0,2025-07-12,2025-08-10,Bajo stock
I-006637,SUC-13,PR-9663,25.0,13.0,2025-04-01,2025-08-21,Disponible
I-006638,SUC-20,PR-2242,4.0,6.0,2025-07-10,2025-08-09,Bajo stock
I-006639,SUC-19,PR-552,13.0,9.0,2025-03-11,2025-05-31,Disponible
inv_006640,SUC-29,PR-7817,5.0,13.0,2025-04-30,2025-08-14,Bajo stock
inv_006641,SUC-2,PR-9370,33.0,6.0,2025-04-03,2025-06-10,Disponible
I-006642,SUC-18,PR-763,21.0,9.0,2025-04-06,2025-07-06,Disponible
I-006643,SUC-2,PR-7184,95.0,14.0,2025-05-13,2025-07-03,Disponible
I-006644,SUC-43,PR-6517,17.0,9.0,2025-03-27,2025-08-05,Disponible
I-006645,SUC-8,PR-4441,40.0,13.0,2025-03-21,2025-07-22,Disponible
I-006646,SUC-15,PR-1604,55.0,20.0,2025-04-28,2025-05-07,Disponible
I-006647,SUC-26,PR-2328,81.0,19.0,2025-04-19,2025-07-21,Disponible
I-006648,SUC-14,PR-309,7.0,8.0,2025-04-20,2025-06-04,Bajo stock
I-006649,SUC-45,PR-3992,77.0,19.0,2025-03-13,2025-08-20,Disponible
inv_006650,SUC-34,PR-8429,13.0,23.0,2025-04-18,2025-04-19,Bajo stock
I-006651,SUC-10,PR-5327,74.0,8.0,2025-05-22,2025-05-26,Disponible
I-006652,SUC-41,PR-6844,99.0,19.0,2025-04-24,2025-05-10,Disponible
I-006653,SUC-47,PR-671,69.0,12.0,2025-03-16,2025-05-07,Disponible
I-006654,SUC-15,PR-3120,23.0,10.0,2025-07-02,2025-07-05,Disponible
inv_006655,SUC-12,PR-5586,10.0,20.0,2025-07-17,2025-08-12,Bajo stock
I-006656,SUC-7,PR-1458,29.0,15.0,2025-04-21,2025-07-16,Disponible
inv_006657,SUC-37,PR-28,45.0,5.0,2025-06-17,2025-07-04,Disponible
I-006658,SUC-6,PR-9573,87.0,13.0,2025-07-09,2025-07-10,Disponible
inv_006659,SUC-23,PR-7261,3.0,17.0,2025-05-08,2025-07-19,Bajo stock
inv_006660,SUC-5,PR-9624,,9.0,2025-05-22,2025-05-30,Bajo stock
I-006661,SUC-38,PR-5600,24.0,12.0,2025-06-08,2025-06-10,Disponible
I-006662,SUC-40,PR-4207,54.0,19.0,2025-05-28,2025-08-03,Disponible
inv_006663,SUC-7,PR-7712,24.0,15.0,2025-05-12,2025-07-10,Disponible
inv_006664,SUC-41,PR-4214,6.0,11.0,2025-07-21,2025-08-09,Bajo stock
I-006665,SUC-37,PR-8677,60.0,11.0,2025-06-27,2025-07-07,Disponible
I-006666,SUC-47,PR-2604,54.0,11.0,2025-03-28,2025-08-03,Disponible
I-006667,SUC-38,PR-5195,6.0,8.0,2025-07-23,2025-08-11,Bajo stock
inv_006668,SUC-8,PR-706,51.0,12.0,2025-06-15,2025-07-30,Disponible
inv_006669,SUC-31,PR-3757,73.0,5.0,2025-06-01,2025-07-19,Disponible
I-006670,SUC-48,PR-9785,10.0,6.0,2025-05-18,2025-07-19,Disponible
I-006671,SUC-30,PR-3335,92.0,6.0,2025-06-06,2025-07-30,Disponible
inv_006672,SUC-2,PR-4970,25.0,17.0,2025-06-01,2025-07-15,Disponible
I-006673,SUC-43,PR-3045,57.0,17.0,2025-04-12,2025-04-15,Disponible
inv_006674,SUC-25,PR-7561,92.0,19.0,2025-04-27,2025-06-27,Disponible
I-006675,SUC-26,PR-6241,21.0,31.0,2025-05-03,2025-06-12,Bajo stock
I-006676,SUC-24,PR-1878,43.0,8.0,2025-05-08,2025-06-18,Disponible
I-006677,SUC-35,PR-3004,17.0,14.0,2025-04-19,2025-06-12,Disponible
inv_006678,SUC-24,PR-2251,94.0,10.0,2025-04-23,2025-08-20,Disponible
I-006679,SUC-17,PR-22,30.0,6.0,2025-06-12,2025-08-27,Disponible
inv_006680,SUC-42,PR-3301,67.0,13.0,2025-07-22,2025-07-26,Desconocido
I-006681,SUC-18,PR-8910,95.0,12.0,2025-07-24,2025-08-04,Disponible
I-006682,SUC-34,PR-2909,33.0,18.0,2025-07-11,2025-08-21,Disponible
I-006683,SUC-14,PR-2643,61.0,15.0,2025-03-03,2025-08-09,Disponible
I-006684,SUC-45,PR-7299,19.0,18.0,2025-07-06,2025-07-23,Disponible
I-006685,SUC-28,PR-9570,94.0,16.0,2025-05-24,2025-07-08,Disponible
I-006686,SUC-32,PR-5862,88.0,5.0,2025-03-28,2025-04-02,Disponible
I-006687,SUC-2,PR-1133,56.0,13.0,2025-06-28,2025-07-23,Disponible
I-006688,SUC-17,PR-3574,33.0,14.0,2025-03-14,2025-08-12,Disponible
I-006689,SUC-33,PR-4730,69.0,11.0,2025-05-29,2025-05-29,Disponible
I-006690,SUC-46,PR-2667,,9.0,2025-04-12,2025-06-20,Disponible
I-006691,SUC-9,PR-2702,72.0,13.0,2025-06-15,2025-08-24,Disponible
I-006692,SUC-13,PR-6484,54.0,13.0,2025-05-31,2025-08-11,Disponible
I-006693,SUC-4,PR-6496,50.0,19.0,2025-06-19,2025-06-23,Disponible
I-006694,SUC-40,PR-7443,8.0,17.0,2025-07-25,2025-08-04,Bajo stock
I-006695,SUC-20,PR-7374,38.0,15.0,2025-07-26,2025-08-25,Disponible
inv_006696,SUC-20,PR-5021,33.0,8.0,2025-03-25,2025-08-14,Disponible
I-006697,SUC-28,PR-8558,67.0,15.0,2025-03-08,2025-08-09,Disponible
inv_006698,SUC-39,PR-6985,89.0,15.0,2025-04-30,2025-08-04,Disponible
I-006699,SUC-48,PR-7081,33.0,20.0,2025-04-17,2025-06-06,Disponible
inv_006700,SUC-20,PR-4372,7.0,17.0,2025-06-02,2025-07-05,Bajo stock
inv_006701,SUC-39,PR-5865,32.0,16.0,2025-07-07,2025-08-07,Disponible
I-006702,SUC-11,PR-1781,57.0,12.0,2025-03-13,2025-07-01,Disponible
inv_006703,SUC-22,PR-2575,92.0,8.0,2025-04-17,2025-07-14,Disponible
inv_006704,SUC-30,PR-8972,100.0,20.0,2025-05-22,2025-08-13,Disponible
inv_006705,SUC-35,PR-9768,30.0,10.0,2025-03-23,2025-05-18,Disponible
I-006706,SUC-15,PR-998,79.0,18.0,2025-06-20,2025-07-01,Disponible
inv_006707,SUC-10,PR-7030,78.0,8.0,2025-05-21,2025-06-24,Disponible
inv_006708,SUC-3,PR-2017,10.0,9.0,2025-05-06,2025-07-11,Disponible
I-006709,SUC-6,PR-2283,73.0,12.0,2025-05-13,2025-05-25,Disponible
I-006710,SUC-14,PR-2148,37.0,17.0,2025-05-23,2025-07-08,Disponible
I-006711,SUC-45,PR-8358,93.0,17.0,2025-04-20,2025-05-24,Disponible
I-006712,SUC-12,PR-5414,2.0,13.0,2025-04-06,2025-05-13,Bajo stock
I-006713,SUC-18,PR-3560,15.0,8.0,2025-04-07,2025-06-28,Disponible
inv_006714,SUC-31,PR-311,73.0,11.0,2025-07-18,2025-07-26,Disponible
inv_006715,SUC-24,PR-2147,29.0,14.0,2025-06-27,2025-08-06,Disponible
I-006716,SUC-22,PR-1595,55.0,7.0,2025-05-31,2025-08-28,Disponible
inv_006717,SUC-15,PR-2258,97.0,19.0,2025-06-18,2025-06-25,Disponible
I-006718,SUC-33,PR-6256,49.0,13.0,2025-05-02,2025-05-14,Disponible
I-006719,SUC-4,PR-9427,95.0,9.0,2025-07-27,2025-08-10,Disponible
I-006720,SUC-2,,,20.0,2025-04-21,2026-01-01,Desconocido
I-006721,SUC-47,PR-5772,78.0,18.0,2025-04-29,2025-06-26,Disponible
I-006722,SUC-1,PR-1118,69.0,6.0,2025-06-26,2025-07-19,Disponible
I-006723,SUC-49,PR-4840,2.0,19.0,2025-04-06,2025-06-13,Bajo stock
I-006724,SUC-7,PR-6364,82.0,6.0,2025-06-03,2025-06-05,Disponible
inv_006725,SUC-47,PR-7608,2.0,20.0,2025-06-14,2025-06-25,Bajo stock
inv_006726,SUC-10,PR-7032,77.0,19.0,2025-04-12,2025-06-22,Disponible
I-006727,SUC-7,PR-5939,5.0,20.0,2025-07-09,2025-07-17,Bajo stock
I-006728,SUC-21,PR-4047,88.0,7.0,2025-03-30,2025-06-23,Disponible
I-006729,SUC-32,PR-419,80.0,6.0,2025-06-07,2025-06-10,Disponible
inv_006730,SUC-2,PR-4416,44.0,7.0,2025-04-11,2025-04-28,Disponible
I-006731,SUC-41,PR-8548,42.0,14.0,2025-03-31,2025-05-17,Disponible
I-006732,SUC-13,PR-3135,18.0,8.0,2025-03-26,2025-06-21,Disponible
I-006733,SUC-45,PR-6062,21.0,18.0,2025-07-20,2025-07-26,Disponible
inv_006734,SUC-21,PR-8227,61.0,13.0,2025-06-29,2025-08-10,Disponible
I-006735,SUC-26,PR-5246,80.0,14.0,2025-06-28,2025-07-15,Disponible
I-006736,SUC-34,PR-5281,9.0,12.0,2025-05-22,2025-07-02,Bajo stock
I-006737,SUC-49,PR-4910,17.0,18.0,2025-07-05,2025-07-20,Bajo stock
I-006738,SUC-41,PR-5953,64.0,17.0,2025-05-31,2025-08-23,Disponible
I-006739,SUC-49,PR-3976,40.0,12.0,2025-03-15,2025-06-25,Disponible
inv_006740,SUC-13,PR-1793,56.0,20.0,2025-06-30,2025-08-05,Desconocido
inv_006741,SUC-26,PR-9931,39.0,12.0,2025-04-06,2025-08-12,Disponible
inv_006742,SUC-41,PR-9626,80.0,14.0,2025-06-18,2025-08-15,Disponible
I-006743,SUC-37,PR-4189,42.0,14.0,2025-04-11,2025-05-30,Disponible
inv_006744,SUC-35,PR-3427,99.0,8.0,2025-05-14,2025-08-16,Disponible
inv_006745,SUC-6,PR-556,37.0,15.0,2025-05-21,2025-06-17,Disponible
I-006746,SUC-43,PR-2396,86.0,19.0,2025-03-29,2025-04-08,Disponible
I-006747,SUC-10,PR-4545,79.0,6.0,2025-05-09,2025-08-02,Disponible
inv_006748,SUC-12,PR-7665,79.0,7.0,2025-06-21,2025-08-02,Disponible
inv_006749,SUC-29,PR-566,68.0,17.0,2025-03-21,2025-05-30,Disponible
I-006750,SUC-14,PR-2682,-20.0,-10.0,2025-04-18,2025-08-15,Bajo stock
I-006751,SUC-48,PR-2244,73.0,7.0,2025-04-25,2025-07-31,Disponible
I-006752,SUC-34,PR-5051,21.0,7.0,2025-03-13,2025-03-30,Disponible
inv_006753,SUC-43,PR-9314,28.0,10.0,2025-07-08,2025-08-16,Disponible
inv_006754,SUC-13,PR-7239,48.0,20.0,2025-04-30,2025-06-17,Disponible
I-006755,SUC-48,PR-3038,27.0,6.0,2025-04-25,2026-01-01,Disponible
I-006756,SUC-18,PR-3587,17.0,20.0,2025-04-23,2025-05-19,Bajo stock
inv_006757,SUC-22,PR-7455,99.0,19.0,2025-05-09,2025-06-22,Disponible
I-006758,SUC-32,PR-8826,40.0,15.0,2025-04-17,2025-06-12,Disponible
inv_006759,SUC-7,PR-9126,89.0,11.0,2025-06-30,2025-08-24,Disponible
I-006760,SUC-4,PR-3164,92.0,5.0,2025-07-06,2025-07-20,Desconocido
inv_006761,SUC-8,PR-1983,50.0,9.0,2025-07-27,2025-08-09,Disponible
I-006762,SUC-21,PR-3587,78.0,11.0,2025-05-17,2025-08-11,Disponible
I-006763,SUC-9,PR-528,75.0,14.0,2025-07-18,2025-08-20,Disponible
I-006764,SUC-15,PR-7781,25.0,9.0,2025-04-28,2025-06-27,Disponible
I-006765,SUC-25,PR-8185,12.0,7.0,2025-04-17,2025-04-27,Disponible
I-006766,SUC-23,PR-5257,22.0,13.0,2025-03-28,2025-06-14,Disponible
I-006767,SUC-8,PR-414,7.0,7.0,2025-05-25,2025-05-30,Bajo stock
I-006768,SUC-22,PR-6498,89.0,20.0,2025-05-14,2025-08-04,Disponible
I-006769,SUC-15,PR-1052,9.0,11.0,2025-06-09,2025-08-12,Bajo stock
I-006770,SUC-44,PR-7141,45.0,19.0,2025-06-20,2025-07-02,Disponible
I-006771,SUC-46,PR-7118,57.0,8.0,2025-07-06,2025-08-15,Disponible
inv_006772,SUC-36,PR-6631,55.0,14.0,2025-04-20,2025-08-25,Disponible
I-006773,SUC-28,PR-972,14.0,13.0,2025-03-21,2025-07-01,Disponible
I-006774,SUC-28,PR-5290,5.0,11.0,2025-03-12,2025-07-22,Bajo stock
inv_006775,SUC-6,PR-5359,99.0,19.0,2025-05-11,2025-07-16,Disponible
inv_006776,SUC-8,PR-5017,87.0,17.0,2025-06-06,2025-07-04,Disponible
I-006777,SUC-23,PR-9069,17.0,10.0,2025-04-25,2025-06-26,Disponible
I-006778,SUC-32,PR-7210,14.0,8.0,2025-07-05,2025-08-03,Disponible
I-006779,SUC-7,PR-4875,43.0,8.0,2025-05-04,2025-05-09,Disponible
I-006780,SUC-27,PR-6923,,11.0,2025-04-08,2025-07-22,Disponible
I-006781,SUC-18,PR-9293,71.0,7.0,2025-04-06,2025-05-22,Disponible
I-006782,SUC-46,PR-8063,55.0,10.0,2025-06-20,2025-06-29,Disponible
inv_006783,SUC-40,PR-5229,69.0,8.0,2025-03-06,2025-07-30,Disponible
I-006784,SUC-25,PR-3475,61.0,13.0,2025-07-11,2025-07-24,Disponible
inv_006785,SUC-13,PR-8396,12.0,13.0,2025-03-19,2025-05-27,Bajo stock
I-006786,SUC-23,PR-347,16.0,14.0,2025-05-05,2025-08-06,Disponible
I-006787,SUC-9,PR-9520,76.0,13.0,2025-07-01,2025-08-01,Disponible
I-006788,SUC-2,PR-2198,40.0,20.0,2025-07-29,2025-08-28,Disponible
I-006789,SUC-14,PR-9465,0.0,19.0,2025-04-25,2025-07-29,Agotado
I-006790,SUC-33,PR-9069,19.0,20.0,2025-06-30,2026-01-01,Bajo stock
I-006791,SUC-31,PR-6521,35.0,10.0,2025-05-17,2025-07-11,Disponible
I-006792,SUC-5,PR-7611,46.0,20.0,2025-05-18,2025-08-15,Disponible
I-006793,SUC-30,PR-8582,60.0,17.0,2025-06-27,2025-07-02,Disponible
I-006794,SUC-21,PR-6018,80.0,7.0,2025-07-02,2025-08-20,Disponible
inv_006795,SUC-2,PR-4140,4.0,5.0,2025-03-13,2025-03-23,Bajo stock
I-006796,SUC-5,PR-93,33.0,13.0,2025-06-22,2025-07-01,Disponible
I-006797,SUC-44,PR-9360,94.0,19.0,2025-07-16,2025-08-23,Disponible
I-006798,SUC-22,PR-8468,23.0,14.0,2025-04-20,2025-06-13,Disponible
I-006799,SUC-30,PR-1778,18.0,12.0,2025-04-12,2025-04-23,Disponible
I-006800,SUC-50,PR-2309,63.0,,2025-03-04,2025-04-23,Bajo stock
I-006801,SUC-36,PR-6372,77.0,13.0,2025-03-18,2025-06-25,Disponible
inv_006802,SUC-42,PR-7547,2.0,16.0,2025-04-14,2025-07-12,Bajo stock
inv_006803,SUC-42,PR-5969,4.0,5.0,2025-04-09,2025-07-02,Bajo stock
I-006804,SUC-33,PR-5151,73.0,18.0,2025-07-26,2025-08-28,Disponible
I-006805,SUC-9,PR-1847,68.0,13.0,2025-04-13,2025-06-05,Disponible
I-006806,SUC-32,PR-6013,62.0,15.0,2025-07-18,2025-08-19,Disponible
inv_006807,SUC-45,PR-6698,96.0,8.0,2025-03-02,2025-08-14,Disponible
I-006808,SUC-19,PR-717,8.0,17.0,2025-06-05,2025-06-17,Bajo stock
I-006809,SUC-14,PR-6790,61.0,16.0,2025-07-23,2025-07-24,Disponible
inv_006810,SUC-47,PR-9261,33.0,19.0,2025-07-09,2025-07-21,Disponible
I-006811,SUC-6,PR-3166,33.0,9.0,2025-05-10,2025-05-10,Disponible
inv_006812,SUC-8,PR-5462,56.0,7.0,2025-06-25,2025-06-27,Disponible
I-006813,SUC-3,PR-1710,9.0,15.0,2025-04-28,2025-07-14,Bajo stock
inv_006814,SUC-10,PR-5973,79.0,5.0,2025-04-26,2025-05-05,Disponible
I-006815,SUC-8,PR-892,21.0,13.0,2025-04-13,2025-06-18,Disponible
inv_006816,SUC-22,PR-7517,8.0,14.0,2025-04-30,2025-05-01,Bajo stock
I-006817,SUC-9,PR-1933,20.0,10.0,2025-03-24,2025-05-21,Disponible
I-006818,SUC-19,PR-4271,3.0,20.0,2025-06-20,2025-08-08,Bajo stock
inv_006819,SUC-43,PR-3795,79.0,6.0,2025-05-12,2025-07-19,Disponible
I-006820,SUC-17,PR-5628,17.0,13.0,2025-03-19,2025-03-31,Desconocido
I-006821,SUC-21,PR-7282,23.0,16.0,2025-04-05,2025-06-17,Disponible
I-006822,SUC-23,PR-2464,4.0,10.0,2025-04-14,2025-05-21,Bajo stock
inv_006823,SUC-18,PR-2631,32.0,11.0,2025-03-18,2025-08-17,Disponible
I-006824,SUC-36,PR-7201,30.0,18.0,2025-06-30,2025-08-28,Disponible
I-006825,SUC-26,PR-2119,1.0,11.0,2025-03-02,,Bajo stock
I-006826,SUC-12,PR-6939,93.0,19.0,2025-03-20,2025-06-19,Disponible
I-006827,SUC-15,PR-899,46.0,10.0,2025-05-04,2025-06-13,Disponible
inv_006828,SUC-16,PR-626,82.0,19.0,2025-06-01,2025-07-09,Disponible
I-006829,SUC-36,PR-1294,32.0,12.0,2025-04-23,2025-06-19,Disponible
inv_006830,SUC-40,PR-9988,1.0,16.0,2025-05-17,2025-06-05,Bajo stock
I-006831,SUC-30,PR-3301,45.0,6.0,2025-04-14,2025-08-23,Disponible
I-006832,SUC-46,PR-3600,96.0,6.0,2025-05-16,2025-08-24,Disponible
I-006833,SUC-46,PR-5970,24.0,12.0,2025-03-25,2025-06-29,Disponible
inv_006834,SUC-21,PR-2156,36.0,5.0,2025-03-18,2025-08-01,Disponible
inv_006835,SUC-21,PR-4389,66.0,11.0,2025-04-23,2025-08-18,Disponible
I-006836,SUC-16,PR-5915,27.0,13.0,2025-05-09,2025-06-04,Disponible
I-006837,SUC-43,PR-4908,20.0,20.0,2025-04-02,2025-07-04,Bajo stock
inv_006838,SUC-48,PR-5734,94.0,7.0,2025-05-12,2025-05-15,Disponible
inv_006839,SUC-15,PR-9159,64.0,6.0,2025-05-05,2025-05-31,Disponible
I-006840,SUC-45,PR-2438,,12.0,2025-06-28,2025-07-06,Agotado
inv_006841,SUC-18,PR-8324,94.0,19.0,2025-04-16,2025-08-20,Disponible
I-006842,SUC-26,PR-6123,49.0,8.0,2025-05-12,2025-07-07,Disponible
I-006843,SUC-34,PR-3580,4.0,19.0,2025-05-21,2025-05-24,Bajo stock
I-006844,SUC-32,PR-776,41.0,17.0,2025-06-29,2025-08-17,Disponible
I-006845,SUC-4,PR-3577,27.0,20.0,2025-05-06,2025-06-07,Disponible
inv_006846,SUC-16,PR-9518,15.0,6.0,2025-07-17,2025-08-06,Disponible
I-006847,SUC-27,PR-6666,6.0,8.0,2025-03-02,2025-05-10,Bajo stock
I-006848,SUC-20,PR-3823,40.0,5.0,2025-05-10,2025-08-23,Disponible
inv_006849,SUC-18,PR-1979,69.0,20.0,2025-06-23,2025-06-25,Disponible
,SUC-3,PR-83,78.0,14.0,2025-03-29,2025-04-12,Disponible
I-006851,SUC-35,PR-8454,88.0,12.0,2025-03-18,2025-08-16,Disponible
I-006852,SUC-26,PR-4674,81.0,20.0,2025-03-15,2025-03-17,Disponible
I-006853,SUC-44,PR-9293,78.0,10.0,2025-06-28,2025-07-12,Disponible
inv_006854,SUC-36,PR-62,29.0,10.0,2025-04-12,2025-08-17,Disponible
I-006855,SUC-13,PR-8731,10.0,16.0,2025-07-21,2025-08-12,Bajo stock
I-006856,SUC-29,PR-687,90.0,9.0,2025-04-06,2025-04-19,Disponible
I-006857,SUC-36,PR-6392,77.0,6.0,2025-05-07,2025-06-28,Disponible
I-006858,SUC-45,PR-1306,16.0,5.0,2025-06-21,2025-07-29,Disponible
I-006859,SUC-27,PR-8705,77.0,8.0,2025-07-13,2025-08-19,Disponible
I-006860,SUC-19,PR-7931,60.0,13.0,2025-04-09,2026-01-01,Desconocido
I-006861,SUC-5,PR-8756,7.0,20.0,2025-04-07,2025-05-31,Bajo stock
I-006862,SUC-1,PR-3064,72.0,8.0,2025-06-22,2025-07-08,Disponible
inv_006863,SUC-45,PR-287,87.0,15.0,2025-04-25,2025-08-06,Disponible
inv_006864,SUC-50,PR-7863,56.0,16.0,2025-03-07,2025-08-28,Disponible
inv_006865,SUC-50,PR-9101,86.0,8.0,2025-06-04,2025-07-21,Disponible
I-006866,SUC-14,PR-4735,50.0,10.0,2025-03-09,2025-04-28,Disponible
inv_006867,SUC-36,PR-7199,50.0,14.0,2025-07-14,2025-08-23,Disponible
I-006868,SUC-6,PR-1664,98.0,8.0,2025-05-09,2025-06-12,Disponible
I-006869,SUC-45,PR-4842,37.0,19.0,2025-07-14,2025-08-25,Disponible
I-006870,SUC-43,PR-7119,-3.0,12.0,2025-06-15,2025-08-02,Bajo stock
I-006871,SUC-26,PR-3433,47.0,18.0,2025-04-22,2025-07-21,Disponible
I-006872,SUC-43,PR-5456,94.0,15.0,2025-03-06,2025-08-24,Disponible
I-006873,SUC-49,PR-4677,40.0,10.0,2025-04-20,2025-05-03,Disponible
I-006874,SUC-30,PR-3602,61.0,17.0,2025-07-10,2025-08-13,Disponible
I-006875,SUC-10,PR-8056,58.0,,2025-07-15,2025-07-26,Disponible
inv_006876,SUC-48,PR-7679,41.0,12.0,2025-06-24,2025-08-18,Disponible
I-006877,SUC-49,PR-4868,28.0,14.0,2025-03-24,2025-05-31,Disponible
I-006878,SUC-35,PR-5476,89.0,7.0,2025-03-10,2025-07-14,Disponible
I-006879,SUC-23,PR-1904,84.0,13.0,2025-03-21,2025-06-20,Disponible
I-006880,SUC-4,PR-8904,1.0,5.0,2025-06-15,2025-07-10,Bajo stock
I-006881,SUC-26,PR-8171,93.0,17.0,2025-05-20,2025-06-17,Disponible
inv_006882,SUC-38,PR-2221,68.0,13.0,2025-05-27,2025-08-02,Disponible
I-006883,SUC-35,PR-8253,72.0,13.0,2025-07-25,2025-08-25,Disponible
inv_006884,SUC-41,PR-72,92.0,18.0,2025-04-26,2025-06-23,Disponible
I-006885,SUC-22,PR-7110,45.0,15.0,2025-04-03,2025-07-01,Disponible
I-006886,SUC-23,PR-5484,18.0,6.0,2025-06-02,2025-07-30,Disponible
I-006887,SUC-25,PR-6682,8.0,13.0,2025-05-03,2025-08-22,Bajo stock
inv_006888,SUC-26,PR-2466,14.0,9.0,2025-04-20,2025-08-01,Disponible
I-006889,SUC-10,PR-1027,65.0,12.0,2025-05-22,2025-06-28,Disponible
I-006890,SUC-24,PR-2981,89.0,14.0,2025-05-01,2025-08-24,Disponible
inv_006891,SUC-4,PR-1010,58.0,9.0,2025-04-17,2025-07-01,Disponible
I-006892,SUC-28,PR-513,12.0,16.0,2025-06-08,2025-08-16,Bajo stock
I-006893,SUC-50,PR-3993,44.0,7.0,2025-06-20,2025-06-27,Disponible
I-006894,SUC-42,PR-90,54.0,7.0,2025-03-31,2025-08-08,Disponible
I-006895,SUC-35,PR-2918,68.0,17.0,2025-04-30,,Disponible
I-006896,SUC-14,PR-5159,3.0,5.0,2025-04-03,2025-05-11,Bajo stock
I-006897,SUC-18,PR-9543,68.0,11.0,2025-05-23,2025-08-03,Disponible
inv_006898,SUC-12,PR-8224,78.0,15.0,2025-06-17,2025-07-16,Disponible
I-006899,SUC-3,PR-8950,61.0,15.0,2025-05-01,2025-06-15,Disponible
,SUC-4,PR-962,87.0,97.0,2025-04-23,2025-07-18,Bajo stock
I-006901,SUC-10,PR-3143,1.0,6.0,2025-03-17,2025-08-28,Bajo stock
inv_006902,SUC-43,PR-719,0.0,20.0,2025-05-19,2025-07-15,Agotado
I-006903,SUC-14,PR-8463,16.0,6.0,2025-07-13,2025-08-25,Disponible
I-006904,SUC-48,PR-3823,22.0,5.0,2025-04-07,2025-05-27,Disponible
inv_006905,SUC-41,PR-7533,68.0,11.0,2025-05-27,2025-07-07,Disponible
I-006906,SUC-26,PR-3504,60.0,16.0,2025-04-01,2025-06-01,Disponible
inv_006907,SUC-33,PR-1754,90.0,11.0,2025-05-09,2025-06-25,Disponible
I-006908,SUC-48,PR-9702,61.0,13.0,2025-04-06,2025-06-23,Disponible
inv_006909,SUC-50,PR-9692,35.0,18.0,2025-05-27,2025-08-12,Disponible
I-006910,SUC-24,PR-1076,46.0,8.0,2025-04-10,2025-07-22,Disponible
inv_006911,SUC-27,PR-4828,54.0,14.0,2025-05-17,2025-08-01,Disponible
I-006912,SUC-23,PR-8652,6.0,13.0,2025-05-26,2025-08-01,Bajo stock
I-006913,SUC-44,PR-5684,73.0,12.0,2025-03-02,2025-04-10,Disponible
inv_006914,SUC-14,PR-744,10.0,19.0,2025-07-08,2025-08-15,Bajo stock
I-006915,SUC-16,PR-7244,30.0,18.0,2025-04-19,2025-05-16,Disponible
inv_006916,SUC-24,PR-3406,71.0,6.0,2025-03-04,2025-08-08,Disponible
I-006917,SUC-49,PR-8039,34.0,6.0,2025-06-23,2025-08-08,Disponible
I-006918,SUC-4,PR-8344,3.0,8.0,2025-04-12,2025-04-24,Bajo stock
inv_006919,SUC-16,PR-3971,67.0,6.0,2025-07-28,2025-08-20,Disponible
inv_006920,SUC-33,PR-464,96.0,9.0,2025-07-14,2025-08-10,Agotado
inv_006921,SUC-45,PR-691,66.0,11.0,2025-06-08,2025-06-17,Disponible
I-006922,SUC-10,PR-1478,15.0,14.0,2025-07-14,2025-08-14,Disponible
I-006923,SUC-25,PR-3747,80.0,13.0,2025-04-12,2025-05-26,Disponible
I-006924,SUC-13,PR-8920,10.0,15.0,2025-06-27,2025-07-16,Bajo stock
inv_006925,SUC-17,PR-1195,43.0,8.0,2025-06-08,2025-08-02,Disponible
I-006926,SUC-11,PR-909,49.0,20.0,2025-05-06,2025-06-06,Disponible
I-006927,SUC-19,PR-9234,78.0,9.0,2025-07-18,2025-08-11,Disponible
I-006928,SUC-22,PR-5334,0.0,20.0,2025-06-21,2025-07-07,Agotado
inv_006929,SUC-32,PR-7886,95.0,19.0,2025-04-18,2025-06-08,Disponible
I-006930,SUC-21,PR-3126,84.0,13.0,2025-05-07,2025-07-01,Disponible
I-006931,SUC-37,PR-5323,39.0,12.0,2025-07-09,2025-08-19,Disponible
inv_006932,SUC-26,PR-7788,19.0,16.0,2025-04-13,2025-04-23,Disponible
I-006933,SUC-28,PR-2392,66.0,12.0,2025-06-19,2025-07-06,Disponible
I-006934,SUC-25,PR-341,67.0,14.0,2025-05-24,2025-06-15,Disponible
inv_006935,SUC-19,PR-4638,99.0,6.0,2025-05-22,2025-07-12,Disponible
inv_006936,SUC-18,PR-7721,6.0,19.0,2025-06-15,2025-07-17,Bajo stock
I-006937,SUC-42,PR-8048,29.0,9.0,2025-05-25,2025-06-13,Disponible
I-006938,SUC-24,PR-1002,22.0,9.0,2025-03-19,2025-05-12,Disponible
I-006939,SUC-31,PR-1309,59.0,12.0,2025-03-03,2025-08-07,Disponible
I-006940,SUC-46,PR-7085,21.0,5.0,2025-03-14,2025-06-06,Agotado
I-006941,SUC-44,PR-6338,55.0,14.0,2025-04-22,2025-07-19,Disponible
I-006942,SUC-22,PR-5592,6.0,15.0,2025-07-02,2025-08-13,Bajo stock
I-006943,SUC-36,PR-7600,28.0,7.0,2025-05-08,2025-06-25,Disponible
I-006944,SUC-22,PR-1037,49.0,15.0,2025-07-26,2025-08-19,Disponible
I-006945,SUC-39,PR-5591,51.0,8.0,2025-03-19,2025-05-26,Disponible
inv_006946,SUC-1,PR-4668,19.0,13.0,2025-05-05,2025-07-15,Disponible
inv_006947,SUC-30,PR-6284,45.0,20.0,2025-06-28,2025-08-04,Disponible
I-006948,SUC-39,PR-9586,32.0,20.0,2025-07-09,2025-08-21,Disponible
I-006949,SUC-6,PR-6419,70.0,6.0,2025-04-24,2025-08-05,Disponible
I-006950,SUC-24,PR-5032,8.0,,2025-03-20,2025-07-11,Disponible
I-006951,SUC-16,PR-87,30.0,19.0,2025-07-05,2025-08-11,Disponible
I-006952,SUC-34,PR-9206,57.0,18.0,2025-06-23,2025-07-29,Disponible
inv_006953,SUC-47,PR-6986,89.0,15.0,2025-03-24,2025-05-03,Disponible
inv_006954,SUC-25,PR-4269,60.0,8.0,2025-05-16,2025-08-22,Disponible
inv_006955,SUC-29,PR-1582,88.0,13.0,2025-04-28,2025-08-13,Disponible
I-006956,SUC-4,PR-5409,56.0,7.0,2025-05-12,2025-06-18,Disponible
I-006957,SUC-39,PR-5294,22.0,14.0,2025-05-12,2025-08-07,Disponible
I-006958,SUC-5,PR-2663,72.0,8.0,2025-05-15,2025-06-10,Disponible
I-006959,SUC-48,PR-4404,28.0,17.0,2025-03-21,2025-06-04,Disponible
inv_006960,SUC-2,PR-8517,71.0,18.0,2025-04-09,2025-08-01,Desconocido
I-006961,SUC-9,PR-2231,93.0,15.0,2025-07-20,2025-08-01,Disponible
inv_006962,SUC-28,PR-5735,81.0,10.0,2025-07-11,2025-07-20,Disponible
I-006963,SUC-11,PR-9507,26.0,18.0,2025-03-26,2025-03-28,Disponible
inv_006964,SUC-30,PR-375,23.0,15.0,2025-04-22,2025-07-17,Disponible
inv_006965,SUC-34,PR-8528,71.0,13.0,2025-04-05,2025-07-29,Disponible
inv_006966,SUC-16,PR-3530,18.0,15.0,2025-04-02,2025-08-05,Disponible
I-006967,SUC-48,PR-3100,82.0,16.0,2025-06-18,2025-06-18,Disponible
I-006968,SUC-46,PR-2317,98.0,11.0,2025-04-06,2025-06-09,Disponible
I-006969,SUC-14,PR-4302,11.0,9.0,2025-03-07,2025-03-31,Disponible
inv_006970,SUC-41,PR-4928,22.0,16.0,2025-03-10,2025-07-29,Disponible
I-006971,SUC-34,PR-8053,43.0,20.0,2025-03-12,2025-04-14,Disponible
I-006972,SUC-27,PR-1874,82.0,13.0,2025-03-26,2025-08-15,Disponible
inv_006973,SUC-28,PR-6194,66.0,19.0,2025-05-04,2025-05-31,Disponible
I-006974,SUC-14,PR-6900,33.0,7.0,2025-03-06,2025-07-07,Disponible
inv_006975,SUC-16,PR-2412,91.0,5.0,2025-04-24,2025-06-12,Disponible
I-006976,SUC-3,PR-8155,22.0,14.0,2025-03-21,2025-08-16,Disponible
I-006977,SUC-42,PR-6292,40.0,5.0,2025-03-08,2025-04-26,Disponible
inv_006978,SUC-17,PR-2201,24.0,10.0,2025-03-07,2025-07-19,Disponible
I-006979,SUC-13,PR-7293,55.0,17.0,2025-07-18,2025-07-18,Disponible
I-006980,SUC-31,PR-1314,32.0,6.0,2025-04-15,2025-06-06,Bajo stock
inv_006981,SUC-22,PR-9697,22.0,5.0,2025-03-14,2025-07-30,Disponible
I-006982,SUC-43,PR-5371,27.0,12.0,2025-06-08,2025-08-18,Disponible
I-006983,SUC-27,PR-9432,50.0,14.0,2025-06-19,2025-07-07,Disponible
I-006984,SUC-40,PR-463,15.0,14.0,2025-06-12,2025-07-29,Disponible
I-006985,SUC-31,PR-8683,16.0,18.0,2025-06-12,2025-08-14,Bajo stock
inv_006986,SUC-24,PR-2730,80.0,11.0,2025-06-26,2025-07-20,Disponible
inv_006987,SUC-31,PR-7806,3.0,8.0,2025-07-20,2025-07-27,Bajo stock
I-006988,SUC-14,PR-3542,12.0,15.0,2025-07-29,2025-08-10,Bajo stock
I-006989,SUC-22,PR-2803,43.0,12.0,2025-03-23,2025-04-29,Disponible
inv_006990,SUC-30,PR-3496,,18.0,2025-05-30,2025-08-15,Disponible
inv_006991,SUC-46,PR-7508,94.0,12.0,2025-05-08,2025-06-25,Disponible
I-006992,SUC-49,PR-2947,24.0,19.0,2025-04-06,2025-06-11,Disponible
I-006993,SUC-1,PR-7545,41.0,17.0,2025-07-08,2025-07-19,Disponible
I-006994,SUC-4,PR-9371,7.0,19.0,2025-07-15,2025-08-26,Bajo stock
inv_006995,SUC-20,PR-837,79.0,15.0,2025-06-28,2025-08-28,Disponible
I-006996,SUC-27,PR-1277,39.0,11.0,2025-07-03,2025-08-28,Disponible
I-006997,SUC-37,PR-2363,36.0,5.0,2025-06-16,2025-07-07,Disponible
I-006998,SUC-15,PR-8167,97.0,16.0,2025-04-11,2025-06-24,Disponible
I-006999,SUC-33,PR-9056,10.0,8.0,2025-05-18,2025-08-17,Disponible
I-007000,SUC-29,,56.0,66.0,2025-07-04,2025-08-05,Bajo stock
I-007001,SUC-43,PR-5113,97.0,20.0,2025-05-03,2025-08-03,Disponible
I-007002,SUC-4,PR-1755,78.0,16.0,2025-06-10,2025-07-18,Disponible
inv_007003,SUC-6,PR-8081,8.0,8.0,2025-07-08,2025-08-07,Bajo stock
I-007004,SUC-36,PR-2670,22.0,7.0,2025-03-15,2025-07-15,Disponible
I-007005,SUC-39,PR-1030,6.0,18.0,2025-07-11,2025-08-19,Bajo stock
I-007006,SUC-19,PR-2503,31.0,13.0,2025-06-17,2025-07-20,Disponible
I-007007,SUC-16,PR-5862,93.0,8.0,2025-05-24,2025-07-14,Disponible
inv_007008,SUC-12,PR-4811,15.0,12.0,2025-06-16,2025-07-23,Disponible
I-007009,SUC-6,PR-3324,31.0,10.0,2025-05-12,2025-08-10,Disponible
inv_007010,SUC-13,PR-2322,95.0,6.0,2025-03-17,2025-04-17,Disponible
inv_007011,SUC-17,PR-2360,94.0,9.0,2025-05-30,2025-07-06,Disponible
I-007012,SUC-5,PR-1143,79.0,7.0,2025-05-05,2025-08-20,Disponible
inv_007013,SUC-8,PR-3226,62.0,14.0,2025-05-02,2025-05-20,Disponible
inv_007014,SUC-45,PR-6747,77.0,13.0,2025-04-01,2025-05-31,Disponible
I-007015,SUC-13,PR-5642,52.0,7.0,2025-05-05,2025-05-10,Disponible
inv_007016,SUC-23,PR-2976,25.0,19.0,2025-03-23,2025-06-14,Disponible
I-007017,SUC-1,PR-4152,5.0,16.0,2025-07-16,2025-08-17,Bajo stock
I-007018,SUC-50,PR-7947,27.0,12.0,2025-04-07,2025-05-06,Disponible
I-007019,SUC-28,PR-1939,25.0,17.0,2025-07-28,2025-08-07,Disponible
I-007020,SUC-12,PR-7857,-17.0,19.0,2025-07-19,2025-08-14,Bajo stock
I-007021,SUC-34,PR-8711,87.0,15.0,2025-05-26,2025-07-11,Disponible
inv_007022,SUC-18,PR-8541,6.0,7.0,2025-07-07,2025-08-11,Bajo stock
I-007023,SUC-46,PR-6262,29.0,16.0,2025-07-05,2025-08-12,Disponible
I-007024,SUC-36,PR-1448,27.0,20.0,2025-05-08,2025-06-18,Disponible
I-007025,SUC-30,PR-1667,13.0,,2025-05-08,2025-05-14,Disponible
I-007026,SUC-33,PR-5011,58.0,7.0,2025-03-22,2025-08-23,Disponible
inv_007027,SUC-23,PR-7424,78.0,13.0,2025-03-27,2025-08-28,Disponible
I-007028,SUC-40,PR-9588,22.0,8.0,2025-06-14,2025-08-16,Disponible
I-007029,SUC-21,PR-4696,84.0,19.0,2025-04-19,2025-05-01,Disponible
inv_007030,SUC-32,PR-5817,41.0,20.0,2025-05-18,2025-06-24,Disponible
I-007031,SUC-22,PR-997,77.0,6.0,2025-07-09,2025-07-27,Disponible
inv_007032,SUC-4,PR-5090,97.0,8.0,2025-04-27,2025-08-25,Disponible
inv_007033,SUC-11,PR-7357,36.0,15.0,2025-04-05,2025-05-24,Disponible
I-007034,SUC-15,PR-3404,73.0,15.0,2025-05-30,2025-07-08,Disponible
I-007035,SUC-27,PR-972,32.0,15.0,2025-03-29,2025-07-08,Disponible
I-007036,SUC-16,PR-220,88.0,11.0,2025-03-12,2025-07-23,Disponible
inv_007037,SUC-24,PR-2661,34.0,12.0,2025-05-06,2025-07-09,Disponible
inv_007038,SUC-37,PR-110,37.0,13.0,2025-06-05,2025-07-07,Disponible
I-007039,SUC-34,PR-7567,4.0,13.0,2025-03-15,2025-07-07,Bajo stock
inv_007040,SUC-32,,80.0,17.0,2025-03-23,2025-04-18,Agotado
I-007041,SUC-25,PR-8422,72.0,8.0,2025-06-01,2025-07-13,Disponible
I-007042,SUC-38,PR-7962,33.0,17.0,2025-07-21,2025-08-06,Disponible
I-007043,SUC-2,PR-3048,71.0,12.0,2025-07-10,2025-08-10,Disponible
I-007044,SUC-46,PR-3619,18.0,19.0,2025-06-29,2025-08-23,Bajo stock
I-007045,SUC-34,PR-6397,29.0,13.0,2025-03-11,2025-03-21,Disponible
I-007046,SUC-35,PR-3400,91.0,20.0,2025-03-07,2025-07-24,Disponible
inv_007047,SUC-47,PR-7710,46.0,18.0,2025-07-17,2025-08-10,Disponible
I-007048,SUC-8,PR-5498,16.0,14.0,2025-03-12,2025-08-20,Disponible
inv_007049,SUC-35,PR-8720,0.0,14.0,2025-04-19,2025-06-08,Agotado
,SUC-6,PR-8600,,,2025-06-16,2025-06-27,Disponible
I-007051,SUC-11,PR-7140,33.0,12.0,2025-04-15,2025-07-18,Disponible
I-007052,SUC-50,PR-2326,31.0,8.0,2025-06-22,2025-07-10,Disponible
inv_007053,SUC-17,PR-422,61.0,13.0,2025-04-23,2025-07-14,Disponible
I-007054,SUC-9,PR-3425,33.0,11.0,2025-05-17,2025-06-29,Disponible
inv_007055,SUC-34,PR-1355,36.0,12.0,2025-04-22,2025-06-25,Disponible
I-007056,SUC-28,PR-6912,55.0,19.0,2025-07-11,2025-08-15,Disponible
I-007057,SUC-17,PR-7030,48.0,14.0,2025-04-26,2025-07-07,Disponible
I-007058,SUC-4,PR-1837,63.0,16.0,2025-04-12,2025-06-14,Disponible
I-007059,SUC-6,PR-6984,98.0,7.0,2025-05-01,2025-08-13,Disponible
inv_007060,SUC-2,PR-8733,62.0,16.0,2025-05-20,2025-07-14,Disponible
I-007061,SUC-24,PR-2828,72.0,18.0,2025-06-12,2025-08-08,Disponible
I-007062,SUC-9,PR-464,69.0,6.0,2025-07-26,2025-08-04,Disponible
I-007063,SUC-12,PR-4805,35.0,12.0,2025-07-15,2025-07-20,Disponible
inv_007064,SUC-3,PR-8648,11.0,15.0,2025-04-25,2025-07-20,Bajo stock
I-007065,SUC-42,PR-1953,20.0,15.0,2025-06-15,2025-08-19,Disponible
inv_007066,SUC-25,PR-1569,59.0,12.0,2025-06-09,2025-07-16,Disponible
inv_007067,SUC-22,PR-7786,96.0,19.0,2025-06-25,2025-08-22,Disponible
inv_007068,SUC-49,PR-7106,56.0,12.0,2025-07-18,2025-07-21,Disponible
I-007069,SUC-36,PR-3110,60.0,16.0,2025-06-01,2025-06-25,Disponible
I-007070,SUC-16,PR-5324,80.0,17.0,2025-06-22,,Disponible
inv_007071,SUC-41,PR-3017,22.0,17.0,2025-05-08,2025-07-06,Disponible
I-007072,SUC-50,PR-5282,82.0,7.0,2025-06-20,2025-06-29,Disponible
inv_007073,SUC-6,PR-6618,51.0,14.0,2025-07-28,2025-08-11,Disponible
inv_007074,SUC-31,PR-3181,5.0,19.0,2025-07-02,2025-08-25,Bajo stock
I-007075,SUC-34,PR-7399,8.0,18.0,2025-05-25,2025-07-02,Bajo stock
inv_007076,SUC-20,PR-6064,35.0,20.0,2025-04-23,2025-07-31,Disponible
I-007077,SUC-20,PR-5500,77.0,15.0,2025-04-06,2025-08-24,Disponible
inv_007078,SUC-28,PR-1032,24.0,9.0,2025-04-13,2025-07-10,Disponible
I-007079,SUC-9,PR-5449,64.0,9.0,2025-05-24,2025-06-18,Disponible
inv_007080,SUC-50,,21.0,7.0,2025-03-19,2025-04-11,Desconocido
I-007081,SUC-5,PR-1554,91.0,9.0,2025-05-17,2025-08-21,Disponible
inv_007082,SUC-36,PR-3084,12.0,10.0,2025-07-04,2025-07-15,Disponible
inv_007083,SUC-14,PR-8536,25.0,19.0,2025-07-12,2025-08-15,Disponible
I-007084,SUC-9,PR-3397,60.0,7.0,2025-07-12,2025-07-16,Disponible
I-007085,SUC-27,PR-9271,52.0,17.0,2025-07-17,2025-08-15,Disponible
I-007086,SUC-28,PR-1290,17.0,19.0,2025-03-19,2025-07-03,Bajo stock
inv_007087,SUC-27,PR-485,1.0,20.0,2025-03-12,2025-06-16,Bajo stock
I-007088,SUC-44,PR-6962,72.0,15.0,2025-07-23,2025-08-18,Disponible
I-007089,SUC-43,PR-9496,54.0,16.0,2025-07-10,2025-08-26,Disponible
inv_007090,SUC-34,PR-6932,60.0,19.0,2025-07-09,2025-08-19,Disponible
I-007091,SUC-7,PR-2778,22.0,8.0,2025-04-03,2025-07-08,Disponible
I-007092,SUC-26,PR-3452,63.0,11.0,2025-07-01,2025-07-25,Disponible
I-007093,SUC-47,PR-7456,58.0,8.0,2025-03-20,2025-08-19,Disponible
I-007094,SUC-21,PR-5540,26.0,20.0,2025-04-01,2025-04-17,Disponible
I-007095,SUC-46,PR-1772,57.0,9.0,2025-03-14,2025-03-28,Disponible
I-007096,SUC-32,PR-4295,68.0,18.0,2025-06-08,2025-08-27,Disponible
I-007097,SUC-30,PR-9873,45.0,10.0,2025-03-16,2025-06-17,Disponible
I-007098,SUC-49,PR-6099,2.0,11.0,2025-07-15,2025-08-09,Bajo stock
inv_007099,SUC-4,PR-9487,30.0,8.0,2025-07-12,2025-08-21,Disponible
inv_007100,SUC-44,PR-747,5.0,8.0,2025-06-26,2025-07-21,Bajo stock
I-007101,SUC-36,PR-227,81.0,6.0,2025-04-09,2025-05-24,Disponible
I-007102,SUC-20,PR-755,54.0,8.0,2025-04-15,2025-07-08,Disponible
I-007103,SUC-24,PR-8634,91.0,16.0,2025-07-19,2025-07-29,Disponible
I-007104,SUC-1,PR-7632,32.0,10.0,2025-07-02,2025-08-10,Disponible
I-007105,SUC-33,PR-632,44.0,10.0,2025-04-12,2026-01-01,Disponible
I-007106,SUC-17,PR-2698,88.0,18.0,2025-06-12,2025-07-07,Disponible
inv_007107,SUC-2,PR-627,92.0,15.0,2025-06-03,2025-08-17,Disponible
I-007108,SUC-8,PR-3457,51.0,8.0,2025-05-25,2025-07-14,Disponible
I-007109,SUC-28,PR-175,80.0,6.0,2025-03-10,2025-05-26,Disponible
I-007110,SUC-45,PR-9031,-14.0,6.0,2025-06-01,2025-08-06,Bajo stock
inv_007111,SUC-50,PR-8502,74.0,15.0,2025-04-15,2025-05-29,Disponible
inv_007112,SUC-32,PR-1097,78.0,12.0,2025-06-13,2025-07-05,Disponible
I-007113,SUC-39,PR-8273,77.0,10.0,2025-06-08,2025-08-26,Disponible
I-007114,SUC-3,PR-932,82.0,12.0,2025-06-02,2025-08-22,Disponible
I-007115,SUC-7,PR-5021,25.0,14.0,2025-05-19,2025-07-23,Disponible
I-007116,SUC-37,PR-352,28.0,18.0,2025-05-07,2025-07-26,Disponible
I-007117,SUC-16,PR-8262,29.0,9.0,2025-04-23,2025-07-26,Disponible
I-007118,SUC-10,PR-7500,66.0,9.0,2025-03-30,2025-08-16,Disponible
I-007119,SUC-25,PR-926,19.0,5.0,2025-04-24,2025-05-06,Disponible
inv_007120,SUC-1,,60.0,6.0,2025-04-30,2025-05-09,Agotado
I-007121,SUC-43,PR-9137,11.0,6.0,2025-04-24,2025-07-23,Disponible
I-007122,SUC-37,PR-6769,67.0,20.0,2025-07-05,2025-07-23,Disponible
I-007123,SUC-47,PR-5989,41.0,16.0,2025-03-03,2025-03-11,Disponible
inv_007124,SUC-16,PR-2709,22.0,5.0,2025-07-05,2025-07-15,Disponible
I-007125,SUC-48,PR-536,24.0,13.0,2025-04-14,2025-07-30,Disponible
I-007126,SUC-43,PR-3699,60.0,8.0,2025-03-20,2025-06-08,Disponible
I-007127,SUC-40,PR-6810,85.0,9.0,2025-04-15,2025-07-20,Disponible
I-007128,SUC-49,PR-9375,96.0,16.0,2025-07-06,2025-08-27,Disponible
I-007129,SUC-5,PR-1850,58.0,17.0,2025-05-15,2025-07-02,Disponible
inv_007130,SUC-7,PR-9258,24.0,5.0,2025-05-16,2025-08-22,Disponible
I-007131,SUC-49,PR-2727,97.0,14.0,2025-03-28,2025-08-19,Disponible
I-007132,SUC-47,PR-8081,22.0,15.0,2025-07-24,2025-08-06,Disponible
I-007133,SUC-27,PR-5176,90.0,8.0,2025-07-02,2025-07-12,Disponible
I-007134,SUC-14,PR-4943,7.0,18.0,2025-03-08,2025-07-16,Bajo stock
I-007135,SUC-17,PR-6418,10.0,18.0,2025-04-30,2025-05-28,Bajo stock
I-007136,SUC-7,PR-4902,93.0,9.0,2025-04-06,2025-05-20,Disponible
I-007137,SUC-28,PR-2074,88.0,11.0,2025-07-11,2025-07-23,Disponible
I-007138,SUC-29,PR-1264,85.0,20.0,2025-03-28,2025-05-08,Disponible
inv_007139,SUC-18,PR-8587,72.0,19.0,2025-03-13,2025-03-29,Disponible
I-007140,SUC-9,PR-2412,,17.0,2025-06-07,,Agotado
inv_007141,SUC-15,PR-5161,22.0,12.0,2025-05-19,2025-06-08,Disponible
I-007142,SUC-44,PR-7366,84.0,10.0,2025-07-20,2025-08-16,Disponible
inv_007143,SUC-4,PR-498,97.0,19.0,2025-05-25,2025-06-18,Disponible
I-007144,SUC-11,PR-9563,59.0,14.0,2025-05-24,2025-08-05,Disponible
inv_007145,SUC-8,PR-7243,27.0,7.0,2025-03-16,2025-07-10,Disponible
I-007146,SUC-44,PR-9852,29.0,7.0,2025-05-24,2025-07-03,Disponible
inv_007147,SUC-20,PR-2053,24.0,18.0,2025-05-21,2025-05-25,Disponible
I-007148,SUC-25,PR-6267,8.0,5.0,2025-07-04,2025-08-22,Disponible
inv_007149,SUC-37,PR-856,49.0,7.0,2025-03-15,2025-06-15,Disponible
,SUC-7,PR-8059,42.0,52.0,2025-06-10,2025-06-19,Bajo stock
I-007151,SUC-14,PR-3117,45.0,10.0,2025-05-02,2025-07-25,Disponible
I-007152,SUC-38,PR-2830,2.0,20.0,2025-04-22,2025-04-28,Bajo stock
I-007153,SUC-11,PR-8763,70.0,6.0,2025-04-25,2025-05-27,Disponible
I-007154,SUC-29,PR-4153,75.0,12.0,2025-05-13,2025-06-16,Disponible
I-007155,SUC-35,PR-5221,31.0,8.0,2025-06-26,2025-06-27,Disponible
I-007156,SUC-8,PR-2137,62.0,14.0,2025-04-27,2025-08-04,Disponible
I-007157,SUC-11,PR-6835,5.0,20.0,2025-03-27,2025-05-21,Bajo stock
inv_007158,SUC-21,PR-6767,50.0,6.0,2025-04-05,2025-08-16,Disponible
I-007159,SUC-17,PR-1366,89.0,11.0,2025-04-08,2025-04-20,Disponible
inv_007160,SUC-48,,35.0,16.0,2025-03-23,2025-06-07,Disponible
I-007161,SUC-18,PR-246,35.0,8.0,2025-04-05,2025-08-11,Disponible
I-007162,SUC-24,PR-8070,43.0,20.0,2025-06-08,2025-08-08,Disponible
I-007163,SUC-23,PR-8464,34.0,5.0,2025-06-28,2025-08-26,Disponible
inv_007164,SUC-2,PR-8115,99.0,8.0,2025-03-28,2025-08-20,Disponible
I-007165,SUC-33,PR-9723,98.0,7.0,2025-06-09,2025-08-21,Disponible
inv_007166,SUC-21,PR-1892,76.0,8.0,2025-05-08,2025-07-17,Disponible
I-007167,SUC-37,PR-4775,69.0,20.0,2025-03-15,2025-07-30,Disponible
inv_007168,SUC-12,PR-8500,6.0,18.0,2025-04-24,2025-05-01,Bajo stock
inv_007169,SUC-8,PR-8970,39.0,20.0,2025-05-16,2025-05-29,Disponible
I-007170,SUC-36,PR-3353,,13.0,2025-03-11,2025-08-16,Disponible
I-007171,SUC-48,PR-82,12.0,14.0,2025-06-24,2025-08-24,Bajo stock
I-007172,SUC-4,PR-3709,70.0,20.0,2025-04-30,2025-05-15,Disponible
I-007173,SUC-16,PR-6850,19.0,10.0,2025-04-23,2025-07-23,Disponible
I-007174,SUC-33,PR-2247,100.0,18.0,2025-04-28,2025-05-20,Disponible
inv_007175,SUC-33,PR-5836,87.0,97.0,2025-03-30,,Bajo stock
inv_007176,SUC-2,PR-976,100.0,5.0,2025-07-25,2025-08-18,Disponible
inv_007177,SUC-30,PR-161,96.0,13.0,2025-05-27,2025-07-22,Disponible
inv_007178,SUC-4,PR-67,92.0,10.0,2025-06-15,2025-07-15,Disponible
I-007179,SUC-24,PR-1648,85.0,17.0,2025-05-18,2025-06-19,Disponible
I-007180,SUC-46,PR-793,75.0,11.0,2025-07-03,2025-07-17,Agotado
inv_007181,SUC-11,PR-2031,76.0,15.0,2025-04-18,2025-06-29,Disponible
inv_007182,SUC-8,PR-8534,54.0,8.0,2025-06-28,2025-08-01,Disponible
inv_007183,SUC-44,PR-8548,9.0,14.0,2025-05-08,2025-05-18,Bajo stock
inv_007184,SUC-39,PR-1586,27.0,18.0,2025-07-13,2025-07-28,Disponible
I-007185,SUC-39,PR-661,93.0,9.0,2025-05-08,2025-08-03,Disponible
inv_007186,SUC-24,PR-5097,97.0,15.0,2025-03-19,2025-08-04,Disponible
I-007187,SUC-43,PR-8969,19.0,11.0,2025-07-24,2025-07-24,Disponible
I-007188,SUC-50,PR-8937,50.0,12.0,2025-03-21,2025-05-04,Disponible
I-007189,SUC-25,PR-1019,25.0,17.0,2025-04-03,2025-08-10,Disponible
I-007190,SUC-42,PR-7238,22.0,13.0,2025-05-31,2025-07-14,Disponible
I-007191,SUC-37,PR-4921,65.0,7.0,2025-03-19,2025-06-05,Disponible
inv_007192,SUC-17,PR-8922,60.0,5.0,2025-04-26,2025-05-02,Disponible
I-007193,SUC-20,PR-1549,0.0,19.0,2025-05-31,2025-08-03,Agotado
I-007194,SUC-27,PR-2953,53.0,20.0,2025-03-24,2025-04-30,Disponible
inv_007195,SUC-21,PR-9380,57.0,19.0,2025-04-15,2025-06-26,Disponible
inv_007196,SUC-1,PR-4344,17.0,19.0,2025-05-05,2025-08-03,Bajo stock
I-007197,SUC-31,PR-5307,16.0,6.0,2025-07-20,2025-08-26,Disponible
I-007198,SUC-8,PR-830,11.0,14.0,2025-03-07,2025-03-23,Bajo stock
I-007199,SUC-34,PR-2595,100.0,9.0,2025-06-04,2025-08-25,Disponible
inv_007200,SUC-34,PR-5910,,50.0,2025-07-07,2025-08-10,Disponible
I-007201,SUC-42,PR-3608,55.0,14.0,2025-03-12,2025-04-15,Disponible
I-007202,SUC-15,PR-3551,98.0,6.0,2025-04-19,2025-04-24,Disponible
inv_007203,SUC-4,PR-9674,51.0,5.0,2025-07-24,2025-08-11,Disponible
inv_007204,SUC-14,PR-8615,92.0,6.0,2025-03-20,2025-05-30,Disponible
inv_007205,SUC-34,PR-4126,27.0,15.0,2025-03-02,2025-04-22,Disponible
I-007206,SUC-34,PR-6377,14.0,14.0,2025-05-10,2025-08-18,Bajo stock
inv_007207,SUC-5,PR-838,21.0,5.0,2025-04-17,2025-04-26,Disponible
I-007208,SUC-14,PR-7602,82.0,5.0,2025-03-16,2025-06-28,Disponible
I-007209,SUC-50,PR-6053,21.0,16.0,2025-05-25,2025-05-27,Disponible
inv_007210,SUC-41,PR-3172,32.0,14.0,2025-07-29,2026-01-01,Disponible
inv_007211,SUC-32,PR-1719,3.0,6.0,2025-04-02,2025-06-22,Bajo stock
inv_007212,SUC-34,PR-8687,72.0,19.0,2025-06-09,2025-08-15,Disponible
I-007213,SUC-4,PR-398,91.0,15.0,2025-04-19,2025-06-03,Disponible
inv_007214,SUC-33,PR-3716,49.0,9.0,2025-04-17,2025-05-10,Disponible
inv_007215,SUC-32,PR-697,18.0,9.0,2025-03-06,2025-06-15,Disponible
I-007216,SUC-23,PR-7585,73.0,8.0,2025-04-16,2025-07-09,Disponible
inv_007217,SUC-18,PR-9165,94.0,17.0,2025-05-07,2025-05-16,Disponible
I-007218,SUC-7,PR-1733,97.0,14.0,2025-07-07,2025-08-15,Disponible
I-007219,SUC-23,PR-9261,39.0,13.0,2025-06-05,2025-07-11,Disponible
I-007220,SUC-24,PR-9257,0.0,8.0,2025-06-03,2025-07-31,Agotado
inv_007221,SUC-38,PR-4779,29.0,19.0,2025-04-19,2025-07-25,Disponible
I-007222,SUC-49,PR-2806,53.0,5.0,2025-05-09,2025-06-25,Disponible
I-007223,SUC-27,PR-2793,49.0,15.0,2025-07-28,2025-08-12,Disponible
I-007224,SUC-13,PR-715,90.0,18.0,2025-03-22,2025-05-20,Disponible
I-007225,SUC-45,PR-1118,28.0,18.0,2025-03-26,2025-06-15,Disponible
inv_007226,SUC-16,PR-2887,4.0,6.0,2025-07-02,2025-07-19,Bajo stock
I-007227,SUC-35,PR-3335,85.0,19.0,2025-07-20,2025-08-25,Disponible
inv_007228,SUC-40,PR-6270,5.0,12.0,2025-06-09,2025-07-13,Bajo stock
I-007229,SUC-43,PR-8876,30.0,8.0,2025-07-16,2025-07-28,Disponible
inv_007230,SUC-42,PR-1309,,9.0,2025-04-12,2025-04-16,Disponible
I-007231,SUC-15,PR-2128,36.0,7.0,2025-04-14,2025-08-04,Disponible
I-007232,SUC-15,PR-5372,100.0,12.0,2025-03-10,2025-05-20,Disponible
I-007233,SUC-4,PR-3656,43.0,7.0,2025-05-13,2025-07-12,Disponible
I-007234,SUC-17,PR-4368,56.0,19.0,2025-04-18,2025-06-02,Disponible
I-007235,SUC-31,PR-6039,1.0,20.0,2025-07-18,2025-08-09,Bajo stock
I-007236,SUC-29,PR-1974,67.0,20.0,2025-04-27,2025-07-29,Disponible
I-007237,SUC-17,PR-6723,98.0,20.0,2025-06-18,2025-08-11,Disponible
inv_007238,SUC-19,PR-4772,2.0,6.0,2025-07-26,2025-08-23,Bajo stock
inv_007239,SUC-26,PR-5988,92.0,11.0,2025-03-04,2025-06-27,Disponible
I-007240,SUC-1,,7.0,5.0,2025-04-14,2025-05-05,Bajo stock
I-007241,SUC-33,PR-3536,14.0,15.0,2025-04-19,2025-08-02,Bajo stock
I-007242,SUC-49,PR-6252,45.0,6.0,2025-03-22,2025-05-22,Disponible
I-007243,SUC-5,PR-6669,40.0,15.0,2025-05-28,2025-07-28,Disponible
inv_007244,SUC-50,PR-161,44.0,7.0,2025-06-01,2025-07-03,Disponible
inv_007245,SUC-36,PR-8977,42.0,16.0,2025-07-09,2026-01-01,Disponible
inv_007246,SUC-20,PR-6699,50.0,12.0,2025-07-14,2025-07-17,Disponible
I-007247,SUC-16,PR-5706,31.0,12.0,2025-04-26,2025-06-20,Disponible
I-007248,SUC-44,PR-9706,95.0,5.0,2025-05-02,2025-06-23,Disponible
I-007249,SUC-44,PR-9814,2.0,20.0,2025-03-10,2025-04-20,Bajo stock
I-007250,SUC-43,PR-9824,82.0,,2025-03-02,2025-07-31,Disponible
I-007251,SUC-8,PR-1858,2.0,19.0,2025-07-17,2025-07-26,Bajo stock
inv_007252,SUC-46,PR-3181,97.0,16.0,2025-07-24,2025-08-18,Disponible
I-007253,SUC-18,PR-1010,51.0,10.0,2025-05-04,2025-05-16,Disponible
I-007254,SUC-18,PR-5700,70.0,20.0,2025-04-29,2025-06-26,Disponible
I-007255,SUC-20,PR-2872,38.0,5.0,2025-03-23,2025-04-22,Disponible
I-007256,SUC-27,PR-5092,83.0,11.0,2025-07-02,2025-08-11,Disponible
I-007257,SUC-23,PR-1767,50.0,9.0,2025-03-30,2025-06-14,Disponible
inv_007258,SUC-17,PR-7921,83.0,11.0,2025-07-28,2025-08-22,Disponible
I-007259,SUC-46,PR-1508,11.0,17.0,2025-04-01,2025-08-18,Bajo stock
I-007260,SUC-17,PR-7085,47.0,15.0,2025-04-20,2025-07-07,Agotado
inv_007261,SUC-49,PR-5487,5.0,19.0,2025-05-18,2025-07-22,Bajo stock
I-007262,SUC-25,PR-9777,34.0,19.0,2025-06-08,2025-07-05,Disponible
I-007263,SUC-48,PR-945,62.0,20.0,2025-07-28,2025-08-21,Disponible
inv_007264,SUC-17,PR-4693,59.0,7.0,2025-05-16,2025-06-09,Disponible
I-007265,SUC-33,PR-3487,91.0,14.0,2025-05-31,2025-06-29,Disponible
I-007266,SUC-23,PR-5095,50.0,13.0,2025-04-17,2025-07-21,Disponible
I-007267,SUC-50,PR-8041,57.0,6.0,2025-03-26,2025-04-21,Disponible
I-007268,SUC-36,PR-4957,25.0,14.0,2025-05-27,2025-06-21,Disponible
I-007269,SUC-15,PR-5495,75.0,14.0,2025-07-03,2025-07-05,Disponible
I-007270,SUC-42,PR-1586,30.0,8.0,2025-05-31,2025-06-24,Disponible
inv_007271,SUC-35,PR-1239,10.0,6.0,2025-06-22,2025-06-23,Disponible
I-007272,SUC-40,PR-5750,25.0,7.0,2025-06-14,2025-08-09,Disponible
inv_007273,SUC-18,PR-5913,61.0,14.0,2025-03-26,2025-05-19,Disponible
I-007274,SUC-19,PR-3000,33.0,19.0,2025-04-02,2025-07-29,Disponible
inv_007275,SUC-33,PR-1360,79.0,14.0,2025-03-20,2025-08-01,Disponible
inv_007276,SUC-24,PR-5006,100.0,16.0,2025-04-25,2025-06-27,Disponible
I-007277,SUC-10,PR-8446,69.0,14.0,2025-05-29,2025-06-08,Disponible
I-007278,SUC-35,PR-2473,60.0,19.0,2025-04-30,2025-07-17,Disponible
inv_007279,SUC-9,PR-2862,38.0,5.0,2025-07-12,2025-07-28,Disponible
inv_007280,SUC-18,,38.0,10.0,2025-04-10,2026-01-01,Bajo stock
I-007281,SUC-1,PR-5470,85.0,17.0,2025-05-02,2025-07-17,Disponible
I-007282,SUC-21,PR-3887,14.0,20.0,2025-07-25,2025-08-14,Bajo stock
inv_007283,SUC-43,PR-8941,26.0,5.0,2025-05-19,2025-06-16,Disponible
I-007284,SUC-16,PR-5921,37.0,8.0,2025-04-16,2025-05-11,Disponible
I-007285,SUC-24,PR-1244,93.0,11.0,2025-07-04,2025-08-28,Disponible
inv_007286,SUC-33,PR-1956,82.0,8.0,2025-05-19,2025-08-19,Disponible
I-007287,SUC-10,PR-2116,8.0,18.0,2025-05-25,2025-06-23,Bajo stock
I-007288,SUC-37,PR-192,88.0,7.0,2025-03-24,2025-07-22,Disponible
inv_007289,SUC-24,PR-2521,65.0,20.0,2025-03-03,2025-07-09,Disponible
inv_007290,SUC-33,PR-7125,25.0,18.0,2025-04-26,2025-06-14,Disponible
I-007291,SUC-44,PR-1900,59.0,19.0,2025-06-03,2025-07-13,Disponible
inv_007292,SUC-46,PR-4648,21.0,10.0,2025-06-24,2025-06-29,Disponible
I-007293,SUC-43,PR-5535,77.0,11.0,2025-06-10,2025-08-15,Disponible
I-007294,SUC-3,PR-5976,98.0,15.0,2025-07-16,2025-07-27,Disponible
I-007295,SUC-9,PR-7522,98.0,12.0,2025-06-07,2025-06-22,Disponible
I-007296,SUC-2,PR-1072,5.0,13.0,2025-05-05,2025-07-07,Bajo stock
I-007297,SUC-38,PR-80,10.0,16.0,2025-05-24,2025-05-28,Bajo stock
inv_007298,SUC-50,PR-3318,2.0,10.0,2025-04-13,2025-08-10,Bajo stock
I-007299,SUC-47,PR-7937,10.0,13.0,2025-04-30,2025-08-01,Bajo stock
I-007300,SUC-34,PR-80,27.0,9.0,2025-04-19,2025-08-26,Bajo stock
I-007301,SUC-37,PR-3387,79.0,11.0,2025-05-13,2025-06-03,Disponible
I-007302,SUC-26,PR-8472,48.0,17.0,2025-07-08,2025-08-08,Disponible
I-007303,SUC-37,PR-4790,95.0,6.0,2025-04-25,2025-05-22,Disponible
inv_007304,SUC-46,PR-9335,11.0,20.0,2025-07-04,2025-07-22,Bajo stock
I-007305,SUC-33,PR-6764,20.0,13.0,2025-07-25,2025-08-23,Disponible
I-007306,SUC-38,PR-8360,73.0,17.0,2025-05-31,2025-06-18,Disponible
I-007307,SUC-46,PR-377,50.0,9.0,2025-07-01,2025-07-19,Disponible
I-007308,SUC-26,PR-8518,61.0,15.0,2025-04-05,2025-06-03,Disponible
I-007309,SUC-22,PR-5505,15.0,12.0,2025-06-20,2025-07-23,Disponible
inv_007310,SUC-6,PR-9059,82.0,12.0,2025-07-28,2025-08-02,Disponible
inv_007311,SUC-13,PR-4439,99.0,10.0,2025-06-14,2025-08-28,Disponible
I-007312,SUC-40,PR-4833,75.0,18.0,2025-05-04,2025-05-05,Disponible
inv_007313,SUC-20,PR-4631,0.0,13.0,2025-05-28,2025-08-03,Agotado
I-007314,SUC-26,PR-4324,80.0,17.0,2025-05-02,2025-07-26,Disponible
I-007315,SUC-32,PR-1103,62.0,9.0,2025-05-16,2025-06-12,Disponible
inv_007316,SUC-16,PR-6335,5.0,15.0,2025-03-08,2025-07-03,Bajo stock
I-007317,SUC-47,PR-5816,10.0,5.0,2025-05-24,2025-08-15,Disponible
I-007318,SUC-18,PR-9926,17.0,20.0,2025-04-09,2025-04-10,Bajo stock
inv_007319,SUC-23,PR-4800,99.0,8.0,2025-05-04,2025-08-20,Disponible
I-007320,SUC-14,PR-9181,,9.0,2025-05-03,2025-06-01,Disponible
I-007321,SUC-1,PR-2890,27.0,16.0,2025-03-31,2025-05-09,Disponible
I-007322,SUC-7,PR-5746,15.0,10.0,2025-07-03,2025-08-14,Disponible
inv_007323,SUC-30,PR-1076,1.0,17.0,2025-04-20,2025-07-03,Bajo stock
inv_007324,SUC-19,PR-3333,68.0,9.0,2025-05-04,2025-08-25,Disponible
inv_007325,SUC-37,PR-5738,7.0,17.0,2025-07-16,2025-07-25,Bajo stock
I-007326,SUC-2,PR-8851,4.0,7.0,2025-07-09,2025-07-25,Bajo stock
I-007327,SUC-4,PR-3036,98.0,6.0,2025-06-26,2025-08-19,Disponible
inv_007328,SUC-41,PR-873,39.0,9.0,2025-03-23,2025-08-17,Disponible
I-007329,SUC-31,PR-7007,66.0,12.0,2025-03-30,2025-07-08,Disponible
I-007330,SUC-26,PR-1877,48.0,18.0,2025-03-13,2025-06-20,Disponible
inv_007331,SUC-8,PR-1044,72.0,15.0,2025-03-07,2025-07-11,Disponible
I-007332,SUC-21,PR-3731,97.0,8.0,2025-03-17,2025-08-03,Disponible
I-007333,SUC-44,PR-2950,65.0,16.0,2025-03-27,2025-08-02,Disponible
I-007334,SUC-43,PR-577,42.0,11.0,2025-03-15,2025-03-24,Disponible
inv_007335,SUC-11,PR-246,40.0,11.0,2025-07-27,2025-08-09,Disponible
I-007336,SUC-12,PR-3336,48.0,18.0,2025-06-29,2025-07-24,Disponible
I-007337,SUC-9,PR-1209,72.0,16.0,2025-04-02,2025-04-09,Disponible
I-007338,SUC-49,PR-4182,10.0,17.0,2025-04-16,2025-05-05,Bajo stock
inv_007339,SUC-6,PR-32,96.0,7.0,2025-03-11,2025-04-04,Disponible
inv_007340,SUC-14,PR-478,77.0,20.0,2025-05-01,2025-05-28,Agotado
I-007341,SUC-43,PR-3200,63.0,14.0,2025-04-17,2025-08-13,Disponible
I-007342,SUC-30,PR-1491,27.0,16.0,2025-03-28,2025-08-18,Disponible
I-007343,SUC-34,PR-44,57.0,19.0,2025-07-03,2025-08-02,Disponible
I-007344,SUC-11,PR-5137,13.0,12.0,2025-05-21,2025-06-14,Disponible
inv_007345,SUC-7,PR-7214,23.0,8.0,2025-05-28,2025-06-13,Disponible
I-007346,SUC-9,PR-9590,60.0,8.0,2025-03-08,2025-04-01,Disponible
inv_007347,SUC-49,PR-537,21.0,5.0,2025-03-20,2025-04-26,Disponible
I-007348,SUC-11,PR-8573,40.0,18.0,2025-04-15,2025-08-26,Disponible
inv_007349,SUC-27,PR-757,65.0,15.0,2025-06-24,2025-08-03,Disponible
,SUC-38,PR-5902,,,2025-04-12,2026-01-01,Disponible
I-007351,SUC-23,PR-3473,87.0,13.0,2025-04-15,2025-06-29,Disponible
inv_007352,SUC-10,PR-1728,65.0,12.0,2025-07-07,2025-08-19,Disponible
I-007353,SUC-40,PR-2687,3.0,5.0,2025-06-01,2025-06-23,Bajo stock
I-007354,SUC-1,PR-585,97.0,19.0,2025-07-27,2025-08-08,Disponible
I-007355,SUC-17,PR-1149,30.0,11.0,2025-07-10,2025-08-26,Disponible
inv_007356,SUC-26,PR-3753,94.0,17.0,2025-06-22,2025-08-04,Disponible
inv_007357,SUC-15,PR-5172,95.0,15.0,2025-07-11,2025-07-27,Disponible
inv_007358,SUC-16,PR-7165,41.0,13.0,2025-06-02,2025-08-07,Disponible
inv_007359,SUC-37,PR-26,81.0,9.0,2025-03-25,2025-05-20,Disponible
I-007360,SUC-5,,90.0,15.0,2025-04-09,2025-08-02,Bajo stock
inv_007361,SUC-22,PR-8562,58.0,19.0,2025-03-20,2025-04-11,Disponible
I-007362,SUC-32,PR-4301,83.0,6.0,2025-07-20,2025-08-16,Disponible
I-007363,SUC-34,PR-9839,3.0,7.0,2025-07-01,2025-07-10,Bajo stock
I-007364,SUC-32,PR-9140,96.0,18.0,2025-06-17,2025-07-05,Disponible
I-007365,SUC-32,PR-774,8.0,20.0,2025-03-20,2025-04-20,Bajo stock
I-007366,SUC-37,PR-2002,94.0,19.0,2025-07-22,2025-08-12,Disponible
I-007367,SUC-15,PR-4001,20.0,15.0,2025-05-25,2025-06-15,Disponible
I-007368,SUC-1,PR-9118,77.0,7.0,2025-07-25,2025-08-22,Disponible
I-007369,SUC-4,PR-7502,44.0,15.0,2025-06-02,2025-06-25,Disponible
I-007370,SUC-28,PR-7456,10.0,19.0,2025-05-13,2025-07-08,Bajo stock
inv_007371,SUC-24,PR-9815,25.0,8.0,2025-07-20,2025-07-24,Disponible
I-007372,SUC-22,PR-9361,85.0,10.0,2025-06-25,2025-07-30,Disponible
inv_007373,SUC-34,PR-9806,34.0,8.0,2025-04-10,2025-08-25,Disponible
I-007374,SUC-45,PR-3015,13.0,6.0,2025-05-19,2025-06-09,Disponible
I-007375,SUC-43,PR-7439,40.0,,2025-03-29,2025-06-29,Disponible
inv_007376,SUC-16,PR-7473,46.0,7.0,2025-06-13,2025-07-18,Disponible
inv_007377,SUC-47,PR-907,33.0,18.0,2025-07-18,2025-08-16,Disponible
I-007378,SUC-49,PR-5994,89.0,7.0,2025-07-23,2025-08-12,Disponible
I-007379,SUC-25,PR-5392,83.0,12.0,2025-03-22,2025-07-26,Disponible
I-007380,SUC-50,PR-4603,-15.0,15.0,2025-04-16,2025-07-25,Bajo stock
inv_007381,SUC-31,PR-6219,42.0,17.0,2025-05-11,2025-06-29,Disponible
I-007382,SUC-12,PR-9943,26.0,18.0,2025-05-12,2025-06-05,Disponible
I-007383,SUC-24,PR-371,18.0,19.0,2025-05-24,2025-08-14,Bajo stock
I-007384,SUC-32,PR-9474,22.0,20.0,2025-03-27,2025-08-19,Disponible
I-007385,SUC-34,PR-4624,23.0,20.0,2025-05-20,,Disponible
inv_007386,SUC-41,PR-2058,22.0,11.0,2025-06-11,2025-07-18,Disponible
I-007387,SUC-27,PR-6714,62.0,11.0,2025-07-11,2025-08-11,Disponible
I-007388,SUC-15,PR-6684,1.0,17.0,2025-04-02,2025-04-03,Bajo stock
inv_007389,SUC-24,PR-7989,19.0,15.0,2025-03-10,2025-07-16,Disponible
inv_007390,SUC-49,PR-564,85.0,13.0,2025-06-14,2025-07-09,Disponible
inv_007391,SUC-7,PR-3771,84.0,19.0,2025-06-30,2025-08-01,Disponible
inv_007392,SUC-15,PR-510,8.0,8.0,2025-03-05,2025-08-23,Bajo stock
inv_007393,SUC-9,PR-1128,38.0,10.0,2025-04-14,2025-04-19,Disponible
I-007394,SUC-22,PR-9368,32.0,7.0,2025-07-08,2025-07-29,Disponible
I-007395,SUC-6,PR-3287,99.0,14.0,2025-04-10,2025-06-09,Disponible
I-007396,SUC-19,PR-5150,4.0,11.0,2025-04-28,2025-07-29,Bajo stock
I-007397,SUC-43,PR-9697,3.0,6.0,2025-03-03,2025-07-11,Bajo stock
inv_007398,SUC-46,PR-1099,8.0,14.0,2025-06-27,2025-08-14,Bajo stock
I-007399,SUC-6,PR-9071,61.0,14.0,2025-04-01,2025-06-21,Disponible
inv_007400,SUC-18,PR-7542,73.0,6.0,2025-07-22,2025-08-26,Agotado
I-007401,SUC-40,PR-355,29.0,12.0,2025-03-04,2025-03-30,Disponible
I-007402,SUC-50,PR-2968,38.0,5.0,2025-06-20,2025-06-25,Disponible
I-007403,SUC-41,PR-9443,15.0,18.0,2025-03-26,2025-05-19,Bajo stock
I-007404,SUC-21,PR-681,100.0,8.0,2025-03-24,2025-04-24,Disponible
I-007405,SUC-22,PR-7649,92.0,20.0,2025-03-20,2025-08-08,Disponible
inv_007406,SUC-30,PR-3333,23.0,7.0,2025-06-14,2025-08-27,Disponible
I-007407,SUC-37,PR-8326,58.0,13.0,2025-04-30,2025-07-27,Disponible
inv_007408,SUC-42,PR-8869,5.0,18.0,2025-04-04,2025-07-29,Bajo stock
inv_007409,SUC-26,PR-8936,67.0,18.0,2025-06-27,2025-07-18,Disponible
I-007410,SUC-18,PR-4578,,12.0,2025-03-31,2025-05-26,Disponible
I-007411,SUC-35,PR-1671,66.0,14.0,2025-04-06,2025-05-04,Disponible
I-007412,SUC-27,PR-247,57.0,13.0,2025-06-28,2025-07-08,Disponible
I-007413,SUC-22,PR-6929,53.0,8.0,2025-03-04,2025-08-02,Disponible
inv_007414,SUC-22,PR-4652,85.0,15.0,2025-05-08,2025-07-23,Disponible
I-007415,SUC-32,PR-5996,17.0,8.0,2025-04-08,2025-06-18,Disponible
I-007416,SUC-30,PR-2273,18.0,8.0,2025-04-05,2025-04-26,Disponible
I-007417,SUC-33,PR-7527,9.0,6.0,2025-04-04,2025-04-26,Disponible
inv_007418,SUC-35,PR-7096,95.0,9.0,2025-03-15,2025-04-22,Disponible
I-007419,SUC-11,PR-5799,75.0,7.0,2025-03-05,2025-06-19,Disponible
I-007420,SUC-42,PR-8357,82.0,13.0,2025-05-27,,Desconocido
inv_007421,SUC-27,PR-3624,55.0,10.0,2025-07-20,2025-07-28,Disponible
I-007422,SUC-1,PR-9360,19.0,19.0,2025-06-27,2025-07-02,Bajo stock
inv_007423,SUC-44,PR-9366,49.0,20.0,2025-07-14,2025-08-13,Disponible
I-007424,SUC-37,PR-8821,11.0,8.0,2025-03-23,2025-07-16,Disponible
inv_007425,SUC-4,PR-9493,85.0,95.0,2025-06-23,2025-07-05,Bajo stock
I-007426,SUC-35,PR-4896,75.0,6.0,2025-05-01,2025-05-04,Disponible
inv_007427,SUC-1,PR-6760,36.0,5.0,2025-06-22,2025-08-24,Disponible
I-007428,SUC-25,PR-8397,91.0,14.0,2025-05-23,2025-08-26,Disponible
I-007429,SUC-17,PR-8883,48.0,11.0,2025-04-11,2025-04-20,Disponible
I-007430,SUC-34,PR-4528,72.0,12.0,2025-07-26,2025-08-02,Disponible
I-007431,SUC-2,PR-8969,57.0,7.0,2025-04-30,2025-05-17,Disponible
I-007432,SUC-8,PR-7508,29.0,11.0,2025-04-05,2025-05-07,Disponible
I-007433,SUC-22,PR-4196,93.0,5.0,2025-07-18,2025-07-23,Disponible
I-007434,SUC-46,PR-7091,51.0,9.0,2025-06-06,2025-06-19,Disponible
I-007435,SUC-18,PR-4966,3.0,8.0,2025-07-04,2025-08-02,Bajo stock
I-007436,SUC-42,PR-6588,8.0,19.0,2025-03-02,2025-07-26,Bajo stock
I-007437,SUC-17,PR-8634,93.0,11.0,2025-05-20,2025-07-15,Disponible
inv_007438,SUC-2,PR-2178,100.0,16.0,2025-06-13,2025-08-05,Disponible
I-007439,SUC-16,PR-4840,33.0,6.0,2025-07-11,2025-07-18,Disponible
inv_007440,SUC-33,,,7.0,2025-05-13,2025-05-21,Bajo stock
I-007441,SUC-39,PR-1132,81.0,8.0,2025-04-03,2025-04-27,Disponible
I-007442,SUC-18,PR-6873,55.0,12.0,2025-05-06,2025-07-12,Disponible
inv_007443,SUC-30,PR-3975,59.0,20.0,2025-04-24,2025-07-30,Disponible
I-007444,SUC-40,PR-990,47.0,16.0,2025-04-09,2025-05-10,Disponible
I-007445,SUC-50,PR-7071,73.0,9.0,2025-05-18,2025-07-02,Disponible
inv_007446,SUC-9,PR-767,50.0,12.0,2025-07-11,2025-07-24,Disponible
I-007447,SUC-49,PR-2698,8.0,17.0,2025-04-05,2025-08-08,Bajo stock
I-007448,SUC-41,PR-2366,31.0,9.0,2025-07-10,2025-08-17,Disponible
I-007449,SUC-37,PR-7576,4.0,18.0,2025-07-11,2025-08-10,Bajo stock
inv_007450,SUC-8,PR-2676,70.0,,2025-07-04,2025-08-15,Disponible
I-007451,SUC-12,PR-566,29.0,16.0,2025-07-12,2025-07-27,Disponible
I-007452,SUC-47,PR-2981,50.0,15.0,2025-04-18,2025-05-23,Disponible
inv_007453,SUC-3,PR-1357,55.0,7.0,2025-05-21,2025-06-07,Disponible
inv_007454,SUC-10,PR-8009,98.0,19.0,2025-05-07,2025-07-01,Disponible
I-007455,SUC-44,PR-8400,81.0,17.0,2025-03-19,,Disponible
I-007456,SUC-29,PR-7254,71.0,16.0,2025-05-24,2025-05-30,Disponible
I-007457,SUC-46,PR-6913,71.0,17.0,2025-03-02,2025-04-24,Disponible
I-007458,SUC-37,PR-1184,18.0,16.0,2025-03-17,2025-08-26,Disponible
I-007459,SUC-50,PR-7938,26.0,19.0,2025-04-15,2025-06-13,Disponible
inv_007460,SUC-34,PR-1115,77.0,13.0,2025-04-27,2025-06-15,Bajo stock
I-007461,SUC-28,PR-3758,62.0,12.0,2025-05-27,2025-08-07,Disponible
I-007462,SUC-11,PR-697,42.0,9.0,2025-06-17,2025-07-14,Disponible
I-007463,SUC-39,PR-1103,90.0,18.0,2025-03-04,2025-05-31,Disponible
I-007464,SUC-42,PR-1494,13.0,9.0,2025-05-27,2025-06-12,Disponible
inv_007465,SUC-40,PR-5424,33.0,16.0,2025-07-17,2025-08-03,Disponible
I-007466,SUC-13,PR-7587,5.0,17.0,2025-06-11,2025-07-23,Bajo stock
I-007467,SUC-15,PR-6483,38.0,9.0,2025-03-19,2025-04-07,Disponible
I-007468,SUC-14,PR-8081,43.0,5.0,2025-07-20,2025-07-26,Disponible
I-007469,SUC-44,PR-333,27.0,14.0,2025-04-23,2025-06-17,Disponible
I-007470,SUC-15,PR-2640,,17.0,2025-03-06,2025-04-22,Disponible
inv_007471,SUC-48,PR-8741,42.0,11.0,2025-06-17,2025-07-31,Disponible
I-007472,SUC-13,PR-7839,4.0,16.0,2025-03-02,2025-04-11,Bajo stock
I-007473,SUC-21,PR-8772,86.0,19.0,2025-06-13,2025-08-10,Disponible
I-007474,SUC-12,PR-6213,2.0,17.0,2025-04-12,2025-07-23,Bajo stock
I-007475,SUC-5,PR-4902,63.0,15.0,2025-05-02,2025-07-24,Disponible
I-007476,SUC-12,PR-4635,4.0,11.0,2025-03-12,2025-03-14,Bajo stock
I-007477,SUC-12,PR-7138,44.0,12.0,2025-06-19,2025-08-24,Disponible
I-007478,SUC-27,PR-5788,93.0,12.0,2025-03-02,2025-05-02,Disponible
I-007479,SUC-43,PR-4267,48.0,19.0,2025-05-24,2025-08-24,Disponible
I-007480,SUC-11,,35.0,14.0,2025-03-15,2025-07-10,Desconocido
I-007481,SUC-47,PR-342,61.0,14.0,2025-05-13,2025-08-21,Disponible
I-007482,SUC-21,PR-7298,15.0,15.0,2025-07-05,2025-08-14,Bajo stock
I-007483,SUC-27,PR-5359,6.0,18.0,2025-03-02,2025-07-20,Bajo stock
I-007484,SUC-12,PR-9584,100.0,19.0,2025-06-27,2025-07-05,Disponible
I-007485,SUC-48,PR-8163,8.0,11.0,2025-06-21,2025-07-17,Bajo stock
I-007486,SUC-9,PR-5349,53.0,13.0,2025-07-04,2025-08-25,Disponible
I-007487,SUC-6,PR-2426,62.0,17.0,2025-04-04,2025-04-28,Disponible
inv_007488,SUC-2,PR-7623,48.0,12.0,2025-04-25,2025-07-01,Disponible
inv_007489,SUC-3,PR-6351,13.0,9.0,2025-07-21,2025-08-16,Disponible
I-007490,SUC-27,PR-4300,54.0,16.0,2025-04-17,,Disponible
I-007491,SUC-33,PR-598,31.0,12.0,2025-06-02,2025-08-19,Disponible
I-007492,SUC-26,PR-5229,17.0,9.0,2025-07-08,2025-08-09,Disponible
inv_007493,SUC-12,PR-1156,30.0,18.0,2025-03-15,2025-07-06,Disponible
I-007494,SUC-8,PR-1470,77.0,8.0,2025-04-13,2025-07-01,Disponible
I-007495,SUC-22,PR-6726,35.0,15.0,2025-06-18,2025-06-19,Disponible
I-007496,SUC-35,PR-8868,70.0,18.0,2025-04-27,2025-08-24,Disponible
I-007497,SUC-37,PR-1925,47.0,10.0,2025-06-10,2025-08-14,Disponible
I-007498,SUC-33,PR-1401,37.0,6.0,2025-04-03,2025-07-05,Disponible
inv_007499,SUC-10,PR-2504,11.0,14.0,2025-03-07,2025-07-15,Bajo stock
inv_007500,SUC-28,PR-2872,,18.0,2025-05-31,2025-08-01,Disponible
I-007501,SUC-4,PR-484,24.0,6.0,2025-05-20,2025-06-06,Disponible
I-007502,SUC-13,PR-3260,39.0,5.0,2025-06-19,2025-07-30,Disponible
inv_007503,SUC-13,PR-5732,40.0,9.0,2025-05-07,2025-08-06,Disponible
I-007504,SUC-15,PR-6408,95.0,7.0,2025-06-22,2025-07-16,Disponible
I-007505,SUC-26,PR-6805,76.0,16.0,2025-07-08,2025-08-13,Disponible
I-007506,SUC-32,PR-8455,49.0,14.0,2025-06-01,2025-08-15,Disponible
I-007507,SUC-42,PR-8894,77.0,14.0,2025-04-21,2025-07-19,Disponible
I-007508,SUC-2,PR-8764,65.0,20.0,2025-03-28,2025-06-30,Disponible
I-007509,SUC-47,PR-2216,59.0,14.0,2025-05-04,2025-08-23,Disponible
I-007510,SUC-40,PR-6210,24.0,5.0,2025-06-30,2025-08-09,Disponible
I-007511,SUC-23,PR-7835,42.0,6.0,2025-04-15,2025-08-20,Disponible
inv_007512,SUC-28,PR-5508,1.0,17.0,2025-07-14,2025-07-20,Bajo stock
I-007513,SUC-6,PR-7961,10.0,19.0,2025-05-19,2025-08-22,Bajo stock
I-007514,SUC-26,PR-9871,13.0,10.0,2025-06-07,2025-08-10,Disponible
inv_007515,SUC-31,PR-1551,91.0,8.0,2025-07-12,2025-07-13,Disponible
inv_007516,SUC-35,PR-3940,65.0,12.0,2025-04-06,2025-04-23,Disponible
inv_007517,SUC-1,PR-7415,5.0,9.0,2025-03-26,2025-03-31,Bajo stock
I-007518,SUC-38,PR-9537,9.0,14.0,2025-03-07,2025-04-16,Bajo stock
I-007519,SUC-23,PR-4370,2.0,10.0,2025-04-24,2025-08-11,Bajo stock
I-007520,SUC-35,PR-9416,88.0,5.0,2025-03-25,2025-07-29,Bajo stock
I-007521,SUC-24,PR-1966,35.0,9.0,2025-06-24,2025-08-24,Disponible
I-007522,SUC-9,PR-4759,8.0,17.0,2025-03-29,2025-05-09,Bajo stock
I-007523,SUC-35,PR-774,42.0,5.0,2025-06-01,2025-07-08,Disponible
I-007524,SUC-25,PR-1481,6.0,5.0,2025-05-05,2025-07-08,Disponible
I-007525,SUC-30,PR-2912,66.0,13.0,2025-03-22,2025-04-16,Disponible
I-007526,SUC-29,PR-4968,55.0,12.0,2025-05-01,2025-06-27,Disponible
I-007527,SUC-30,PR-5022,57.0,20.0,2025-05-11,2025-05-27,Disponible
I-007528,SUC-14,PR-8584,37.0,18.0,2025-06-29,2025-08-28,Disponible
I-007529,SUC-6,PR-3738,77.0,13.0,2025-04-08,2025-07-21,Disponible
inv_007530,SUC-16,PR-5523,,6.0,2025-06-10,2025-06-26,Disponible
I-007531,SUC-47,PR-7924,47.0,9.0,2025-06-27,2025-06-27,Disponible
I-007532,SUC-48,PR-5399,34.0,16.0,2025-03-04,2025-03-05,Disponible
I-007533,SUC-43,PR-8881,19.0,6.0,2025-03-25,2025-06-09,Disponible
I-007534,SUC-30,PR-6113,76.0,14.0,2025-05-02,2025-06-10,Disponible
I-007535,SUC-19,PR-7365,70.0,20.0,2025-05-30,2025-05-31,Disponible
inv_007536,SUC-13,PR-2658,47.0,20.0,2025-05-13,2025-08-20,Disponible
inv_007537,SUC-38,PR-866,74.0,16.0,2025-05-11,2025-08-26,Disponible
inv_007538,SUC-48,PR-7184,96.0,6.0,2025-03-03,2025-07-07,Disponible
I-007539,SUC-35,PR-4611,50.0,16.0,2025-07-06,2025-08-04,Disponible
I-007540,SUC-17,PR-5042,71.0,12.0,2025-05-08,2025-06-26,Desconocido
I-007541,SUC-14,PR-4863,73.0,9.0,2025-06-01,2025-08-28,Disponible
I-007542,SUC-45,PR-5871,72.0,11.0,2025-07-27,2025-08-07,Disponible
I-007543,SUC-19,PR-4251,21.0,10.0,2025-07-03,2025-07-29,Disponible
I-007544,SUC-35,PR-5655,85.0,6.0,2025-04-26,2025-08-20,Disponible
I-007545,SUC-36,PR-1837,28.0,10.0,2025-03-14,2025-06-14,Disponible
I-007546,SUC-43,PR-2338,54.0,11.0,2025-04-15,2025-08-05,Disponible
I-007547,SUC-4,PR-4602,48.0,19.0,2025-07-18,2025-08-26,Disponible
inv_007548,SUC-20,PR-153,26.0,18.0,2025-04-14,2025-05-03,Disponible
I-007549,SUC-14,PR-5315,88.0,20.0,2025-04-22,2025-05-23,Disponible
inv_007550,SUC-33,PR-3666,24.0,,2025-03-13,2025-07-01,Disponible
I-007551,SUC-33,PR-4639,63.0,10.0,2025-06-27,2025-07-06,Disponible
I-007552,SUC-35,PR-7631,73.0,13.0,2025-03-29,2025-03-29,Disponible
inv_007553,SUC-13,PR-5946,37.0,9.0,2025-03-08,2025-03-16,Disponible
inv_007554,SUC-42,PR-7519,35.0,14.0,2025-05-09,2025-07-24,Disponible
inv_007555,SUC-35,PR-4131,82.0,7.0,2025-05-10,2025-05-22,Disponible
I-007556,SUC-50,PR-7513,5.0,18.0,2025-03-04,2025-04-10,Bajo stock
I-007557,SUC-50,PR-4404,81.0,12.0,2025-04-07,2025-07-03,Disponible
I-007558,SUC-41,PR-3554,100.0,16.0,2025-04-19,2025-08-21,Disponible
I-007559,SUC-26,PR-8470,30.0,8.0,2025-05-16,2025-07-17,Disponible
inv_007560,SUC-15,,44.0,13.0,2025-05-24,,Disponible
inv_007561,SUC-34,PR-9624,82.0,17.0,2025-05-23,2025-07-27,Disponible
I-007562,SUC-3,PR-4831,60.0,20.0,2025-03-19,2025-06-14,Disponible
I-007563,SUC-48,PR-9016,24.0,7.0,2025-05-30,2025-07-23,Disponible
I-007564,SUC-23,PR-3228,50.0,18.0,2025-05-07,2025-07-25,Disponible
inv_007565,SUC-15,PR-1810,30.0,9.0,2025-07-14,2025-07-15,Disponible
I-007566,SUC-5,PR-9021,12.0,11.0,2025-07-21,2025-08-05,Disponible
I-007567,SUC-38,PR-722,82.0,12.0,2025-07-19,2025-07-20,Disponible
inv_007568,SUC-40,PR-7495,15.0,11.0,2025-05-03,2025-06-07,Disponible
I-007569,SUC-37,PR-627,85.0,6.0,2025-07-01,2025-07-08,Disponible
inv_007570,SUC-40,PR-5476,20.0,8.0,2025-05-08,2025-06-26,Disponible
I-007571,SUC-26,PR-3610,86.0,5.0,2025-06-20,2025-08-05,Disponible
inv_007572,SUC-18,PR-4046,62.0,18.0,2025-05-16,2025-08-16,Disponible
I-007573,SUC-13,PR-480,25.0,16.0,2025-06-23,2025-07-06,Disponible
I-007574,SUC-12,PR-5838,42.0,12.0,2025-04-19,2025-06-16,Disponible
inv_007575,SUC-46,PR-5911,16.0,26.0,2025-05-23,2025-07-31,Bajo stock
I-007576,SUC-17,PR-8211,79.0,16.0,2025-07-03,2025-08-16,Disponible
inv_007577,SUC-46,PR-6540,39.0,19.0,2025-03-26,2025-04-11,Disponible
I-007578,SUC-34,PR-7469,76.0,18.0,2025-05-30,2025-08-24,Disponible
inv_007579,SUC-32,PR-6123,1.0,16.0,2025-06-09,2025-08-07,Bajo stock
I-007580,SUC-18,PR-6433,62.0,15.0,2025-05-09,2025-08-14,Bajo stock
I-007581,SUC-40,PR-1228,32.0,20.0,2025-07-11,2025-07-25,Disponible
I-007582,SUC-22,PR-549,64.0,17.0,2025-04-26,2025-05-20,Disponible
inv_007583,SUC-17,PR-9405,93.0,15.0,2025-04-12,2025-05-27,Disponible
inv_007584,SUC-26,PR-6114,92.0,8.0,2025-04-05,2025-08-04,Disponible
inv_007585,SUC-31,PR-8607,62.0,19.0,2025-06-05,2025-08-08,Disponible
I-007586,SUC-10,PR-371,76.0,20.0,2025-04-11,2025-06-28,Disponible
inv_007587,SUC-31,PR-4548,9.0,20.0,2025-07-10,2025-08-01,Bajo stock
I-007588,SUC-26,PR-6579,2.0,12.0,2025-05-29,2025-06-26,Bajo stock
inv_007589,SUC-26,PR-7456,92.0,19.0,2025-04-20,2025-06-25,Disponible
I-007590,SUC-3,PR-7225,,11.0,2025-03-30,2025-05-21,Disponible
I-007591,SUC-17,PR-9893,99.0,18.0,2025-04-07,2025-05-25,Disponible
I-007592,SUC-12,PR-171,31.0,19.0,2025-05-21,2025-08-02,Disponible
I-007593,SUC-21,PR-5337,92.0,15.0,2025-04-19,2025-06-22,Disponible
I-007594,SUC-32,PR-4519,49.0,16.0,2025-07-21,2025-08-26,Disponible
I-007595,SUC-6,PR-7995,75.0,11.0,2025-06-10,,Disponible
I-007596,SUC-46,PR-834,20.0,18.0,2025-05-13,2025-07-13,Disponible
I-007597,SUC-15,PR-1758,26.0,17.0,2025-03-10,2025-06-18,Disponible
I-007598,SUC-6,PR-6607,84.0,16.0,2025-03-05,2025-08-03,Disponible
inv_007599,SUC-3,PR-9793,24.0,18.0,2025-05-19,2025-08-03,Disponible
inv_007600,SUC-45,,63.0,12.0,2025-05-25,2025-07-11,Bajo stock
inv_007601,SUC-43,PR-663,11.0,18.0,2025-07-02,2025-08-28,Bajo stock
inv_007602,SUC-1,PR-7913,61.0,12.0,2025-03-19,2025-08-10,Disponible
inv_007603,SUC-48,PR-8710,36.0,8.0,2025-06-16,2025-08-18,Disponible
I-007604,SUC-28,PR-8494,39.0,16.0,2025-07-06,2025-08-09,Disponible
I-007605,SUC-50,PR-8469,19.0,18.0,2025-04-25,2025-06-05,Disponible
I-007606,SUC-40,PR-9535,42.0,17.0,2025-03-10,2025-04-14,Disponible
I-007607,SUC-44,PR-2480,55.0,7.0,2025-07-03,2025-07-12,Disponible
inv_007608,SUC-25,PR-2433,42.0,11.0,2025-03-19,2025-05-25,Disponible
inv_007609,SUC-12,PR-8897,96.0,7.0,2025-03-02,2025-04-22,Disponible
I-007610,SUC-23,PR-6444,20.0,19.0,2025-03-03,2025-07-18,Disponible
I-007611,SUC-44,PR-4733,11.0,14.0,2025-04-27,2025-06-26,Bajo stock
I-007612,SUC-37,PR-1348,3.0,16.0,2025-04-03,2025-08-10,Bajo stock
I-007613,SUC-29,PR-7042,48.0,6.0,2025-07-18,2025-07-24,Disponible
I-007614,SUC-21,PR-9523,95.0,20.0,2025-03-18,2025-07-19,Disponible
inv_007615,SUC-15,PR-5667,7.0,16.0,2025-07-12,2025-07-13,Bajo stock
I-007616,SUC-33,PR-8042,96.0,8.0,2025-04-19,2025-05-04,Disponible
inv_007617,SUC-36,PR-8822,97.0,7.0,2025-05-12,2025-08-23,Disponible
I-007618,SUC-3,PR-4582,36.0,11.0,2025-03-17,2025-04-12,Disponible
inv_007619,SUC-18,PR-7756,32.0,11.0,2025-06-07,2025-07-25,Disponible
inv_007620,SUC-39,PR-7251,2.0,5.0,2025-06-29,2025-08-13,Bajo stock
I-007621,SUC-35,PR-9069,5.0,11.0,2025-05-29,2025-06-26,Bajo stock
I-007622,SUC-49,PR-382,76.0,14.0,2025-06-30,2025-07-28,Disponible
I-007623,SUC-15,PR-1346,12.0,15.0,2025-04-11,2025-05-08,Bajo stock
I-007624,SUC-5,PR-819,2.0,14.0,2025-07-11,2025-08-18,Bajo stock
inv_007625,SUC-25,PR-7561,5.0,,2025-06-27,2025-08-23,Disponible
I-007626,SUC-1,PR-6210,68.0,19.0,2025-06-30,2025-07-06,Disponible
inv_007627,SUC-19,PR-3245,68.0,10.0,2025-05-22,2025-06-14,Disponible
I-007628,SUC-41,PR-8969,37.0,9.0,2025-03-12,2025-07-05,Disponible
inv_007629,SUC-9,PR-8494,9.0,16.0,2025-07-21,2025-08-13,Bajo stock
inv_007630,SUC-38,PR-1141,31.0,12.0,2025-04-23,2026-01-01,Disponible
inv_007631,SUC-21,PR-5338,73.0,15.0,2025-03-19,2025-06-15,Disponible
I-007632,SUC-45,PR-2566,33.0,13.0,2025-03-15,2025-07-22,Disponible
I-007633,SUC-1,PR-1259,53.0,15.0,2025-05-12,2025-05-25,Disponible
I-007634,SUC-15,PR-842,60.0,6.0,2025-04-18,2025-08-05,Disponible
I-007635,SUC-9,PR-5909,95.0,12.0,2025-05-10,2025-05-19,Disponible
I-007636,SUC-29,PR-14,15.0,15.0,2025-03-12,2025-04-23,Bajo stock
inv_007637,SUC-4,PR-3098,100.0,14.0,2025-07-02,2025-08-13,Disponible
inv_007638,SUC-15,PR-2012,1.0,12.0,2025-07-01,2025-08-08,Bajo stock
I-007639,SUC-6,PR-5099,38.0,20.0,2025-05-14,2025-08-17,Disponible
I-007640,SUC-43,PR-7490,40.0,13.0,2025-05-30,2025-06-08,Disponible
I-007641,SUC-47,PR-841,3.0,5.0,2025-04-12,2025-08-14,Bajo stock
I-007642,SUC-43,PR-9850,16.0,20.0,2025-04-03,2025-05-17,Bajo stock
I-007643,SUC-21,PR-2689,30.0,5.0,2025-04-12,2025-06-30,Disponible
inv_007644,SUC-38,PR-9044,32.0,14.0,2025-07-16,2025-08-18,Disponible
I-007645,SUC-35,PR-9815,3.0,20.0,2025-05-07,2025-08-02,Bajo stock
I-007646,SUC-33,PR-6479,52.0,10.0,2025-04-10,2025-05-27,Disponible
inv_007647,SUC-13,PR-3166,18.0,18.0,2025-03-15,2025-06-17,Bajo stock
I-007648,SUC-17,PR-1827,52.0,11.0,2025-05-23,2025-07-18,Disponible
I-007649,SUC-39,PR-3280,17.0,13.0,2025-03-25,2025-05-31,Disponible
inv_007650,SUC-5,PR-3520,57.0,,2025-05-20,2025-06-06,Disponible
I-007651,SUC-22,PR-7686,93.0,15.0,2025-04-10,2025-07-09,Disponible
I-007652,SUC-19,PR-6896,55.0,19.0,2025-03-09,2025-05-08,Disponible
I-007653,SUC-31,PR-2081,95.0,11.0,2025-06-28,2025-07-25,Disponible
inv_007654,SUC-10,PR-2873,61.0,6.0,2025-04-20,2025-05-13,Disponible
I-007655,SUC-12,PR-5757,81.0,17.0,2025-07-23,2025-08-28,Disponible
I-007656,SUC-19,PR-8330,55.0,8.0,2025-05-12,2025-07-09,Disponible
I-007657,SUC-17,PR-8135,92.0,9.0,2025-05-05,2025-07-09,Disponible
inv_007658,SUC-48,PR-5666,67.0,13.0,2025-04-16,2025-04-18,Disponible
I-007659,SUC-7,PR-7322,28.0,14.0,2025-06-12,2025-07-05,Disponible
I-007660,SUC-28,PR-4182,65.0,12.0,2025-03-08,2025-06-02,Agotado
I-007661,SUC-46,PR-125,95.0,18.0,2025-07-05,2025-07-15,Disponible
inv_007662,SUC-44,PR-6274,80.0,9.0,2025-05-17,2025-07-20,Disponible
I-007663,SUC-19,PR-564,37.0,9.0,2025-04-24,2025-08-17,Disponible
inv_007664,SUC-22,PR-6741,57.0,19.0,2025-07-14,2025-08-16,Disponible
inv_007665,SUC-24,PR-5044,95.0,5.0,2025-05-15,2026-01-01,Disponible
I-007666,SUC-33,PR-1941,41.0,16.0,2025-03-13,2025-06-06,Disponible
I-007667,SUC-1,PR-9932,56.0,16.0,2025-07-17,2025-08-09,Disponible
I-007668,SUC-47,PR-9334,13.0,18.0,2025-05-23,2025-08-28,Bajo stock
I-007669,SUC-33,PR-8450,48.0,6.0,2025-07-13,2025-08-18,Disponible
I-007670,SUC-37,PR-6439,20.0,13.0,2025-06-02,2025-06-28,Disponible
I-007671,SUC-34,PR-4852,2.0,9.0,2025-05-30,2025-06-21,Bajo stock
inv_007672,SUC-37,PR-797,22.0,16.0,2025-04-16,2025-06-15,Disponible
I-007673,SUC-15,PR-9747,59.0,17.0,2025-07-04,2025-07-28,Disponible
inv_007674,SUC-18,PR-783,83.0,11.0,2025-03-15,2025-07-02,Disponible
I-007675,SUC-8,PR-2486,30.0,,2025-06-07,2025-07-11,Disponible
I-007676,SUC-37,PR-5522,81.0,11.0,2025-07-19,2025-08-15,Disponible
inv_007677,SUC-1,PR-2770,91.0,16.0,2025-05-13,2025-06-27,Disponible
I-007678,SUC-36,PR-4369,19.0,11.0,2025-03-26,2025-08-24,Disponible
inv_007679,SUC-10,PR-32,78.0,9.0,2025-03-14,2025-04-24,Disponible
inv_007680,SUC-47,,-4.0,11.0,2025-07-25,2025-08-18,Bajo stock
inv_007681,SUC-8,PR-3104,74.0,19.0,2025-03-31,2025-04-10,Disponible
I-007682,SUC-50,PR-7554,78.0,9.0,2025-04-19,2025-08-23,Disponible
inv_007683,SUC-30,PR-298,34.0,16.0,2025-06-29,2025-07-07,Disponible
inv_007684,SUC-32,PR-7505,17.0,5.0,2025-05-11,2025-05-12,Disponible
I-007685,SUC-38,PR-5815,77.0,16.0,2025-06-13,2025-07-18,Disponible
I-007686,SUC-31,PR-2809,23.0,20.0,2025-03-29,2025-06-01,Disponible
inv_007687,SUC-37,PR-9200,18.0,14.0,2025-06-14,2025-07-31,Disponible
I-007688,SUC-5,PR-9768,47.0,16.0,2025-04-03,2025-06-04,Disponible
I-007689,SUC-32,PR-7431,30.0,20.0,2025-06-03,2025-06-09,Disponible
inv_007690,SUC-19,PR-5620,14.0,12.0,2025-03-08,2025-07-02,Disponible
I-007691,SUC-32,PR-5613,82.0,9.0,2025-05-29,2025-06-25,Disponible
inv_007692,SUC-11,PR-8385,95.0,9.0,2025-06-23,2025-07-30,Disponible
I-007693,SUC-25,PR-4566,20.0,17.0,2025-05-05,2025-05-09,Disponible
I-007694,SUC-49,PR-3828,20.0,11.0,2025-03-11,2025-07-01,Disponible
I-007695,SUC-41,PR-1244,7.0,6.0,2025-05-29,2025-08-13,Disponible
I-007696,SUC-26,PR-6042,24.0,12.0,2025-03-25,2025-07-12,Disponible
I-007697,SUC-16,PR-1697,42.0,15.0,2025-06-13,2025-07-27,Disponible
I-007698,SUC-26,PR-4979,66.0,19.0,2025-04-13,2025-08-13,Disponible
I-007699,SUC-48,PR-9030,14.0,9.0,2025-07-27,2025-08-21,Disponible
,SUC-19,PR-265,52.0,,2025-04-09,2025-05-24,Disponible
I-007701,SUC-16,PR-2591,11.0,5.0,2025-03-05,2025-06-27,Disponible
I-007702,SUC-38,PR-6425,69.0,19.0,2025-04-28,2025-06-12,Disponible
I-007703,SUC-32,PR-8877,97.0,18.0,2025-06-25,2025-07-06,Disponible
I-007704,SUC-11,PR-5937,33.0,9.0,2025-03-14,2025-07-18,Disponible
I-007705,SUC-46,PR-7910,47.0,12.0,2025-05-26,2025-06-30,Disponible
I-007706,SUC-7,PR-6259,12.0,18.0,2025-03-06,2025-03-23,Bajo stock
inv_007707,SUC-37,PR-9123,69.0,12.0,2025-05-21,2025-07-02,Disponible
I-007708,SUC-41,PR-8217,4.0,18.0,2025-05-02,2025-05-06,Bajo stock
I-007709,SUC-41,PR-7705,83.0,11.0,2025-05-01,2025-07-27,Disponible
inv_007710,SUC-37,PR-8309,98.0,13.0,2025-05-21,2025-05-25,Disponible
I-007711,SUC-21,PR-6719,45.0,16.0,2025-06-12,2025-08-18,Disponible
I-007712,SUC-46,PR-3001,12.0,19.0,2025-05-18,2025-07-30,Bajo stock
inv_007713,SUC-5,PR-5242,94.0,12.0,2025-06-24,2025-07-27,Disponible
I-007714,SUC-39,PR-4182,55.0,6.0,2025-07-20,2025-08-24,Disponible
inv_007715,SUC-4,PR-5035,9.0,7.0,2025-07-19,2025-08-08,Disponible
I-007716,SUC-30,PR-5637,97.0,5.0,2025-04-08,2025-08-10,Disponible
I-007717,SUC-22,PR-9505,63.0,18.0,2025-04-07,2025-05-28,Disponible
I-007718,SUC-8,PR-4100,90.0,12.0,2025-07-04,2025-07-15,Disponible
I-007719,SUC-17,PR-9609,95.0,6.0,2025-03-08,2025-05-08,Disponible
inv_007720,SUC-24,,42.0,10.0,2025-03-07,2025-04-20,Bajo stock
inv_007721,SUC-8,PR-64,10.0,11.0,2025-05-21,2025-08-07,Bajo stock
I-007722,SUC-44,PR-6641,81.0,9.0,2025-03-06,2025-06-06,Disponible
I-007723,SUC-29,PR-4986,72.0,12.0,2025-03-27,2025-06-05,Disponible
inv_007724,SUC-24,PR-363,5.0,8.0,2025-07-04,2025-07-29,Bajo stock
I-007725,SUC-43,PR-9693,64.0,74.0,2025-05-13,2025-05-30,Bajo stock
I-007726,SUC-43,PR-5868,31.0,9.0,2025-06-27,2025-08-04,Disponible
inv_007727,SUC-9,PR-5112,94.0,11.0,2025-07-18,2025-07-20,Disponible
I-007728,SUC-19,PR-3322,95.0,9.0,2025-05-26,2025-07-07,Disponible
I-007729,SUC-2,PR-2798,48.0,11.0,2025-07-18,2025-08-24,Disponible
I-007730,SUC-46,PR-9231,22.0,5.0,2025-05-18,2025-07-13,Disponible
I-007731,SUC-34,PR-6104,68.0,6.0,2025-04-17,2025-07-28,Disponible
inv_007732,SUC-30,PR-7161,15.0,11.0,2025-03-07,2025-05-26,Disponible
I-007733,SUC-38,PR-7596,33.0,14.0,2025-07-02,2025-08-27,Disponible
I-007734,SUC-31,PR-7821,63.0,8.0,2025-05-25,2025-08-20,Disponible
inv_007735,SUC-39,PR-3990,79.0,16.0,2025-03-13,,Disponible
inv_007736,SUC-27,PR-6290,11.0,8.0,2025-04-10,2025-05-25,Disponible
I-007737,SUC-23,PR-8394,35.0,20.0,2025-05-19,2025-08-08,Disponible
I-007738,SUC-24,PR-9897,65.0,14.0,2025-03-19,2025-05-15,Disponible
I-007739,SUC-33,PR-6055,54.0,14.0,2025-06-21,2025-07-17,Disponible
I-007740,SUC-34,PR-1849,-18.0,15.0,2025-05-09,2025-08-03,Bajo stock
I-007741,SUC-12,PR-3732,8.0,9.0,2025-04-19,2025-05-07,Bajo stock
I-007742,SUC-28,PR-9651,90.0,6.0,2025-03-07,2025-03-12,Disponible
inv_007743,SUC-2,PR-7149,81.0,11.0,2025-04-05,2025-06-13,Disponible
inv_007744,SUC-16,PR-4096,99.0,8.0,2025-07-09,2025-08-22,Disponible
I-007745,SUC-2,PR-5668,68.0,7.0,2025-07-20,2025-07-29,Disponible
I-007746,SUC-50,PR-2199,18.0,10.0,2025-06-08,2025-07-30,Disponible
inv_007747,SUC-27,PR-5268,35.0,11.0,2025-03-13,2025-06-30,Disponible
I-007748,SUC-1,PR-8875,91.0,16.0,2025-04-28,2025-07-29,Disponible
I-007749,SUC-28,PR-229,41.0,9.0,2025-06-16,2025-08-04,Disponible
,SUC-6,PR-1006,14.0,9.0,2025-04-30,2025-05-08,Disponible
inv_007751,SUC-22,PR-125,85.0,13.0,2025-06-05,2025-08-13,Disponible
inv_007752,SUC-21,PR-8237,12.0,8.0,2025-04-17,2025-05-14,Disponible
I-007753,SUC-34,PR-2164,74.0,13.0,2025-07-08,2025-08-15,Disponible
inv_007754,SUC-26,PR-1278,7.0,17.0,2025-05-07,2025-08-04,Bajo stock
I-007755,SUC-41,PR-3345,20.0,9.0,2025-04-28,2025-06-29,Disponible
I-007756,SUC-20,PR-668,17.0,16.0,2025-05-27,2025-08-19,Disponible
inv_007757,SUC-30,PR-7842,56.0,13.0,2025-06-06,2025-07-01,Disponible
I-007758,SUC-45,PR-1208,37.0,13.0,2025-04-28,2025-06-28,Disponible
inv_007759,SUC-3,PR-2387,50.0,20.0,2025-06-22,2025-07-02,Disponible
inv_007760,SUC-40,,35.0,6.0,2025-03-12,2025-07-16,Desconocido
I-007761,SUC-7,PR-8614,81.0,8.0,2025-04-08,2025-08-20,Disponible
I-007762,SUC-7,PR-6682,92.0,15.0,2025-03-19,2025-07-30,Disponible
I-007763,SUC-21,PR-3751,78.0,13.0,2025-04-02,2025-07-01,Disponible
I-007764,SUC-41,PR-5516,90.0,19.0,2025-06-14,2025-06-26,Disponible
inv_007765,SUC-39,PR-357,28.0,19.0,2025-03-09,2025-06-02,Disponible
I-007766,SUC-22,PR-5323,79.0,18.0,2025-05-29,2025-08-10,Disponible
I-007767,SUC-17,PR-2841,64.0,10.0,2025-06-17,2025-07-23,Disponible
I-007768,SUC-32,PR-262,3.0,20.0,2025-05-08,2025-07-24,Bajo stock
I-007769,SUC-2,PR-2468,0.0,15.0,2025-06-11,2025-06-26,Agotado
inv_007770,SUC-45,PR-4973,,5.0,2025-05-24,2025-06-19,Disponible
I-007771,SUC-1,PR-5791,53.0,14.0,2025-07-15,2025-08-17,Disponible
I-007772,SUC-25,PR-6589,88.0,17.0,2025-07-07,2025-08-20,Disponible
inv_007773,SUC-13,PR-2124,31.0,7.0,2025-07-03,2025-08-28,Disponible
I-007774,SUC-44,PR-1042,93.0,9.0,2025-05-09,2025-06-01,Disponible
I-007775,SUC-20,PR-3398,23.0,,2025-07-20,2025-08-24,Disponible
I-007776,SUC-18,PR-3964,24.0,5.0,2025-04-07,2025-04-17,Disponible
I-007777,SUC-46,PR-6098,18.0,19.0,2025-07-16,2025-08-10,Bajo stock
I-007778,SUC-12,PR-3726,54.0,17.0,2025-05-07,2025-05-31,Disponible
I-007779,SUC-7,PR-4926,57.0,6.0,2025-03-21,2025-07-23,Disponible
I-007780,SUC-12,PR-6061,7.0,16.0,2025-06-06,2025-06-15,Bajo stock
I-007781,SUC-29,PR-2276,13.0,15.0,2025-05-16,2025-05-16,Bajo stock
I-007782,SUC-1,PR-9049,72.0,12.0,2025-05-05,2025-07-05,Disponible
inv_007783,SUC-25,PR-7940,10.0,5.0,2025-03-29,2025-07-24,Disponible
I-007784,SUC-31,PR-7445,7.0,19.0,2025-06-26,2025-08-08,Bajo stock
inv_007785,SUC-38,PR-1892,83.0,20.0,2025-06-14,2025-07-03,Disponible
I-007786,SUC-24,PR-9560,19.0,15.0,2025-03-30,2025-08-04,Disponible
I-007787,SUC-3,PR-7661,81.0,8.0,2025-05-08,2025-08-14,Disponible
I-007788,SUC-6,PR-8190,50.0,12.0,2025-06-26,2025-07-19,Disponible
I-007789,SUC-30,PR-332,2.0,17.0,2025-05-23,2025-08-04,Bajo stock
I-007790,SUC-31,PR-588,79.0,6.0,2025-06-04,2025-08-20,Disponible
I-007791,SUC-15,PR-7783,62.0,10.0,2025-06-13,2025-08-19,Disponible
inv_007792,SUC-12,PR-4643,89.0,11.0,2025-04-30,2025-06-30,Disponible
I-007793,SUC-3,PR-6135,80.0,10.0,2025-07-13,2025-08-25,Disponible
I-007794,SUC-16,PR-5576,25.0,5.0,2025-04-27,2025-08-09,Disponible
inv_007795,SUC-26,PR-8957,30.0,5.0,2025-06-08,2025-07-26,Disponible
I-007796,SUC-37,PR-787,85.0,18.0,2025-06-04,2025-08-27,Disponible
I-007797,SUC-50,PR-6530,73.0,5.0,2025-04-18,2025-06-17,Disponible
inv_007798,SUC-10,PR-6958,23.0,10.0,2025-06-11,2025-07-15,Disponible
I-007799,SUC-38,PR-6851,82.0,10.0,2025-07-08,2025-08-23,Disponible
I-007800,SUC-10,PR-3974,-13.0,,2025-03-04,2025-08-22,Disponible
I-007801,SUC-2,PR-100,81.0,5.0,2025-07-18,2025-07-26,Disponible
I-007802,SUC-13,PR-7088,99.0,5.0,2025-03-06,2025-05-12,Disponible
I-007803,SUC-24,PR-2891,40.0,20.0,2025-04-03,2025-05-04,Disponible
I-007804,SUC-36,PR-1451,94.0,8.0,2025-04-07,2025-05-16,Disponible
inv_007805,SUC-2,PR-8317,23.0,10.0,2025-06-19,2025-08-06,Disponible
I-007806,SUC-26,PR-5530,83.0,7.0,2025-06-30,2025-08-08,Disponible
I-007807,SUC-16,PR-1503,57.0,20.0,2025-03-04,2025-07-08,Disponible
I-007808,SUC-12,PR-2285,52.0,18.0,2025-05-29,2025-08-16,Disponible
I-007809,SUC-34,PR-6561,88.0,15.0,2025-07-02,2025-07-23,Disponible
inv_007810,SUC-6,PR-3405,6.0,10.0,2025-04-06,2025-05-18,Bajo stock
I-007811,SUC-11,PR-2881,37.0,12.0,2025-03-15,2025-06-23,Disponible
I-007812,SUC-46,PR-1629,38.0,11.0,2025-04-20,2025-07-31,Disponible
inv_007813,SUC-47,PR-4672,58.0,17.0,2025-04-20,2025-06-05,Disponible
I-007814,SUC-11,PR-5143,95.0,17.0,2025-04-04,2025-07-19,Disponible
I-007815,SUC-15,PR-969,38.0,11.0,2025-07-23,2025-08-13,Disponible
inv_007816,SUC-33,PR-927,21.0,5.0,2025-06-05,2025-07-10,Disponible
I-007817,SUC-22,PR-6821,23.0,12.0,2025-05-11,2025-06-18,Disponible
I-007818,SUC-24,PR-9873,0.0,8.0,2025-07-23,2025-08-06,Agotado
I-007819,SUC-33,PR-5411,75.0,8.0,2025-05-13,2025-06-01,Disponible
I-007820,SUC-2,PR-1826,50.0,5.0,2025-05-08,2025-07-10,Disponible
I-007821,SUC-48,PR-5037,53.0,5.0,2025-06-23,2025-07-29,Disponible
I-007822,SUC-45,PR-2224,51.0,10.0,2025-03-03,2025-08-09,Disponible
inv_007823,SUC-41,PR-5370,45.0,5.0,2025-06-11,2025-08-13,Disponible
I-007824,SUC-35,PR-3598,47.0,8.0,2025-06-12,2025-06-16,Disponible
inv_007825,SUC-48,PR-1971,95.0,,2025-03-09,2025-07-30,Disponible
inv_007826,SUC-26,PR-8091,57.0,11.0,2025-05-15,2025-06-07,Disponible
inv_007827,SUC-31,PR-8427,8.0,17.0,2025-03-30,2025-05-20,Bajo stock
inv_007828,SUC-1,PR-9881,65.0,7.0,2025-03-24,2025-08-02,Disponible
I-007829,SUC-50,PR-6207,45.0,10.0,2025-07-25,2025-08-22,Disponible
I-007830,SUC-40,PR-2466,,5.0,2025-04-06,2025-04-27,Disponible
inv_007831,SUC-44,PR-8238,39.0,19.0,2025-04-27,2025-05-04,Disponible
I-007832,SUC-33,PR-3319,83.0,18.0,2025-03-02,2025-05-18,Disponible
I-007833,SUC-45,PR-7782,42.0,13.0,2025-03-15,2025-06-30,Disponible
inv_007834,SUC-5,PR-3740,96.0,13.0,2025-03-22,2025-07-07,Disponible
I-007835,SUC-42,PR-6588,75.0,10.0,2025-05-11,2025-06-19,Disponible
inv_007836,SUC-44,PR-9280,76.0,9.0,2025-04-03,2025-06-13,Disponible
I-007837,SUC-44,PR-2064,97.0,11.0,2025-06-21,2025-07-05,Disponible
I-007838,SUC-15,PR-3270,77.0,7.0,2025-05-20,2025-07-11,Disponible
I-007839,SUC-42,PR-4525,69.0,15.0,2025-06-22,2025-08-11,Disponible
I-007840,SUC-16,PR-5691,78.0,18.0,2025-07-28,2025-08-13,Desconocido
I-007841,SUC-8,PR-7615,12.0,17.0,2025-05-21,2025-07-03,Bajo stock
I-007842,SUC-28,PR-4031,35.0,11.0,2025-07-02,2025-08-12,Disponible
I-007843,SUC-13,PR-6321,23.0,7.0,2025-06-02,2025-07-27,Disponible
I-007844,SUC-9,PR-1689,73.0,16.0,2025-07-05,2025-08-05,Disponible
I-007845,SUC-14,PR-4431,81.0,10.0,2025-03-16,2025-03-17,Disponible
I-007846,SUC-17,PR-8293,33.0,5.0,2025-03-27,2025-07-21,Disponible
inv_007847,SUC-39,PR-4110,94.0,17.0,2025-07-27,2025-08-06,Disponible
inv_007848,SUC-32,PR-1844,84.0,11.0,2025-06-03,2025-08-02,Disponible
inv_007849,SUC-22,PR-8667,40.0,11.0,2025-06-08,2025-06-12,Disponible
I-007850,SUC-16,PR-8137,55.0,65.0,2025-06-02,2025-06-17,Bajo stock
I-007851,SUC-11,PR-3582,15.0,18.0,2025-04-08,2025-05-22,Bajo stock
I-007852,SUC-32,PR-7661,20.0,12.0,2025-03-14,2025-06-08,Disponible
I-007853,SUC-43,PR-5862,83.0,17.0,2025-06-24,2025-07-05,Disponible
I-007854,SUC-4,PR-9667,76.0,18.0,2025-07-27,2025-08-23,Disponible
I-007855,SUC-10,PR-8581,11.0,11.0,2025-05-13,2025-05-22,Bajo stock
I-007856,SUC-24,PR-1687,65.0,5.0,2025-03-24,2025-07-20,Disponible
inv_007857,SUC-20,PR-3926,59.0,16.0,2025-04-19,2025-08-03,Disponible
I-007858,SUC-12,PR-4474,11.0,8.0,2025-04-16,2025-06-13,Disponible
I-007859,SUC-47,PR-700,72.0,19.0,2025-07-05,2025-07-30,Disponible
inv_007860,SUC-39,PR-5018,-4.0,13.0,2025-07-02,2025-07-04,Bajo stock
inv_007861,SUC-37,PR-117,82.0,20.0,2025-03-10,2025-04-26,Disponible
I-007862,SUC-45,PR-8242,70.0,8.0,2025-05-16,2025-07-04,Disponible
I-007863,SUC-34,PR-3463,23.0,12.0,2025-05-19,2025-07-25,Disponible
inv_007864,SUC-3,PR-7722,56.0,6.0,2025-03-05,2025-05-31,Disponible
I-007865,SUC-22,PR-4460,26.0,14.0,2025-03-05,2025-04-23,Disponible
inv_007866,SUC-36,PR-9774,18.0,6.0,2025-05-26,2025-07-07,Disponible
inv_007867,SUC-11,PR-3588,67.0,16.0,2025-03-16,2025-03-18,Disponible
inv_007868,SUC-27,PR-3618,51.0,12.0,2025-07-01,2025-07-07,Disponible
inv_007869,SUC-23,PR-834,39.0,8.0,2025-07-21,2025-08-08,Disponible
inv_007870,SUC-44,PR-4160,40.0,11.0,2025-04-10,2025-08-11,Disponible
I-007871,SUC-8,PR-8364,55.0,16.0,2025-03-04,2025-06-12,Disponible
I-007872,SUC-33,PR-7991,16.0,17.0,2025-03-17,2025-08-17,Bajo stock
inv_007873,SUC-8,PR-1924,66.0,16.0,2025-03-20,2025-04-27,Disponible
inv_007874,SUC-50,PR-5304,38.0,18.0,2025-07-04,2025-08-01,Disponible
inv_007875,SUC-42,PR-5703,12.0,,2025-04-04,,Disponible
I-007876,SUC-10,PR-6345,63.0,18.0,2025-05-14,2025-07-25,Disponible
inv_007877,SUC-14,PR-5731,77.0,20.0,2025-04-17,2025-08-27,Disponible
inv_007878,SUC-50,PR-4904,51.0,6.0,2025-03-15,2025-08-24,Disponible
I-007879,SUC-4,PR-5262,87.0,12.0,2025-07-27,2025-08-19,Disponible
I-007880,SUC-45,,91.0,7.0,2025-04-17,2025-06-12,Desconocido
I-007881,SUC-36,PR-1475,71.0,8.0,2025-06-23,2025-08-04,Disponible
I-007882,SUC-45,PR-1323,21.0,13.0,2025-03-14,2025-06-09,Disponible
I-007883,SUC-6,PR-9865,57.0,10.0,2025-03-25,2025-04-12,Disponible
I-007884,SUC-9,PR-5405,11.0,5.0,2025-06-15,2025-08-07,Disponible
inv_007885,SUC-26,PR-2144,74.0,13.0,2025-06-30,2025-07-15,Disponible
I-007886,SUC-30,PR-9056,24.0,16.0,2025-03-16,2025-04-30,Disponible
inv_007887,SUC-6,PR-6135,47.0,9.0,2025-05-14,2025-05-17,Disponible
I-007888,SUC-19,PR-8782,57.0,20.0,2025-05-15,2025-08-03,Disponible
I-007889,SUC-1,PR-9999,96.0,13.0,2025-04-12,2025-06-20,Disponible
I-007890,SUC-19,PR-5641,5.0,8.0,2025-06-22,2025-08-14,Bajo stock
I-007891,SUC-36,PR-1762,34.0,17.0,2025-04-18,2025-05-10,Disponible
inv_007892,SUC-46,PR-7306,71.0,14.0,2025-06-28,2025-08-25,Disponible
inv_007893,SUC-5,PR-6953,89.0,6.0,2025-07-04,2025-07-19,Disponible
I-007894,SUC-42,PR-3693,90.0,14.0,2025-07-16,2025-08-15,Disponible
inv_007895,SUC-17,PR-7990,68.0,8.0,2025-06-06,2025-07-18,Disponible
I-007896,SUC-43,PR-6287,89.0,17.0,2025-04-20,2025-07-10,Disponible
inv_007897,SUC-12,PR-2828,66.0,16.0,2025-07-10,2025-07-29,Disponible
I-007898,SUC-40,PR-7101,50.0,15.0,2025-05-21,2025-07-30,Disponible
inv_007899,SUC-8,PR-4843,16.0,19.0,2025-04-11,2025-06-01,Bajo stock
inv_007900,SUC-31,PR-6109,41.0,,2025-04-26,2025-08-10,Agotado
I-007901,SUC-41,PR-6827,88.0,16.0,2025-04-26,2025-06-29,Disponible
inv_007902,SUC-19,PR-396,8.0,7.0,2025-05-21,2025-08-14,Disponible
I-007903,SUC-17,PR-9927,59.0,7.0,2025-04-25,2025-08-10,Disponible
inv_007904,SUC-14,PR-7997,17.0,10.0,2025-07-20,2025-08-22,Disponible
inv_007905,SUC-8,PR-3923,66.0,14.0,2025-03-07,2025-07-08,Disponible
inv_007906,SUC-3,PR-9470,18.0,13.0,2025-07-23,2025-08-27,Disponible
I-007907,SUC-38,PR-3533,90.0,12.0,2025-06-19,2025-08-05,Disponible
I-007908,SUC-45,PR-6041,30.0,10.0,2025-03-28,2025-08-15,Disponible
inv_007909,SUC-16,PR-9679,28.0,6.0,2025-03-20,2025-03-23,Disponible
I-007910,SUC-11,PR-8970,60.0,11.0,2025-05-20,,Disponible
I-007911,SUC-26,PR-6149,46.0,7.0,2025-03-07,2025-03-21,Disponible
I-007912,SUC-33,PR-1031,86.0,17.0,2025-04-11,2025-05-20,Disponible
inv_007913,SUC-14,PR-603,99.0,13.0,2025-07-03,2025-07-03,Disponible
inv_007914,SUC-46,PR-2025,35.0,8.0,2025-03-09,2025-08-03,Disponible
I-007915,SUC-37,PR-2129,45.0,6.0,2025-05-30,2025-07-09,Disponible
I-007916,SUC-20,PR-1491,86.0,18.0,2025-06-21,2025-07-10,Disponible
I-007917,SUC-15,PR-2883,83.0,8.0,2025-04-13,2025-05-04,Disponible
inv_007918,SUC-34,PR-5151,31.0,5.0,2025-06-23,2025-07-04,Disponible
inv_007919,SUC-44,PR-5468,35.0,6.0,2025-06-28,2025-08-19,Disponible
I-007920,SUC-21,PR-9748,,13.0,2025-07-17,2025-07-25,Agotado
I-007921,SUC-46,PR-7292,47.0,9.0,2025-05-14,2025-07-01,Disponible
I-007922,SUC-1,PR-999,89.0,14.0,2025-05-26,2025-06-09,Disponible
I-007923,SUC-45,PR-4081,94.0,19.0,2025-05-07,2025-05-22,Disponible
I-007924,SUC-10,PR-1594,69.0,13.0,2025-07-27,2025-08-17,Disponible
I-007925,SUC-43,PR-6578,64.0,74.0,2025-03-03,2025-05-18,Bajo stock
I-007926,SUC-4,PR-3602,43.0,16.0,2025-04-06,2025-06-10,Disponible
I-007927,SUC-32,PR-227,99.0,19.0,2025-04-10,2025-08-04,Disponible
inv_007928,SUC-18,PR-8800,56.0,18.0,2025-07-06,2025-07-28,Disponible
I-007929,SUC-35,PR-3183,69.0,15.0,2025-06-23,2025-07-27,Disponible
inv_007930,SUC-49,PR-6089,78.0,15.0,2025-07-12,2025-07-18,Disponible
I-007931,SUC-33,PR-3275,67.0,18.0,2025-03-21,2025-06-19,Disponible
I-007932,SUC-43,PR-4264,26.0,7.0,2025-06-18,2025-06-25,Disponible
I-007933,SUC-19,PR-192,99.0,18.0,2025-05-10,2025-08-10,Disponible
inv_007934,SUC-48,PR-5022,89.0,10.0,2025-05-27,2025-08-24,Disponible
I-007935,SUC-28,PR-1318,22.0,14.0,2025-03-14,2025-06-10,Disponible
I-007936,SUC-41,PR-383,42.0,17.0,2025-07-12,2025-08-05,Disponible
I-007937,SUC-31,PR-1283,32.0,7.0,2025-07-25,2025-07-26,Disponible
inv_007938,SUC-31,PR-7843,43.0,18.0,2025-05-28,2025-08-10,Disponible
I-007939,SUC-33,PR-730,89.0,14.0,2025-03-08,2025-08-23,Disponible
I-007940,SUC-10,PR-4792,32.0,20.0,2025-06-25,2025-08-23,Agotado
inv_007941,SUC-20,PR-3811,11.0,8.0,2025-05-18,2025-08-01,Disponible
I-007942,SUC-7,PR-6603,55.0,19.0,2025-04-20,2025-05-20,Disponible
I-007943,SUC-3,PR-178,67.0,16.0,2025-05-08,2025-05-12,Disponible
I-007944,SUC-36,PR-3135,23.0,11.0,2025-04-10,2025-08-25,Disponible
inv_007945,SUC-11,PR-5342,37.0,15.0,2025-06-04,,Disponible
inv_007946,SUC-36,PR-7990,70.0,8.0,2025-05-12,2025-06-09,Disponible
inv_007947,SUC-32,PR-4737,84.0,7.0,2025-07-09,2025-07-09,Disponible
I-007948,SUC-40,PR-6378,98.0,18.0,2025-03-20,2025-05-30,Disponible
I-007949,SUC-25,PR-299,93.0,18.0,2025-04-04,2025-07-13,Disponible
inv_007950,SUC-30,PR-1804,-20.0,18.0,2025-03-15,2025-08-27,Bajo stock
I-007951,SUC-40,PR-3662,86.0,20.0,2025-07-13,2025-07-26,Disponible
I-007952,SUC-20,PR-3582,45.0,6.0,2025-05-19,2025-08-22,Disponible
inv_007953,SUC-37,PR-1504,27.0,13.0,2025-05-08,2025-08-07,Disponible
I-007954,SUC-31,PR-7582,27.0,17.0,2025-04-24,2025-07-20,Disponible
I-007955,SUC-31,PR-9098,25.0,6.0,2025-05-13,2025-05-29,Disponible
I-007956,SUC-36,PR-9835,43.0,12.0,2025-06-11,2025-07-06,Disponible
inv_007957,SUC-43,PR-9968,99.0,9.0,2025-05-24,2025-07-01,Disponible
I-007958,SUC-37,PR-4725,13.0,9.0,2025-04-02,2025-04-17,Disponible
I-007959,SUC-42,PR-3121,7.0,11.0,2025-07-05,2025-08-27,Bajo stock
I-007960,SUC-29,PR-4871,27.0,18.0,2025-04-25,2025-07-14,Agotado
inv_007961,SUC-43,PR-5773,52.0,13.0,2025-04-25,2025-07-13,Disponible
I-007962,SUC-42,PR-7576,83.0,8.0,2025-05-13,2025-08-11,Disponible
I-007963,SUC-44,PR-9840,20.0,18.0,2025-03-13,2025-05-25,Disponible
inv_007964,SUC-44,PR-9508,75.0,6.0,2025-04-13,2025-05-14,Disponible
inv_007965,SUC-26,PR-6123,31.0,5.0,2025-05-06,2025-05-21,Disponible
inv_007966,SUC-30,PR-4316,20.0,15.0,2025-06-06,2025-08-25,Disponible
I-007967,SUC-24,PR-6817,23.0,19.0,2025-05-14,2025-07-02,Disponible
I-007968,SUC-42,PR-6252,38.0,9.0,2025-05-02,2025-05-03,Disponible
inv_007969,SUC-19,PR-8501,60.0,19.0,2025-03-30,2025-04-23,Disponible
I-007970,SUC-38,PR-1889,18.0,9.0,2025-03-07,2025-05-06,Disponible
inv_007971,SUC-21,PR-9236,81.0,14.0,2025-07-19,2025-07-21,Disponible
inv_007972,SUC-4,PR-6151,7.0,14.0,2025-04-17,2025-06-25,Bajo stock
I-007973,SUC-22,PR-8981,91.0,12.0,2025-04-23,2025-07-15,Disponible
I-007974,SUC-28,PR-3898,92.0,8.0,2025-05-24,2025-05-31,Disponible
I-007975,SUC-10,PR-6310,98.0,108.0,2025-07-17,2025-07-27,Bajo stock
inv_007976,SUC-29,PR-3667,3.0,14.0,2025-03-09,2025-07-01,Bajo stock
I-007977,SUC-50,PR-2425,85.0,8.0,2025-05-30,2025-08-23,Disponible
inv_007978,SUC-22,PR-2956,52.0,17.0,2025-05-27,2025-08-16,Disponible
inv_007979,SUC-23,PR-7699,2.0,16.0,2025-04-22,2025-06-02,Bajo stock
I-007980,SUC-46,PR-3473,20.0,11.0,2025-07-01,2026-01-01,Desconocido
I-007981,SUC-20,PR-9596,77.0,6.0,2025-04-08,2025-06-16,Disponible
inv_007982,SUC-45,PR-6761,92.0,7.0,2025-03-29,2025-08-01,Disponible
I-007983,SUC-26,PR-5657,24.0,11.0,2025-04-26,2025-05-26,Disponible
I-007984,SUC-34,PR-3841,82.0,10.0,2025-05-16,2025-06-02,Disponible
inv_007985,SUC-11,PR-2772,20.0,11.0,2025-03-16,2025-08-14,Disponible
inv_007986,SUC-8,PR-5752,15.0,15.0,2025-04-10,2025-07-14,Bajo stock
inv_007987,SUC-15,PR-3896,50.0,19.0,2025-06-25,2025-08-25,Disponible
I-007988,SUC-14,PR-3957,57.0,10.0,2025-03-17,2025-06-04,Disponible
I-007989,SUC-20,PR-6975,53.0,5.0,2025-04-27,2025-06-30,Disponible
I-007990,SUC-41,PR-8102,94.0,8.0,2025-07-25,2025-07-30,Disponible
I-007991,SUC-5,PR-3344,92.0,13.0,2025-05-31,2025-08-04,Disponible
I-007992,SUC-42,PR-2944,97.0,6.0,2025-03-29,2025-07-04,Disponible
I-007993,SUC-24,PR-2706,30.0,7.0,2025-04-27,2025-05-28,Disponible
inv_007994,SUC-15,PR-8039,93.0,18.0,2025-06-23,2025-06-23,Disponible
inv_007995,SUC-15,PR-5018,41.0,20.0,2025-06-20,2025-08-24,Disponible
I-007996,SUC-31,PR-5270,27.0,15.0,2025-07-08,2025-07-31,Disponible
I-007997,SUC-7,PR-3978,3.0,20.0,2025-03-17,2025-07-24,Bajo stock
I-007998,SUC-2,PR-110,65.0,19.0,2025-06-21,2025-07-23,Disponible
inv_007999,SUC-21,PR-2557,25.0,6.0,2025-06-06,2025-07-23,Disponible
,SUC-15,,71.0,,2025-05-24,2025-07-14,Desconocido
inv_008001,SUC-7,PR-552,47.0,6.0,2025-03-17,2025-07-01,Disponible
inv_008002,SUC-19,PR-9293,26.0,18.0,2025-06-02,2025-07-08,Disponible
I-008003,SUC-23,PR-1729,75.0,9.0,2025-07-19,2025-08-19,Disponible
I-008004,SUC-36,PR-9832,84.0,9.0,2025-05-22,2025-05-28,Disponible
inv_008005,SUC-11,PR-308,93.0,13.0,2025-03-14,2025-04-30,Disponible
I-008006,SUC-44,PR-2383,15.0,6.0,2025-06-02,2025-08-02,Disponible
I-008007,SUC-26,PR-3715,63.0,5.0,2025-07-12,2025-07-12,Disponible
inv_008008,SUC-30,PR-9473,68.0,18.0,2025-07-23,2025-07-30,Disponible
I-008009,SUC-14,PR-1418,45.0,7.0,2025-03-20,2025-06-11,Disponible
I-008010,SUC-14,PR-8500,-12.0,5.0,2025-05-23,2025-07-22,Bajo stock
inv_008011,SUC-47,PR-5572,8.0,9.0,2025-06-17,2025-08-03,Bajo stock
I-008012,SUC-15,PR-7555,24.0,17.0,2025-06-20,2025-06-28,Disponible
inv_008013,SUC-48,PR-1249,62.0,18.0,2025-04-28,2025-05-14,Disponible
I-008014,SUC-39,PR-7110,73.0,14.0,2025-06-01,2025-07-30,Disponible
I-008015,SUC-23,PR-4780,3.0,12.0,2025-06-08,,Bajo stock
I-008016,SUC-45,PR-4601,43.0,14.0,2025-05-23,2025-08-23,Disponible
inv_008017,SUC-39,PR-5091,26.0,12.0,2025-04-04,2025-04-04,Disponible
I-008018,SUC-38,PR-9272,80.0,13.0,2025-03-22,2025-07-06,Disponible
I-008019,SUC-1,PR-7653,7.0,10.0,2025-03-03,2025-07-08,Bajo stock
I-008020,SUC-30,PR-9828,2.0,15.0,2025-07-28,2025-07-28,Bajo stock
inv_008021,SUC-41,PR-440,28.0,10.0,2025-06-13,2025-08-15,Disponible
I-008022,SUC-25,PR-7865,11.0,12.0,2025-07-11,2025-08-11,Bajo stock
inv_008023,SUC-37,PR-3630,14.0,9.0,2025-04-27,2025-08-18,Disponible
inv_008024,SUC-27,PR-733,35.0,19.0,2025-04-04,2025-04-23,Disponible
inv_008025,SUC-15,PR-7844,41.0,,2025-07-29,2025-08-11,Disponible
inv_008026,SUC-22,PR-9989,78.0,9.0,2025-05-26,2025-05-28,Disponible
inv_008027,SUC-21,PR-6300,25.0,12.0,2025-06-13,2025-07-28,Disponible
inv_008028,SUC-41,PR-6245,33.0,14.0,2025-04-30,2025-06-07,Disponible
I-008029,SUC-26,PR-9806,45.0,17.0,2025-03-06,2025-05-18,Disponible
I-008030,SUC-40,PR-7634,87.0,11.0,2025-07-18,2025-07-27,Disponible
I-008031,SUC-50,PR-9841,72.0,10.0,2025-05-24,2025-06-09,Disponible
I-008032,SUC-22,PR-9650,79.0,12.0,2025-05-25,2025-05-28,Disponible
inv_008033,SUC-30,PR-24,14.0,15.0,2025-03-19,2025-06-06,Bajo stock
inv_008034,SUC-35,PR-2976,85.0,9.0,2025-04-28,2025-04-29,Disponible
I-008035,SUC-42,PR-2899,85.0,5.0,2025-05-14,2025-06-27,Disponible
inv_008036,SUC-47,PR-9314,44.0,6.0,2025-05-16,2025-07-04,Disponible
I-008037,SUC-9,PR-3821,65.0,19.0,2025-05-29,2025-07-01,Disponible
I-008038,SUC-48,PR-5134,8.0,13.0,2025-03-20,2025-08-14,Bajo stock
I-008039,SUC-50,PR-4643,43.0,15.0,2025-03-22,2025-08-24,Disponible
inv_008040,SUC-16,,,17.0,2025-07-06,2025-07-24,Bajo stock
inv_008041,SUC-41,PR-4893,87.0,10.0,2025-06-01,2025-07-20,Disponible
inv_008042,SUC-21,PR-9478,67.0,16.0,2025-06-23,2025-08-11,Disponible
I-008043,SUC-45,PR-6717,69.0,15.0,2025-04-08,2025-07-02,Disponible
inv_008044,SUC-10,PR-5165,2.0,5.0,2025-06-01,2025-07-31,Bajo stock
I-008045,SUC-22,PR-7885,44.0,15.0,2025-05-30,2025-07-29,Disponible
inv_008046,SUC-13,PR-2290,17.0,11.0,2025-04-28,2025-08-22,Disponible
inv_008047,SUC-10,PR-7976,64.0,5.0,2025-03-11,2025-06-10,Disponible
I-008048,SUC-46,PR-2861,86.0,13.0,2025-03-04,2025-06-19,Disponible
I-008049,SUC-18,PR-8737,77.0,8.0,2025-05-09,2025-05-11,Disponible
I-008050,SUC-50,PR-9374,69.0,,2025-05-05,,Disponible
I-008051,SUC-23,PR-8585,2.0,19.0,2025-04-24,2025-06-03,Bajo stock
inv_008052,SUC-48,PR-6981,62.0,14.0,2025-04-14,2025-06-16,Disponible
I-008053,SUC-15,PR-8010,73.0,18.0,2025-07-13,2025-07-23,Disponible
inv_008054,SUC-50,PR-9479,61.0,17.0,2025-05-18,2025-07-21,Disponible
I-008055,SUC-34,PR-2658,74.0,20.0,2025-06-15,2025-06-19,Disponible
I-008056,SUC-45,PR-5536,36.0,18.0,2025-06-09,2025-07-18,Disponible
inv_008057,SUC-2,PR-891,56.0,13.0,2025-03-27,2025-06-07,Disponible
inv_008058,SUC-27,PR-7697,55.0,20.0,2025-03-31,2025-07-27,Disponible
I-008059,SUC-40,PR-939,62.0,13.0,2025-03-02,2025-05-22,Disponible
inv_008060,SUC-42,PR-3248,66.0,7.0,2025-07-25,2025-08-12,Bajo stock
I-008061,SUC-36,PR-3283,69.0,6.0,2025-03-27,2025-08-21,Disponible
inv_008062,SUC-19,PR-7753,36.0,19.0,2025-03-08,2025-05-15,Disponible
I-008063,SUC-45,PR-2296,42.0,12.0,2025-03-11,2025-07-23,Disponible
I-008064,SUC-27,PR-4937,19.0,11.0,2025-06-10,2025-08-25,Disponible
I-008065,SUC-20,PR-9225,22.0,7.0,2025-04-13,2025-07-19,Disponible
I-008066,SUC-30,PR-7129,30.0,9.0,2025-03-24,2025-06-14,Disponible
I-008067,SUC-41,PR-4784,80.0,17.0,2025-06-13,2025-08-01,Disponible
I-008068,SUC-49,PR-1342,58.0,15.0,2025-06-17,2025-07-11,Disponible
I-008069,SUC-23,PR-9454,74.0,20.0,2025-06-22,2025-07-25,Disponible
I-008070,SUC-13,PR-8112,,15.0,2025-06-09,2025-08-21,Disponible
I-008071,SUC-32,PR-8945,41.0,5.0,2025-06-29,2025-07-25,Disponible
I-008072,SUC-31,PR-5647,82.0,11.0,2025-06-23,2025-07-23,Disponible
I-008073,SUC-37,PR-6185,93.0,14.0,2025-04-22,2025-07-09,Disponible
I-008074,SUC-28,PR-2727,84.0,17.0,2025-04-03,2025-05-05,Disponible
inv_008075,SUC-36,PR-7271,29.0,39.0,2025-07-21,2025-08-23,Bajo stock
I-008076,SUC-36,PR-7847,9.0,13.0,2025-07-27,2025-08-08,Bajo stock
I-008077,SUC-32,PR-9297,63.0,18.0,2025-06-05,2025-06-29,Disponible
I-008078,SUC-1,PR-3137,25.0,14.0,2025-05-31,2025-07-14,Disponible
I-008079,SUC-47,PR-9210,50.0,9.0,2025-05-23,2025-06-12,Disponible
I-008080,SUC-27,,0.0,10.0,2025-04-08,2025-06-02,Agotado
I-008081,SUC-36,PR-9724,100.0,13.0,2025-04-16,2025-05-05,Disponible
I-008082,SUC-16,PR-98,98.0,10.0,2025-05-27,2025-06-12,Disponible
I-008083,SUC-20,PR-7358,41.0,14.0,2025-03-21,2025-08-27,Disponible
I-008084,SUC-17,PR-6808,37.0,12.0,2025-06-25,2025-07-04,Disponible
inv_008085,SUC-28,PR-9811,84.0,17.0,2025-03-23,2025-03-31,Disponible
I-008086,SUC-47,PR-6916,59.0,14.0,2025-04-26,2025-08-14,Disponible
inv_008087,SUC-35,PR-7081,19.0,15.0,2025-03-03,2025-08-27,Disponible
I-008088,SUC-16,PR-7418,70.0,8.0,2025-07-01,2025-07-25,Disponible
inv_008089,SUC-24,PR-4691,96.0,11.0,2025-07-20,2025-08-28,Disponible
I-008090,SUC-37,PR-5020,48.0,14.0,2025-06-03,2025-08-23,Disponible
I-008091,SUC-50,PR-5752,28.0,14.0,2025-06-02,2025-08-16,Disponible
I-008092,SUC-2,PR-4473,92.0,5.0,2025-03-05,2025-08-23,Disponible
inv_008093,SUC-25,PR-3043,95.0,14.0,2025-05-27,2025-07-13,Disponible
I-008094,SUC-20,PR-5221,22.0,6.0,2025-04-03,2025-08-23,Disponible
I-008095,SUC-48,PR-5374,4.0,14.0,2025-03-23,2025-08-16,Bajo stock
I-008096,SUC-20,PR-6999,71.0,6.0,2025-03-21,2025-04-24,Disponible
I-008097,SUC-37,PR-9997,18.0,20.0,2025-05-20,2025-06-21,Bajo stock
inv_008098,SUC-44,PR-787,57.0,13.0,2025-05-19,2025-07-11,Disponible
I-008099,SUC-36,PR-5362,64.0,14.0,2025-04-23,2025-05-23,Disponible
,SUC-34,PR-560,-15.0,-5.0,2025-03-12,2025-08-28,Bajo stock
inv_008101,SUC-13,PR-1685,76.0,16.0,2025-03-11,2025-04-28,Disponible
I-008102,SUC-10,PR-4723,17.0,16.0,2025-06-22,2025-08-03,Disponible
inv_008103,SUC-4,PR-6896,31.0,16.0,2025-06-24,2025-07-05,Disponible
inv_008104,SUC-26,PR-9657,93.0,17.0,2025-05-07,2025-05-16,Disponible
inv_008105,SUC-19,PR-6850,63.0,8.0,2025-04-24,2025-06-18,Disponible
I-008106,SUC-8,PR-647,22.0,17.0,2025-06-02,2025-07-31,Disponible
I-008107,SUC-46,PR-299,99.0,12.0,2025-06-23,2025-08-08,Disponible
inv_008108,SUC-40,PR-928,73.0,15.0,2025-04-06,2025-04-18,Disponible
I-008109,SUC-18,PR-3836,28.0,12.0,2025-04-29,2025-08-24,Disponible
I-008110,SUC-46,PR-8443,95.0,11.0,2025-03-03,2025-05-08,Disponible
I-008111,SUC-39,PR-1169,38.0,14.0,2025-06-23,2025-08-18,Disponible
inv_008112,SUC-12,PR-6886,8.0,17.0,2025-05-21,2025-08-18,Bajo stock
I-008113,SUC-45,PR-7484,89.0,9.0,2025-04-19,2025-06-27,Disponible
I-008114,SUC-2,PR-1692,57.0,13.0,2025-04-20,2025-08-27,Disponible
I-008115,SUC-15,PR-7566,69.0,18.0,2025-07-16,2025-08-14,Disponible
I-008116,SUC-50,PR-7207,63.0,11.0,2025-05-09,2025-06-27,Disponible
I-008117,SUC-20,PR-8355,77.0,13.0,2025-03-23,2025-03-30,Disponible
inv_008118,SUC-24,PR-5159,36.0,19.0,2025-06-05,2025-06-22,Disponible
inv_008119,SUC-4,PR-1099,67.0,14.0,2025-06-19,2025-07-07,Disponible
inv_008120,SUC-24,,66.0,9.0,2025-04-07,2025-05-17,Agotado
I-008121,SUC-38,PR-9158,76.0,16.0,2025-04-26,2025-07-25,Disponible
I-008122,SUC-46,PR-6315,79.0,11.0,2025-06-21,2025-08-19,Disponible
I-008123,SUC-41,PR-3903,85.0,16.0,2025-07-19,2025-08-23,Disponible
I-008124,SUC-20,PR-8897,71.0,9.0,2025-06-28,2025-07-31,Disponible
inv_008125,SUC-1,PR-9072,47.0,,2025-05-06,2025-07-26,Disponible
inv_008126,SUC-25,PR-2961,57.0,12.0,2025-04-30,2025-08-23,Disponible
I-008127,SUC-48,PR-8638,98.0,19.0,2025-03-14,2025-07-09,Disponible
inv_008128,SUC-43,PR-1796,54.0,11.0,2025-06-01,2025-07-30,Disponible
I-008129,SUC-36,PR-2416,54.0,14.0,2025-07-06,2025-07-15,Disponible
I-008130,SUC-17,PR-7601,46.0,9.0,2025-07-22,2025-08-22,Disponible
I-008131,SUC-40,PR-8517,8.0,14.0,2025-06-20,2025-07-17,Bajo stock
I-008132,SUC-48,PR-2506,38.0,20.0,2025-06-20,2025-08-27,Disponible
inv_008133,SUC-11,PR-8850,71.0,8.0,2025-05-05,2025-07-20,Disponible
I-008134,SUC-8,PR-7142,2.0,5.0,2025-05-23,2025-07-28,Bajo stock
I-008135,SUC-14,PR-69,34.0,14.0,2025-07-16,2025-07-28,Disponible
inv_008136,SUC-27,PR-5221,65.0,14.0,2025-04-28,2025-08-26,Disponible
I-008137,SUC-28,PR-7581,74.0,17.0,2025-03-20,2025-06-21,Disponible
I-008138,SUC-11,PR-7487,91.0,15.0,2025-04-10,2025-08-23,Disponible
I-008139,SUC-22,PR-1870,45.0,13.0,2025-05-27,2025-07-19,Disponible
I-008140,SUC-40,PR-6341,12.0,20.0,2025-05-12,2025-06-30,Bajo stock
inv_008141,SUC-48,PR-1149,97.0,18.0,2025-07-12,2025-07-23,Disponible
I-008142,SUC-23,PR-9159,79.0,14.0,2025-04-11,2025-07-16,Disponible
inv_008143,SUC-25,PR-7193,10.0,12.0,2025-05-10,2025-07-17,Bajo stock
I-008144,SUC-18,PR-4637,75.0,11.0,2025-05-06,2025-05-11,Disponible
I-008145,SUC-38,PR-8701,85.0,7.0,2025-07-17,2025-07-31,Disponible
inv_008146,SUC-22,PR-8469,38.0,15.0,2025-07-25,2025-08-11,Disponible
inv_008147,SUC-10,PR-7971,13.0,12.0,2025-07-29,2025-08-16,Disponible
inv_008148,SUC-30,PR-9854,6.0,6.0,2025-04-16,2025-05-28,Bajo stock
I-008149,SUC-15,PR-6802,79.0,8.0,2025-03-20,2025-05-11,Disponible
inv_008150,SUC-37,PR-8868,87.0,,2025-06-17,2025-08-19,Disponible
I-008151,SUC-49,PR-7284,78.0,14.0,2025-07-03,2025-08-28,Disponible
I-008152,SUC-21,PR-632,84.0,19.0,2025-05-16,2025-06-25,Disponible
I-008153,SUC-36,PR-1266,21.0,11.0,2025-07-10,2025-08-20,Disponible
I-008154,SUC-7,PR-8840,40.0,12.0,2025-07-29,2025-08-22,Disponible
I-008155,SUC-35,PR-7892,83.0,16.0,2025-06-14,2025-07-01,Disponible
I-008156,SUC-44,PR-142,60.0,15.0,2025-07-22,2025-08-11,Disponible
inv_008157,SUC-16,PR-6159,72.0,15.0,2025-06-01,2025-06-05,Disponible
I-008158,SUC-44,PR-5190,45.0,8.0,2025-04-26,2025-06-28,Disponible
I-008159,SUC-26,PR-1028,7.0,10.0,2025-03-30,2025-05-03,Bajo stock
inv_008160,SUC-43,PR-1837,-8.0,19.0,2025-05-01,2025-05-19,Bajo stock
I-008161,SUC-26,PR-2826,50.0,15.0,2025-06-10,2025-06-29,Disponible
inv_008162,SUC-43,PR-809,7.0,14.0,2025-07-01,2025-07-28,Bajo stock
I-008163,SUC-31,PR-3502,27.0,5.0,2025-03-27,2025-05-28,Disponible
inv_008164,SUC-22,PR-1941,73.0,20.0,2025-05-06,2025-08-20,Disponible
inv_008165,SUC-29,PR-7262,2.0,8.0,2025-03-27,2025-07-23,Bajo stock
I-008166,SUC-15,PR-5331,56.0,12.0,2025-05-02,2025-05-21,Disponible
inv_008167,SUC-27,PR-4745,76.0,9.0,2025-03-09,2025-04-16,Disponible
I-008168,SUC-47,PR-7311,25.0,8.0,2025-06-25,2025-07-03,Disponible
inv_008169,SUC-47,PR-5506,46.0,11.0,2025-05-29,2025-06-20,Disponible
I-008170,SUC-48,PR-7345,70.0,8.0,2025-04-03,2025-06-24,Disponible
I-008171,SUC-28,PR-4471,47.0,11.0,2025-06-03,2025-07-24,Disponible
I-008172,SUC-30,PR-9718,42.0,13.0,2025-03-22,2025-05-25,Disponible
I-008173,SUC-12,PR-1083,21.0,14.0,2025-06-29,2025-08-20,Disponible
I-008174,SUC-22,PR-6405,100.0,13.0,2025-05-28,2025-07-05,Disponible
I-008175,SUC-18,PR-4982,53.0,,2025-07-06,2025-08-25,Disponible
inv_008176,SUC-40,PR-2034,91.0,16.0,2025-05-24,2025-05-29,Disponible
I-008177,SUC-15,PR-780,84.0,17.0,2025-04-21,2025-07-29,Disponible
I-008178,SUC-35,PR-8190,46.0,7.0,2025-06-10,2025-08-06,Disponible
I-008179,SUC-31,PR-5000,99.0,11.0,2025-05-07,2025-05-19,Disponible
I-008180,SUC-21,PR-1179,0.0,20.0,2025-03-11,2025-04-08,Agotado
inv_008181,SUC-40,PR-4795,5.0,15.0,2025-04-30,2025-05-02,Bajo stock
I-008182,SUC-18,PR-2138,9.0,20.0,2025-07-02,2025-07-09,Bajo stock
inv_008183,SUC-14,PR-9334,82.0,6.0,2025-07-20,2025-07-25,Disponible
I-008184,SUC-6,PR-5648,23.0,7.0,2025-04-09,2025-06-30,Disponible
I-008185,SUC-38,PR-7769,83.0,14.0,2025-07-13,2025-08-07,Disponible
I-008186,SUC-31,PR-3363,34.0,11.0,2025-05-11,2025-06-14,Disponible
I-008187,SUC-12,PR-4385,90.0,19.0,2025-05-28,2025-08-23,Disponible
I-008188,SUC-27,PR-9321,58.0,19.0,2025-05-03,2025-07-01,Disponible
inv_008189,SUC-12,PR-5782,80.0,17.0,2025-07-07,2025-07-12,Disponible
I-008190,SUC-20,PR-9017,,16.0,2025-03-08,,Disponible
inv_008191,SUC-28,PR-6634,35.0,19.0,2025-04-16,2025-06-18,Disponible
I-008192,SUC-16,PR-3174,4.0,5.0,2025-06-28,2025-08-28,Bajo stock
I-008193,SUC-16,PR-6674,17.0,11.0,2025-03-22,2025-08-25,Disponible
inv_008194,SUC-44,PR-5285,30.0,14.0,2025-04-03,2025-06-09,Disponible
I-008195,SUC-24,PR-1761,91.0,5.0,2025-03-12,2025-05-09,Disponible
I-008196,SUC-42,PR-4014,34.0,15.0,2025-04-30,2025-05-10,Disponible
inv_008197,SUC-39,PR-9981,64.0,19.0,2025-03-04,2025-06-02,Disponible
I-008198,SUC-46,PR-3069,1.0,7.0,2025-06-06,2025-08-01,Bajo stock
inv_008199,SUC-23,PR-3625,43.0,17.0,2025-04-26,2025-08-08,Disponible
,SUC-45,,34.0,16.0,2025-04-23,2025-08-08,Bajo stock
inv_008201,SUC-43,PR-7032,89.0,9.0,2025-05-09,2025-06-25,Disponible
I-008202,SUC-42,PR-4528,88.0,17.0,2025-03-28,2025-06-06,Disponible
I-008203,SUC-17,PR-768,99.0,19.0,2025-03-15,2025-06-25,Disponible
inv_008204,SUC-36,PR-3108,31.0,7.0,2025-05-30,2025-06-08,Disponible
I-008205,SUC-32,PR-6463,20.0,9.0,2025-06-22,2025-08-24,Disponible
I-008206,SUC-7,PR-6918,64.0,11.0,2025-03-13,2025-05-21,Disponible
I-008207,SUC-50,PR-9866,59.0,11.0,2025-05-12,2025-06-26,Disponible
I-008208,SUC-47,PR-5273,60.0,20.0,2025-05-30,2025-07-21,Disponible
I-008209,SUC-12,PR-3387,66.0,8.0,2025-03-30,2025-08-15,Disponible
I-008210,SUC-31,PR-4106,39.0,5.0,2025-07-12,2025-08-21,Disponible
inv_008211,SUC-26,PR-8976,33.0,5.0,2025-06-11,2025-07-18,Disponible
inv_008212,SUC-5,PR-6146,15.0,12.0,2025-06-22,2025-08-04,Disponible
inv_008213,SUC-30,PR-6389,53.0,11.0,2025-06-13,2025-08-02,Disponible
inv_008214,SUC-13,PR-7213,29.0,6.0,2025-05-22,2025-08-05,Disponible
inv_008215,SUC-37,PR-7468,56.0,15.0,2025-07-15,2025-08-26,Disponible
I-008216,SUC-7,PR-6954,96.0,10.0,2025-06-22,2025-07-02,Disponible
I-008217,SUC-17,PR-9213,52.0,7.0,2025-04-12,2025-05-11,Disponible
I-008218,SUC-40,PR-9240,92.0,15.0,2025-07-14,2025-08-27,Disponible
I-008219,SUC-32,PR-2352,54.0,16.0,2025-05-03,2025-08-03,Disponible
I-008220,SUC-22,PR-2126,21.0,20.0,2025-03-03,2025-07-02,Bajo stock
I-008221,SUC-40,PR-7676,25.0,9.0,2025-04-09,2025-04-24,Disponible
I-008222,SUC-5,PR-605,87.0,17.0,2025-07-05,2025-08-08,Disponible
I-008223,SUC-46,PR-3756,16.0,20.0,2025-07-01,2025-08-25,Bajo stock
I-008224,SUC-7,PR-1153,84.0,15.0,2025-03-20,2025-06-14,Disponible
I-008225,SUC-21,PR-5883,49.0,,2025-07-04,2026-01-01,Disponible
I-008226,SUC-41,PR-4103,58.0,16.0,2025-07-03,2025-08-28,Disponible
I-008227,SUC-17,PR-5623,47.0,7.0,2025-03-13,2025-07-31,Disponible
I-008228,SUC-21,PR-7143,86.0,19.0,2025-05-19,2025-06-25,Disponible
I-008229,SUC-42,PR-951,55.0,19.0,2025-03-16,2025-06-08,Disponible
inv_008230,SUC-7,PR-5332,51.0,6.0,2025-03-08,2025-08-13,Disponible
I-008231,SUC-3,PR-5717,60.0,5.0,2025-04-02,2025-04-20,Disponible
I-008232,SUC-16,PR-634,86.0,20.0,2025-05-23,2025-05-30,Disponible
I-008233,SUC-26,PR-6731,81.0,7.0,2025-03-25,2025-04-24,Disponible
inv_008234,SUC-41,PR-3638,14.0,20.0,2025-04-19,2025-05-01,Bajo stock
inv_008235,SUC-16,PR-9979,15.0,18.0,2025-05-06,2025-08-20,Bajo stock
inv_008236,SUC-24,PR-1760,73.0,15.0,2025-04-01,2025-05-29,Disponible
inv_008237,SUC-34,PR-9333,5.0,17.0,2025-06-05,2025-08-16,Bajo stock
inv_008238,SUC-24,PR-4511,63.0,5.0,2025-06-19,2025-08-24,Disponible
I-008239,SUC-50,PR-2438,23.0,13.0,2025-03-15,2025-04-30,Disponible
I-008240,SUC-10,,29.0,16.0,2025-06-16,2025-08-14,Disponible
I-008241,SUC-38,PR-7103,14.0,13.0,2025-05-28,2025-07-21,Disponible
inv_008242,SUC-13,PR-7655,26.0,19.0,2025-04-25,2025-06-30,Disponible
inv_008243,SUC-29,PR-718,29.0,6.0,2025-05-24,2025-06-08,Disponible
inv_008244,SUC-24,PR-156,77.0,14.0,2025-04-16,2025-06-12,Disponible
I-008245,SUC-21,PR-4531,19.0,20.0,2025-06-16,2025-06-30,Bajo stock
I-008246,SUC-44,PR-5738,94.0,5.0,2025-07-09,2025-07-12,Disponible
I-008247,SUC-50,PR-2779,69.0,13.0,2025-07-14,2025-08-22,Disponible
I-008248,SUC-23,PR-9395,11.0,17.0,2025-06-04,2025-08-20,Bajo stock
I-008249,SUC-31,PR-4659,62.0,7.0,2025-06-15,2025-06-28,Disponible
,SUC-41,PR-4355,-18.0,18.0,2025-06-17,2025-06-26,Bajo stock
I-008251,SUC-38,PR-295,88.0,8.0,2025-03-11,2025-08-07,Disponible
I-008252,SUC-44,PR-9561,94.0,20.0,2025-05-27,2025-07-16,Disponible
inv_008253,SUC-35,PR-5038,22.0,9.0,2025-03-06,2025-03-13,Disponible
I-008254,SUC-19,PR-866,91.0,6.0,2025-04-27,2025-05-11,Disponible
inv_008255,SUC-46,PR-358,32.0,14.0,2025-04-02,2025-07-03,Disponible
inv_008256,SUC-1,PR-5126,52.0,16.0,2025-04-20,2025-06-05,Disponible
inv_008257,SUC-48,PR-3379,25.0,6.0,2025-03-05,2025-04-01,Disponible
I-008258,SUC-28,PR-7571,21.0,10.0,2025-06-16,2025-07-03,Disponible
I-008259,SUC-14,PR-2944,23.0,6.0,2025-07-11,2025-08-08,Disponible
I-008260,SUC-36,PR-9771,1.0,13.0,2025-07-02,,Bajo stock
inv_008261,SUC-19,PR-3592,63.0,19.0,2025-07-14,2025-07-21,Disponible
inv_008262,SUC-9,PR-7543,22.0,12.0,2025-05-14,2025-08-22,Disponible
I-008263,SUC-19,PR-1508,88.0,6.0,2025-05-22,2025-06-23,Disponible
I-008264,SUC-2,PR-8496,3.0,14.0,2025-07-09,2025-08-28,Bajo stock
inv_008265,SUC-31,PR-1675,92.0,19.0,2025-05-10,2025-08-21,Disponible
I-008266,SUC-41,PR-2860,30.0,7.0,2025-04-09,2025-06-11,Disponible
I-008267,SUC-19,PR-9381,46.0,20.0,2025-04-11,2025-05-18,Disponible
inv_008268,SUC-17,PR-8483,77.0,9.0,2025-06-05,2025-08-10,Disponible
I-008269,SUC-23,PR-4119,18.0,9.0,2025-07-14,2025-08-03,Disponible
I-008270,SUC-42,PR-5140,42.0,18.0,2025-05-30,2025-08-02,Disponible
I-008271,SUC-15,PR-6372,30.0,18.0,2025-07-08,2025-08-24,Disponible
inv_008272,SUC-45,PR-2500,30.0,5.0,2025-03-31,2025-07-30,Disponible
inv_008273,SUC-25,PR-3101,58.0,5.0,2025-04-22,2025-05-17,Disponible
I-008274,SUC-6,PR-9717,27.0,5.0,2025-06-27,2025-08-20,Disponible
I-008275,SUC-32,PR-1108,4.0,,2025-06-06,2025-06-25,Disponible
inv_008276,SUC-17,PR-7650,97.0,17.0,2025-05-19,2025-08-09,Disponible
inv_008277,SUC-48,PR-76,63.0,12.0,2025-03-12,2025-08-19,Disponible
I-008278,SUC-4,PR-231,2.0,16.0,2025-03-22,2025-03-25,Bajo stock
inv_008279,SUC-18,PR-6780,79.0,9.0,2025-03-22,2025-06-07,Disponible
I-008280,SUC-33,,-17.0,12.0,2025-05-15,2025-07-31,Bajo stock
I-008281,SUC-5,PR-769,61.0,14.0,2025-06-14,2025-08-05,Disponible
I-008282,SUC-11,PR-6078,24.0,16.0,2025-03-13,2025-07-22,Disponible
I-008283,SUC-11,PR-2998,72.0,19.0,2025-07-12,2025-07-31,Disponible
I-008284,SUC-21,PR-834,19.0,17.0,2025-06-29,2025-07-29,Disponible
I-008285,SUC-17,PR-2497,31.0,10.0,2025-06-13,2025-06-20,Disponible
I-008286,SUC-33,PR-8176,42.0,6.0,2025-03-26,2025-04-27,Disponible
I-008287,SUC-15,PR-8190,98.0,6.0,2025-04-27,2025-05-25,Disponible
inv_008288,SUC-32,PR-7715,38.0,13.0,2025-07-26,2025-08-01,Disponible
I-008289,SUC-38,PR-3448,42.0,9.0,2025-04-25,2025-05-20,Disponible
I-008290,SUC-23,PR-3676,69.0,17.0,2025-03-05,2025-04-04,Disponible
inv_008291,SUC-23,PR-2364,88.0,6.0,2025-05-21,2025-08-17,Disponible
inv_008292,SUC-22,PR-3277,34.0,16.0,2025-03-07,2025-04-14,Disponible
I-008293,SUC-2,PR-3372,93.0,9.0,2025-03-09,2025-06-28,Disponible
inv_008294,SUC-17,PR-231,14.0,14.0,2025-05-06,2025-05-19,Bajo stock
I-008295,SUC-33,PR-1908,46.0,20.0,2025-05-13,2025-07-03,Disponible
I-008296,SUC-23,PR-2643,85.0,12.0,2025-04-27,2025-05-20,Disponible
inv_008297,SUC-32,PR-8043,8.0,18.0,2025-04-05,2025-08-06,Bajo stock
I-008298,SUC-4,PR-2386,29.0,19.0,2025-06-17,2025-08-19,Disponible
inv_008299,SUC-46,PR-9833,94.0,18.0,2025-05-29,2025-06-27,Disponible
inv_008300,SUC-36,PR-9939,97.0,,2025-03-24,2025-08-16,Disponible
inv_008301,SUC-29,PR-5310,40.0,10.0,2025-03-31,2025-05-29,Disponible
I-008302,SUC-45,PR-6226,56.0,17.0,2025-03-29,2025-05-04,Disponible
I-008303,SUC-11,PR-6529,36.0,6.0,2025-06-13,2025-07-21,Disponible
I-008304,SUC-30,PR-6023,52.0,5.0,2025-07-24,2025-08-04,Disponible
I-008305,SUC-44,PR-63,90.0,13.0,2025-03-07,2025-07-24,Disponible
I-008306,SUC-1,PR-6781,36.0,18.0,2025-05-07,2025-05-09,Disponible
I-008307,SUC-3,PR-6862,30.0,10.0,2025-03-22,2025-07-11,Disponible
inv_008308,SUC-1,PR-2405,95.0,6.0,2025-04-26,2025-06-05,Disponible
I-008309,SUC-14,PR-6071,71.0,11.0,2025-06-08,2025-06-18,Disponible
I-008310,SUC-21,PR-3655,70.0,16.0,2025-06-22,2025-08-16,Disponible
I-008311,SUC-7,PR-5105,48.0,8.0,2025-07-07,2025-07-29,Disponible
I-008312,SUC-45,PR-2769,31.0,18.0,2025-06-30,2025-07-04,Disponible
inv_008313,SUC-28,PR-9568,39.0,19.0,2025-03-20,2025-04-01,Disponible
I-008314,SUC-27,PR-6933,10.0,12.0,2025-05-13,2025-08-15,Bajo stock
inv_008315,SUC-16,PR-716,8.0,11.0,2025-03-12,2025-05-25,Bajo stock
I-008316,SUC-21,PR-8027,92.0,17.0,2025-03-03,2025-05-20,Disponible
inv_008317,SUC-24,PR-5769,0.0,11.0,2025-06-05,2025-06-30,Agotado
I-008318,SUC-33,PR-2259,59.0,9.0,2025-05-23,2025-06-01,Disponible
I-008319,SUC-12,PR-1629,6.0,10.0,2025-06-29,2025-08-08,Bajo stock
I-008320,SUC-7,PR-4629,8.0,17.0,2025-04-21,2025-06-01,Bajo stock
I-008321,SUC-29,PR-6159,32.0,12.0,2025-05-03,2025-05-04,Disponible
I-008322,SUC-43,PR-9991,44.0,16.0,2025-05-29,2025-08-27,Disponible
I-008323,SUC-18,PR-9269,2.0,17.0,2025-05-23,2025-08-19,Bajo stock
I-008324,SUC-36,PR-7494,31.0,14.0,2025-04-04,2025-07-08,Disponible
I-008325,SUC-16,PR-7329,77.0,87.0,2025-05-13,2025-07-07,Bajo stock
I-008326,SUC-13,PR-4109,22.0,11.0,2025-07-09,2025-07-25,Disponible
I-008327,SUC-16,PR-4515,82.0,15.0,2025-03-19,2025-03-29,Disponible
inv_008328,SUC-32,PR-4141,80.0,15.0,2025-04-07,2025-07-06,Disponible
inv_008329,SUC-37,PR-7330,28.0,6.0,2025-04-27,2025-05-11,Disponible
I-008330,SUC-11,PR-5630,52.0,5.0,2025-07-28,2025-08-13,Disponible
I-008331,SUC-18,PR-598,60.0,7.0,2025-05-31,2025-08-11,Disponible
I-008332,SUC-35,PR-1607,63.0,6.0,2025-05-26,2025-07-06,Disponible
inv_008333,SUC-2,PR-6897,88.0,5.0,2025-03-15,2025-07-03,Disponible
I-008334,SUC-33,PR-8803,97.0,12.0,2025-04-24,2025-06-08,Disponible
I-008335,SUC-20,PR-6588,66.0,18.0,2025-04-10,2025-07-03,Disponible
I-008336,SUC-14,PR-3117,39.0,17.0,2025-04-10,2025-06-07,Disponible
I-008337,SUC-36,PR-9346,38.0,12.0,2025-05-30,2025-06-15,Disponible
inv_008338,SUC-50,PR-481,10.0,20.0,2025-06-25,2025-07-25,Bajo stock
I-008339,SUC-8,PR-4436,72.0,10.0,2025-06-21,2025-07-13,Disponible
I-008340,SUC-33,PR-4744,64.0,18.0,2025-07-27,2025-08-14,Desconocido
inv_008341,SUC-20,PR-4786,90.0,13.0,2025-07-14,2025-07-23,Disponible
I-008342,SUC-37,PR-304,41.0,17.0,2025-05-01,2025-06-19,Disponible
I-008343,SUC-42,PR-4898,32.0,8.0,2025-06-21,2025-08-09,Disponible
I-008344,SUC-42,PR-1688,8.0,6.0,2025-03-30,2025-07-15,Disponible
inv_008345,SUC-24,PR-7299,88.0,16.0,2025-06-16,2025-08-22,Disponible
I-008346,SUC-41,PR-5808,25.0,11.0,2025-04-06,2025-04-08,Disponible
inv_008347,SUC-40,PR-854,95.0,20.0,2025-06-24,2025-07-19,Disponible
inv_008348,SUC-15,PR-8637,8.0,15.0,2025-05-07,2025-07-15,Bajo stock
I-008349,SUC-30,PR-3395,71.0,17.0,2025-03-05,2025-04-23,Disponible
I-008350,SUC-26,PR-2688,8.0,,2025-04-25,2025-06-05,Disponible
I-008351,SUC-6,PR-6372,57.0,14.0,2025-07-15,2025-08-22,Disponible
inv_008352,SUC-43,PR-4317,47.0,9.0,2025-05-23,2025-06-16,Disponible
inv_008353,SUC-11,PR-5091,82.0,6.0,2025-03-23,2025-04-01,Disponible
inv_008354,SUC-34,PR-2085,9.0,17.0,2025-04-08,2025-07-04,Bajo stock
inv_008355,SUC-25,PR-7143,18.0,12.0,2025-06-11,2025-06-16,Disponible
I-008356,SUC-13,PR-9120,52.0,8.0,2025-04-12,2025-08-06,Disponible
inv_008357,SUC-6,PR-4698,87.0,8.0,2025-05-23,2025-06-21,Disponible
I-008358,SUC-28,PR-1243,75.0,17.0,2025-06-05,2025-07-04,Disponible
inv_008359,SUC-34,PR-6402,20.0,5.0,2025-05-08,2025-05-26,Disponible
I-008360,SUC-4,,14.0,8.0,2025-06-14,2025-07-20,Desconocido
inv_008361,SUC-9,PR-8122,38.0,18.0,2025-06-17,2025-08-18,Disponible
inv_008362,SUC-24,PR-2017,32.0,11.0,2025-03-31,2025-04-29,Disponible
I-008363,SUC-18,PR-2225,54.0,11.0,2025-04-08,2025-05-13,Disponible
I-008364,SUC-36,PR-8201,63.0,17.0,2025-04-10,2025-04-27,Disponible
I-008365,SUC-32,PR-9342,94.0,14.0,2025-03-06,2026-01-01,Disponible
I-008366,SUC-45,PR-1496,25.0,5.0,2025-06-24,2025-08-12,Disponible
I-008367,SUC-26,PR-2826,15.0,18.0,2025-04-23,2025-07-12,Bajo stock
inv_008368,SUC-40,PR-1324,27.0,19.0,2025-07-17,2025-08-10,Disponible
I-008369,SUC-1,PR-6138,49.0,7.0,2025-05-08,2025-08-12,Disponible
I-008370,SUC-39,PR-693,-1.0,6.0,2025-04-19,2025-05-31,Bajo stock
inv_008371,SUC-46,PR-7803,31.0,8.0,2025-07-03,2025-07-25,Disponible
I-008372,SUC-32,PR-622,52.0,18.0,2025-04-22,2025-07-31,Disponible
I-008373,SUC-33,PR-6301,78.0,14.0,2025-07-10,2025-08-07,Disponible
I-008374,SUC-18,PR-6265,89.0,8.0,2025-07-28,2025-08-11,Disponible
I-008375,SUC-4,PR-1043,88.0,98.0,2025-06-21,2025-08-11,Bajo stock
I-008376,SUC-16,PR-3524,83.0,15.0,2025-07-24,2025-08-07,Disponible
I-008377,SUC-1,PR-8387,79.0,18.0,2025-04-28,2025-04-29,Disponible
inv_008378,SUC-20,PR-217,41.0,15.0,2025-05-03,2025-07-20,Disponible
inv_008379,SUC-37,PR-1100,7.0,13.0,2025-05-27,2025-08-07,Bajo stock
I-008380,SUC-39,PR-2090,39.0,10.0,2025-07-26,2025-08-25,Disponible
I-008381,SUC-12,PR-6803,47.0,16.0,2025-04-26,2025-05-19,Disponible
inv_008382,SUC-44,PR-8340,38.0,5.0,2025-06-27,2025-07-26,Disponible
I-008383,SUC-40,PR-7494,54.0,15.0,2025-07-24,2025-08-16,Disponible
I-008384,SUC-25,PR-5120,19.0,13.0,2025-04-07,2025-08-07,Disponible
I-008385,SUC-50,PR-3236,46.0,9.0,2025-04-18,2025-07-01,Disponible
I-008386,SUC-32,PR-455,70.0,12.0,2025-04-29,2025-08-13,Disponible
I-008387,SUC-30,PR-3282,44.0,7.0,2025-07-14,2025-08-13,Disponible
I-008388,SUC-18,PR-7597,38.0,7.0,2025-03-23,2025-04-03,Disponible
inv_008389,SUC-27,PR-9053,64.0,15.0,2025-05-27,2025-08-17,Disponible
I-008390,SUC-41,PR-9231,45.0,13.0,2025-04-08,2025-07-21,Disponible
I-008391,SUC-45,PR-9721,93.0,19.0,2025-07-17,2025-08-08,Disponible
inv_008392,SUC-6,PR-7266,35.0,11.0,2025-06-05,2025-08-02,Disponible
inv_008393,SUC-21,PR-1356,57.0,8.0,2025-05-05,2025-05-29,Disponible
inv_008394,SUC-18,PR-3233,14.0,7.0,2025-03-16,2025-05-11,Disponible
inv_008395,SUC-44,PR-6302,14.0,6.0,2025-06-14,2025-06-26,Disponible
I-008396,SUC-31,PR-2710,26.0,5.0,2025-06-02,2025-06-07,Disponible
I-008397,SUC-31,PR-3364,10.0,11.0,2025-07-15,2025-07-30,Bajo stock
I-008398,SUC-20,PR-1211,26.0,16.0,2025-04-17,2025-06-11,Disponible
inv_008399,SUC-23,PR-2114,36.0,9.0,2025-06-13,2025-07-19,Disponible
inv_008400,SUC-17,PR-4357,,,2025-04-18,2026-01-01,Agotado
inv_008401,SUC-43,PR-7936,50.0,6.0,2025-05-02,2025-07-11,Disponible
I-008402,SUC-29,PR-692,33.0,9.0,2025-03-10,2025-07-21,Disponible
I-008403,SUC-50,PR-6068,40.0,9.0,2025-07-13,2025-08-15,Disponible
I-008404,SUC-3,PR-2069,22.0,11.0,2025-06-01,2025-07-04,Disponible
inv_008405,SUC-28,PR-6013,60.0,6.0,2025-03-03,2025-03-19,Disponible
I-008406,SUC-17,PR-9739,86.0,19.0,2025-06-14,2025-08-02,Disponible
I-008407,SUC-38,PR-6860,51.0,15.0,2025-06-28,2025-08-15,Disponible
inv_008408,SUC-40,PR-1522,36.0,16.0,2025-06-23,2025-07-11,Disponible
I-008409,SUC-30,PR-6071,10.0,8.0,2025-07-23,2025-07-25,Disponible
I-008410,SUC-13,PR-4443,14.0,10.0,2025-05-28,2025-06-03,Disponible
inv_008411,SUC-29,PR-1279,71.0,16.0,2025-03-31,2025-07-05,Disponible
inv_008412,SUC-14,PR-6635,37.0,11.0,2025-03-04,2025-04-24,Disponible
I-008413,SUC-17,PR-5886,51.0,18.0,2025-06-30,2025-07-14,Disponible
inv_008414,SUC-8,PR-9079,0.0,11.0,2025-03-20,2025-06-15,Agotado
I-008415,SUC-43,PR-3988,2.0,10.0,2025-03-21,2025-05-27,Bajo stock
I-008416,SUC-34,PR-5319,84.0,19.0,2025-06-25,2025-07-04,Disponible
inv_008417,SUC-23,PR-2660,3.0,8.0,2025-04-14,2025-08-19,Bajo stock
inv_008418,SUC-46,PR-3493,58.0,12.0,2025-06-26,2025-07-09,Disponible
I-008419,SUC-44,PR-3363,35.0,13.0,2025-07-27,2025-08-12,Disponible
I-008420,SUC-32,PR-3287,81.0,7.0,2025-03-23,2025-07-19,Disponible
I-008421,SUC-21,PR-479,50.0,10.0,2025-04-01,2025-04-24,Disponible
I-008422,SUC-47,PR-8479,58.0,19.0,2025-07-03,2025-08-20,Disponible
I-008423,SUC-48,PR-8123,92.0,7.0,2025-06-27,2025-07-30,Disponible
I-008424,SUC-24,PR-3293,100.0,17.0,2025-06-18,2025-08-07,Disponible
inv_008425,SUC-11,PR-4318,30.0,,2025-04-26,2025-06-22,Disponible
I-008426,SUC-41,PR-5165,84.0,8.0,2025-06-20,2025-07-23,Disponible
I-008427,SUC-38,PR-3997,66.0,11.0,2025-05-02,2025-05-11,Disponible
inv_008428,SUC-14,PR-4116,70.0,15.0,2025-07-24,2025-07-28,Disponible
inv_008429,SUC-22,PR-5198,16.0,16.0,2025-03-06,2025-04-15,Bajo stock
inv_008430,SUC-4,PR-5490,47.0,11.0,2025-04-29,2025-06-01,Disponible
I-008431,SUC-25,PR-3601,85.0,12.0,2025-06-06,2025-06-08,Disponible
inv_008432,SUC-13,PR-138,52.0,6.0,2025-06-15,2025-07-06,Disponible
I-008433,SUC-28,PR-8076,5.0,13.0,2025-03-14,2025-06-09,Bajo stock
I-008434,SUC-14,PR-4386,8.0,12.0,2025-07-07,2025-08-06,Bajo stock
I-008435,SUC-25,PR-5399,55.0,7.0,2025-06-08,,Disponible
I-008436,SUC-4,PR-3493,20.0,20.0,2025-07-15,2025-08-07,Bajo stock
I-008437,SUC-45,PR-448,9.0,13.0,2025-03-29,2025-04-01,Bajo stock
I-008438,SUC-5,PR-9052,50.0,10.0,2025-06-04,2025-06-14,Disponible
I-008439,SUC-15,PR-8923,58.0,12.0,2025-06-05,2025-08-08,Disponible
I-008440,SUC-7,PR-8399,25.0,19.0,2025-04-28,2025-05-19,Agotado
I-008441,SUC-6,PR-1801,84.0,8.0,2025-04-17,2025-06-12,Disponible
I-008442,SUC-29,PR-8161,35.0,8.0,2025-05-02,2025-07-18,Disponible
I-008443,SUC-27,PR-3239,15.0,10.0,2025-04-21,2025-07-11,Disponible
inv_008444,SUC-24,PR-2697,42.0,5.0,2025-07-21,2025-08-19,Disponible
I-008445,SUC-39,PR-7854,59.0,14.0,2025-04-07,2025-05-20,Disponible
I-008446,SUC-30,PR-1436,54.0,5.0,2025-04-24,2025-05-27,Disponible
inv_008447,SUC-45,PR-9210,57.0,18.0,2025-03-06,2025-03-12,Disponible
I-008448,SUC-8,PR-78,81.0,18.0,2025-06-17,2025-06-25,Disponible
inv_008449,SUC-25,PR-2670,21.0,9.0,2025-06-25,2025-07-28,Disponible
I-008450,SUC-19,PR-4392,7.0,17.0,2025-04-19,2025-05-25,Bajo stock
I-008451,SUC-48,PR-7874,36.0,12.0,2025-06-09,2025-07-30,Disponible
I-008452,SUC-41,PR-3174,36.0,9.0,2025-06-08,2025-07-07,Disponible
I-008453,SUC-16,PR-9171,79.0,15.0,2025-07-29,2025-08-01,Disponible
inv_008454,SUC-35,PR-5660,79.0,7.0,2025-03-16,2025-05-09,Disponible
I-008455,SUC-33,PR-5861,30.0,10.0,2025-05-06,2025-05-08,Disponible
I-008456,SUC-18,PR-3745,93.0,19.0,2025-04-26,2025-06-20,Disponible
I-008457,SUC-45,PR-9016,40.0,14.0,2025-04-29,2025-07-21,Disponible
I-008458,SUC-41,PR-955,80.0,15.0,2025-04-03,2025-08-05,Disponible
I-008459,SUC-10,PR-5727,86.0,7.0,2025-04-03,2025-07-02,Disponible
I-008460,SUC-44,PR-7184,,9.0,2025-04-26,2025-05-20,Agotado
I-008461,SUC-16,PR-9650,50.0,13.0,2025-04-24,2025-07-19,Disponible
inv_008462,SUC-26,PR-230,72.0,9.0,2025-04-11,2025-07-30,Disponible
I-008463,SUC-46,PR-1339,80.0,6.0,2025-04-19,2025-07-03,Disponible
I-008464,SUC-13,PR-415,93.0,13.0,2025-04-18,2025-07-31,Disponible
inv_008465,SUC-35,PR-9117,40.0,14.0,2025-06-02,2025-07-17,Disponible
I-008466,SUC-43,PR-8731,88.0,16.0,2025-05-29,2025-06-07,Disponible
I-008467,SUC-30,PR-8147,52.0,12.0,2025-07-24,2025-08-09,Disponible
inv_008468,SUC-22,PR-4037,82.0,7.0,2025-07-01,2025-07-29,Disponible
inv_008469,SUC-19,PR-6540,64.0,13.0,2025-05-25,2025-08-14,Disponible
I-008470,SUC-48,PR-6148,20.0,14.0,2025-03-06,2025-04-01,Disponible
I-008471,SUC-1,PR-7675,15.0,11.0,2025-03-06,2025-06-09,Disponible
I-008472,SUC-17,PR-5716,98.0,15.0,2025-04-08,2025-07-01,Disponible
inv_008473,SUC-12,PR-6597,49.0,5.0,2025-04-28,2025-06-27,Disponible
I-008474,SUC-45,PR-1847,90.0,11.0,2025-07-19,2025-07-28,Disponible
I-008475,SUC-28,PR-9801,72.0,82.0,2025-04-17,2025-05-27,Bajo stock
I-008476,SUC-25,PR-7856,40.0,16.0,2025-03-21,2025-04-01,Disponible
I-008477,SUC-46,PR-8089,11.0,10.0,2025-05-18,2025-07-27,Disponible
I-008478,SUC-25,PR-253,68.0,17.0,2025-06-25,2025-07-13,Disponible
I-008479,SUC-31,PR-5684,40.0,5.0,2025-06-20,2025-08-22,Disponible
I-008480,SUC-41,,86.0,18.0,2025-03-14,2025-04-05,Desconocido
inv_008481,SUC-19,PR-8525,69.0,11.0,2025-03-24,2025-04-16,Disponible
I-008482,SUC-20,PR-8257,16.0,11.0,2025-03-23,2025-05-18,Disponible
I-008483,SUC-48,PR-3957,69.0,6.0,2025-06-14,2025-08-13,Disponible
I-008484,SUC-20,PR-1742,53.0,16.0,2025-06-24,2025-08-15,Disponible
I-008485,SUC-14,PR-7874,64.0,17.0,2025-05-19,2025-07-28,Disponible
inv_008486,SUC-44,PR-4200,79.0,13.0,2025-06-18,2025-08-19,Disponible
inv_008487,SUC-27,PR-8256,3.0,12.0,2025-05-26,2025-05-27,Bajo stock
inv_008488,SUC-35,PR-1885,76.0,7.0,2025-03-15,2025-08-06,Disponible
inv_008489,SUC-34,PR-9837,75.0,12.0,2025-06-04,2025-06-07,Disponible
inv_008490,SUC-40,PR-9144,,9.0,2025-06-02,2025-08-03,Disponible
I-008491,SUC-19,PR-5419,91.0,8.0,2025-07-01,2025-07-02,Disponible
inv_008492,SUC-28,PR-4280,99.0,20.0,2025-03-29,2025-07-04,Disponible
I-008493,SUC-25,PR-7194,9.0,6.0,2025-03-22,2025-05-14,Disponible
inv_008494,SUC-34,PR-7499,74.0,13.0,2025-07-25,2025-08-13,Disponible
I-008495,SUC-17,PR-2785,82.0,8.0,2025-05-20,2025-05-23,Disponible
I-008496,SUC-22,PR-3983,71.0,5.0,2025-03-06,2025-06-30,Disponible
I-008497,SUC-18,PR-6075,34.0,15.0,2025-07-18,2025-08-20,Disponible
I-008498,SUC-48,PR-5174,75.0,15.0,2025-04-28,2025-05-12,Disponible
inv_008499,SUC-4,PR-4189,82.0,14.0,2025-07-07,2025-08-10,Disponible
inv_008500,SUC-39,PR-9549,71.0,11.0,2025-05-06,2025-06-15,Disponible
I-008501,SUC-41,PR-3409,71.0,17.0,2025-06-21,2025-08-14,Disponible
I-008502,SUC-46,PR-880,47.0,16.0,2025-03-16,2025-06-24,Disponible
I-008503,SUC-50,PR-820,8.0,17.0,2025-06-02,2025-08-19,Bajo stock
inv_008504,SUC-1,PR-9721,49.0,16.0,2025-04-21,2025-05-13,Disponible
inv_008505,SUC-17,PR-5613,46.0,20.0,2025-04-13,2026-01-01,Disponible
inv_008506,SUC-10,PR-371,38.0,15.0,2025-06-12,2025-06-17,Disponible
I-008507,SUC-39,PR-6195,30.0,16.0,2025-06-09,2025-08-04,Disponible
I-008508,SUC-23,PR-7233,67.0,16.0,2025-07-07,2025-07-08,Disponible
inv_008509,SUC-41,PR-2785,5.0,16.0,2025-05-03,2025-07-20,Bajo stock
inv_008510,SUC-36,PR-3349,2.0,18.0,2025-07-10,2025-07-24,Bajo stock
inv_008511,SUC-28,PR-1194,65.0,18.0,2025-03-16,2025-07-18,Disponible
I-008512,SUC-6,PR-4358,14.0,8.0,2025-07-19,2025-08-22,Disponible
I-008513,SUC-5,PR-8920,23.0,15.0,2025-07-28,2025-08-07,Disponible
I-008514,SUC-23,PR-7403,86.0,8.0,2025-05-05,2025-08-10,Disponible
I-008515,SUC-30,PR-262,51.0,6.0,2025-07-27,2025-08-24,Disponible
I-008516,SUC-34,PR-4345,26.0,14.0,2025-07-28,2025-07-28,Disponible
I-008517,SUC-21,PR-4191,69.0,6.0,2025-05-16,2025-07-08,Disponible
inv_008518,SUC-16,PR-2213,25.0,7.0,2025-05-10,2025-08-11,Disponible
inv_008519,SUC-38,PR-1875,22.0,19.0,2025-05-25,2025-07-01,Disponible
I-008520,SUC-2,,,11.0,2025-06-15,2025-07-17,Bajo stock
I-008521,SUC-44,PR-8575,94.0,9.0,2025-05-10,2025-08-10,Disponible
I-008522,SUC-19,PR-2013,46.0,11.0,2025-05-05,2025-06-06,Disponible
I-008523,SUC-4,PR-8899,58.0,7.0,2025-06-17,2025-07-29,Disponible
inv_008524,SUC-35,PR-9456,80.0,20.0,2025-03-26,2025-07-27,Disponible
I-008525,SUC-21,PR-1415,59.0,69.0,2025-03-29,2025-07-31,Bajo stock
I-008526,SUC-39,PR-5730,28.0,15.0,2025-04-19,2025-08-03,Disponible
inv_008527,SUC-11,PR-7701,31.0,14.0,2025-07-20,2025-07-27,Disponible
inv_008528,SUC-28,PR-4094,33.0,9.0,2025-07-25,2025-08-08,Disponible
inv_008529,SUC-22,PR-2349,35.0,18.0,2025-07-23,2025-08-19,Disponible
I-008530,SUC-35,PR-1757,27.0,10.0,2025-05-15,2025-07-13,Disponible
inv_008531,SUC-42,PR-7983,34.0,17.0,2025-07-09,2025-07-22,Disponible
I-008532,SUC-4,PR-3905,9.0,9.0,2025-03-10,2025-03-25,Bajo stock
I-008533,SUC-49,PR-4006,36.0,7.0,2025-04-07,2025-08-03,Disponible
inv_008534,SUC-40,PR-955,25.0,12.0,2025-05-03,2025-08-27,Disponible
inv_008535,SUC-13,PR-1849,57.0,15.0,2025-04-04,2025-08-28,Disponible
inv_008536,SUC-12,PR-463,77.0,5.0,2025-06-28,2025-08-03,Disponible
I-008537,SUC-17,PR-2635,66.0,13.0,2025-05-19,2025-06-13,Disponible
inv_008538,SUC-25,PR-9294,24.0,10.0,2025-03-13,2025-08-27,Disponible
inv_008539,SUC-47,PR-798,43.0,11.0,2025-06-07,2025-06-08,Disponible
I-008540,SUC-30,PR-3725,75.0,16.0,2025-04-04,,Disponible
I-008541,SUC-24,PR-7147,68.0,11.0,2025-04-21,2025-04-21,Disponible
inv_008542,SUC-46,PR-1847,58.0,16.0,2025-05-28,2025-06-14,Disponible
I-008543,SUC-13,PR-1261,77.0,5.0,2025-06-12,2025-08-18,Disponible
I-008544,SUC-2,PR-6505,25.0,7.0,2025-07-20,2025-08-08,Disponible
I-008545,SUC-23,PR-6643,13.0,6.0,2025-07-18,2025-08-03,Disponible
I-008546,SUC-22,PR-4268,18.0,12.0,2025-03-10,2025-05-31,Disponible
I-008547,SUC-13,PR-4590,86.0,9.0,2025-06-07,2025-06-18,Disponible
I-008548,SUC-30,PR-5470,59.0,7.0,2025-07-02,2025-08-17,Disponible
I-008549,SUC-19,PR-9725,34.0,8.0,2025-04-26,2025-05-20,Disponible
,SUC-3,PR-2277,,,2025-03-17,2025-03-25,Disponible
inv_008551,SUC-9,PR-5352,80.0,20.0,2025-07-15,2025-07-24,Disponible
I-008552,SUC-1,PR-2077,8.0,9.0,2025-04-10,2025-07-26,Bajo stock
I-008553,SUC-24,PR-7159,71.0,15.0,2025-03-17,2025-07-15,Disponible
inv_008554,SUC-4,PR-1259,71.0,12.0,2025-03-26,2025-07-23,Disponible
inv_008555,SUC-34,PR-7932,69.0,13.0,2025-06-25,2025-08-12,Disponible
I-008556,SUC-35,PR-4453,74.0,8.0,2025-05-09,2025-08-18,Disponible
I-008557,SUC-45,PR-7456,53.0,6.0,2025-04-08,2025-04-09,Disponible
I-008558,SUC-10,PR-6595,51.0,14.0,2025-04-06,2025-06-15,Disponible
inv_008559,SUC-31,PR-2799,66.0,18.0,2025-04-03,2025-06-10,Disponible
I-008560,SUC-29,,35.0,19.0,2025-05-18,2025-08-28,Desconocido
I-008561,SUC-47,PR-3572,76.0,6.0,2025-07-14,2025-08-25,Disponible
I-008562,SUC-43,PR-9500,36.0,19.0,2025-05-15,2025-07-22,Disponible
inv_008563,SUC-5,PR-5182,13.0,16.0,2025-05-16,2025-07-18,Bajo stock
inv_008564,SUC-36,PR-8234,11.0,5.0,2025-06-08,2025-07-17,Disponible
inv_008565,SUC-47,PR-4210,29.0,14.0,2025-03-21,2025-07-13,Disponible
I-008566,SUC-1,PR-9528,92.0,7.0,2025-06-08,2025-08-25,Disponible
inv_008567,SUC-25,PR-8463,97.0,14.0,2025-04-03,2025-05-25,Disponible
I-008568,SUC-1,PR-9483,23.0,18.0,2025-06-03,2025-06-15,Disponible
inv_008569,SUC-37,PR-4219,86.0,15.0,2025-06-26,2025-08-27,Disponible
inv_008570,SUC-28,PR-4379,52.0,8.0,2025-03-17,2025-04-02,Disponible
inv_008571,SUC-38,PR-1121,88.0,20.0,2025-04-07,2025-04-28,Disponible
I-008572,SUC-29,PR-7374,20.0,12.0,2025-03-15,2025-07-18,Disponible
I-008573,SUC-42,PR-479,83.0,9.0,2025-06-03,2025-06-19,Disponible
inv_008574,SUC-25,PR-2577,52.0,18.0,2025-04-28,2025-07-23,Disponible
I-008575,SUC-12,PR-5658,61.0,12.0,2025-07-28,2025-08-15,Disponible
I-008576,SUC-18,PR-1420,72.0,20.0,2025-04-26,2025-07-04,Disponible
I-008577,SUC-39,PR-2622,35.0,16.0,2025-04-01,2025-07-17,Disponible
I-008578,SUC-10,PR-4240,79.0,16.0,2025-05-07,2025-06-08,Disponible
I-008579,SUC-38,PR-8307,41.0,13.0,2025-04-25,2025-06-10,Disponible
inv_008580,SUC-3,PR-8416,88.0,8.0,2025-04-21,2025-08-24,Disponible
inv_008581,SUC-30,PR-6312,73.0,14.0,2025-03-26,2025-04-20,Disponible
I-008582,SUC-24,PR-430,55.0,10.0,2025-06-12,2025-06-23,Disponible
inv_008583,SUC-8,PR-8308,67.0,19.0,2025-07-13,2025-08-23,Disponible
I-008584,SUC-42,PR-8143,47.0,6.0,2025-07-05,2025-08-02,Disponible
I-008585,SUC-27,PR-7489,37.0,20.0,2025-04-23,2025-05-26,Disponible
I-008586,SUC-30,PR-3529,87.0,11.0,2025-06-05,2025-07-11,Disponible
inv_008587,SUC-9,PR-4176,37.0,10.0,2025-04-03,2025-04-03,Disponible
inv_008588,SUC-43,PR-9677,18.0,5.0,2025-03-09,2025-05-16,Disponible
I-008589,SUC-21,PR-6724,55.0,12.0,2025-03-31,2025-06-18,Disponible
I-008590,SUC-16,PR-3670,16.0,7.0,2025-05-27,2025-05-28,Disponible
I-008591,SUC-26,PR-7723,15.0,10.0,2025-04-04,2025-05-20,Disponible
I-008592,SUC-10,PR-5665,20.0,16.0,2025-06-28,2025-08-03,Disponible
inv_008593,SUC-14,PR-3816,64.0,13.0,2025-07-16,2025-08-03,Disponible
I-008594,SUC-1,PR-518,42.0,16.0,2025-03-29,2025-07-08,Disponible
inv_008595,SUC-30,PR-2030,9.0,6.0,2025-05-01,2025-08-12,Disponible
I-008596,SUC-29,PR-1208,47.0,19.0,2025-05-13,2025-07-01,Disponible
I-008597,SUC-10,PR-8365,16.0,7.0,2025-03-20,2025-08-26,Disponible
inv_008598,SUC-24,PR-9152,40.0,19.0,2025-05-28,2025-05-31,Disponible
inv_008599,SUC-17,PR-547,26.0,11.0,2025-05-03,2025-05-15,Disponible
,SUC-32,PR-1263,11.0,,2025-03-31,2025-05-25,Bajo stock
inv_008601,SUC-35,PR-5747,20.0,15.0,2025-05-19,2025-08-27,Disponible
inv_008602,SUC-12,PR-2257,71.0,12.0,2025-03-13,2025-05-10,Disponible
I-008603,SUC-11,PR-9944,17.0,8.0,2025-05-26,2025-08-16,Disponible
I-008604,SUC-27,PR-8061,45.0,5.0,2025-05-07,2025-06-04,Disponible
I-008605,SUC-7,PR-2364,81.0,14.0,2025-05-09,2025-07-14,Disponible
inv_008606,SUC-10,PR-2178,68.0,7.0,2025-05-13,2025-08-28,Disponible
I-008607,SUC-31,PR-206,16.0,9.0,2025-03-28,2025-07-09,Disponible
I-008608,SUC-50,PR-6713,60.0,11.0,2025-06-05,2025-06-27,Disponible
I-008609,SUC-26,PR-6790,63.0,12.0,2025-07-28,2025-08-19,Disponible
I-008610,SUC-9,PR-5133,,5.0,2025-04-29,2026-01-01,Disponible
inv_008611,SUC-9,PR-8946,46.0,12.0,2025-04-08,2025-07-20,Disponible
I-008612,SUC-26,PR-8446,47.0,8.0,2025-05-16,2025-07-23,Disponible
I-008613,SUC-31,PR-6555,4.0,17.0,2025-03-12,2025-06-22,Bajo stock
I-008614,SUC-14,PR-3437,0.0,12.0,2025-04-10,2025-08-18,Agotado
I-008615,SUC-47,PR-8911,76.0,13.0,2025-07-19,2025-07-23,Disponible
inv_008616,SUC-1,PR-676,32.0,20.0,2025-03-30,2025-04-25,Disponible
I-008617,SUC-11,PR-724,85.0,10.0,2025-06-13,2025-06-19,Disponible
I-008618,SUC-43,PR-7462,84.0,15.0,2025-05-19,2025-06-13,Disponible
I-008619,SUC-10,PR-1492,95.0,8.0,2025-05-09,2025-05-14,Disponible
inv_008620,SUC-22,PR-4721,86.0,15.0,2025-06-19,2025-07-04,Disponible
I-008621,SUC-1,PR-638,31.0,7.0,2025-03-19,2025-06-09,Disponible
I-008622,SUC-42,PR-6026,47.0,17.0,2025-05-01,2025-08-13,Disponible
I-008623,SUC-46,PR-1118,47.0,19.0,2025-04-07,2025-06-04,Disponible
inv_008624,SUC-22,PR-2088,84.0,11.0,2025-03-30,2025-06-16,Disponible
I-008625,SUC-25,PR-3882,93.0,,2025-04-10,2025-07-29,Disponible
inv_008626,SUC-10,PR-7484,76.0,20.0,2025-04-02,2025-06-22,Disponible
inv_008627,SUC-9,PR-674,65.0,19.0,2025-07-22,2025-08-28,Disponible
inv_008628,SUC-6,PR-1087,92.0,17.0,2025-06-02,2025-06-30,Disponible
inv_008629,SUC-30,PR-2211,23.0,12.0,2025-03-12,2025-06-20,Disponible
I-008630,SUC-39,PR-9134,43.0,5.0,2025-03-24,2025-05-02,Disponible
I-008631,SUC-47,PR-8138,48.0,5.0,2025-04-05,2025-04-18,Disponible
inv_008632,SUC-14,PR-8894,78.0,20.0,2025-07-15,2025-08-14,Disponible
I-008633,SUC-27,PR-2464,27.0,11.0,2025-06-29,2025-08-10,Disponible
I-008634,SUC-10,PR-9916,100.0,12.0,2025-03-12,2025-06-24,Disponible
I-008635,SUC-10,PR-9874,22.0,15.0,2025-03-19,2025-04-29,Disponible
I-008636,SUC-3,PR-4767,11.0,15.0,2025-07-20,2025-08-12,Bajo stock
inv_008637,SUC-46,PR-8682,90.0,14.0,2025-04-24,2025-06-17,Disponible
I-008638,SUC-45,PR-6664,71.0,12.0,2025-05-08,2025-07-22,Disponible
I-008639,SUC-39,PR-7674,92.0,14.0,2025-03-07,2025-04-08,Disponible
I-008640,SUC-3,,57.0,14.0,2025-06-18,2025-08-27,Agotado
I-008641,SUC-23,PR-6823,33.0,11.0,2025-04-28,2025-07-01,Disponible
I-008642,SUC-7,PR-7664,52.0,18.0,2025-07-21,2025-08-14,Disponible
inv_008643,SUC-39,PR-521,63.0,13.0,2025-07-07,2025-08-12,Disponible
I-008644,SUC-9,PR-6625,78.0,9.0,2025-03-02,2025-06-15,Disponible
I-008645,SUC-37,PR-7744,97.0,17.0,2025-03-20,2026-01-01,Disponible
inv_008646,SUC-47,PR-7047,37.0,9.0,2025-07-24,2025-08-10,Disponible
inv_008647,SUC-44,PR-5824,77.0,8.0,2025-05-20,2025-05-26,Disponible
I-008648,SUC-15,PR-6480,66.0,14.0,2025-03-15,2025-04-27,Disponible
I-008649,SUC-23,PR-1571,54.0,16.0,2025-03-28,2025-04-27,Disponible
I-008650,SUC-26,PR-1604,58.0,10.0,2025-03-10,2025-04-09,Disponible
I-008651,SUC-44,PR-5841,48.0,14.0,2025-05-24,2025-07-29,Disponible
I-008652,SUC-13,PR-8902,0.0,5.0,2025-04-25,2025-07-20,Agotado
inv_008653,SUC-20,PR-4033,48.0,15.0,2025-06-22,2025-07-16,Disponible
I-008654,SUC-13,PR-3637,41.0,11.0,2025-07-10,2025-08-11,Disponible
inv_008655,SUC-24,PR-9780,97.0,5.0,2025-05-03,2025-06-09,Disponible
inv_008656,SUC-26,PR-2541,5.0,9.0,2025-03-17,2025-06-23,Bajo stock
I-008657,SUC-27,PR-2640,84.0,8.0,2025-04-14,2025-05-28,Disponible
I-008658,SUC-29,PR-2264,61.0,17.0,2025-05-19,2025-08-09,Disponible
I-008659,SUC-42,PR-264,44.0,7.0,2025-04-15,2025-05-24,Disponible
I-008660,SUC-38,PR-8817,43.0,14.0,2025-03-24,2025-08-18,Disponible
I-008661,SUC-27,PR-9696,46.0,7.0,2025-06-22,2025-07-26,Disponible
I-008662,SUC-24,PR-269,52.0,11.0,2025-06-04,2025-07-21,Disponible
inv_008663,SUC-46,PR-5477,48.0,16.0,2025-07-16,2025-08-13,Disponible
I-008664,SUC-42,PR-410,3.0,7.0,2025-05-11,2025-06-05,Bajo stock
inv_008665,SUC-27,PR-3950,17.0,19.0,2025-04-15,2025-06-03,Bajo stock
I-008666,SUC-40,PR-5061,41.0,6.0,2025-06-27,2025-07-14,Disponible
I-008667,SUC-5,PR-1348,32.0,13.0,2025-05-16,2025-06-06,Disponible
inv_008668,SUC-41,PR-8127,19.0,13.0,2025-06-09,2025-06-16,Disponible
I-008669,SUC-16,PR-5486,5.0,9.0,2025-03-18,2025-07-31,Bajo stock
I-008670,SUC-23,PR-1422,,15.0,2025-05-05,2025-08-05,Disponible
I-008671,SUC-47,PR-9164,27.0,17.0,2025-04-23,2025-06-03,Disponible
I-008672,SUC-50,PR-5566,17.0,13.0,2025-06-06,2025-06-23,Disponible
I-008673,SUC-16,PR-1565,70.0,6.0,2025-04-17,2025-06-08,Disponible
I-008674,SUC-14,PR-5596,82.0,19.0,2025-04-01,2025-08-25,Disponible
I-008675,SUC-32,PR-8315,69.0,79.0,2025-04-09,2025-05-06,Bajo stock
I-008676,SUC-3,PR-2403,75.0,18.0,2025-04-01,2025-08-26,Disponible
I-008677,SUC-39,PR-9141,85.0,14.0,2025-07-07,2025-08-22,Disponible
I-008678,SUC-11,PR-1211,66.0,14.0,2025-04-23,2025-05-19,Disponible
I-008679,SUC-7,PR-5820,84.0,14.0,2025-05-28,2025-07-08,Disponible
I-008680,SUC-5,PR-4584,10.0,16.0,2025-04-08,2026-01-01,Bajo stock
inv_008681,SUC-47,PR-2919,92.0,20.0,2025-03-26,2025-06-27,Disponible
I-008682,SUC-35,PR-396,30.0,18.0,2025-05-27,2025-08-18,Disponible
I-008683,SUC-35,PR-9807,31.0,12.0,2025-03-18,2025-05-03,Disponible
inv_008684,SUC-6,PR-8846,1.0,5.0,2025-07-08,2025-08-19,Bajo stock
I-008685,SUC-30,PR-1948,63.0,19.0,2025-05-15,2025-07-25,Disponible
I-008686,SUC-3,PR-2103,56.0,13.0,2025-07-15,2025-08-09,Disponible
I-008687,SUC-20,PR-6139,53.0,15.0,2025-04-24,2025-04-28,Disponible
inv_008688,SUC-36,PR-7329,96.0,11.0,2025-07-13,2025-07-25,Disponible
I-008689,SUC-16,PR-2839,58.0,14.0,2025-07-08,2025-07-27,Disponible
I-008690,SUC-33,PR-9137,89.0,14.0,2025-03-04,2025-03-17,Disponible
inv_008691,SUC-31,PR-4605,78.0,10.0,2025-04-20,2025-07-25,Disponible
I-008692,SUC-35,PR-9614,100.0,14.0,2025-05-29,2025-08-25,Disponible
I-008693,SUC-43,PR-8656,53.0,7.0,2025-05-15,2025-05-24,Disponible
I-008694,SUC-9,PR-6306,41.0,11.0,2025-06-21,2025-07-08,Disponible
I-008695,SUC-31,PR-8035,23.0,6.0,2025-05-05,2025-06-13,Disponible
inv_008696,SUC-41,PR-4973,53.0,17.0,2025-06-20,2025-08-25,Disponible
inv_008697,SUC-28,PR-4288,55.0,20.0,2025-04-18,2025-06-29,Disponible
I-008698,SUC-45,PR-1933,84.0,7.0,2025-03-18,2025-05-09,Disponible
I-008699,SUC-25,PR-2256,32.0,10.0,2025-07-22,2025-07-27,Disponible
inv_008700,SUC-33,PR-4261,21.0,9.0,2025-03-09,2025-06-26,Bajo stock
inv_008701,SUC-31,PR-1013,4.0,15.0,2025-04-18,2025-05-18,Bajo stock
I-008702,SUC-9,PR-8022,57.0,10.0,2025-07-25,2025-08-24,Disponible
inv_008703,SUC-12,PR-337,78.0,16.0,2025-04-23,2025-05-02,Disponible
I-008704,SUC-28,PR-7455,77.0,18.0,2025-07-27,2025-08-19,Disponible
I-008705,SUC-2,PR-8386,41.0,6.0,2025-03-02,2025-03-20,Disponible
I-008706,SUC-25,PR-9580,81.0,18.0,2025-07-08,2025-07-27,Disponible
I-008707,SUC-9,PR-7813,81.0,20.0,2025-05-24,2025-06-28,Disponible
inv_008708,SUC-17,PR-1653,67.0,19.0,2025-05-20,2025-08-01,Disponible
I-008709,SUC-44,PR-407,56.0,16.0,2025-04-21,2025-07-12,Disponible
inv_008710,SUC-11,PR-7161,32.0,9.0,2025-05-01,2025-07-14,Disponible
I-008711,SUC-13,PR-1583,42.0,10.0,2025-07-10,2025-08-04,Disponible
I-008712,SUC-33,PR-4258,97.0,7.0,2025-03-31,2025-04-04,Disponible
inv_008713,SUC-3,PR-9150,97.0,19.0,2025-06-17,2025-06-28,Disponible
I-008714,SUC-46,PR-6984,56.0,14.0,2025-06-17,2025-08-20,Disponible
I-008715,SUC-31,PR-730,61.0,16.0,2025-06-26,2025-07-11,Disponible
I-008716,SUC-22,PR-1300,44.0,14.0,2025-05-12,2025-07-05,Disponible
I-008717,SUC-29,PR-9767,71.0,20.0,2025-05-14,2025-07-06,Disponible
I-008718,SUC-27,PR-8665,12.0,20.0,2025-04-26,2025-06-03,Bajo stock
inv_008719,SUC-7,PR-2915,22.0,6.0,2025-03-18,2025-07-25,Disponible
I-008720,SUC-9,,45.0,8.0,2025-04-10,2025-05-05,Bajo stock
I-008721,SUC-9,PR-4633,30.0,9.0,2025-05-28,2025-07-12,Disponible
I-008722,SUC-1,PR-8973,47.0,18.0,2025-07-26,2025-08-13,Disponible
inv_008723,SUC-46,PR-1435,98.0,12.0,2025-05-21,2025-05-28,Disponible
I-008724,SUC-22,PR-6417,8.0,10.0,2025-04-28,2025-06-20,Bajo stock
inv_008725,SUC-22,PR-1706,33.0,43.0,2025-05-30,2025-07-26,Bajo stock
I-008726,SUC-43,PR-372,34.0,16.0,2025-06-04,2025-08-05,Disponible
inv_008727,SUC-18,PR-8891,100.0,17.0,2025-04-29,2025-06-24,Disponible
I-008728,SUC-16,PR-2553,31.0,7.0,2025-06-28,2025-07-31,Disponible
I-008729,SUC-37,PR-4894,25.0,9.0,2025-03-24,2025-06-28,Disponible
I-008730,SUC-9,PR-4754,58.0,15.0,2025-05-21,2025-08-02,Disponible
I-008731,SUC-18,PR-2045,46.0,12.0,2025-04-23,2025-06-24,Disponible
I-008732,SUC-19,PR-8738,78.0,10.0,2025-06-27,2025-07-04,Disponible
inv_008733,SUC-36,PR-6905,32.0,10.0,2025-06-29,2025-08-19,Disponible
I-008734,SUC-32,PR-4571,15.0,5.0,2025-03-13,2025-07-22,Disponible
I-008735,SUC-18,PR-5560,70.0,16.0,2025-05-05,2025-05-30,Disponible
I-008736,SUC-4,PR-9091,46.0,12.0,2025-04-22,2025-05-09,Disponible
inv_008737,SUC-3,PR-7264,48.0,17.0,2025-07-24,2025-08-07,Disponible
inv_008738,SUC-42,PR-3580,36.0,20.0,2025-04-07,2025-07-27,Disponible
inv_008739,SUC-32,PR-6743,90.0,15.0,2025-06-15,2025-08-09,Disponible
inv_008740,SUC-30,PR-6697,88.0,20.0,2025-03-19,2025-05-24,Agotado
inv_008741,SUC-33,PR-7513,13.0,13.0,2025-07-03,2025-07-17,Bajo stock
I-008742,SUC-7,PR-446,48.0,13.0,2025-06-25,2025-07-09,Disponible
I-008743,SUC-42,PR-1012,68.0,5.0,2025-04-25,2025-08-27,Disponible
I-008744,SUC-31,PR-2335,45.0,19.0,2025-03-30,2025-06-20,Disponible
I-008745,SUC-48,PR-8872,37.0,16.0,2025-07-21,2025-07-30,Disponible
I-008746,SUC-3,PR-5640,55.0,17.0,2025-04-07,2025-07-30,Disponible
I-008747,SUC-36,PR-8878,88.0,19.0,2025-05-01,2025-08-21,Disponible
inv_008748,SUC-48,PR-2279,40.0,10.0,2025-04-03,2025-06-30,Disponible
I-008749,SUC-19,PR-2389,9.0,7.0,2025-05-27,2025-07-25,Disponible
I-008750,SUC-5,PR-7946,44.0,19.0,2025-07-07,2025-07-13,Disponible
inv_008751,SUC-41,PR-9323,58.0,8.0,2025-03-26,2025-08-28,Disponible
I-008752,SUC-22,PR-4854,37.0,9.0,2025-05-07,2025-05-15,Disponible
I-008753,SUC-18,PR-5676,65.0,6.0,2025-07-26,2025-07-29,Disponible
I-008754,SUC-1,PR-8134,37.0,20.0,2025-03-03,2025-07-21,Disponible
inv_008755,SUC-31,PR-2038,0.0,9.0,2025-05-02,2025-07-23,Agotado
I-008756,SUC-36,PR-2463,55.0,9.0,2025-07-10,2025-08-20,Disponible
inv_008757,SUC-48,PR-1682,33.0,13.0,2025-03-27,2025-04-29,Disponible
I-008758,SUC-38,PR-3416,12.0,15.0,2025-06-23,2025-07-08,Bajo stock
inv_008759,SUC-7,PR-6792,86.0,13.0,2025-05-16,2025-05-31,Disponible
I-008760,SUC-39,,93.0,18.0,2025-03-13,2025-08-11,Agotado
I-008761,SUC-28,PR-4904,72.0,8.0,2025-04-05,2025-07-12,Disponible
I-008762,SUC-34,PR-4936,69.0,6.0,2025-03-12,2025-07-14,Disponible
inv_008763,SUC-50,PR-7964,43.0,11.0,2025-05-20,2025-08-09,Disponible
inv_008764,SUC-3,PR-774,55.0,11.0,2025-04-23,2025-06-12,Disponible
inv_008765,SUC-31,PR-9221,53.0,17.0,2025-06-01,2025-08-08,Disponible
I-008766,SUC-14,PR-9236,19.0,10.0,2025-06-07,2025-07-07,Disponible
I-008767,SUC-48,PR-1939,58.0,7.0,2025-03-27,2025-04-01,Disponible
I-008768,SUC-48,PR-5031,6.0,10.0,2025-07-20,2025-08-09,Bajo stock
inv_008769,SUC-41,PR-2568,70.0,16.0,2025-06-19,2025-08-24,Disponible
inv_008770,SUC-42,PR-9015,20.0,7.0,2025-06-06,2025-07-16,Disponible
I-008771,SUC-40,PR-5803,71.0,19.0,2025-03-28,2025-04-03,Disponible
I-008772,SUC-31,PR-4796,81.0,17.0,2025-07-15,2025-07-23,Disponible
inv_008773,SUC-6,PR-6254,66.0,17.0,2025-04-11,2025-07-27,Disponible
I-008774,SUC-43,PR-6800,48.0,8.0,2025-03-17,2025-07-12,Disponible
inv_008775,SUC-1,PR-6072,23.0,14.0,2025-03-14,2025-08-09,Disponible
I-008776,SUC-30,PR-8731,31.0,12.0,2025-07-23,2025-08-02,Disponible
inv_008777,SUC-33,PR-8739,13.0,19.0,2025-04-10,2025-04-25,Bajo stock
I-008778,SUC-48,PR-4247,72.0,6.0,2025-03-22,2025-04-11,Disponible
I-008779,SUC-2,PR-1410,90.0,15.0,2025-05-19,2025-07-27,Disponible
I-008780,SUC-44,PR-8865,68.0,12.0,2025-05-14,2025-06-30,Bajo stock
inv_008781,SUC-31,PR-3108,87.0,12.0,2025-05-01,2025-06-01,Disponible
I-008782,SUC-35,PR-5667,89.0,15.0,2025-06-17,2025-08-27,Disponible
inv_008783,SUC-32,PR-5618,83.0,19.0,2025-04-28,2025-07-04,Disponible
inv_008784,SUC-36,PR-9590,57.0,11.0,2025-06-02,2025-07-07,Disponible
inv_008785,SUC-26,PR-9355,70.0,12.0,2025-04-15,2025-04-19,Disponible
I-008786,SUC-34,PR-4450,9.0,10.0,2025-04-22,2025-04-24,Bajo stock
I-008787,SUC-21,PR-2821,40.0,18.0,2025-04-03,2025-06-24,Disponible
inv_008788,SUC-24,PR-649,48.0,11.0,2025-03-10,2025-06-17,Disponible
I-008789,SUC-27,PR-4343,76.0,18.0,2025-06-05,2025-08-12,Disponible
I-008790,SUC-1,PR-746,-8.0,13.0,2025-04-01,2025-07-22,Bajo stock
I-008791,SUC-11,PR-9257,90.0,18.0,2025-03-11,2025-04-25,Disponible
I-008792,SUC-18,PR-6897,9.0,9.0,2025-04-14,2025-05-01,Bajo stock
I-008793,SUC-35,PR-5565,74.0,18.0,2025-03-07,2025-05-25,Disponible
I-008794,SUC-9,PR-2975,9.0,13.0,2025-07-08,2025-07-09,Bajo stock
I-008795,SUC-30,PR-1649,27.0,5.0,2025-03-14,2025-05-24,Disponible
I-008796,SUC-20,PR-107,11.0,11.0,2025-03-26,2025-07-22,Bajo stock
I-008797,SUC-19,PR-646,19.0,15.0,2025-07-27,2025-08-26,Disponible
I-008798,SUC-1,PR-1467,91.0,20.0,2025-07-05,2025-07-25,Disponible
I-008799,SUC-43,PR-6348,59.0,19.0,2025-07-06,2025-08-28,Disponible
inv_008800,SUC-1,,17.0,12.0,2025-06-08,2025-08-06,Desconocido
I-008801,SUC-33,PR-2571,49.0,14.0,2025-03-26,2025-07-19,Disponible
I-008802,SUC-50,PR-5334,92.0,13.0,2025-07-28,2025-08-01,Disponible
I-008803,SUC-16,PR-2648,44.0,14.0,2025-04-30,2025-06-15,Disponible
I-008804,SUC-43,PR-8893,39.0,9.0,2025-06-16,2025-08-21,Disponible
inv_008805,SUC-37,PR-7402,98.0,8.0,2025-05-03,2025-08-06,Disponible
I-008806,SUC-50,PR-3122,72.0,14.0,2025-03-22,2025-05-18,Disponible
inv_008807,SUC-43,PR-8539,90.0,6.0,2025-06-29,2025-08-12,Disponible
inv_008808,SUC-24,PR-8540,74.0,18.0,2025-06-23,2025-07-14,Disponible
inv_008809,SUC-14,PR-2152,14.0,18.0,2025-06-21,2025-08-04,Bajo stock
I-008810,SUC-36,PR-6121,13.0,8.0,2025-03-23,2025-06-04,Disponible
inv_008811,SUC-45,PR-126,91.0,15.0,2025-03-22,2025-03-28,Disponible
inv_008812,SUC-2,PR-5386,69.0,9.0,2025-06-02,2025-07-20,Disponible
inv_008813,SUC-40,PR-2405,83.0,20.0,2025-06-08,2025-06-17,Disponible
I-008814,SUC-45,PR-7682,34.0,20.0,2025-05-05,2025-08-14,Disponible
I-008815,SUC-7,PR-3756,69.0,16.0,2025-07-03,2025-07-12,Disponible
inv_008816,SUC-37,PR-7129,51.0,11.0,2025-04-20,2025-05-15,Disponible
I-008817,SUC-9,PR-8923,15.0,15.0,2025-07-12,2025-08-14,Bajo stock
inv_008818,SUC-10,PR-8004,89.0,6.0,2025-04-24,2025-08-20,Disponible
I-008819,SUC-44,PR-8319,86.0,5.0,2025-05-10,2025-06-26,Disponible
I-008820,SUC-38,PR-3713,-6.0,18.0,2025-04-03,2025-05-19,Bajo stock
inv_008821,SUC-10,PR-6620,46.0,13.0,2025-03-18,2025-03-24,Disponible
I-008822,SUC-7,PR-5830,65.0,15.0,2025-03-31,2025-05-15,Disponible
I-008823,SUC-15,PR-7752,26.0,15.0,2025-05-11,2025-08-10,Disponible
inv_008824,SUC-11,PR-2905,54.0,11.0,2025-05-09,2025-08-02,Disponible
I-008825,SUC-32,PR-7840,33.0,,2025-03-30,2025-05-13,Disponible
I-008826,SUC-4,PR-7525,40.0,17.0,2025-07-28,2025-08-05,Disponible
inv_008827,SUC-46,PR-347,75.0,13.0,2025-03-04,2025-08-07,Disponible
I-008828,SUC-11,PR-9602,81.0,11.0,2025-03-02,2025-03-26,Disponible
inv_008829,SUC-23,PR-7507,50.0,19.0,2025-03-30,2025-06-28,Disponible
I-008830,SUC-10,PR-8096,94.0,17.0,2025-05-01,2025-08-23,Disponible
I-008831,SUC-17,PR-2578,77.0,16.0,2025-06-29,2025-08-01,Disponible
I-008832,SUC-1,PR-9704,8.0,17.0,2025-07-13,2025-07-14,Bajo stock
I-008833,SUC-45,PR-8769,40.0,19.0,2025-07-11,2025-08-18,Disponible
I-008834,SUC-23,PR-6052,15.0,12.0,2025-05-19,2025-08-19,Disponible
I-008835,SUC-11,PR-3345,91.0,11.0,2025-06-11,2025-06-29,Disponible
I-008836,SUC-12,PR-2199,54.0,8.0,2025-06-22,2025-07-11,Disponible
I-008837,SUC-10,PR-8365,46.0,9.0,2025-03-04,2025-04-07,Disponible
inv_008838,SUC-25,PR-7370,94.0,16.0,2025-04-23,2025-08-01,Disponible
I-008839,SUC-41,PR-4883,41.0,15.0,2025-05-18,2025-07-10,Disponible
inv_008840,SUC-14,PR-5121,55.0,17.0,2025-03-21,2025-06-28,Agotado
I-008841,SUC-45,PR-4206,37.0,7.0,2025-07-06,2025-07-09,Disponible
I-008842,SUC-21,PR-963,33.0,13.0,2025-05-10,2025-06-11,Disponible
inv_008843,SUC-2,PR-3297,100.0,19.0,2025-06-03,2025-08-18,Disponible
I-008844,SUC-11,PR-4111,85.0,7.0,2025-06-13,2025-06-20,Disponible
I-008845,SUC-41,PR-3388,9.0,18.0,2025-06-19,2025-08-24,Bajo stock
I-008846,SUC-13,PR-8062,33.0,15.0,2025-07-09,2025-08-19,Disponible
I-008847,SUC-26,PR-8326,20.0,9.0,2025-07-05,2025-08-26,Disponible
inv_008848,SUC-39,PR-5777,23.0,17.0,2025-04-13,2025-06-07,Disponible
inv_008849,SUC-50,PR-2222,6.0,17.0,2025-03-24,2025-04-25,Bajo stock
I-008850,SUC-48,PR-9220,,50.0,2025-03-11,2025-03-30,Disponible
inv_008851,SUC-4,PR-2106,65.0,13.0,2025-04-01,2025-07-25,Disponible
inv_008852,SUC-1,PR-6957,87.0,16.0,2025-05-14,2025-07-25,Disponible
I-008853,SUC-13,PR-1142,42.0,16.0,2025-07-05,2025-07-25,Disponible
I-008854,SUC-47,PR-8877,59.0,20.0,2025-04-09,2025-07-18,Disponible
inv_008855,SUC-44,PR-5172,48.0,8.0,2025-03-08,,Disponible
inv_008856,SUC-31,PR-9978,96.0,6.0,2025-04-07,2025-08-02,Disponible
I-008857,SUC-10,PR-3044,52.0,15.0,2025-03-27,2025-08-08,Disponible
I-008858,SUC-33,PR-1113,81.0,5.0,2025-03-14,2025-05-27,Disponible
I-008859,SUC-40,PR-6370,42.0,15.0,2025-06-09,2025-06-28,Disponible
I-008860,SUC-36,PR-3485,21.0,17.0,2025-04-06,2025-07-11,Agotado
I-008861,SUC-40,PR-5026,79.0,10.0,2025-03-09,2025-03-24,Disponible
I-008862,SUC-46,PR-77,17.0,18.0,2025-03-25,2025-05-31,Bajo stock
I-008863,SUC-5,PR-7798,48.0,19.0,2025-06-03,2025-07-27,Disponible
I-008864,SUC-34,PR-6262,32.0,16.0,2025-07-12,2025-08-27,Disponible
I-008865,SUC-43,PR-1849,26.0,5.0,2025-03-03,2025-06-03,Disponible
I-008866,SUC-19,PR-2851,26.0,6.0,2025-03-30,2025-07-18,Disponible
inv_008867,SUC-49,PR-8555,51.0,6.0,2025-03-07,2025-03-16,Disponible
I-008868,SUC-45,PR-1841,97.0,20.0,2025-03-28,2025-04-19,Disponible
I-008869,SUC-30,PR-7363,60.0,5.0,2025-05-12,2025-07-02,Disponible
I-008870,SUC-40,PR-5848,60.0,14.0,2025-06-19,2025-07-23,Disponible
inv_008871,SUC-25,PR-6988,11.0,10.0,2025-04-24,2025-08-14,Disponible
I-008872,SUC-20,PR-4049,86.0,8.0,2025-07-09,2025-08-01,Disponible
I-008873,SUC-26,PR-9844,55.0,13.0,2025-06-22,2025-07-24,Disponible
I-008874,SUC-38,PR-1873,57.0,8.0,2025-05-13,2025-08-14,Disponible
I-008875,SUC-50,PR-1175,2.0,12.0,2025-05-22,2025-07-21,Bajo stock
I-008876,SUC-39,PR-7879,31.0,13.0,2025-03-07,2025-03-08,Disponible
I-008877,SUC-47,PR-30,32.0,16.0,2025-07-25,2025-08-11,Disponible
I-008878,SUC-34,PR-8030,89.0,9.0,2025-04-10,2025-08-16,Disponible
inv_008879,SUC-31,PR-3758,35.0,7.0,2025-05-31,2025-08-18,Disponible
inv_008880,SUC-33,,,14.0,2025-06-17,2025-07-19,Bajo stock
I-008881,SUC-11,PR-5205,40.0,7.0,2025-06-21,2025-07-29,Disponible
I-008882,SUC-50,PR-1408,30.0,18.0,2025-04-24,2025-07-08,Disponible
I-008883,SUC-37,PR-3282,23.0,14.0,2025-06-07,2025-07-26,Disponible
I-008884,SUC-48,PR-7724,83.0,5.0,2025-05-15,2025-08-25,Disponible
I-008885,SUC-40,PR-6012,73.0,16.0,2025-07-26,2025-07-28,Disponible
I-008886,SUC-3,PR-3027,24.0,13.0,2025-04-12,2025-05-06,Disponible
inv_008887,SUC-39,PR-3827,31.0,6.0,2025-04-09,2025-05-06,Disponible
inv_008888,SUC-20,PR-2452,66.0,16.0,2025-07-14,2025-08-05,Disponible
inv_008889,SUC-36,PR-9536,39.0,12.0,2025-06-15,2025-06-22,Disponible
inv_008890,SUC-44,PR-3668,51.0,13.0,2025-06-27,,Disponible
I-008891,SUC-40,PR-8780,66.0,13.0,2025-07-21,2025-08-17,Disponible
inv_008892,SUC-29,PR-7980,36.0,14.0,2025-03-11,2025-07-11,Disponible
I-008893,SUC-27,PR-5102,32.0,18.0,2025-07-01,2025-08-16,Disponible
inv_008894,SUC-21,PR-3712,62.0,6.0,2025-07-11,2025-08-04,Disponible
I-008895,SUC-45,PR-4022,43.0,16.0,2025-04-24,2025-08-09,Disponible
I-008896,SUC-46,PR-4060,67.0,10.0,2025-06-26,2025-08-09,Disponible
inv_008897,SUC-29,PR-1845,63.0,19.0,2025-05-08,2025-06-28,Disponible
I-008898,SUC-5,PR-9901,65.0,8.0,2025-05-29,2025-07-23,Disponible
I-008899,SUC-24,PR-5320,33.0,15.0,2025-05-01,2025-08-10,Disponible
,SUC-17,PR-1424,54.0,,2025-03-14,2025-07-12,Desconocido
I-008901,SUC-39,PR-638,9.0,12.0,2025-07-26,2025-08-09,Bajo stock
I-008902,SUC-35,PR-8742,41.0,18.0,2025-04-27,2025-04-27,Disponible
I-008903,SUC-46,PR-6373,82.0,17.0,2025-04-05,2025-05-26,Disponible
I-008904,SUC-9,PR-7955,16.0,5.0,2025-05-09,2025-05-12,Disponible
I-008905,SUC-11,PR-537,38.0,12.0,2025-07-16,2025-07-22,Disponible
I-008906,SUC-20,PR-2936,33.0,5.0,2025-06-19,2025-07-26,Disponible
I-008907,SUC-25,PR-2189,62.0,9.0,2025-03-27,2025-06-10,Disponible
inv_008908,SUC-24,PR-3905,79.0,12.0,2025-07-20,2025-07-24,Disponible
I-008909,SUC-15,PR-4680,65.0,14.0,2025-04-11,2025-05-13,Disponible
I-008910,SUC-46,PR-8069,-17.0,8.0,2025-06-25,2025-06-25,Bajo stock
inv_008911,SUC-19,PR-5485,39.0,12.0,2025-04-29,2025-08-17,Disponible
inv_008912,SUC-26,PR-5287,10.0,14.0,2025-03-26,2025-05-24,Bajo stock
inv_008913,SUC-42,PR-8883,30.0,5.0,2025-06-01,2025-06-17,Disponible
I-008914,SUC-13,PR-2026,89.0,9.0,2025-07-25,2025-08-05,Disponible
inv_008915,SUC-36,PR-5700,79.0,17.0,2025-07-04,2025-07-20,Disponible
I-008916,SUC-18,PR-1519,44.0,10.0,2025-03-27,2025-04-28,Disponible
inv_008917,SUC-37,PR-7855,79.0,20.0,2025-05-10,2025-07-25,Disponible
inv_008918,SUC-9,PR-5301,47.0,7.0,2025-06-06,2025-08-15,Disponible
inv_008919,SUC-15,PR-534,97.0,11.0,2025-03-15,2025-08-03,Disponible
I-008920,SUC-28,,47.0,7.0,2025-07-11,2025-08-05,Agotado
I-008921,SUC-9,PR-4180,5.0,10.0,2025-03-08,2025-06-21,Bajo stock
I-008922,SUC-18,PR-6383,8.0,12.0,2025-04-11,2025-05-19,Bajo stock
I-008923,SUC-2,PR-9372,10.0,16.0,2025-05-04,2025-07-07,Bajo stock
I-008924,SUC-10,PR-2388,68.0,8.0,2025-05-24,2025-06-04,Disponible
I-008925,SUC-32,PR-9104,34.0,6.0,2025-04-12,2026-01-01,Disponible
I-008926,SUC-23,PR-3974,40.0,11.0,2025-04-12,2025-07-31,Disponible
I-008927,SUC-31,PR-1089,41.0,19.0,2025-05-21,2025-06-22,Disponible
I-008928,SUC-4,PR-8876,75.0,11.0,2025-07-05,2025-08-17,Disponible
I-008929,SUC-40,PR-9890,66.0,18.0,2025-07-10,2025-07-25,Disponible
I-008930,SUC-28,PR-4858,92.0,20.0,2025-04-19,2025-07-06,Disponible
I-008931,SUC-4,PR-7481,95.0,17.0,2025-06-11,2025-07-29,Disponible
I-008932,SUC-34,PR-1596,46.0,18.0,2025-06-02,2025-07-30,Disponible
I-008933,SUC-27,PR-4157,42.0,5.0,2025-06-28,2025-07-12,Disponible
I-008934,SUC-16,PR-8936,2.0,11.0,2025-05-07,2025-08-22,Bajo stock
inv_008935,SUC-23,PR-3948,78.0,7.0,2025-06-26,2025-07-15,Disponible
I-008936,SUC-48,PR-6743,47.0,11.0,2025-05-21,2025-05-23,Disponible
I-008937,SUC-18,PR-5992,53.0,18.0,2025-05-17,2025-06-28,Disponible
I-008938,SUC-40,PR-4017,81.0,12.0,2025-06-17,2025-07-24,Disponible
I-008939,SUC-19,PR-3634,0.0,15.0,2025-03-28,2025-05-22,Agotado
I-008940,SUC-34,PR-6136,,16.0,2025-07-17,2025-07-24,Agotado
I-008941,SUC-25,PR-7296,3.0,5.0,2025-06-06,2025-06-22,Bajo stock
I-008942,SUC-4,PR-867,34.0,5.0,2025-06-07,2025-06-19,Disponible
I-008943,SUC-49,PR-3040,78.0,5.0,2025-03-28,2025-08-10,Disponible
I-008944,SUC-29,PR-2225,71.0,5.0,2025-05-27,2025-07-05,Disponible
inv_008945,SUC-28,PR-2710,90.0,5.0,2025-05-12,2025-07-12,Disponible
I-008946,SUC-19,PR-667,30.0,16.0,2025-05-02,2025-06-15,Disponible
inv_008947,SUC-14,PR-4852,5.0,13.0,2025-07-16,2025-08-20,Bajo stock
I-008948,SUC-41,PR-7801,97.0,6.0,2025-05-07,2025-05-13,Disponible
I-008949,SUC-28,PR-5473,89.0,6.0,2025-04-28,2025-07-05,Disponible
inv_008950,SUC-12,PR-1997,24.0,,2025-06-26,2025-07-14,Disponible
inv_008951,SUC-11,PR-2625,43.0,19.0,2025-07-04,2025-08-12,Disponible
inv_008952,SUC-5,PR-4366,94.0,15.0,2025-06-08,2025-06-10,Disponible
I-008953,SUC-15,PR-3688,65.0,8.0,2025-05-03,2025-08-03,Disponible
I-008954,SUC-3,PR-965,12.0,14.0,2025-05-24,2025-08-03,Bajo stock
I-008955,SUC-35,PR-9073,46.0,12.0,2025-03-12,2025-05-09,Disponible
inv_008956,SUC-5,PR-3811,17.0,5.0,2025-03-21,2025-07-01,Disponible
I-008957,SUC-3,PR-4787,10.0,5.0,2025-03-25,2025-07-29,Disponible
I-008958,SUC-36,PR-2710,63.0,14.0,2025-05-10,2025-06-30,Disponible
I-008959,SUC-40,PR-5332,17.0,20.0,2025-03-05,2025-07-11,Bajo stock
inv_008960,SUC-27,PR-3324,12.0,16.0,2025-07-07,2026-01-01,Bajo stock
I-008961,SUC-32,PR-4450,78.0,12.0,2025-03-10,2025-04-14,Disponible
I-008962,SUC-9,PR-1702,23.0,17.0,2025-04-07,2025-08-27,Disponible
I-008963,SUC-13,PR-657,85.0,5.0,2025-07-13,2025-08-06,Disponible
inv_008964,SUC-45,PR-7221,49.0,15.0,2025-05-05,2025-07-14,Disponible
inv_008965,SUC-38,PR-5428,20.0,10.0,2025-04-05,2025-08-09,Disponible
I-008966,SUC-11,PR-7868,87.0,11.0,2025-06-22,2025-08-26,Disponible
I-008967,SUC-14,PR-3760,96.0,19.0,2025-03-04,2025-06-11,Disponible
I-008968,SUC-4,PR-7604,28.0,7.0,2025-07-15,2025-07-31,Disponible
inv_008969,SUC-29,PR-5551,97.0,16.0,2025-07-02,2025-07-20,Disponible
I-008970,SUC-26,PR-9948,,17.0,2025-05-16,2025-06-23,Disponible
inv_008971,SUC-2,PR-2897,18.0,10.0,2025-05-15,2025-06-09,Disponible
inv_008972,SUC-45,PR-4576,90.0,6.0,2025-06-19,2025-07-12,Disponible
I-008973,SUC-41,PR-4630,10.0,17.0,2025-07-18,2025-08-19,Bajo stock
I-008974,SUC-38,PR-1557,74.0,9.0,2025-07-13,2025-07-19,Disponible
I-008975,SUC-25,PR-122,90.0,5.0,2025-03-04,2025-08-08,Disponible
inv_008976,SUC-6,PR-633,88.0,12.0,2025-03-15,2025-06-08,Disponible
I-008977,SUC-41,PR-6329,77.0,20.0,2025-05-22,2025-06-18,Disponible
I-008978,SUC-22,PR-752,37.0,20.0,2025-03-12,2025-08-16,Disponible
I-008979,SUC-12,PR-1191,46.0,10.0,2025-04-18,2025-07-03,Disponible
I-008980,SUC-49,PR-4536,73.0,11.0,2025-04-06,2025-06-01,Bajo stock
I-008981,SUC-48,PR-8054,55.0,17.0,2025-07-11,2025-08-26,Disponible
I-008982,SUC-10,PR-6318,88.0,16.0,2025-05-04,2025-05-26,Disponible
I-008983,SUC-1,PR-5970,32.0,18.0,2025-07-18,2025-08-11,Disponible
inv_008984,SUC-23,PR-7695,12.0,10.0,2025-05-30,2025-08-13,Disponible
inv_008985,SUC-24,PR-3735,39.0,8.0,2025-04-29,2025-04-30,Disponible
inv_008986,SUC-31,PR-3273,8.0,10.0,2025-05-01,2025-08-04,Bajo stock
I-008987,SUC-34,PR-3584,15.0,5.0,2025-07-03,2025-07-16,Disponible
inv_008988,SUC-3,PR-5146,67.0,19.0,2025-06-30,2025-08-27,Disponible
inv_008989,SUC-16,PR-5831,93.0,6.0,2025-03-22,2025-06-12,Disponible
I-008990,SUC-5,PR-9614,69.0,12.0,2025-07-14,2025-08-12,Disponible
I-008991,SUC-20,PR-2032,45.0,8.0,2025-04-19,2025-06-09,Disponible
I-008992,SUC-26,PR-1844,40.0,20.0,2025-04-10,2025-08-25,Disponible
I-008993,SUC-12,PR-1670,98.0,12.0,2025-05-08,2025-07-16,Disponible
I-008994,SUC-15,PR-3499,19.0,6.0,2025-05-11,2025-08-07,Disponible
I-008995,SUC-10,PR-3997,63.0,6.0,2025-07-03,2026-01-01,Disponible
inv_008996,SUC-5,PR-889,83.0,20.0,2025-05-13,2025-08-22,Disponible
inv_008997,SUC-23,PR-1514,18.0,12.0,2025-06-29,2025-08-03,Disponible
I-008998,SUC-7,PR-74,32.0,6.0,2025-07-07,2025-07-26,Disponible
I-008999,SUC-2,PR-8912,38.0,17.0,2025-07-26,2025-08-09,Disponible
,SUC-21,PR-7204,,12.0,2025-06-12,2025-08-24,Disponible
I-009001,SUC-23,PR-696,41.0,7.0,2025-03-09,2025-04-29,Disponible
I-009002,SUC-20,PR-3267,70.0,19.0,2025-05-16,2025-07-08,Disponible
I-009003,SUC-18,PR-694,48.0,6.0,2025-03-04,2025-04-01,Disponible
I-009004,SUC-39,PR-2129,8.0,10.0,2025-03-23,2025-06-19,Bajo stock
I-009005,SUC-2,PR-5330,89.0,19.0,2025-07-29,2025-08-23,Disponible
I-009006,SUC-45,PR-6422,40.0,10.0,2025-05-17,2025-07-01,Disponible
I-009007,SUC-36,PR-8457,9.0,11.0,2025-03-13,2025-07-17,Bajo stock
inv_009008,SUC-22,PR-2276,62.0,12.0,2025-03-18,2025-04-29,Disponible
I-009009,SUC-40,PR-4888,100.0,16.0,2025-07-08,2025-08-03,Disponible
inv_009010,SUC-2,PR-8576,63.0,14.0,2025-07-28,2025-08-02,Disponible
I-009011,SUC-36,PR-6433,5.0,7.0,2025-05-01,2025-08-19,Bajo stock
I-009012,SUC-39,PR-7254,49.0,6.0,2025-05-25,2025-08-26,Disponible
I-009013,SUC-47,PR-8593,91.0,12.0,2025-05-24,2025-08-08,Disponible
inv_009014,SUC-17,PR-1874,19.0,9.0,2025-03-10,2025-08-17,Disponible
I-009015,SUC-17,PR-6221,68.0,18.0,2025-05-28,2025-08-16,Disponible
I-009016,SUC-10,PR-9998,82.0,20.0,2025-05-28,2025-06-20,Disponible
I-009017,SUC-29,PR-6967,99.0,8.0,2025-05-26,2025-06-12,Disponible
inv_009018,SUC-33,PR-5502,61.0,16.0,2025-05-23,2025-08-06,Disponible
inv_009019,SUC-40,PR-2221,26.0,14.0,2025-04-22,2025-06-27,Disponible
I-009020,SUC-25,PR-3321,89.0,20.0,2025-06-17,2025-07-26,Agotado
I-009021,SUC-17,PR-7626,10.0,9.0,2025-07-26,2025-08-28,Disponible
inv_009022,SUC-44,PR-4523,19.0,14.0,2025-05-24,2025-06-19,Disponible
I-009023,SUC-24,PR-9436,24.0,12.0,2025-07-04,2025-08-07,Disponible
I-009024,SUC-38,PR-9012,99.0,10.0,2025-03-26,2025-08-10,Disponible
I-009025,SUC-39,PR-6240,61.0,15.0,2025-07-02,2025-08-25,Disponible
inv_009026,SUC-21,PR-8303,17.0,10.0,2025-04-17,2025-08-11,Disponible
I-009027,SUC-48,PR-9339,85.0,17.0,2025-05-26,2025-06-26,Disponible
I-009028,SUC-5,PR-3803,61.0,7.0,2025-04-17,2025-05-16,Disponible
inv_009029,SUC-9,PR-7375,11.0,14.0,2025-03-30,2025-07-21,Bajo stock
I-009030,SUC-15,PR-3041,,6.0,2025-05-08,2025-06-14,Disponible
I-009031,SUC-40,PR-3249,100.0,12.0,2025-05-28,2025-07-17,Disponible
inv_009032,SUC-17,PR-153,87.0,8.0,2025-07-24,2025-08-15,Disponible
I-009033,SUC-26,PR-827,3.0,10.0,2025-04-26,2025-07-06,Bajo stock
I-009034,SUC-49,PR-9086,46.0,14.0,2025-05-03,2025-06-23,Disponible
inv_009035,SUC-3,PR-3595,28.0,8.0,2025-06-18,2025-06-21,Disponible
I-009036,SUC-22,PR-1492,78.0,15.0,2025-04-16,2025-05-09,Disponible
I-009037,SUC-33,PR-1983,86.0,14.0,2025-04-12,2025-06-24,Disponible
inv_009038,SUC-29,PR-5333,90.0,14.0,2025-07-01,2025-08-26,Disponible
I-009039,SUC-16,PR-8262,48.0,6.0,2025-04-11,2025-06-21,Disponible
I-009040,SUC-8,,42.0,13.0,2025-06-04,2025-06-30,Bajo stock
I-009041,SUC-12,PR-880,16.0,5.0,2025-04-20,2025-08-06,Disponible
I-009042,SUC-39,PR-7841,16.0,8.0,2025-03-06,2025-04-05,Disponible
I-009043,SUC-2,PR-1158,92.0,15.0,2025-07-04,2025-07-30,Disponible
I-009044,SUC-11,PR-4441,30.0,11.0,2025-07-05,2025-07-17,Disponible
I-009045,SUC-48,PR-6376,98.0,10.0,2025-03-06,2025-04-28,Disponible
I-009046,SUC-9,PR-3670,61.0,5.0,2025-03-23,2025-06-10,Disponible
I-009047,SUC-14,PR-5632,31.0,10.0,2025-06-02,2025-06-25,Disponible
inv_009048,SUC-48,PR-5864,95.0,10.0,2025-03-18,2025-08-06,Disponible
inv_009049,SUC-8,PR-6223,36.0,18.0,2025-07-22,2025-08-16,Disponible
I-009050,SUC-1,PR-2277,37.0,47.0,2025-07-02,2025-07-08,Bajo stock
inv_009051,SUC-24,PR-499,49.0,19.0,2025-04-07,2025-04-07,Disponible
I-009052,SUC-42,PR-7719,37.0,12.0,2025-03-22,2025-08-25,Disponible
I-009053,SUC-8,PR-976,25.0,7.0,2025-05-10,2025-07-07,Disponible
inv_009054,SUC-40,PR-8372,23.0,16.0,2025-05-31,2025-06-07,Disponible
I-009055,SUC-4,PR-3670,35.0,13.0,2025-03-27,2025-04-07,Disponible
I-009056,SUC-37,PR-4989,3.0,15.0,2025-05-31,2025-06-16,Bajo stock
I-009057,SUC-34,PR-889,53.0,6.0,2025-04-05,2025-06-04,Disponible
inv_009058,SUC-23,PR-608,36.0,6.0,2025-04-29,2025-06-14,Disponible
inv_009059,SUC-7,PR-7363,13.0,11.0,2025-03-06,2025-08-21,Disponible
I-009060,SUC-41,PR-2422,-1.0,6.0,2025-04-21,2025-08-01,Bajo stock
inv_009061,SUC-27,PR-5649,47.0,11.0,2025-07-08,2025-07-23,Disponible
inv_009062,SUC-6,PR-8159,28.0,19.0,2025-06-10,2025-07-14,Disponible
I-009063,SUC-10,PR-3401,99.0,15.0,2025-06-29,2025-07-25,Disponible
I-009064,SUC-47,PR-7128,11.0,15.0,2025-06-13,2025-08-03,Bajo stock
I-009065,SUC-11,PR-9067,5.0,10.0,2025-06-21,,Bajo stock
I-009066,SUC-38,PR-7281,64.0,8.0,2025-05-07,2025-07-27,Disponible
inv_009067,SUC-19,PR-6453,50.0,17.0,2025-03-31,2025-07-20,Disponible
inv_009068,SUC-45,PR-1047,98.0,7.0,2025-06-18,2025-07-27,Disponible
I-009069,SUC-38,PR-5365,51.0,16.0,2025-06-04,2025-06-18,Disponible
I-009070,SUC-13,PR-2335,75.0,17.0,2025-05-22,2025-08-28,Disponible
inv_009071,SUC-26,PR-9330,55.0,20.0,2025-05-01,2025-05-26,Disponible
I-009072,SUC-18,PR-861,77.0,18.0,2025-05-20,2025-06-23,Disponible
inv_009073,SUC-40,PR-686,75.0,16.0,2025-05-29,2025-07-09,Disponible
inv_009074,SUC-49,PR-5388,51.0,18.0,2025-03-11,2025-08-27,Disponible
inv_009075,SUC-4,PR-5518,72.0,82.0,2025-05-11,2025-08-05,Bajo stock
inv_009076,SUC-41,PR-7399,77.0,5.0,2025-04-15,2025-06-23,Disponible
I-009077,SUC-20,PR-7650,31.0,10.0,2025-03-06,2025-04-16,Disponible
I-009078,SUC-36,PR-8781,31.0,7.0,2025-04-08,2025-04-14,Disponible
inv_009079,SUC-36,PR-8803,57.0,7.0,2025-04-08,2025-04-16,Disponible
I-009080,SUC-17,,20.0,9.0,2025-04-07,2025-04-14,Agotado
I-009081,SUC-6,PR-9575,49.0,9.0,2025-04-22,2025-05-07,Disponible
I-009082,SUC-25,PR-6423,62.0,12.0,2025-03-22,2025-07-25,Disponible
inv_009083,SUC-22,PR-7509,39.0,16.0,2025-07-08,2025-07-09,Disponible
I-009084,SUC-25,PR-7747,60.0,19.0,2025-05-21,2025-05-27,Disponible
I-009085,SUC-47,PR-4328,20.0,11.0,2025-03-30,2025-08-02,Disponible
I-009086,SUC-11,PR-4038,24.0,13.0,2025-05-18,2025-06-05,Disponible
I-009087,SUC-21,PR-8852,13.0,13.0,2025-05-07,2025-07-12,Bajo stock
I-009088,SUC-31,PR-3304,55.0,12.0,2025-04-03,2025-07-15,Disponible
inv_009089,SUC-50,PR-6958,3.0,20.0,2025-05-06,2025-06-07,Bajo stock
I-009090,SUC-44,PR-6432,-18.0,5.0,2025-04-03,2025-06-12,Bajo stock
inv_009091,SUC-27,PR-6653,13.0,16.0,2025-06-04,2025-07-08,Bajo stock
I-009092,SUC-39,PR-9365,79.0,5.0,2025-03-16,2025-05-29,Disponible
inv_009093,SUC-9,PR-8713,49.0,17.0,2025-05-01,2025-05-25,Disponible
I-009094,SUC-45,PR-146,48.0,18.0,2025-07-28,2025-08-07,Disponible
I-009095,SUC-9,PR-5916,30.0,7.0,2025-04-17,2025-05-23,Disponible
I-009096,SUC-43,PR-3420,94.0,7.0,2025-06-17,2025-07-18,Disponible
I-009097,SUC-2,PR-1565,25.0,10.0,2025-07-02,2025-08-06,Disponible
inv_009098,SUC-20,PR-1392,42.0,5.0,2025-05-09,2025-07-18,Disponible
I-009099,SUC-6,PR-5955,16.0,12.0,2025-03-31,2025-04-14,Disponible
inv_009100,SUC-10,PR-9696,82.0,,2025-03-14,2026-01-01,Desconocido
inv_009101,SUC-43,PR-4940,67.0,17.0,2025-06-20,2025-08-21,Disponible
I-009102,SUC-46,PR-7405,10.0,18.0,2025-03-28,2025-04-03,Bajo stock
inv_009103,SUC-42,PR-5816,89.0,6.0,2025-04-29,2025-07-22,Disponible
inv_009104,SUC-48,PR-2535,16.0,16.0,2025-04-06,2025-05-02,Bajo stock
I-009105,SUC-45,PR-8120,97.0,17.0,2025-06-28,2025-08-16,Disponible
I-009106,SUC-15,PR-23,65.0,8.0,2025-05-19,2025-06-25,Disponible
inv_009107,SUC-47,PR-9510,68.0,18.0,2025-05-07,2025-05-24,Disponible
I-009108,SUC-17,PR-7434,65.0,10.0,2025-07-24,2025-08-05,Disponible
I-009109,SUC-50,PR-8892,57.0,12.0,2025-07-10,2025-07-16,Disponible
I-009110,SUC-1,PR-1282,58.0,20.0,2025-07-06,2025-08-07,Disponible
I-009111,SUC-17,PR-1110,22.0,19.0,2025-04-26,2025-05-27,Disponible
inv_009112,SUC-20,PR-6348,95.0,5.0,2025-07-08,2025-07-21,Disponible
I-009113,SUC-37,PR-5953,27.0,13.0,2025-05-10,2025-07-03,Disponible
inv_009114,SUC-29,PR-1905,14.0,6.0,2025-03-09,2025-05-31,Disponible
I-009115,SUC-4,PR-1227,50.0,8.0,2025-03-26,2025-05-10,Disponible
I-009116,SUC-39,PR-2792,40.0,10.0,2025-05-10,2025-07-26,Disponible
I-009117,SUC-37,PR-6664,68.0,11.0,2025-05-26,2025-08-24,Disponible
I-009118,SUC-39,PR-8831,62.0,14.0,2025-03-15,2025-07-18,Disponible
I-009119,SUC-25,PR-199,3.0,5.0,2025-03-15,2025-07-15,Bajo stock
I-009120,SUC-41,PR-4562,,6.0,2025-05-08,2025-08-01,Agotado
I-009121,SUC-27,PR-5038,98.0,16.0,2025-07-23,2025-08-18,Disponible
I-009122,SUC-50,PR-4280,94.0,12.0,2025-06-21,2025-07-08,Disponible
inv_009123,SUC-39,PR-4846,76.0,7.0,2025-07-17,2025-08-27,Disponible
inv_009124,SUC-48,PR-5045,74.0,8.0,2025-03-18,2025-08-07,Disponible
I-009125,SUC-27,PR-3373,53.0,63.0,2025-06-18,2025-06-27,Bajo stock
inv_009126,SUC-15,PR-2237,76.0,10.0,2025-03-06,2025-03-10,Disponible
I-009127,SUC-9,PR-4773,60.0,13.0,2025-07-01,2025-07-30,Disponible
I-009128,SUC-41,PR-3197,48.0,14.0,2025-05-06,2025-07-23,Disponible
inv_009129,SUC-30,PR-2616,27.0,5.0,2025-05-18,2025-08-21,Disponible
I-009130,SUC-41,PR-6655,93.0,10.0,2025-06-20,2025-07-05,Disponible
inv_009131,SUC-31,PR-4826,69.0,16.0,2025-05-08,2025-06-01,Disponible
I-009132,SUC-24,PR-628,87.0,10.0,2025-03-06,2025-07-22,Disponible
I-009133,SUC-36,PR-1214,3.0,10.0,2025-06-26,2025-08-13,Bajo stock
inv_009134,SUC-49,PR-4029,73.0,17.0,2025-05-01,2025-05-19,Disponible
I-009135,SUC-9,PR-4500,75.0,14.0,2025-05-13,2026-01-01,Disponible
I-009136,SUC-25,PR-1573,37.0,20.0,2025-03-13,2025-05-10,Disponible
I-009137,SUC-21,PR-2078,37.0,13.0,2025-04-29,2025-06-21,Disponible
I-009138,SUC-9,PR-1219,52.0,12.0,2025-03-12,2025-05-17,Disponible
I-009139,SUC-28,PR-7071,76.0,9.0,2025-05-20,2025-07-25,Disponible
I-009140,SUC-39,PR-7514,58.0,17.0,2025-06-13,2025-07-13,Disponible
I-009141,SUC-42,PR-6325,69.0,20.0,2025-03-31,2025-04-09,Disponible
inv_009142,SUC-26,PR-3020,77.0,10.0,2025-06-12,2025-06-22,Disponible
inv_009143,SUC-50,PR-7188,83.0,13.0,2025-06-24,2025-07-17,Disponible
I-009144,SUC-14,PR-4691,66.0,14.0,2025-05-07,2025-06-22,Disponible
I-009145,SUC-48,PR-8853,52.0,11.0,2025-03-13,2025-08-01,Disponible
inv_009146,SUC-19,PR-9232,65.0,15.0,2025-07-24,2025-07-28,Disponible
I-009147,SUC-33,PR-7053,25.0,12.0,2025-03-26,2025-05-09,Disponible
I-009148,SUC-19,PR-4664,64.0,14.0,2025-07-06,2025-07-22,Disponible
I-009149,SUC-32,PR-2946,24.0,10.0,2025-05-03,2025-07-05,Disponible
,SUC-2,PR-8132,,6.0,2025-07-29,2025-08-17,Disponible
inv_009151,SUC-8,PR-5675,94.0,5.0,2025-07-26,2025-08-10,Disponible
inv_009152,SUC-39,PR-6977,64.0,19.0,2025-03-08,2025-08-14,Disponible
I-009153,SUC-37,PR-4338,2.0,8.0,2025-04-21,2025-07-27,Bajo stock
inv_009154,SUC-6,PR-8689,5.0,18.0,2025-03-12,2025-04-07,Bajo stock
I-009155,SUC-2,PR-2126,43.0,13.0,2025-04-29,2025-07-24,Disponible
I-009156,SUC-14,PR-4962,89.0,20.0,2025-06-24,2025-07-30,Disponible
inv_009157,SUC-23,PR-6907,36.0,13.0,2025-05-11,2025-06-02,Disponible
I-009158,SUC-29,PR-2421,95.0,12.0,2025-03-19,2025-07-11,Disponible
inv_009159,SUC-19,PR-8059,44.0,13.0,2025-03-08,2025-04-30,Disponible
I-009160,SUC-23,PR-1626,25.0,19.0,2025-03-12,2025-08-28,Disponible
I-009161,SUC-40,PR-1117,92.0,8.0,2025-03-25,2025-06-10,Disponible
I-009162,SUC-19,PR-6826,78.0,6.0,2025-03-20,2025-06-07,Disponible
I-009163,SUC-50,PR-5634,20.0,6.0,2025-06-01,2025-06-10,Disponible
inv_009164,SUC-16,PR-9226,2.0,6.0,2025-07-12,2025-08-01,Bajo stock
I-009165,SUC-12,PR-7327,98.0,20.0,2025-04-08,2025-07-15,Disponible
I-009166,SUC-13,PR-4060,60.0,14.0,2025-04-12,2025-05-18,Disponible
inv_009167,SUC-25,PR-8285,45.0,14.0,2025-05-25,2025-06-25,Disponible
I-009168,SUC-1,PR-5191,40.0,8.0,2025-05-09,2025-06-10,Disponible
I-009169,SUC-13,PR-2317,81.0,18.0,2025-03-06,2025-06-29,Disponible
inv_009170,SUC-30,PR-2543,15.0,9.0,2025-04-11,,Disponible
inv_009171,SUC-32,PR-868,90.0,13.0,2025-06-08,2025-08-20,Disponible
I-009172,SUC-15,PR-8767,10.0,14.0,2025-05-26,2025-08-03,Bajo stock
I-009173,SUC-4,PR-3026,55.0,17.0,2025-07-14,2025-07-15,Disponible
I-009174,SUC-42,PR-7227,52.0,19.0,2025-06-04,2025-07-23,Disponible
I-009175,SUC-19,PR-3151,16.0,,2025-07-26,2025-07-31,Disponible
inv_009176,SUC-44,PR-9151,75.0,20.0,2025-04-29,2025-08-21,Disponible
inv_009177,SUC-30,PR-8325,53.0,15.0,2025-04-18,2025-07-30,Disponible
I-009178,SUC-3,PR-3586,67.0,10.0,2025-06-17,2025-07-05,Disponible
inv_009179,SUC-31,PR-6248,98.0,5.0,2025-03-27,2025-08-18,Disponible
I-009180,SUC-27,PR-4123,-3.0,8.0,2025-03-17,2025-07-06,Bajo stock
inv_009181,SUC-50,PR-6292,34.0,14.0,2025-04-03,2025-06-16,Disponible
I-009182,SUC-14,PR-2401,19.0,10.0,2025-07-14,2025-08-28,Disponible
I-009183,SUC-19,PR-3053,29.0,10.0,2025-04-23,2025-08-10,Disponible
I-009184,SUC-48,PR-9311,94.0,14.0,2025-04-01,2025-04-12,Disponible
inv_009185,SUC-38,PR-1460,31.0,17.0,2025-04-12,2025-04-13,Disponible
inv_009186,SUC-7,PR-8317,74.0,15.0,2025-07-07,2025-08-25,Disponible
I-009187,SUC-33,PR-4311,10.0,6.0,2025-07-28,2025-08-01,Disponible
I-009188,SUC-11,PR-9437,55.0,13.0,2025-05-28,2025-06-13,Disponible
inv_009189,SUC-5,PR-4878,94.0,5.0,2025-06-07,2025-06-25,Disponible
I-009190,SUC-41,PR-2245,63.0,18.0,2025-06-27,2025-08-10,Disponible
I-009191,SUC-33,PR-3492,31.0,13.0,2025-03-12,2025-06-22,Disponible
I-009192,SUC-49,PR-8712,17.0,6.0,2025-07-08,2025-07-09,Disponible
inv_009193,SUC-8,PR-5356,42.0,17.0,2025-05-07,2025-07-17,Disponible
inv_009194,SUC-43,PR-6406,79.0,8.0,2025-04-02,2025-05-16,Disponible
I-009195,SUC-4,PR-4995,86.0,11.0,2025-06-25,2025-07-15,Disponible
I-009196,SUC-46,PR-7405,33.0,11.0,2025-05-19,2025-07-28,Disponible
I-009197,SUC-35,PR-9897,6.0,16.0,2025-05-24,2025-06-29,Bajo stock
I-009198,SUC-27,PR-8403,47.0,11.0,2025-03-31,2025-07-07,Disponible
inv_009199,SUC-41,PR-2590,94.0,13.0,2025-05-03,2025-05-24,Disponible
,SUC-19,PR-1817,94.0,104.0,2025-04-18,2025-04-22,Bajo stock
inv_009201,SUC-39,PR-3173,81.0,19.0,2025-05-01,2025-06-19,Disponible
I-009202,SUC-35,PR-5083,99.0,5.0,2025-03-15,2025-08-18,Disponible
inv_009203,SUC-50,PR-5489,96.0,10.0,2025-05-02,2025-05-14,Disponible
I-009204,SUC-19,PR-5430,34.0,9.0,2025-05-05,2025-08-14,Disponible
I-009205,SUC-37,PR-8312,63.0,15.0,2025-06-14,2026-01-01,Disponible
I-009206,SUC-4,PR-662,79.0,14.0,2025-07-23,2025-08-13,Disponible
I-009207,SUC-23,PR-5061,34.0,11.0,2025-05-24,2025-06-22,Disponible
inv_009208,SUC-2,PR-4043,82.0,6.0,2025-07-22,2025-08-09,Disponible
inv_009209,SUC-4,PR-1993,85.0,8.0,2025-07-19,2025-08-17,Disponible
I-009210,SUC-18,PR-8170,,6.0,2025-07-09,2025-08-03,Disponible
inv_009211,SUC-4,PR-3984,78.0,20.0,2025-05-26,2025-08-10,Disponible
I-009212,SUC-29,PR-7554,20.0,19.0,2025-05-11,2025-06-20,Disponible
inv_009213,SUC-8,PR-1520,22.0,6.0,2025-07-09,2025-08-09,Disponible
I-009214,SUC-20,PR-8272,97.0,10.0,2025-07-20,2025-08-23,Disponible
I-009215,SUC-40,PR-3444,67.0,14.0,2025-04-20,2025-08-02,Disponible
inv_009216,SUC-37,PR-1728,56.0,5.0,2025-06-16,2025-07-18,Disponible
inv_009217,SUC-41,PR-4485,52.0,12.0,2025-07-24,2025-08-19,Disponible
inv_009218,SUC-45,PR-4626,92.0,7.0,2025-05-13,2025-07-26,Disponible
I-009219,SUC-47,PR-5116,97.0,7.0,2025-04-09,2025-07-29,Disponible
I-009220,SUC-27,PR-2360,10.0,16.0,2025-03-27,2025-08-26,Bajo stock
I-009221,SUC-36,PR-1272,99.0,13.0,2025-07-05,2025-07-21,Disponible
I-009222,SUC-41,PR-9295,64.0,8.0,2025-04-10,2025-06-09,Disponible
I-009223,SUC-44,PR-4367,68.0,16.0,2025-04-04,2025-05-08,Disponible
I-009224,SUC-46,PR-6823,27.0,12.0,2025-06-14,2025-07-11,Disponible
inv_009225,SUC-23,PR-4708,33.0,43.0,2025-05-22,2025-07-11,Bajo stock
I-009226,SUC-5,PR-1613,23.0,5.0,2025-04-15,2025-08-03,Disponible
inv_009227,SUC-21,PR-2346,38.0,18.0,2025-04-16,2025-07-16,Disponible
I-009228,SUC-25,PR-3064,50.0,15.0,2025-06-11,2025-07-01,Disponible
I-009229,SUC-12,PR-5180,98.0,17.0,2025-03-24,2025-05-02,Disponible
inv_009230,SUC-49,PR-5387,10.0,17.0,2025-05-26,2025-07-11,Bajo stock
I-009231,SUC-44,PR-8144,15.0,6.0,2025-03-11,2025-07-31,Disponible
inv_009232,SUC-17,PR-8649,99.0,10.0,2025-04-18,2025-06-16,Disponible
I-009233,SUC-28,PR-2408,33.0,11.0,2025-03-08,2025-04-02,Disponible
I-009234,SUC-5,PR-8443,8.0,15.0,2025-04-18,2025-05-16,Bajo stock
I-009235,SUC-6,PR-3779,71.0,20.0,2025-06-13,2025-07-22,Disponible
I-009236,SUC-5,PR-4586,93.0,15.0,2025-04-13,2025-06-18,Disponible
I-009237,SUC-26,PR-9101,94.0,5.0,2025-07-19,2025-08-19,Disponible
inv_009238,SUC-50,PR-1173,71.0,8.0,2025-04-09,2025-08-19,Disponible
I-009239,SUC-39,PR-2148,9.0,9.0,2025-03-27,2025-08-22,Bajo stock
inv_009240,SUC-49,,,6.0,2025-07-03,2026-01-01,Agotado
I-009241,SUC-44,PR-7979,66.0,8.0,2025-03-16,2025-03-27,Disponible
I-009242,SUC-34,PR-7634,41.0,17.0,2025-05-21,2025-07-19,Disponible
I-009243,SUC-24,PR-3655,78.0,6.0,2025-05-26,2025-08-23,Disponible
I-009244,SUC-32,PR-5061,21.0,7.0,2025-04-03,2025-06-14,Disponible
I-009245,SUC-44,PR-2780,18.0,13.0,2025-05-14,2025-08-12,Disponible
inv_009246,SUC-37,PR-5908,19.0,15.0,2025-07-21,2025-08-22,Disponible
I-009247,SUC-29,PR-9468,75.0,7.0,2025-07-21,2025-07-26,Disponible
inv_009248,SUC-38,PR-6002,20.0,11.0,2025-03-27,2025-05-28,Disponible
I-009249,SUC-30,PR-4339,11.0,8.0,2025-07-12,2025-08-08,Disponible
I-009250,SUC-50,PR-9474,91.0,101.0,2025-07-21,2025-08-15,Bajo stock
I-009251,SUC-26,PR-7702,24.0,14.0,2025-05-03,2025-08-02,Disponible
I-009252,SUC-3,PR-1500,82.0,5.0,2025-07-01,2025-07-04,Disponible
inv_009253,SUC-32,PR-3112,67.0,16.0,2025-03-14,2025-05-05,Disponible
I-009254,SUC-42,PR-2907,53.0,5.0,2025-05-01,2025-05-13,Disponible
inv_009255,SUC-22,PR-1168,22.0,10.0,2025-07-13,2025-08-19,Disponible
I-009256,SUC-1,PR-5586,19.0,13.0,2025-07-22,2025-07-28,Disponible
I-009257,SUC-29,PR-4383,28.0,12.0,2025-06-21,2025-08-20,Disponible
I-009258,SUC-45,PR-832,93.0,11.0,2025-07-02,2025-07-23,Disponible
I-009259,SUC-45,PR-5787,48.0,5.0,2025-07-12,2025-08-17,Disponible
I-009260,SUC-34,PR-8817,27.0,14.0,2025-03-10,2025-07-21,Disponible
I-009261,SUC-44,PR-8419,96.0,14.0,2025-07-07,2025-08-22,Disponible
inv_009262,SUC-44,PR-661,39.0,19.0,2025-04-13,2025-06-01,Disponible
I-009263,SUC-42,PR-6696,9.0,19.0,2025-06-09,2025-08-26,Bajo stock
inv_009264,SUC-41,PR-9437,77.0,8.0,2025-06-03,2025-07-03,Disponible
I-009265,SUC-2,PR-5983,0.0,10.0,2025-05-16,2025-06-11,Agotado
I-009266,SUC-8,PR-109,3.0,13.0,2025-03-08,2025-08-12,Bajo stock
inv_009267,SUC-7,PR-5045,55.0,20.0,2025-04-13,2025-04-20,Disponible
I-009268,SUC-23,PR-8218,27.0,19.0,2025-06-13,2025-08-20,Disponible
I-009269,SUC-31,PR-2065,20.0,13.0,2025-06-03,2025-08-28,Disponible
inv_009270,SUC-16,PR-2928,,6.0,2025-07-26,2025-07-26,Disponible
I-009271,SUC-22,PR-4361,92.0,8.0,2025-07-11,2025-08-28,Disponible
inv_009272,SUC-11,PR-1530,83.0,18.0,2025-05-21,2025-08-11,Disponible
I-009273,SUC-1,PR-3964,2.0,16.0,2025-06-05,2025-06-23,Bajo stock
I-009274,SUC-30,PR-2174,51.0,19.0,2025-05-30,2025-07-18,Disponible
inv_009275,SUC-3,PR-9257,91.0,101.0,2025-05-21,,Bajo stock
I-009276,SUC-5,PR-8340,100.0,19.0,2025-06-03,2025-06-16,Disponible
I-009277,SUC-49,PR-9772,79.0,16.0,2025-04-27,2025-06-19,Disponible
I-009278,SUC-9,PR-1137,35.0,7.0,2025-07-25,2025-08-23,Disponible
inv_009279,SUC-42,PR-2965,73.0,18.0,2025-03-21,2025-07-18,Disponible
inv_009280,SUC-4,,36.0,10.0,2025-03-04,2025-08-09,Desconocido
I-009281,SUC-2,PR-1528,90.0,16.0,2025-05-22,2025-08-25,Disponible
inv_009282,SUC-12,PR-3260,73.0,15.0,2025-04-29,2025-07-22,Disponible
I-009283,SUC-29,PR-2458,99.0,17.0,2025-07-10,2025-08-17,Disponible
I-009284,SUC-12,PR-1699,22.0,9.0,2025-05-18,2025-07-24,Disponible
I-009285,SUC-26,PR-6729,26.0,14.0,2025-05-24,2025-07-28,Disponible
I-009286,SUC-9,PR-1800,68.0,11.0,2025-04-25,2025-05-14,Disponible
I-009287,SUC-48,PR-678,35.0,6.0,2025-05-14,2025-07-06,Disponible
I-009288,SUC-15,PR-372,67.0,20.0,2025-05-12,2025-08-02,Disponible
I-009289,SUC-39,PR-6878,3.0,15.0,2025-06-27,2025-08-13,Bajo stock
inv_009290,SUC-10,PR-6256,1.0,15.0,2025-06-09,2025-07-13,Bajo stock
I-009291,SUC-45,PR-7416,25.0,16.0,2025-07-17,2025-08-10,Disponible
I-009292,SUC-16,PR-6271,43.0,11.0,2025-07-06,2025-07-19,Disponible
I-009293,SUC-5,PR-840,0.0,19.0,2025-05-29,2025-07-31,Agotado
inv_009294,SUC-10,PR-518,22.0,18.0,2025-05-07,2025-08-24,Disponible
I-009295,SUC-37,PR-6996,96.0,5.0,2025-03-31,2025-08-28,Disponible
I-009296,SUC-35,PR-6060,43.0,5.0,2025-04-03,2025-06-19,Disponible
inv_009297,SUC-43,PR-9299,46.0,14.0,2025-03-18,2025-05-06,Disponible
inv_009298,SUC-13,PR-4566,35.0,7.0,2025-05-11,2025-06-06,Disponible
inv_009299,SUC-1,PR-9953,74.0,13.0,2025-03-10,2025-05-21,Disponible
,SUC-17,PR-3834,-7.0,,2025-07-07,2025-08-21,Agotado
inv_009301,SUC-46,PR-6347,14.0,19.0,2025-06-02,2025-07-07,Bajo stock
I-009302,SUC-45,PR-9045,38.0,5.0,2025-05-31,2025-06-20,Disponible
inv_009303,SUC-30,PR-5213,58.0,6.0,2025-07-26,2025-07-26,Disponible
inv_009304,SUC-11,PR-1055,19.0,19.0,2025-07-05,2025-08-20,Bajo stock
I-009305,SUC-28,PR-895,72.0,17.0,2025-07-12,2025-08-14,Disponible
inv_009306,SUC-19,PR-1874,73.0,14.0,2025-04-09,2025-05-13,Disponible
inv_009307,SUC-14,PR-5750,76.0,16.0,2025-07-23,2025-08-08,Disponible
I-009308,SUC-11,PR-8670,74.0,9.0,2025-05-15,2025-08-09,Disponible
I-009309,SUC-17,PR-110,78.0,18.0,2025-07-13,2025-08-17,Disponible
I-009310,SUC-26,PR-6503,13.0,12.0,2025-03-17,,Disponible
inv_009311,SUC-45,PR-7821,99.0,19.0,2025-04-17,2025-08-07,Disponible
inv_009312,SUC-42,PR-614,57.0,12.0,2025-03-15,2025-06-30,Disponible
I-009313,SUC-20,PR-1435,9.0,20.0,2025-03-21,2025-07-07,Bajo stock
I-009314,SUC-16,PR-6196,35.0,9.0,2025-05-04,2025-07-18,Disponible
inv_009315,SUC-8,PR-9243,19.0,11.0,2025-04-04,2025-08-05,Disponible
inv_009316,SUC-31,PR-1968,89.0,14.0,2025-07-24,2025-08-17,Disponible
I-009317,SUC-17,PR-8151,32.0,16.0,2025-05-08,2025-07-28,Disponible
I-009318,SUC-13,PR-9116,54.0,20.0,2025-04-20,2025-08-04,Disponible
I-009319,SUC-22,PR-1484,71.0,14.0,2025-06-06,2025-07-20,Disponible
inv_009320,SUC-26,,75.0,5.0,2025-03-08,2025-06-10,Bajo stock
inv_009321,SUC-14,PR-4680,23.0,13.0,2025-07-04,2025-07-21,Disponible
inv_009322,SUC-45,PR-1387,96.0,8.0,2025-06-04,2025-06-18,Disponible
inv_009323,SUC-6,PR-5035,96.0,6.0,2025-06-12,2025-06-29,Disponible
inv_009324,SUC-38,PR-3371,26.0,14.0,2025-03-21,2025-08-08,Disponible
I-009325,SUC-12,PR-4020,23.0,33.0,2025-04-26,2025-08-24,Bajo stock
I-009326,SUC-49,PR-9999,95.0,10.0,2025-03-04,2025-06-05,Disponible
inv_009327,SUC-17,PR-1442,3.0,12.0,2025-05-27,2025-06-10,Bajo stock
inv_009328,SUC-21,PR-7714,46.0,20.0,2025-03-10,2025-07-04,Disponible
inv_009329,SUC-43,PR-361,57.0,20.0,2025-06-08,2025-07-03,Disponible
I-009330,SUC-40,PR-5917,-8.0,7.0,2025-06-20,2025-08-26,Bajo stock
I-009331,SUC-43,PR-9026,54.0,5.0,2025-06-11,2025-08-10,Disponible
I-009332,SUC-3,PR-1926,95.0,9.0,2025-06-20,2025-08-03,Disponible
I-009333,SUC-18,PR-7730,53.0,5.0,2025-03-31,2025-06-25,Disponible
I-009334,SUC-20,PR-9361,10.0,13.0,2025-06-23,2025-08-10,Bajo stock
I-009335,SUC-11,PR-4428,52.0,8.0,2025-06-01,2025-07-21,Disponible
I-009336,SUC-39,PR-2461,41.0,16.0,2025-03-06,2025-05-30,Disponible
inv_009337,SUC-24,PR-23,99.0,20.0,2025-06-28,2025-07-23,Disponible
I-009338,SUC-8,PR-3157,52.0,14.0,2025-04-02,2025-04-30,Disponible
inv_009339,SUC-9,PR-5002,15.0,5.0,2025-03-09,2025-06-23,Disponible
inv_009340,SUC-43,PR-976,79.0,13.0,2025-06-13,2025-06-17,Desconocido
inv_009341,SUC-45,PR-7164,76.0,19.0,2025-04-19,2025-08-20,Disponible
I-009342,SUC-10,PR-8801,1.0,6.0,2025-07-19,2025-07-27,Bajo stock
I-009343,SUC-12,PR-5835,83.0,15.0,2025-03-24,2025-06-29,Disponible
inv_009344,SUC-44,PR-783,77.0,6.0,2025-04-27,2025-07-29,Disponible
I-009345,SUC-33,PR-8216,57.0,6.0,2025-05-30,2026-01-01,Disponible
I-009346,SUC-25,PR-7291,67.0,13.0,2025-04-04,2025-07-03,Disponible
inv_009347,SUC-6,PR-6561,37.0,9.0,2025-04-02,2025-05-27,Disponible
I-009348,SUC-1,PR-4011,85.0,12.0,2025-03-03,2025-06-05,Disponible
I-009349,SUC-19,PR-3840,18.0,18.0,2025-05-20,2025-07-14,Bajo stock
,SUC-39,PR-3008,71.0,81.0,2025-07-20,2025-08-06,Bajo stock
inv_009351,SUC-23,PR-4831,16.0,17.0,2025-05-11,2025-05-29,Bajo stock
I-009352,SUC-28,PR-1128,40.0,9.0,2025-05-23,2025-06-09,Disponible
I-009353,SUC-18,PR-2718,55.0,16.0,2025-07-05,2025-08-06,Disponible
I-009354,SUC-4,PR-8828,26.0,14.0,2025-05-26,2025-08-15,Disponible
I-009355,SUC-1,PR-8595,49.0,7.0,2025-03-30,2025-04-08,Disponible
inv_009356,SUC-24,PR-2740,42.0,9.0,2025-07-28,2025-08-08,Disponible
I-009357,SUC-34,PR-6133,42.0,15.0,2025-03-05,2025-05-04,Disponible
I-009358,SUC-49,PR-3612,15.0,8.0,2025-05-29,2025-08-01,Disponible
I-009359,SUC-24,PR-5921,81.0,7.0,2025-07-01,2025-08-28,Disponible
I-009360,SUC-28,PR-5664,76.0,20.0,2025-03-18,2025-07-24,Disponible
I-009361,SUC-7,PR-885,38.0,9.0,2025-03-19,2025-08-07,Disponible
I-009362,SUC-5,PR-588,13.0,12.0,2025-06-11,2025-07-31,Disponible
inv_009363,SUC-32,PR-6050,65.0,8.0,2025-04-23,2025-05-25,Disponible
I-009364,SUC-40,PR-6358,9.0,5.0,2025-06-04,2025-08-20,Disponible
I-009365,SUC-12,PR-2189,100.0,20.0,2025-07-13,2025-08-25,Disponible
inv_009366,SUC-27,PR-6589,70.0,10.0,2025-05-16,2025-07-30,Disponible
I-009367,SUC-14,PR-5428,18.0,9.0,2025-07-25,2025-08-12,Disponible
I-009368,SUC-42,PR-3768,28.0,10.0,2025-06-03,2025-08-06,Disponible
inv_009369,SUC-10,PR-4023,88.0,8.0,2025-07-01,2025-07-04,Disponible
I-009370,SUC-50,PR-3095,75.0,18.0,2025-07-06,2025-08-27,Disponible
I-009371,SUC-10,PR-7833,88.0,11.0,2025-03-18,2025-08-13,Disponible
I-009372,SUC-9,PR-5374,27.0,13.0,2025-07-12,2025-08-07,Disponible
I-009373,SUC-27,PR-6443,11.0,14.0,2025-05-07,2025-05-08,Bajo stock
inv_009374,SUC-49,PR-1404,11.0,5.0,2025-06-02,2025-08-01,Disponible
I-009375,SUC-48,PR-7439,88.0,,2025-05-05,2025-06-27,Disponible
inv_009376,SUC-14,PR-6795,36.0,11.0,2025-04-24,2025-07-14,Disponible
I-009377,SUC-26,PR-5670,12.0,11.0,2025-03-19,2025-05-08,Disponible
inv_009378,SUC-43,PR-1178,2.0,13.0,2025-03-30,2025-05-11,Bajo stock
I-009379,SUC-10,PR-6485,95.0,19.0,2025-05-13,2025-07-03,Disponible
inv_009380,SUC-15,PR-8409,97.0,18.0,2025-05-22,,Desconocido
I-009381,SUC-49,PR-9476,88.0,17.0,2025-06-30,2025-07-15,Disponible
I-009382,SUC-5,PR-1355,27.0,8.0,2025-05-27,2025-07-22,Disponible
I-009383,SUC-30,PR-787,62.0,20.0,2025-07-20,2025-07-27,Disponible
inv_009384,SUC-36,PR-564,32.0,8.0,2025-07-20,2025-08-13,Disponible
I-009385,SUC-30,PR-9574,52.0,18.0,2025-03-03,2025-04-02,Disponible
I-009386,SUC-31,PR-4522,95.0,19.0,2025-04-12,2025-08-28,Disponible
I-009387,SUC-25,PR-2075,94.0,16.0,2025-05-19,2025-08-06,Disponible
I-009388,SUC-39,PR-2128,6.0,9.0,2025-04-28,2025-05-05,Bajo stock
I-009389,SUC-6,PR-2592,46.0,10.0,2025-07-28,2025-08-11,Disponible
I-009390,SUC-24,PR-1540,62.0,8.0,2025-03-13,2025-06-28,Disponible
I-009391,SUC-22,PR-5277,83.0,9.0,2025-05-22,2025-06-07,Disponible
I-009392,SUC-27,PR-8030,34.0,13.0,2025-04-18,2025-05-21,Disponible
inv_009393,SUC-22,PR-536,16.0,18.0,2025-04-24,2025-08-25,Bajo stock
I-009394,SUC-16,PR-5170,56.0,14.0,2025-04-29,2025-05-06,Disponible
I-009395,SUC-28,PR-8232,77.0,5.0,2025-06-13,2025-07-06,Disponible
I-009396,SUC-37,PR-2322,76.0,17.0,2025-07-10,2025-07-18,Disponible
I-009397,SUC-38,PR-1315,22.0,7.0,2025-04-06,2025-06-12,Disponible
I-009398,SUC-19,PR-423,97.0,17.0,2025-07-13,2025-07-22,Disponible
I-009399,SUC-28,PR-9486,50.0,7.0,2025-06-18,2025-08-01,Disponible
,SUC-7,,47.0,57.0,2025-03-10,2025-06-11,Bajo stock
inv_009401,SUC-2,PR-5113,9.0,8.0,2025-06-12,2025-08-09,Disponible
I-009402,SUC-4,PR-1249,53.0,5.0,2025-04-12,2025-05-09,Disponible
inv_009403,SUC-31,PR-3218,38.0,13.0,2025-03-20,2025-06-14,Disponible
I-009404,SUC-43,PR-6572,98.0,16.0,2025-07-15,2025-08-24,Disponible
inv_009405,SUC-30,PR-4561,80.0,12.0,2025-06-12,2025-07-08,Disponible
I-009406,SUC-16,PR-945,81.0,20.0,2025-06-01,2025-06-30,Disponible
I-009407,SUC-6,PR-7506,56.0,8.0,2025-05-16,2025-08-23,Disponible
inv_009408,SUC-42,PR-6849,68.0,6.0,2025-05-23,2025-07-18,Disponible
I-009409,SUC-13,PR-9320,11.0,14.0,2025-05-02,2025-08-02,Bajo stock
I-009410,SUC-18,PR-4739,62.0,9.0,2025-05-22,2025-06-14,Disponible
I-009411,SUC-49,PR-6146,34.0,15.0,2025-06-27,2025-07-31,Disponible
I-009412,SUC-15,PR-5306,34.0,11.0,2025-04-11,2025-07-16,Disponible
I-009413,SUC-24,PR-2437,93.0,19.0,2025-05-04,2025-07-06,Disponible
I-009414,SUC-22,PR-7422,8.0,12.0,2025-06-20,2025-08-01,Bajo stock
inv_009415,SUC-13,PR-7870,2.0,8.0,2025-04-26,2026-01-01,Bajo stock
I-009416,SUC-37,PR-5229,35.0,9.0,2025-05-17,2025-05-24,Disponible
I-009417,SUC-6,PR-5391,33.0,11.0,2025-04-07,2025-08-11,Disponible
I-009418,SUC-3,PR-6436,50.0,14.0,2025-04-14,2025-05-10,Disponible
I-009419,SUC-24,PR-2483,24.0,10.0,2025-05-12,2025-08-12,Disponible
I-009420,SUC-34,PR-9894,99.0,15.0,2025-03-24,2025-04-26,Desconocido
I-009421,SUC-9,PR-6888,6.0,6.0,2025-04-05,2025-04-16,Bajo stock
I-009422,SUC-16,PR-917,26.0,19.0,2025-03-16,2025-04-26,Disponible
I-009423,SUC-14,PR-4579,45.0,12.0,2025-05-19,2025-08-24,Disponible
inv_009424,SUC-8,PR-5718,99.0,16.0,2025-05-13,2025-07-06,Disponible
I-009425,SUC-31,PR-7131,98.0,,2025-07-24,2025-08-01,Disponible
I-009426,SUC-33,PR-8777,95.0,17.0,2025-06-01,2025-06-19,Disponible
I-009427,SUC-14,PR-820,47.0,14.0,2025-03-29,2025-07-05,Disponible
I-009428,SUC-38,PR-3419,38.0,7.0,2025-05-31,2025-06-07,Disponible
inv_009429,SUC-10,PR-2834,83.0,20.0,2025-03-02,2025-08-12,Disponible
inv_009430,SUC-22,PR-458,99.0,18.0,2025-07-13,2025-08-13,Disponible
I-009431,SUC-9,PR-5700,87.0,9.0,2025-06-06,2025-07-02,Disponible
inv_009432,SUC-35,PR-2672,97.0,10.0,2025-04-09,2025-06-08,Disponible
I-009433,SUC-29,PR-3496,82.0,7.0,2025-05-17,2025-06-28,Disponible
I-009434,SUC-6,PR-1869,99.0,6.0,2025-06-02,2025-07-10,Disponible
inv_009435,SUC-17,PR-5371,19.0,7.0,2025-06-28,2025-08-18,Disponible
I-009436,SUC-33,PR-8611,89.0,18.0,2025-05-20,2025-06-04,Disponible
I-009437,SUC-24,PR-6792,50.0,5.0,2025-03-13,2025-05-04,Disponible
I-009438,SUC-50,PR-776,96.0,7.0,2025-04-10,2025-08-13,Disponible
inv_009439,SUC-17,PR-9013,78.0,8.0,2025-05-16,2025-06-15,Disponible
I-009440,SUC-8,PR-5067,37.0,9.0,2025-06-12,2025-08-22,Bajo stock
inv_009441,SUC-8,PR-5461,2.0,6.0,2025-04-20,2025-05-19,Bajo stock
I-009442,SUC-37,PR-3316,48.0,15.0,2025-05-17,2025-08-24,Disponible
I-009443,SUC-50,PR-4109,35.0,8.0,2025-05-03,2025-06-23,Disponible
I-009444,SUC-6,PR-4447,65.0,5.0,2025-07-02,2025-08-15,Disponible
inv_009445,SUC-7,PR-9172,56.0,17.0,2025-04-11,2025-08-14,Disponible
I-009446,SUC-48,PR-1041,55.0,12.0,2025-05-22,2025-07-08,Disponible
inv_009447,SUC-32,PR-6292,42.0,9.0,2025-04-23,2025-06-25,Disponible
inv_009448,SUC-33,PR-6714,8.0,18.0,2025-04-07,2025-07-04,Bajo stock
I-009449,SUC-34,PR-4144,83.0,18.0,2025-04-22,2025-08-17,Disponible
inv_009450,SUC-41,PR-4791,,50.0,2025-04-02,2025-04-05,Disponible
I-009451,SUC-18,PR-1772,89.0,7.0,2025-07-25,2025-08-26,Disponible
inv_009452,SUC-12,PR-4460,61.0,6.0,2025-03-26,2025-08-21,Disponible
I-009453,SUC-34,PR-4886,19.0,19.0,2025-03-26,2025-08-13,Bajo stock
I-009454,SUC-49,PR-6672,9.0,13.0,2025-05-11,2025-05-17,Bajo stock
I-009455,SUC-6,PR-7275,73.0,9.0,2025-03-07,2025-06-26,Disponible
inv_009456,SUC-15,PR-1438,26.0,19.0,2025-05-14,2025-08-13,Disponible
inv_009457,SUC-10,PR-4837,73.0,10.0,2025-06-15,2025-06-29,Disponible
I-009458,SUC-33,PR-5230,3.0,15.0,2025-04-04,2025-08-17,Bajo stock
I-009459,SUC-3,PR-9562,47.0,14.0,2025-04-28,2025-07-13,Disponible
inv_009460,SUC-17,PR-547,70.0,12.0,2025-04-01,2025-06-11,Agotado
I-009461,SUC-31,PR-9652,60.0,5.0,2025-07-02,2025-07-12,Disponible
inv_009462,SUC-38,PR-9048,40.0,18.0,2025-03-19,2025-05-19,Disponible
I-009463,SUC-38,PR-980,61.0,20.0,2025-07-06,2025-08-24,Disponible
I-009464,SUC-8,PR-2419,76.0,17.0,2025-05-26,2025-08-25,Disponible
I-009465,SUC-13,PR-3714,49.0,6.0,2025-03-19,2025-05-09,Disponible
I-009466,SUC-5,PR-5245,69.0,12.0,2025-06-07,2025-07-17,Disponible
inv_009467,SUC-23,PR-7310,43.0,18.0,2025-07-04,2025-07-22,Disponible
I-009468,SUC-15,PR-8407,21.0,19.0,2025-03-19,2025-08-23,Disponible
I-009469,SUC-41,PR-5217,35.0,17.0,2025-04-26,2025-07-17,Disponible
inv_009470,SUC-23,PR-531,71.0,7.0,2025-07-02,2025-07-09,Disponible
I-009471,SUC-11,PR-852,28.0,8.0,2025-04-19,2025-07-06,Disponible
inv_009472,SUC-1,PR-3154,7.0,7.0,2025-04-04,2025-04-23,Bajo stock
I-009473,SUC-28,PR-2473,51.0,13.0,2025-04-25,2025-08-22,Disponible
I-009474,SUC-28,PR-8789,37.0,15.0,2025-03-24,2025-06-09,Disponible
I-009475,SUC-17,PR-9903,17.0,,2025-04-05,2025-07-27,Disponible
I-009476,SUC-9,PR-2764,2.0,15.0,2025-04-06,2025-08-24,Bajo stock
I-009477,SUC-32,PR-4118,95.0,11.0,2025-06-22,2025-08-11,Disponible
I-009478,SUC-39,PR-3603,7.0,19.0,2025-03-03,2025-07-04,Bajo stock
I-009479,SUC-8,PR-8899,4.0,7.0,2025-05-21,2025-06-02,Bajo stock
I-009480,SUC-46,PR-994,,10.0,2025-04-19,2025-08-24,Disponible
I-009481,SUC-34,PR-8587,57.0,20.0,2025-07-28,2025-08-11,Disponible
inv_009482,SUC-32,PR-1850,26.0,13.0,2025-06-03,2025-06-28,Disponible
I-009483,SUC-46,PR-4301,70.0,10.0,2025-04-25,2025-07-29,Disponible
inv_009484,SUC-28,PR-7522,91.0,19.0,2025-03-16,2025-07-20,Disponible
inv_009485,SUC-32,PR-7113,79.0,15.0,2025-05-09,2025-06-16,Disponible
I-009486,SUC-35,PR-1131,79.0,18.0,2025-04-14,2025-06-10,Disponible
I-009487,SUC-43,PR-9321,33.0,16.0,2025-06-04,2025-08-23,Disponible
I-009488,SUC-15,PR-8403,21.0,12.0,2025-04-23,2025-08-22,Disponible
inv_009489,SUC-29,PR-7585,44.0,15.0,2025-05-26,2025-06-01,Disponible
I-009490,SUC-41,PR-7120,24.0,13.0,2025-04-20,2025-08-09,Disponible
I-009491,SUC-43,PR-635,48.0,11.0,2025-06-16,2025-07-25,Disponible
inv_009492,SUC-43,PR-5609,99.0,7.0,2025-04-25,2025-06-10,Disponible
inv_009493,SUC-37,PR-3010,65.0,7.0,2025-06-02,2025-08-05,Disponible
I-009494,SUC-25,PR-3671,17.0,8.0,2025-06-08,2025-07-14,Disponible
I-009495,SUC-3,PR-7534,9.0,8.0,2025-06-19,2025-07-27,Disponible
I-009496,SUC-31,PR-4377,63.0,8.0,2025-04-22,2025-08-05,Disponible
I-009497,SUC-27,PR-5379,90.0,20.0,2025-06-03,2025-06-26,Disponible
I-009498,SUC-33,PR-815,75.0,18.0,2025-05-06,2025-07-14,Disponible
I-009499,SUC-5,PR-7217,15.0,15.0,2025-06-22,2025-08-21,Bajo stock
inv_009500,SUC-15,PR-8215,12.0,22.0,2025-03-17,2025-06-24,Bajo stock
inv_009501,SUC-19,PR-8666,9.0,12.0,2025-05-20,2025-06-15,Bajo stock
I-009502,SUC-50,PR-9097,64.0,14.0,2025-04-19,2025-08-06,Disponible
I-009503,SUC-6,PR-8957,11.0,5.0,2025-03-13,2025-08-05,Disponible
I-009504,SUC-3,PR-8080,17.0,20.0,2025-07-03,2025-08-07,Bajo stock
I-009505,SUC-27,PR-1114,83.0,11.0,2025-06-15,2025-06-24,Disponible
I-009506,SUC-39,PR-501,7.0,15.0,2025-07-17,2025-08-06,Bajo stock
inv_009507,SUC-41,PR-5538,83.0,10.0,2025-05-16,2025-06-03,Disponible
inv_009508,SUC-16,PR-229,56.0,17.0,2025-04-12,2025-06-20,Disponible
I-009509,SUC-3,PR-9051,18.0,5.0,2025-04-04,2025-06-05,Disponible
I-009510,SUC-10,PR-2709,,9.0,2025-06-10,2025-06-11,Disponible
inv_009511,SUC-9,PR-806,75.0,6.0,2025-06-09,2025-08-22,Disponible
inv_009512,SUC-12,PR-1626,38.0,18.0,2025-06-27,2025-08-04,Disponible
I-009513,SUC-13,PR-7875,59.0,16.0,2025-03-28,2025-07-13,Disponible
I-009514,SUC-40,PR-2696,62.0,9.0,2025-03-18,2025-04-25,Disponible
I-009515,SUC-28,PR-359,34.0,13.0,2025-06-15,2025-08-15,Disponible
inv_009516,SUC-13,PR-5588,72.0,19.0,2025-05-24,2025-07-24,Disponible
I-009517,SUC-18,PR-3369,48.0,10.0,2025-04-20,2025-08-12,Disponible
I-009518,SUC-35,PR-8133,63.0,7.0,2025-07-13,2025-07-24,Disponible
inv_009519,SUC-30,PR-4816,90.0,14.0,2025-04-16,2025-07-19,Disponible
inv_009520,SUC-2,PR-5456,80.0,12.0,2025-07-01,,Desconocido
I-009521,SUC-46,PR-5316,27.0,18.0,2025-04-25,2025-04-30,Disponible
I-009522,SUC-10,PR-4883,35.0,13.0,2025-05-30,2025-06-17,Disponible
inv_009523,SUC-49,PR-4691,30.0,5.0,2025-04-04,2025-05-04,Disponible
inv_009524,SUC-11,PR-9507,24.0,19.0,2025-05-09,2025-08-18,Disponible
I-009525,SUC-46,PR-3346,59.0,,2025-06-03,2025-07-29,Disponible
I-009526,SUC-29,PR-3833,99.0,6.0,2025-03-22,2025-04-09,Disponible
inv_009527,SUC-7,PR-4738,14.0,19.0,2025-05-18,2025-08-05,Bajo stock
inv_009528,SUC-50,PR-5834,54.0,19.0,2025-03-10,2025-05-26,Disponible
I-009529,SUC-8,PR-4853,56.0,19.0,2025-05-17,2025-05-19,Disponible
I-009530,SUC-45,PR-9507,78.0,6.0,2025-03-16,2025-06-15,Disponible
I-009531,SUC-10,PR-8250,83.0,7.0,2025-07-07,2025-07-28,Disponible
I-009532,SUC-17,PR-7231,88.0,20.0,2025-07-18,2025-08-10,Disponible
I-009533,SUC-9,PR-2078,96.0,5.0,2025-04-08,2025-07-26,Disponible
I-009534,SUC-47,PR-365,23.0,20.0,2025-03-05,2025-03-21,Disponible
inv_009535,SUC-47,PR-6194,85.0,14.0,2025-03-06,2025-07-12,Disponible
I-009536,SUC-13,PR-109,88.0,13.0,2025-03-14,2025-03-15,Disponible
I-009537,SUC-36,PR-6991,49.0,12.0,2025-06-12,2025-06-13,Disponible
inv_009538,SUC-36,PR-9842,56.0,19.0,2025-03-28,2025-06-07,Disponible
I-009539,SUC-1,PR-3937,68.0,11.0,2025-05-25,2025-08-19,Disponible
I-009540,SUC-41,PR-192,-13.0,11.0,2025-07-16,2025-08-03,Bajo stock
I-009541,SUC-24,PR-6476,38.0,9.0,2025-05-10,2025-06-01,Disponible
I-009542,SUC-47,PR-2293,80.0,20.0,2025-06-09,2025-07-20,Disponible
I-009543,SUC-9,PR-1182,62.0,19.0,2025-04-12,2025-07-12,Disponible
I-009544,SUC-27,PR-7167,0.0,9.0,2025-04-17,2025-07-03,Agotado
inv_009545,SUC-33,PR-760,52.0,19.0,2025-05-26,2025-08-18,Disponible
I-009546,SUC-13,PR-1619,64.0,5.0,2025-03-23,2025-08-13,Disponible
I-009547,SUC-49,PR-9285,89.0,18.0,2025-06-03,2025-08-24,Disponible
I-009548,SUC-40,PR-5819,44.0,17.0,2025-03-30,2025-06-08,Disponible
I-009549,SUC-47,PR-9378,74.0,7.0,2025-04-03,2025-08-17,Disponible
inv_009550,SUC-4,PR-567,77.0,20.0,2025-06-16,2025-07-12,Disponible
I-009551,SUC-26,PR-6361,81.0,11.0,2025-07-05,2025-07-23,Disponible
I-009552,SUC-9,PR-2312,100.0,8.0,2025-05-01,2025-06-07,Disponible
I-009553,SUC-44,PR-2737,12.0,7.0,2025-03-23,2025-08-25,Disponible
I-009554,SUC-48,PR-5812,32.0,12.0,2025-06-24,2025-08-03,Disponible
I-009555,SUC-40,PR-8481,12.0,11.0,2025-06-28,,Disponible
inv_009556,SUC-22,PR-4670,88.0,13.0,2025-06-27,2025-07-07,Disponible
I-009557,SUC-6,PR-3686,17.0,11.0,2025-04-16,2025-08-08,Disponible
I-009558,SUC-25,PR-2794,68.0,6.0,2025-04-28,2025-05-19,Disponible
I-009559,SUC-14,PR-4011,77.0,19.0,2025-07-08,2025-08-11,Disponible
I-009560,SUC-44,,21.0,15.0,2025-07-15,2025-08-26,Bajo stock
I-009561,SUC-15,PR-7491,88.0,9.0,2025-07-23,2025-08-24,Disponible
inv_009562,SUC-12,PR-1404,52.0,9.0,2025-07-12,2025-08-23,Disponible
I-009563,SUC-48,PR-8261,50.0,11.0,2025-05-19,2025-07-14,Disponible
I-009564,SUC-15,PR-5130,21.0,18.0,2025-03-07,2025-07-12,Disponible
inv_009565,SUC-22,PR-595,53.0,15.0,2025-04-17,2025-05-19,Disponible
I-009566,SUC-39,PR-1637,81.0,14.0,2025-04-20,2025-05-02,Disponible
I-009567,SUC-28,PR-3177,30.0,13.0,2025-07-06,2025-08-02,Disponible
I-009568,SUC-16,PR-8755,86.0,5.0,2025-06-06,2025-08-25,Disponible
I-009569,SUC-28,PR-9018,63.0,5.0,2025-07-01,2025-07-27,Disponible
inv_009570,SUC-23,PR-4023,-6.0,15.0,2025-03-31,2025-05-06,Bajo stock
I-009571,SUC-19,PR-2804,67.0,14.0,2025-06-22,2025-08-28,Disponible
inv_009572,SUC-40,PR-3738,25.0,18.0,2025-04-15,2025-07-23,Disponible
inv_009573,SUC-25,PR-1673,6.0,19.0,2025-06-15,2025-07-29,Bajo stock
I-009574,SUC-30,PR-924,76.0,20.0,2025-04-02,2025-08-22,Disponible
inv_009575,SUC-23,PR-727,98.0,8.0,2025-05-18,2025-07-22,Disponible
inv_009576,SUC-10,PR-5644,62.0,12.0,2025-07-25,2025-08-01,Disponible
inv_009577,SUC-14,PR-2623,0.0,16.0,2025-05-15,2025-07-06,Agotado
I-009578,SUC-24,PR-4694,78.0,9.0,2025-03-03,2025-05-27,Disponible
I-009579,SUC-48,PR-980,7.0,18.0,2025-03-12,2025-04-12,Bajo stock
I-009580,SUC-1,PR-5819,82.0,13.0,2025-06-03,2025-06-24,Agotado
inv_009581,SUC-26,PR-1143,3.0,18.0,2025-06-28,2025-07-16,Bajo stock
inv_009582,SUC-39,PR-1929,85.0,6.0,2025-07-23,2025-08-27,Disponible
I-009583,SUC-39,PR-2664,56.0,10.0,2025-05-27,2025-07-29,Disponible
inv_009584,SUC-31,PR-4786,52.0,16.0,2025-05-25,2025-07-09,Disponible
I-009585,SUC-12,PR-6146,59.0,16.0,2025-03-29,2025-07-13,Disponible
inv_009586,SUC-6,PR-2484,98.0,12.0,2025-07-19,2025-08-18,Disponible
inv_009587,SUC-31,PR-3329,35.0,11.0,2025-03-13,2025-07-09,Disponible
inv_009588,SUC-6,PR-7224,81.0,8.0,2025-05-21,2025-07-25,Disponible
I-009589,SUC-33,PR-2807,50.0,10.0,2025-05-16,2025-07-28,Disponible
I-009590,SUC-45,PR-588,39.0,13.0,2025-03-25,2025-08-28,Disponible
I-009591,SUC-44,PR-3297,64.0,8.0,2025-05-01,2025-07-07,Disponible
inv_009592,SUC-45,PR-6533,50.0,8.0,2025-06-28,2025-07-27,Disponible
inv_009593,SUC-5,PR-5380,26.0,18.0,2025-06-25,2025-06-26,Disponible
inv_009594,SUC-20,PR-1460,82.0,16.0,2025-05-28,2025-06-01,Disponible
I-009595,SUC-17,PR-4544,20.0,12.0,2025-07-27,2025-08-03,Disponible
inv_009596,SUC-38,PR-540,84.0,13.0,2025-04-01,2025-04-13,Disponible
I-009597,SUC-50,PR-5033,25.0,15.0,2025-06-07,2025-08-02,Disponible
I-009598,SUC-5,PR-242,75.0,12.0,2025-03-26,2025-04-23,Disponible
inv_009599,SUC-9,PR-9976,54.0,5.0,2025-06-11,2025-07-05,Disponible
I-009600,SUC-8,PR-4783,,9.0,2025-03-11,2025-04-08,Bajo stock
inv_009601,SUC-38,PR-5203,55.0,16.0,2025-06-16,2025-06-27,Disponible
inv_009602,SUC-14,PR-9998,29.0,8.0,2025-05-08,2025-06-04,Disponible
I-009603,SUC-46,PR-5403,80.0,11.0,2025-03-18,2025-07-17,Disponible
I-009604,SUC-13,PR-2632,0.0,20.0,2025-07-12,2025-08-12,Agotado
inv_009605,SUC-46,PR-98,24.0,9.0,2025-03-26,2025-07-22,Disponible
I-009606,SUC-1,PR-1786,70.0,17.0,2025-05-09,2025-06-04,Disponible
I-009607,SUC-8,PR-9494,20.0,14.0,2025-04-15,2025-06-18,Disponible
I-009608,SUC-18,PR-9054,85.0,17.0,2025-04-12,2025-06-07,Disponible
I-009609,SUC-44,PR-3473,90.0,13.0,2025-07-02,2025-07-28,Disponible
inv_009610,SUC-35,PR-1735,70.0,7.0,2025-04-24,2025-08-16,Disponible
inv_009611,SUC-18,PR-7610,44.0,19.0,2025-04-29,2025-06-13,Disponible
I-009612,SUC-6,PR-6720,78.0,17.0,2025-07-19,2025-07-29,Disponible
I-009613,SUC-22,PR-2087,46.0,20.0,2025-03-28,2025-07-19,Disponible
I-009614,SUC-30,PR-2187,97.0,13.0,2025-05-06,2025-08-09,Disponible
I-009615,SUC-25,PR-3975,86.0,16.0,2025-05-30,2025-07-19,Disponible
I-009616,SUC-29,PR-7186,25.0,16.0,2025-07-15,2025-07-27,Disponible
inv_009617,SUC-21,PR-1671,97.0,16.0,2025-03-13,2025-07-07,Disponible
inv_009618,SUC-45,PR-782,74.0,10.0,2025-07-17,2025-08-25,Disponible
inv_009619,SUC-33,PR-3785,29.0,7.0,2025-06-21,2025-06-24,Disponible
I-009620,SUC-46,PR-1922,18.0,6.0,2025-07-15,2025-08-23,Desconocido
I-009621,SUC-48,PR-1188,99.0,5.0,2025-06-23,2025-08-01,Disponible
I-009622,SUC-9,PR-965,26.0,10.0,2025-05-08,2025-05-11,Disponible
I-009623,SUC-18,PR-5848,19.0,17.0,2025-06-17,2025-08-22,Disponible
I-009624,SUC-35,PR-4184,49.0,7.0,2025-03-10,2025-07-14,Disponible
I-009625,SUC-14,PR-6793,31.0,20.0,2025-06-26,2026-01-01,Disponible
I-009626,SUC-17,PR-5811,7.0,18.0,2025-04-06,2025-05-07,Bajo stock
I-009627,SUC-6,PR-2778,72.0,10.0,2025-07-13,2025-08-06,Disponible
I-009628,SUC-3,PR-7419,39.0,14.0,2025-03-04,2025-03-16,Disponible
inv_009629,SUC-13,PR-2266,4.0,15.0,2025-07-13,2025-08-20,Bajo stock
I-009630,SUC-3,PR-5351,,13.0,2025-07-11,2025-07-16,Disponible
inv_009631,SUC-1,PR-7007,36.0,14.0,2025-04-04,2025-08-02,Disponible
I-009632,SUC-43,PR-8599,29.0,17.0,2025-03-30,2025-07-20,Disponible
I-009633,SUC-21,PR-3082,50.0,12.0,2025-07-16,2025-07-16,Disponible
inv_009634,SUC-37,PR-8501,15.0,10.0,2025-03-26,2025-07-01,Disponible
I-009635,SUC-44,PR-7834,35.0,17.0,2025-07-06,2025-08-08,Disponible
I-009636,SUC-41,PR-3270,2.0,11.0,2025-07-20,2025-07-20,Bajo stock
I-009637,SUC-45,PR-4151,85.0,14.0,2025-04-27,2025-07-12,Disponible
inv_009638,SUC-14,PR-6589,11.0,5.0,2025-03-08,2025-06-14,Disponible
I-009639,SUC-48,PR-2290,94.0,15.0,2025-05-08,2025-07-15,Disponible
inv_009640,SUC-11,,33.0,6.0,2025-07-10,2025-07-15,Disponible
inv_009641,SUC-30,PR-5652,11.0,17.0,2025-04-03,2025-06-16,Bajo stock
I-009642,SUC-17,PR-9350,53.0,6.0,2025-06-14,2025-06-30,Disponible
inv_009643,SUC-25,PR-6276,91.0,15.0,2025-04-22,2025-08-04,Disponible
inv_009644,SUC-33,PR-2584,40.0,9.0,2025-03-12,2025-08-04,Disponible
I-009645,SUC-2,PR-3782,37.0,20.0,2025-05-21,2025-06-19,Disponible
I-009646,SUC-43,PR-2158,49.0,16.0,2025-05-16,2025-07-11,Disponible
inv_009647,SUC-50,PR-8133,100.0,12.0,2025-04-03,2025-05-21,Disponible
inv_009648,SUC-29,PR-2798,98.0,7.0,2025-07-17,2025-08-16,Disponible
I-009649,SUC-34,PR-4320,2.0,11.0,2025-07-15,2025-07-21,Bajo stock
I-009650,SUC-30,PR-1258,10.0,20.0,2025-04-03,2025-07-29,Bajo stock
I-009651,SUC-46,PR-4036,19.0,10.0,2025-06-20,2025-08-15,Disponible
I-009652,SUC-35,PR-3721,40.0,11.0,2025-04-21,2025-05-31,Disponible
I-009653,SUC-45,PR-9673,7.0,7.0,2025-07-08,2025-08-18,Bajo stock
I-009654,SUC-9,PR-3164,18.0,20.0,2025-07-16,2025-07-28,Bajo stock
I-009655,SUC-41,PR-48,49.0,9.0,2025-06-16,2025-08-07,Disponible
I-009656,SUC-44,PR-2322,42.0,12.0,2025-05-28,2025-07-07,Disponible
inv_009657,SUC-39,PR-344,60.0,15.0,2025-06-01,2025-07-15,Disponible
I-009658,SUC-21,PR-4343,56.0,20.0,2025-03-22,2025-07-31,Disponible
I-009659,SUC-9,PR-8902,15.0,20.0,2025-03-17,2025-06-18,Bajo stock
inv_009660,SUC-12,PR-2289,,20.0,2025-04-24,,Desconocido
I-009661,SUC-25,PR-3657,92.0,15.0,2025-07-08,2025-08-23,Disponible
inv_009662,SUC-32,PR-2488,3.0,17.0,2025-05-13,2025-08-05,Bajo stock
I-009663,SUC-21,PR-8335,86.0,16.0,2025-04-23,2025-06-15,Disponible
inv_009664,SUC-18,PR-350,14.0,6.0,2025-03-08,2025-06-18,Disponible
I-009665,SUC-27,PR-7407,90.0,7.0,2025-05-16,2025-07-11,Disponible
I-009666,SUC-32,PR-2724,84.0,5.0,2025-04-13,2025-05-22,Disponible
I-009667,SUC-19,PR-7990,18.0,16.0,2025-06-08,2025-06-25,Disponible
I-009668,SUC-21,PR-4830,63.0,12.0,2025-05-06,2025-06-17,Disponible
I-009669,SUC-32,PR-3828,13.0,12.0,2025-07-14,2025-08-27,Disponible
inv_009670,SUC-5,PR-3688,9.0,17.0,2025-06-23,2025-08-12,Bajo stock
I-009671,SUC-35,PR-2431,59.0,20.0,2025-07-07,2025-07-12,Disponible
inv_009672,SUC-7,PR-4711,98.0,17.0,2025-05-06,2025-07-10,Disponible
I-009673,SUC-1,PR-6053,68.0,17.0,2025-06-06,2025-06-16,Disponible
inv_009674,SUC-45,PR-9494,94.0,11.0,2025-07-15,2025-08-17,Disponible
I-009675,SUC-21,PR-5280,61.0,71.0,2025-04-02,2025-04-16,Bajo stock
inv_009676,SUC-19,PR-1343,97.0,16.0,2025-06-26,2025-08-25,Disponible
I-009677,SUC-20,PR-3474,26.0,5.0,2025-03-09,2025-04-19,Disponible
I-009678,SUC-17,PR-8462,11.0,18.0,2025-03-21,2025-04-14,Bajo stock
I-009679,SUC-35,PR-2371,91.0,9.0,2025-05-17,2025-07-22,Disponible
I-009680,SUC-42,PR-4796,72.0,13.0,2025-07-21,2025-08-04,Disponible
inv_009681,SUC-3,PR-7610,75.0,18.0,2025-05-04,2025-05-30,Disponible
inv_009682,SUC-47,PR-9677,18.0,5.0,2025-07-04,2025-08-19,Disponible
inv_009683,SUC-25,PR-833,27.0,14.0,2025-05-20,2025-07-21,Disponible
I-009684,SUC-46,PR-5713,32.0,14.0,2025-04-14,2025-06-29,Disponible
inv_009685,SUC-44,PR-7775,5.0,20.0,2025-04-02,2025-04-20,Bajo stock
I-009686,SUC-48,PR-1826,97.0,11.0,2025-05-03,2025-06-29,Disponible
inv_009687,SUC-26,PR-4647,14.0,17.0,2025-03-26,2025-06-18,Bajo stock
I-009688,SUC-1,PR-2203,15.0,8.0,2025-07-20,2025-08-01,Disponible
inv_009689,SUC-3,PR-817,39.0,10.0,2025-04-02,2025-08-18,Disponible
inv_009690,SUC-42,PR-1462,,16.0,2025-03-04,2025-03-22,Disponible
I-009691,SUC-22,PR-9438,100.0,16.0,2025-06-29,2025-08-26,Disponible
I-009692,SUC-39,PR-9166,80.0,7.0,2025-06-18,2025-07-30,Disponible
I-009693,SUC-35,PR-458,53.0,19.0,2025-06-17,2025-06-30,Disponible
I-009694,SUC-9,PR-896,21.0,14.0,2025-05-29,2025-08-16,Disponible
I-009695,SUC-1,PR-6410,17.0,13.0,2025-07-04,2025-07-19,Disponible
I-009696,SUC-21,PR-775,52.0,20.0,2025-07-16,2025-08-08,Disponible
I-009697,SUC-38,PR-9058,5.0,5.0,2025-05-22,2025-06-11,Bajo stock
I-009698,SUC-18,PR-5867,22.0,5.0,2025-04-06,2025-07-14,Disponible
I-009699,SUC-23,PR-7299,44.0,7.0,2025-04-10,2025-08-14,Disponible
I-009700,SUC-16,PR-1490,22.0,,2025-07-12,2025-07-30,Disponible
inv_009701,SUC-22,PR-4467,57.0,19.0,2025-05-21,2025-08-03,Disponible
I-009702,SUC-21,PR-967,24.0,13.0,2025-06-05,2025-06-19,Disponible
inv_009703,SUC-29,PR-4518,12.0,12.0,2025-06-08,2025-07-23,Bajo stock
inv_009704,SUC-31,PR-225,16.0,20.0,2025-04-16,2025-04-23,Bajo stock
I-009705,SUC-46,PR-4583,77.0,14.0,2025-06-02,2025-07-27,Disponible
I-009706,SUC-41,PR-4860,12.0,18.0,2025-04-24,2025-08-26,Bajo stock
I-009707,SUC-23,PR-4374,12.0,20.0,2025-07-14,2025-08-20,Bajo stock
inv_009708,SUC-33,PR-862,57.0,8.0,2025-07-17,2025-07-29,Disponible
inv_009709,SUC-8,PR-2279,8.0,18.0,2025-04-07,2025-07-27,Bajo stock
I-009710,SUC-48,PR-7658,66.0,13.0,2025-05-17,2025-05-30,Disponible
I-009711,SUC-11,PR-3384,24.0,17.0,2025-07-11,2025-08-28,Disponible
I-009712,SUC-9,PR-4259,70.0,7.0,2025-07-14,2025-08-13,Disponible
I-009713,SUC-2,PR-8824,97.0,10.0,2025-07-24,2025-08-09,Disponible
I-009714,SUC-42,PR-5643,63.0,11.0,2025-04-15,2025-08-17,Disponible
I-009715,SUC-14,PR-2352,64.0,17.0,2025-06-13,2025-08-22,Disponible
I-009716,SUC-6,PR-8888,75.0,5.0,2025-04-16,2025-05-07,Disponible
inv_009717,SUC-33,PR-4114,97.0,9.0,2025-07-17,2025-08-18,Disponible
I-009718,SUC-9,PR-4571,11.0,11.0,2025-05-23,2025-07-03,Bajo stock
inv_009719,SUC-6,PR-2467,26.0,16.0,2025-05-15,2025-08-23,Disponible
I-009720,SUC-42,,-13.0,14.0,2025-07-19,2025-08-08,Bajo stock
I-009721,SUC-21,PR-8483,51.0,13.0,2025-05-12,2025-07-24,Disponible
inv_009722,SUC-47,PR-5355,71.0,9.0,2025-07-01,2025-07-06,Disponible
inv_009723,SUC-7,PR-297,31.0,6.0,2025-06-13,2025-07-21,Disponible
I-009724,SUC-9,PR-8660,7.0,14.0,2025-03-28,2025-08-19,Bajo stock
inv_009725,SUC-26,PR-4889,54.0,64.0,2025-06-04,2025-06-25,Bajo stock
inv_009726,SUC-44,PR-7051,2.0,16.0,2025-06-08,2025-08-21,Bajo stock
I-009727,SUC-7,PR-5772,61.0,17.0,2025-05-11,2025-06-19,Disponible
I-009728,SUC-5,PR-175,12.0,13.0,2025-03-06,2025-04-05,Bajo stock
I-009729,SUC-8,PR-8624,21.0,11.0,2025-07-14,2025-08-01,Disponible
inv_009730,SUC-39,PR-6299,53.0,17.0,2025-04-03,2026-01-01,Disponible
inv_009731,SUC-9,PR-5505,37.0,13.0,2025-06-02,2025-07-08,Disponible
I-009732,SUC-8,PR-7840,99.0,20.0,2025-04-05,2025-07-04,Disponible
I-009733,SUC-35,PR-962,48.0,11.0,2025-04-01,2025-08-18,Disponible
inv_009734,SUC-25,PR-7755,82.0,11.0,2025-04-26,2025-04-30,Disponible
I-009735,SUC-18,PR-3718,89.0,12.0,2025-03-25,2025-07-03,Disponible
inv_009736,SUC-7,PR-5612,29.0,16.0,2025-07-14,2025-07-28,Disponible
inv_009737,SUC-24,PR-1783,13.0,11.0,2025-03-20,2025-06-24,Disponible
I-009738,SUC-35,PR-4273,37.0,17.0,2025-04-13,2025-05-12,Disponible
inv_009739,SUC-18,PR-3386,90.0,12.0,2025-06-01,2025-08-26,Disponible
I-009740,SUC-23,PR-108,45.0,16.0,2025-06-28,2025-08-01,Agotado
I-009741,SUC-50,PR-283,59.0,13.0,2025-05-11,2025-05-28,Disponible
inv_009742,SUC-49,PR-8563,18.0,7.0,2025-07-28,2025-08-11,Disponible
I-009743,SUC-39,PR-4751,9.0,17.0,2025-06-12,2025-08-16,Bajo stock
inv_009744,SUC-48,PR-4105,45.0,12.0,2025-06-11,2025-08-07,Disponible
inv_009745,SUC-15,PR-3370,48.0,9.0,2025-06-16,2025-06-22,Disponible
I-009746,SUC-8,PR-9641,60.0,7.0,2025-05-29,2025-08-24,Disponible
I-009747,SUC-37,PR-8833,69.0,11.0,2025-04-09,2025-06-28,Disponible
I-009748,SUC-41,PR-5625,56.0,17.0,2025-04-10,2025-05-27,Disponible
inv_009749,SUC-44,PR-9196,86.0,12.0,2025-05-13,2025-05-28,Disponible
I-009750,SUC-32,PR-9949,15.0,6.0,2025-04-21,2025-07-04,Disponible
inv_009751,SUC-7,PR-310,47.0,11.0,2025-03-11,2025-03-27,Disponible
I-009752,SUC-22,PR-404,50.0,6.0,2025-05-15,2025-08-09,Disponible
I-009753,SUC-34,PR-916,53.0,19.0,2025-05-29,2025-08-16,Disponible
I-009754,SUC-7,PR-6590,4.0,9.0,2025-06-06,2025-08-06,Bajo stock
inv_009755,SUC-6,PR-3567,83.0,20.0,2025-07-06,2025-08-27,Disponible
I-009756,SUC-48,PR-9623,13.0,7.0,2025-05-14,2025-08-02,Disponible
I-009757,SUC-9,PR-5947,34.0,11.0,2025-03-19,2025-06-07,Disponible
I-009758,SUC-28,PR-9570,22.0,16.0,2025-04-06,2025-08-26,Disponible
I-009759,SUC-25,PR-4455,41.0,18.0,2025-07-06,2025-08-12,Disponible
I-009760,SUC-2,PR-1460,32.0,11.0,2025-04-20,2025-06-24,Disponible
inv_009761,SUC-10,PR-1905,36.0,16.0,2025-03-26,2025-06-19,Disponible
I-009762,SUC-38,PR-8803,33.0,11.0,2025-06-26,2025-07-29,Disponible
inv_009763,SUC-33,PR-7920,88.0,17.0,2025-05-24,2025-07-14,Disponible
I-009764,SUC-36,PR-4622,21.0,6.0,2025-07-15,2025-08-07,Disponible
I-009765,SUC-9,PR-2865,72.0,15.0,2025-07-16,2025-07-30,Disponible
I-009766,SUC-14,PR-8989,17.0,6.0,2025-03-21,2025-04-15,Disponible
I-009767,SUC-30,PR-244,9.0,11.0,2025-07-05,2025-08-12,Bajo stock
inv_009768,SUC-44,PR-1706,97.0,13.0,2025-06-07,2025-08-13,Disponible
inv_009769,SUC-24,PR-9535,69.0,9.0,2025-05-22,2025-08-25,Disponible
I-009770,SUC-27,PR-1242,34.0,8.0,2025-05-29,2025-08-20,Disponible
I-009771,SUC-9,PR-2977,16.0,10.0,2025-05-25,2025-06-22,Disponible
inv_009772,SUC-8,PR-4577,42.0,8.0,2025-03-05,2025-08-02,Disponible
I-009773,SUC-26,PR-1392,14.0,6.0,2025-04-16,2025-06-21,Disponible
inv_009774,SUC-16,PR-9785,95.0,11.0,2025-06-09,2025-08-21,Disponible
I-009775,SUC-42,PR-6450,79.0,89.0,2025-04-05,2025-08-02,Bajo stock
inv_009776,SUC-2,PR-1982,73.0,14.0,2025-04-29,2025-07-27,Disponible
inv_009777,SUC-5,PR-4649,95.0,12.0,2025-06-03,2025-08-13,Disponible
I-009778,SUC-1,PR-9752,61.0,7.0,2025-05-08,2025-08-03,Disponible
inv_009779,SUC-41,PR-206,69.0,7.0,2025-03-26,2025-06-12,Disponible
inv_009780,SUC-9,PR-6882,66.0,13.0,2025-03-13,2025-06-21,Bajo stock
I-009781,SUC-49,PR-2259,87.0,18.0,2025-06-18,2025-06-22,Disponible
I-009782,SUC-26,PR-1271,91.0,17.0,2025-06-20,2025-07-02,Disponible
I-009783,SUC-23,PR-9658,93.0,13.0,2025-05-23,2025-06-01,Disponible
I-009784,SUC-21,PR-7271,13.0,5.0,2025-05-15,2025-07-03,Disponible
inv_009785,SUC-5,PR-6727,43.0,5.0,2025-05-23,2025-07-31,Disponible
inv_009786,SUC-31,PR-4580,41.0,14.0,2025-07-27,2025-07-28,Disponible
I-009787,SUC-41,PR-7107,19.0,7.0,2025-05-05,2025-07-15,Disponible
I-009788,SUC-8,PR-105,8.0,15.0,2025-07-12,2025-08-07,Bajo stock
I-009789,SUC-39,PR-552,77.0,11.0,2025-05-24,2025-07-31,Disponible
inv_009790,SUC-3,PR-9976,4.0,14.0,2025-03-27,2025-04-12,Bajo stock
I-009791,SUC-36,PR-4799,80.0,12.0,2025-06-27,2025-06-28,Disponible
I-009792,SUC-41,PR-8123,80.0,18.0,2025-03-17,2025-05-11,Disponible
I-009793,SUC-37,PR-4620,12.0,11.0,2025-07-06,2025-07-12,Disponible
I-009794,SUC-31,PR-8842,32.0,6.0,2025-06-08,2025-06-12,Disponible
I-009795,SUC-27,PR-5765,3.0,12.0,2025-03-21,2025-08-09,Bajo stock
I-009796,SUC-30,PR-8846,15.0,18.0,2025-05-26,2025-08-06,Bajo stock
inv_009797,SUC-29,PR-3903,32.0,12.0,2025-03-23,2025-05-12,Disponible
inv_009798,SUC-12,PR-578,6.0,18.0,2025-07-08,2025-07-11,Bajo stock
inv_009799,SUC-21,PR-3395,5.0,12.0,2025-03-02,2025-06-07,Bajo stock
I-009800,SUC-12,,74.0,20.0,2025-07-11,2025-08-04,Disponible
I-009801,SUC-11,PR-3552,12.0,16.0,2025-07-18,2025-08-28,Bajo stock
inv_009802,SUC-42,PR-1878,79.0,15.0,2025-04-18,2025-04-21,Disponible
I-009803,SUC-1,PR-948,8.0,11.0,2025-06-16,2025-07-08,Bajo stock
inv_009804,SUC-28,PR-8447,27.0,8.0,2025-06-12,2025-06-20,Disponible
inv_009805,SUC-14,PR-9076,18.0,15.0,2025-06-09,2025-06-20,Disponible
inv_009806,SUC-1,PR-4772,34.0,6.0,2025-04-12,2025-06-05,Disponible
I-009807,SUC-46,PR-5484,27.0,19.0,2025-04-11,2025-07-21,Disponible
I-009808,SUC-43,PR-1084,24.0,14.0,2025-05-07,2025-05-09,Disponible
inv_009809,SUC-3,PR-1398,42.0,18.0,2025-06-05,2025-06-21,Disponible
I-009810,SUC-50,PR-9716,2.0,10.0,2025-03-12,2025-03-24,Bajo stock
I-009811,SUC-35,PR-4988,1.0,7.0,2025-07-20,2025-08-13,Bajo stock
I-009812,SUC-36,PR-1593,13.0,12.0,2025-05-31,2025-07-01,Disponible
I-009813,SUC-39,PR-4880,59.0,7.0,2025-07-10,2025-08-01,Disponible
inv_009814,SUC-27,PR-7177,41.0,7.0,2025-04-14,2025-05-04,Disponible
I-009815,SUC-18,PR-4056,99.0,19.0,2025-06-24,2025-07-21,Disponible
I-009816,SUC-20,PR-8050,64.0,16.0,2025-04-05,2025-06-06,Disponible
inv_009817,SUC-29,PR-4100,93.0,8.0,2025-06-20,2025-06-28,Disponible
I-009818,SUC-6,PR-4359,7.0,18.0,2025-03-30,2025-04-27,Bajo stock
I-009819,SUC-29,PR-2425,38.0,8.0,2025-05-05,2025-06-28,Disponible
I-009820,SUC-16,PR-2278,57.0,18.0,2025-05-31,2025-07-06,Disponible
inv_009821,SUC-33,PR-7315,91.0,15.0,2025-05-27,2025-08-03,Disponible
inv_009822,SUC-31,PR-9762,67.0,5.0,2025-04-23,2025-08-11,Disponible
inv_009823,SUC-11,PR-6045,4.0,11.0,2025-03-15,2025-06-14,Bajo stock
I-009824,SUC-10,PR-564,3.0,6.0,2025-06-22,2025-06-28,Bajo stock
I-009825,SUC-4,PR-2473,58.0,12.0,2025-07-26,2025-08-05,Disponible
inv_009826,SUC-21,PR-9345,64.0,18.0,2025-04-07,2025-04-27,Disponible
I-009827,SUC-13,PR-8485,89.0,14.0,2025-07-03,2025-07-21,Disponible
I-009828,SUC-49,PR-6360,24.0,7.0,2025-04-19,2025-05-28,Disponible
inv_009829,SUC-8,PR-7310,6.0,18.0,2025-06-19,2025-07-23,Bajo stock
I-009830,SUC-21,PR-3945,55.0,18.0,2025-06-02,2025-07-29,Disponible
I-009831,SUC-19,PR-9199,74.0,10.0,2025-05-23,2025-06-02,Disponible
I-009832,SUC-9,PR-3697,18.0,15.0,2025-03-23,2025-07-11,Disponible
I-009833,SUC-47,PR-784,95.0,11.0,2025-07-17,2025-07-23,Disponible
I-009834,SUC-8,PR-3649,0.0,18.0,2025-03-07,2025-04-11,Agotado
inv_009835,SUC-6,PR-9685,73.0,5.0,2025-03-22,,Disponible
I-009836,SUC-50,PR-6107,90.0,20.0,2025-05-31,2025-08-15,Disponible
inv_009837,SUC-37,PR-4152,35.0,16.0,2025-06-16,2025-07-19,Disponible
I-009838,SUC-20,PR-1006,89.0,14.0,2025-03-18,2025-05-28,Disponible
I-009839,SUC-39,PR-4727,38.0,19.0,2025-07-25,2025-08-08,Disponible
I-009840,SUC-8,PR-6341,,5.0,2025-04-06,2025-06-19,Desconocido
I-009841,SUC-6,PR-1272,78.0,13.0,2025-05-27,2025-07-07,Disponible
I-009842,SUC-30,PR-7003,16.0,20.0,2025-06-02,2025-07-25,Bajo stock
I-009843,SUC-26,PR-7506,55.0,15.0,2025-05-02,2025-08-28,Disponible
I-009844,SUC-2,PR-9738,0.0,16.0,2025-07-21,2025-07-30,Agotado
I-009845,SUC-36,PR-9759,38.0,18.0,2025-04-18,2025-06-07,Disponible
I-009846,SUC-23,PR-7890,8.0,6.0,2025-07-07,2025-08-18,Disponible
I-009847,SUC-47,PR-9817,44.0,11.0,2025-07-07,2025-07-09,Disponible
inv_009848,SUC-25,PR-6922,40.0,7.0,2025-05-20,2025-06-27,Disponible
inv_009849,SUC-11,PR-6420,95.0,13.0,2025-07-03,2025-07-22,Disponible
inv_009850,SUC-18,PR-1910,23.0,7.0,2025-07-06,2025-08-17,Disponible
inv_009851,SUC-44,PR-6787,15.0,7.0,2025-07-01,2025-08-10,Disponible
inv_009852,SUC-29,PR-1652,26.0,5.0,2025-03-05,2025-06-13,Disponible
I-009853,SUC-21,PR-1952,67.0,19.0,2025-04-04,2025-08-23,Disponible
inv_009854,SUC-43,PR-7309,50.0,11.0,2025-04-25,2025-05-10,Disponible
inv_009855,SUC-13,PR-77,70.0,7.0,2025-04-03,2025-05-03,Disponible
I-009856,SUC-21,PR-8809,58.0,8.0,2025-04-25,2025-07-20,Disponible
inv_009857,SUC-44,PR-9025,80.0,5.0,2025-06-23,2025-08-23,Disponible
I-009858,SUC-33,PR-5208,63.0,15.0,2025-03-29,2025-06-01,Disponible
I-009859,SUC-27,PR-6675,95.0,16.0,2025-07-11,2025-08-26,Disponible
I-009860,SUC-30,PR-89,99.0,13.0,2025-04-05,2025-05-05,Desconocido
I-009861,SUC-38,PR-5584,81.0,11.0,2025-06-11,2025-07-13,Disponible
inv_009862,SUC-44,PR-2679,28.0,10.0,2025-05-26,2025-08-22,Disponible
I-009863,SUC-46,PR-1459,62.0,18.0,2025-04-24,2025-08-07,Disponible
I-009864,SUC-17,PR-3896,9.0,10.0,2025-04-27,2025-06-29,Bajo stock
I-009865,SUC-35,PR-5972,33.0,7.0,2025-05-19,2025-07-02,Disponible
I-009866,SUC-21,PR-761,7.0,12.0,2025-03-02,2025-06-24,Bajo stock
I-009867,SUC-18,PR-340,25.0,14.0,2025-03-27,2025-08-26,Disponible
I-009868,SUC-24,PR-2601,75.0,11.0,2025-07-18,2025-08-16,Disponible
inv_009869,SUC-36,PR-7503,62.0,17.0,2025-07-10,2025-08-21,Disponible
I-009870,SUC-22,PR-3825,,20.0,2025-06-17,2025-07-31,Disponible
I-009871,SUC-16,PR-1913,93.0,19.0,2025-06-23,2025-06-27,Disponible
inv_009872,SUC-43,PR-2006,37.0,19.0,2025-03-27,2025-07-13,Disponible
I-009873,SUC-1,PR-7407,40.0,11.0,2025-04-16,2025-07-25,Disponible
I-009874,SUC-35,PR-9211,85.0,8.0,2025-07-18,2025-07-22,Disponible
I-009875,SUC-34,PR-5824,60.0,,2025-05-24,2025-07-14,Disponible
I-009876,SUC-11,PR-5981,60.0,13.0,2025-03-03,2025-03-12,Disponible
I-009877,SUC-50,PR-2605,58.0,14.0,2025-06-06,2025-06-16,Disponible
I-009878,SUC-32,PR-7038,83.0,10.0,2025-05-03,2025-05-22,Disponible
I-009879,SUC-37,PR-4641,40.0,11.0,2025-05-18,2025-06-27,Disponible
inv_009880,SUC-29,PR-3954,0.0,7.0,2025-06-13,2025-07-03,Agotado
I-009881,SUC-42,PR-1739,91.0,20.0,2025-07-26,2025-08-28,Disponible
I-009882,SUC-9,PR-9658,52.0,13.0,2025-05-15,2025-05-24,Disponible
I-009883,SUC-24,PR-5255,59.0,10.0,2025-05-27,2025-07-26,Disponible
I-009884,SUC-34,PR-656,29.0,15.0,2025-07-10,2025-08-28,Disponible
inv_009885,SUC-43,PR-3476,63.0,16.0,2025-04-05,2025-06-15,Disponible
I-009886,SUC-26,PR-5087,89.0,10.0,2025-04-18,2025-06-28,Disponible
I-009887,SUC-8,PR-2422,79.0,8.0,2025-03-05,2025-08-20,Disponible
I-009888,SUC-25,PR-2733,23.0,13.0,2025-07-03,2025-07-12,Disponible
I-009889,SUC-6,PR-308,6.0,8.0,2025-06-23,2025-07-23,Bajo stock
I-009890,SUC-43,PR-9926,98.0,8.0,2025-07-08,2025-08-15,Disponible
inv_009891,SUC-46,PR-558,54.0,20.0,2025-06-13,2025-08-11,Disponible
I-009892,SUC-10,PR-1232,15.0,14.0,2025-03-10,2025-07-21,Disponible
I-009893,SUC-49,PR-3339,82.0,5.0,2025-04-27,2025-05-26,Disponible
I-009894,SUC-27,PR-6757,2.0,12.0,2025-07-09,2025-08-11,Bajo stock
inv_009895,SUC-22,PR-621,5.0,20.0,2025-05-24,2025-05-31,Bajo stock
I-009896,SUC-23,PR-4732,15.0,6.0,2025-07-16,2025-08-26,Disponible
inv_009897,SUC-48,PR-3757,24.0,19.0,2025-05-11,2025-08-15,Disponible
I-009898,SUC-13,PR-1319,72.0,14.0,2025-07-16,2025-08-02,Disponible
inv_009899,SUC-38,PR-2620,85.0,20.0,2025-03-31,2025-05-11,Disponible
,SUC-4,PR-898,37.0,47.0,2025-03-17,2025-08-25,Bajo stock
I-009901,SUC-11,PR-7314,87.0,20.0,2025-05-06,2025-06-11,Disponible
I-009902,SUC-18,PR-4719,28.0,14.0,2025-05-22,2025-08-03,Disponible
inv_009903,SUC-17,PR-5005,81.0,10.0,2025-05-27,2025-06-30,Disponible
inv_009904,SUC-24,PR-7251,61.0,19.0,2025-05-15,2025-05-27,Disponible
I-009905,SUC-3,PR-1813,36.0,7.0,2025-07-16,,Disponible
I-009906,SUC-45,PR-5744,88.0,16.0,2025-06-05,2025-08-19,Disponible
I-009907,SUC-47,PR-8604,31.0,5.0,2025-04-27,2025-04-28,Disponible
inv_009908,SUC-12,PR-7693,84.0,5.0,2025-04-10,2025-08-28,Disponible
inv_009909,SUC-30,PR-5769,43.0,19.0,2025-04-22,2025-05-20,Disponible
I-009910,SUC-18,PR-7607,79.0,17.0,2025-07-01,2025-08-16,Disponible
I-009911,SUC-32,PR-514,77.0,12.0,2025-06-26,2025-07-04,Disponible
inv_009912,SUC-18,PR-5677,68.0,14.0,2025-05-22,2025-05-22,Disponible
I-009913,SUC-43,PR-2499,27.0,10.0,2025-05-11,2025-06-17,Disponible
I-009914,SUC-46,PR-103,11.0,10.0,2025-03-18,2025-07-23,Disponible
I-009915,SUC-47,PR-8048,66.0,11.0,2025-03-22,2025-07-31,Disponible
I-009916,SUC-50,PR-6804,84.0,12.0,2025-03-08,2025-07-20,Disponible
I-009917,SUC-32,PR-7878,88.0,17.0,2025-06-11,2025-06-23,Disponible
I-009918,SUC-45,PR-1349,46.0,10.0,2025-04-03,2025-08-10,Disponible
I-009919,SUC-19,PR-2600,38.0,9.0,2025-06-28,2025-08-16,Disponible
inv_009920,SUC-9,PR-9450,89.0,10.0,2025-07-22,2025-08-15,Agotado
I-009921,SUC-14,PR-1825,96.0,6.0,2025-03-28,2025-06-17,Disponible
I-009922,SUC-27,PR-3767,57.0,20.0,2025-04-04,2025-07-08,Disponible
I-009923,SUC-2,PR-7432,22.0,16.0,2025-05-06,2025-07-15,Disponible
inv_009924,SUC-39,PR-6703,8.0,17.0,2025-03-10,2025-06-04,Bajo stock
I-009925,SUC-14,PR-5649,57.0,,2025-06-12,2025-07-07,Disponible
I-009926,SUC-18,PR-9142,43.0,20.0,2025-03-31,2025-03-31,Disponible
I-009927,SUC-12,PR-23,22.0,12.0,2025-05-14,2025-08-27,Disponible
inv_009928,SUC-4,PR-5984,75.0,16.0,2025-07-03,2025-08-26,Disponible
I-009929,SUC-40,PR-8567,82.0,12.0,2025-03-16,2025-07-10,Disponible
inv_009930,SUC-37,PR-9270,39.0,15.0,2025-03-09,2025-05-09,Disponible
inv_009931,SUC-17,PR-8068,97.0,6.0,2025-04-19,2025-06-15,Disponible
I-009932,SUC-31,PR-5748,33.0,19.0,2025-05-29,2025-06-01,Disponible
inv_009933,SUC-4,PR-2202,83.0,11.0,2025-06-28,2025-07-12,Disponible
I-009934,SUC-5,PR-160,18.0,15.0,2025-05-14,2025-06-15,Disponible
I-009935,SUC-4,PR-569,21.0,6.0,2025-06-28,2025-07-28,Disponible
I-009936,SUC-2,PR-8073,79.0,14.0,2025-06-15,2025-08-21,Disponible
inv_009937,SUC-16,PR-958,95.0,5.0,2025-06-12,2025-07-20,Disponible
I-009938,SUC-5,PR-6351,23.0,13.0,2025-06-08,2025-07-19,Disponible
I-009939,SUC-50,PR-569,61.0,13.0,2025-05-11,2025-05-18,Disponible
I-009940,SUC-25,PR-7181,56.0,6.0,2025-07-03,,Bajo stock
I-009941,SUC-40,PR-951,90.0,9.0,2025-05-26,2025-08-25,Disponible
inv_009942,SUC-39,PR-5942,88.0,7.0,2025-03-29,2025-05-10,Disponible
inv_009943,SUC-27,PR-8267,21.0,7.0,2025-06-26,2025-08-10,Disponible
I-009944,SUC-38,PR-1197,11.0,5.0,2025-04-02,2025-05-23,Disponible
inv_009945,SUC-19,PR-4425,46.0,13.0,2025-06-04,2025-07-18,Disponible
I-009946,SUC-41,PR-7454,13.0,9.0,2025-05-22,2025-07-04,Disponible
I-009947,SUC-33,PR-7209,9.0,13.0,2025-07-12,2025-07-30,Bajo stock
I-009948,SUC-31,PR-3828,91.0,14.0,2025-04-02,2025-07-23,Disponible
I-009949,SUC-18,PR-8705,54.0,8.0,2025-04-11,2025-07-17,Disponible
inv_009950,SUC-42,PR-5957,91.0,,2025-05-07,2025-05-20,Disponible
I-009951,SUC-43,PR-1056,68.0,5.0,2025-05-30,2025-07-04,Disponible
I-009952,SUC-23,PR-3720,10.0,7.0,2025-03-15,2025-04-19,Disponible
inv_009953,SUC-35,PR-6900,28.0,9.0,2025-03-26,2025-08-03,Disponible
I-009954,SUC-6,PR-6186,9.0,17.0,2025-06-26,2025-07-24,Bajo stock
I-009955,SUC-29,PR-9004,83.0,9.0,2025-05-18,2025-07-14,Disponible
inv_009956,SUC-28,PR-3756,46.0,5.0,2025-03-16,2025-04-02,Disponible
I-009957,SUC-29,PR-136,38.0,12.0,2025-06-18,2025-06-27,Disponible
I-009958,SUC-41,PR-1314,33.0,20.0,2025-04-12,2025-04-14,Disponible
I-009959,SUC-40,PR-6050,55.0,18.0,2025-07-04,2025-08-04,Disponible
I-009960,SUC-44,,-2.0,18.0,2025-04-22,2025-05-06,Bajo stock
I-009961,SUC-50,PR-3811,28.0,17.0,2025-04-01,2025-06-24,Disponible
I-009962,SUC-3,PR-227,28.0,20.0,2025-03-26,2025-08-05,Disponible
I-009963,SUC-20,PR-421,73.0,13.0,2025-07-11,2025-07-25,Disponible
inv_009964,SUC-38,PR-3869,40.0,6.0,2025-05-10,2025-06-02,Disponible
I-009965,SUC-17,PR-5683,75.0,7.0,2025-03-12,2025-06-29,Disponible
I-009966,SUC-47,PR-8579,25.0,9.0,2025-06-06,2025-06-29,Disponible
I-009967,SUC-2,PR-4367,88.0,12.0,2025-07-08,2025-08-25,Disponible
I-009968,SUC-28,PR-5275,83.0,10.0,2025-05-29,2025-06-07,Disponible
I-009969,SUC-29,PR-6594,15.0,18.0,2025-07-16,2025-08-15,Bajo stock
inv_009970,SUC-47,PR-2470,45.0,10.0,2025-07-02,2025-08-10,Disponible
I-009971,SUC-50,PR-9160,90.0,9.0,2025-04-02,2025-05-07,Disponible
inv_009972,SUC-40,PR-2365,3.0,5.0,2025-06-14,2025-08-22,Bajo stock
I-009973,SUC-45,PR-7366,49.0,17.0,2025-03-21,2025-05-30,Disponible
inv_009974,SUC-39,PR-8690,28.0,7.0,2025-04-15,2025-07-08,Disponible
I-009975,SUC-23,PR-3918,45.0,55.0,2025-05-17,2025-07-15,Bajo stock
I-009976,SUC-19,PR-9203,16.0,18.0,2025-03-10,2025-06-05,Bajo stock
I-009977,SUC-25,PR-6767,51.0,19.0,2025-04-12,2025-07-19,Disponible
inv_009978,SUC-24,PR-8606,17.0,17.0,2025-05-09,2025-08-22,Bajo stock
I-009979,SUC-29,PR-3759,72.0,15.0,2025-06-05,2025-07-19,Disponible
inv_009980,SUC-46,PR-3312,74.0,8.0,2025-05-22,2025-06-13,Agotado
I-009981,SUC-15,PR-6042,80.0,10.0,2025-07-22,2025-08-28,Disponible
I-009982,SUC-1,PR-5265,62.0,18.0,2025-07-07,2025-08-06,Disponible
I-009983,SUC-36,PR-9222,30.0,9.0,2025-03-03,2025-05-04,Disponible
inv_009984,SUC-20,PR-9607,68.0,20.0,2025-03-08,2025-07-07,Disponible
inv_009985,SUC-15,PR-765,75.0,5.0,2025-04-25,2025-08-21,Disponible
I-009986,SUC-6,PR-6449,36.0,10.0,2025-05-02,2025-08-09,Disponible
I-009987,SUC-1,PR-9442,62.0,16.0,2025-05-15,2025-06-16,Disponible
I-009988,SUC-4,PR-8040,2.0,6.0,2025-03-13,2025-07-13,Bajo stock
inv_009989,SUC-10,PR-7152,60.0,17.0,2025-06-02,2025-07-05,Disponible
I-009990,SUC-25,PR-5377,,11.0,2025-06-15,2025-07-06,Disponible
I-009991,SUC-48,PR-1033,15.0,8.0,2025-05-31,2025-07-30,Disponible
inv_009992,SUC-37,PR-3620,20.0,16.0,2025-03-27,2025-08-26,Disponible
inv_009993,SUC-17,PR-2833,6.0,11.0,2025-05-19,2025-05-20,Bajo stock
inv_009994,SUC-48,PR-8621,55.0,16.0,2025-05-01,2025-05-26,Disponible
I-009995,SUC-9,PR-7197,67.0,7.0,2025-07-14,2025-08-13,Disponible
I-009996,SUC-47,PR-9006,96.0,13.0,2025-07-11,2025-07-27,Disponible
I-009997,SUC-6,PR-15,2.0,7.0,2025-04-06,2025-07-03,Bajo stock
I-009998,SUC-32,PR-1315,71.0,14.0,2025-04-22,2025-07-28,Disponible
I-009999,SUC-18,PR-407,78.0,14.0,2025-05-20,2025-07-16,Disponible
I-010000,SUC-2,PR-9381,85.0,19.0,2025-06-13,2025-06-30,Desconocido
