cobro_id,venta_id,fecha_cobro,monto_total,metodo_pago,estado_pago
PG-00001,C-000001,2025-06-05,1091.38,Tarjeta,Completado
PG-00002,C-000002,2025-06-22,87.3,Tarjeta,Pendiente
PG-00003,C-000003,2025-07-13,58.46,Amazon Pay,Completado
PG-00004,C-000004,2025-08-24,159.1,Tarjeta,Completado
PG-00005,C-000005,2025-08-18,53.19,Transferencia,Completado
PG-00006,C-000006,2025-07-08,1013.89,Amazon Pay,Pendiente
PG-00007,C-000007,2025-08-04,1768.51,Bizum,Completado
PG-00008,C-000008,2025-07-16,175.37,Transferencia,Completado
PG-00009,C-000009,2025-06-24,753.68,Transferencia,Pendiente
PG-00010,C-000010,2025-08-02,208.64,PayPal,Pendiente
PG-00011,C-000011,2025-07-25,79.96,Tarjeta,Completado
PG-00012,C-000012,2025-08-13,776.02,Tarjeta,Completado
PG-00013,C-000013,2025-06-08,658.56,Efectivo,Completado
PG-00014,C-000014,2025-07-24,307.19,Bizum,Completado
PG-00015,C-000015,2025-08-29,487.88,Transferencia,Completado
PG-00016,C-000016,2025-07-19,612.8,PayPal,Completado
PG-00017,C-000017,2025-06-24,168.84,Transferencia,Completado
PG-00018,C-000018,2025-08-15,133.68,Transferencia,Completado
PG-00019,C-000019,2025-07-24,418.07,Bizum,Completado
PG-00020,C-000020,2025-06-09,390.55,Transferencia,Completado
PG-00021,C-000021,2025-08-21,920.33,Transferencia,Completado
PG-00022,C-000022,2025-07-03,819.94,Tarjeta,Completado
PG-00023,C-000023,2025-06-13,668.58,PayPal,Completado
PG-00024,C-000024,2025-07-03,1468.03,Transferencia,Completado
PG-00025,C-000025,2025-07-11,325.02,Transferencia,Completado
PG-00026,C-000026,2025-07-07,1277.08,Amazon Pay,Completado
PG-00027,C-000027,2025-07-30,751.9,Transferencia,Completado
PG-00028,C-000028,2025-06-09,1093.95,Transferencia,Completado
PG-00029,C-000029,2025-06-14,142.92,Transferencia,Completado
PG-00030,C-000030,2025-07-09,1111.28,Transferencia,Completado
PG-00031,C-000031,2025-06-09,273.38,Tarjeta,Fallido
PG-00032,C-000032,2025-07-16,1093.68,Tarjeta,Pendiente
PG-00033,C-000033,2025-07-18,636.12,Transferencia,Completado
PG-00034,C-000034,2025-07-14,1283.31,Tarjeta,Completado
PG-00035,C-000035,2025-07-06,1433.83,Tarjeta,Completado
PG-00036,C-000036,2025-08-16,856.11,Amazon Pay,Completado
PG-00037,C-000037,2025-08-13,756.81,Efectivo,Completado
PG-00038,C-000038,2025-08-24,49.7,Amazon Pay,Completado
PG-00039,C-000039,2025-07-05,29.6,PayPal,Completado
PG-00040,C-000040,2025-06-22,762.3,Transferencia,Fallido
PG-00041,C-000041,2025-07-30,275.45,Transferencia,Completado
PG-00042,C-000042,2025-07-25,157.75,Amazon Pay,Completado
PG-00043,C-000043,2025-06-13,539.25,PayPal,Completado
PG-00044,C-000044,2025-07-14,837.54,Tarjeta,Completado
PG-00045,C-000045,2025-07-08,651.93,Transferencia,Completado
PG-00046,C-000046,2025-07-01,955.08,Transferencia,Completado
PG-00047,C-000047,2025-08-07,1118.16,Transferencia,Pendiente
PG-00048,C-000048,2025-06-28,91.43,Transferencia,Pendiente
PG-00049,C-000049,2025-06-06,1254.68,Amazon Pay,Completado
PG-00050,C-000050,2025-06-25,973.14,Transferencia,Fallido
PG-00051,C-000051,2025-07-03,826.28,Bizum,Completado
PG-00052,C-000052,2025-08-09,642.39,Transferencia,Fallido
PG-00053,C-000053,2025-06-11,834.04,Efectivo,Completado
PG-00054,C-000054,2025-08-04,1072.47,Efectivo,Completado
PG-00055,C-000055,2025-08-25,802.24,Tarjeta,Pendiente
PG-00056,C-000056,2025-06-14,753.52,Efectivo,Completado
PG-00057,C-000057,2025-06-30,475.78,Transferencia,Completado
PG-00058,C-000058,2025-06-04,453.28,Tarjeta,Completado
PG-00059,C-000059,2025-06-23,256.08,Transferencia,Completado
PG-00060,C-000060,2025-06-22,263.74,Efectivo,Completado
PG-00061,C-000061,2025-06-30,376.16,Efectivo,Completado
PG-00062,C-000062,2025-06-27,547.99,Tarjeta,Completado
PG-00063,C-000063,2025-06-11,969.89,Transferencia,Completado
PG-00064,C-000064,2025-06-09,179.82,Transferencia,Completado
PG-00065,C-000065,2025-07-09,965.51,Transferencia,Fallido
PG-00066,C-000066,2025-08-28,435.77,Amazon Pay,Pendiente
PG-00067,C-000067,2025-07-13,686.06,Transferencia,Completado
PG-00068,C-000068,2025-08-23,300.94,Transferencia,Completado
PG-00069,C-000069,2025-07-01,395.46,Tarjeta,Completado
PG-00070,C-000070,2025-08-16,941.37,Transferencia,Completado
PG-00071,C-000071,2025-06-16,225.76,Amazon Pay,Completado
PG-00072,C-000072,2025-06-23,907.41,Transferencia,Completado
PG-00073,C-000073,2025-08-13,1217.51,PayPal,Completado
PG-00074,C-000074,2025-08-10,103.16,Amazon Pay,Completado
PG-00075,C-000075,2025-07-16,109.55,Efectivo,Completado
PG-00076,C-000076,2025-08-26,921.72,Transferencia,Completado
PG-00077,C-000077,2025-07-08,1354.06,Tarjeta,Completado
PG-00078,C-000078,2025-07-20,1863.49,Tarjeta,Fallido
PG-00079,C-000079,2025-07-28,92.91,PayPal,Completado
PG-00080,C-000080,2025-08-05,127.26,Bizum,Completado
PG-00081,C-000081,2025-06-29,549.96,Tarjeta,Completado
PG-00082,C-000082,2025-06-03,696.89,Tarjeta,Completado
PG-00083,C-000083,2025-07-13,566.09,Transferencia,Completado
PG-00084,C-000084,2025-07-06,312.06,Tarjeta,Completado
PG-00085,C-000085,2025-07-22,1712.86,Tarjeta,Completado
PG-00086,C-000086,2025-07-01,596.78,Amazon Pay,Completado
PG-00087,C-000087,2025-08-11,841.83,Efectivo,Completado
PG-00088,C-000088,2025-07-02,804.02,Efectivo,Completado
PG-00089,C-000089,2025-08-19,380.43,Tarjeta,Completado
PG-00090,C-000090,2025-06-13,813.23,PayPal,Completado
PG-00091,C-000091,2025-08-24,5.1,Tarjeta,Completado
PG-00092,C-000092,2025-06-20,707.3,Tarjeta,Completado
PG-00093,C-000093,2025-07-02,305.08,Tarjeta,Completado
PG-00094,C-000094,2025-07-15,1265.03,Transferencia,Pendiente
PG-00095,C-000095,2025-08-10,259.8,Tarjeta,Completado
PG-00096,C-000096,2025-08-09,2424.99,Amazon Pay,Completado
PG-00097,C-000097,2025-07-02,1617.0,Efectivo,Completado
PG-00098,C-000098,2025-06-15,248.24,Transferencia,Completado
PG-00099,C-000099,2025-07-12,132.9,Tarjeta,Completado
PG-00100,C-000100,2025-07-19,849.87,Bizum,Completado
PG-00101,C-000101,2025-06-26,26.34,Transferencia,Completado
PG-00102,C-000102,2025-06-23,754.65,Tarjeta,Completado
PG-00103,C-000103,2025-08-17,271.5,Transferencia,Completado
PG-00104,C-000104,2025-07-27,366.52,PayPal,Completado
PG-00105,C-000105,2025-08-07,193.8,Tarjeta,Completado
PG-00106,C-000106,2025-08-17,789.76,Transferencia,Completado
PG-00107,C-000107,2025-08-01,11.36,Tarjeta,Completado
PG-00108,C-000108,2025-06-25,155.14,Transferencia,Pendiente
PG-00109,C-000109,2025-08-21,798.34,PayPal,Completado
PG-00110,C-000110,2025-08-05,476.54,Transferencia,Pendiente
PG-00111,C-000111,2025-07-20,590.05,Bizum,Completado
PG-00112,C-000112,2025-07-26,1135.66,Transferencia,Completado
PG-00113,C-000113,2025-08-03,820.13,PayPal,Completado
PG-00114,C-000114,2025-06-05,395.88,Amazon Pay,Completado
PG-00115,C-000115,2025-08-21,284.51,Amazon Pay,Completado
PG-00116,C-000116,2025-06-10,1001.09,Efectivo,Completado
PG-00117,C-000117,2025-08-17,454.61,Efectivo,Fallido
PG-00118,C-000118,2025-08-12,466.19,Amazon Pay,Fallido
PG-00119,C-000119,2025-07-11,807.62,Bizum,Completado
PG-00120,C-000120,2025-08-14,773.62,Transferencia,Completado
PG-00121,C-000121,2025-06-11,329.2,Efectivo,Completado
PG-00122,C-000122,2025-07-19,355.01,Tarjeta,Completado
PG-00123,C-000123,2025-07-13,948.25,Efectivo,Completado
PG-00124,C-000124,2025-06-22,1104.35,Efectivo,Completado
PG-00125,C-000125,2025-08-25,399.88,Tarjeta,Completado
PG-00126,C-000126,2025-07-05,237.13,Transferencia,Fallido
PG-00127,C-000127,2025-08-05,327.77,Tarjeta,Completado
PG-00128,C-000128,2025-08-09,643.69,Transferencia,Completado
PG-00129,C-000129,2025-07-28,455.33,Tarjeta,Completado
PG-00130,C-000130,2025-06-06,413.77,Amazon Pay,Completado
PG-00131,C-000131,2025-07-22,132.65,PayPal,Completado
PG-00132,C-000132,2025-07-21,458.52,Transferencia,Pendiente
PG-00133,C-000133,2025-06-09,476.24,Transferencia,Completado
PG-00134,C-000134,2025-06-13,419.33,Tarjeta,Completado
PG-00135,C-000135,2025-08-25,520.62,Transferencia,Completado
PG-00136,C-000136,2025-07-09,723.61,Bizum,Completado
PG-00137,C-000137,2025-06-04,1072.22,Amazon Pay,Fallido
PG-00138,C-000138,2025-07-08,679.85,Tarjeta,Completado
PG-00139,C-000139,2025-06-02,369.57,PayPal,Completado
PG-00140,C-000140,2025-07-21,636.84,Transferencia,Completado
PG-00141,C-000141,2025-06-12,208.64,PayPal,Pendiente
PG-00142,C-000142,2025-08-28,1408.2,PayPal,Completado
PG-00143,C-000143,2025-08-16,1452.68,Bizum,Completado
PG-00144,C-000144,2025-08-16,190.48,Tarjeta,Completado
PG-00145,C-000145,2025-06-02,213.02,Transferencia,Pendiente
PG-00146,C-000146,2025-08-13,66.45,Transferencia,Completado
PG-00147,C-000147,2025-08-19,554.76,PayPal,Completado
PG-00148,C-000148,2025-07-21,216.38,Transferencia,Completado
PG-00149,C-000149,2025-06-07,589.31,Efectivo,Completado
PG-00150,C-000150,2025-08-18,1320.15,Tarjeta,Completado
PG-00151,C-000151,2025-08-09,372.55,Transferencia,Pendiente
PG-00152,C-000152,2025-07-09,392.08,Transferencia,Completado
PG-00153,C-000153,2025-07-19,151.52,PayPal,Completado
PG-00154,C-000154,2025-08-02,533.27,Efectivo,Completado
PG-00155,C-000155,2025-07-08,1190.5,Transferencia,Completado
PG-00156,C-000156,2025-07-03,815.24,Tarjeta,Completado
PG-00157,C-000157,2025-07-27,648.06,Bizum,Completado
PG-00158,C-000158,2025-08-04,1143.55,Transferencia,Completado
PG-00159,C-000159,2025-08-06,24.6,Efectivo,Completado
PG-00160,C-000160,2025-06-03,905.53,Transferencia,Completado
PG-00161,C-000161,2025-08-21,1264.61,PayPal,Completado
PG-00162,C-000162,2025-08-14,77.7,PayPal,Completado
PG-00163,C-000163,2025-08-16,665.15,Amazon Pay,Pendiente
PG-00164,C-000164,2025-06-30,279.69,Amazon Pay,Completado
PG-00165,C-000165,2025-07-10,537.09,Transferencia,Completado
PG-00166,C-000166,2025-08-04,726.55,Tarjeta,Completado
PG-00167,C-000167,2025-06-23,597.29,Amazon Pay,Completado
PG-00168,C-000168,2025-08-14,1409.51,Transferencia,Completado
PG-00169,C-000169,2025-06-19,224.52,PayPal,Completado
PG-00170,C-000170,2025-07-16,502.17,PayPal,Completado
PG-00171,C-000171,2025-07-26,746.82,PayPal,Completado
PG-00172,C-000172,2025-08-22,663.8,Bizum,Completado
PG-00173,C-000173,2025-07-12,889.2,Transferencia,Completado
PG-00174,C-000174,2025-06-20,672.11,Tarjeta,Completado
PG-00175,C-000175,2025-06-12,1016.88,PayPal,Completado
PG-00176,C-000176,2025-06-14,667.61,Efectivo,Completado
PG-00177,C-000177,2025-08-16,238.42,Amazon Pay,Completado
PG-00178,C-000178,2025-07-11,512.72,Amazon Pay,Completado
PG-00179,C-000179,2025-07-26,1365.31,Transferencia,Pendiente
PG-00180,C-000180,2025-06-06,889.65,Tarjeta,Completado
PG-00181,C-000181,2025-06-25,1681.42,Amazon Pay,Completado
PG-00182,C-000182,2025-07-11,898.52,PayPal,Fallido
PG-00183,C-000183,2025-05-31,447.14,Bizum,Completado
PG-00184,C-000184,2025-07-09,242.09,Tarjeta,Completado
PG-00185,C-000185,2025-07-20,1115.76,Transferencia,Completado
PG-00186,C-000186,2025-07-18,74.8,Tarjeta,Completado
PG-00187,C-000187,2025-06-17,596.86,PayPal,Completado
PG-00188,C-000188,2025-08-24,1029.55,Tarjeta,Completado
PG-00189,C-000189,2025-06-19,1047.8,Efectivo,Pendiente
PG-00190,C-000190,2025-07-13,69.27,Transferencia,Completado
PG-00191,C-000191,2025-08-03,1025.73,Tarjeta,Completado
PG-00192,C-000192,2025-06-22,930.62,Bizum,Completado
PG-00193,C-000193,2025-06-02,266.44,Transferencia,Completado
PG-00194,C-000194,2025-06-02,587.04,Tarjeta,Completado
PG-00195,C-000195,2025-08-29,415.68,Amazon Pay,Completado
PG-00196,C-000196,2025-07-13,1224.94,Tarjeta,Completado
PG-00197,C-000197,2025-06-13,1359.28,PayPal,Completado
PG-00198,C-000198,2025-08-15,738.91,Transferencia,Completado
PG-00199,C-000199,2025-06-21,396.43,Tarjeta,Pendiente
PG-00200,C-000200,2025-08-13,111.85,Transferencia,Completado
PG-00201,C-000201,2025-06-14,194.35,Transferencia,Pendiente
PG-00202,C-000202,2025-07-20,297.63,Transferencia,Pendiente
PG-00203,C-000203,2025-06-08,294.26,Efectivo,Completado
PG-00204,C-000204,2025-07-01,485.01,Amazon Pay,Completado
PG-00205,C-000205,2025-06-12,101.76,PayPal,Completado
PG-00206,C-000206,2025-08-01,652.4,Tarjeta,Completado
PG-00207,C-000207,2025-08-05,427.53,Bizum,Completado
PG-00208,C-000208,2025-08-09,1535.95,Transferencia,Completado
PG-00209,C-000209,2025-06-22,691.24,Amazon Pay,Completado
PG-00210,C-000210,2025-07-11,156.72,Amazon Pay,Pendiente
PG-00211,C-000211,2025-07-01,12.96,Transferencia,Pendiente
PG-00212,C-000212,2025-06-09,480.92,Tarjeta,Completado
PG-00213,C-000213,2025-06-24,610.91,Tarjeta,Completado
PG-00214,C-000214,2025-07-29,362.58,Efectivo,Completado
PG-00215,C-000215,2025-06-24,685.12,Tarjeta,Completado
PG-00216,C-000216,2025-08-03,243.2,Tarjeta,Completado
PG-00217,C-000217,2025-06-28,513.56,Efectivo,Completado
PG-00218,C-000218,2025-06-17,471.4,PayPal,Completado
PG-00219,C-000219,2025-07-02,542.58,Tarjeta,Completado
PG-00220,C-000220,2025-08-11,395.87,Amazon Pay,Completado
PG-00221,C-000221,2025-07-01,538.65,Tarjeta,Completado
PG-00222,C-000222,2025-08-20,49.86,Bizum,Completado
PG-00223,C-000223,2025-08-22,252.05,PayPal,Pendiente
PG-00224,C-000224,2025-07-01,860.27,Tarjeta,Completado
PG-00225,C-000225,2025-06-27,701.4,Tarjeta,Completado
PG-00226,C-000226,2025-07-16,1500.01,Bizum,Completado
PG-00227,C-000227,2025-06-21,423.28,Tarjeta,Pendiente
PG-00228,C-000228,2025-06-20,1255.23,Tarjeta,Completado
PG-00229,C-000229,2025-06-02,750.89,PayPal,Completado
PG-00230,C-000230,2025-07-11,131.7,Bizum,Pendiente
PG-00231,C-000231,2025-07-15,1493.98,Bizum,Completado
PG-00232,C-000232,2025-08-05,1307.7,Tarjeta,Completado
PG-00233,C-000233,2025-07-31,257.76,Tarjeta,Completado
PG-00234,C-000234,2025-08-22,444.85,Transferencia,Completado
PG-00235,C-000235,2025-06-08,70.09,PayPal,Completado
PG-00236,C-000236,2025-07-12,846.38,Amazon Pay,Completado
PG-00237,C-000237,2025-08-07,158.45,Bizum,Completado
PG-00238,C-000238,2025-08-26,265.59,Transferencia,Pendiente
PG-00239,C-000239,2025-08-09,1013.69,Transferencia,Completado
PG-00240,C-000240,2025-08-20,808.78,Tarjeta,Completado
PG-00241,C-000241,2025-07-02,332.56,Amazon Pay,Completado
PG-00242,C-000242,2025-07-11,1001.85,Efectivo,Fallido
PG-00243,C-000243,2025-08-14,703.9,Tarjeta,Completado
PG-00244,C-000244,2025-07-19,815.79,Tarjeta,Fallido
PG-00245,C-000245,2025-08-23,922.55,Tarjeta,Completado
PG-00246,C-000246,2025-08-12,739.23,Tarjeta,Completado
PG-00247,C-000247,2025-07-29,85.05,Tarjeta,Completado
PG-00248,C-000248,2025-08-06,302.16,Transferencia,Completado
PG-00249,C-000249,2025-08-17,564.45,Transferencia,Completado
PG-00250,C-000250,2025-06-30,573.54,Tarjeta,Completado
PG-00251,C-000251,2025-08-03,689.65,Transferencia,Completado
PG-00252,C-000252,2025-07-18,112.7,Amazon Pay,Completado
PG-00253,C-000253,2025-06-26,367.91,Tarjeta,Completado
PG-00254,C-000254,2025-06-20,1592.36,Amazon Pay,Completado
PG-00255,C-000255,2025-06-13,416.31,Tarjeta,Completado
PG-00256,C-000256,2025-08-17,685.15,PayPal,Pendiente
PG-00257,C-000257,2025-07-07,1291.26,Amazon Pay,Completado
PG-00258,C-000258,2025-06-15,592.16,Transferencia,Completado
PG-00259,C-000259,2025-08-16,174.05,Efectivo,Completado
PG-00260,C-000260,2025-06-27,846.8,Efectivo,Completado
PG-00261,C-000261,2025-06-05,386.62,Transferencia,Completado
PG-00262,C-000262,2025-07-05,956.91,Transferencia,Completado
PG-00263,C-000263,2025-08-23,124.25,Transferencia,Completado
PG-00264,C-000264,2025-06-26,876.31,Transferencia,Completado
PG-00265,C-000265,2025-06-03,162.94,Transferencia,Completado
PG-00266,C-000266,2025-07-02,117.18,Tarjeta,Completado
PG-00267,C-000267,2025-08-03,636.64,Bizum,Completado
PG-00268,C-000268,2025-06-19,113.57,Efectivo,Completado
PG-00269,C-000269,2025-06-20,256.69,Transferencia,Pendiente
PG-00270,C-000270,2025-08-10,160.61,Tarjeta,Completado
PG-00271,C-000271,2025-07-27,54.34,Transferencia,Completado
PG-00272,C-000272,2025-07-29,83.25,PayPal,Pendiente
PG-00273,C-000273,2025-06-03,860.56,Efectivo,Completado
PG-00274,C-000274,2025-08-24,527.75,PayPal,Completado
PG-00275,C-000275,2025-06-07,1021.93,Tarjeta,Completado
PG-00276,C-000276,2025-06-28,1157.16,Transferencia,Completado
PG-00277,C-000277,2025-08-01,1280.22,PayPal,Completado
PG-00278,C-000278,2025-06-09,209.4,Bizum,Completado
PG-00279,C-000279,2025-08-18,30.32,PayPal,Completado
PG-00280,C-000280,2025-08-13,1020.92,Tarjeta,Completado
PG-00281,C-000281,2025-07-23,330.71,Efectivo,Pendiente
PG-00282,C-000282,2025-06-12,197.11,Transferencia,Completado
PG-00283,C-000283,2025-06-29,371.05,Tarjeta,Completado
PG-00284,C-000284,2025-06-16,1501.45,Bizum,Completado
PG-00285,C-000285,2025-08-06,340.48,Tarjeta,Completado
PG-00286,C-000286,2025-08-21,958.21,Bizum,Completado
PG-00287,C-000287,2025-07-03,288.63,PayPal,Completado
PG-00288,C-000288,2025-07-15,906.19,Efectivo,Pendiente
PG-00289,C-000289,2025-07-07,311.38,PayPal,Completado
PG-00290,C-000290,2025-08-14,490.73,Amazon Pay,Completado
PG-00291,C-000291,2025-08-02,1031.23,Transferencia,Fallido
PG-00292,C-000292,2025-06-17,126.6,Transferencia,Pendiente
PG-00293,C-000293,2025-08-18,1265.31,Transferencia,Completado
PG-00294,C-000294,2025-08-26,1397.5,PayPal,Completado
PG-00295,C-000295,2025-05-31,791.95,Tarjeta,Completado
PG-00296,C-000296,2025-06-10,332.62,Transferencia,Pendiente
PG-00297,C-000297,2025-06-18,746.32,Tarjeta,Completado
PG-00298,C-000298,2025-07-09,20.28,Tarjeta,Completado
PG-00299,C-000299,2025-06-03,555.09,Tarjeta,Completado
PG-00300,C-000300,2025-07-01,151.04,PayPal,Completado
PG-00301,C-000301,2025-08-17,469.38,Tarjeta,Completado
PG-00302,C-000302,2025-06-11,1032.17,PayPal,Completado
PG-00303,C-000303,2025-06-12,322.2,Tarjeta,Completado
PG-00304,C-000304,2025-06-17,632.62,Tarjeta,Completado
PG-00305,C-000305,2025-06-11,346.53,Tarjeta,Completado
PG-00306,C-000306,2025-07-17,513.3,Transferencia,Completado
PG-00307,C-000307,2025-07-06,418.32,Tarjeta,Completado
PG-00308,C-000308,2025-07-07,145.64,Transferencia,Completado
PG-00309,C-000309,2025-08-21,13.05,Transferencia,Fallido
PG-00310,C-000310,2025-07-13,390.15,Tarjeta,Completado
PG-00311,C-000311,2025-06-21,72.03,Transferencia,Completado
PG-00312,C-000312,2025-08-07,670.34,Amazon Pay,Completado
PG-00313,C-000313,2025-07-28,1742.18,Tarjeta,Completado
PG-00314,C-000314,2025-07-27,1527.53,PayPal,Completado
PG-00315,C-000315,2025-06-09,316.27,Tarjeta,Completado
PG-00316,C-000316,2025-08-11,182.47,Amazon Pay,Completado
PG-00317,C-000317,2025-08-15,291.75,Efectivo,Pendiente
PG-00318,C-000318,2025-06-02,905.76,Efectivo,Completado
PG-00319,C-000319,2025-08-13,436.77,Amazon Pay,Completado
PG-00320,C-000320,2025-07-17,90.6,Transferencia,Fallido
PG-00321,C-000321,2025-07-21,653.72,Efectivo,Completado
PG-00322,C-000322,2025-08-07,1124.28,Efectivo,Completado
PG-00323,C-000323,2025-07-16,1056.16,Efectivo,Completado
PG-00324,C-000324,2025-08-15,475.41,Transferencia,Completado
PG-00325,C-000325,2025-06-07,101.66,Transferencia,Completado
PG-00326,C-000326,2025-07-26,90.8,Transferencia,Completado
PG-00327,C-000327,2025-08-06,364.26,Bizum,Pendiente
PG-00328,C-000328,2025-07-13,1315.08,Tarjeta,Completado
PG-00329,C-000329,2025-07-22,1129.21,Amazon Pay,Completado
PG-00330,C-000330,2025-06-05,134.99,Efectivo,Completado
PG-00331,C-000331,2025-07-09,1152.09,Transferencia,Completado
PG-00332,C-000332,2025-07-18,534.55,Tarjeta,Completado
PG-00333,C-000333,2025-07-02,606.38,PayPal,Pendiente
PG-00334,C-000334,2025-07-11,25.56,Amazon Pay,Completado
PG-00335,C-000335,2025-06-29,927.06,Tarjeta,Completado
PG-00336,C-000336,2025-07-20,1259.43,Tarjeta,Completado
PG-00337,C-000337,2025-08-13,623.01,Transferencia,Completado
PG-00338,C-000338,2025-06-18,284.52,Tarjeta,Completado
PG-00339,C-000339,2025-08-07,320.46,Amazon Pay,Completado
PG-00340,C-000340,2025-08-07,996.82,Transferencia,Completado
PG-00341,C-000341,2025-07-05,660.04,Efectivo,Completado
PG-00342,C-000342,2025-06-17,1691.03,PayPal,Completado
PG-00343,C-000343,2025-07-05,310.88,Transferencia,Completado
PG-00344,C-000344,2025-07-23,446.04,Amazon Pay,Completado
PG-00345,C-000345,2025-06-10,1100.61,Efectivo,Completado
PG-00346,C-000346,2025-06-15,773.89,Tarjeta,Completado
PG-00347,C-000347,2025-08-03,838.35,Tarjeta,Fallido
PG-00348,C-000348,2025-08-17,714.19,Transferencia,Completado
PG-00349,C-000349,2025-06-02,877.58,Efectivo,Completado
PG-00350,C-000350,2025-07-01,1297.21,Tarjeta,Completado
PG-00351,C-000351,2025-06-07,190.35,Tarjeta,Completado
PG-00352,C-000352,2025-07-28,982.77,Transferencia,Completado
PG-00353,C-000353,2025-08-02,201.26,Bizum,Completado
PG-00354,C-000354,2025-06-18,99.38,Amazon Pay,Completado
PG-00355,C-000355,2025-06-22,970.71,Bizum,Pendiente
PG-00356,C-000356,2025-08-07,508.3,Efectivo,Completado
PG-00357,C-000357,2025-07-18,120.27,Transferencia,Completado
PG-00358,C-000358,2025-07-09,474.36,Amazon Pay,Completado
PG-00359,C-000359,2025-07-10,374.28,Tarjeta,Completado
PG-00360,C-000360,2025-07-07,36.85,Tarjeta,Completado
PG-00361,C-000361,2025-08-16,369.99,Transferencia,Completado
PG-00362,C-000362,2025-08-24,465.21,Transferencia,Completado
PG-00363,C-000363,2025-08-17,500.77,Transferencia,Pendiente
PG-00364,C-000364,2025-07-04,746.99,Tarjeta,Completado
PG-00365,C-000365,2025-06-18,24.74,Efectivo,Pendiente
PG-00366,C-000366,2025-08-08,20.42,PayPal,Completado
PG-00367,C-000367,2025-06-03,1571.27,Amazon Pay,Completado
PG-00368,C-000368,2025-06-25,438.0,Transferencia,Completado
PG-00369,C-000369,2025-06-06,450.56,Transferencia,Pendiente
PG-00370,C-000370,2025-06-16,202.99,Transferencia,Completado
PG-00371,C-000371,2025-06-20,321.5,Transferencia,Completado
PG-00372,C-000372,2025-07-09,156.42,Bizum,Pendiente
PG-00373,C-000373,2025-07-22,839.3,Transferencia,Completado
PG-00374,C-000374,2025-08-09,419.46,Tarjeta,Completado
PG-00375,C-000375,2025-06-03,431.76,Tarjeta,Completado
PG-00376,C-000376,2025-08-21,1255.8,Bizum,Completado
PG-00377,C-000377,2025-07-17,893.92,Transferencia,Completado
PG-00378,C-000378,2025-07-30,689.82,Transferencia,Completado
PG-00379,C-000379,2025-08-22,771.87,PayPal,Pendiente
PG-00380,C-000380,2025-07-16,293.28,Tarjeta,Completado
PG-00381,C-000381,2025-07-09,190.76,Transferencia,Fallido
PG-00382,C-000382,2025-08-28,1034.4,Tarjeta,Completado
PG-00383,C-000383,2025-07-08,432.9,Tarjeta,Completado
PG-00384,C-000384,2025-06-06,774.73,Transferencia,Completado
PG-00385,C-000385,2025-08-09,754.34,Transferencia,Completado
PG-00386,C-000386,2025-08-03,1234.54,Amazon Pay,Completado
PG-00387,C-000387,2025-06-25,908.31,Bizum,Completado
PG-00388,C-000388,2025-06-21,197.52,Amazon Pay,Pendiente
PG-00389,C-000389,2025-07-05,1114.86,Bizum,Completado
PG-00390,C-000390,2025-06-23,238.02,Amazon Pay,Pendiente
PG-00391,C-000391,2025-07-07,124.89,Efectivo,Completado
PG-00392,C-000392,2025-07-19,62.91,Bizum,Completado
PG-00393,C-000393,2025-08-01,561.69,Amazon Pay,Completado
PG-00394,C-000394,2025-06-28,83.38,Transferencia,Pendiente
PG-00395,C-000395,2025-08-05,879.66,Tarjeta,Completado
PG-00396,C-000396,2025-07-06,1226.6,Tarjeta,Completado
PG-00397,C-000397,2025-06-06,73.23,Transferencia,Fallido
PG-00398,C-000398,2025-07-21,303.63,Tarjeta,Completado
PG-00399,C-000399,2025-08-23,802.97,Tarjeta,Completado
PG-00400,C-000400,2025-06-14,138.79,Tarjeta,Completado
PG-00401,C-000401,2025-08-28,194.73,Amazon Pay,Completado
PG-00402,C-000402,2025-07-31,885.75,Tarjeta,Completado
PG-00403,C-000403,2025-07-28,904.47,Efectivo,Completado
PG-00404,C-000404,2025-06-13,607.99,Amazon Pay,Completado
PG-00405,C-000405,2025-08-07,540.8,Tarjeta,Completado
PG-00406,C-000406,2025-07-21,480.8,Transferencia,Fallido
PG-00407,C-000407,2025-08-24,1042.24,Tarjeta,Completado
PG-00408,C-000408,2025-08-19,1188.93,PayPal,Completado
PG-00409,C-000409,2025-08-17,964.6,Tarjeta,Pendiente
PG-00410,C-000410,2025-07-25,938.24,Transferencia,Completado
PG-00411,C-000411,2025-06-29,438.1,PayPal,Completado
PG-00412,C-000412,2025-06-02,416.32,Tarjeta,Completado
PG-00413,C-000413,2025-07-14,21.33,Tarjeta,Completado
PG-00414,C-000414,2025-07-15,102.81,Bizum,Completado
PG-00415,C-000415,2025-07-15,109.97,Transferencia,Completado
PG-00416,C-000416,2025-06-15,97.88,PayPal,Completado
PG-00417,C-000417,2025-07-06,471.98,Tarjeta,Completado
PG-00418,C-000418,2025-06-24,1051.98,Transferencia,Completado
PG-00419,C-000419,2025-07-08,718.74,Transferencia,Completado
PG-00420,C-000420,2025-06-12,998.67,Tarjeta,Pendiente
PG-00421,C-000421,2025-08-18,56.76,Transferencia,Completado
PG-00422,C-000422,2025-08-12,1532.84,Transferencia,Fallido
PG-00423,C-000423,2025-08-01,1641.19,Bizum,Completado
PG-00424,C-000424,2025-06-24,430.3,Efectivo,Completado
PG-00425,C-000425,2025-07-09,501.39,Transferencia,Completado
PG-00426,C-000426,2025-07-09,763.7,Transferencia,Fallido
PG-00427,C-000427,2025-07-23,1054.05,Transferencia,Completado
PG-00428,C-000428,2025-08-22,69.24,Transferencia,Completado
PG-00429,C-000429,2025-08-29,1632.77,PayPal,Completado
PG-00430,C-000430,2025-06-28,984.05,Tarjeta,Pendiente
PG-00431,C-000431,2025-07-12,95.68,Transferencia,Completado
PG-00432,C-000432,2025-08-25,93.13,Transferencia,Completado
PG-00433,C-000433,2025-07-17,61.68,Bizum,Completado
PG-00434,C-000434,2025-06-28,541.01,Amazon Pay,Completado
PG-00435,C-000435,2025-07-04,309.47,Bizum,Completado
PG-00436,C-000436,2025-08-16,132.04,Efectivo,Pendiente
PG-00437,C-000437,2025-06-30,935.62,Amazon Pay,Completado
PG-00438,C-000438,2025-07-14,151.27,Tarjeta,Completado
PG-00439,C-000439,2025-07-30,353.45,Bizum,Completado
PG-00440,C-000440,2025-08-04,460.4,Tarjeta,Completado
PG-00441,C-000441,2025-07-02,242.56,Transferencia,Completado
PG-00442,C-000442,2025-07-01,547.2,Tarjeta,Completado
PG-00443,C-000443,2025-08-22,354.2,Tarjeta,Completado
PG-00444,C-000444,2025-08-12,1191.0,Tarjeta,Completado
PG-00445,C-000445,2025-07-13,29.31,Transferencia,Completado
PG-00446,C-000446,2025-06-13,731.91,Efectivo,Completado
PG-00447,C-000447,2025-06-26,884.35,Efectivo,Completado
PG-00448,C-000448,2025-08-02,252.0,Transferencia,Completado
PG-00449,C-000449,2025-06-23,76.56,Tarjeta,Completado
PG-00450,C-000450,2025-06-19,129.68,Amazon Pay,Completado
PG-00451,C-000451,2025-06-17,111.51,Transferencia,Pendiente
PG-00452,C-000452,2025-07-26,1181.83,Transferencia,Completado
PG-00453,C-000453,2025-07-29,487.51,Tarjeta,Completado
PG-00454,C-000454,2025-06-06,516.7,Transferencia,Completado
PG-00455,C-000455,2025-08-20,394.72,Tarjeta,Completado
PG-00456,C-000456,2025-08-23,136.84,Amazon Pay,Completado
PG-00457,C-000457,2025-06-04,230.54,Transferencia,Fallido
PG-00458,C-000458,2025-08-25,883.71,Transferencia,Completado
PG-00459,C-000459,2025-07-15,1008.5,Bizum,Completado
PG-00460,C-000460,2025-07-17,247.23,Tarjeta,Completado
PG-00461,C-000461,2025-08-27,1264.19,PayPal,Completado
PG-00462,C-000462,2025-07-23,80.12,Efectivo,Completado
PG-00463,C-000463,2025-08-11,554.42,Efectivo,Pendiente
PG-00464,C-000464,2025-06-24,233.85,Transferencia,Completado
PG-00465,C-000465,2025-08-01,453.66,Transferencia,Completado
PG-00466,C-000466,2025-06-13,481.5,Transferencia,Completado
PG-00467,C-000467,2025-07-01,1672.69,Tarjeta,Completado
PG-00468,C-000468,2025-08-11,1105.07,Efectivo,Completado
PG-00469,C-000469,2025-06-05,2182.32,Tarjeta,Completado
PG-00470,C-000470,2025-07-17,283.0,PayPal,Pendiente
PG-00471,C-000471,2025-07-22,94.37,Tarjeta,Completado
PG-00472,C-000472,2025-07-06,998.75,Tarjeta,Pendiente
PG-00473,C-000473,2025-08-14,1013.32,Transferencia,Completado
PG-00474,C-000474,2025-08-02,736.15,PayPal,Completado
PG-00475,C-000475,2025-07-27,675.75,Transferencia,Completado
PG-00476,C-000476,2025-07-31,537.59,Transferencia,Completado
PG-00477,C-000477,2025-08-19,561.95,Transferencia,Fallido
PG-00478,C-000478,2025-08-22,486.03,Tarjeta,Completado
PG-00479,C-000479,2025-06-08,171.08,Transferencia,Completado
PG-00480,C-000480,2025-06-22,914.09,Amazon Pay,Completado
PG-00481,C-000481,2025-08-01,589.64,Transferencia,Completado
PG-00482,C-000482,2025-08-30,812.49,Transferencia,Completado
PG-00483,C-000483,2025-08-01,400.02,Tarjeta,Completado
PG-00484,C-000484,2025-06-14,421.83,Amazon Pay,Completado
PG-00485,C-000485,2025-07-04,547.13,Tarjeta,Completado
PG-00486,C-000486,2025-06-05,128.44,Tarjeta,Completado
PG-00487,C-000487,2025-08-18,446.7,PayPal,Completado
PG-00488,C-000488,2025-08-09,580.46,Tarjeta,Completado
PG-00489,C-000489,2025-05-31,670.62,PayPal,Pendiente
PG-00490,C-000490,2025-08-20,875.12,Transferencia,Completado
PG-00491,C-000491,2025-08-24,718.49,Tarjeta,Completado
PG-00492,C-000492,2025-08-05,1666.53,Tarjeta,Completado
PG-00493,C-000493,2025-06-27,1032.85,Transferencia,Completado
PG-00494,C-000494,2025-07-01,311.67,Tarjeta,Completado
PG-00495,C-000495,2025-06-13,179.3,Bizum,Completado
PG-00496,C-000496,2025-07-28,106.0,PayPal,Completado
PG-00497,C-000497,2025-07-06,1252.97,Tarjeta,Completado
PG-00498,C-000498,2025-08-05,1020.6,Tarjeta,Completado
PG-00499,C-000499,2025-06-21,1024.44,Efectivo,Completado
PG-00500,C-000500,2025-06-10,260.21,Bizum,Completado
PG-00501,C-000501,2025-06-08,719.58,Tarjeta,Pendiente
PG-00502,C-000502,2025-08-21,44.16,PayPal,Completado
PG-00503,C-000503,2025-08-22,534.21,Transferencia,Completado
PG-00504,C-000504,2025-08-22,321.95,Tarjeta,Completado
PG-00505,C-000505,2025-07-20,478.92,Transferencia,Completado
PG-00506,C-000506,2025-08-27,616.81,Tarjeta,Completado
PG-00507,C-000507,2025-07-29,341.44,Tarjeta,Completado
PG-00508,C-000508,2025-08-06,595.9,PayPal,Fallido
PG-00509,C-000509,2025-06-08,163.52,Transferencia,Completado
PG-00510,C-000510,2025-08-06,2049.86,Tarjeta,Completado
PG-00511,C-000511,2025-07-04,390.43,Transferencia,Fallido
PG-00512,C-000512,2025-07-28,823.03,Transferencia,Completado
PG-00513,C-000513,2025-06-24,485.44,Tarjeta,Completado
PG-00514,C-000514,2025-07-26,282.29,Tarjeta,Completado
PG-00515,C-000515,2025-07-10,313.23,Tarjeta,Completado
PG-00516,C-000516,2025-06-24,319.0,Tarjeta,Completado
PG-00517,C-000517,2025-06-01,624.28,Amazon Pay,Completado
PG-00518,C-000518,2025-08-22,515.14,Tarjeta,Completado
PG-00519,C-000519,2025-07-30,336.96,Transferencia,Completado
PG-00520,C-000520,2025-06-10,328.19,Tarjeta,Completado
PG-00521,C-000521,2025-08-09,1175.95,Tarjeta,Completado
PG-00522,C-000522,2025-08-16,1093.58,Efectivo,Completado
PG-00523,C-000523,2025-07-20,596.15,PayPal,Completado
PG-00524,C-000524,2025-07-19,464.06,Transferencia,Completado
PG-00525,C-000525,2025-08-04,440.01,Transferencia,Pendiente
PG-00526,C-000526,2025-06-09,559.46,PayPal,Pendiente
PG-00527,C-000527,2025-07-25,1324.95,Bizum,Completado
PG-00528,C-000528,2025-06-27,476.97,Tarjeta,Completado
PG-00529,C-000529,2025-08-09,152.28,Efectivo,Completado
PG-00530,C-000530,2025-06-05,1106.64,PayPal,Completado
PG-00531,C-000531,2025-08-30,55.68,Transferencia,Completado
PG-00532,C-000532,2025-06-24,215.95,PayPal,Fallido
PG-00533,C-000533,2025-07-20,155.86,Transferencia,Pendiente
PG-00534,C-000534,2025-06-17,1131.47,Bizum,Completado
PG-00535,C-000535,2025-06-04,1944.26,Tarjeta,Completado
PG-00536,C-000536,2025-06-29,695.77,PayPal,Completado
PG-00537,C-000537,2025-08-02,576.88,Transferencia,Pendiente
PG-00538,C-000538,2025-08-12,1037.12,Transferencia,Completado
PG-00539,C-000539,2025-08-21,1665.88,PayPal,Completado
PG-00540,C-000540,2025-08-07,207.68,Tarjeta,Completado
PG-00541,C-000541,2025-06-07,106.22,Efectivo,Pendiente
PG-00542,C-000542,2025-06-23,825.98,Bizum,Completado
PG-00543,C-000543,2025-06-01,851.03,Bizum,Completado
PG-00544,C-000544,2025-06-13,1351.69,Tarjeta,Completado
PG-00545,C-000545,2025-08-07,449.54,Transferencia,Completado
PG-00546,C-000546,2025-06-18,414.28,Transferencia,Completado
PG-00547,C-000547,2025-08-24,1195.49,Efectivo,Completado
PG-00548,C-000548,2025-06-24,1269.2,Amazon Pay,Completado
PG-00549,C-000549,2025-07-11,868.64,Amazon Pay,Completado
PG-00550,C-000550,2025-07-26,434.45,Tarjeta,Completado
PG-00551,C-000551,2025-08-12,271.0,Amazon Pay,Pendiente
PG-00552,C-000552,2025-08-20,604.92,Transferencia,Completado
PG-00553,C-000553,2025-07-21,1153.37,Efectivo,Completado
PG-00554,C-000554,2025-06-30,149.48,Transferencia,Completado
PG-00555,C-000555,2025-08-02,613.7,Transferencia,Completado
PG-00556,C-000556,2025-06-21,241.9,Tarjeta,Pendiente
PG-00557,C-000557,2025-08-13,754.36,Tarjeta,Pendiente
PG-00558,C-000558,2025-06-19,217.95,Efectivo,Completado
PG-00559,C-000559,2025-08-14,346.76,Transferencia,Completado
PG-00560,C-000560,2025-06-19,424.42,Transferencia,Completado
PG-00561,C-000561,2025-06-23,712.98,Tarjeta,Completado
PG-00562,C-000562,2025-06-07,522.34,Transferencia,Completado
PG-00563,C-000563,2025-06-07,92.06,Tarjeta,Completado
PG-00564,C-000564,2025-06-27,279.76,Transferencia,Pendiente
PG-00565,C-000565,2025-08-06,1344.21,Bizum,Completado
PG-00566,C-000566,2025-07-19,191.2,Transferencia,Completado
PG-00567,C-000567,2025-07-30,374.25,Tarjeta,Completado
PG-00568,C-000568,2025-07-17,599.55,Bizum,Completado
PG-00569,C-000569,2025-06-16,194.83,Transferencia,Completado
PG-00570,C-000570,2025-08-25,601.1,Transferencia,Pendiente
PG-00571,C-000571,2025-07-06,1256.28,PayPal,Completado
PG-00572,C-000572,2025-08-15,295.82,Amazon Pay,Completado
PG-00573,C-000573,2025-07-30,685.67,Tarjeta,Completado
PG-00574,C-000574,2025-08-22,71.91,Tarjeta,Pendiente
PG-00575,C-000575,2025-08-19,478.04,Transferencia,Completado
PG-00576,C-000576,2025-06-21,450.45,Transferencia,Completado
PG-00577,C-000577,2025-08-25,951.3,Tarjeta,Completado
PG-00578,C-000578,2025-06-29,776.96,Amazon Pay,Completado
PG-00579,C-000579,2025-06-18,863.91,Transferencia,Completado
PG-00580,C-000580,2025-06-07,243.8,Tarjeta,Completado
PG-00581,C-000581,2025-07-02,963.07,Transferencia,Completado
PG-00582,C-000582,2025-06-22,407.26,Transferencia,Completado
PG-00583,C-000583,2025-06-30,292.07,Efectivo,Completado
PG-00584,C-000584,2025-06-07,86.96,Tarjeta,Completado
PG-00585,C-000585,2025-07-30,701.12,Transferencia,Completado
PG-00586,C-000586,2025-08-18,695.55,Transferencia,Pendiente
PG-00587,C-000587,2025-07-02,598.14,Bizum,Completado
PG-00588,C-000588,2025-06-24,1043.6,Amazon Pay,Completado
PG-00589,C-000589,2025-08-19,214.75,Efectivo,Pendiente
PG-00590,C-000590,2025-06-29,1402.44,Efectivo,Completado
PG-00591,C-000591,2025-06-25,103.14,Bizum,Completado
PG-00592,C-000592,2025-08-16,776.93,Transferencia,Completado
PG-00593,C-000593,2025-07-10,158.4,Amazon Pay,Completado
PG-00594,C-000594,2025-06-03,615.46,Tarjeta,Completado
PG-00595,C-000595,2025-08-22,1143.5,Amazon Pay,Completado
PG-00596,C-000596,2025-06-29,206.04,Amazon Pay,Completado
PG-00597,C-000597,2025-08-03,698.39,Transferencia,Pendiente
PG-00598,C-000598,2025-08-28,367.62,Transferencia,Completado
PG-00599,C-000599,2025-08-13,182.75,Transferencia,Completado
PG-00600,C-000600,2025-08-28,36.0,Efectivo,Pendiente
PG-00601,C-000601,2025-08-27,60.51,Transferencia,Completado
PG-00602,C-000602,2025-07-20,1301.0,Tarjeta,Completado
PG-00603,C-000603,2025-06-19,389.98,Transferencia,Fallido
PG-00604,C-000604,2025-07-31,127.79,Efectivo,Completado
PG-00605,C-000605,2025-06-25,320.99,Tarjeta,Completado
PG-00606,C-000606,2025-07-06,632.1,Transferencia,Completado
PG-00607,C-000607,2025-06-29,656.87,Transferencia,Fallido
PG-00608,C-000608,2025-06-08,1117.14,Tarjeta,Fallido
PG-00609,C-000609,2025-06-30,154.68,Efectivo,Fallido
PG-00610,C-000610,2025-06-07,38.6,PayPal,Pendiente
PG-00611,C-000611,2025-07-05,625.54,Bizum,Completado
PG-00612,C-000612,2025-06-20,73.4,Amazon Pay,Completado
PG-00613,C-000613,2025-08-13,702.76,Efectivo,Completado
PG-00614,C-000614,2025-07-28,1289.09,Efectivo,Completado
PG-00615,C-000615,2025-06-30,526.27,Amazon Pay,Pendiente
PG-00616,C-000616,2025-06-12,436.03,Transferencia,Completado
PG-00617,C-000617,2025-08-04,1289.86,Efectivo,Completado
PG-00618,C-000618,2025-08-17,750.84,Transferencia,Completado
PG-00619,C-000619,2025-06-04,705.36,Transferencia,Completado
PG-00620,C-000620,2025-07-14,615.09,PayPal,Completado
PG-00621,C-000621,2025-08-13,649.92,Bizum,Completado
PG-00622,C-000622,2025-08-07,712.74,Transferencia,Completado
PG-00623,C-000623,2025-06-05,732.46,Tarjeta,Completado
PG-00624,C-000624,2025-06-15,1332.49,Tarjeta,Completado
PG-00625,C-000625,2025-07-22,1332.8,PayPal,Completado
PG-00626,C-000626,2025-08-04,772.25,Tarjeta,Completado
PG-00627,C-000627,2025-07-17,24.76,Tarjeta,Completado
PG-00628,C-000628,2025-07-31,352.78,Efectivo,Pendiente
PG-00629,C-000629,2025-08-08,320.01,Transferencia,Completado
PG-00630,C-000630,2025-07-01,845.24,Transferencia,Completado
PG-00631,C-000631,2025-07-28,665.05,Amazon Pay,Completado
PG-00632,C-000632,2025-06-17,1124.78,Amazon Pay,Completado
PG-00633,C-000633,2025-06-15,49.2,PayPal,Completado
PG-00634,C-000634,2025-08-07,207.66,Transferencia,Completado
PG-00635,C-000635,2025-08-22,893.92,Tarjeta,Completado
PG-00636,C-000636,2025-07-05,504.3,Tarjeta,Completado
PG-00637,C-000637,2025-08-20,1121.26,Transferencia,Pendiente
PG-00638,C-000638,2025-08-17,888.63,Efectivo,Completado
PG-00639,C-000639,2025-08-22,656.14,Amazon Pay,Completado
PG-00640,C-000640,2025-07-05,705.24,Tarjeta,Completado
PG-00641,C-000641,2025-08-16,1019.5,Transferencia,Completado
PG-00642,C-000642,2025-08-04,480.3,Tarjeta,Completado
PG-00643,C-000643,2025-08-26,433.15,Tarjeta,Completado
PG-00644,C-000644,2025-08-14,195.53,Bizum,Completado
PG-00645,C-000645,2025-08-06,809.49,Tarjeta,Completado
PG-00646,C-000646,2025-08-16,481.42,Transferencia,Completado
PG-00647,C-000647,2025-06-03,1611.51,Tarjeta,Completado
PG-00648,C-000648,2025-08-03,516.08,Bizum,Pendiente
PG-00649,C-000649,2025-06-27,553.7,Transferencia,Completado
PG-00650,C-000650,2025-08-19,352.5,Tarjeta,Completado
PG-00651,C-000651,2025-08-26,1679.36,Transferencia,Completado
PG-00652,C-000652,2025-06-19,531.11,Tarjeta,Completado
PG-00653,C-000653,2025-07-04,816.76,Efectivo,Pendiente
PG-00654,C-000654,2025-07-20,404.88,PayPal,Completado
PG-00655,C-000655,2025-06-25,246.02,Amazon Pay,Completado
PG-00656,C-000656,2025-06-29,1210.26,Efectivo,Fallido
PG-00657,C-000657,2025-07-10,566.73,Bizum,Completado
PG-00658,C-000658,2025-07-01,1464.19,Tarjeta,Completado
PG-00659,C-000659,2025-07-24,172.56,Tarjeta,Completado
PG-00660,C-000660,2025-08-27,139.71,Tarjeta,Completado
PG-00661,C-000661,2025-07-06,1626.01,Tarjeta,Completado
PG-00662,C-000662,2025-07-02,376.53,Tarjeta,Completado
PG-00663,C-000663,2025-07-02,300.92,PayPal,Pendiente
PG-00664,C-000664,2025-08-27,115.68,Tarjeta,Completado
PG-00665,C-000665,2025-07-19,253.47,Transferencia,Completado
PG-00666,C-000666,2025-06-30,194.78,Efectivo,Completado
PG-00667,C-000667,2025-06-04,293.9,Transferencia,Completado
PG-00668,C-000668,2025-08-15,407.15,Transferencia,Pendiente
PG-00669,C-000669,2025-07-18,1093.13,Transferencia,Completado
PG-00670,C-000670,2025-07-13,287.76,Transferencia,Completado
PG-00671,C-000671,2025-06-10,976.83,Transferencia,Completado
PG-00672,C-000672,2025-07-17,546.91,Tarjeta,Completado
PG-00673,C-000673,2025-08-01,329.68,Bizum,Pendiente
PG-00674,C-000674,2025-08-15,305.12,PayPal,Completado
PG-00675,C-000675,2025-07-21,1229.05,Efectivo,Completado
PG-00676,C-000676,2025-07-13,580.37,PayPal,Completado
PG-00677,C-000677,2025-06-14,1388.77,Efectivo,Completado
PG-00678,C-000678,2025-06-19,697.68,Tarjeta,Completado
PG-00679,C-000679,2025-07-13,600.85,PayPal,Pendiente
PG-00680,C-000680,2025-07-25,321.41,Efectivo,Completado
PG-00681,C-000681,2025-06-22,1401.83,PayPal,Completado
PG-00682,C-000682,2025-08-12,618.92,Efectivo,Completado
PG-00683,C-000683,2025-07-02,257.06,Transferencia,Completado
PG-00684,C-000684,2025-07-10,1536.43,Bizum,Completado
PG-00685,C-000685,2025-08-25,888.2,Tarjeta,Pendiente
PG-00686,C-000686,2025-08-22,751.38,Transferencia,Completado
PG-00687,C-000687,2025-07-31,1087.59,Efectivo,Completado
PG-00688,C-000688,2025-06-24,224.02,Transferencia,Completado
PG-00689,C-000689,2025-08-12,822.32,PayPal,Completado
PG-00690,C-000690,2025-08-17,955.42,Transferencia,Completado
PG-00691,C-000691,2025-06-20,960.79,PayPal,Completado
PG-00692,C-000692,2025-07-09,1924.72,Bizum,Fallido
PG-00693,C-000693,2025-06-14,30.65,PayPal,Completado
PG-00694,C-000694,2025-07-20,984.17,Efectivo,Completado
PG-00695,C-000695,2025-07-01,935.14,Tarjeta,Pendiente
PG-00696,C-000696,2025-06-13,990.35,Tarjeta,Completado
PG-00697,C-000697,2025-06-20,88.17,Transferencia,Completado
PG-00698,C-000698,2025-06-23,1843.76,Efectivo,Pendiente
PG-00699,C-000699,2025-07-30,276.16,Transferencia,Completado
PG-00700,C-000700,2025-06-08,946.98,Transferencia,Pendiente
PG-00701,C-000701,2025-06-20,284.76,Tarjeta,Completado
PG-00702,C-000702,2025-07-05,1884.07,Bizum,Completado
PG-00703,C-000703,2025-07-17,473.07,Tarjeta,Completado
PG-00704,C-000704,2025-07-13,737.21,Transferencia,Completado
PG-00705,C-000705,2025-06-19,340.47,Bizum,Completado
PG-00706,C-000706,2025-08-19,1342.51,Tarjeta,Completado
PG-00707,C-000707,2025-08-09,908.95,PayPal,Pendiente
PG-00708,C-000708,2025-06-23,340.88,Tarjeta,Completado
PG-00709,C-000709,2025-07-02,370.92,Transferencia,Completado
PG-00710,C-000710,2025-06-21,642.69,Tarjeta,Completado
PG-00711,C-000711,2025-07-09,719.19,Transferencia,Completado
PG-00712,C-000712,2025-06-15,1301.95,Bizum,Completado
PG-00713,C-000713,2025-07-05,27.63,Tarjeta,Completado
PG-00714,C-000714,2025-06-05,1107.12,Tarjeta,Completado
PG-00715,C-000715,2025-08-11,24.5,Transferencia,Completado
PG-00716,C-000716,2025-07-04,1211.93,Tarjeta,Completado
PG-00717,C-000717,2025-06-21,61.82,PayPal,Completado
PG-00718,C-000718,2025-07-06,1104.72,Transferencia,Completado
PG-00719,C-000719,2025-07-20,38.11,Tarjeta,Fallido
PG-00720,C-000720,2025-07-19,394.08,Amazon Pay,Pendiente
PG-00721,C-000721,2025-08-23,430.95,Transferencia,Completado
PG-00722,C-000722,2025-08-16,216.78,Transferencia,Completado
PG-00723,C-000723,2025-07-24,39.66,Tarjeta,Completado
PG-00724,C-000724,2025-07-17,267.57,Tarjeta,Completado
PG-00725,C-000725,2025-06-10,550.73,Efectivo,Completado
PG-00726,C-000726,2025-08-05,609.57,Amazon Pay,Completado
PG-00727,C-000727,2025-07-20,332.91,Tarjeta,Completado
PG-00728,C-000728,2025-06-13,1207.9,Amazon Pay,Fallido
PG-00729,C-000729,2025-06-30,689.16,Transferencia,Completado
PG-00730,C-000730,2025-08-18,1050.48,Tarjeta,Completado
PG-00731,C-000731,2025-06-25,426.92,PayPal,Pendiente
PG-00732,C-000732,2025-06-10,296.54,Tarjeta,Completado
PG-00733,C-000733,2025-07-21,783.74,Transferencia,Completado
PG-00734,C-000734,2025-06-03,141.8,Tarjeta,Completado
PG-00735,C-000735,2025-08-03,791.24,Tarjeta,Completado
PG-00736,C-000736,2025-06-21,384.52,Amazon Pay,Fallido
PG-00737,C-000737,2025-06-25,1023.91,Transferencia,Completado
PG-00738,C-000738,2025-08-15,820.59,Transferencia,Completado
PG-00739,C-000739,2025-07-05,880.94,Amazon Pay,Completado
PG-00740,C-000740,2025-08-10,74.32,PayPal,Completado
PG-00741,C-000741,2025-08-12,1074.74,Bizum,Completado
PG-00742,C-000742,2025-07-15,1282.92,Tarjeta,Pendiente
PG-00743,C-000743,2025-06-10,132.9,Transferencia,Completado
PG-00744,C-000744,2025-07-16,1001.25,Tarjeta,Pendiente
PG-00745,C-000745,2025-07-07,705.74,Efectivo,Completado
PG-00746,C-000746,2025-07-14,109.82,Efectivo,Completado
PG-00747,C-000747,2025-07-03,395.28,Tarjeta,Completado
PG-00748,C-000748,2025-06-19,52.8,Transferencia,Completado
PG-00749,C-000749,2025-08-07,388.2,Efectivo,Completado
PG-00750,C-000750,2025-08-10,740.48,Tarjeta,Completado
PG-00751,C-000751,2025-08-25,1379.03,Bizum,Completado
PG-00752,C-000752,2025-07-24,287.73,Efectivo,Completado
PG-00753,C-000753,2025-06-18,1446.86,Amazon Pay,Completado
PG-00754,C-000754,2025-06-20,598.59,PayPal,Completado
PG-00755,C-000755,2025-08-03,369.26,Tarjeta,Pendiente
PG-00756,C-000756,2025-08-03,808.4,Efectivo,Completado
PG-00757,C-000757,2025-07-10,126.56,Transferencia,Completado
PG-00758,C-000758,2025-08-08,1516.47,Tarjeta,Pendiente
PG-00759,C-000759,2025-07-25,175.15,Transferencia,Fallido
PG-00760,C-000760,2025-07-05,12.72,Efectivo,Completado
PG-00761,C-000761,2025-06-20,488.36,Tarjeta,Completado
PG-00762,C-000762,2025-08-20,1134.08,Transferencia,Completado
PG-00763,C-000763,2025-07-25,399.26,Bizum,Completado
PG-00764,C-000764,2025-06-19,745.3,Transferencia,Completado
PG-00765,C-000765,2025-07-09,448.35,Transferencia,Pendiente
PG-00766,C-000766,2025-08-20,943.36,Transferencia,Completado
PG-00767,C-000767,2025-05-31,1077.05,PayPal,Completado
PG-00768,C-000768,2025-07-27,1981.22,Tarjeta,Completado
PG-00769,C-000769,2025-08-23,1683.37,Tarjeta,Completado
PG-00770,C-000770,2025-07-09,792.48,Transferencia,Completado
PG-00771,C-000771,2025-08-09,404.89,Transferencia,Completado
PG-00772,C-000772,2025-06-22,1247.79,Transferencia,Fallido
PG-00773,C-000773,2025-07-03,231.52,Bizum,Completado
PG-00774,C-000774,2025-07-04,899.9,Transferencia,Completado
PG-00775,C-000775,2025-06-12,470.38,Transferencia,Completado
PG-00776,C-000776,2025-08-01,777.81,Efectivo,Completado
PG-00777,C-000777,2025-06-05,863.37,Transferencia,Completado
PG-00778,C-000778,2025-06-22,17.13,Bizum,Completado
PG-00779,C-000779,2025-07-25,1629.18,Tarjeta,Completado
PG-00780,C-000780,2025-07-27,341.76,Amazon Pay,Completado
PG-00781,C-000781,2025-08-05,153.42,Transferencia,Completado
PG-00782,C-000782,2025-06-05,99.1,Bizum,Completado
PG-00783,C-000783,2025-06-05,1005.72,PayPal,Completado
PG-00784,C-000784,2025-08-07,331.94,Bizum,Completado
PG-00785,C-000785,2025-06-16,1450.86,Transferencia,Completado
PG-00786,C-000786,2025-08-23,53.2,Bizum,Completado
PG-00787,C-000787,2025-08-16,533.52,Efectivo,Completado
PG-00788,C-000788,2025-08-27,391.19,Transferencia,Completado
PG-00789,C-000789,2025-07-29,51.87,Amazon Pay,Completado
PG-00790,C-000790,2025-06-20,440.79,Transferencia,Completado
PG-00791,C-000791,2025-07-11,974.02,Efectivo,Completado
PG-00792,C-000792,2025-06-20,181.67,Bizum,Completado
PG-00793,C-000793,2025-08-12,282.72,Efectivo,Completado
PG-00794,C-000794,2025-08-27,467.58,Tarjeta,Completado
PG-00795,C-000795,2025-06-07,1874.35,Amazon Pay,Completado
PG-00796,C-000796,2025-08-08,604.92,Bizum,Completado
PG-00797,C-000797,2025-07-19,1053.09,Transferencia,Completado
PG-00798,C-000798,2025-08-04,377.73,Transferencia,Fallido
PG-00799,C-000799,2025-06-23,1595.58,Amazon Pay,Completado
PG-00800,C-000800,2025-08-01,584.33,PayPal,Completado
PG-00801,C-000801,2025-07-24,236.98,Transferencia,Completado
PG-00802,C-000802,2025-08-08,192.17,Transferencia,Completado
PG-00803,C-000803,2025-08-22,658.52,PayPal,Completado
PG-00804,C-000804,2025-06-19,977.35,Amazon Pay,Completado
PG-00805,C-000805,2025-08-12,786.75,Tarjeta,Completado
PG-00806,C-000806,2025-07-10,1598.57,Tarjeta,Completado
PG-00807,C-000807,2025-08-01,404.17,Tarjeta,Completado
PG-00808,C-000808,2025-06-29,307.72,Amazon Pay,Pendiente
PG-00809,C-000809,2025-06-08,611.71,Transferencia,Completado
PG-00810,C-000810,2025-07-21,2004.02,Tarjeta,Completado
PG-00811,C-000811,2025-06-12,134.97,Transferencia,Completado
PG-00812,C-000812,2025-06-28,1640.86,Efectivo,Completado
PG-00813,C-000813,2025-05-31,129.56,Tarjeta,Fallido
PG-00814,C-000814,2025-08-16,588.57,Bizum,Completado
PG-00815,C-000815,2025-06-23,354.61,Transferencia,Completado
PG-00816,C-000816,2025-06-21,374.46,Tarjeta,Completado
PG-00817,C-000817,2025-08-01,267.12,Tarjeta,Completado
PG-00818,C-000818,2025-06-23,1448.86,Bizum,Completado
PG-00819,C-000819,2025-07-01,215.74,Tarjeta,Pendiente
PG-00820,C-000820,2025-06-17,26.22,Tarjeta,Completado
PG-00821,C-000821,2025-07-14,407.28,Tarjeta,Completado
PG-00822,C-000822,2025-06-03,1299.48,Transferencia,Completado
PG-00823,C-000823,2025-08-11,789.36,Bizum,Completado
PG-00824,C-000824,2025-08-10,718.96,Efectivo,Completado
PG-00825,C-000825,2025-07-13,90.22,PayPal,Completado
PG-00826,C-000826,2025-07-06,928.07,PayPal,Completado
PG-00827,C-000827,2025-07-19,713.93,Transferencia,Completado
PG-00828,C-000828,2025-07-26,169.2,Transferencia,Completado
PG-00829,C-000829,2025-07-05,495.24,Transferencia,Completado
PG-00830,C-000830,2025-07-21,86.36,PayPal,Completado
PG-00831,C-000831,2025-06-27,793.62,Tarjeta,Fallido
PG-00832,C-000832,2025-08-03,642.86,Efectivo,Completado
PG-00833,C-000833,2025-06-10,362.02,Tarjeta,Completado
PG-00834,C-000834,2025-08-02,177.98,Transferencia,Completado
PG-00835,C-000835,2025-07-15,575.2,Amazon Pay,Completado
PG-00836,C-000836,2025-07-13,1742.99,Tarjeta,Completado
PG-00837,C-000837,2025-06-26,509.27,Transferencia,Completado
PG-00838,C-000838,2025-06-19,153.22,Transferencia,Completado
PG-00839,C-000839,2025-06-27,553.39,Transferencia,Completado
PG-00840,C-000840,2025-07-06,1910.45,Amazon Pay,Pendiente
PG-00841,C-000841,2025-08-01,647.88,Transferencia,Completado
PG-00842,C-000842,2025-07-15,1189.51,Transferencia,Completado
PG-00843,C-000843,2025-08-08,805.97,Tarjeta,Completado
PG-00844,C-000844,2025-08-18,391.0,Transferencia,Completado
PG-00845,C-000845,2025-08-06,887.46,Amazon Pay,Completado
PG-00846,C-000846,2025-06-29,561.8,Efectivo,Pendiente
PG-00847,C-000847,2025-07-29,532.67,Bizum,Fallido
PG-00848,C-000848,2025-07-30,554.55,Tarjeta,Fallido
PG-00849,C-000849,2025-06-30,270.05,PayPal,Completado
PG-00850,C-000850,2025-06-10,737.8,Tarjeta,Completado
PG-00851,C-000851,2025-07-11,424.61,Efectivo,Completado
PG-00852,C-000852,2025-08-03,211.0,Amazon Pay,Completado
PG-00853,C-000853,2025-08-28,1270.02,Tarjeta,Completado
PG-00854,C-000854,2025-06-14,150.21,Efectivo,Completado
PG-00855,C-000855,2025-07-18,117.75,Amazon Pay,Completado
PG-00856,C-000856,2025-06-26,1050.45,Efectivo,Pendiente
PG-00857,C-000857,2025-08-06,287.85,Transferencia,Completado
PG-00858,C-000858,2025-07-16,363.0,Transferencia,Completado
PG-00859,C-000859,2025-07-01,309.44,Transferencia,Completado
PG-00860,C-000860,2025-07-22,479.96,Amazon Pay,Completado
PG-00861,C-000861,2025-06-17,1889.68,Tarjeta,Completado
PG-00862,C-000862,2025-08-22,483.7,Transferencia,Pendiente
PG-00863,C-000863,2025-08-10,174.98,Tarjeta,Completado
PG-00864,C-000864,2025-07-14,554.67,PayPal,Completado
PG-00865,C-000865,2025-08-24,114.8,Bizum,Completado
PG-00866,C-000866,2025-08-02,1183.61,Bizum,Completado
PG-00867,C-000867,2025-06-29,506.84,PayPal,Completado
PG-00868,C-000868,2025-07-02,198.36,Tarjeta,Completado
PG-00869,C-000869,2025-06-03,926.36,Tarjeta,Completado
PG-00870,C-000870,2025-07-16,686.2,Tarjeta,Completado
PG-00871,C-000871,2025-08-05,847.34,Tarjeta,Completado
PG-00872,C-000872,2025-06-16,1134.36,Bizum,Completado
PG-00873,C-000873,2025-08-29,239.9,Amazon Pay,Completado
PG-00874,C-000874,2025-06-23,827.34,Efectivo,Completado
PG-00875,C-000875,2025-08-01,167.21,Transferencia,Completado
PG-00876,C-000876,2025-07-28,117.65,PayPal,Completado
PG-00877,C-000877,2025-08-23,995.69,Tarjeta,Completado
PG-00878,C-000878,2025-08-13,694.89,Transferencia,Completado
PG-00879,C-000879,2025-06-03,14.86,Tarjeta,Completado
PG-00880,C-000880,2025-08-10,996.83,Transferencia,Completado
PG-00881,C-000881,2025-06-22,376.0,PayPal,Completado
PG-00882,C-000882,2025-08-23,717.55,Transferencia,Completado
PG-00883,C-000883,2025-08-09,98.46,Amazon Pay,Completado
PG-00884,C-000884,2025-08-12,497.0,Transferencia,Completado
PG-00885,C-000885,2025-07-16,1153.69,Transferencia,Completado
PG-00886,C-000886,2025-08-24,529.41,Amazon Pay,Completado
PG-00887,C-000887,2025-07-19,96.63,Efectivo,Completado
PG-00888,C-000888,2025-07-26,2440.51,Tarjeta,Pendiente
PG-00889,C-000889,2025-06-30,194.94,Tarjeta,Completado
PG-00890,C-000890,2025-06-10,231.45,Efectivo,Completado
PG-00891,C-000891,2025-06-06,1595.06,PayPal,Completado
PG-00892,C-000892,2025-08-15,806.81,Tarjeta,Completado
PG-00893,C-000893,2025-07-16,126.74,PayPal,Completado
PG-00894,C-000894,2025-06-21,1084.1,Transferencia,Completado
PG-00895,C-000895,2025-08-21,785.29,Transferencia,Completado
PG-00896,C-000896,2025-08-23,470.13,Bizum,Completado
PG-00897,C-000897,2025-08-09,971.52,Transferencia,Completado
PG-00898,C-000898,2025-08-23,1168.56,Tarjeta,Completado
PG-00899,C-000899,2025-08-11,802.34,Transferencia,Pendiente
PG-00900,C-000900,2025-06-23,561.9,Transferencia,Completado
PG-00901,C-000901,2025-08-08,927.74,Efectivo,Completado
PG-00902,C-000902,2025-07-22,229.6,Transferencia,Completado
PG-00903,C-000903,2025-06-09,1604.1,Amazon Pay,Completado
PG-00904,C-000904,2025-08-28,807.98,Tarjeta,Completado
PG-00905,C-000905,2025-07-26,321.51,Bizum,Completado
PG-00906,C-000906,2025-06-28,319.41,Bizum,Completado
PG-00907,C-000907,2025-08-19,427.73,Transferencia,Completado
PG-00908,C-000908,2025-07-02,142.93,PayPal,Pendiente
PG-00909,C-000909,2025-08-02,261.02,Tarjeta,Completado
PG-00910,C-000910,2025-07-06,50.29,Transferencia,Completado
PG-00911,C-000911,2025-08-07,625.78,PayPal,Completado
PG-00912,C-000912,2025-07-04,1425.88,Tarjeta,Completado
PG-00913,C-000913,2025-06-26,1866.74,Amazon Pay,Completado
PG-00914,C-000914,2025-07-20,459.46,Transferencia,Completado
PG-00915,C-000915,2025-06-11,883.18,Amazon Pay,Completado
PG-00916,C-000916,2025-07-07,81.7,Transferencia,Completado
PG-00917,C-000917,2025-08-01,1159.6,Amazon Pay,Completado
PG-00918,C-000918,2025-06-26,565.42,PayPal,Completado
PG-00919,C-000919,2025-07-12,1252.14,Efectivo,Completado
PG-00920,C-000920,2025-06-01,210.12,Tarjeta,Pendiente
PG-00921,C-000921,2025-08-21,475.48,Transferencia,Completado
PG-00922,C-000922,2025-06-03,1288.22,Amazon Pay,Completado
PG-00923,C-000923,2025-08-12,291.13,PayPal,Completado
PG-00924,C-000924,2025-08-27,1169.42,Tarjeta,Completado
PG-00925,C-000925,2025-07-24,1150.75,Bizum,Completado
PG-00926,C-000926,2025-08-03,742.16,Transferencia,Completado
PG-00927,C-000927,2025-06-13,1074.64,PayPal,Completado
PG-00928,C-000928,2025-08-30,663.07,Efectivo,Completado
PG-00929,C-000929,2025-06-09,1196.97,PayPal,Completado
PG-00930,C-000930,2025-08-17,1360.54,Amazon Pay,Completado
PG-00931,C-000931,2025-07-21,1016.33,Tarjeta,Completado
PG-00932,C-000932,2025-07-28,1900.34,Transferencia,Completado
PG-00933,C-000933,2025-08-20,174.16,Efectivo,Pendiente
PG-00934,C-000934,2025-06-26,946.36,Tarjeta,Completado
PG-00935,C-000935,2025-06-06,768.9,Bizum,Completado
PG-00936,C-000936,2025-08-17,499.4,Efectivo,Completado
PG-00937,C-000937,2025-08-04,1327.82,Tarjeta,Completado
PG-00938,C-000938,2025-06-28,7.45,Transferencia,Completado
PG-00939,C-000939,2025-08-26,893.31,Bizum,Completado
PG-00940,C-000940,2025-06-19,758.6,Tarjeta,Fallido
PG-00941,C-000941,2025-07-30,534.42,Bizum,Pendiente
PG-00942,C-000942,2025-06-23,764.4,PayPal,Pendiente
PG-00943,C-000943,2025-08-22,212.86,Efectivo,Completado
PG-00944,C-000944,2025-07-17,48.19,Transferencia,Completado
PG-00945,C-000945,2025-08-23,886.77,Tarjeta,Completado
PG-00946,C-000946,2025-08-02,502.71,PayPal,Completado
PG-00947,C-000947,2025-07-18,253.65,Transferencia,Completado
PG-00948,C-000948,2025-06-09,1087.14,Tarjeta,Completado
PG-00949,C-000949,2025-07-17,829.17,Transferencia,Completado
PG-00950,C-000950,2025-07-18,110.85,Transferencia,Completado
PG-00951,C-000951,2025-07-20,589.47,Efectivo,Completado
PG-00952,C-000952,2025-08-04,1202.34,Transferencia,Completado
PG-00953,C-000953,2025-08-15,1190.26,Tarjeta,Completado
PG-00954,C-000954,2025-07-09,528.28,Tarjeta,Fallido
PG-00955,C-000955,2025-07-12,231.9,PayPal,Completado
PG-00956,C-000956,2025-06-18,339.99,Tarjeta,Completado
PG-00957,C-000957,2025-07-10,281.24,Amazon Pay,Completado
PG-00958,C-000958,2025-06-17,748.78,Transferencia,Completado
PG-00959,C-000959,2025-08-28,1054.99,Amazon Pay,Completado
PG-00960,C-000960,2025-06-10,1399.34,Amazon Pay,Completado
PG-00961,C-000961,2025-08-17,1021.36,PayPal,Completado
PG-00962,C-000962,2025-06-08,982.2,Amazon Pay,Completado
PG-00963,C-000963,2025-08-15,705.59,Transferencia,Pendiente
PG-00964,C-000964,2025-08-01,1422.64,Tarjeta,Completado
PG-00965,C-000965,2025-07-01,707.2,Transferencia,Completado
PG-00966,C-000966,2025-07-18,999.23,Transferencia,Fallido
PG-00967,C-000967,2025-07-11,147.14,Efectivo,Completado
PG-00968,C-000968,2025-06-16,1225.44,Tarjeta,Completado
PG-00969,C-000969,2025-07-02,741.32,Tarjeta,Completado
PG-00970,C-000970,2025-06-25,684.39,PayPal,Completado
PG-00971,C-000971,2025-08-26,933.88,Transferencia,Completado
PG-00972,C-000972,2025-08-08,243.87,Transferencia,Completado
PG-00973,C-000973,2025-06-21,561.68,Amazon Pay,Pendiente
PG-00974,C-000974,2025-07-06,1030.66,Amazon Pay,Pendiente
PG-00975,C-000975,2025-06-23,476.8,Efectivo,Fallido
PG-00976,C-000976,2025-06-20,720.84,Efectivo,Pendiente
PG-00977,C-000977,2025-07-02,125.25,PayPal,Pendiente
PG-00978,C-000978,2025-07-10,431.41,Transferencia,Completado
PG-00979,C-000979,2025-08-14,867.82,Tarjeta,Completado
PG-00980,C-000980,2025-08-09,956.75,Tarjeta,Completado
PG-00981,C-000981,2025-08-23,391.65,Transferencia,Completado
PG-00982,C-000982,2025-06-04,723.58,Amazon Pay,Completado
PG-00983,C-000983,2025-06-10,586.04,Tarjeta,Pendiente
PG-00984,C-000984,2025-07-13,871.79,Transferencia,Completado
PG-00985,C-000985,2025-07-26,335.11,PayPal,Completado
PG-00986,C-000986,2025-06-29,381.8,Tarjeta,Completado
PG-00987,C-000987,2025-06-17,60.66,PayPal,Completado
PG-00988,C-000988,2025-07-28,908.87,Transferencia,Fallido
PG-00989,C-000989,2025-07-29,1388.02,PayPal,Completado
PG-00990,C-000990,2025-07-04,739.53,Tarjeta,Completado
PG-00991,C-000991,2025-06-08,879.38,PayPal,Completado
PG-00992,C-000992,2025-07-28,571.64,Tarjeta,Pendiente
PG-00993,C-000993,2025-06-04,604.52,Efectivo,Completado
PG-00994,C-000994,2025-06-24,812.42,Tarjeta,Completado
PG-00995,C-000995,2025-07-02,404.61,Tarjeta,Completado
PG-00996,C-000996,2025-06-17,970.08,PayPal,Fallido
PG-00997,C-000997,2025-08-02,668.82,Amazon Pay,Completado
PG-00998,C-000998,2025-07-16,335.64,Transferencia,Completado
PG-00999,C-000999,2025-08-11,632.5,Transferencia,Completado
PG-01000,C-001000,2025-08-22,832.09,Transferencia,Completado
PG-01001,C-001001,2025-06-27,599.96,Amazon Pay,Completado
PG-01002,C-001002,2025-06-21,949.03,PayPal,Completado
PG-01003,C-001003,2025-08-23,1893.99,Transferencia,Completado
PG-01004,C-001004,2025-08-10,153.5,Transferencia,Completado
PG-01005,C-001005,2025-06-09,519.52,Efectivo,Completado
PG-01006,C-001006,2025-08-13,460.93,Bizum,Completado
PG-01007,C-001007,2025-08-15,317.96,Efectivo,Completado
PG-01008,C-001008,2025-06-28,99.62,PayPal,Completado
PG-01009,C-001009,2025-08-13,209.11,PayPal,Pendiente
PG-01010,C-001010,2025-07-24,70.44,Tarjeta,Completado
PG-01011,C-001011,2025-06-14,607.64,Transferencia,Fallido
PG-01012,C-001012,2025-07-10,340.9,Transferencia,Completado
PG-01013,C-001013,2025-06-28,180.27,Transferencia,Completado
PG-01014,C-001014,2025-07-16,958.81,Efectivo,Completado
PG-01015,C-001015,2025-06-04,436.78,Tarjeta,Completado
PG-01016,C-001016,2025-06-18,264.51,Tarjeta,Completado
PG-01017,C-001017,2025-06-26,606.34,Transferencia,Completado
PG-01018,C-001018,2025-06-05,398.22,Tarjeta,Completado
PG-01019,C-001019,2025-06-04,123.88,Transferencia,Completado
PG-01020,C-001020,2025-07-02,1367.48,Efectivo,Completado
PG-01021,C-001021,2025-07-15,904.68,Bizum,Completado
PG-01022,C-001022,2025-08-02,146.53,Transferencia,Completado
PG-01023,C-001023,2025-08-07,98.4,Transferencia,Completado
PG-01024,C-001024,2025-08-03,27.36,Bizum,Completado
PG-01025,C-001025,2025-08-29,880.17,Tarjeta,Completado
PG-01026,C-001026,2025-07-26,1479.37,PayPal,Completado
PG-01027,C-001027,2025-06-04,779.38,Transferencia,Completado
PG-01028,C-001028,2025-06-17,375.36,Transferencia,Completado
PG-01029,C-001029,2025-06-15,831.21,Transferencia,Pendiente
PG-01030,C-001030,2025-08-19,687.07,Bizum,Completado
PG-01031,C-001031,2025-07-20,48.52,Transferencia,Completado
PG-01032,C-001032,2025-08-26,228.81,Bizum,Pendiente
PG-01033,C-001033,2025-07-19,1339.99,Transferencia,Completado
PG-01034,C-001034,2025-07-24,878.82,Transferencia,Completado
PG-01035,C-001035,2025-07-07,766.12,Transferencia,Completado
PG-01036,C-001036,2025-08-01,176.94,Tarjeta,Completado
PG-01037,C-001037,2025-08-19,1250.37,Tarjeta,Completado
PG-01038,C-001038,2025-08-12,71.19,Bizum,Completado
PG-01039,C-001039,2025-06-20,1047.82,Amazon Pay,Completado
PG-01040,C-001040,2025-07-02,307.17,Amazon Pay,Completado
PG-01041,C-001041,2025-06-19,656.1,Amazon Pay,Completado
PG-01042,C-001042,2025-07-15,9.99,Transferencia,Completado
PG-01043,C-001043,2025-08-26,2203.7,Efectivo,Completado
PG-01044,C-001044,2025-08-20,897.54,Tarjeta,Completado
PG-01045,C-001045,2025-08-07,1244.35,PayPal,Completado
PG-01046,C-001046,2025-08-08,1061.7,Tarjeta,Pendiente
PG-01047,C-001047,2025-07-25,1210.24,Tarjeta,Completado
PG-01048,C-001048,2025-07-29,1043.33,Transferencia,Pendiente
PG-01049,C-001049,2025-07-29,518.12,Efectivo,Completado
PG-01050,C-001050,2025-07-13,844.84,PayPal,Completado
PG-01051,C-001051,2025-07-20,1153.82,Tarjeta,Fallido
PG-01052,C-001052,2025-08-01,547.44,Transferencia,Completado
PG-01053,C-001053,2025-07-14,174.81,Tarjeta,Completado
PG-01054,C-001054,2025-06-09,157.18,Tarjeta,Pendiente
PG-01055,C-001055,2025-06-18,28.06,Tarjeta,Completado
PG-01056,C-001056,2025-06-05,234.08,PayPal,Completado
PG-01057,C-001057,2025-06-21,1538.78,Transferencia,Completado
PG-01058,C-001058,2025-07-09,699.15,Transferencia,Completado
PG-01059,C-001059,2025-08-21,285.5,Bizum,Completado
PG-01060,C-001060,2025-06-09,810.17,Transferencia,Completado
PG-01061,C-001061,2025-07-24,361.26,Transferencia,Completado
PG-01062,C-001062,2025-08-13,270.82,Amazon Pay,Completado
PG-01063,C-001063,2025-08-01,692.18,Transferencia,Completado
PG-01064,C-001064,2025-07-07,1266.75,PayPal,Completado
PG-01065,C-001065,2025-06-29,430.66,Tarjeta,Completado
PG-01066,C-001066,2025-06-12,1013.36,Tarjeta,Completado
PG-01067,C-001067,2025-08-22,1008.82,Bizum,Completado
PG-01068,C-001068,2025-06-03,685.79,PayPal,Completado
PG-01069,C-001069,2025-07-08,808.41,Tarjeta,Completado
PG-01070,C-001070,2025-07-31,576.65,Transferencia,Completado
PG-01071,C-001071,2025-07-25,860.52,Tarjeta,Completado
PG-01072,C-001072,2025-06-30,358.73,Bizum,Completado
PG-01073,C-001073,2025-07-02,598.55,Transferencia,Completado
PG-01074,C-001074,2025-08-03,237.28,Tarjeta,Completado
PG-01075,C-001075,2025-08-19,553.19,Transferencia,Completado
PG-01076,C-001076,2025-07-24,503.93,Transferencia,Completado
PG-01077,C-001077,2025-08-06,595.28,Efectivo,Completado
PG-01078,C-001078,2025-06-15,345.92,Tarjeta,Completado
PG-01079,C-001079,2025-08-22,1068.64,Tarjeta,Completado
PG-01080,C-001080,2025-07-28,178.16,Bizum,Completado
PG-01081,C-001081,2025-07-18,1190.43,Transferencia,Completado
PG-01082,C-001082,2025-07-02,232.11,Tarjeta,Completado
PG-01083,C-001083,2025-07-24,473.55,PayPal,Fallido
PG-01084,C-001084,2025-08-20,338.66,Bizum,Completado
PG-01085,C-001085,2025-07-11,366.6,Tarjeta,Completado
PG-01086,C-001086,2025-08-09,1151.25,Bizum,Pendiente
PG-01087,C-001087,2025-07-04,242.18,Transferencia,Completado
PG-01088,C-001088,2025-08-26,464.56,Transferencia,Completado
PG-01089,C-001089,2025-08-03,846.48,PayPal,Completado
PG-01090,C-001090,2025-06-10,791.06,Transferencia,Completado
PG-01091,C-001091,2025-08-13,814.12,Amazon Pay,Completado
PG-01092,C-001092,2025-07-14,777.88,Tarjeta,Pendiente
PG-01093,C-001093,2025-08-15,1361.61,Transferencia,Completado
PG-01094,C-001094,2025-08-23,399.76,PayPal,Completado
PG-01095,C-001095,2025-08-27,91.75,PayPal,Completado
PG-01096,C-001096,2025-07-08,1294.29,Transferencia,Completado
PG-01097,C-001097,2025-06-03,837.93,Bizum,Fallido
PG-01098,C-001098,2025-06-05,695.87,Transferencia,Completado
PG-01099,C-001099,2025-07-12,601.06,Tarjeta,Completado
PG-01100,C-001100,2025-08-21,558.65,Transferencia,Completado
PG-01101,C-001101,2025-07-29,389.9,Tarjeta,Fallido
PG-01102,C-001102,2025-06-10,639.68,Amazon Pay,Completado
PG-01103,C-001103,2025-08-03,1168.41,Tarjeta,Completado
PG-01104,C-001104,2025-08-24,450.23,Transferencia,Completado
PG-01105,C-001105,2025-08-14,1126.69,Transferencia,Completado
PG-01106,C-001106,2025-07-30,572.85,PayPal,Completado
PG-01107,C-001107,2025-08-17,270.32,Tarjeta,Pendiente
PG-01108,C-001108,2025-06-17,286.3,Transferencia,Completado
PG-01109,C-001109,2025-06-22,992.28,PayPal,Completado
PG-01110,C-001110,2025-07-13,1146.65,Efectivo,Completado
PG-01111,C-001111,2025-06-07,329.85,Tarjeta,Completado
PG-01112,C-001112,2025-08-09,2332.74,Transferencia,Fallido
PG-01113,C-001113,2025-07-06,1128.68,Efectivo,Completado
PG-01114,C-001114,2025-08-09,518.84,Amazon Pay,Completado
PG-01115,C-001115,2025-08-15,355.05,Amazon Pay,Completado
PG-01116,C-001116,2025-06-30,496.66,Transferencia,Completado
PG-01117,C-001117,2025-08-21,274.84,Amazon Pay,Completado
PG-01118,C-001118,2025-07-18,719.4,PayPal,Completado
PG-01119,C-001119,2025-07-26,286.78,Transferencia,Completado
PG-01120,C-001120,2025-06-15,1337.46,Amazon Pay,Completado
PG-01121,C-001121,2025-07-29,48.08,Tarjeta,Completado
PG-01122,C-001122,2025-07-11,131.14,Tarjeta,Completado
PG-01123,C-001123,2025-08-24,1349.92,Transferencia,Pendiente
PG-01124,C-001124,2025-06-19,1057.92,Bizum,Completado
PG-01125,C-001125,2025-06-26,561.96,Bizum,Completado
PG-01126,C-001126,2025-06-25,350.25,Tarjeta,Completado
PG-01127,C-001127,2025-07-25,144.6,Bizum,Completado
PG-01128,C-001128,2025-07-27,1111.87,Efectivo,Completado
PG-01129,C-001129,2025-08-08,1183.48,Tarjeta,Completado
PG-01130,C-001130,2025-07-30,537.81,Amazon Pay,Completado
PG-01131,C-001131,2025-06-13,809.5,Tarjeta,Completado
PG-01132,C-001132,2025-06-15,1002.23,Efectivo,Completado
PG-01133,C-001133,2025-06-09,585.85,Tarjeta,Completado
PG-01134,C-001134,2025-06-12,1485.66,Tarjeta,Completado
PG-01135,C-001135,2025-08-20,825.91,Bizum,Completado
PG-01136,C-001136,2025-08-22,88.2,Tarjeta,Completado
PG-01137,C-001137,2025-07-26,323.3,Efectivo,Completado
PG-01138,C-001138,2025-08-28,399.9,Tarjeta,Completado
PG-01139,C-001139,2025-07-16,910.72,Transferencia,Completado
PG-01140,C-001140,2025-07-18,319.68,Efectivo,Completado
PG-01141,C-001141,2025-06-08,577.2,Tarjeta,Completado
PG-01142,C-001142,2025-05-31,533.89,Bizum,Completado
PG-01143,C-001143,2025-07-18,405.28,Tarjeta,Completado
PG-01144,C-001144,2025-07-22,430.64,Tarjeta,Completado
PG-01145,C-001145,2025-06-28,111.47,Bizum,Completado
PG-01146,C-001146,2025-07-30,1689.74,Transferencia,Completado
PG-01147,C-001147,2025-07-23,352.14,Transferencia,Completado
PG-01148,C-001148,2025-08-29,599.54,Tarjeta,Completado
PG-01149,C-001149,2025-06-24,302.54,Transferencia,Completado
PG-01150,C-001150,2025-06-07,756.08,Tarjeta,Completado
PG-01151,C-001151,2025-06-09,555.08,Tarjeta,Pendiente
PG-01152,C-001152,2025-07-14,1341.45,Tarjeta,Pendiente
PG-01153,C-001153,2025-08-30,1356.57,Amazon Pay,Completado
PG-01154,C-001154,2025-07-10,579.84,Tarjeta,Completado
PG-01155,C-001155,2025-08-27,162.11,PayPal,Completado
PG-01156,C-001156,2025-07-16,1154.38,Bizum,Completado
PG-01157,C-001157,2025-07-06,1566.47,Tarjeta,Completado
PG-01158,C-001158,2025-08-24,857.5,Amazon Pay,Completado
PG-01159,C-001159,2025-08-03,754.45,Amazon Pay,Completado
PG-01160,C-001160,2025-07-23,827.81,Bizum,Pendiente
PG-01161,C-001161,2025-07-20,431.83,Transferencia,Completado
PG-01162,C-001162,2025-07-08,503.24,Transferencia,Completado
PG-01163,C-001163,2025-07-22,874.54,PayPal,Completado
PG-01164,C-001164,2025-06-04,215.2,Transferencia,Completado
PG-01165,C-001165,2025-07-09,766.88,Transferencia,Completado
PG-01166,C-001166,2025-06-11,848.17,Tarjeta,Completado
PG-01167,C-001167,2025-07-09,34.28,Amazon Pay,Pendiente
PG-01168,C-001168,2025-07-03,476.67,Tarjeta,Completado
PG-01169,C-001169,2025-07-16,390.05,Bizum,Completado
PG-01170,C-001170,2025-08-22,228.71,Efectivo,Completado
PG-01171,C-001171,2025-06-14,1103.89,Transferencia,Fallido
PG-01172,C-001172,2025-06-14,389.87,Transferencia,Completado
PG-01173,C-001173,2025-07-04,907.67,PayPal,Completado
PG-01174,C-001174,2025-08-13,726.54,Bizum,Completado
PG-01175,C-001175,2025-07-28,1297.24,Efectivo,Completado
PG-01176,C-001176,2025-06-26,73.83,Efectivo,Pendiente
PG-01177,C-001177,2025-07-15,1377.98,Transferencia,Completado
PG-01178,C-001178,2025-07-25,500.28,Tarjeta,Completado
PG-01179,C-001179,2025-07-30,916.61,Efectivo,Completado
PG-01180,C-001180,2025-08-08,899.83,Amazon Pay,Completado
PG-01181,C-001181,2025-08-02,415.4,Efectivo,Completado
PG-01182,C-001182,2025-07-21,253.89,Efectivo,Completado
PG-01183,C-001183,2025-06-04,526.34,Efectivo,Completado
PG-01184,C-001184,2025-06-14,388.5,Transferencia,Completado
PG-01185,C-001185,2025-08-06,453.25,Tarjeta,Completado
PG-01186,C-001186,2025-06-08,575.63,Tarjeta,Completado
PG-01187,C-001187,2025-06-14,523.22,PayPal,Completado
PG-01188,C-001188,2025-07-07,554.79,Transferencia,Pendiente
PG-01189,C-001189,2025-07-03,1337.17,Tarjeta,Completado
PG-01190,C-001190,2025-07-29,859.94,Transferencia,Completado
PG-01191,C-001191,2025-06-02,708.91,PayPal,Pendiente
PG-01192,C-001192,2025-07-28,518.83,Bizum,Completado
PG-01193,C-001193,2025-06-28,1015.93,PayPal,Completado
PG-01194,C-001194,2025-06-28,871.78,Transferencia,Completado
PG-01195,C-001195,2025-07-16,492.81,Amazon Pay,Completado
PG-01196,C-001196,2025-08-04,645.7,PayPal,Pendiente
PG-01197,C-001197,2025-07-11,24.22,Transferencia,Completado
PG-01198,C-001198,2025-08-07,684.48,Efectivo,Completado
PG-01199,C-001199,2025-08-25,30.32,Tarjeta,Completado
PG-01200,C-001200,2025-07-14,1957.73,Transferencia,Completado
PG-01201,C-001201,2025-06-12,327.02,Tarjeta,Completado
PG-01202,C-001202,2025-06-03,2713.09,Tarjeta,Completado
PG-01203,C-001203,2025-08-03,563.08,Tarjeta,Completado
PG-01204,C-001204,2025-06-09,1410.28,Amazon Pay,Completado
PG-01205,C-001205,2025-06-09,1241.65,Transferencia,Completado
PG-01206,C-001206,2025-07-11,657.06,Amazon Pay,Completado
PG-01207,C-001207,2025-06-07,248.12,Bizum,Completado
PG-01208,C-001208,2025-06-10,269.49,PayPal,Completado
PG-01209,C-001209,2025-08-10,1350.81,Transferencia,Completado
PG-01210,C-001210,2025-07-26,645.11,Amazon Pay,Completado
PG-01211,C-001211,2025-07-18,910.11,Bizum,Completado
PG-01212,C-001212,2025-06-21,875.21,Efectivo,Completado
PG-01213,C-001213,2025-06-08,654.46,Tarjeta,Completado
PG-01214,C-001214,2025-08-17,60.54,Transferencia,Completado
PG-01215,C-001215,2025-08-27,671.69,Efectivo,Completado
PG-01216,C-001216,2025-08-16,711.38,Transferencia,Completado
PG-01217,C-001217,2025-07-12,379.54,Tarjeta,Completado
PG-01218,C-001218,2025-07-31,1366.76,Bizum,Pendiente
PG-01219,C-001219,2025-07-25,153.18,Tarjeta,Completado
PG-01220,C-001220,2025-06-22,552.8,Tarjeta,Completado
PG-01221,C-001221,2025-06-22,537.19,Tarjeta,Pendiente
PG-01222,C-001222,2025-08-26,1024.55,Tarjeta,Completado
PG-01223,C-001223,2025-08-12,1026.18,PayPal,Completado
PG-01224,C-001224,2025-06-24,737.32,Tarjeta,Completado
PG-01225,C-001225,2025-06-21,630.05,Tarjeta,Completado
PG-01226,C-001226,2025-06-14,599.39,Tarjeta,Completado
PG-01227,C-001227,2025-07-19,73.94,Tarjeta,Completado
PG-01228,C-001228,2025-08-24,253.69,Amazon Pay,Completado
PG-01229,C-001229,2025-08-20,716.13,Tarjeta,Completado
PG-01230,C-001230,2025-07-05,1107.4,Transferencia,Fallido
PG-01231,C-001231,2025-06-17,18.81,Tarjeta,Completado
PG-01232,C-001232,2025-07-08,1428.28,Transferencia,Pendiente
PG-01233,C-001233,2025-08-05,155.38,PayPal,Completado
PG-01234,C-001234,2025-08-01,1246.81,Tarjeta,Fallido
PG-01235,C-001235,2025-08-19,303.1,Tarjeta,Completado
PG-01236,C-001236,2025-07-01,249.44,Amazon Pay,Pendiente
PG-01237,C-001237,2025-06-26,766.18,Transferencia,Completado
PG-01238,C-001238,2025-06-01,192.97,Amazon Pay,Pendiente
PG-01239,C-001239,2025-07-03,985.01,Efectivo,Completado
PG-01240,C-001240,2025-06-22,713.11,Transferencia,Completado
PG-01241,C-001241,2025-08-11,547.94,Efectivo,Completado
PG-01242,C-001242,2025-07-16,1203.44,Efectivo,Completado
PG-01243,C-001243,2025-08-21,912.36,Amazon Pay,Completado
PG-01244,C-001244,2025-07-19,343.36,Tarjeta,Completado
PG-01245,C-001245,2025-07-05,719.29,Tarjeta,Completado
PG-01246,C-001246,2025-06-30,275.05,Transferencia,Completado
PG-01247,C-001247,2025-06-20,307.87,Transferencia,Pendiente
PG-01248,C-001248,2025-07-22,85.5,Efectivo,Completado
PG-01249,C-001249,2025-06-02,195.93,Tarjeta,Pendiente
PG-01250,C-001250,2025-08-16,134.32,Transferencia,Completado
PG-01251,C-001251,2025-06-12,906.55,PayPal,Completado
PG-01252,C-001252,2025-07-11,1813.64,Tarjeta,Completado
PG-01253,C-001253,2025-07-03,124.98,Transferencia,Completado
PG-01254,C-001254,2025-07-03,580.45,Tarjeta,Completado
PG-01255,C-001255,2025-08-16,278.0,Tarjeta,Fallido
PG-01256,C-001256,2025-07-10,116.64,PayPal,Completado
PG-01257,C-001257,2025-08-12,947.66,Amazon Pay,Completado
PG-01258,C-001258,2025-06-16,13.74,Transferencia,Completado
PG-01259,C-001259,2025-06-13,33.12,Efectivo,Pendiente
PG-01260,C-001260,2025-08-15,709.8,Efectivo,Completado
PG-01261,C-001261,2025-06-27,1083.85,Transferencia,Completado
PG-01262,C-001262,2025-07-10,794.61,PayPal,Completado
PG-01263,C-001263,2025-06-19,572.58,Tarjeta,Completado
PG-01264,C-001264,2025-07-21,154.61,Efectivo,Completado
PG-01265,C-001265,2025-07-01,309.15,Amazon Pay,Completado
PG-01266,C-001266,2025-08-19,476.21,Tarjeta,Completado
PG-01267,C-001267,2025-07-15,967.38,PayPal,Completado
PG-01268,C-001268,2025-06-20,865.89,Tarjeta,Completado
PG-01269,C-001269,2025-06-08,648.03,Transferencia,Completado
PG-01270,C-001270,2025-06-03,1800.94,Tarjeta,Completado
PG-01271,C-001271,2025-06-02,387.66,Amazon Pay,Completado
PG-01272,C-001272,2025-06-08,273.02,Bizum,Completado
PG-01273,C-001273,2025-06-21,1856.62,Efectivo,Completado
PG-01274,C-001274,2025-06-04,633.75,Efectivo,Completado
PG-01275,C-001275,2025-06-11,199.62,PayPal,Completado
PG-01276,C-001276,2025-07-19,343.22,Transferencia,Completado
PG-01277,C-001277,2025-08-27,13.52,Tarjeta,Completado
PG-01278,C-001278,2025-08-11,176.55,PayPal,Completado
PG-01279,C-001279,2025-08-15,399.26,Efectivo,Pendiente
PG-01280,C-001280,2025-06-12,545.86,Amazon Pay,Completado
PG-01281,C-001281,2025-06-09,657.77,Transferencia,Completado
PG-01282,C-001282,2025-06-13,662.11,Transferencia,Completado
PG-01283,C-001283,2025-07-27,748.16,Tarjeta,Completado
PG-01284,C-001284,2025-07-07,262.07,Transferencia,Completado
PG-01285,C-001285,2025-07-17,842.94,Transferencia,Completado
PG-01286,C-001286,2025-07-02,282.86,Tarjeta,Completado
PG-01287,C-001287,2025-08-06,623.49,Amazon Pay,Pendiente
PG-01288,C-001288,2025-06-23,272.5,Tarjeta,Completado
PG-01289,C-001289,2025-07-21,919.08,Transferencia,Completado
PG-01290,C-001290,2025-06-20,751.43,Efectivo,Completado
PG-01291,C-001291,2025-07-04,367.64,PayPal,Pendiente
PG-01292,C-001292,2025-08-18,346.1,Transferencia,Completado
PG-01293,C-001293,2025-06-18,772.62,PayPal,Pendiente
PG-01294,C-001294,2025-07-05,1409.3,Tarjeta,Pendiente
PG-01295,C-001295,2025-07-22,64.1,Efectivo,Completado
PG-01296,C-001296,2025-06-05,375.59,Transferencia,Completado
PG-01297,C-001297,2025-08-19,1383.27,Transferencia,Completado
PG-01298,C-001298,2025-08-04,147.88,Transferencia,Completado
PG-01299,C-001299,2025-06-05,1278.5,PayPal,Completado
PG-01300,C-001300,2025-07-09,666.99,Transferencia,Completado
PG-01301,C-001301,2025-07-20,71.08,Bizum,Completado
PG-01302,C-001302,2025-06-15,9.42,Transferencia,Completado
PG-01303,C-001303,2025-06-02,184.92,Tarjeta,Completado
PG-01304,C-001304,2025-07-22,246.74,Transferencia,Completado
PG-01305,C-001305,2025-08-07,491.52,Bizum,Completado
PG-01306,C-001306,2025-07-13,782.36,Tarjeta,Completado
PG-01307,C-001307,2025-07-20,1345.1,Tarjeta,Completado
PG-01308,C-001308,2025-07-03,1230.52,Amazon Pay,Completado
PG-01309,C-001309,2025-08-26,286.03,Transferencia,Completado
PG-01310,C-001310,2025-06-30,386.3,PayPal,Pendiente
PG-01311,C-001311,2025-07-30,533.2,Bizum,Completado
PG-01312,C-001312,2025-06-26,752.55,Efectivo,Completado
PG-01313,C-001313,2025-06-30,1072.44,Tarjeta,Completado
PG-01314,C-001314,2025-07-15,627.55,Tarjeta,Completado
PG-01315,C-001315,2025-06-22,1287.88,Transferencia,Completado
PG-01316,C-001316,2025-06-16,71.51,PayPal,Completado
PG-01317,C-001317,2025-06-02,1108.0,Tarjeta,Pendiente
PG-01318,C-001318,2025-07-04,255.36,Tarjeta,Completado
PG-01319,C-001319,2025-07-26,220.04,PayPal,Completado
PG-01320,C-001320,2025-08-08,1203.52,Tarjeta,Completado
PG-01321,C-001321,2025-07-13,236.86,PayPal,Completado
PG-01322,C-001322,2025-07-26,694.23,Transferencia,Completado
PG-01323,C-001323,2025-06-28,54.93,Efectivo,Completado
PG-01324,C-001324,2025-08-15,470.65,Amazon Pay,Fallido
PG-01325,C-001325,2025-06-06,950.79,Tarjeta,Completado
PG-01326,C-001326,2025-07-29,774.27,Transferencia,Completado
PG-01327,C-001327,2025-06-12,1364.6,Transferencia,Pendiente
PG-01328,C-001328,2025-07-09,8.5,Bizum,Completado
PG-01329,C-001329,2025-07-20,879.09,Bizum,Completado
PG-01330,C-001330,2025-07-18,563.34,Amazon Pay,Completado
PG-01331,C-001331,2025-06-27,126.99,Transferencia,Completado
PG-01332,C-001332,2025-08-15,306.22,Tarjeta,Completado
PG-01333,C-001333,2025-06-27,933.74,PayPal,Fallido
PG-01334,C-001334,2025-08-06,399.81,Transferencia,Completado
PG-01335,C-001335,2025-06-21,572.55,Tarjeta,Completado
PG-01336,C-001336,2025-08-07,631.34,Bizum,Completado
PG-01337,C-001337,2025-07-24,384.32,Transferencia,Completado
PG-01338,C-001338,2025-07-16,544.72,Transferencia,Pendiente
PG-01339,C-001339,2025-06-19,874.92,Tarjeta,Completado
PG-01340,C-001340,2025-08-05,994.72,Transferencia,Completado
PG-01341,C-001341,2025-08-10,530.85,Bizum,Completado
PG-01342,C-001342,2025-07-10,1148.37,Transferencia,Pendiente
PG-01343,C-001343,2025-06-08,410.15,Bizum,Completado
PG-01344,C-001344,2025-08-27,294.6,Efectivo,Completado
PG-01345,C-001345,2025-08-20,116.84,Tarjeta,Pendiente
PG-01346,C-001346,2025-07-21,1450.31,Transferencia,Pendiente
PG-01347,C-001347,2025-07-30,610.35,Efectivo,Completado
PG-01348,C-001348,2025-06-16,913.98,Tarjeta,Completado
PG-01349,C-001349,2025-06-18,1328.9,Tarjeta,Completado
PG-01350,C-001350,2025-08-18,802.74,Bizum,Pendiente
PG-01351,C-001351,2025-08-24,836.43,PayPal,Completado
PG-01352,C-001352,2025-06-24,101.45,Tarjeta,Pendiente
PG-01353,C-001353,2025-07-09,741.87,Transferencia,Completado
PG-01354,C-001354,2025-06-23,300.4,Tarjeta,Completado
PG-01355,C-001355,2025-07-08,223.02,Tarjeta,Completado
PG-01356,C-001356,2025-07-21,1120.35,Tarjeta,Pendiente
PG-01357,C-001357,2025-07-09,365.0,Transferencia,Completado
PG-01358,C-001358,2025-07-18,1028.73,Tarjeta,Completado
PG-01359,C-001359,2025-08-02,245.86,PayPal,Completado
PG-01360,C-001360,2025-06-10,1013.2,Bizum,Completado
PG-01361,C-001361,2025-06-30,802.32,Transferencia,Completado
PG-01362,C-001362,2025-08-23,1058.4,PayPal,Completado
PG-01363,C-001363,2025-08-11,769.87,Transferencia,Fallido
PG-01364,C-001364,2025-07-03,1014.0,Transferencia,Completado
PG-01365,C-001365,2025-06-25,628.35,Bizum,Completado
PG-01366,C-001366,2025-08-05,71.89,Efectivo,Completado
PG-01367,C-001367,2025-08-12,649.83,Transferencia,Completado
PG-01368,C-001368,2025-07-20,844.11,Tarjeta,Fallido
PG-01369,C-001369,2025-08-16,1332.44,Tarjeta,Completado
PG-01370,C-001370,2025-08-25,553.12,Tarjeta,Completado
PG-01371,C-001371,2025-06-02,209.65,Transferencia,Fallido
PG-01372,C-001372,2025-07-05,1612.69,Transferencia,Completado
PG-01373,C-001373,2025-06-22,581.07,Bizum,Pendiente
PG-01374,C-001374,2025-08-21,1131.32,Tarjeta,Completado
PG-01375,C-001375,2025-06-03,378.41,Tarjeta,Completado
PG-01376,C-001376,2025-06-24,1124.96,Tarjeta,Completado
PG-01377,C-001377,2025-08-22,158.78,Transferencia,Completado
PG-01378,C-001378,2025-06-19,164.76,Amazon Pay,Completado
PG-01379,C-001379,2025-08-13,237.31,Amazon Pay,Completado
PG-01380,C-001380,2025-06-02,590.3,Amazon Pay,Completado
PG-01381,C-001381,2025-07-17,1107.83,Tarjeta,Completado
PG-01382,C-001382,2025-08-15,733.03,Tarjeta,Completado
PG-01383,C-001383,2025-07-22,135.78,Tarjeta,Completado
PG-01384,C-001384,2025-06-08,367.7,Transferencia,Completado
PG-01385,C-001385,2025-07-03,760.11,Efectivo,Completado
PG-01386,C-001386,2025-06-19,401.51,Tarjeta,Completado
PG-01387,C-001387,2025-06-22,421.31,Amazon Pay,Completado
PG-01388,C-001388,2025-08-21,936.54,Tarjeta,Completado
PG-01389,C-001389,2025-06-06,945.7,Tarjeta,Completado
PG-01390,C-001390,2025-07-26,869.07,Tarjeta,Completado
PG-01391,C-001391,2025-07-26,192.21,Transferencia,Completado
PG-01392,C-001392,2025-08-20,983.9,Transferencia,Completado
PG-01393,C-001393,2025-06-19,278.29,Tarjeta,Completado
PG-01394,C-001394,2025-07-07,631.77,Transferencia,Completado
PG-01395,C-001395,2025-07-21,296.36,PayPal,Completado
PG-01396,C-001396,2025-07-08,991.1,Bizum,Completado
PG-01397,C-001397,2025-07-16,56.92,Efectivo,Fallido
PG-01398,C-001398,2025-07-06,497.75,Transferencia,Completado
PG-01399,C-001399,2025-06-15,293.24,Tarjeta,Completado
PG-01400,C-001400,2025-08-19,163.69,Amazon Pay,Completado
PG-01401,C-001401,2025-08-01,463.27,Bizum,Completado
PG-01402,C-001402,2025-06-02,200.24,Efectivo,Completado
PG-01403,C-001403,2025-06-17,566.33,Transferencia,Completado
PG-01404,C-001404,2025-07-07,548.28,Bizum,Completado
PG-01405,C-001405,2025-07-01,1078.98,PayPal,Completado
PG-01406,C-001406,2025-06-23,1596.1,Amazon Pay,Completado
PG-01407,C-001407,2025-07-30,328.16,Transferencia,Completado
PG-01408,C-001408,2025-08-08,1152.85,Transferencia,Fallido
PG-01409,C-001409,2025-06-27,1221.93,Efectivo,Completado
PG-01410,C-001410,2025-08-13,1233.92,Amazon Pay,Completado
PG-01411,C-001411,2025-06-27,495.83,Tarjeta,Completado
PG-01412,C-001412,2025-07-01,591.06,Bizum,Completado
PG-01413,C-001413,2025-07-21,495.79,Tarjeta,Completado
PG-01414,C-001414,2025-07-03,164.79,Tarjeta,Completado
PG-01415,C-001415,2025-06-21,498.55,Transferencia,Pendiente
PG-01416,C-001416,2025-07-20,17.22,Transferencia,Completado
PG-01417,C-001417,2025-08-23,748.38,Transferencia,Completado
PG-01418,C-001418,2025-07-01,699.51,Transferencia,Completado
PG-01419,C-001419,2025-06-22,807.45,PayPal,Completado
PG-01420,C-001420,2025-08-24,559.97,Tarjeta,Completado
PG-01421,C-001421,2025-07-03,224.79,Amazon Pay,Completado
PG-01422,C-001422,2025-08-26,638.48,Efectivo,Completado
PG-01423,C-001423,2025-06-10,31.86,PayPal,Completado
PG-01424,C-001424,2025-07-16,532.52,Transferencia,Completado
PG-01425,C-001425,2025-08-06,1081.2,Amazon Pay,Completado
PG-01426,C-001426,2025-07-08,729.14,Tarjeta,Completado
PG-01427,C-001427,2025-07-13,776.7,Transferencia,Pendiente
PG-01428,C-001428,2025-06-27,399.2,Efectivo,Completado
PG-01429,C-001429,2025-07-02,60.56,Tarjeta,Completado
PG-01430,C-001430,2025-07-08,1281.13,Transferencia,Completado
PG-01431,C-001431,2025-06-21,1121.37,Bizum,Completado
PG-01432,C-001432,2025-06-03,231.7,Transferencia,Completado
PG-01433,C-001433,2025-08-01,183.3,Tarjeta,Completado
PG-01434,C-001434,2025-08-24,1125.95,Bizum,Completado
PG-01435,C-001435,2025-07-15,939.99,Efectivo,Completado
PG-01436,C-001436,2025-07-05,572.61,Transferencia,Completado
PG-01437,C-001437,2025-08-13,234.65,Transferencia,Completado
PG-01438,C-001438,2025-07-22,602.45,Transferencia,Completado
PG-01439,C-001439,2025-06-28,802.23,PayPal,Completado
PG-01440,C-001440,2025-06-24,1285.33,Transferencia,Completado
PG-01441,C-001441,2025-06-08,1119.04,Transferencia,Completado
PG-01442,C-001442,2025-08-13,71.06,PayPal,Completado
PG-01443,C-001443,2025-08-06,70.4,PayPal,Completado
PG-01444,C-001444,2025-08-23,252.63,Efectivo,Completado
PG-01445,C-001445,2025-06-23,104.34,Amazon Pay,Completado
PG-01446,C-001446,2025-08-07,646.61,Bizum,Completado
PG-01447,C-001447,2025-06-03,235.8,Tarjeta,Completado
PG-01448,C-001448,2025-06-15,421.15,Transferencia,Completado
PG-01449,C-001449,2025-06-10,271.1,Transferencia,Completado
PG-01450,C-001450,2025-07-25,839.58,PayPal,Completado
PG-01451,C-001451,2025-08-04,1097.2,PayPal,Completado
PG-01452,C-001452,2025-08-08,717.81,Efectivo,Pendiente
PG-01453,C-001453,2025-05-31,122.46,Tarjeta,Fallido
PG-01454,C-001454,2025-08-17,95.24,Amazon Pay,Completado
PG-01455,C-001455,2025-08-03,176.0,Transferencia,Completado
PG-01456,C-001456,2025-06-28,32.74,Transferencia,Completado
PG-01457,C-001457,2025-06-18,263.85,Efectivo,Completado
PG-01458,C-001458,2025-07-24,699.12,Transferencia,Completado
PG-01459,C-001459,2025-07-13,1331.25,Tarjeta,Completado
PG-01460,C-001460,2025-06-24,242.04,Tarjeta,Completado
PG-01461,C-001461,2025-08-13,158.85,Tarjeta,Completado
PG-01462,C-001462,2025-07-26,810.17,Transferencia,Pendiente
PG-01463,C-001463,2025-08-29,1266.91,Transferencia,Completado
PG-01464,C-001464,2025-06-09,122.08,Efectivo,Completado
PG-01465,C-001465,2025-08-15,1075.13,Tarjeta,Completado
PG-01466,C-001466,2025-07-06,776.45,Amazon Pay,Completado
PG-01467,C-001467,2025-07-15,335.77,Bizum,Completado
PG-01468,C-001468,2025-07-22,774.25,Transferencia,Completado
PG-01469,C-001469,2025-06-27,536.32,Transferencia,Completado
PG-01470,C-001470,2025-08-03,536.24,Tarjeta,Completado
PG-01471,C-001471,2025-06-25,140.6,PayPal,Completado
PG-01472,C-001472,2025-06-07,590.43,Tarjeta,Completado
PG-01473,C-001473,2025-06-28,1677.46,Bizum,Completado
PG-01474,C-001474,2025-06-13,255.27,Tarjeta,Completado
PG-01475,C-001475,2025-08-17,395.22,Transferencia,Completado
PG-01476,C-001476,2025-06-02,919.66,Bizum,Pendiente
PG-01477,C-001477,2025-06-22,414.45,Transferencia,Completado
PG-01478,C-001478,2025-07-18,90.99,Tarjeta,Completado
PG-01479,C-001479,2025-08-05,522.29,Transferencia,Completado
PG-01480,C-001480,2025-06-23,105.68,Efectivo,Pendiente
PG-01481,C-001481,2025-08-18,944.3,Bizum,Completado
PG-01482,C-001482,2025-07-03,1798.78,Tarjeta,Completado
PG-01483,C-001483,2025-06-22,1019.66,Efectivo,Completado
PG-01484,C-001484,2025-07-17,103.43,Bizum,Completado
PG-01485,C-001485,2025-08-22,145.72,Transferencia,Completado
PG-01486,C-001486,2025-06-27,630.42,Transferencia,Completado
PG-01487,C-001487,2025-06-07,567.67,Transferencia,Completado
PG-01488,C-001488,2025-07-24,765.6,Transferencia,Completado
PG-01489,C-001489,2025-08-12,1619.67,Bizum,Completado
PG-01490,C-001490,2025-07-26,540.55,Transferencia,Completado
PG-01491,C-001491,2025-08-22,391.51,Transferencia,Completado
PG-01492,C-001492,2025-07-15,600.8,Transferencia,Completado
PG-01493,C-001493,2025-07-13,626.4,Bizum,Completado
PG-01494,C-001494,2025-08-12,369.28,Transferencia,Fallido
PG-01495,C-001495,2025-07-27,527.05,Tarjeta,Completado
PG-01496,C-001496,2025-07-02,432.3,Tarjeta,Completado
PG-01497,C-001497,2025-08-18,904.6,Efectivo,Pendiente
PG-01498,C-001498,2025-08-30,1308.73,Efectivo,Completado
PG-01499,C-001499,2025-07-07,108.67,Tarjeta,Completado
PG-01500,C-001500,2025-08-10,251.45,Tarjeta,Completado
PG-01501,C-001501,2025-06-03,375.96,Amazon Pay,Completado
PG-01502,C-001502,2025-07-26,260.14,Tarjeta,Completado
PG-01503,C-001503,2025-07-19,642.14,Bizum,Completado
PG-01504,C-001504,2025-08-24,284.32,Amazon Pay,Completado
PG-01505,C-001505,2025-07-14,304.7,Tarjeta,Completado
PG-01506,C-001506,2025-08-26,1243.87,Tarjeta,Completado
PG-01507,C-001507,2025-07-30,522.12,PayPal,Completado
PG-01508,C-001508,2025-07-07,2295.0,Tarjeta,Completado
PG-01509,C-001509,2025-06-04,356.13,Transferencia,Fallido
PG-01510,C-001510,2025-07-19,363.4,PayPal,Pendiente
PG-01511,C-001511,2025-07-07,1356.48,Tarjeta,Completado
PG-01512,C-001512,2025-07-26,418.5,PayPal,Completado
PG-01513,C-001513,2025-08-08,721.67,Tarjeta,Completado
PG-01514,C-001514,2025-08-11,1092.73,Transferencia,Completado
PG-01515,C-001515,2025-06-02,445.6,Tarjeta,Completado
PG-01516,C-001516,2025-08-20,362.6,Tarjeta,Completado
PG-01517,C-001517,2025-07-13,379.48,Tarjeta,Completado
PG-01518,C-001518,2025-07-20,97.33,Transferencia,Completado
PG-01519,C-001519,2025-07-25,1015.28,Tarjeta,Completado
PG-01520,C-001520,2025-07-23,51.43,Amazon Pay,Completado
PG-01521,C-001521,2025-07-12,1241.95,Bizum,Completado
PG-01522,C-001522,2025-06-16,1544.57,Efectivo,Completado
PG-01523,C-001523,2025-06-18,581.44,Tarjeta,Completado
PG-01524,C-001524,2025-08-19,165.34,Transferencia,Completado
PG-01525,C-001525,2025-07-24,950.64,Amazon Pay,Completado
PG-01526,C-001526,2025-06-02,1130.51,Transferencia,Completado
PG-01527,C-001527,2025-06-15,371.96,Efectivo,Completado
PG-01528,C-001528,2025-08-16,1268.91,Efectivo,Completado
PG-01529,C-001529,2025-07-19,1080.1,Transferencia,Pendiente
PG-01530,C-001530,2025-06-12,531.36,Transferencia,Completado
PG-01531,C-001531,2025-08-03,638.73,Tarjeta,Pendiente
PG-01532,C-001532,2025-07-18,342.79,Transferencia,Completado
PG-01533,C-001533,2025-06-24,1024.07,Amazon Pay,Completado
PG-01534,C-001534,2025-06-16,198.77,Tarjeta,Completado
PG-01535,C-001535,2025-07-09,533.29,PayPal,Completado
PG-01536,C-001536,2025-07-02,1362.37,Tarjeta,Completado
PG-01537,C-001537,2025-07-12,743.88,Transferencia,Completado
PG-01538,C-001538,2025-06-17,247.1,Tarjeta,Completado
PG-01539,C-001539,2025-07-27,294.11,PayPal,Completado
PG-01540,C-001540,2025-07-29,188.17,Tarjeta,Pendiente
PG-01541,C-001541,2025-06-21,193.5,Bizum,Completado
PG-01542,C-001542,2025-07-20,298.17,Transferencia,Completado
PG-01543,C-001543,2025-08-14,993.49,Transferencia,Completado
PG-01544,C-001544,2025-08-18,523.41,Tarjeta,Completado
PG-01545,C-001545,2025-07-20,1083.16,Tarjeta,Completado
PG-01546,C-001546,2025-07-14,76.48,PayPal,Completado
PG-01547,C-001547,2025-08-27,468.88,Transferencia,Completado
PG-01548,C-001548,2025-07-14,1017.37,Efectivo,Completado
PG-01549,C-001549,2025-06-06,362.46,Amazon Pay,Completado
PG-01550,C-001550,2025-08-07,550.78,Transferencia,Fallido
PG-01551,C-001551,2025-07-16,801.59,Efectivo,Pendiente
PG-01552,C-001552,2025-06-10,317.58,Tarjeta,Completado
PG-01553,C-001553,2025-06-27,146.57,Transferencia,Completado
PG-01554,C-001554,2025-08-02,575.25,Efectivo,Pendiente
PG-01555,C-001555,2025-06-20,697.58,Transferencia,Completado
PG-01556,C-001556,2025-06-14,611.4,Tarjeta,Completado
PG-01557,C-001557,2025-08-01,1544.4,Bizum,Completado
PG-01558,C-001558,2025-06-14,117.83,Transferencia,Completado
PG-01559,C-001559,2025-06-25,767.71,Efectivo,Completado
PG-01560,C-001560,2025-06-03,1313.34,Amazon Pay,Completado
PG-01561,C-001561,2025-08-03,436.25,Tarjeta,Fallido
PG-01562,C-001562,2025-07-03,497.18,Amazon Pay,Completado
PG-01563,C-001563,2025-07-19,1095.88,Efectivo,Completado
PG-01564,C-001564,2025-06-02,721.58,Amazon Pay,Completado
PG-01565,C-001565,2025-07-11,206.8,Tarjeta,Completado
PG-01566,C-001566,2025-08-11,664.96,Tarjeta,Completado
PG-01567,C-001567,2025-06-16,160.71,Transferencia,Fallido
PG-01568,C-001568,2025-06-08,482.46,PayPal,Completado
PG-01569,C-001569,2025-06-23,302.23,Tarjeta,Completado
PG-01570,C-001570,2025-06-25,786.21,Efectivo,Fallido
PG-01571,C-001571,2025-07-30,1161.57,Transferencia,Fallido
PG-01572,C-001572,2025-06-21,262.96,Tarjeta,Completado
PG-01573,C-001573,2025-08-04,576.02,Bizum,Completado
PG-01574,C-001574,2025-06-06,1101.12,Transferencia,Completado
PG-01575,C-001575,2025-06-22,372.8,Efectivo,Completado
PG-01576,C-001576,2025-07-19,1059.14,Tarjeta,Pendiente
PG-01577,C-001577,2025-08-16,696.49,Amazon Pay,Completado
PG-01578,C-001578,2025-07-28,567.74,Transferencia,Completado
PG-01579,C-001579,2025-06-02,35.76,Efectivo,Completado
PG-01580,C-001580,2025-06-21,719.0,PayPal,Completado
PG-01581,C-001581,2025-06-21,593.69,Transferencia,Completado
PG-01582,C-001582,2025-08-25,1083.57,Bizum,Completado
PG-01583,C-001583,2025-07-03,481.74,Transferencia,Completado
PG-01584,C-001584,2025-06-28,1127.93,Efectivo,Completado
PG-01585,C-001585,2025-07-09,2331.1,Transferencia,Completado
PG-01586,C-001586,2025-08-26,1006.13,Transferencia,Completado
PG-01587,C-001587,2025-07-13,254.52,Efectivo,Completado
PG-01588,C-001588,2025-07-08,1088.29,Transferencia,Completado
PG-01589,C-001589,2025-07-18,1169.19,Tarjeta,Completado
PG-01590,C-001590,2025-06-15,649.62,Tarjeta,Completado
PG-01591,C-001591,2025-06-12,23.0,Tarjeta,Completado
PG-01592,C-001592,2025-08-03,591.95,Transferencia,Completado
PG-01593,C-001593,2025-06-04,841.65,Tarjeta,Completado
PG-01594,C-001594,2025-07-02,982.63,Efectivo,Fallido
PG-01595,C-001595,2025-06-27,1637.1,Tarjeta,Pendiente
PG-01596,C-001596,2025-07-30,100.39,Tarjeta,Completado
PG-01597,C-001597,2025-08-21,134.11,Transferencia,Completado
PG-01598,C-001598,2025-07-19,910.84,Tarjeta,Completado
PG-01599,C-001599,2025-06-06,213.88,Amazon Pay,Completado
PG-01600,C-001600,2025-07-02,212.54,Transferencia,Completado
PG-01601,C-001601,2025-07-30,129.37,Tarjeta,Completado
PG-01602,C-001602,2025-07-08,229.88,Tarjeta,Completado
PG-01603,C-001603,2025-08-08,1423.13,Bizum,Completado
PG-01604,C-001604,2025-06-13,340.79,Transferencia,Fallido
PG-01605,C-001605,2025-07-08,436.43,Tarjeta,Completado
PG-01606,C-001606,2025-08-27,220.07,Tarjeta,Completado
PG-01607,C-001607,2025-07-27,765.88,Transferencia,Completado
PG-01608,C-001608,2025-07-31,551.31,Tarjeta,Completado
PG-01609,C-001609,2025-07-21,663.84,Efectivo,Completado
PG-01610,C-001610,2025-06-03,828.09,Efectivo,Completado
PG-01611,C-001611,2025-06-12,588.96,Tarjeta,Completado
PG-01612,C-001612,2025-08-23,167.05,Bizum,Completado
PG-01613,C-001613,2025-07-03,684.89,Bizum,Completado
PG-01614,C-001614,2025-08-15,729.24,Efectivo,Completado
PG-01615,C-001615,2025-07-21,43.55,Bizum,Completado
PG-01616,C-001616,2025-08-04,1148.43,Tarjeta,Completado
PG-01617,C-001617,2025-06-14,1083.6,Amazon Pay,Completado
PG-01618,C-001618,2025-07-06,954.84,Tarjeta,Completado
PG-01619,C-001619,2025-08-18,210.4,Transferencia,Completado
PG-01620,C-001620,2025-08-01,1056.91,Tarjeta,Completado
PG-01621,C-001621,2025-07-31,231.02,Transferencia,Completado
PG-01622,C-001622,2025-07-07,1486.84,Tarjeta,Completado
PG-01623,C-001623,2025-08-25,559.77,Tarjeta,Completado
PG-01624,C-001624,2025-08-26,638.24,Transferencia,Completado
PG-01625,C-001625,2025-07-11,440.31,Transferencia,Completado
PG-01626,C-001626,2025-06-12,975.14,Efectivo,Completado
PG-01627,C-001627,2025-06-05,414.9,Tarjeta,Completado
PG-01628,C-001628,2025-07-10,411.46,Tarjeta,Completado
PG-01629,C-001629,2025-07-10,567.73,Tarjeta,Completado
PG-01630,C-001630,2025-08-04,61.08,Tarjeta,Completado
PG-01631,C-001631,2025-08-13,694.28,Tarjeta,Completado
PG-01632,C-001632,2025-08-13,1313.0,Efectivo,Completado
PG-01633,C-001633,2025-07-21,1083.4,Tarjeta,Completado
PG-01634,C-001634,2025-08-24,861.07,Bizum,Pendiente
PG-01635,C-001635,2025-06-15,939.29,Transferencia,Completado
PG-01636,C-001636,2025-08-13,1107.85,Amazon Pay,Completado
PG-01637,C-001637,2025-07-27,1019.68,Tarjeta,Completado
PG-01638,C-001638,2025-08-27,121.91,Tarjeta,Completado
PG-01639,C-001639,2025-07-12,156.38,Bizum,Completado
PG-01640,C-001640,2025-08-16,464.75,Transferencia,Completado
PG-01641,C-001641,2025-07-05,318.73,Tarjeta,Completado
PG-01642,C-001642,2025-07-13,497.49,Tarjeta,Completado
PG-01643,C-001643,2025-08-10,711.11,Tarjeta,Completado
PG-01644,C-001644,2025-07-12,176.83,Amazon Pay,Completado
PG-01645,C-001645,2025-07-30,595.1,Transferencia,Completado
PG-01646,C-001646,2025-08-08,778.96,Tarjeta,Completado
PG-01647,C-001647,2025-06-03,118.36,Tarjeta,Completado
PG-01648,C-001648,2025-06-16,1042.46,Amazon Pay,Completado
PG-01649,C-001649,2025-07-03,501.99,Transferencia,Completado
PG-01650,C-001650,2025-06-27,642.48,Tarjeta,Completado
PG-01651,C-001651,2025-06-13,607.35,Transferencia,Completado
PG-01652,C-001652,2025-07-25,390.37,Efectivo,Completado
PG-01653,C-001653,2025-06-10,1053.93,PayPal,Fallido
PG-01654,C-001654,2025-07-14,415.95,Bizum,Completado
PG-01655,C-001655,2025-08-22,499.6,Tarjeta,Completado
PG-01656,C-001656,2025-08-16,383.7,Efectivo,Completado
PG-01657,C-001657,2025-07-04,114.11,Transferencia,Completado
PG-01658,C-001658,2025-07-23,541.98,Bizum,Completado
PG-01659,C-001659,2025-07-21,371.81,Tarjeta,Completado
PG-01660,C-001660,2025-06-24,1087.16,Transferencia,Completado
PG-01661,C-001661,2025-07-25,1175.52,Tarjeta,Completado
PG-01662,C-001662,2025-06-19,383.06,Transferencia,Completado
PG-01663,C-001663,2025-07-24,591.01,Transferencia,Completado
PG-01664,C-001664,2025-08-09,1245.32,PayPal,Completado
PG-01665,C-001665,2025-06-22,108.32,Tarjeta,Pendiente
PG-01666,C-001666,2025-08-06,116.4,Efectivo,Completado
PG-01667,C-001667,2025-06-08,354.64,Tarjeta,Completado
PG-01668,C-001668,2025-06-17,819.25,Tarjeta,Pendiente
PG-01669,C-001669,2025-07-09,270.03,PayPal,Completado
PG-01670,C-001670,2025-06-08,545.73,Transferencia,Completado
PG-01671,C-001671,2025-08-22,1044.58,Bizum,Completado
PG-01672,C-001672,2025-07-27,516.84,Transferencia,Completado
PG-01673,C-001673,2025-08-07,624.03,Tarjeta,Completado
PG-01674,C-001674,2025-07-13,346.33,Bizum,Completado
PG-01675,C-001675,2025-07-28,133.66,PayPal,Completado
PG-01676,C-001676,2025-08-08,455.24,Amazon Pay,Completado
PG-01677,C-001677,2025-06-08,791.33,Transferencia,Completado
PG-01678,C-001678,2025-07-16,616.5,Tarjeta,Completado
PG-01679,C-001679,2025-08-06,979.14,Tarjeta,Completado
PG-01680,C-001680,2025-08-05,600.62,Transferencia,Completado
PG-01681,C-001681,2025-07-12,1026.99,Tarjeta,Completado
PG-01682,C-001682,2025-07-08,1261.44,Transferencia,Completado
PG-01683,C-001683,2025-08-18,95.07,Bizum,Completado
PG-01684,C-001684,2025-07-07,140.07,Tarjeta,Completado
PG-01685,C-001685,2025-06-08,718.82,Amazon Pay,Completado
PG-01686,C-001686,2025-07-23,399.62,Efectivo,Pendiente
PG-01687,C-001687,2025-06-16,262.9,PayPal,Completado
PG-01688,C-001688,2025-06-05,509.39,Transferencia,Completado
PG-01689,C-001689,2025-06-09,293.88,Transferencia,Completado
PG-01690,C-001690,2025-07-30,432.55,Efectivo,Completado
PG-01691,C-001691,2025-08-24,202.65,PayPal,Completado
PG-01692,C-001692,2025-07-05,698.18,Amazon Pay,Pendiente
PG-01693,C-001693,2025-07-18,594.4,Amazon Pay,Completado
PG-01694,C-001694,2025-06-10,817.49,Tarjeta,Completado
PG-01695,C-001695,2025-07-13,493.56,Tarjeta,Completado
PG-01696,C-001696,2025-06-01,439.27,Transferencia,Completado
PG-01697,C-001697,2025-06-11,461.03,Transferencia,Completado
PG-01698,C-001698,2025-08-07,169.22,Efectivo,Pendiente
PG-01699,C-001699,2025-07-12,745.98,PayPal,Completado
PG-01700,C-001700,2025-07-04,589.43,Tarjeta,Pendiente
PG-01701,C-001701,2025-07-27,660.91,Bizum,Pendiente
PG-01702,C-001702,2025-06-16,467.54,Transferencia,Completado
PG-01703,C-001703,2025-08-28,199.78,PayPal,Completado
PG-01704,C-001704,2025-08-15,194.02,Tarjeta,Completado
PG-01705,C-001705,2025-07-18,1014.66,Amazon Pay,Completado
PG-01706,C-001706,2025-07-19,599.94,Transferencia,Completado
PG-01707,C-001707,2025-07-26,907.19,Tarjeta,Pendiente
PG-01708,C-001708,2025-07-04,1005.2,Efectivo,Completado
PG-01709,C-001709,2025-07-09,1889.98,Bizum,Completado
PG-01710,C-001710,2025-07-03,220.27,Transferencia,Completado
PG-01711,C-001711,2025-08-12,902.08,Amazon Pay,Completado
PG-01712,C-001712,2025-06-29,94.71,PayPal,Completado
PG-01713,C-001713,2025-06-13,928.54,Tarjeta,Completado
PG-01714,C-001714,2025-06-13,1327.69,PayPal,Completado
PG-01715,C-001715,2025-08-25,279.09,Transferencia,Pendiente
PG-01716,C-001716,2025-07-17,63.27,Transferencia,Completado
PG-01717,C-001717,2025-08-03,1739.35,Tarjeta,Completado
PG-01718,C-001718,2025-08-23,311.46,Bizum,Completado
PG-01719,C-001719,2025-08-16,37.29,PayPal,Completado
PG-01720,C-001720,2025-06-10,276.52,PayPal,Completado
PG-01721,C-001721,2025-07-09,754.84,Amazon Pay,Completado
PG-01722,C-001722,2025-07-27,730.26,Bizum,Completado
PG-01723,C-001723,2025-07-07,1127.35,Amazon Pay,Completado
PG-01724,C-001724,2025-06-29,556.4,Transferencia,Completado
PG-01725,C-001725,2025-07-27,324.38,Efectivo,Completado
PG-01726,C-001726,2025-08-13,945.18,Transferencia,Completado
PG-01727,C-001727,2025-07-05,587.18,Transferencia,Completado
PG-01728,C-001728,2025-08-17,800.15,Bizum,Completado
PG-01729,C-001729,2025-08-01,844.69,Efectivo,Completado
PG-01730,C-001730,2025-08-22,1212.39,Tarjeta,Completado
PG-01731,C-001731,2025-07-15,410.01,Tarjeta,Completado
PG-01732,C-001732,2025-08-18,1273.88,Amazon Pay,Completado
PG-01733,C-001733,2025-06-17,199.98,Tarjeta,Completado
PG-01734,C-001734,2025-07-20,221.2,Tarjeta,Fallido
PG-01735,C-001735,2025-08-19,677.59,Tarjeta,Completado
PG-01736,C-001736,2025-07-11,634.08,PayPal,Completado
PG-01737,C-001737,2025-07-29,330.84,PayPal,Completado
PG-01738,C-001738,2025-06-08,1390.3,Tarjeta,Completado
PG-01739,C-001739,2025-08-14,433.44,Tarjeta,Completado
PG-01740,C-001740,2025-08-07,595.5,Tarjeta,Completado
PG-01741,C-001741,2025-06-06,1706.78,Efectivo,Completado
PG-01742,C-001742,2025-07-16,893.55,Transferencia,Completado
PG-01743,C-001743,2025-06-29,1040.25,Transferencia,Completado
PG-01744,C-001744,2025-07-11,529.15,Tarjeta,Fallido
PG-01745,C-001745,2025-06-22,754.7,Tarjeta,Pendiente
PG-01746,C-001746,2025-06-15,531.68,Tarjeta,Completado
PG-01747,C-001747,2025-08-13,328.0,Transferencia,Pendiente
PG-01748,C-001748,2025-06-14,1009.16,Bizum,Completado
PG-01749,C-001749,2025-06-07,726.25,Transferencia,Completado
PG-01750,C-001750,2025-07-08,262.38,Transferencia,Pendiente
PG-01751,C-001751,2025-07-15,127.14,Bizum,Completado
PG-01752,C-001752,2025-07-13,597.06,Transferencia,Completado
PG-01753,C-001753,2025-07-23,622.32,Tarjeta,Completado
PG-01754,C-001754,2025-08-14,1047.69,Transferencia,Completado
PG-01755,C-001755,2025-06-15,192.47,Transferencia,Completado
PG-01756,C-001756,2025-06-11,1165.49,Efectivo,Completado
PG-01757,C-001757,2025-07-27,165.24,Transferencia,Completado
PG-01758,C-001758,2025-07-04,1279.05,Tarjeta,Completado
PG-01759,C-001759,2025-07-28,800.31,Tarjeta,Completado
PG-01760,C-001760,2025-06-19,96.24,PayPal,Completado
PG-01761,C-001761,2025-06-27,394.05,Tarjeta,Completado
PG-01762,C-001762,2025-08-12,16.62,Transferencia,Completado
PG-01763,C-001763,2025-08-09,869.75,Transferencia,Completado
PG-01764,C-001764,2025-07-06,480.95,Transferencia,Fallido
PG-01765,C-001765,2025-07-05,1055.03,Transferencia,Fallido
PG-01766,C-001766,2025-06-16,206.52,Tarjeta,Completado
PG-01767,C-001767,2025-06-29,433.14,PayPal,Completado
PG-01768,C-001768,2025-07-06,473.08,PayPal,Completado
PG-01769,C-001769,2025-07-11,309.28,PayPal,Pendiente
PG-01770,C-001770,2025-08-26,956.36,Transferencia,Completado
PG-01771,C-001771,2025-07-11,265.92,Amazon Pay,Completado
PG-01772,C-001772,2025-07-05,537.17,PayPal,Completado
PG-01773,C-001773,2025-07-17,228.15,Tarjeta,Completado
PG-01774,C-001774,2025-06-25,1370.18,Tarjeta,Completado
PG-01775,C-001775,2025-07-11,957.64,Amazon Pay,Completado
PG-01776,C-001776,2025-07-08,510.79,PayPal,Completado
PG-01777,C-001777,2025-07-27,465.45,Tarjeta,Completado
PG-01778,C-001778,2025-08-12,159.06,Tarjeta,Pendiente
PG-01779,C-001779,2025-08-08,362.88,Amazon Pay,Completado
PG-01780,C-001780,2025-06-29,574.07,PayPal,Pendiente
PG-01781,C-001781,2025-07-29,28.45,Bizum,Completado
PG-01782,C-001782,2025-07-30,860.0,Amazon Pay,Pendiente
PG-01783,C-001783,2025-06-24,53.17,Tarjeta,Completado
PG-01784,C-001784,2025-06-16,1386.22,Tarjeta,Completado
PG-01785,C-001785,2025-07-01,582.6,PayPal,Pendiente
PG-01786,C-001786,2025-07-31,21.93,Tarjeta,Completado
PG-01787,C-001787,2025-06-28,65.22,Transferencia,Completado
PG-01788,C-001788,2025-06-12,148.4,Tarjeta,Completado
PG-01789,C-001789,2025-07-19,451.96,Tarjeta,Completado
PG-01790,C-001790,2025-08-30,495.8,PayPal,Completado
PG-01791,C-001791,2025-06-23,460.03,Transferencia,Pendiente
PG-01792,C-001792,2025-07-09,1017.01,Efectivo,Completado
PG-01793,C-001793,2025-07-19,117.37,Transferencia,Completado
PG-01794,C-001794,2025-08-09,987.69,PayPal,Completado
PG-01795,C-001795,2025-06-27,964.17,PayPal,Completado
PG-01796,C-001796,2025-06-19,555.8,Bizum,Completado
PG-01797,C-001797,2025-07-14,2107.45,Efectivo,Completado
PG-01798,C-001798,2025-07-05,345.61,Transferencia,Completado
PG-01799,C-001799,2025-06-21,581.37,Tarjeta,Completado
PG-01800,C-001800,2025-06-29,161.84,Tarjeta,Completado
PG-01801,C-001801,2025-07-02,490.62,PayPal,Pendiente
PG-01802,C-001802,2025-06-14,913.22,Amazon Pay,Completado
PG-01803,C-001803,2025-06-24,449.46,Transferencia,Completado
PG-01804,C-001804,2025-06-27,330.45,Tarjeta,Completado
PG-01805,C-001805,2025-07-22,1552.06,Transferencia,Fallido
PG-01806,C-001806,2025-06-29,215.39,Transferencia,Completado
PG-01807,C-001807,2025-08-17,1390.49,Amazon Pay,Completado
PG-01808,C-001808,2025-07-10,772.93,Transferencia,Pendiente
PG-01809,C-001809,2025-07-12,48.02,Bizum,Completado
PG-01810,C-001810,2025-08-24,1534.63,Transferencia,Completado
PG-01811,C-001811,2025-08-08,161.7,Efectivo,Completado
PG-01812,C-001812,2025-07-25,1214.05,Tarjeta,Completado
PG-01813,C-001813,2025-06-15,1219.17,Tarjeta,Completado
PG-01814,C-001814,2025-08-03,14.16,Tarjeta,Pendiente
PG-01815,C-001815,2025-07-29,69.89,Transferencia,Fallido
PG-01816,C-001816,2025-06-13,940.87,Tarjeta,Fallido
PG-01817,C-001817,2025-07-01,751.25,Transferencia,Completado
PG-01818,C-001818,2025-06-18,458.56,PayPal,Completado
PG-01819,C-001819,2025-08-27,175.4,Tarjeta,Completado
PG-01820,C-001820,2025-08-26,27.29,Tarjeta,Completado
PG-01821,C-001821,2025-07-04,494.47,Amazon Pay,Completado
PG-01822,C-001822,2025-07-05,741.58,Tarjeta,Completado
PG-01823,C-001823,2025-08-26,152.94,Transferencia,Completado
PG-01824,C-001824,2025-08-14,691.3,Efectivo,Completado
PG-01825,C-001825,2025-08-05,1130.29,Bizum,Completado
PG-01826,C-001826,2025-07-13,738.84,Bizum,Completado
PG-01827,C-001827,2025-08-30,273.79,Tarjeta,Completado
PG-01828,C-001828,2025-07-18,83.19,Transferencia,Completado
PG-01829,C-001829,2025-06-02,935.38,Transferencia,Completado
PG-01830,C-001830,2025-07-05,1110.27,Transferencia,Completado
PG-01831,C-001831,2025-06-28,597.84,Tarjeta,Pendiente
PG-01832,C-001832,2025-08-10,1030.39,PayPal,Pendiente
PG-01833,C-001833,2025-08-26,843.9,Tarjeta,Completado
PG-01834,C-001834,2025-08-10,690.13,Amazon Pay,Completado
PG-01835,C-001835,2025-07-31,157.54,Efectivo,Completado
PG-01836,C-001836,2025-07-22,1147.79,Tarjeta,Completado
PG-01837,C-001837,2025-06-08,732.64,Efectivo,Completado
PG-01838,C-001838,2025-07-31,553.72,Tarjeta,Completado
PG-01839,C-001839,2025-07-17,1095.59,Transferencia,Completado
PG-01840,C-001840,2025-07-08,257.7,Efectivo,Completado
PG-01841,C-001841,2025-07-01,588.96,Tarjeta,Completado
PG-01842,C-001842,2025-06-02,846.58,Transferencia,Completado
PG-01843,C-001843,2025-08-11,112.12,PayPal,Completado
PG-01844,C-001844,2025-08-17,714.42,PayPal,Completado
PG-01845,C-001845,2025-08-27,169.02,Bizum,Completado
PG-01846,C-001846,2025-07-05,671.24,Bizum,Completado
PG-01847,C-001847,2025-08-25,1055.01,Transferencia,Completado
PG-01848,C-001848,2025-07-02,1278.85,Efectivo,Completado
PG-01849,C-001849,2025-07-30,629.97,Transferencia,Pendiente
PG-01850,C-001850,2025-07-10,1035.96,Transferencia,Fallido
PG-01851,C-001851,2025-07-06,887.96,Tarjeta,Completado
PG-01852,C-001852,2025-08-24,935.3,Tarjeta,Completado
PG-01853,C-001853,2025-05-31,221.01,Transferencia,Completado
PG-01854,C-001854,2025-07-16,455.48,Bizum,Completado
PG-01855,C-001855,2025-07-19,16.24,Tarjeta,Completado
PG-01856,C-001856,2025-07-02,430.69,Transferencia,Completado
PG-01857,C-001857,2025-08-08,403.2,Transferencia,Completado
PG-01858,C-001858,2025-07-10,588.17,Efectivo,Pendiente
PG-01859,C-001859,2025-06-18,777.42,Efectivo,Completado
PG-01860,C-001860,2025-06-07,368.18,Efectivo,Completado
PG-01861,C-001861,2025-07-01,667.48,Transferencia,Completado
PG-01862,C-001862,2025-08-27,129.08,Tarjeta,Completado
PG-01863,C-001863,2025-08-10,713.33,Tarjeta,Completado
PG-01864,C-001864,2025-07-03,163.84,Tarjeta,Completado
PG-01865,C-001865,2025-07-05,1202.92,Transferencia,Completado
PG-01866,C-001866,2025-08-25,310.5,PayPal,Completado
PG-01867,C-001867,2025-07-25,679.25,Bizum,Completado
PG-01868,C-001868,2025-08-01,1216.87,Efectivo,Completado
PG-01869,C-001869,2025-07-21,484.76,Transferencia,Completado
PG-01870,C-001870,2025-08-12,368.25,Amazon Pay,Completado
PG-01871,C-001871,2025-07-13,1210.02,Transferencia,Completado
PG-01872,C-001872,2025-06-26,538.45,Tarjeta,Completado
PG-01873,C-001873,2025-08-01,325.37,Tarjeta,Completado
PG-01874,C-001874,2025-07-31,704.91,Tarjeta,Completado
PG-01875,C-001875,2025-07-18,1285.61,Tarjeta,Completado
PG-01876,C-001876,2025-07-28,584.45,Tarjeta,Completado
PG-01877,C-001877,2025-07-12,886.46,Tarjeta,Completado
PG-01878,C-001878,2025-07-25,233.25,Transferencia,Completado
PG-01879,C-001879,2025-07-04,671.55,Tarjeta,Completado
PG-01880,C-001880,2025-07-07,766.89,Amazon Pay,Completado
PG-01881,C-001881,2025-06-28,238.94,Tarjeta,Completado
PG-01882,C-001882,2025-07-08,1304.97,Amazon Pay,Completado
PG-01883,C-001883,2025-08-07,419.65,Tarjeta,Completado
PG-01884,C-001884,2025-07-20,384.64,Bizum,Completado
PG-01885,C-001885,2025-06-23,626.18,Bizum,Completado
PG-01886,C-001886,2025-06-10,1449.58,Bizum,Completado
PG-01887,C-001887,2025-08-10,763.49,Tarjeta,Completado
PG-01888,C-001888,2025-07-25,900.11,Amazon Pay,Completado
PG-01889,C-001889,2025-06-08,1429.99,Tarjeta,Fallido
PG-01890,C-001890,2025-08-26,1673.43,Amazon Pay,Completado
PG-01891,C-001891,2025-08-17,583.57,Transferencia,Pendiente
PG-01892,C-001892,2025-06-03,893.48,Efectivo,Completado
PG-01893,C-001893,2025-06-24,519.11,Tarjeta,Completado
PG-01894,C-001894,2025-07-18,130.14,Transferencia,Completado
PG-01895,C-001895,2025-08-06,31.6,Efectivo,Completado
PG-01896,C-001896,2025-08-10,653.68,PayPal,Completado
PG-01897,C-001897,2025-08-09,526.76,Transferencia,Pendiente
PG-01898,C-001898,2025-08-10,668.74,Transferencia,Completado
PG-01899,C-001899,2025-06-02,100.2,Bizum,Completado
PG-01900,C-001900,2025-08-15,1264.57,Bizum,Completado
PG-01901,C-001901,2025-07-23,1140.14,Bizum,Completado
PG-01902,C-001902,2025-07-09,77.2,Tarjeta,Completado
PG-01903,C-001903,2025-07-17,952.18,Tarjeta,Completado
PG-01904,C-001904,2025-07-17,668.55,Tarjeta,Pendiente
PG-01905,C-001905,2025-07-15,712.2,Tarjeta,Completado
PG-01906,C-001906,2025-06-03,460.5,Tarjeta,Fallido
PG-01907,C-001907,2025-06-15,771.43,Tarjeta,Completado
PG-01908,C-001908,2025-08-01,334.26,Tarjeta,Completado
PG-01909,C-001909,2025-07-07,688.97,Tarjeta,Completado
PG-01910,C-001910,2025-06-23,115.17,Efectivo,Completado
PG-01911,C-001911,2025-08-01,1894.83,Transferencia,Completado
PG-01912,C-001912,2025-07-02,451.19,Transferencia,Completado
PG-01913,C-001913,2025-07-26,1328.42,Efectivo,Pendiente
PG-01914,C-001914,2025-08-23,456.72,Transferencia,Completado
PG-01915,C-001915,2025-07-23,1357.62,Efectivo,Completado
PG-01916,C-001916,2025-08-16,532.5,Transferencia,Completado
PG-01917,C-001917,2025-07-08,264.55,Bizum,Completado
PG-01918,C-001918,2025-06-11,1164.72,Transferencia,Completado
PG-01919,C-001919,2025-08-02,100.74,Transferencia,Completado
PG-01920,C-001920,2025-06-28,368.28,PayPal,Completado
PG-01921,C-001921,2025-06-02,96.59,Transferencia,Completado
PG-01922,C-001922,2025-08-21,1180.26,Transferencia,Completado
PG-01923,C-001923,2025-07-11,199.06,Transferencia,Pendiente
PG-01924,C-001924,2025-07-30,450.65,Transferencia,Completado
PG-01925,C-001925,2025-08-22,1030.31,Efectivo,Completado
PG-01926,C-001926,2025-07-31,706.57,Transferencia,Completado
PG-01927,C-001927,2025-06-15,1307.78,Tarjeta,Completado
PG-01928,C-001928,2025-07-09,474.96,Transferencia,Fallido
PG-01929,C-001929,2025-08-30,296.72,Tarjeta,Completado
PG-01930,C-001930,2025-07-06,643.72,Tarjeta,Completado
PG-01931,C-001931,2025-08-04,189.72,Tarjeta,Completado
PG-01932,C-001932,2025-07-22,935.12,Tarjeta,Completado
PG-01933,C-001933,2025-07-15,442.52,Tarjeta,Completado
PG-01934,C-001934,2025-08-28,424.18,Transferencia,Completado
PG-01935,C-001935,2025-06-11,648.02,Transferencia,Completado
PG-01936,C-001936,2025-06-24,429.71,Tarjeta,Completado
PG-01937,C-001937,2025-07-15,570.27,Transferencia,Pendiente
PG-01938,C-001938,2025-07-16,393.15,Bizum,Completado
PG-01939,C-001939,2025-07-17,175.84,Tarjeta,Fallido
PG-01940,C-001940,2025-07-20,1087.9,Transferencia,Completado
PG-01941,C-001941,2025-06-29,98.7,Tarjeta,Completado
PG-01942,C-001942,2025-08-19,2087.6,Transferencia,Completado
PG-01943,C-001943,2025-06-22,1705.58,Transferencia,Completado
PG-01944,C-001944,2025-06-25,216.13,PayPal,Completado
PG-01945,C-001945,2025-06-10,290.3,Efectivo,Completado
PG-01946,C-001946,2025-08-11,519.42,Tarjeta,Completado
PG-01947,C-001947,2025-06-05,414.19,Transferencia,Completado
PG-01948,C-001948,2025-07-27,301.66,Amazon Pay,Completado
PG-01949,C-001949,2025-06-09,475.79,Transferencia,Completado
PG-01950,C-001950,2025-07-12,712.05,Bizum,Completado
PG-01951,C-001951,2025-08-29,1024.32,PayPal,Completado
PG-01952,C-001952,2025-07-18,285.91,Transferencia,Completado
PG-01953,C-001953,2025-07-23,534.45,Transferencia,Completado
PG-01954,C-001954,2025-07-21,447.23,Transferencia,Completado
PG-01955,C-001955,2025-07-30,480.85,Transferencia,Completado
PG-01956,C-001956,2025-08-09,226.8,Amazon Pay,Completado
PG-01957,C-001957,2025-08-02,200.83,Transferencia,Completado
PG-01958,C-001958,2025-08-14,445.6,Amazon Pay,Completado
PG-01959,C-001959,2025-06-04,477.29,PayPal,Completado
PG-01960,C-001960,2025-08-24,617.12,Tarjeta,Fallido
PG-01961,C-001961,2025-08-27,1599.1,Tarjeta,Completado
PG-01962,C-001962,2025-07-31,1250.01,Tarjeta,Completado
PG-01963,C-001963,2025-06-07,1485.51,PayPal,Pendiente
PG-01964,C-001964,2025-07-24,702.43,Amazon Pay,Completado
PG-01965,C-001965,2025-06-15,749.8,Tarjeta,Completado
PG-01966,C-001966,2025-06-23,722.87,Tarjeta,Completado
PG-01967,C-001967,2025-07-14,1558.91,PayPal,Completado
PG-01968,C-001968,2025-05-31,742.82,PayPal,Completado
PG-01969,C-001969,2025-07-18,577.56,PayPal,Pendiente
PG-01970,C-001970,2025-06-22,779.07,Tarjeta,Completado
PG-01971,C-001971,2025-06-09,1155.93,Tarjeta,Completado
PG-01972,C-001972,2025-07-17,375.52,Transferencia,Completado
PG-01973,C-001973,2025-07-01,83.35,Transferencia,Completado
PG-01974,C-001974,2025-06-21,580.49,Tarjeta,Completado
PG-01975,C-001975,2025-07-02,884.98,Tarjeta,Completado
PG-01976,C-001976,2025-06-07,63.66,Bizum,Completado
PG-01977,C-001977,2025-06-01,205.3,Transferencia,Pendiente
PG-01978,C-001978,2025-07-28,795.31,Tarjeta,Pendiente
PG-01979,C-001979,2025-06-08,654.52,Transferencia,Completado
PG-01980,C-001980,2025-08-27,1653.98,Tarjeta,Completado
PG-01981,C-001981,2025-06-23,909.77,PayPal,Completado
PG-01982,C-001982,2025-06-12,777.22,PayPal,Completado
PG-01983,C-001983,2025-06-07,625.31,Tarjeta,Completado
PG-01984,C-001984,2025-06-18,431.48,Efectivo,Completado
PG-01985,C-001985,2025-07-24,882.61,Tarjeta,Completado
PG-01986,C-001986,2025-06-27,845.76,Tarjeta,Completado
PG-01987,C-001987,2025-06-10,297.01,Amazon Pay,Completado
PG-01988,C-001988,2025-08-09,2412.19,Tarjeta,Completado
PG-01989,C-001989,2025-07-27,346.61,Tarjeta,Completado
PG-01990,C-001990,2025-06-02,686.72,Tarjeta,Completado
PG-01991,C-001991,2025-07-06,1229.23,Bizum,Completado
PG-01992,C-001992,2025-07-13,545.86,Tarjeta,Completado
PG-01993,C-001993,2025-08-21,1181.99,Transferencia,Completado
PG-01994,C-001994,2025-08-07,433.68,Amazon Pay,Completado
PG-01995,C-001995,2025-07-04,570.06,Bizum,Completado
PG-01996,C-001996,2025-06-12,566.32,Efectivo,Completado
PG-01997,C-001997,2025-07-18,530.96,PayPal,Completado
PG-01998,C-001998,2025-07-16,1040.31,Transferencia,Fallido
PG-01999,C-001999,2025-07-16,260.35,Transferencia,Completado
PG-02000,C-002000,2025-08-10,191.72,Tarjeta,Completado
PG-02001,C-002001,2025-06-21,889.24,PayPal,Completado
PG-02002,C-002002,2025-06-02,174.25,Transferencia,Completado
PG-02003,C-002003,2025-06-01,72.59,Tarjeta,Completado
PG-02004,C-002004,2025-06-28,1038.44,Transferencia,Completado
PG-02005,C-002005,2025-06-13,338.13,Tarjeta,Completado
PG-02006,C-002006,2025-06-09,823.39,Transferencia,Fallido
PG-02007,C-002007,2025-06-20,880.96,Transferencia,Completado
PG-02008,C-002008,2025-07-02,304.8,Tarjeta,Completado
PG-02009,C-002009,2025-06-12,102.44,Tarjeta,Completado
PG-02010,C-002010,2025-08-27,748.65,Transferencia,Completado
PG-02011,C-002011,2025-08-25,321.81,Amazon Pay,Completado
PG-02012,C-002012,2025-06-18,198.11,Transferencia,Completado
PG-02013,C-002013,2025-06-14,780.58,Tarjeta,Completado
PG-02014,C-002014,2025-06-17,1824.4,Amazon Pay,Completado
PG-02015,C-002015,2025-07-30,693.88,Transferencia,Completado
PG-02016,C-002016,2025-08-10,211.34,Tarjeta,Completado
PG-02017,C-002017,2025-06-26,801.95,Tarjeta,Completado
PG-02018,C-002018,2025-06-02,908.29,PayPal,Completado
PG-02019,C-002019,2025-07-31,996.07,Amazon Pay,Pendiente
PG-02020,C-002020,2025-08-01,75.43,Bizum,Completado
PG-02021,C-002021,2025-07-29,308.69,PayPal,Completado
PG-02022,C-002022,2025-07-19,824.07,Transferencia,Pendiente
PG-02023,C-002023,2025-06-28,874.51,Tarjeta,Completado
PG-02024,C-002024,2025-06-23,753.61,Tarjeta,Completado
PG-02025,C-002025,2025-08-26,473.96,Transferencia,Completado
PG-02026,C-002026,2025-07-27,844.26,PayPal,Completado
PG-02027,C-002027,2025-08-05,439.82,Transferencia,Completado
PG-02028,C-002028,2025-08-01,937.4,Efectivo,Pendiente
PG-02029,C-002029,2025-07-10,473.57,Bizum,Completado
PG-02030,C-002030,2025-06-14,456.78,Efectivo,Completado
PG-02031,C-002031,2025-08-22,1055.49,Tarjeta,Completado
PG-02032,C-002032,2025-06-03,1403.45,Transferencia,Completado
PG-02033,C-002033,2025-07-15,314.55,Transferencia,Completado
PG-02034,C-002034,2025-06-25,918.76,Transferencia,Completado
PG-02035,C-002035,2025-06-23,278.67,Transferencia,Fallido
PG-02036,C-002036,2025-07-24,695.84,Bizum,Completado
PG-02037,C-002037,2025-07-01,641.38,Tarjeta,Completado
PG-02038,C-002038,2025-07-27,463.38,Bizum,Completado
PG-02039,C-002039,2025-07-27,471.48,Tarjeta,Pendiente
PG-02040,C-002040,2025-07-10,337.95,Transferencia,Completado
PG-02041,C-002041,2025-06-22,883.94,Amazon Pay,Completado
PG-02042,C-002042,2025-07-14,898.06,Amazon Pay,Completado
PG-02043,C-002043,2025-06-11,268.83,Bizum,Completado
PG-02044,C-002044,2025-06-10,33.21,Tarjeta,Completado
PG-02045,C-002045,2025-07-17,110.75,Tarjeta,Pendiente
PG-02046,C-002046,2025-07-26,1121.49,Bizum,Completado
PG-02047,C-002047,2025-08-05,1136.6,Transferencia,Completado
PG-02048,C-002048,2025-08-02,722.08,Transferencia,Completado
PG-02049,C-002049,2025-06-04,90.88,Amazon Pay,Pendiente
PG-02050,C-002050,2025-06-29,263.34,Efectivo,Completado
PG-02051,C-002051,2025-06-26,1443.38,Tarjeta,Completado
PG-02052,C-002052,2025-08-23,489.93,Amazon Pay,Completado
PG-02053,C-002053,2025-07-02,1574.67,Transferencia,Completado
PG-02054,C-002054,2025-06-18,977.88,Tarjeta,Completado
PG-02055,C-002055,2025-06-19,788.12,Tarjeta,Completado
PG-02056,C-002056,2025-06-05,659.88,Tarjeta,Completado
PG-02057,C-002057,2025-08-02,362.52,Transferencia,Completado
PG-02058,C-002058,2025-08-21,827.04,PayPal,Fallido
PG-02059,C-002059,2025-06-10,823.3,Tarjeta,Completado
PG-02060,C-002060,2025-05-31,137.81,Tarjeta,Completado
PG-02061,C-002061,2025-06-02,532.68,Efectivo,Completado
PG-02062,C-002062,2025-06-21,610.4,Transferencia,Completado
PG-02063,C-002063,2025-06-17,266.48,PayPal,Completado
PG-02064,C-002064,2025-07-29,1155.41,Bizum,Completado
PG-02065,C-002065,2025-07-06,1200.81,Tarjeta,Pendiente
PG-02066,C-002066,2025-07-25,268.58,Tarjeta,Pendiente
PG-02067,C-002067,2025-07-18,572.37,Transferencia,Completado
PG-02068,C-002068,2025-08-07,412.84,Transferencia,Completado
PG-02069,C-002069,2025-08-29,792.35,Tarjeta,Completado
PG-02070,C-002070,2025-08-06,1063.82,PayPal,Pendiente
PG-02071,C-002071,2025-08-20,686.99,Tarjeta,Completado
PG-02072,C-002072,2025-06-23,1037.18,Transferencia,Completado
PG-02073,C-002073,2025-08-13,190.96,Tarjeta,Completado
PG-02074,C-002074,2025-06-19,1214.97,Transferencia,Fallido
PG-02075,C-002075,2025-08-06,2.74,Tarjeta,Completado
PG-02076,C-002076,2025-06-01,1267.06,Tarjeta,Pendiente
PG-02077,C-002077,2025-07-13,239.45,Tarjeta,Completado
PG-02078,C-002078,2025-07-16,1970.41,Bizum,Completado
PG-02079,C-002079,2025-06-03,144.84,Transferencia,Completado
PG-02080,C-002080,2025-07-27,618.92,Tarjeta,Completado
PG-02081,C-002081,2025-07-28,852.54,Tarjeta,Pendiente
PG-02082,C-002082,2025-07-20,546.6,Transferencia,Completado
PG-02083,C-002083,2025-07-06,344.83,Efectivo,Completado
PG-02084,C-002084,2025-07-04,669.31,Tarjeta,Fallido
PG-02085,C-002085,2025-07-14,597.2,Transferencia,Completado
PG-02086,C-002086,2025-08-17,363.52,Bizum,Completado
PG-02087,C-002087,2025-08-18,784.95,Tarjeta,Completado
PG-02088,C-002088,2025-07-14,404.32,Amazon Pay,Completado
PG-02089,C-002089,2025-08-24,487.25,Tarjeta,Completado
PG-02090,C-002090,2025-07-16,1071.61,Amazon Pay,Completado
PG-02091,C-002091,2025-07-30,861.52,Amazon Pay,Completado
PG-02092,C-002092,2025-08-17,299.79,Transferencia,Completado
PG-02093,C-002093,2025-08-15,887.0,Transferencia,Fallido
PG-02094,C-002094,2025-06-15,1110.05,Tarjeta,Completado
PG-02095,C-002095,2025-07-31,723.78,Efectivo,Completado
PG-02096,C-002096,2025-06-04,415.18,Tarjeta,Pendiente
PG-02097,C-002097,2025-07-07,1082.52,Tarjeta,Completado
PG-02098,C-002098,2025-06-21,514.04,Transferencia,Completado
PG-02099,C-002099,2025-06-19,673.8,Amazon Pay,Completado
PG-02100,C-002100,2025-06-30,148.68,Tarjeta,Completado
PG-02101,C-002101,2025-06-19,170.92,Transferencia,Completado
PG-02102,C-002102,2025-07-23,1082.94,Transferencia,Completado
PG-02103,C-002103,2025-08-15,482.58,Transferencia,Completado
PG-02104,C-002104,2025-08-19,649.78,Transferencia,Completado
PG-02105,C-002105,2025-06-01,118.04,Tarjeta,Fallido
PG-02106,C-002106,2025-08-25,422.06,Transferencia,Completado
PG-02107,C-002107,2025-07-17,141.69,Transferencia,Completado
PG-02108,C-002108,2025-06-27,751.6,Amazon Pay,Completado
PG-02109,C-002109,2025-07-16,386.55,Transferencia,Completado
PG-02110,C-002110,2025-08-16,657.47,Tarjeta,Completado
PG-02111,C-002111,2025-08-01,810.11,Tarjeta,Fallido
PG-02112,C-002112,2025-08-15,119.79,Transferencia,Completado
PG-02113,C-002113,2025-07-29,1432.77,Tarjeta,Completado
PG-02114,C-002114,2025-07-03,187.6,PayPal,Completado
PG-02115,C-002115,2025-06-03,383.52,Transferencia,Completado
PG-02116,C-002116,2025-06-16,340.95,Transferencia,Completado
PG-02117,C-002117,2025-07-18,1414.91,Efectivo,Fallido
PG-02118,C-002118,2025-07-25,1119.11,Tarjeta,Completado
PG-02119,C-002119,2025-07-17,269.77,Tarjeta,Completado
PG-02120,C-002120,2025-06-02,308.92,Transferencia,Completado
PG-02121,C-002121,2025-08-23,570.95,Efectivo,Fallido
PG-02122,C-002122,2025-07-26,297.06,Efectivo,Completado
PG-02123,C-002123,2025-08-03,599.22,Transferencia,Completado
PG-02124,C-002124,2025-07-26,60.56,Efectivo,Completado
PG-02125,C-002125,2025-08-07,463.64,PayPal,Completado
PG-02126,C-002126,2025-06-20,83.74,Transferencia,Completado
PG-02127,C-002127,2025-06-30,434.6,Tarjeta,Completado
PG-02128,C-002128,2025-06-27,1414.33,Tarjeta,Completado
PG-02129,C-002129,2025-06-22,990.61,Tarjeta,Completado
PG-02130,C-002130,2025-08-27,573.15,PayPal,Completado
PG-02131,C-002131,2025-08-01,792.23,Transferencia,Completado
PG-02132,C-002132,2025-06-22,80.88,Transferencia,Fallido
PG-02133,C-002133,2025-06-25,160.7,Bizum,Completado
PG-02134,C-002134,2025-06-05,68.82,Transferencia,Completado
PG-02135,C-002135,2025-08-26,661.06,Tarjeta,Completado
PG-02136,C-002136,2025-08-21,1091.06,Amazon Pay,Completado
PG-02137,C-002137,2025-08-14,1219.57,Transferencia,Pendiente
PG-02138,C-002138,2025-07-14,99.23,Efectivo,Completado
PG-02139,C-002139,2025-06-09,651.04,Transferencia,Completado
PG-02140,C-002140,2025-07-24,1276.9,PayPal,Completado
PG-02141,C-002141,2025-06-27,619.85,PayPal,Completado
PG-02142,C-002142,2025-07-10,548.67,PayPal,Completado
PG-02143,C-002143,2025-07-04,1087.3,Tarjeta,Completado
PG-02144,C-002144,2025-06-24,206.9,Tarjeta,Completado
PG-02145,C-002145,2025-07-25,189.6,Transferencia,Completado
PG-02146,C-002146,2025-06-29,135.96,Bizum,Completado
PG-02147,C-002147,2025-06-01,540.09,Transferencia,Completado
PG-02148,C-002148,2025-08-18,1669.97,Efectivo,Completado
PG-02149,C-002149,2025-08-27,289.68,Tarjeta,Pendiente
PG-02150,C-002150,2025-07-01,1139.46,Amazon Pay,Completado
PG-02151,C-002151,2025-06-10,281.15,Tarjeta,Completado
PG-02152,C-002152,2025-06-28,726.69,Transferencia,Completado
PG-02153,C-002153,2025-07-28,122.3,Tarjeta,Completado
PG-02154,C-002154,2025-07-19,23.6,Transferencia,Completado
PG-02155,C-002155,2025-06-25,674.34,Tarjeta,Completado
PG-02156,C-002156,2025-06-22,260.51,Efectivo,Completado
PG-02157,C-002157,2025-06-14,673.14,Transferencia,Completado
PG-02158,C-002158,2025-07-11,19.37,Transferencia,Pendiente
PG-02159,C-002159,2025-07-17,507.25,Transferencia,Pendiente
PG-02160,C-002160,2025-08-12,539.92,Tarjeta,Pendiente
PG-02161,C-002161,2025-06-05,476.09,Transferencia,Completado
PG-02162,C-002162,2025-07-22,603.63,Transferencia,Pendiente
PG-02163,C-002163,2025-08-29,318.01,Transferencia,Completado
PG-02164,C-002164,2025-07-24,700.59,Transferencia,Completado
PG-02165,C-002165,2025-07-03,136.44,Transferencia,Completado
PG-02166,C-002166,2025-07-04,1212.76,Bizum,Completado
PG-02167,C-002167,2025-07-28,1069.97,Transferencia,Completado
PG-02168,C-002168,2025-08-01,307.84,Bizum,Completado
PG-02169,C-002169,2025-06-28,1693.2,Tarjeta,Completado
PG-02170,C-002170,2025-06-20,1213.86,PayPal,Fallido
PG-02171,C-002171,2025-06-01,832.45,Tarjeta,Completado
PG-02172,C-002172,2025-06-06,66.7,Transferencia,Completado
PG-02173,C-002173,2025-06-23,208.74,Tarjeta,Completado
PG-02174,C-002174,2025-07-17,632.56,Transferencia,Completado
PG-02175,C-002175,2025-06-23,408.07,Tarjeta,Completado
PG-02176,C-002176,2025-06-17,368.51,Efectivo,Pendiente
PG-02177,C-002177,2025-08-17,375.57,Efectivo,Completado
PG-02178,C-002178,2025-07-02,1305.35,Transferencia,Completado
PG-02179,C-002179,2025-06-08,131.95,Efectivo,Pendiente
PG-02180,C-002180,2025-07-13,349.92,Tarjeta,Completado
PG-02181,C-002181,2025-06-16,375.99,Tarjeta,Completado
PG-02182,C-002182,2025-07-19,680.65,Tarjeta,Completado
PG-02183,C-002183,2025-07-29,573.65,Tarjeta,Completado
PG-02184,C-002184,2025-08-03,543.12,Transferencia,Completado
PG-02185,C-002185,2025-07-16,1240.64,Tarjeta,Completado
PG-02186,C-002186,2025-07-04,586.51,Bizum,Fallido
PG-02187,C-002187,2025-08-21,320.24,Bizum,Completado
PG-02188,C-002188,2025-07-17,222.27,Transferencia,Completado
PG-02189,C-002189,2025-08-05,1007.5,Amazon Pay,Completado
PG-02190,C-002190,2025-06-15,103.0,Transferencia,Completado
PG-02191,C-002191,2025-08-04,108.36,Transferencia,Pendiente
PG-02192,C-002192,2025-07-11,564.91,PayPal,Completado
PG-02193,C-002193,2025-06-22,749.24,Tarjeta,Completado
PG-02194,C-002194,2025-06-07,1182.48,Transferencia,Completado
PG-02195,C-002195,2025-08-09,209.46,Tarjeta,Completado
PG-02196,C-002196,2025-07-17,103.19,PayPal,Completado
PG-02197,C-002197,2025-06-22,154.5,Tarjeta,Completado
PG-02198,C-002198,2025-06-24,182.47,Transferencia,Completado
PG-02199,C-002199,2025-06-11,126.5,Bizum,Completado
PG-02200,C-002200,2025-08-16,60.14,Efectivo,Completado
PG-02201,C-002201,2025-07-30,687.24,Efectivo,Completado
PG-02202,C-002202,2025-08-25,254.67,Tarjeta,Completado
PG-02203,C-002203,2025-06-12,227.71,Efectivo,Completado
PG-02204,C-002204,2025-07-14,775.73,Tarjeta,Completado
PG-02205,C-002205,2025-08-03,128.59,Transferencia,Completado
PG-02206,C-002206,2025-07-03,479.93,Tarjeta,Completado
PG-02207,C-002207,2025-07-25,313.61,Tarjeta,Completado
PG-02208,C-002208,2025-08-24,760.38,Efectivo,Fallido
PG-02209,C-002209,2025-07-18,129.26,Tarjeta,Fallido
PG-02210,C-002210,2025-08-08,457.82,Transferencia,Completado
PG-02211,C-002211,2025-06-09,878.76,Tarjeta,Completado
PG-02212,C-002212,2025-06-06,465.93,Amazon Pay,Completado
PG-02213,C-002213,2025-06-04,1479.35,PayPal,Completado
PG-02214,C-002214,2025-06-17,585.61,Tarjeta,Fallido
PG-02215,C-002215,2025-08-09,146.52,Transferencia,Completado
PG-02216,C-002216,2025-08-25,243.73,Tarjeta,Completado
PG-02217,C-002217,2025-07-28,936.31,Transferencia,Fallido
PG-02218,C-002218,2025-08-22,84.38,Transferencia,Fallido
PG-02219,C-002219,2025-06-22,815.16,Tarjeta,Completado
PG-02220,C-002220,2025-08-28,308.1,Bizum,Completado
PG-02221,C-002221,2025-08-10,972.7,Efectivo,Completado
PG-02222,C-002222,2025-08-03,184.1,Transferencia,Pendiente
PG-02223,C-002223,2025-07-29,761.13,Tarjeta,Completado
PG-02224,C-002224,2025-07-15,249.42,Tarjeta,Pendiente
PG-02225,C-002225,2025-07-13,876.27,Bizum,Completado
PG-02226,C-002226,2025-07-18,165.76,Tarjeta,Completado
PG-02227,C-002227,2025-07-28,383.15,PayPal,Completado
PG-02228,C-002228,2025-07-29,325.56,PayPal,Completado
PG-02229,C-002229,2025-08-11,555.03,Transferencia,Pendiente
PG-02230,C-002230,2025-08-16,149.18,Tarjeta,Completado
PG-02231,C-002231,2025-06-20,129.86,Tarjeta,Fallido
PG-02232,C-002232,2025-08-27,586.56,Transferencia,Completado
PG-02233,C-002233,2025-07-06,489.64,Transferencia,Completado
PG-02234,C-002234,2025-07-14,428.41,Bizum,Pendiente
PG-02235,C-002235,2025-06-27,432.4,Tarjeta,Pendiente
PG-02236,C-002236,2025-06-15,559.7,Transferencia,Completado
PG-02237,C-002237,2025-08-06,479.68,Tarjeta,Completado
PG-02238,C-002238,2025-08-26,726.8,Tarjeta,Pendiente
PG-02239,C-002239,2025-06-19,1509.91,Transferencia,Completado
PG-02240,C-002240,2025-07-05,1308.59,Transferencia,Completado
PG-02241,C-002241,2025-06-22,995.52,Transferencia,Completado
PG-02242,C-002242,2025-06-28,309.09,Efectivo,Completado
PG-02243,C-002243,2025-07-14,456.96,Efectivo,Completado
PG-02244,C-002244,2025-07-09,713.99,PayPal,Completado
PG-02245,C-002245,2025-07-19,395.07,Transferencia,Completado
PG-02246,C-002246,2025-06-14,1141.08,Bizum,Completado
PG-02247,C-002247,2025-07-15,359.96,Tarjeta,Completado
PG-02248,C-002248,2025-08-03,817.21,Transferencia,Completado
PG-02249,C-002249,2025-06-08,584.32,Transferencia,Completado
PG-02250,C-002250,2025-06-26,452.72,Tarjeta,Completado
PG-02251,C-002251,2025-08-20,333.9,Transferencia,Completado
PG-02252,C-002252,2025-06-28,121.98,Transferencia,Completado
PG-02253,C-002253,2025-08-10,1029.42,Transferencia,Fallido
PG-02254,C-002254,2025-07-12,610.6,Tarjeta,Completado
PG-02255,C-002255,2025-08-22,259.78,Bizum,Completado
PG-02256,C-002256,2025-07-28,714.44,Transferencia,Completado
PG-02257,C-002257,2025-08-04,263.46,Tarjeta,Completado
PG-02258,C-002258,2025-08-02,370.16,Bizum,Pendiente
PG-02259,C-002259,2025-07-02,521.16,Tarjeta,Completado
PG-02260,C-002260,2025-08-20,1120.01,Tarjeta,Pendiente
PG-02261,C-002261,2025-08-27,1229.44,Transferencia,Pendiente
PG-02262,C-002262,2025-08-14,850.59,Efectivo,Completado
PG-02263,C-002263,2025-06-05,1727.68,PayPal,Completado
PG-02264,C-002264,2025-06-28,1014.33,Tarjeta,Completado
PG-02265,C-002265,2025-08-06,346.43,Bizum,Completado
PG-02266,C-002266,2025-06-05,476.85,Bizum,Pendiente
PG-02267,C-002267,2025-07-13,592.45,Efectivo,Completado
PG-02268,C-002268,2025-08-23,608.55,PayPal,Completado
PG-02269,C-002269,2025-06-16,615.9,Efectivo,Completado
PG-02270,C-002270,2025-08-20,555.54,Amazon Pay,Completado
PG-02271,C-002271,2025-08-18,1762.35,Tarjeta,Completado
PG-02272,C-002272,2025-08-25,639.2,Bizum,Completado
PG-02273,C-002273,2025-06-29,639.82,Bizum,Completado
PG-02274,C-002274,2025-06-16,95.13,Tarjeta,Completado
PG-02275,C-002275,2025-07-29,1109.72,Transferencia,Completado
PG-02276,C-002276,2025-07-10,517.63,PayPal,Completado
PG-02277,C-002277,2025-06-08,76.18,Tarjeta,Completado
PG-02278,C-002278,2025-07-23,719.77,Tarjeta,Completado
PG-02279,C-002279,2025-08-07,329.53,Tarjeta,Completado
PG-02280,C-002280,2025-07-05,418.51,Bizum,Completado
PG-02281,C-002281,2025-08-23,704.28,Transferencia,Completado
PG-02282,C-002282,2025-06-01,405.02,PayPal,Completado
PG-02283,C-002283,2025-08-26,347.13,Amazon Pay,Completado
PG-02284,C-002284,2025-06-14,727.97,Amazon Pay,Completado
PG-02285,C-002285,2025-07-05,336.08,PayPal,Completado
PG-02286,C-002286,2025-07-27,1178.34,Amazon Pay,Pendiente
PG-02287,C-002287,2025-08-08,1049.27,Amazon Pay,Completado
PG-02288,C-002288,2025-08-26,35.5,Efectivo,Completado
PG-02289,C-002289,2025-07-10,1548.28,Tarjeta,Completado
PG-02290,C-002290,2025-07-15,805.41,PayPal,Completado
PG-02291,C-002291,2025-06-24,575.15,Tarjeta,Pendiente
PG-02292,C-002292,2025-06-19,1035.92,Tarjeta,Pendiente
PG-02293,C-002293,2025-08-03,210.3,PayPal,Completado
PG-02294,C-002294,2025-07-03,524.67,Transferencia,Completado
PG-02295,C-002295,2025-08-05,1042.5,Efectivo,Completado
PG-02296,C-002296,2025-08-12,127.85,Transferencia,Completado
PG-02297,C-002297,2025-08-10,615.89,Transferencia,Completado
PG-02298,C-002298,2025-06-16,162.54,Bizum,Completado
PG-02299,C-002299,2025-06-13,291.19,Tarjeta,Completado
PG-02300,C-002300,2025-06-29,778.37,Transferencia,Completado
PG-02301,C-002301,2025-08-28,970.01,Bizum,Pendiente
PG-02302,C-002302,2025-07-14,529.79,Transferencia,Completado
PG-02303,C-002303,2025-08-25,994.61,PayPal,Pendiente
PG-02304,C-002304,2025-06-08,683.53,Tarjeta,Completado
PG-02305,C-002305,2025-07-21,1184.67,Tarjeta,Completado
PG-02306,C-002306,2025-08-12,560.8,Bizum,Completado
PG-02307,C-002307,2025-06-13,717.77,Tarjeta,Fallido
PG-02308,C-002308,2025-06-05,428.66,Tarjeta,Completado
PG-02309,C-002309,2025-08-11,1244.51,Transferencia,Completado
PG-02310,C-002310,2025-08-23,68.61,Transferencia,Pendiente
PG-02311,C-002311,2025-06-26,137.88,Bizum,Completado
PG-02312,C-002312,2025-08-13,859.9,Amazon Pay,Completado
PG-02313,C-002313,2025-07-18,872.27,Amazon Pay,Pendiente
PG-02314,C-002314,2025-08-14,978.57,Transferencia,Fallido
PG-02315,C-002315,2025-06-23,888.44,Tarjeta,Completado
PG-02316,C-002316,2025-08-21,734.74,Transferencia,Completado
PG-02317,C-002317,2025-07-25,689.76,Transferencia,Completado
PG-02318,C-002318,2025-06-30,424.7,Transferencia,Completado
PG-02319,C-002319,2025-07-25,884.52,Amazon Pay,Completado
PG-02320,C-002320,2025-08-11,537.29,Transferencia,Completado
PG-02321,C-002321,2025-08-27,338.34,Tarjeta,Completado
PG-02322,C-002322,2025-07-04,633.55,PayPal,Completado
PG-02323,C-002323,2025-06-24,311.75,Amazon Pay,Completado
PG-02324,C-002324,2025-07-18,576.26,Tarjeta,Completado
PG-02325,C-002325,2025-06-05,137.96,Transferencia,Completado
PG-02326,C-002326,2025-07-11,404.27,PayPal,Completado
PG-02327,C-002327,2025-07-08,965.49,Tarjeta,Completado
PG-02328,C-002328,2025-07-09,76.22,PayPal,Completado
PG-02329,C-002329,2025-06-17,61.65,Transferencia,Completado
PG-02330,C-002330,2025-06-04,69.28,Transferencia,Completado
PG-02331,C-002331,2025-08-12,415.4,Tarjeta,Completado
PG-02332,C-002332,2025-06-30,494.39,PayPal,Completado
PG-02333,C-002333,2025-07-14,328.55,Tarjeta,Completado
PG-02334,C-002334,2025-07-09,251.3,Tarjeta,Completado
PG-02335,C-002335,2025-08-25,1008.15,Transferencia,Completado
PG-02336,C-002336,2025-06-26,465.27,Efectivo,Completado
PG-02337,C-002337,2025-08-01,312.88,Amazon Pay,Completado
PG-02338,C-002338,2025-08-25,15.57,Transferencia,Completado
PG-02339,C-002339,2025-08-07,798.03,Efectivo,Completado
PG-02340,C-002340,2025-08-18,932.42,Amazon Pay,Completado
PG-02341,C-002341,2025-08-20,274.88,Bizum,Completado
PG-02342,C-002342,2025-08-09,878.05,Bizum,Completado
PG-02343,C-002343,2025-08-10,2.85,Transferencia,Completado
PG-02344,C-002344,2025-08-25,366.25,Transferencia,Fallido
PG-02345,C-002345,2025-06-15,728.58,Efectivo,Completado
PG-02346,C-002346,2025-06-25,1149.4,PayPal,Completado
PG-02347,C-002347,2025-06-16,447.5,Bizum,Completado
PG-02348,C-002348,2025-08-27,145.58,Amazon Pay,Completado
PG-02349,C-002349,2025-08-19,1092.05,Bizum,Completado
PG-02350,C-002350,2025-07-02,404.7,Bizum,Pendiente
PG-02351,C-002351,2025-06-01,1518.05,Efectivo,Completado
PG-02352,C-002352,2025-08-09,668.51,Transferencia,Completado
PG-02353,C-002353,2025-08-26,863.28,Tarjeta,Completado
PG-02354,C-002354,2025-06-15,1163.84,Tarjeta,Completado
PG-02355,C-002355,2025-06-28,1355.16,Tarjeta,Completado
PG-02356,C-002356,2025-07-17,893.13,Tarjeta,Completado
PG-02357,C-002357,2025-07-07,795.87,Tarjeta,Completado
PG-02358,C-002358,2025-07-08,45.92,Transferencia,Completado
PG-02359,C-002359,2025-06-26,678.12,Tarjeta,Completado
PG-02360,C-002360,2025-06-14,665.83,Efectivo,Completado
PG-02361,C-002361,2025-06-17,169.44,Tarjeta,Completado
PG-02362,C-002362,2025-07-09,54.8,Amazon Pay,Completado
PG-02363,C-002363,2025-08-07,140.7,Tarjeta,Completado
PG-02364,C-002364,2025-08-17,1101.28,PayPal,Completado
PG-02365,C-002365,2025-08-22,154.05,PayPal,Completado
PG-02366,C-002366,2025-06-18,71.34,Tarjeta,Completado
PG-02367,C-002367,2025-07-30,1109.98,Transferencia,Completado
PG-02368,C-002368,2025-08-26,547.22,Tarjeta,Completado
PG-02369,C-002369,2025-08-05,995.58,Tarjeta,Completado
PG-02370,C-002370,2025-07-29,1483.57,Bizum,Fallido
PG-02371,C-002371,2025-08-26,382.61,Transferencia,Completado
PG-02372,C-002372,2025-07-13,536.11,Bizum,Fallido
PG-02373,C-002373,2025-07-20,138.32,Tarjeta,Completado
PG-02374,C-002374,2025-07-05,551.37,Transferencia,Completado
PG-02375,C-002375,2025-06-22,15.62,Transferencia,Completado
PG-02376,C-002376,2025-07-21,470.66,Efectivo,Completado
PG-02377,C-002377,2025-08-20,178.28,Amazon Pay,Completado
PG-02378,C-002378,2025-07-14,15.15,Bizum,Completado
PG-02379,C-002379,2025-08-24,203.24,Tarjeta,Completado
PG-02380,C-002380,2025-08-08,776.64,Transferencia,Completado
PG-02381,C-002381,2025-07-12,866.69,Tarjeta,Completado
PG-02382,C-002382,2025-06-04,243.68,Efectivo,Completado
PG-02383,C-002383,2025-07-15,18.3,Tarjeta,Completado
PG-02384,C-002384,2025-08-13,106.81,PayPal,Completado
PG-02385,C-002385,2025-08-24,864.36,Amazon Pay,Completado
PG-02386,C-002386,2025-06-08,561.55,Transferencia,Completado
PG-02387,C-002387,2025-06-07,1089.15,Transferencia,Completado
PG-02388,C-002388,2025-06-24,1000.09,PayPal,Completado
PG-02389,C-002389,2025-08-08,433.06,Tarjeta,Completado
PG-02390,C-002390,2025-07-01,367.28,Tarjeta,Completado
PG-02391,C-002391,2025-07-22,635.94,Amazon Pay,Completado
PG-02392,C-002392,2025-08-03,853.48,Efectivo,Completado
PG-02393,C-002393,2025-06-19,214.64,Bizum,Pendiente
PG-02394,C-002394,2025-06-19,297.61,Efectivo,Completado
PG-02395,C-002395,2025-08-07,1246.24,Bizum,Completado
PG-02396,C-002396,2025-06-05,483.46,Transferencia,Completado
PG-02397,C-002397,2025-06-18,1119.82,Tarjeta,Completado
PG-02398,C-002398,2025-07-14,1110.82,Tarjeta,Completado
PG-02399,C-002399,2025-08-27,538.95,Tarjeta,Completado
PG-02400,C-002400,2025-06-23,814.61,Transferencia,Pendiente
PG-02401,C-002401,2025-06-20,73.21,Tarjeta,Fallido
PG-02402,C-002402,2025-06-29,587.56,Transferencia,Completado
PG-02403,C-002403,2025-07-27,361.53,Amazon Pay,Completado
PG-02404,C-002404,2025-07-24,680.96,Tarjeta,Pendiente
PG-02405,C-002405,2025-08-04,424.84,Amazon Pay,Completado
PG-02406,C-002406,2025-06-30,895.04,Efectivo,Completado
PG-02407,C-002407,2025-06-27,410.78,Transferencia,Completado
PG-02408,C-002408,2025-08-09,866.22,Tarjeta,Completado
PG-02409,C-002409,2025-07-04,195.14,PayPal,Completado
PG-02410,C-002410,2025-08-09,598.19,Tarjeta,Pendiente
PG-02411,C-002411,2025-08-04,525.93,Tarjeta,Completado
PG-02412,C-002412,2025-08-17,153.79,Amazon Pay,Completado
PG-02413,C-002413,2025-08-16,572.26,Tarjeta,Completado
PG-02414,C-002414,2025-07-20,637.85,Efectivo,Fallido
PG-02415,C-002415,2025-06-30,507.88,PayPal,Completado
PG-02416,C-002416,2025-08-27,628.87,Transferencia,Completado
PG-02417,C-002417,2025-07-13,136.3,Bizum,Completado
PG-02418,C-002418,2025-06-06,186.71,Transferencia,Completado
PG-02419,C-002419,2025-06-21,64.96,Tarjeta,Completado
PG-02420,C-002420,2025-08-05,564.01,Amazon Pay,Completado
PG-02421,C-002421,2025-06-14,1258.43,Tarjeta,Completado
PG-02422,C-002422,2025-08-07,948.0,Bizum,Completado
PG-02423,C-002423,2025-07-01,736.02,Amazon Pay,Completado
PG-02424,C-002424,2025-06-06,312.48,Tarjeta,Completado
PG-02425,C-002425,2025-08-01,779.47,Efectivo,Completado
PG-02426,C-002426,2025-06-28,409.3,Bizum,Completado
PG-02427,C-002427,2025-08-18,1116.51,Amazon Pay,Completado
PG-02428,C-002428,2025-06-05,1235.67,Transferencia,Completado
PG-02429,C-002429,2025-06-06,1191.8,Transferencia,Completado
PG-02430,C-002430,2025-06-07,177.43,Transferencia,Completado
PG-02431,C-002431,2025-07-19,378.21,Bizum,Completado
PG-02432,C-002432,2025-08-10,1273.2,Tarjeta,Completado
PG-02433,C-002433,2025-07-29,425.92,Tarjeta,Pendiente
PG-02434,C-002434,2025-06-17,951.64,Transferencia,Completado
PG-02435,C-002435,2025-06-13,342.59,Amazon Pay,Completado
PG-02436,C-002436,2025-06-15,1251.44,PayPal,Completado
PG-02437,C-002437,2025-07-12,2062.09,Tarjeta,Completado
PG-02438,C-002438,2025-06-18,416.67,Tarjeta,Completado
PG-02439,C-002439,2025-07-02,661.76,Bizum,Completado
PG-02440,C-002440,2025-07-21,946.09,Amazon Pay,Completado
PG-02441,C-002441,2025-07-24,415.3,Efectivo,Completado
PG-02442,C-002442,2025-06-14,314.78,Bizum,Completado
PG-02443,C-002443,2025-06-23,603.23,Bizum,Completado
PG-02444,C-002444,2025-07-16,797.98,Efectivo,Completado
PG-02445,C-002445,2025-06-27,236.69,Bizum,Completado
PG-02446,C-002446,2025-07-02,349.91,Efectivo,Completado
PG-02447,C-002447,2025-07-31,1158.05,Transferencia,Completado
PG-02448,C-002448,2025-08-02,374.64,PayPal,Completado
PG-02449,C-002449,2025-06-17,506.54,Tarjeta,Completado
PG-02450,C-002450,2025-07-27,134.66,Bizum,Completado
PG-02451,C-002451,2025-07-09,10.23,Tarjeta,Completado
PG-02452,C-002452,2025-06-02,12.95,Transferencia,Completado
PG-02453,C-002453,2025-08-10,379.15,Tarjeta,Completado
PG-02454,C-002454,2025-06-08,121.75,Efectivo,Completado
PG-02455,C-002455,2025-07-23,623.36,Amazon Pay,Completado
PG-02456,C-002456,2025-07-02,732.73,Efectivo,Completado
PG-02457,C-002457,2025-06-09,444.34,Transferencia,Completado
PG-02458,C-002458,2025-07-31,243.92,Tarjeta,Completado
PG-02459,C-002459,2025-06-24,253.05,Tarjeta,Completado
PG-02460,C-002460,2025-08-26,424.92,Transferencia,Completado
PG-02461,C-002461,2025-07-22,127.19,Amazon Pay,Completado
PG-02462,C-002462,2025-06-05,474.45,Tarjeta,Pendiente
PG-02463,C-002463,2025-08-12,22.29,Amazon Pay,Completado
PG-02464,C-002464,2025-07-16,955.78,Bizum,Completado
PG-02465,C-002465,2025-07-24,786.3,Efectivo,Completado
PG-02466,C-002466,2025-08-03,69.65,Transferencia,Pendiente
PG-02467,C-002467,2025-06-05,921.85,Tarjeta,Completado
PG-02468,C-002468,2025-06-25,647.75,Efectivo,Completado
PG-02469,C-002469,2025-06-01,748.15,Transferencia,Pendiente
PG-02470,C-002470,2025-07-21,1026.19,Efectivo,Completado
PG-02471,C-002471,2025-06-11,1459.25,Tarjeta,Completado
PG-02472,C-002472,2025-08-11,630.2,Tarjeta,Completado
PG-02473,C-002473,2025-08-19,926.82,Transferencia,Completado
PG-02474,C-002474,2025-08-11,251.56,Bizum,Completado
PG-02475,C-002475,2025-06-11,456.95,Transferencia,Completado
PG-02476,C-002476,2025-07-09,881.86,Efectivo,Completado
PG-02477,C-002477,2025-06-19,85.71,Tarjeta,Completado
PG-02478,C-002478,2025-07-06,1587.34,Transferencia,Completado
PG-02479,C-002479,2025-08-27,497.35,Transferencia,Fallido
PG-02480,C-002480,2025-07-21,356.25,Transferencia,Completado
PG-02481,C-002481,2025-06-25,651.7,Tarjeta,Pendiente
PG-02482,C-002482,2025-06-05,164.93,Transferencia,Completado
PG-02483,C-002483,2025-08-29,1163.06,Transferencia,Completado
PG-02484,C-002484,2025-07-22,842.78,Amazon Pay,Completado
PG-02485,C-002485,2025-07-23,206.56,Tarjeta,Completado
PG-02486,C-002486,2025-07-07,884.41,Amazon Pay,Completado
PG-02487,C-002487,2025-08-25,485.04,PayPal,Completado
PG-02488,C-002488,2025-06-10,937.31,Amazon Pay,Completado
PG-02489,C-002489,2025-06-04,750.38,Efectivo,Completado
PG-02490,C-002490,2025-07-06,618.89,Transferencia,Completado
PG-02491,C-002491,2025-07-30,1009.96,Transferencia,Pendiente
PG-02492,C-002492,2025-08-29,208.35,Transferencia,Completado
PG-02493,C-002493,2025-06-12,873.34,PayPal,Completado
PG-02494,C-002494,2025-06-10,1310.09,Transferencia,Completado
PG-02495,C-002495,2025-07-13,136.14,Tarjeta,Completado
PG-02496,C-002496,2025-07-18,671.59,Tarjeta,Completado
PG-02497,C-002497,2025-08-27,72.15,PayPal,Completado
PG-02498,C-002498,2025-07-08,447.01,Transferencia,Completado
PG-02499,C-002499,2025-08-13,42.1,Efectivo,Completado
PG-02500,C-002500,2025-07-23,1624.62,Amazon Pay,Pendiente
PG-02501,C-002501,2025-06-04,607.73,Transferencia,Completado
PG-02502,C-002502,2025-08-28,728.66,Efectivo,Completado
PG-02503,C-002503,2025-08-01,378.39,Transferencia,Completado
PG-02504,C-002504,2025-08-22,177.5,Tarjeta,Completado
PG-02505,C-002505,2025-06-02,151.85,Efectivo,Completado
PG-02506,C-002506,2025-06-02,2455.27,Transferencia,Completado
PG-02507,C-002507,2025-06-18,216.66,Transferencia,Completado
PG-02508,C-002508,2025-06-05,654.24,Tarjeta,Completado
PG-02509,C-002509,2025-08-18,8.1,Bizum,Fallido
PG-02510,C-002510,2025-06-11,406.64,Transferencia,Completado
PG-02511,C-002511,2025-07-22,810.02,Bizum,Completado
PG-02512,C-002512,2025-06-03,172.71,Amazon Pay,Completado
PG-02513,C-002513,2025-06-01,783.46,Tarjeta,Completado
PG-02514,C-002514,2025-08-03,821.4,Bizum,Completado
PG-02515,C-002515,2025-08-29,51.45,Tarjeta,Completado
PG-02516,C-002516,2025-07-21,778.54,Amazon Pay,Completado
PG-02517,C-002517,2025-08-01,210.45,Amazon Pay,Completado
PG-02518,C-002518,2025-08-11,751.18,Tarjeta,Completado
PG-02519,C-002519,2025-07-24,354.51,PayPal,Completado
PG-02520,C-002520,2025-08-02,555.68,PayPal,Completado
PG-02521,C-002521,2025-06-03,517.68,Transferencia,Completado
PG-02522,C-002522,2025-07-06,813.08,Tarjeta,Pendiente
PG-02523,C-002523,2025-07-09,1433.48,Efectivo,Completado
PG-02524,C-002524,2025-08-28,975.52,Tarjeta,Pendiente
PG-02525,C-002525,2025-06-28,981.74,Transferencia,Completado
PG-02526,C-002526,2025-06-14,550.75,Tarjeta,Completado
PG-02527,C-002527,2025-08-27,1325.96,Efectivo,Pendiente
PG-02528,C-002528,2025-06-06,1097.05,Bizum,Completado
PG-02529,C-002529,2025-06-09,214.52,Transferencia,Completado
PG-02530,C-002530,2025-08-19,660.77,Tarjeta,Completado
PG-02531,C-002531,2025-06-23,1023.09,PayPal,Completado
PG-02532,C-002532,2025-06-21,73.88,Transferencia,Completado
PG-02533,C-002533,2025-07-30,268.92,Transferencia,Completado
PG-02534,C-002534,2025-07-22,1144.53,Bizum,Completado
PG-02535,C-002535,2025-08-24,883.28,Amazon Pay,Completado
PG-02536,C-002536,2025-08-13,404.01,Tarjeta,Completado
PG-02537,C-002537,2025-08-10,134.78,Transferencia,Completado
PG-02538,C-002538,2025-06-21,33.32,Tarjeta,Completado
PG-02539,C-002539,2025-06-19,481.38,Tarjeta,Completado
PG-02540,C-002540,2025-07-26,1490.15,Amazon Pay,Completado
PG-02541,C-002541,2025-06-18,1318.71,Transferencia,Completado
PG-02542,C-002542,2025-08-21,285.45,Transferencia,Completado
PG-02543,C-002543,2025-07-20,2255.91,Transferencia,Completado
PG-02544,C-002544,2025-08-25,263.2,PayPal,Completado
PG-02545,C-002545,2025-07-17,568.8,Bizum,Completado
PG-02546,C-002546,2025-07-27,499.89,Transferencia,Completado
PG-02547,C-002547,2025-07-04,1020.37,Transferencia,Completado
PG-02548,C-002548,2025-06-26,692.85,Efectivo,Completado
PG-02549,C-002549,2025-07-06,742.24,Transferencia,Completado
PG-02550,C-002550,2025-07-28,488.4,Transferencia,Completado
PG-02551,C-002551,2025-08-02,1231.29,Transferencia,Completado
PG-02552,C-002552,2025-07-13,924.06,Transferencia,Completado
PG-02553,C-002553,2025-06-22,711.19,Transferencia,Completado
PG-02554,C-002554,2025-06-19,651.52,Transferencia,Pendiente
PG-02555,C-002555,2025-06-10,270.0,Transferencia,Completado
PG-02556,C-002556,2025-07-03,70.1,Bizum,Completado
PG-02557,C-002557,2025-06-20,844.37,Efectivo,Completado
PG-02558,C-002558,2025-08-01,487.02,Transferencia,Completado
PG-02559,C-002559,2025-06-09,322.56,Bizum,Fallido
PG-02560,C-002560,2025-07-15,1436.47,Amazon Pay,Completado
PG-02561,C-002561,2025-07-25,704.98,Amazon Pay,Completado
PG-02562,C-002562,2025-06-05,144.86,PayPal,Completado
PG-02563,C-002563,2025-06-07,144.99,Tarjeta,Completado
PG-02564,C-002564,2025-06-29,102.51,Transferencia,Completado
PG-02565,C-002565,2025-07-09,140.89,Transferencia,Completado
PG-02566,C-002566,2025-07-05,516.58,Tarjeta,Completado
PG-02567,C-002567,2025-07-14,451.24,PayPal,Completado
PG-02568,C-002568,2025-07-01,526.0,Tarjeta,Completado
PG-02569,C-002569,2025-08-02,392.6,Tarjeta,Completado
PG-02570,C-002570,2025-08-16,482.24,Amazon Pay,Completado
PG-02571,C-002571,2025-07-11,100.19,Bizum,Completado
PG-02572,C-002572,2025-06-09,942.31,Amazon Pay,Completado
PG-02573,C-002573,2025-07-08,532.75,Tarjeta,Completado
PG-02574,C-002574,2025-07-25,20.59,Transferencia,Completado
PG-02575,C-002575,2025-08-12,830.71,Transferencia,Completado
PG-02576,C-002576,2025-07-03,1075.67,Tarjeta,Completado
PG-02577,C-002577,2025-06-16,7.19,Tarjeta,Completado
PG-02578,C-002578,2025-06-13,587.92,Transferencia,Completado
PG-02579,C-002579,2025-07-06,497.24,Efectivo,Completado
PG-02580,C-002580,2025-07-05,31.74,Efectivo,Completado
PG-02581,C-002581,2025-08-07,979.92,Tarjeta,Completado
PG-02582,C-002582,2025-07-06,1167.16,Amazon Pay,Completado
PG-02583,C-002583,2025-06-04,562.39,Transferencia,Completado
PG-02584,C-002584,2025-06-22,1666.84,Tarjeta,Completado
PG-02585,C-002585,2025-07-21,1111.35,Transferencia,Completado
PG-02586,C-002586,2025-06-17,1174.14,Amazon Pay,Completado
PG-02587,C-002587,2025-08-16,975.96,Tarjeta,Completado
PG-02588,C-002588,2025-08-13,1621.78,PayPal,Completado
PG-02589,C-002589,2025-06-30,1023.64,Transferencia,Completado
PG-02590,C-002590,2025-08-23,786.35,Tarjeta,Completado
PG-02591,C-002591,2025-08-20,662.89,Bizum,Completado
PG-02592,C-002592,2025-07-13,263.73,Tarjeta,Completado
PG-02593,C-002593,2025-07-25,282.35,Transferencia,Completado
PG-02594,C-002594,2025-08-28,216.74,Transferencia,Fallido
PG-02595,C-002595,2025-07-07,1375.54,Tarjeta,Completado
PG-02596,C-002596,2025-06-01,549.15,Transferencia,Completado
PG-02597,C-002597,2025-06-24,1805.67,Tarjeta,Completado
PG-02598,C-002598,2025-08-14,110.46,Transferencia,Completado
PG-02599,C-002599,2025-08-22,800.4,Tarjeta,Completado
PG-02600,C-002600,2025-08-13,175.8,Transferencia,Completado
PG-02601,C-002601,2025-07-13,368.1,PayPal,Completado
PG-02602,C-002602,2025-06-22,510.94,Efectivo,Completado
PG-02603,C-002603,2025-06-07,1335.45,Amazon Pay,Completado
PG-02604,C-002604,2025-06-03,878.72,Amazon Pay,Completado
PG-02605,C-002605,2025-07-15,610.88,Tarjeta,Completado
PG-02606,C-002606,2025-07-21,797.99,Transferencia,Completado
PG-02607,C-002607,2025-08-10,1776.08,Tarjeta,Completado
PG-02608,C-002608,2025-07-18,345.06,Transferencia,Completado
PG-02609,C-002609,2025-07-02,614.21,Efectivo,Completado
PG-02610,C-002610,2025-06-16,185.19,Tarjeta,Completado
PG-02611,C-002611,2025-06-15,639.55,PayPal,Completado
PG-02612,C-002612,2025-08-11,116.5,Transferencia,Pendiente
PG-02613,C-002613,2025-08-01,737.86,Bizum,Completado
PG-02614,C-002614,2025-08-09,754.01,Tarjeta,Fallido
PG-02615,C-002615,2025-06-13,1338.94,Transferencia,Completado
PG-02616,C-002616,2025-06-07,641.58,PayPal,Completado
PG-02617,C-002617,2025-07-17,383.64,Transferencia,Completado
PG-02618,C-002618,2025-06-01,323.35,Bizum,Completado
PG-02619,C-002619,2025-08-08,334.38,Amazon Pay,Completado
PG-02620,C-002620,2025-06-11,1421.02,Efectivo,Completado
PG-02621,C-002621,2025-06-23,1076.96,Tarjeta,Fallido
PG-02622,C-002622,2025-08-01,1339.92,Bizum,Completado
PG-02623,C-002623,2025-06-24,101.92,Transferencia,Pendiente
PG-02624,C-002624,2025-06-04,521.76,Tarjeta,Pendiente
PG-02625,C-002625,2025-08-14,102.36,Transferencia,Pendiente
PG-02626,C-002626,2025-07-14,345.78,PayPal,Completado
PG-02627,C-002627,2025-06-03,320.81,Tarjeta,Completado
PG-02628,C-002628,2025-06-03,88.5,Transferencia,Completado
PG-02629,C-002629,2025-06-29,187.36,Tarjeta,Fallido
PG-02630,C-002630,2025-06-29,831.51,Transferencia,Completado
PG-02631,C-002631,2025-08-17,1585.04,Amazon Pay,Completado
PG-02632,C-002632,2025-06-04,1074.7,Transferencia,Pendiente
PG-02633,C-002633,2025-06-07,588.03,Transferencia,Completado
PG-02634,C-002634,2025-08-13,113.96,Tarjeta,Pendiente
PG-02635,C-002635,2025-08-05,670.4,PayPal,Completado
PG-02636,C-002636,2025-06-16,274.6,Transferencia,Completado
PG-02637,C-002637,2025-07-27,349.88,Tarjeta,Completado
PG-02638,C-002638,2025-08-29,1234.11,PayPal,Completado
PG-02639,C-002639,2025-07-09,966.67,Bizum,Completado
PG-02640,C-002640,2025-08-05,421.48,Amazon Pay,Completado
PG-02641,C-002641,2025-06-18,729.1,PayPal,Completado
PG-02642,C-002642,2025-07-23,1181.72,Tarjeta,Completado
PG-02643,C-002643,2025-08-14,1124.63,PayPal,Pendiente
PG-02644,C-002644,2025-07-03,262.16,Tarjeta,Completado
PG-02645,C-002645,2025-08-21,1498.88,Amazon Pay,Fallido
PG-02646,C-002646,2025-07-09,115.65,Tarjeta,Completado
PG-02647,C-002647,2025-06-15,613.75,Transferencia,Completado
PG-02648,C-002648,2025-07-15,795.05,Tarjeta,Completado
PG-02649,C-002649,2025-08-29,1108.92,Tarjeta,Completado
PG-02650,C-002650,2025-07-22,659.11,Amazon Pay,Completado
PG-02651,C-002651,2025-06-13,1244.13,Tarjeta,Pendiente
PG-02652,C-002652,2025-06-13,1233.13,Amazon Pay,Completado
PG-02653,C-002653,2025-06-28,446.0,Tarjeta,Completado
PG-02654,C-002654,2025-07-27,871.4,Efectivo,Completado
PG-02655,C-002655,2025-06-30,778.8,Tarjeta,Pendiente
PG-02656,C-002656,2025-08-04,97.71,Transferencia,Completado
PG-02657,C-002657,2025-07-17,295.52,Transferencia,Fallido
PG-02658,C-002658,2025-07-31,57.16,Efectivo,Completado
PG-02659,C-002659,2025-07-15,508.83,Bizum,Completado
PG-02660,C-002660,2025-07-04,740.13,Tarjeta,Pendiente
PG-02661,C-002661,2025-07-26,482.29,Transferencia,Completado
PG-02662,C-002662,2025-08-23,1341.86,Efectivo,Completado
PG-02663,C-002663,2025-08-24,123.24,Transferencia,Pendiente
PG-02664,C-002664,2025-08-28,445.54,Transferencia,Pendiente
PG-02665,C-002665,2025-06-10,895.37,Bizum,Completado
PG-02666,C-002666,2025-07-21,321.72,PayPal,Completado
PG-02667,C-002667,2025-06-02,334.93,Tarjeta,Fallido
PG-02668,C-002668,2025-05-31,517.16,Transferencia,Completado
PG-02669,C-002669,2025-08-08,97.3,Efectivo,Completado
PG-02670,C-002670,2025-06-26,443.83,Transferencia,Completado
PG-02671,C-002671,2025-07-20,841.53,Transferencia,Completado
PG-02672,C-002672,2025-07-13,515.04,Transferencia,Completado
PG-02673,C-002673,2025-06-16,1345.54,Tarjeta,Completado
PG-02674,C-002674,2025-08-16,331.16,Bizum,Completado
PG-02675,C-002675,2025-08-09,235.99,Transferencia,Completado
PG-02676,C-002676,2025-06-28,855.0,Transferencia,Completado
PG-02677,C-002677,2025-06-21,1061.78,Amazon Pay,Completado
PG-02678,C-002678,2025-08-13,332.04,Transferencia,Completado
PG-02679,C-002679,2025-08-07,242.89,PayPal,Completado
PG-02680,C-002680,2025-07-06,100.82,Transferencia,Completado
PG-02681,C-002681,2025-08-10,476.4,Bizum,Completado
PG-02682,C-002682,2025-06-28,261.58,Amazon Pay,Completado
PG-02683,C-002683,2025-07-31,866.53,Transferencia,Pendiente
PG-02684,C-002684,2025-08-20,926.15,Transferencia,Pendiente
PG-02685,C-002685,2025-07-02,814.34,Transferencia,Completado
PG-02686,C-002686,2025-08-26,1106.61,PayPal,Pendiente
PG-02687,C-002687,2025-06-04,32.28,Efectivo,Completado
PG-02688,C-002688,2025-08-07,242.45,Transferencia,Completado
PG-02689,C-002689,2025-06-24,792.86,Transferencia,Completado
PG-02690,C-002690,2025-07-25,1188.8,Amazon Pay,Completado
PG-02691,C-002691,2025-08-02,366.6,Tarjeta,Completado
PG-02692,C-002692,2025-07-04,581.26,Transferencia,Completado
PG-02693,C-002693,2025-06-15,896.28,Efectivo,Completado
PG-02694,C-002694,2025-08-08,437.81,Efectivo,Completado
PG-02695,C-002695,2025-08-01,484.5,Tarjeta,Completado
PG-02696,C-002696,2025-07-01,1385.72,Amazon Pay,Completado
PG-02697,C-002697,2025-06-27,103.33,Tarjeta,Completado
PG-02698,C-002698,2025-07-07,426.75,Tarjeta,Completado
PG-02699,C-002699,2025-07-08,392.73,Transferencia,Completado
PG-02700,C-002700,2025-06-09,375.16,Tarjeta,Completado
PG-02701,C-002701,2025-08-15,1218.85,Tarjeta,Completado
PG-02702,C-002702,2025-07-30,397.11,Amazon Pay,Completado
PG-02703,C-002703,2025-07-05,512.42,Efectivo,Completado
PG-02704,C-002704,2025-06-16,457.28,Amazon Pay,Completado
PG-02705,C-002705,2025-07-31,704.17,Efectivo,Completado
PG-02706,C-002706,2025-07-07,843.05,Tarjeta,Completado
PG-02707,C-002707,2025-06-29,500.5,Transferencia,Completado
PG-02708,C-002708,2025-07-29,898.56,Amazon Pay,Completado
PG-02709,C-002709,2025-07-26,527.85,Transferencia,Completado
PG-02710,C-002710,2025-06-21,86.58,Transferencia,Completado
PG-02711,C-002711,2025-08-25,242.16,Bizum,Fallido
PG-02712,C-002712,2025-07-31,577.24,PayPal,Completado
PG-02713,C-002713,2025-06-28,326.86,Transferencia,Completado
PG-02714,C-002714,2025-08-20,188.19,Tarjeta,Completado
PG-02715,C-002715,2025-07-26,336.42,Transferencia,Completado
PG-02716,C-002716,2025-08-21,902.43,Tarjeta,Completado
PG-02717,C-002717,2025-08-03,827.18,Tarjeta,Completado
PG-02718,C-002718,2025-07-19,503.98,Amazon Pay,Completado
PG-02719,C-002719,2025-07-14,760.48,Tarjeta,Pendiente
PG-02720,C-002720,2025-08-28,716.73,Amazon Pay,Completado
PG-02721,C-002721,2025-06-30,635.4,Efectivo,Completado
PG-02722,C-002722,2025-06-28,263.2,Tarjeta,Pendiente
PG-02723,C-002723,2025-08-06,1649.98,Efectivo,Completado
PG-02724,C-002724,2025-07-04,920.97,Transferencia,Completado
PG-02725,C-002725,2025-06-02,571.46,Tarjeta,Completado
PG-02726,C-002726,2025-06-21,934.16,Tarjeta,Completado
PG-02727,C-002727,2025-08-28,1036.62,Transferencia,Completado
PG-02728,C-002728,2025-07-20,871.75,Transferencia,Pendiente
PG-02729,C-002729,2025-07-12,792.82,PayPal,Pendiente
PG-02730,C-002730,2025-06-30,541.4,PayPal,Completado
PG-02731,C-002731,2025-06-09,366.33,Transferencia,Completado
PG-02732,C-002732,2025-06-22,369.23,Transferencia,Completado
PG-02733,C-002733,2025-07-12,639.32,Tarjeta,Completado
PG-02734,C-002734,2025-07-16,923.7,Transferencia,Fallido
PG-02735,C-002735,2025-06-02,1977.05,Tarjeta,Completado
PG-02736,C-002736,2025-07-12,664.97,Transferencia,Completado
PG-02737,C-002737,2025-06-09,689.87,Efectivo,Completado
PG-02738,C-002738,2025-06-22,298.14,Bizum,Completado
PG-02739,C-002739,2025-06-23,1643.28,Amazon Pay,Completado
PG-02740,C-002740,2025-08-08,363.99,Amazon Pay,Completado
PG-02741,C-002741,2025-07-24,498.52,Tarjeta,Pendiente
PG-02742,C-002742,2025-06-24,144.93,PayPal,Completado
PG-02743,C-002743,2025-08-25,985.24,PayPal,Pendiente
PG-02744,C-002744,2025-08-09,412.94,Tarjeta,Pendiente
PG-02745,C-002745,2025-08-04,1022.06,Tarjeta,Completado
PG-02746,C-002746,2025-08-18,671.7,Tarjeta,Fallido
PG-02747,C-002747,2025-08-02,464.06,Transferencia,Completado
PG-02748,C-002748,2025-08-25,487.82,Transferencia,Completado
PG-02749,C-002749,2025-08-16,597.48,Tarjeta,Completado
PG-02750,C-002750,2025-08-22,74.22,Efectivo,Completado
PG-02751,C-002751,2025-08-07,101.28,Tarjeta,Completado
PG-02752,C-002752,2025-05-31,491.12,PayPal,Completado
PG-02753,C-002753,2025-07-11,1539.97,PayPal,Completado
PG-02754,C-002754,2025-08-08,387.44,Tarjeta,Completado
PG-02755,C-002755,2025-07-24,1018.65,Tarjeta,Completado
PG-02756,C-002756,2025-08-19,982.46,Transferencia,Completado
PG-02757,C-002757,2025-08-16,1425.02,Tarjeta,Completado
PG-02758,C-002758,2025-07-24,1175.88,Transferencia,Completado
PG-02759,C-002759,2025-07-02,503.97,Transferencia,Completado
PG-02760,C-002760,2025-07-05,357.68,Tarjeta,Completado
PG-02761,C-002761,2025-07-19,773.38,Tarjeta,Completado
PG-02762,C-002762,2025-08-20,372.39,Tarjeta,Completado
PG-02763,C-002763,2025-07-07,620.66,PayPal,Completado
PG-02764,C-002764,2025-07-22,321.58,Transferencia,Completado
PG-02765,C-002765,2025-08-13,589.17,Bizum,Completado
PG-02766,C-002766,2025-07-06,596.68,Bizum,Completado
PG-02767,C-002767,2025-07-28,1452.62,Tarjeta,Completado
PG-02768,C-002768,2025-07-28,616.88,PayPal,Completado
PG-02769,C-002769,2025-07-17,947.5,Efectivo,Completado
PG-02770,C-002770,2025-08-22,1051.08,Amazon Pay,Completado
PG-02771,C-002771,2025-08-22,1263.58,Bizum,Completado
PG-02772,C-002772,2025-07-19,948.62,Bizum,Completado
PG-02773,C-002773,2025-07-26,513.66,Transferencia,Completado
PG-02774,C-002774,2025-07-30,664.49,Transferencia,Completado
PG-02775,C-002775,2025-07-28,123.7,Tarjeta,Completado
PG-02776,C-002776,2025-06-22,603.76,Tarjeta,Completado
PG-02777,C-002777,2025-08-20,658.22,Transferencia,Completado
PG-02778,C-002778,2025-06-21,627.74,Transferencia,Completado
PG-02779,C-002779,2025-08-13,449.2,Transferencia,Completado
PG-02780,C-002780,2025-08-27,1205.61,Tarjeta,Fallido
PG-02781,C-002781,2025-06-08,948.99,Transferencia,Completado
PG-02782,C-002782,2025-07-15,1156.95,Amazon Pay,Completado
PG-02783,C-002783,2025-07-06,1406.26,Tarjeta,Completado
PG-02784,C-002784,2025-07-03,546.18,Efectivo,Completado
PG-02785,C-002785,2025-06-10,205.88,Bizum,Completado
PG-02786,C-002786,2025-08-15,596.77,Bizum,Fallido
PG-02787,C-002787,2025-07-04,671.44,Bizum,Completado
PG-02788,C-002788,2025-06-23,1087.12,Efectivo,Completado
PG-02789,C-002789,2025-07-01,823.74,Tarjeta,Completado
PG-02790,C-002790,2025-08-13,1616.87,Transferencia,Completado
PG-02791,C-002791,2025-06-30,322.3,Transferencia,Completado
PG-02792,C-002792,2025-07-27,214.36,Transferencia,Completado
PG-02793,C-002793,2025-07-04,446.87,Efectivo,Completado
PG-02794,C-002794,2025-07-08,664.9,Tarjeta,Fallido
PG-02795,C-002795,2025-08-06,676.73,Amazon Pay,Completado
PG-02796,C-002796,2025-06-05,1732.67,Tarjeta,Completado
PG-02797,C-002797,2025-06-17,1276.05,Transferencia,Completado
PG-02798,C-002798,2025-08-22,574.14,Efectivo,Completado
PG-02799,C-002799,2025-07-11,1471.46,Bizum,Completado
PG-02800,C-002800,2025-07-10,939.02,Transferencia,Completado
PG-02801,C-002801,2025-08-02,238.44,Amazon Pay,Completado
PG-02802,C-002802,2025-07-26,1137.47,Tarjeta,Completado
PG-02803,C-002803,2025-08-25,793.29,Transferencia,Completado
PG-02804,C-002804,2025-06-13,222.08,Amazon Pay,Completado
PG-02805,C-002805,2025-06-23,1187.73,Transferencia,Pendiente
PG-02806,C-002806,2025-07-16,1109.1,Tarjeta,Completado
PG-02807,C-002807,2025-06-13,567.35,Tarjeta,Completado
PG-02808,C-002808,2025-06-04,540.47,Tarjeta,Completado
PG-02809,C-002809,2025-07-22,736.51,Amazon Pay,Completado
PG-02810,C-002810,2025-06-12,200.84,Transferencia,Fallido
PG-02811,C-002811,2025-07-03,1039.84,Transferencia,Completado
PG-02812,C-002812,2025-07-14,296.46,Transferencia,Completado
PG-02813,C-002813,2025-07-12,1435.16,Amazon Pay,Completado
PG-02814,C-002814,2025-07-18,134.94,Transferencia,Fallido
PG-02815,C-002815,2025-06-02,451.05,Efectivo,Completado
PG-02816,C-002816,2025-06-04,845.8,PayPal,Completado
PG-02817,C-002817,2025-07-05,842.5,Bizum,Completado
PG-02818,C-002818,2025-07-24,613.05,Efectivo,Pendiente
PG-02819,C-002819,2025-06-01,409.78,Tarjeta,Fallido
PG-02820,C-002820,2025-08-20,35.4,Bizum,Completado
PG-02821,C-002821,2025-07-17,154.12,Amazon Pay,Fallido
PG-02822,C-002822,2025-06-22,345.51,Tarjeta,Completado
PG-02823,C-002823,2025-08-18,630.33,Tarjeta,Completado
PG-02824,C-002824,2025-08-15,221.3,PayPal,Completado
PG-02825,C-002825,2025-08-04,714.59,Transferencia,Completado
PG-02826,C-002826,2025-06-22,26.85,Tarjeta,Completado
PG-02827,C-002827,2025-08-02,1081.0,Tarjeta,Completado
PG-02828,C-002828,2025-08-08,297.46,Efectivo,Completado
PG-02829,C-002829,2025-07-15,558.06,Efectivo,Completado
PG-02830,C-002830,2025-08-24,1061.67,Transferencia,Completado
PG-02831,C-002831,2025-07-28,1275.12,PayPal,Completado
PG-02832,C-002832,2025-08-21,541.67,Efectivo,Completado
PG-02833,C-002833,2025-06-14,2041.16,Efectivo,Completado
PG-02834,C-002834,2025-07-08,46.6,Efectivo,Completado
PG-02835,C-002835,2025-07-14,995.52,Efectivo,Completado
PG-02836,C-002836,2025-08-18,509.6,Bizum,Completado
PG-02837,C-002837,2025-07-29,1563.91,Amazon Pay,Completado
PG-02838,C-002838,2025-06-03,1162.62,Transferencia,Completado
PG-02839,C-002839,2025-07-12,166.15,Transferencia,Completado
PG-02840,C-002840,2025-07-13,225.42,PayPal,Fallido
PG-02841,C-002841,2025-06-15,370.41,Transferencia,Completado
PG-02842,C-002842,2025-05-31,73.47,Transferencia,Pendiente
PG-02843,C-002843,2025-07-25,585.54,Tarjeta,Completado
PG-02844,C-002844,2025-07-26,878.37,Transferencia,Completado
PG-02845,C-002845,2025-06-18,680.11,Efectivo,Completado
PG-02846,C-002846,2025-07-15,737.6,PayPal,Completado
PG-02847,C-002847,2025-07-15,912.52,Transferencia,Completado
PG-02848,C-002848,2025-06-20,423.15,PayPal,Completado
PG-02849,C-002849,2025-06-12,913.71,Tarjeta,Completado
PG-02850,C-002850,2025-06-20,1322.45,Tarjeta,Completado
PG-02851,C-002851,2025-08-06,349.75,Tarjeta,Completado
PG-02852,C-002852,2025-07-31,178.98,Transferencia,Completado
PG-02853,C-002853,2025-08-11,1224.14,Tarjeta,Completado
PG-02854,C-002854,2025-06-15,135.91,Tarjeta,Completado
PG-02855,C-002855,2025-06-06,6.92,Transferencia,Completado
PG-02856,C-002856,2025-06-14,698.37,Amazon Pay,Completado
PG-02857,C-002857,2025-07-29,292.69,Transferencia,Completado
PG-02858,C-002858,2025-07-06,256.02,Efectivo,Completado
PG-02859,C-002859,2025-06-14,163.79,Bizum,Pendiente
PG-02860,C-002860,2025-07-16,342.88,Tarjeta,Pendiente
PG-02861,C-002861,2025-08-14,634.67,Tarjeta,Completado
PG-02862,C-002862,2025-08-11,297.22,Tarjeta,Pendiente
PG-02863,C-002863,2025-08-19,125.58,Transferencia,Fallido
PG-02864,C-002864,2025-08-21,400.0,Efectivo,Fallido
PG-02865,C-002865,2025-06-07,312.7,Tarjeta,Completado
PG-02866,C-002866,2025-08-11,718.68,Transferencia,Completado
PG-02867,C-002867,2025-07-09,436.19,Tarjeta,Fallido
PG-02868,C-002868,2025-08-24,827.77,Transferencia,Completado
PG-02869,C-002869,2025-07-02,721.36,Tarjeta,Completado
PG-02870,C-002870,2025-08-15,604.65,Tarjeta,Pendiente
PG-02871,C-002871,2025-06-30,584.37,Tarjeta,Completado
PG-02872,C-002872,2025-06-20,734.68,Tarjeta,Completado
PG-02873,C-002873,2025-08-10,1460.05,PayPal,Completado
PG-02874,C-002874,2025-07-07,774.7,Transferencia,Completado
PG-02875,C-002875,2025-07-12,1059.86,PayPal,Completado
PG-02876,C-002876,2025-08-08,201.36,Transferencia,Completado
PG-02877,C-002877,2025-06-29,78.34,Efectivo,Completado
PG-02878,C-002878,2025-07-22,38.2,Bizum,Completado
PG-02879,C-002879,2025-07-19,519.04,PayPal,Completado
PG-02880,C-002880,2025-08-08,104.47,Tarjeta,Completado
PG-02881,C-002881,2025-08-08,222.36,Tarjeta,Pendiente
PG-02882,C-002882,2025-07-30,551.3,Efectivo,Fallido
PG-02883,C-002883,2025-06-04,165.41,Transferencia,Completado
PG-02884,C-002884,2025-08-21,1005.32,Bizum,Completado
PG-02885,C-002885,2025-08-26,958.73,Tarjeta,Completado
PG-02886,C-002886,2025-06-07,392.15,Amazon Pay,Completado
PG-02887,C-002887,2025-08-24,481.4,Transferencia,Completado
PG-02888,C-002888,2025-06-06,824.82,Transferencia,Completado
PG-02889,C-002889,2025-08-13,907.2,Tarjeta,Completado
PG-02890,C-002890,2025-07-09,694.31,Tarjeta,Completado
PG-02891,C-002891,2025-08-13,542.15,Efectivo,Completado
PG-02892,C-002892,2025-08-13,491.05,Amazon Pay,Completado
PG-02893,C-002893,2025-08-27,538.38,Transferencia,Completado
PG-02894,C-002894,2025-06-06,822.1,Amazon Pay,Pendiente
PG-02895,C-002895,2025-07-10,134.03,Tarjeta,Completado
PG-02896,C-002896,2025-07-13,575.62,Transferencia,Pendiente
PG-02897,C-002897,2025-08-17,303.3,Transferencia,Completado
PG-02898,C-002898,2025-07-16,255.45,Tarjeta,Completado
PG-02899,C-002899,2025-06-02,270.35,Amazon Pay,Completado
PG-02900,C-002900,2025-06-04,85.59,Tarjeta,Completado
PG-02901,C-002901,2025-08-16,496.17,Tarjeta,Pendiente
PG-02902,C-002902,2025-06-06,573.72,Tarjeta,Completado
PG-02903,C-002903,2025-06-09,995.11,Tarjeta,Completado
PG-02904,C-002904,2025-08-19,330.14,Amazon Pay,Completado
PG-02905,C-002905,2025-07-08,271.76,Transferencia,Completado
PG-02906,C-002906,2025-08-01,630.63,Efectivo,Completado
PG-02907,C-002907,2025-06-19,406.4,Efectivo,Fallido
PG-02908,C-002908,2025-08-17,839.31,Bizum,Completado
PG-02909,C-002909,2025-08-11,869.89,Amazon Pay,Completado
PG-02910,C-002910,2025-08-10,724.61,Efectivo,Completado
PG-02911,C-002911,2025-07-29,838.85,Tarjeta,Completado
PG-02912,C-002912,2025-08-16,463.91,Tarjeta,Completado
PG-02913,C-002913,2025-06-11,414.45,Transferencia,Completado
PG-02914,C-002914,2025-07-23,602.1,Efectivo,Completado
PG-02915,C-002915,2025-07-27,183.75,PayPal,Completado
PG-02916,C-002916,2025-07-18,241.3,Efectivo,Completado
PG-02917,C-002917,2025-07-02,1261.59,PayPal,Pendiente
PG-02918,C-002918,2025-07-10,490.12,Tarjeta,Pendiente
PG-02919,C-002919,2025-06-03,686.69,Tarjeta,Pendiente
PG-02920,C-002920,2025-08-11,1166.62,Efectivo,Completado
PG-02921,C-002921,2025-07-20,713.2,Tarjeta,Completado
PG-02922,C-002922,2025-07-16,286.0,Tarjeta,Completado
PG-02923,C-002923,2025-08-04,1710.96,Transferencia,Completado
PG-02924,C-002924,2025-08-26,63.7,Amazon Pay,Pendiente
PG-02925,C-002925,2025-08-01,563.62,Tarjeta,Completado
PG-02926,C-002926,2025-08-25,203.12,Transferencia,Completado
PG-02927,C-002927,2025-07-09,1245.54,Transferencia,Completado
PG-02928,C-002928,2025-08-11,543.39,Efectivo,Completado
PG-02929,C-002929,2025-07-03,947.01,Tarjeta,Completado
PG-02930,C-002930,2025-07-10,1886.41,Tarjeta,Completado
PG-02931,C-002931,2025-06-22,409.4,Tarjeta,Completado
PG-02932,C-002932,2025-07-18,761.53,PayPal,Completado
PG-02933,C-002933,2025-08-09,519.88,Amazon Pay,Pendiente
PG-02934,C-002934,2025-06-03,991.93,PayPal,Completado
PG-02935,C-002935,2025-07-31,1202.12,Tarjeta,Completado
PG-02936,C-002936,2025-08-27,294.67,Transferencia,Completado
PG-02937,C-002937,2025-07-12,1161.05,Tarjeta,Completado
PG-02938,C-002938,2025-08-13,570.33,Transferencia,Completado
PG-02939,C-002939,2025-07-08,827.03,Tarjeta,Completado
PG-02940,C-002940,2025-06-27,228.65,Efectivo,Completado
PG-02941,C-002941,2025-07-21,616.56,Transferencia,Completado
PG-02942,C-002942,2025-07-24,93.16,Transferencia,Completado
PG-02943,C-002943,2025-08-11,390.05,Transferencia,Completado
PG-02944,C-002944,2025-06-28,245.41,Tarjeta,Pendiente
PG-02945,C-002945,2025-06-28,551.37,PayPal,Pendiente
PG-02946,C-002946,2025-07-15,528.01,Tarjeta,Completado
PG-02947,C-002947,2025-06-06,468.66,Transferencia,Completado
PG-02948,C-002948,2025-08-11,740.4,Transferencia,Completado
PG-02949,C-002949,2025-07-19,708.11,Bizum,Fallido
PG-02950,C-002950,2025-08-10,128.98,Transferencia,Pendiente
PG-02951,C-002951,2025-08-08,352.04,Transferencia,Completado
PG-02952,C-002952,2025-07-06,309.73,Tarjeta,Completado
PG-02953,C-002953,2025-07-05,798.98,Transferencia,Pendiente
PG-02954,C-002954,2025-07-20,445.72,Tarjeta,Completado
PG-02955,C-002955,2025-07-24,234.58,Transferencia,Completado
PG-02956,C-002956,2025-06-23,403.24,Transferencia,Completado
PG-02957,C-002957,2025-08-24,1369.95,Tarjeta,Completado
PG-02958,C-002958,2025-08-14,647.7,Efectivo,Completado
PG-02959,C-002959,2025-06-21,62.73,Transferencia,Completado
PG-02960,C-002960,2025-07-31,1172.57,PayPal,Completado
PG-02961,C-002961,2025-08-11,512.27,Transferencia,Completado
PG-02962,C-002962,2025-06-28,470.93,Transferencia,Completado
PG-02963,C-002963,2025-06-24,291.87,Bizum,Pendiente
PG-02964,C-002964,2025-06-22,352.96,Transferencia,Completado
PG-02965,C-002965,2025-07-26,878.32,Tarjeta,Completado
PG-02966,C-002966,2025-08-14,83.19,Transferencia,Completado
PG-02967,C-002967,2025-07-09,988.96,Tarjeta,Completado
PG-02968,C-002968,2025-08-04,375.9,Transferencia,Completado
PG-02969,C-002969,2025-08-01,775.02,Transferencia,Pendiente
PG-02970,C-002970,2025-06-15,958.67,Bizum,Completado
PG-02971,C-002971,2025-06-23,95.97,Bizum,Completado
PG-02972,C-002972,2025-07-12,431.98,Tarjeta,Completado
PG-02973,C-002973,2025-07-17,197.64,Bizum,Completado
PG-02974,C-002974,2025-07-28,36.0,Amazon Pay,Completado
PG-02975,C-002975,2025-08-02,1297.06,Amazon Pay,Completado
PG-02976,C-002976,2025-07-31,273.53,PayPal,Pendiente
PG-02977,C-002977,2025-07-20,704.11,Transferencia,Completado
PG-02978,C-002978,2025-08-13,852.44,PayPal,Completado
PG-02979,C-002979,2025-08-29,348.82,Amazon Pay,Completado
PG-02980,C-002980,2025-06-16,361.8,Transferencia,Completado
PG-02981,C-002981,2025-06-25,527.71,Transferencia,Completado
PG-02982,C-002982,2025-07-09,487.32,Bizum,Completado
PG-02983,C-002983,2025-06-29,1337.26,Transferencia,Completado
PG-02984,C-002984,2025-07-08,177.06,Efectivo,Completado
PG-02985,C-002985,2025-08-28,875.9,Tarjeta,Completado
PG-02986,C-002986,2025-08-28,799.6,Transferencia,Completado
PG-02987,C-002987,2025-06-21,566.0,Tarjeta,Completado
PG-02988,C-002988,2025-08-16,921.73,Transferencia,Completado
PG-02989,C-002989,2025-07-01,1107.33,PayPal,Completado
PG-02990,C-002990,2025-06-13,1489.11,Tarjeta,Pendiente
PG-02991,C-002991,2025-07-16,724.78,Tarjeta,Completado
PG-02992,C-002992,2025-08-12,216.7,Bizum,Completado
PG-02993,C-002993,2025-08-12,774.58,Transferencia,Pendiente
PG-02994,C-002994,2025-06-17,978.91,Transferencia,Completado
PG-02995,C-002995,2025-06-23,517.35,Tarjeta,Completado
PG-02996,C-002996,2025-06-30,933.8,Transferencia,Completado
PG-02997,C-002997,2025-07-15,391.66,Transferencia,Completado
PG-02998,C-002998,2025-08-06,268.53,Transferencia,Fallido
PG-02999,C-002999,2025-07-22,893.7,Tarjeta,Completado
PG-03000,C-003000,2025-06-30,110.19,Transferencia,Completado
PG-03001,C-003001,2025-06-24,1389.86,Amazon Pay,Completado
PG-03002,C-003002,2025-06-13,748.62,Transferencia,Completado
PG-03003,C-003003,2025-08-05,326.34,Efectivo,Completado
PG-03004,C-003004,2025-06-07,551.35,PayPal,Completado
PG-03005,C-003005,2025-08-21,585.45,Transferencia,Pendiente
PG-03006,C-003006,2025-06-12,1059.21,Transferencia,Completado
PG-03007,C-003007,2025-07-31,528.5,Bizum,Completado
PG-03008,C-003008,2025-07-19,534.15,Tarjeta,Completado
PG-03009,C-003009,2025-06-09,881.51,Transferencia,Fallido
PG-03010,C-003010,2025-08-02,1085.86,Transferencia,Completado
PG-03011,C-003011,2025-08-02,1398.1,Transferencia,Pendiente
PG-03012,C-003012,2025-08-02,292.4,Bizum,Completado
PG-03013,C-003013,2025-06-13,1239.89,Amazon Pay,Completado
PG-03014,C-003014,2025-07-31,970.17,Amazon Pay,Completado
PG-03015,C-003015,2025-08-07,877.34,Efectivo,Completado
PG-03016,C-003016,2025-08-09,1696.08,Tarjeta,Completado
PG-03017,C-003017,2025-08-29,613.68,Bizum,Completado
PG-03018,C-003018,2025-08-07,283.44,Tarjeta,Completado
PG-03019,C-003019,2025-07-21,1375.68,Transferencia,Completado
PG-03020,C-003020,2025-06-14,580.65,Transferencia,Completado
PG-03021,C-003021,2025-08-28,466.71,Efectivo,Completado
PG-03022,C-003022,2025-07-05,944.57,Transferencia,Completado
PG-03023,C-003023,2025-06-28,89.53,Amazon Pay,Completado
PG-03024,C-003024,2025-08-18,160.14,Bizum,Completado
PG-03025,C-003025,2025-06-03,967.03,Efectivo,Completado
PG-03026,C-003026,2025-06-23,167.97,Transferencia,Completado
PG-03027,C-003027,2025-06-18,846.45,PayPal,Completado
PG-03028,C-003028,2025-06-27,221.58,Amazon Pay,Completado
PG-03029,C-003029,2025-07-05,609.25,Amazon Pay,Completado
PG-03030,C-003030,2025-06-22,284.04,Tarjeta,Completado
PG-03031,C-003031,2025-08-14,461.4,Amazon Pay,Completado
PG-03032,C-003032,2025-08-05,655.38,Tarjeta,Completado
PG-03033,C-003033,2025-07-17,397.68,Tarjeta,Completado
PG-03034,C-003034,2025-06-14,1381.46,Amazon Pay,Completado
PG-03035,C-003035,2025-06-07,605.54,Tarjeta,Completado
PG-03036,C-003036,2025-07-10,392.07,Amazon Pay,Completado
PG-03037,C-003037,2025-07-19,1034.77,Tarjeta,Completado
PG-03038,C-003038,2025-06-29,905.39,Bizum,Completado
PG-03039,C-003039,2025-06-16,1100.34,Transferencia,Completado
PG-03040,C-003040,2025-07-14,395.48,Transferencia,Pendiente
PG-03041,C-003041,2025-08-25,1577.84,Tarjeta,Completado
PG-03042,C-003042,2025-07-05,465.56,Tarjeta,Pendiente
PG-03043,C-003043,2025-07-04,637.6,Tarjeta,Completado
PG-03044,C-003044,2025-06-10,890.24,Amazon Pay,Completado
PG-03045,C-003045,2025-07-31,1283.8,Tarjeta,Completado
PG-03046,C-003046,2025-08-13,751.72,Tarjeta,Completado
PG-03047,C-003047,2025-07-23,561.75,Amazon Pay,Completado
PG-03048,C-003048,2025-08-28,477.66,Bizum,Completado
PG-03049,C-003049,2025-06-22,1114.41,Bizum,Completado
PG-03050,C-003050,2025-07-04,1500.96,Tarjeta,Completado
PG-03051,C-003051,2025-08-17,432.46,Amazon Pay,Completado
PG-03052,C-003052,2025-07-23,289.84,Transferencia,Completado
PG-03053,C-003053,2025-08-24,116.86,Tarjeta,Completado
PG-03054,C-003054,2025-07-09,414.18,Transferencia,Completado
PG-03055,C-003055,2025-06-27,366.67,Transferencia,Completado
PG-03056,C-003056,2025-08-27,623.3,Bizum,Completado
PG-03057,C-003057,2025-07-29,918.7,Tarjeta,Completado
PG-03058,C-003058,2025-06-11,460.03,Amazon Pay,Completado
PG-03059,C-003059,2025-07-09,1234.67,Bizum,Completado
PG-03060,C-003060,2025-06-19,526.31,Bizum,Completado
PG-03061,C-003061,2025-06-05,248.31,Transferencia,Completado
PG-03062,C-003062,2025-06-30,433.43,Tarjeta,Completado
PG-03063,C-003063,2025-08-13,833.1,PayPal,Completado
PG-03064,C-003064,2025-06-25,738.84,Amazon Pay,Completado
PG-03065,C-003065,2025-07-01,676.22,Transferencia,Completado
PG-03066,C-003066,2025-06-02,920.98,Amazon Pay,Completado
PG-03067,C-003067,2025-07-01,74.09,Transferencia,Completado
PG-03068,C-003068,2025-08-09,918.83,Amazon Pay,Completado
PG-03069,C-003069,2025-08-16,736.2,Transferencia,Completado
PG-03070,C-003070,2025-07-16,68.1,Transferencia,Completado
PG-03071,C-003071,2025-08-23,566.19,Transferencia,Completado
PG-03072,C-003072,2025-06-16,214.08,Transferencia,Completado
PG-03073,C-003073,2025-06-17,73.08,Bizum,Completado
PG-03074,C-003074,2025-08-02,94.02,PayPal,Completado
PG-03075,C-003075,2025-08-08,1083.17,Amazon Pay,Completado
PG-03076,C-003076,2025-08-30,724.55,Amazon Pay,Completado
PG-03077,C-003077,2025-08-20,634.8,Efectivo,Completado
PG-03078,C-003078,2025-06-24,418.73,Efectivo,Fallido
PG-03079,C-003079,2025-06-29,701.88,Transferencia,Pendiente
PG-03080,C-003080,2025-06-29,504.81,Transferencia,Completado
PG-03081,C-003081,2025-06-21,712.92,Efectivo,Completado
PG-03082,C-003082,2025-08-27,777.65,Tarjeta,Completado
PG-03083,C-003083,2025-08-29,242.4,Bizum,Completado
PG-03084,C-003084,2025-06-22,757.07,Transferencia,Completado
PG-03085,C-003085,2025-08-16,337.1,Amazon Pay,Pendiente
PG-03086,C-003086,2025-08-12,337.39,Tarjeta,Completado
PG-03087,C-003087,2025-06-02,487.92,Transferencia,Completado
PG-03088,C-003088,2025-08-08,474.59,Transferencia,Completado
PG-03089,C-003089,2025-07-14,353.28,Efectivo,Completado
PG-03090,C-003090,2025-06-18,514.47,Transferencia,Completado
PG-03091,C-003091,2025-07-03,632.65,Tarjeta,Completado
PG-03092,C-003092,2025-08-04,844.85,Transferencia,Completado
PG-03093,C-003093,2025-06-26,999.84,Tarjeta,Completado
PG-03094,C-003094,2025-06-29,10.48,Efectivo,Completado
PG-03095,C-003095,2025-07-06,1193.88,Efectivo,Completado
PG-03096,C-003096,2025-08-26,1457.74,Transferencia,Completado
PG-03097,C-003097,2025-07-24,712.97,Transferencia,Completado
PG-03098,C-003098,2025-07-10,1080.4,Tarjeta,Completado
PG-03099,C-003099,2025-08-19,526.07,Amazon Pay,Pendiente
PG-03100,C-003100,2025-08-18,914.24,Bizum,Completado
PG-03101,C-003101,2025-06-14,1724.46,Transferencia,Fallido
PG-03102,C-003102,2025-06-19,187.38,Transferencia,Completado
PG-03103,C-003103,2025-07-11,51.3,Tarjeta,Completado
PG-03104,C-003104,2025-06-13,402.42,Tarjeta,Completado
PG-03105,C-003105,2025-08-16,695.63,PayPal,Completado
PG-03106,C-003106,2025-06-27,99.08,Transferencia,Completado
PG-03107,C-003107,2025-07-01,971.56,PayPal,Completado
PG-03108,C-003108,2025-08-23,266.44,Transferencia,Completado
PG-03109,C-003109,2025-06-21,497.5,Tarjeta,Completado
PG-03110,C-003110,2025-07-03,860.33,Tarjeta,Completado
PG-03111,C-003111,2025-06-21,110.02,Efectivo,Completado
PG-03112,C-003112,2025-07-27,761.98,Tarjeta,Completado
PG-03113,C-003113,2025-07-23,1752.22,Efectivo,Completado
PG-03114,C-003114,2025-07-10,664.6,Transferencia,Completado
PG-03115,C-003115,2025-07-01,602.87,Amazon Pay,Completado
PG-03116,C-003116,2025-06-18,170.22,Efectivo,Completado
PG-03117,C-003117,2025-08-12,84.71,Transferencia,Completado
PG-03118,C-003118,2025-06-18,94.8,Transferencia,Completado
PG-03119,C-003119,2025-08-12,241.55,Tarjeta,Completado
PG-03120,C-003120,2025-06-14,526.81,Tarjeta,Pendiente
PG-03121,C-003121,2025-06-19,599.2,Tarjeta,Completado
PG-03122,C-003122,2025-07-28,64.46,Tarjeta,Completado
PG-03123,C-003123,2025-08-29,420.2,Transferencia,Completado
PG-03124,C-003124,2025-08-07,568.61,Transferencia,Completado
PG-03125,C-003125,2025-08-19,345.86,Efectivo,Completado
PG-03126,C-003126,2025-06-05,150.9,Transferencia,Completado
PG-03127,C-003127,2025-08-14,348.5,PayPal,Completado
PG-03128,C-003128,2025-06-20,583.51,Tarjeta,Completado
PG-03129,C-003129,2025-07-23,257.39,Bizum,Completado
PG-03130,C-003130,2025-06-07,1587.6,Tarjeta,Completado
PG-03131,C-003131,2025-07-22,1122.0,Amazon Pay,Completado
PG-03132,C-003132,2025-08-15,283.04,Transferencia,Completado
PG-03133,C-003133,2025-07-18,469.47,Transferencia,Completado
PG-03134,C-003134,2025-06-20,968.21,Transferencia,Completado
PG-03135,C-003135,2025-07-30,542.14,Tarjeta,Completado
PG-03136,C-003136,2025-06-23,573.8,Tarjeta,Completado
PG-03137,C-003137,2025-08-24,920.24,Amazon Pay,Completado
PG-03138,C-003138,2025-06-12,540.88,Tarjeta,Completado
PG-03139,C-003139,2025-08-27,744.76,Tarjeta,Completado
PG-03140,C-003140,2025-06-29,838.23,Tarjeta,Pendiente
PG-03141,C-003141,2025-08-27,1120.23,Amazon Pay,Completado
PG-03142,C-003142,2025-08-03,1392.71,Bizum,Completado
PG-03143,C-003143,2025-06-20,204.8,Amazon Pay,Completado
PG-03144,C-003144,2025-07-10,801.93,Tarjeta,Completado
PG-03145,C-003145,2025-08-05,497.44,Transferencia,Completado
PG-03146,C-003146,2025-06-27,1500.63,Transferencia,Completado
PG-03147,C-003147,2025-06-24,108.94,Tarjeta,Completado
PG-03148,C-003148,2025-07-29,139.8,Transferencia,Completado
PG-03149,C-003149,2025-06-27,176.34,Tarjeta,Fallido
PG-03150,C-003150,2025-06-21,967.51,Tarjeta,Completado
PG-03151,C-003151,2025-07-15,192.28,Bizum,Pendiente
PG-03152,C-003152,2025-06-02,39.2,Transferencia,Completado
PG-03153,C-003153,2025-06-22,1302.0,Tarjeta,Completado
PG-03154,C-003154,2025-06-29,252.35,PayPal,Completado
PG-03155,C-003155,2025-06-21,414.78,Tarjeta,Completado
PG-03156,C-003156,2025-08-28,1380.3,Tarjeta,Completado
PG-03157,C-003157,2025-07-21,960.9,Tarjeta,Completado
PG-03158,C-003158,2025-08-17,450.28,Tarjeta,Completado
PG-03159,C-003159,2025-06-18,1132.93,Tarjeta,Completado
PG-03160,C-003160,2025-07-19,824.26,Transferencia,Completado
PG-03161,C-003161,2025-07-13,351.3,Transferencia,Completado
PG-03162,C-003162,2025-06-02,1621.58,Amazon Pay,Completado
PG-03163,C-003163,2025-08-25,979.4,Transferencia,Pendiente
PG-03164,C-003164,2025-08-10,982.78,Tarjeta,Completado
PG-03165,C-003165,2025-06-30,1329.3,Tarjeta,Completado
PG-03166,C-003166,2025-08-20,445.9,Transferencia,Completado
PG-03167,C-003167,2025-08-26,934.91,Tarjeta,Completado
PG-03168,C-003168,2025-07-16,215.35,PayPal,Completado
PG-03169,C-003169,2025-08-25,590.42,Tarjeta,Completado
PG-03170,C-003170,2025-06-29,61.5,Tarjeta,Completado
PG-03171,C-003171,2025-07-13,1028.52,Transferencia,Completado
PG-03172,C-003172,2025-08-09,210.39,PayPal,Completado
PG-03173,C-003173,2025-06-16,921.05,PayPal,Completado
PG-03174,C-003174,2025-07-29,1178.16,Tarjeta,Completado
PG-03175,C-003175,2025-06-28,616.83,Tarjeta,Pendiente
PG-03176,C-003176,2025-07-08,320.52,Transferencia,Completado
PG-03177,C-003177,2025-07-05,1372.38,Transferencia,Completado
PG-03178,C-003178,2025-08-05,438.7,Tarjeta,Completado
PG-03179,C-003179,2025-07-27,978.58,Tarjeta,Completado
PG-03180,C-003180,2025-07-13,875.98,Amazon Pay,Completado
PG-03181,C-003181,2025-06-23,303.03,Transferencia,Completado
PG-03182,C-003182,2025-07-02,412.35,Tarjeta,Completado
PG-03183,C-003183,2025-06-10,632.18,Tarjeta,Pendiente
PG-03184,C-003184,2025-06-24,120.25,PayPal,Completado
PG-03185,C-003185,2025-06-18,1335.77,Tarjeta,Completado
PG-03186,C-003186,2025-07-18,600.47,Tarjeta,Completado
PG-03187,C-003187,2025-08-27,99.52,Transferencia,Completado
PG-03188,C-003188,2025-08-21,742.11,Efectivo,Completado
PG-03189,C-003189,2025-08-28,1643.47,Bizum,Completado
PG-03190,C-003190,2025-06-24,593.71,Transferencia,Pendiente
PG-03191,C-003191,2025-06-11,159.48,Amazon Pay,Completado
PG-03192,C-003192,2025-06-27,701.99,PayPal,Completado
PG-03193,C-003193,2025-07-14,59.58,Transferencia,Completado
PG-03194,C-003194,2025-08-03,306.68,Efectivo,Completado
PG-03195,C-003195,2025-06-06,864.88,Transferencia,Completado
PG-03196,C-003196,2025-06-16,162.8,Amazon Pay,Completado
PG-03197,C-003197,2025-08-28,989.48,Efectivo,Completado
PG-03198,C-003198,2025-06-28,200.98,Efectivo,Completado
PG-03199,C-003199,2025-07-04,687.76,Tarjeta,Fallido
PG-03200,C-003200,2025-06-04,865.43,PayPal,Completado
PG-03201,C-003201,2025-07-28,9.36,Efectivo,Completado
PG-03202,C-003202,2025-08-15,134.73,PayPal,Completado
PG-03203,C-003203,2025-06-18,677.17,Transferencia,Completado
PG-03204,C-003204,2025-08-01,28.96,Tarjeta,Completado
PG-03205,C-003205,2025-08-18,326.95,Transferencia,Completado
PG-03206,C-003206,2025-07-25,1797.58,Bizum,Completado
PG-03207,C-003207,2025-08-30,281.43,PayPal,Completado
PG-03208,C-003208,2025-07-01,765.13,Tarjeta,Completado
PG-03209,C-003209,2025-07-10,779.63,Transferencia,Completado
PG-03210,C-003210,2025-07-22,506.8,Tarjeta,Completado
PG-03211,C-003211,2025-07-22,474.69,Efectivo,Fallido
PG-03212,C-003212,2025-07-05,650.3,Transferencia,Completado
PG-03213,C-003213,2025-07-28,1584.92,Tarjeta,Completado
PG-03214,C-003214,2025-08-29,1030.61,Amazon Pay,Completado
PG-03215,C-003215,2025-06-02,534.99,Tarjeta,Completado
PG-03216,C-003216,2025-08-16,1347.06,Bizum,Completado
PG-03217,C-003217,2025-07-27,592.06,Efectivo,Completado
PG-03218,C-003218,2025-07-15,67.27,Bizum,Completado
PG-03219,C-003219,2025-08-12,223.53,Tarjeta,Completado
PG-03220,C-003220,2025-08-28,143.76,Transferencia,Completado
PG-03221,C-003221,2025-07-19,689.68,Tarjeta,Completado
PG-03222,C-003222,2025-06-14,324.55,Transferencia,Completado
PG-03223,C-003223,2025-07-27,289.72,Bizum,Completado
PG-03224,C-003224,2025-07-12,584.02,Transferencia,Completado
PG-03225,C-003225,2025-06-26,360.52,Amazon Pay,Completado
PG-03226,C-003226,2025-07-02,1562.5,Transferencia,Completado
PG-03227,C-003227,2025-08-05,448.35,Tarjeta,Completado
PG-03228,C-003228,2025-08-04,500.76,Transferencia,Pendiente
PG-03229,C-003229,2025-06-09,1179.49,Bizum,Pendiente
PG-03230,C-003230,2025-06-30,463.28,PayPal,Completado
PG-03231,C-003231,2025-08-18,568.96,Transferencia,Completado
PG-03232,C-003232,2025-06-22,1112.36,Tarjeta,Completado
PG-03233,C-003233,2025-08-22,82.74,Tarjeta,Completado
PG-03234,C-003234,2025-07-10,926.22,Amazon Pay,Completado
PG-03235,C-003235,2025-06-05,762.07,Tarjeta,Completado
PG-03236,C-003236,2025-07-08,639.82,Transferencia,Completado
PG-03237,C-003237,2025-07-05,1577.79,Bizum,Completado
PG-03238,C-003238,2025-08-22,672.79,PayPal,Completado
PG-03239,C-003239,2025-07-04,1251.73,Bizum,Completado
PG-03240,C-003240,2025-08-22,14.26,Tarjeta,Completado
PG-03241,C-003241,2025-06-17,1126.57,Transferencia,Completado
PG-03242,C-003242,2025-08-14,1249.45,Transferencia,Pendiente
PG-03243,C-003243,2025-07-10,655.36,Amazon Pay,Completado
PG-03244,C-003244,2025-07-02,1167.92,Bizum,Completado
PG-03245,C-003245,2025-07-09,133.92,Transferencia,Completado
PG-03246,C-003246,2025-06-02,237.07,Transferencia,Completado
PG-03247,C-003247,2025-07-17,520.59,Transferencia,Completado
PG-03248,C-003248,2025-06-15,1305.39,Transferencia,Completado
PG-03249,C-003249,2025-06-13,510.99,Amazon Pay,Completado
PG-03250,C-003250,2025-06-04,519.17,Transferencia,Completado
PG-03251,C-003251,2025-07-27,350.2,Efectivo,Completado
PG-03252,C-003252,2025-07-19,143.49,Tarjeta,Completado
PG-03253,C-003253,2025-08-18,1829.55,Bizum,Completado
PG-03254,C-003254,2025-06-22,84.81,Efectivo,Completado
PG-03255,C-003255,2025-08-02,866.85,Tarjeta,Completado
PG-03256,C-003256,2025-05-31,735.52,Transferencia,Pendiente
PG-03257,C-003257,2025-06-13,209.14,Transferencia,Completado
PG-03258,C-003258,2025-07-06,462.63,Bizum,Completado
PG-03259,C-003259,2025-06-02,766.22,Amazon Pay,Completado
PG-03260,C-003260,2025-06-19,146.8,Efectivo,Completado
PG-03261,C-003261,2025-06-02,611.98,PayPal,Completado
PG-03262,C-003262,2025-08-29,919.97,Transferencia,Completado
PG-03263,C-003263,2025-07-23,547.58,Transferencia,Completado
PG-03264,C-003264,2025-06-23,831.76,Tarjeta,Pendiente
PG-03265,C-003265,2025-07-08,1190.96,Bizum,Completado
PG-03266,C-003266,2025-06-09,843.41,Tarjeta,Completado
PG-03267,C-003267,2025-07-24,432.28,Transferencia,Completado
PG-03268,C-003268,2025-06-08,567.56,Tarjeta,Completado
PG-03269,C-003269,2025-06-19,444.44,Transferencia,Completado
PG-03270,C-003270,2025-08-29,246.76,Bizum,Completado
PG-03271,C-003271,2025-07-25,275.78,Transferencia,Fallido
PG-03272,C-003272,2025-07-17,1692.32,Amazon Pay,Completado
PG-03273,C-003273,2025-07-09,809.06,Tarjeta,Completado
PG-03274,C-003274,2025-07-19,1562.03,Transferencia,Completado
PG-03275,C-003275,2025-08-18,765.71,Efectivo,Completado
PG-03276,C-003276,2025-08-27,75.39,Transferencia,Completado
PG-03277,C-003277,2025-08-27,130.79,Tarjeta,Completado
PG-03278,C-003278,2025-07-02,467.88,Transferencia,Completado
PG-03279,C-003279,2025-07-28,529.6,Tarjeta,Completado
PG-03280,C-003280,2025-08-17,127.29,Transferencia,Fallido
PG-03281,C-003281,2025-06-03,194.54,Tarjeta,Completado
PG-03282,C-003282,2025-08-02,230.7,Bizum,Completado
PG-03283,C-003283,2025-08-12,1228.45,Tarjeta,Completado
PG-03284,C-003284,2025-08-18,1318.64,Transferencia,Pendiente
PG-03285,C-003285,2025-07-12,1221.25,Transferencia,Completado
PG-03286,C-003286,2025-07-11,789.29,Transferencia,Completado
PG-03287,C-003287,2025-06-19,1173.4,Tarjeta,Completado
PG-03288,C-003288,2025-08-03,211.56,Transferencia,Completado
PG-03289,C-003289,2025-08-19,634.18,Transferencia,Completado
PG-03290,C-003290,2025-07-27,813.85,Tarjeta,Completado
PG-03291,C-003291,2025-07-13,188.65,Transferencia,Completado
PG-03292,C-003292,2025-07-03,844.92,Transferencia,Pendiente
PG-03293,C-003293,2025-07-21,932.08,Tarjeta,Completado
PG-03294,C-003294,2025-06-13,955.09,PayPal,Completado
PG-03295,C-003295,2025-06-09,335.49,Transferencia,Completado
PG-03296,C-003296,2025-08-06,283.51,PayPal,Completado
PG-03297,C-003297,2025-07-31,491.77,Transferencia,Completado
PG-03298,C-003298,2025-07-20,636.53,Tarjeta,Completado
PG-03299,C-003299,2025-08-21,430.54,Transferencia,Pendiente
PG-03300,C-003300,2025-07-12,131.18,Tarjeta,Completado
PG-03301,C-003301,2025-08-11,1146.27,Tarjeta,Completado
PG-03302,C-003302,2025-08-14,443.9,PayPal,Completado
PG-03303,C-003303,2025-07-05,20.26,PayPal,Fallido
PG-03304,C-003304,2025-07-06,158.32,Transferencia,Completado
PG-03305,C-003305,2025-06-08,453.39,Amazon Pay,Completado
PG-03306,C-003306,2025-06-14,448.53,Amazon Pay,Completado
PG-03307,C-003307,2025-07-24,269.16,Tarjeta,Fallido
PG-03308,C-003308,2025-07-01,1115.55,Tarjeta,Completado
PG-03309,C-003309,2025-07-17,836.75,Tarjeta,Completado
PG-03310,C-003310,2025-08-16,781.84,Tarjeta,Pendiente
PG-03311,C-003311,2025-06-07,276.16,PayPal,Completado
PG-03312,C-003312,2025-08-25,1930.81,Transferencia,Completado
PG-03313,C-003313,2025-08-09,1059.84,Amazon Pay,Completado
PG-03314,C-003314,2025-06-29,313.67,Bizum,Completado
PG-03315,C-003315,2025-06-24,937.92,Tarjeta,Pendiente
PG-03316,C-003316,2025-06-13,783.46,Tarjeta,Completado
PG-03317,C-003317,2025-07-01,19.14,Transferencia,Pendiente
PG-03318,C-003318,2025-06-15,900.26,Tarjeta,Completado
PG-03319,C-003319,2025-06-11,1130.07,PayPal,Completado
PG-03320,C-003320,2025-06-24,465.8,Tarjeta,Completado
PG-03321,C-003321,2025-06-27,296.98,Efectivo,Fallido
PG-03322,C-003322,2025-07-06,512.75,Tarjeta,Pendiente
PG-03323,C-003323,2025-06-22,773.42,Efectivo,Completado
PG-03324,C-003324,2025-06-11,331.78,Tarjeta,Completado
PG-03325,C-003325,2025-06-09,110.32,Tarjeta,Completado
PG-03326,C-003326,2025-07-15,922.95,Transferencia,Completado
PG-03327,C-003327,2025-06-17,726.58,Bizum,Completado
PG-03328,C-003328,2025-08-14,240.75,Bizum,Completado
PG-03329,C-003329,2025-07-31,363.59,Tarjeta,Completado
PG-03330,C-003330,2025-06-11,231.2,Transferencia,Completado
PG-03331,C-003331,2025-08-04,200.91,Tarjeta,Completado
PG-03332,C-003332,2025-08-26,953.31,Bizum,Completado
PG-03333,C-003333,2025-06-09,1020.32,Transferencia,Fallido
PG-03334,C-003334,2025-08-18,253.3,Transferencia,Completado
PG-03335,C-003335,2025-06-07,304.11,Transferencia,Completado
PG-03336,C-003336,2025-08-26,112.5,Bizum,Completado
PG-03337,C-003337,2025-06-11,142.98,Transferencia,Completado
PG-03338,C-003338,2025-06-28,883.76,Transferencia,Completado
PG-03339,C-003339,2025-07-18,679.54,Tarjeta,Completado
PG-03340,C-003340,2025-06-05,219.9,PayPal,Pendiente
PG-03341,C-003341,2025-07-08,1454.48,Tarjeta,Completado
PG-03342,C-003342,2025-07-31,834.73,PayPal,Pendiente
PG-03343,C-003343,2025-07-13,416.46,Tarjeta,Completado
PG-03344,C-003344,2025-08-22,532.65,Amazon Pay,Completado
PG-03345,C-003345,2025-06-21,942.82,Efectivo,Completado
PG-03346,C-003346,2025-06-03,1030.66,Transferencia,Completado
PG-03347,C-003347,2025-08-30,1328.18,Tarjeta,Completado
PG-03348,C-003348,2025-06-02,1397.4,Transferencia,Completado
PG-03349,C-003349,2025-06-28,714.7,Transferencia,Completado
PG-03350,C-003350,2025-06-19,319.92,Amazon Pay,Completado
PG-03351,C-003351,2025-06-10,566.94,Amazon Pay,Fallido
PG-03352,C-003352,2025-08-13,937.52,Efectivo,Completado
PG-03353,C-003353,2025-07-23,1532.11,Efectivo,Completado
PG-03354,C-003354,2025-08-28,587.18,Efectivo,Completado
PG-03355,C-003355,2025-06-17,134.29,Transferencia,Completado
PG-03356,C-003356,2025-07-27,1863.26,Bizum,Completado
PG-03357,C-003357,2025-08-20,867.13,PayPal,Completado
PG-03358,C-003358,2025-08-23,1086.65,PayPal,Pendiente
PG-03359,C-003359,2025-08-15,802.83,Transferencia,Completado
PG-03360,C-003360,2025-06-28,954.67,Tarjeta,Fallido
PG-03361,C-003361,2025-06-12,1159.52,Transferencia,Completado
PG-03362,C-003362,2025-08-22,253.3,PayPal,Pendiente
PG-03363,C-003363,2025-06-02,338.39,Tarjeta,Completado
PG-03364,C-003364,2025-06-29,142.07,Amazon Pay,Pendiente
PG-03365,C-003365,2025-07-10,519.93,Tarjeta,Completado
PG-03366,C-003366,2025-07-22,105.14,Tarjeta,Completado
PG-03367,C-003367,2025-06-20,1011.24,Tarjeta,Completado
PG-03368,C-003368,2025-06-10,639.52,Transferencia,Completado
PG-03369,C-003369,2025-06-20,298.05,Efectivo,Completado
PG-03370,C-003370,2025-06-20,1716.3,PayPal,Pendiente
PG-03371,C-003371,2025-07-10,577.08,Efectivo,Completado
PG-03372,C-003372,2025-07-13,61.2,Transferencia,Completado
PG-03373,C-003373,2025-07-03,102.94,Tarjeta,Completado
PG-03374,C-003374,2025-06-16,279.84,Amazon Pay,Completado
PG-03375,C-003375,2025-07-07,259.95,Transferencia,Completado
PG-03376,C-003376,2025-07-23,879.11,Transferencia,Pendiente
PG-03377,C-003377,2025-08-11,11.56,Transferencia,Completado
PG-03378,C-003378,2025-07-26,451.07,Bizum,Completado
PG-03379,C-003379,2025-08-19,505.52,Transferencia,Completado
PG-03380,C-003380,2025-08-20,1509.28,PayPal,Completado
PG-03381,C-003381,2025-06-30,281.58,Transferencia,Pendiente
PG-03382,C-003382,2025-07-12,290.96,Transferencia,Completado
PG-03383,C-003383,2025-08-09,1761.85,PayPal,Completado
PG-03384,C-003384,2025-07-19,652.24,Amazon Pay,Pendiente
PG-03385,C-003385,2025-06-22,93.17,Tarjeta,Completado
PG-03386,C-003386,2025-07-10,114.5,Bizum,Completado
PG-03387,C-003387,2025-06-21,1126.43,Tarjeta,Completado
PG-03388,C-003388,2025-08-25,284.07,PayPal,Completado
PG-03389,C-003389,2025-08-21,1216.53,Tarjeta,Completado
PG-03390,C-003390,2025-08-18,793.97,Transferencia,Pendiente
PG-03391,C-003391,2025-06-12,1195.33,Transferencia,Completado
PG-03392,C-003392,2025-07-01,1478.48,Tarjeta,Completado
PG-03393,C-003393,2025-08-25,423.17,Amazon Pay,Completado
PG-03394,C-003394,2025-07-29,599.83,Amazon Pay,Fallido
PG-03395,C-003395,2025-06-05,261.23,Bizum,Completado
PG-03396,C-003396,2025-07-24,610.96,Bizum,Completado
PG-03397,C-003397,2025-07-31,460.04,Transferencia,Completado
PG-03398,C-003398,2025-08-14,833.19,Transferencia,Completado
PG-03399,C-003399,2025-07-07,339.8,Transferencia,Completado
PG-03400,C-003400,2025-07-10,280.6,PayPal,Completado
PG-03401,C-003401,2025-08-11,659.08,Bizum,Pendiente
PG-03402,C-003402,2025-07-02,151.81,Amazon Pay,Completado
PG-03403,C-003403,2025-08-13,304.05,Bizum,Completado
PG-03404,C-003404,2025-07-09,651.07,Transferencia,Completado
PG-03405,C-003405,2025-07-07,470.14,Efectivo,Completado
PG-03406,C-003406,2025-08-20,339.17,Tarjeta,Completado
PG-03407,C-003407,2025-06-21,615.79,Tarjeta,Completado
PG-03408,C-003408,2025-07-30,1364.1,Bizum,Completado
PG-03409,C-003409,2025-06-09,904.46,Amazon Pay,Completado
PG-03410,C-003410,2025-08-24,405.3,Transferencia,Completado
PG-03411,C-003411,2025-07-21,160.62,Tarjeta,Pendiente
PG-03412,C-003412,2025-08-26,1117.97,Tarjeta,Completado
PG-03413,C-003413,2025-06-18,484.56,Transferencia,Completado
PG-03414,C-003414,2025-07-31,634.15,Transferencia,Pendiente
PG-03415,C-003415,2025-07-23,426.32,Bizum,Completado
PG-03416,C-003416,2025-07-22,1013.05,Amazon Pay,Completado
PG-03417,C-003417,2025-06-14,671.28,Transferencia,Completado
PG-03418,C-003418,2025-06-29,711.83,Efectivo,Completado
PG-03419,C-003419,2025-07-04,1568.81,Amazon Pay,Pendiente
PG-03420,C-003420,2025-07-09,138.72,Tarjeta,Completado
PG-03421,C-003421,2025-08-10,1315.76,Amazon Pay,Completado
PG-03422,C-003422,2025-07-21,849.14,Amazon Pay,Completado
PG-03423,C-003423,2025-08-12,207.49,Transferencia,Completado
PG-03424,C-003424,2025-07-20,41.99,Tarjeta,Completado
PG-03425,C-003425,2025-06-05,58.55,Transferencia,Completado
PG-03426,C-003426,2025-07-19,1397.54,Transferencia,Completado
PG-03427,C-003427,2025-06-11,558.68,PayPal,Completado
PG-03428,C-003428,2025-06-26,354.44,PayPal,Completado
PG-03429,C-003429,2025-06-13,216.2,Tarjeta,Completado
PG-03430,C-003430,2025-08-06,669.62,Transferencia,Completado
PG-03431,C-003431,2025-08-19,122.69,Bizum,Pendiente
PG-03432,C-003432,2025-08-30,603.95,Tarjeta,Completado
PG-03433,C-003433,2025-06-19,369.52,Transferencia,Completado
PG-03434,C-003434,2025-06-08,323.7,Bizum,Completado
PG-03435,C-003435,2025-07-14,121.97,Transferencia,Completado
PG-03436,C-003436,2025-06-24,98.47,Transferencia,Completado
PG-03437,C-003437,2025-06-06,470.64,Amazon Pay,Completado
PG-03438,C-003438,2025-08-16,305.67,Transferencia,Completado
PG-03439,C-003439,2025-07-12,762.03,Bizum,Completado
PG-03440,C-003440,2025-06-09,510.64,Tarjeta,Completado
PG-03441,C-003441,2025-06-21,214.33,Bizum,Completado
PG-03442,C-003442,2025-07-19,8.14,Bizum,Completado
PG-03443,C-003443,2025-08-27,184.88,Tarjeta,Completado
PG-03444,C-003444,2025-08-27,174.02,PayPal,Completado
PG-03445,C-003445,2025-05-31,942.58,Transferencia,Pendiente
PG-03446,C-003446,2025-07-29,57.55,Tarjeta,Completado
PG-03447,C-003447,2025-08-15,958.4,Tarjeta,Completado
PG-03448,C-003448,2025-08-25,359.26,Transferencia,Completado
PG-03449,C-003449,2025-06-17,225.4,PayPal,Completado
PG-03450,C-003450,2025-08-13,658.28,Tarjeta,Completado
PG-03451,C-003451,2025-07-26,242.04,Efectivo,Completado
PG-03452,C-003452,2025-06-22,385.58,Transferencia,Completado
PG-03453,C-003453,2025-08-26,499.89,Transferencia,Completado
PG-03454,C-003454,2025-06-15,445.39,Bizum,Completado
PG-03455,C-003455,2025-08-13,675.54,Transferencia,Completado
PG-03456,C-003456,2025-08-10,952.8,PayPal,Completado
PG-03457,C-003457,2025-07-04,466.32,Transferencia,Completado
PG-03458,C-003458,2025-08-07,297.23,PayPal,Pendiente
PG-03459,C-003459,2025-06-01,240.56,Bizum,Completado
PG-03460,C-003460,2025-05-31,347.45,PayPal,Pendiente
PG-03461,C-003461,2025-07-23,369.38,Transferencia,Completado
PG-03462,C-003462,2025-07-27,215.31,Tarjeta,Completado
PG-03463,C-003463,2025-07-22,639.14,Tarjeta,Completado
PG-03464,C-003464,2025-07-24,1583.56,Transferencia,Completado
PG-03465,C-003465,2025-06-09,88.16,Tarjeta,Completado
PG-03466,C-003466,2025-06-21,387.12,Transferencia,Completado
PG-03467,C-003467,2025-06-10,1727.01,Transferencia,Completado
PG-03468,C-003468,2025-07-10,504.79,Efectivo,Completado
PG-03469,C-003469,2025-06-08,688.26,Amazon Pay,Completado
PG-03470,C-003470,2025-08-28,170.98,PayPal,Completado
PG-03471,C-003471,2025-06-07,771.41,PayPal,Fallido
PG-03472,C-003472,2025-06-12,1001.24,Tarjeta,Completado
PG-03473,C-003473,2025-07-04,157.39,Transferencia,Completado
PG-03474,C-003474,2025-07-07,84.64,Transferencia,Completado
PG-03475,C-003475,2025-08-16,562.98,Efectivo,Completado
PG-03476,C-003476,2025-08-03,431.38,Transferencia,Completado
PG-03477,C-003477,2025-08-25,904.9,Amazon Pay,Completado
PG-03478,C-003478,2025-06-23,1171.76,Tarjeta,Completado
PG-03479,C-003479,2025-07-21,748.08,Bizum,Completado
PG-03480,C-003480,2025-06-29,365.84,Transferencia,Completado
PG-03481,C-003481,2025-07-03,999.16,Tarjeta,Completado
PG-03482,C-003482,2025-07-20,265.09,Efectivo,Completado
PG-03483,C-003483,2025-07-04,1621.02,Amazon Pay,Completado
PG-03484,C-003484,2025-08-05,162.12,Tarjeta,Completado
PG-03485,C-003485,2025-06-17,1658.09,Efectivo,Completado
PG-03486,C-003486,2025-06-23,755.88,Transferencia,Completado
PG-03487,C-003487,2025-08-25,1209.99,Tarjeta,Completado
PG-03488,C-003488,2025-08-11,825.07,Tarjeta,Completado
PG-03489,C-003489,2025-06-14,75.05,Transferencia,Completado
PG-03490,C-003490,2025-08-25,170.6,Transferencia,Completado
PG-03491,C-003491,2025-07-27,341.04,Amazon Pay,Completado
PG-03492,C-003492,2025-07-20,1099.21,PayPal,Completado
PG-03493,C-003493,2025-08-10,973.4,Transferencia,Pendiente
PG-03494,C-003494,2025-08-27,727.96,Tarjeta,Completado
PG-03495,C-003495,2025-06-30,619.1,Transferencia,Completado
PG-03496,C-003496,2025-08-12,1156.58,Transferencia,Completado
PG-03497,C-003497,2025-06-01,1308.94,Tarjeta,Completado
PG-03498,C-003498,2025-08-09,1418.72,Amazon Pay,Completado
PG-03499,C-003499,2025-08-18,310.75,Transferencia,Pendiente
PG-03500,C-003500,2025-06-16,303.15,Efectivo,Completado
PG-03501,C-003501,2025-08-15,1505.99,Tarjeta,Completado
PG-03502,C-003502,2025-06-25,468.9,Transferencia,Completado
PG-03503,C-003503,2025-06-04,783.52,PayPal,Pendiente
PG-03504,C-003504,2025-07-03,970.4,Tarjeta,Completado
PG-03505,C-003505,2025-08-10,614.52,Transferencia,Completado
PG-03506,C-003506,2025-07-27,676.24,Amazon Pay,Completado
PG-03507,C-003507,2025-08-06,164.76,Bizum,Pendiente
PG-03508,C-003508,2025-06-12,770.33,Tarjeta,Completado
PG-03509,C-003509,2025-06-03,329.19,Transferencia,Completado
PG-03510,C-003510,2025-06-26,1102.17,Tarjeta,Completado
PG-03511,C-003511,2025-07-23,409.1,Bizum,Completado
PG-03512,C-003512,2025-08-07,322.24,Transferencia,Completado
PG-03513,C-003513,2025-07-17,802.38,Tarjeta,Completado
PG-03514,C-003514,2025-06-16,1165.76,Tarjeta,Completado
PG-03515,C-003515,2025-06-19,1048.38,Tarjeta,Completado
PG-03516,C-003516,2025-08-02,435.66,Tarjeta,Completado
PG-03517,C-003517,2025-08-03,636.47,Efectivo,Completado
PG-03518,C-003518,2025-07-06,641.27,Tarjeta,Completado
PG-03519,C-003519,2025-08-23,427.0,Tarjeta,Completado
PG-03520,C-003520,2025-06-30,816.33,Efectivo,Completado
PG-03521,C-003521,2025-08-17,149.72,Transferencia,Completado
PG-03522,C-003522,2025-08-28,756.53,Transferencia,Completado
PG-03523,C-003523,2025-08-24,1661.69,Efectivo,Completado
PG-03524,C-003524,2025-07-24,348.22,Transferencia,Completado
PG-03525,C-003525,2025-08-24,45.63,Tarjeta,Completado
PG-03526,C-003526,2025-08-21,954.09,Bizum,Completado
PG-03527,C-003527,2025-06-28,738.65,PayPal,Completado
PG-03528,C-003528,2025-08-23,916.7,Transferencia,Completado
PG-03529,C-003529,2025-08-28,175.26,Bizum,Completado
PG-03530,C-003530,2025-08-08,213.58,Transferencia,Completado
PG-03531,C-003531,2025-07-03,1134.27,PayPal,Completado
PG-03532,C-003532,2025-08-03,983.62,Transferencia,Completado
PG-03533,C-003533,2025-08-04,462.32,Tarjeta,Completado
PG-03534,C-003534,2025-06-24,298.32,Tarjeta,Completado
PG-03535,C-003535,2025-07-08,741.2,Transferencia,Completado
PG-03536,C-003536,2025-07-29,91.83,Bizum,Completado
PG-03537,C-003537,2025-08-24,71.9,PayPal,Completado
PG-03538,C-003538,2025-07-28,1175.3,Tarjeta,Fallido
PG-03539,C-003539,2025-06-05,777.07,Efectivo,Completado
PG-03540,C-003540,2025-08-19,1202.46,Tarjeta,Pendiente
PG-03541,C-003541,2025-06-04,42.36,Amazon Pay,Completado
PG-03542,C-003542,2025-07-03,354.97,Amazon Pay,Completado
PG-03543,C-003543,2025-07-07,392.91,Efectivo,Completado
PG-03544,C-003544,2025-08-22,374.65,Bizum,Completado
PG-03545,C-003545,2025-06-07,819.49,PayPal,Completado
PG-03546,C-003546,2025-07-16,589.77,Tarjeta,Pendiente
PG-03547,C-003547,2025-08-10,843.57,Amazon Pay,Pendiente
PG-03548,C-003548,2025-08-11,524.98,Tarjeta,Completado
PG-03549,C-003549,2025-06-29,402.03,PayPal,Completado
PG-03550,C-003550,2025-07-18,483.6,Amazon Pay,Pendiente
PG-03551,C-003551,2025-06-08,386.74,Amazon Pay,Completado
PG-03552,C-003552,2025-06-04,528.97,PayPal,Completado
PG-03553,C-003553,2025-07-12,572.87,Tarjeta,Completado
PG-03554,C-003554,2025-07-09,1179.32,Amazon Pay,Completado
PG-03555,C-003555,2025-06-19,1195.29,Tarjeta,Completado
PG-03556,C-003556,2025-08-17,168.05,Tarjeta,Completado
PG-03557,C-003557,2025-07-27,827.19,Bizum,Completado
PG-03558,C-003558,2025-07-29,1044.4,Amazon Pay,Completado
PG-03559,C-003559,2025-06-15,141.63,Tarjeta,Completado
PG-03560,C-003560,2025-08-14,866.75,Tarjeta,Completado
PG-03561,C-003561,2025-07-11,1306.23,Transferencia,Completado
PG-03562,C-003562,2025-07-08,452.93,Transferencia,Completado
PG-03563,C-003563,2025-08-29,1225.99,PayPal,Completado
PG-03564,C-003564,2025-06-14,387.52,Tarjeta,Completado
PG-03565,C-003565,2025-06-24,142.12,Bizum,Fallido
PG-03566,C-003566,2025-08-06,16.57,Efectivo,Completado
PG-03567,C-003567,2025-06-28,732.17,Tarjeta,Completado
PG-03568,C-003568,2025-08-25,478.15,PayPal,Pendiente
PG-03569,C-003569,2025-07-18,1219.83,Transferencia,Completado
PG-03570,C-003570,2025-06-28,997.6,Transferencia,Fallido
PG-03571,C-003571,2025-07-22,685.03,Tarjeta,Completado
PG-03572,C-003572,2025-08-12,292.46,Tarjeta,Completado
PG-03573,C-003573,2025-08-15,596.77,Tarjeta,Completado
PG-03574,C-003574,2025-08-05,353.56,Transferencia,Completado
PG-03575,C-003575,2025-06-06,515.96,Efectivo,Fallido
PG-03576,C-003576,2025-07-04,382.34,Tarjeta,Pendiente
PG-03577,C-003577,2025-08-11,1586.76,Tarjeta,Fallido
PG-03578,C-003578,2025-07-24,382.06,Tarjeta,Completado
PG-03579,C-003579,2025-07-16,467.06,PayPal,Fallido
PG-03580,C-003580,2025-07-21,2054.48,Amazon Pay,Completado
PG-03581,C-003581,2025-08-05,472.92,Transferencia,Completado
PG-03582,C-003582,2025-06-26,1144.06,Transferencia,Pendiente
PG-03583,C-003583,2025-06-06,173.74,Tarjeta,Completado
PG-03584,C-003584,2025-07-29,248.5,Transferencia,Completado
PG-03585,C-003585,2025-08-20,1581.61,Tarjeta,Completado
PG-03586,C-003586,2025-07-22,357.95,Tarjeta,Completado
PG-03587,C-003587,2025-07-26,564.84,Tarjeta,Completado
PG-03588,C-003588,2025-08-21,438.11,Transferencia,Completado
PG-03589,C-003589,2025-07-30,535.58,Transferencia,Completado
PG-03590,C-003590,2025-08-14,209.4,Amazon Pay,Completado
PG-03591,C-003591,2025-07-22,364.72,Tarjeta,Completado
PG-03592,C-003592,2025-08-20,363.47,Amazon Pay,Completado
PG-03593,C-003593,2025-07-28,871.82,Amazon Pay,Completado
PG-03594,C-003594,2025-06-24,722.31,Tarjeta,Completado
PG-03595,C-003595,2025-06-07,134.25,Transferencia,Completado
PG-03596,C-003596,2025-07-11,235.2,Transferencia,Completado
PG-03597,C-003597,2025-06-19,433.2,PayPal,Completado
PG-03598,C-003598,2025-08-25,609.39,Transferencia,Completado
PG-03599,C-003599,2025-06-08,537.7,Transferencia,Pendiente
PG-03600,C-003600,2025-07-07,249.02,Tarjeta,Completado
PG-03601,C-003601,2025-07-13,988.89,Transferencia,Completado
PG-03602,C-003602,2025-08-03,1202.33,Transferencia,Completado
PG-03603,C-003603,2025-08-12,283.35,Transferencia,Pendiente
PG-03604,C-003604,2025-06-30,504.5,Amazon Pay,Completado
PG-03605,C-003605,2025-07-24,269.73,Efectivo,Completado
PG-03606,C-003606,2025-08-13,436.74,Tarjeta,Pendiente
PG-03607,C-003607,2025-07-06,640.25,Transferencia,Completado
PG-03608,C-003608,2025-06-13,734.59,Tarjeta,Completado
PG-03609,C-003609,2025-06-15,461.84,Transferencia,Completado
PG-03610,C-003610,2025-07-22,1273.99,Tarjeta,Completado
PG-03611,C-003611,2025-08-24,429.07,Amazon Pay,Completado
PG-03612,C-003612,2025-08-21,239.15,Bizum,Completado
PG-03613,C-003613,2025-08-27,46.04,Bizum,Completado
PG-03614,C-003614,2025-08-15,224.12,Efectivo,Completado
PG-03615,C-003615,2025-06-08,616.93,Transferencia,Completado
PG-03616,C-003616,2025-08-25,140.58,Transferencia,Completado
PG-03617,C-003617,2025-06-24,774.3,Efectivo,Completado
PG-03618,C-003618,2025-06-15,1077.04,Transferencia,Completado
PG-03619,C-003619,2025-07-05,36.63,Tarjeta,Completado
PG-03620,C-003620,2025-07-30,597.14,Transferencia,Pendiente
PG-03621,C-003621,2025-08-17,1079.53,Bizum,Completado
PG-03622,C-003622,2025-08-21,650.65,PayPal,Pendiente
PG-03623,C-003623,2025-07-11,315.1,Transferencia,Completado
PG-03624,C-003624,2025-06-02,49.2,Tarjeta,Completado
PG-03625,C-003625,2025-05-31,588.9,Tarjeta,Completado
PG-03626,C-003626,2025-08-11,238.2,Bizum,Completado
PG-03627,C-003627,2025-06-16,1651.34,Tarjeta,Completado
PG-03628,C-003628,2025-08-05,1101.24,PayPal,Completado
PG-03629,C-003629,2025-07-31,449.47,Efectivo,Completado
PG-03630,C-003630,2025-06-09,283.14,Transferencia,Pendiente
PG-03631,C-003631,2025-07-06,1067.16,Transferencia,Completado
PG-03632,C-003632,2025-06-21,333.24,Bizum,Completado
PG-03633,C-003633,2025-07-17,138.33,Transferencia,Completado
PG-03634,C-003634,2025-07-08,857.09,PayPal,Pendiente
PG-03635,C-003635,2025-08-12,1308.67,Efectivo,Fallido
PG-03636,C-003636,2025-06-20,960.47,Transferencia,Completado
PG-03637,C-003637,2025-08-19,767.62,Transferencia,Completado
PG-03638,C-003638,2025-08-30,193.26,Tarjeta,Completado
PG-03639,C-003639,2025-08-12,1239.99,Bizum,Completado
PG-03640,C-003640,2025-06-18,111.14,Bizum,Completado
PG-03641,C-003641,2025-08-02,585.88,Transferencia,Completado
PG-03642,C-003642,2025-06-10,310.85,Tarjeta,Completado
PG-03643,C-003643,2025-06-06,448.5,Tarjeta,Completado
PG-03644,C-003644,2025-07-11,142.11,Bizum,Completado
PG-03645,C-003645,2025-07-31,1545.99,Amazon Pay,Fallido
PG-03646,C-003646,2025-07-30,430.12,Transferencia,Fallido
PG-03647,C-003647,2025-07-26,121.47,Transferencia,Completado
PG-03648,C-003648,2025-08-08,469.37,Tarjeta,Completado
PG-03649,C-003649,2025-07-17,42.25,Transferencia,Completado
PG-03650,C-003650,2025-06-15,858.93,Tarjeta,Completado
PG-03651,C-003651,2025-08-18,1238.4,Transferencia,Completado
PG-03652,C-003652,2025-06-26,356.42,Transferencia,Completado
PG-03653,C-003653,2025-07-13,976.92,Transferencia,Pendiente
PG-03654,C-003654,2025-07-06,845.67,Efectivo,Completado
PG-03655,C-003655,2025-07-29,1064.55,Tarjeta,Completado
PG-03656,C-003656,2025-08-12,620.88,Transferencia,Completado
PG-03657,C-003657,2025-07-29,934.42,Transferencia,Completado
PG-03658,C-003658,2025-07-04,368.64,Tarjeta,Pendiente
PG-03659,C-003659,2025-06-09,318.72,Bizum,Completado
PG-03660,C-003660,2025-07-12,494.75,Transferencia,Completado
PG-03661,C-003661,2025-08-12,89.13,Transferencia,Completado
PG-03662,C-003662,2025-08-02,1587.94,Transferencia,Completado
PG-03663,C-003663,2025-08-09,663.6,Efectivo,Completado
PG-03664,C-003664,2025-08-26,1249.62,Efectivo,Completado
PG-03665,C-003665,2025-06-11,356.64,Efectivo,Completado
PG-03666,C-003666,2025-06-18,342.53,Tarjeta,Completado
PG-03667,C-003667,2025-07-16,743.04,Tarjeta,Completado
PG-03668,C-003668,2025-08-16,520.74,Bizum,Completado
PG-03669,C-003669,2025-07-05,76.12,Tarjeta,Fallido
PG-03670,C-003670,2025-08-03,833.34,Transferencia,Completado
PG-03671,C-003671,2025-08-14,468.65,Transferencia,Completado
PG-03672,C-003672,2025-06-15,493.48,Bizum,Completado
PG-03673,C-003673,2025-07-05,1018.56,Efectivo,Completado
PG-03674,C-003674,2025-06-27,1305.95,Tarjeta,Pendiente
PG-03675,C-003675,2025-07-12,984.73,PayPal,Completado
PG-03676,C-003676,2025-08-19,1151.48,Tarjeta,Completado
PG-03677,C-003677,2025-08-10,24.51,Tarjeta,Completado
PG-03678,C-003678,2025-08-13,225.38,Bizum,Completado
PG-03679,C-003679,2025-06-21,523.13,PayPal,Completado
PG-03680,C-003680,2025-07-26,1568.93,Bizum,Completado
PG-03681,C-003681,2025-08-12,728.76,PayPal,Completado
PG-03682,C-003682,2025-06-16,515.9,Tarjeta,Completado
PG-03683,C-003683,2025-07-19,1133.22,Tarjeta,Completado
PG-03684,C-003684,2025-08-05,761.01,Transferencia,Completado
PG-03685,C-003685,2025-06-25,838.8,Transferencia,Pendiente
PG-03686,C-003686,2025-07-06,1659.35,Efectivo,Fallido
PG-03687,C-003687,2025-08-28,436.55,PayPal,Completado
PG-03688,C-003688,2025-08-14,1473.82,Tarjeta,Completado
PG-03689,C-003689,2025-07-30,96.47,Transferencia,Pendiente
PG-03690,C-003690,2025-07-09,714.16,Transferencia,Completado
PG-03691,C-003691,2025-07-30,500.22,Transferencia,Completado
PG-03692,C-003692,2025-08-20,621.29,Amazon Pay,Pendiente
PG-03693,C-003693,2025-08-14,218.76,Tarjeta,Completado
PG-03694,C-003694,2025-08-25,202.51,PayPal,Completado
PG-03695,C-003695,2025-08-08,695.12,PayPal,Completado
PG-03696,C-003696,2025-06-08,668.58,PayPal,Completado
PG-03697,C-003697,2025-07-13,80.1,PayPal,Completado
PG-03698,C-003698,2025-07-14,1127.81,PayPal,Completado
PG-03699,C-003699,2025-06-28,369.72,Bizum,Completado
PG-03700,C-003700,2025-06-01,286.36,Transferencia,Pendiente
PG-03701,C-003701,2025-08-06,1247.5,Bizum,Completado
PG-03702,C-003702,2025-06-15,418.95,Bizum,Completado
PG-03703,C-003703,2025-05-31,1127.8,Tarjeta,Fallido
PG-03704,C-003704,2025-07-29,136.55,Tarjeta,Completado
PG-03705,C-003705,2025-06-14,624.12,Transferencia,Completado
PG-03706,C-003706,2025-08-18,214.84,Bizum,Completado
PG-03707,C-003707,2025-08-05,873.7,Tarjeta,Pendiente
PG-03708,C-003708,2025-08-26,182.64,PayPal,Completado
PG-03709,C-003709,2025-07-18,858.84,Efectivo,Completado
PG-03710,C-003710,2025-06-11,324.63,Tarjeta,Completado
PG-03711,C-003711,2025-08-13,927.51,Tarjeta,Fallido
PG-03712,C-003712,2025-07-22,1039.36,Transferencia,Completado
PG-03713,C-003713,2025-06-19,812.63,Tarjeta,Completado
PG-03714,C-003714,2025-08-11,282.44,Transferencia,Pendiente
PG-03715,C-003715,2025-06-06,812.41,PayPal,Completado
PG-03716,C-003716,2025-06-21,1386.57,Bizum,Completado
PG-03717,C-003717,2025-06-30,252.45,Tarjeta,Pendiente
PG-03718,C-003718,2025-08-26,281.2,Tarjeta,Pendiente
PG-03719,C-003719,2025-06-22,400.91,Amazon Pay,Pendiente
PG-03720,C-003720,2025-07-24,695.18,Amazon Pay,Completado
PG-03721,C-003721,2025-06-05,809.23,Tarjeta,Completado
PG-03722,C-003722,2025-07-30,670.3,Transferencia,Completado
PG-03723,C-003723,2025-08-08,66.65,Tarjeta,Fallido
PG-03724,C-003724,2025-08-09,785.16,PayPal,Pendiente
PG-03725,C-003725,2025-06-01,461.46,Tarjeta,Completado
PG-03726,C-003726,2025-06-27,555.81,Transferencia,Pendiente
PG-03727,C-003727,2025-06-22,21.6,Tarjeta,Completado
PG-03728,C-003728,2025-08-13,72.08,Tarjeta,Completado
PG-03729,C-003729,2025-07-11,465.18,Transferencia,Completado
PG-03730,C-003730,2025-07-05,1246.99,Bizum,Completado
PG-03731,C-003731,2025-06-09,1405.49,Efectivo,Completado
PG-03732,C-003732,2025-07-31,788.97,Transferencia,Completado
PG-03733,C-003733,2025-06-04,837.99,Tarjeta,Completado
PG-03734,C-003734,2025-08-27,2.55,Tarjeta,Completado
PG-03735,C-003735,2025-08-11,1109.11,Amazon Pay,Completado
PG-03736,C-003736,2025-08-03,90.21,Transferencia,Completado
PG-03737,C-003737,2025-08-23,57.74,Tarjeta,Completado
PG-03738,C-003738,2025-06-29,204.38,Transferencia,Completado
PG-03739,C-003739,2025-08-15,735.62,PayPal,Completado
PG-03740,C-003740,2025-07-06,363.67,Efectivo,Completado
PG-03741,C-003741,2025-07-29,4.91,Tarjeta,Completado
PG-03742,C-003742,2025-06-17,1155.31,Transferencia,Completado
PG-03743,C-003743,2025-06-19,267.44,Transferencia,Completado
PG-03744,C-003744,2025-07-01,635.7,PayPal,Completado
PG-03745,C-003745,2025-05-31,420.77,Transferencia,Completado
PG-03746,C-003746,2025-07-19,999.14,Tarjeta,Completado
PG-03747,C-003747,2025-08-28,585.11,Transferencia,Completado
PG-03748,C-003748,2025-06-14,303.22,Bizum,Completado
PG-03749,C-003749,2025-08-08,1774.15,Efectivo,Completado
PG-03750,C-003750,2025-08-23,779.56,Transferencia,Fallido
PG-03751,C-003751,2025-06-19,1072.57,Tarjeta,Completado
PG-03752,C-003752,2025-06-10,97.16,Amazon Pay,Completado
PG-03753,C-003753,2025-06-05,105.36,PayPal,Completado
PG-03754,C-003754,2025-06-15,568.07,Transferencia,Completado
PG-03755,C-003755,2025-06-30,1011.25,PayPal,Completado
PG-03756,C-003756,2025-06-07,401.37,Tarjeta,Completado
PG-03757,C-003757,2025-07-25,174.03,Tarjeta,Completado
PG-03758,C-003758,2025-08-14,1057.32,Tarjeta,Fallido
PG-03759,C-003759,2025-06-19,687.92,Tarjeta,Completado
PG-03760,C-003760,2025-07-28,359.53,PayPal,Completado
PG-03761,C-003761,2025-08-03,1509.44,Tarjeta,Completado
PG-03762,C-003762,2025-08-07,1064.45,Efectivo,Completado
PG-03763,C-003763,2025-06-24,1144.81,Tarjeta,Pendiente
PG-03764,C-003764,2025-08-28,295.46,Transferencia,Completado
PG-03765,C-003765,2025-06-08,593.71,Tarjeta,Completado
PG-03766,C-003766,2025-08-06,112.84,Transferencia,Completado
PG-03767,C-003767,2025-07-04,398.65,Tarjeta,Completado
PG-03768,C-003768,2025-06-11,401.63,Transferencia,Completado
PG-03769,C-003769,2025-08-24,1002.11,Transferencia,Completado
PG-03770,C-003770,2025-06-01,1151.76,Bizum,Completado
PG-03771,C-003771,2025-06-27,1067.28,PayPal,Completado
PG-03772,C-003772,2025-06-15,451.83,Bizum,Completado
PG-03773,C-003773,2025-08-14,286.18,Efectivo,Completado
PG-03774,C-003774,2025-06-13,1779.32,Tarjeta,Completado
PG-03775,C-003775,2025-07-28,493.57,Tarjeta,Completado
PG-03776,C-003776,2025-05-31,74.28,Tarjeta,Fallido
PG-03777,C-003777,2025-06-17,123.78,PayPal,Completado
PG-03778,C-003778,2025-06-19,692.95,Tarjeta,Completado
PG-03779,C-003779,2025-08-16,945.24,Transferencia,Completado
PG-03780,C-003780,2025-08-14,399.54,Transferencia,Completado
PG-03781,C-003781,2025-07-03,904.32,Tarjeta,Pendiente
PG-03782,C-003782,2025-08-06,669.08,Efectivo,Completado
PG-03783,C-003783,2025-07-02,692.55,Amazon Pay,Completado
PG-03784,C-003784,2025-07-25,502.8,Transferencia,Completado
PG-03785,C-003785,2025-07-11,856.16,Tarjeta,Completado
PG-03786,C-003786,2025-07-18,271.58,Tarjeta,Completado
PG-03787,C-003787,2025-07-25,963.63,Amazon Pay,Completado
PG-03788,C-003788,2025-08-14,607.12,Tarjeta,Completado
PG-03789,C-003789,2025-06-17,957.45,Bizum,Completado
PG-03790,C-003790,2025-06-25,841.22,Amazon Pay,Completado
PG-03791,C-003791,2025-08-13,743.74,Tarjeta,Completado
PG-03792,C-003792,2025-06-04,923.88,Amazon Pay,Completado
PG-03793,C-003793,2025-06-02,227.66,Tarjeta,Completado
PG-03794,C-003794,2025-06-11,84.9,Amazon Pay,Completado
PG-03795,C-003795,2025-07-10,899.21,PayPal,Completado
PG-03796,C-003796,2025-06-06,689.07,Transferencia,Completado
PG-03797,C-003797,2025-08-03,573.9,Efectivo,Completado
PG-03798,C-003798,2025-07-16,590.77,Transferencia,Completado
PG-03799,C-003799,2025-06-02,642.33,Tarjeta,Completado
PG-03800,C-003800,2025-07-22,193.16,Efectivo,Completado
PG-03801,C-003801,2025-08-17,1006.34,Amazon Pay,Completado
PG-03802,C-003802,2025-06-08,82.28,Tarjeta,Completado
PG-03803,C-003803,2025-08-19,811.3,Transferencia,Completado
PG-03804,C-003804,2025-07-30,375.54,Tarjeta,Completado
PG-03805,C-003805,2025-06-12,876.37,Bizum,Completado
PG-03806,C-003806,2025-06-17,304.26,Efectivo,Pendiente
PG-03807,C-003807,2025-07-03,78.8,Efectivo,Completado
PG-03808,C-003808,2025-08-16,890.98,Tarjeta,Completado
PG-03809,C-003809,2025-06-10,385.5,Tarjeta,Pendiente
PG-03810,C-003810,2025-07-08,770.98,Amazon Pay,Completado
PG-03811,C-003811,2025-08-07,579.56,Transferencia,Completado
PG-03812,C-003812,2025-06-16,842.21,Transferencia,Completado
PG-03813,C-003813,2025-07-18,163.87,Transferencia,Completado
PG-03814,C-003814,2025-06-15,802.16,Transferencia,Completado
PG-03815,C-003815,2025-08-12,1387.84,Tarjeta,Completado
PG-03816,C-003816,2025-08-03,1068.02,Tarjeta,Completado
PG-03817,C-003817,2025-06-01,1809.06,PayPal,Completado
PG-03818,C-003818,2025-08-13,1042.04,Transferencia,Completado
PG-03819,C-003819,2025-07-11,968.89,Transferencia,Completado
PG-03820,C-003820,2025-08-21,612.32,Transferencia,Pendiente
PG-03821,C-003821,2025-08-16,553.75,Transferencia,Completado
PG-03822,C-003822,2025-06-19,1409.58,Tarjeta,Completado
PG-03823,C-003823,2025-06-07,285.72,Bizum,Completado
PG-03824,C-003824,2025-06-06,94.56,Efectivo,Completado
PG-03825,C-003825,2025-06-01,313.76,Tarjeta,Completado
PG-03826,C-003826,2025-08-02,540.15,Amazon Pay,Completado
PG-03827,C-003827,2025-06-21,1489.13,Tarjeta,Completado
PG-03828,C-003828,2025-08-15,121.76,Transferencia,Completado
PG-03829,C-003829,2025-07-25,681.25,Amazon Pay,Completado
PG-03830,C-003830,2025-06-21,843.28,Tarjeta,Completado
PG-03831,C-003831,2025-07-15,584.32,Tarjeta,Completado
PG-03832,C-003832,2025-06-30,1379.17,Bizum,Pendiente
PG-03833,C-003833,2025-07-17,586.68,Transferencia,Completado
PG-03834,C-003834,2025-06-19,1134.71,Transferencia,Pendiente
PG-03835,C-003835,2025-06-27,14.55,Efectivo,Completado
PG-03836,C-003836,2025-07-04,286.98,Transferencia,Completado
PG-03837,C-003837,2025-08-18,396.48,Tarjeta,Completado
PG-03838,C-003838,2025-07-28,116.98,Bizum,Completado
PG-03839,C-003839,2025-06-26,392.36,Transferencia,Fallido
PG-03840,C-003840,2025-08-16,703.82,Tarjeta,Completado
PG-03841,C-003841,2025-08-04,541.2,Tarjeta,Completado
PG-03842,C-003842,2025-07-12,517.59,Efectivo,Completado
PG-03843,C-003843,2025-06-06,19.3,Transferencia,Completado
PG-03844,C-003844,2025-06-11,1071.51,Transferencia,Completado
PG-03845,C-003845,2025-06-21,462.2,Transferencia,Completado
PG-03846,C-003846,2025-08-19,517.66,Tarjeta,Completado
PG-03847,C-003847,2025-06-17,123.2,Tarjeta,Completado
PG-03848,C-003848,2025-06-27,527.43,Bizum,Pendiente
PG-03849,C-003849,2025-07-17,411.48,Bizum,Completado
PG-03850,C-003850,2025-07-15,23.38,Transferencia,Completado
PG-03851,C-003851,2025-08-12,93.81,Tarjeta,Completado
PG-03852,C-003852,2025-08-12,1025.61,Tarjeta,Completado
PG-03853,C-003853,2025-08-07,348.09,Transferencia,Pendiente
PG-03854,C-003854,2025-08-10,628.81,Tarjeta,Pendiente
PG-03855,C-003855,2025-06-08,469.9,Transferencia,Completado
PG-03856,C-003856,2025-06-20,1026.21,Transferencia,Completado
PG-03857,C-003857,2025-07-28,816.25,Bizum,Completado
PG-03858,C-003858,2025-07-31,125.21,Tarjeta,Completado
PG-03859,C-003859,2025-06-08,1895.84,Tarjeta,Completado
PG-03860,C-003860,2025-07-27,571.52,Transferencia,Completado
PG-03861,C-003861,2025-07-01,76.74,PayPal,Completado
PG-03862,C-003862,2025-06-18,518.39,Transferencia,Completado
PG-03863,C-003863,2025-08-19,146.06,Transferencia,Completado
PG-03864,C-003864,2025-08-12,72.15,Tarjeta,Fallido
PG-03865,C-003865,2025-07-11,510.5,Tarjeta,Completado
PG-03866,C-003866,2025-07-07,1096.81,Tarjeta,Pendiente
PG-03867,C-003867,2025-06-11,737.48,Amazon Pay,Completado
PG-03868,C-003868,2025-07-28,206.22,Tarjeta,Pendiente
PG-03869,C-003869,2025-06-18,1345.87,Tarjeta,Fallido
PG-03870,C-003870,2025-06-11,567.35,Amazon Pay,Fallido
PG-03871,C-003871,2025-07-15,110.76,Transferencia,Completado
PG-03872,C-003872,2025-06-27,252.18,Transferencia,Completado
PG-03873,C-003873,2025-07-19,370.05,Efectivo,Completado
PG-03874,C-003874,2025-08-10,1160.05,Transferencia,Completado
PG-03875,C-003875,2025-06-19,1090.56,PayPal,Completado
PG-03876,C-003876,2025-07-18,641.4,Transferencia,Completado
PG-03877,C-003877,2025-08-29,813.9,Amazon Pay,Completado
PG-03878,C-003878,2025-08-28,1023.81,Tarjeta,Completado
PG-03879,C-003879,2025-06-07,1693.6,Tarjeta,Completado
PG-03880,C-003880,2025-06-24,450.2,Tarjeta,Completado
PG-03881,C-003881,2025-06-12,273.7,Tarjeta,Completado
PG-03882,C-003882,2025-06-02,131.72,Amazon Pay,Completado
PG-03883,C-003883,2025-06-12,265.33,Amazon Pay,Completado
PG-03884,C-003884,2025-06-06,737.5,Tarjeta,Completado
PG-03885,C-003885,2025-06-29,448.83,Tarjeta,Completado
PG-03886,C-003886,2025-06-28,632.48,PayPal,Completado
PG-03887,C-003887,2025-08-09,906.63,Tarjeta,Completado
PG-03888,C-003888,2025-06-29,1533.57,Tarjeta,Completado
PG-03889,C-003889,2025-06-05,208.67,Transferencia,Completado
PG-03890,C-003890,2025-07-26,234.26,Tarjeta,Completado
PG-03891,C-003891,2025-06-23,279.63,Transferencia,Completado
PG-03892,C-003892,2025-07-16,806.46,PayPal,Completado
PG-03893,C-003893,2025-07-21,144.2,Tarjeta,Completado
PG-03894,C-003894,2025-08-27,139.37,Bizum,Completado
PG-03895,C-003895,2025-07-30,32.67,Transferencia,Completado
PG-03896,C-003896,2025-05-31,1124.16,PayPal,Pendiente
PG-03897,C-003897,2025-06-08,535.61,PayPal,Completado
PG-03898,C-003898,2025-08-14,716.66,Tarjeta,Completado
PG-03899,C-003899,2025-08-13,383.19,Amazon Pay,Completado
PG-03900,C-003900,2025-06-11,1216.69,Efectivo,Pendiente
PG-03901,C-003901,2025-07-17,638.92,Tarjeta,Completado
PG-03902,C-003902,2025-07-02,83.96,Tarjeta,Completado
PG-03903,C-003903,2025-08-03,280.4,Tarjeta,Pendiente
PG-03904,C-003904,2025-06-07,466.57,Transferencia,Completado
PG-03905,C-003905,2025-06-29,144.44,Amazon Pay,Completado
PG-03906,C-003906,2025-06-16,380.1,Transferencia,Completado
PG-03907,C-003907,2025-07-31,761.99,Amazon Pay,Completado
PG-03908,C-003908,2025-07-18,987.17,Tarjeta,Completado
PG-03909,C-003909,2025-07-12,356.81,PayPal,Fallido
PG-03910,C-003910,2025-07-02,667.64,Amazon Pay,Completado
PG-03911,C-003911,2025-07-30,61.94,Efectivo,Completado
PG-03912,C-003912,2025-06-30,685.3,Transferencia,Pendiente
PG-03913,C-003913,2025-08-07,1356.44,Transferencia,Completado
PG-03914,C-003914,2025-07-31,1472.09,Transferencia,Completado
PG-03915,C-003915,2025-07-24,202.52,Efectivo,Completado
PG-03916,C-003916,2025-06-09,875.1,Bizum,Completado
PG-03917,C-003917,2025-06-04,475.38,Amazon Pay,Completado
PG-03918,C-003918,2025-06-19,540.8,Transferencia,Pendiente
PG-03919,C-003919,2025-06-20,257.52,PayPal,Completado
PG-03920,C-003920,2025-06-14,744.81,Bizum,Completado
PG-03921,C-003921,2025-07-25,25.56,Tarjeta,Completado
PG-03922,C-003922,2025-07-27,1194.58,Bizum,Completado
PG-03923,C-003923,2025-07-31,618.5,PayPal,Completado
PG-03924,C-003924,2025-06-12,283.95,Tarjeta,Pendiente
PG-03925,C-003925,2025-07-13,431.73,Efectivo,Completado
PG-03926,C-003926,2025-06-01,407.3,Transferencia,Pendiente
PG-03927,C-003927,2025-07-05,887.24,Transferencia,Completado
PG-03928,C-003928,2025-07-10,276.14,Transferencia,Completado
PG-03929,C-003929,2025-08-19,310.43,Transferencia,Completado
PG-03930,C-003930,2025-08-10,695.76,Transferencia,Fallido
PG-03931,C-003931,2025-06-08,16.8,Transferencia,Completado
PG-03932,C-003932,2025-06-25,965.77,Amazon Pay,Completado
PG-03933,C-003933,2025-08-09,865.94,Transferencia,Completado
PG-03934,C-003934,2025-08-22,370.32,Efectivo,Completado
PG-03935,C-003935,2025-06-26,975.88,Tarjeta,Completado
PG-03936,C-003936,2025-07-22,1257.89,PayPal,Completado
PG-03937,C-003937,2025-07-29,607.65,Transferencia,Completado
PG-03938,C-003938,2025-07-04,338.35,Amazon Pay,Completado
PG-03939,C-003939,2025-08-09,402.78,Tarjeta,Fallido
PG-03940,C-003940,2025-07-12,70.6,Tarjeta,Completado
PG-03941,C-003941,2025-06-09,1383.6,Amazon Pay,Pendiente
PG-03942,C-003942,2025-06-21,221.38,Efectivo,Completado
PG-03943,C-003943,2025-06-25,1090.12,Bizum,Completado
PG-03944,C-003944,2025-06-27,1020.12,Transferencia,Completado
PG-03945,C-003945,2025-07-06,236.36,Transferencia,Completado
PG-03946,C-003946,2025-07-10,618.03,Efectivo,Completado
PG-03947,C-003947,2025-08-17,779.27,PayPal,Completado
PG-03948,C-003948,2025-08-10,249.98,Transferencia,Fallido
PG-03949,C-003949,2025-08-11,704.36,Transferencia,Completado
PG-03950,C-003950,2025-06-21,267.05,Tarjeta,Completado
PG-03951,C-003951,2025-06-09,59.38,Efectivo,Fallido
PG-03952,C-003952,2025-06-27,434.23,Amazon Pay,Completado
PG-03953,C-003953,2025-07-27,160.55,Transferencia,Completado
PG-03954,C-003954,2025-07-14,366.84,Transferencia,Fallido
PG-03955,C-003955,2025-08-09,75.07,Tarjeta,Completado
PG-03956,C-003956,2025-07-14,703.44,Tarjeta,Completado
PG-03957,C-003957,2025-08-02,1335.8,PayPal,Completado
PG-03958,C-003958,2025-06-29,202.88,PayPal,Completado
PG-03959,C-003959,2025-08-15,887.65,Transferencia,Completado
PG-03960,C-003960,2025-05-31,317.25,Tarjeta,Pendiente
PG-03961,C-003961,2025-06-05,1083.32,Tarjeta,Completado
PG-03962,C-003962,2025-07-03,603.92,Tarjeta,Completado
PG-03963,C-003963,2025-07-23,478.16,Efectivo,Completado
PG-03964,C-003964,2025-06-12,124.7,Bizum,Completado
PG-03965,C-003965,2025-07-22,788.64,Tarjeta,Fallido
PG-03966,C-003966,2025-06-22,767.68,Tarjeta,Completado
PG-03967,C-003967,2025-07-31,360.53,Tarjeta,Completado
PG-03968,C-003968,2025-07-14,862.58,Bizum,Completado
PG-03969,C-003969,2025-06-10,97.58,Transferencia,Completado
PG-03970,C-003970,2025-08-26,1128.25,PayPal,Completado
PG-03971,C-003971,2025-06-26,1687.51,Tarjeta,Completado
PG-03972,C-003972,2025-08-12,743.84,Tarjeta,Completado
PG-03973,C-003973,2025-07-24,1180.86,Transferencia,Completado
PG-03974,C-003974,2025-08-12,947.26,Tarjeta,Completado
PG-03975,C-003975,2025-07-25,1229.17,Tarjeta,Completado
PG-03976,C-003976,2025-07-22,609.42,PayPal,Pendiente
PG-03977,C-003977,2025-08-21,82.24,PayPal,Completado
PG-03978,C-003978,2025-07-22,96.78,Tarjeta,Completado
PG-03979,C-003979,2025-08-29,405.97,Tarjeta,Completado
PG-03980,C-003980,2025-07-25,44.55,Tarjeta,Completado
PG-03981,C-003981,2025-08-22,1031.01,Transferencia,Completado
PG-03982,C-003982,2025-06-11,884.43,PayPal,Completado
PG-03983,C-003983,2025-08-20,820.95,Efectivo,Completado
PG-03984,C-003984,2025-06-09,166.48,Transferencia,Completado
PG-03985,C-003985,2025-08-10,789.72,PayPal,Completado
PG-03986,C-003986,2025-06-19,1112.18,Tarjeta,Completado
PG-03987,C-003987,2025-06-05,946.56,PayPal,Completado
PG-03988,C-003988,2025-06-28,1647.72,Tarjeta,Completado
PG-03989,C-003989,2025-07-09,1011.6,Bizum,Completado
PG-03990,C-003990,2025-06-25,597.49,PayPal,Completado
PG-03991,C-003991,2025-06-15,86.64,Bizum,Completado
PG-03992,C-003992,2025-07-21,140.84,Transferencia,Completado
PG-03993,C-003993,2025-06-09,762.08,Transferencia,Fallido
PG-03994,C-003994,2025-08-11,1364.1,Tarjeta,Fallido
PG-03995,C-003995,2025-07-29,133.52,Bizum,Completado
PG-03996,C-003996,2025-06-11,1603.11,Efectivo,Pendiente
PG-03997,C-003997,2025-06-10,550.57,Amazon Pay,Completado
PG-03998,C-003998,2025-08-03,231.82,Bizum,Completado
PG-03999,C-003999,2025-08-28,761.86,Tarjeta,Completado
PG-04000,C-004000,2025-06-04,509.43,Tarjeta,Completado
PG-04001,C-004001,2025-06-27,106.47,Bizum,Completado
PG-04002,C-004002,2025-07-14,555.66,Tarjeta,Pendiente
PG-04003,C-004003,2025-06-17,819.55,Tarjeta,Completado
PG-04004,C-004004,2025-08-24,1536.22,Efectivo,Completado
PG-04005,C-004005,2025-06-05,500.24,PayPal,Completado
PG-04006,C-004006,2025-07-15,535.28,Transferencia,Completado
PG-04007,C-004007,2025-07-30,1072.64,PayPal,Completado
PG-04008,C-004008,2025-07-27,58.53,Tarjeta,Completado
PG-04009,C-004009,2025-08-14,1109.65,Bizum,Completado
PG-04010,C-004010,2025-07-05,692.53,Efectivo,Completado
PG-04011,C-004011,2025-07-11,798.93,Transferencia,Completado
PG-04012,C-004012,2025-08-25,724.1,Transferencia,Pendiente
PG-04013,C-004013,2025-08-01,1328.89,Tarjeta,Pendiente
PG-04014,C-004014,2025-07-27,451.81,Amazon Pay,Completado
PG-04015,C-004015,2025-07-31,1251.23,Efectivo,Completado
PG-04016,C-004016,2025-08-28,506.55,Transferencia,Completado
PG-04017,C-004017,2025-07-06,617.6,Transferencia,Completado
PG-04018,C-004018,2025-07-04,32.18,PayPal,Completado
PG-04019,C-004019,2025-08-20,577.33,Efectivo,Completado
PG-04020,C-004020,2025-06-04,139.1,Bizum,Completado
PG-04021,C-004021,2025-07-06,1072.87,Bizum,Completado
PG-04022,C-004022,2025-07-17,188.98,Transferencia,Completado
PG-04023,C-004023,2025-08-26,1201.08,Efectivo,Completado
PG-04024,C-004024,2025-08-15,843.09,Transferencia,Completado
PG-04025,C-004025,2025-06-30,62.56,Bizum,Completado
PG-04026,C-004026,2025-07-12,26.3,Tarjeta,Completado
PG-04027,C-004027,2025-07-30,1530.82,Bizum,Completado
PG-04028,C-004028,2025-06-08,43.06,Tarjeta,Completado
PG-04029,C-004029,2025-07-10,380.65,Bizum,Completado
PG-04030,C-004030,2025-07-25,138.37,Amazon Pay,Completado
PG-04031,C-004031,2025-06-16,415.67,Transferencia,Completado
PG-04032,C-004032,2025-08-30,40.11,Transferencia,Completado
PG-04033,C-004033,2025-08-13,1042.43,Bizum,Completado
PG-04034,C-004034,2025-07-22,249.81,Transferencia,Completado
PG-04035,C-004035,2025-06-03,1057.94,Transferencia,Pendiente
PG-04036,C-004036,2025-08-02,88.26,Amazon Pay,Fallido
PG-04037,C-004037,2025-08-11,288.95,Transferencia,Pendiente
PG-04038,C-004038,2025-06-18,367.45,PayPal,Completado
PG-04039,C-004039,2025-08-01,1652.16,Tarjeta,Pendiente
PG-04040,C-004040,2025-06-17,536.93,Tarjeta,Completado
PG-04041,C-004041,2025-07-27,459.96,Bizum,Completado
PG-04042,C-004042,2025-08-04,421.85,Efectivo,Completado
PG-04043,C-004043,2025-06-16,481.05,Bizum,Pendiente
PG-04044,C-004044,2025-08-28,848.16,Transferencia,Completado
PG-04045,C-004045,2025-08-20,267.24,Transferencia,Completado
PG-04046,C-004046,2025-06-03,359.75,Tarjeta,Completado
PG-04047,C-004047,2025-08-16,119.01,Bizum,Completado
PG-04048,C-004048,2025-08-07,314.43,Transferencia,Completado
PG-04049,C-004049,2025-08-14,232.88,Transferencia,Pendiente
PG-04050,C-004050,2025-06-10,1552.05,Transferencia,Completado
PG-04051,C-004051,2025-07-06,460.25,Tarjeta,Pendiente
PG-04052,C-004052,2025-06-23,1128.93,Efectivo,Pendiente
PG-04053,C-004053,2025-06-22,1238.43,Transferencia,Completado
PG-04054,C-004054,2025-06-28,717.1,Transferencia,Completado
PG-04055,C-004055,2025-05-31,1773.1,PayPal,Completado
PG-04056,C-004056,2025-06-24,697.9,Efectivo,Completado
PG-04057,C-004057,2025-07-10,540.98,Tarjeta,Completado
PG-04058,C-004058,2025-06-07,1342.26,Transferencia,Completado
PG-04059,C-004059,2025-07-20,823.6,Tarjeta,Completado
PG-04060,C-004060,2025-08-27,598.62,PayPal,Completado
PG-04061,C-004061,2025-06-18,620.04,Efectivo,Completado
PG-04062,C-004062,2025-08-25,398.65,Transferencia,Completado
PG-04063,C-004063,2025-06-25,1391.36,Amazon Pay,Completado
PG-04064,C-004064,2025-08-14,876.01,PayPal,Completado
PG-04065,C-004065,2025-06-07,535.87,PayPal,Completado
PG-04066,C-004066,2025-08-02,393.56,Efectivo,Completado
PG-04067,C-004067,2025-07-16,935.74,Bizum,Completado
PG-04068,C-004068,2025-08-08,80.82,Tarjeta,Completado
PG-04069,C-004069,2025-06-16,966.98,PayPal,Completado
PG-04070,C-004070,2025-08-12,1680.93,Tarjeta,Completado
PG-04071,C-004071,2025-08-28,1160.09,Tarjeta,Completado
PG-04072,C-004072,2025-07-20,595.43,Transferencia,Completado
PG-04073,C-004073,2025-06-02,467.02,Tarjeta,Completado
PG-04074,C-004074,2025-08-01,633.48,Amazon Pay,Completado
PG-04075,C-004075,2025-07-05,57.41,Transferencia,Completado
PG-04076,C-004076,2025-08-01,573.54,Efectivo,Completado
PG-04077,C-004077,2025-08-12,273.31,Amazon Pay,Completado
PG-04078,C-004078,2025-07-24,231.15,PayPal,Fallido
PG-04079,C-004079,2025-07-13,1635.01,Amazon Pay,Completado
PG-04080,C-004080,2025-06-25,57.3,Transferencia,Completado
PG-04081,C-004081,2025-07-09,256.13,Transferencia,Pendiente
PG-04082,C-004082,2025-08-13,403.68,Efectivo,Completado
PG-04083,C-004083,2025-08-16,460.35,Transferencia,Completado
PG-04084,C-004084,2025-07-04,666.58,Tarjeta,Completado
PG-04085,C-004085,2025-07-13,1381.16,Tarjeta,Completado
PG-04086,C-004086,2025-06-08,105.99,PayPal,Completado
PG-04087,C-004087,2025-07-29,50.06,Efectivo,Completado
PG-04088,C-004088,2025-07-31,477.45,Transferencia,Completado
PG-04089,C-004089,2025-08-20,1179.15,Tarjeta,Completado
PG-04090,C-004090,2025-07-05,112.78,Tarjeta,Completado
PG-04091,C-004091,2025-06-23,815.35,Tarjeta,Completado
PG-04092,C-004092,2025-08-02,486.81,Bizum,Pendiente
PG-04093,C-004093,2025-08-23,936.9,Efectivo,Completado
PG-04094,C-004094,2025-06-24,351.57,Transferencia,Completado
PG-04095,C-004095,2025-07-08,775.31,Transferencia,Completado
PG-04096,C-004096,2025-06-14,749.1,Bizum,Completado
PG-04097,C-004097,2025-06-02,1279.93,Amazon Pay,Completado
PG-04098,C-004098,2025-08-19,15.52,Bizum,Completado
PG-04099,C-004099,2025-06-05,509.8,Transferencia,Completado
PG-04100,C-004100,2025-07-08,101.25,Tarjeta,Completado
PG-04101,C-004101,2025-06-03,1440.05,Efectivo,Completado
PG-04102,C-004102,2025-06-11,757.7,Transferencia,Completado
PG-04103,C-004103,2025-08-22,1086.22,PayPal,Completado
PG-04104,C-004104,2025-06-12,641.15,Transferencia,Completado
PG-04105,C-004105,2025-08-12,70.16,Efectivo,Completado
PG-04106,C-004106,2025-06-24,287.09,Tarjeta,Completado
PG-04107,C-004107,2025-08-03,746.91,Transferencia,Completado
PG-04108,C-004108,2025-06-11,348.84,Transferencia,Completado
PG-04109,C-004109,2025-08-14,773.29,Transferencia,Completado
PG-04110,C-004110,2025-08-14,447.17,Tarjeta,Completado
PG-04111,C-004111,2025-08-03,129.72,Tarjeta,Completado
PG-04112,C-004112,2025-08-27,447.3,Tarjeta,Completado
PG-04113,C-004113,2025-08-22,889.03,Transferencia,Completado
PG-04114,C-004114,2025-06-06,489.03,Transferencia,Completado
PG-04115,C-004115,2025-06-25,288.13,Tarjeta,Completado
PG-04116,C-004116,2025-06-27,176.88,PayPal,Completado
PG-04117,C-004117,2025-08-23,290.01,Transferencia,Completado
PG-04118,C-004118,2025-07-31,1297.31,Efectivo,Completado
PG-04119,C-004119,2025-08-27,793.74,Tarjeta,Completado
PG-04120,C-004120,2025-07-05,118.07,Amazon Pay,Completado
PG-04121,C-004121,2025-08-06,6.81,Amazon Pay,Completado
PG-04122,C-004122,2025-08-24,530.37,Transferencia,Completado
PG-04123,C-004123,2025-08-07,179.2,PayPal,Completado
PG-04124,C-004124,2025-07-27,1216.62,Transferencia,Completado
PG-04125,C-004125,2025-08-23,560.0,PayPal,Completado
PG-04126,C-004126,2025-08-15,944.96,Transferencia,Completado
PG-04127,C-004127,2025-08-07,51.39,Transferencia,Completado
PG-04128,C-004128,2025-07-02,18.9,Transferencia,Completado
PG-04129,C-004129,2025-07-12,492.72,Transferencia,Pendiente
PG-04130,C-004130,2025-08-14,274.6,Bizum,Completado
PG-04131,C-004131,2025-08-21,1328.56,Amazon Pay,Pendiente
PG-04132,C-004132,2025-07-19,904.4,Transferencia,Completado
PG-04133,C-004133,2025-07-16,444.4,Tarjeta,Completado
PG-04134,C-004134,2025-08-05,423.82,Tarjeta,Fallido
PG-04135,C-004135,2025-06-21,32.28,PayPal,Pendiente
PG-04136,C-004136,2025-07-02,161.38,Efectivo,Completado
PG-04137,C-004137,2025-08-14,891.96,Amazon Pay,Completado
PG-04138,C-004138,2025-08-19,423.69,Transferencia,Pendiente
PG-04139,C-004139,2025-07-06,84.56,Bizum,Completado
PG-04140,C-004140,2025-08-20,644.68,Amazon Pay,Completado
PG-04141,C-004141,2025-06-07,731.33,Tarjeta,Completado
PG-04142,C-004142,2025-07-22,505.47,Tarjeta,Completado
PG-04143,C-004143,2025-08-13,214.37,Transferencia,Fallido
PG-04144,C-004144,2025-08-07,92.68,Transferencia,Completado
PG-04145,C-004145,2025-07-28,727.4,Bizum,Completado
PG-04146,C-004146,2025-06-23,798.35,Transferencia,Completado
PG-04147,C-004147,2025-08-28,72.86,PayPal,Completado
PG-04148,C-004148,2025-08-21,507.72,Tarjeta,Pendiente
PG-04149,C-004149,2025-07-10,414.79,Efectivo,Pendiente
PG-04150,C-004150,2025-06-17,459.09,Amazon Pay,Completado
PG-04151,C-004151,2025-07-02,772.28,Tarjeta,Completado
PG-04152,C-004152,2025-06-12,639.47,Transferencia,Completado
PG-04153,C-004153,2025-07-24,433.5,Bizum,Completado
PG-04154,C-004154,2025-07-25,99.61,Transferencia,Completado
PG-04155,C-004155,2025-08-18,913.81,PayPal,Completado
PG-04156,C-004156,2025-07-05,840.54,Efectivo,Fallido
PG-04157,C-004157,2025-06-19,70.82,Tarjeta,Completado
PG-04158,C-004158,2025-06-02,492.6,Efectivo,Completado
PG-04159,C-004159,2025-07-23,403.21,Tarjeta,Completado
PG-04160,C-004160,2025-06-05,152.8,Efectivo,Completado
PG-04161,C-004161,2025-08-02,308.28,Bizum,Completado
PG-04162,C-004162,2025-07-16,649.73,PayPal,Completado
PG-04163,C-004163,2025-07-12,462.51,Transferencia,Completado
PG-04164,C-004164,2025-07-11,419.63,Tarjeta,Completado
PG-04165,C-004165,2025-08-19,1255.88,PayPal,Completado
PG-04166,C-004166,2025-06-10,323.07,Tarjeta,Completado
PG-04167,C-004167,2025-06-19,203.64,Transferencia,Completado
PG-04168,C-004168,2025-06-01,107.7,Transferencia,Completado
PG-04169,C-004169,2025-07-08,1950.16,Transferencia,Completado
PG-04170,C-004170,2025-06-30,121.94,Efectivo,Completado
PG-04171,C-004171,2025-08-27,130.79,Transferencia,Completado
PG-04172,C-004172,2025-08-18,1399.67,Tarjeta,Completado
PG-04173,C-004173,2025-06-09,154.29,Transferencia,Completado
PG-04174,C-004174,2025-06-10,925.92,Efectivo,Completado
PG-04175,C-004175,2025-08-17,1501.67,Transferencia,Completado
PG-04176,C-004176,2025-08-19,99.43,Transferencia,Completado
PG-04177,C-004177,2025-08-15,423.06,Transferencia,Completado
PG-04178,C-004178,2025-08-21,898.17,Transferencia,Completado
PG-04179,C-004179,2025-08-09,1300.09,Efectivo,Completado
PG-04180,C-004180,2025-08-09,1151.82,Transferencia,Completado
PG-04181,C-004181,2025-08-04,632.4,Transferencia,Completado
PG-04182,C-004182,2025-07-25,388.13,Efectivo,Pendiente
PG-04183,C-004183,2025-08-25,1750.32,Efectivo,Completado
PG-04184,C-004184,2025-08-02,904.5,PayPal,Completado
PG-04185,C-004185,2025-08-06,283.04,Tarjeta,Completado
PG-04186,C-004186,2025-07-31,1238.76,Tarjeta,Completado
PG-04187,C-004187,2025-08-18,223.01,Transferencia,Fallido
PG-04188,C-004188,2025-08-17,1013.26,Tarjeta,Completado
PG-04189,C-004189,2025-08-12,458.94,Transferencia,Completado
PG-04190,C-004190,2025-06-23,584.41,Tarjeta,Pendiente
PG-04191,C-004191,2025-07-18,494.49,Tarjeta,Completado
PG-04192,C-004192,2025-08-21,906.08,Bizum,Completado
PG-04193,C-004193,2025-07-02,964.97,Transferencia,Completado
PG-04194,C-004194,2025-06-24,704.4,Tarjeta,Completado
PG-04195,C-004195,2025-06-03,1137.79,Tarjeta,Completado
PG-04196,C-004196,2025-08-12,781.5,PayPal,Completado
PG-04197,C-004197,2025-07-11,40.68,PayPal,Completado
PG-04198,C-004198,2025-08-07,1073.34,Amazon Pay,Completado
PG-04199,C-004199,2025-07-06,856.25,Transferencia,Completado
PG-04200,C-004200,2025-07-08,878.36,Transferencia,Completado
PG-04201,C-004201,2025-07-18,248.78,Transferencia,Completado
PG-04202,C-004202,2025-07-14,250.62,Tarjeta,Completado
PG-04203,C-004203,2025-08-16,330.44,Transferencia,Completado
PG-04204,C-004204,2025-08-28,612.02,PayPal,Pendiente
PG-04205,C-004205,2025-07-04,983.56,Bizum,Completado
PG-04206,C-004206,2025-06-27,103.45,Tarjeta,Completado
PG-04207,C-004207,2025-08-14,774.27,Tarjeta,Completado
PG-04208,C-004208,2025-06-23,1103.73,Amazon Pay,Completado
PG-04209,C-004209,2025-06-07,1337.43,Transferencia,Pendiente
PG-04210,C-004210,2025-07-04,135.76,PayPal,Completado
PG-04211,C-004211,2025-06-25,377.23,Tarjeta,Completado
PG-04212,C-004212,2025-07-19,89.91,Bizum,Completado
PG-04213,C-004213,2025-06-11,923.7,Bizum,Completado
PG-04214,C-004214,2025-08-05,1595.92,Transferencia,Completado
PG-04215,C-004215,2025-08-28,676.4,Tarjeta,Pendiente
PG-04216,C-004216,2025-07-16,777.64,Amazon Pay,Completado
PG-04217,C-004217,2025-06-25,98.36,Tarjeta,Completado
PG-04218,C-004218,2025-07-20,757.91,Tarjeta,Completado
PG-04219,C-004219,2025-08-09,865.83,PayPal,Completado
PG-04220,C-004220,2025-07-17,1681.97,Tarjeta,Completado
PG-04221,C-004221,2025-08-26,117.88,Tarjeta,Completado
PG-04222,C-004222,2025-08-09,20.12,PayPal,Completado
PG-04223,C-004223,2025-06-29,904.41,Tarjeta,Completado
PG-04224,C-004224,2025-08-07,975.21,PayPal,Completado
PG-04225,C-004225,2025-07-08,899.78,Transferencia,Completado
PG-04226,C-004226,2025-07-10,320.5,Efectivo,Completado
PG-04227,C-004227,2025-08-24,660.65,Tarjeta,Completado
PG-04228,C-004228,2025-07-22,892.51,Transferencia,Completado
PG-04229,C-004229,2025-07-10,1002.53,Amazon Pay,Completado
PG-04230,C-004230,2025-07-17,513.18,Amazon Pay,Completado
PG-04231,C-004231,2025-06-30,224.34,Tarjeta,Completado
PG-04232,C-004232,2025-06-01,882.95,Efectivo,Completado
PG-04233,C-004233,2025-07-02,206.14,Transferencia,Completado
PG-04234,C-004234,2025-07-08,623.89,PayPal,Completado
PG-04235,C-004235,2025-07-20,1971.28,Amazon Pay,Completado
PG-04236,C-004236,2025-06-06,801.44,Tarjeta,Completado
PG-04237,C-004237,2025-08-03,133.68,Bizum,Completado
PG-04238,C-004238,2025-06-09,274.62,Efectivo,Completado
PG-04239,C-004239,2025-07-22,280.02,Tarjeta,Completado
PG-04240,C-004240,2025-06-29,343.13,Tarjeta,Completado
PG-04241,C-004241,2025-08-21,538.05,Tarjeta,Completado
PG-04242,C-004242,2025-06-25,662.61,Transferencia,Fallido
PG-04243,C-004243,2025-07-30,271.08,Bizum,Completado
PG-04244,C-004244,2025-06-05,950.3,Efectivo,Pendiente
PG-04245,C-004245,2025-07-29,877.85,Tarjeta,Completado
PG-04246,C-004246,2025-08-04,346.77,Transferencia,Completado
PG-04247,C-004247,2025-06-11,793.55,Amazon Pay,Completado
PG-04248,C-004248,2025-06-15,256.98,Amazon Pay,Completado
PG-04249,C-004249,2025-08-09,558.93,Amazon Pay,Completado
PG-04250,C-004250,2025-07-20,176.79,Tarjeta,Completado
PG-04251,C-004251,2025-07-09,1481.16,PayPal,Completado
PG-04252,C-004252,2025-08-07,672.7,Amazon Pay,Pendiente
PG-04253,C-004253,2025-08-13,1105.69,Bizum,Fallido
PG-04254,C-004254,2025-08-04,1382.72,Tarjeta,Completado
PG-04255,C-004255,2025-07-01,203.24,Tarjeta,Completado
PG-04256,C-004256,2025-08-26,620.73,Amazon Pay,Pendiente
PG-04257,C-004257,2025-06-08,480.66,Efectivo,Completado
PG-04258,C-004258,2025-07-10,1182.26,Efectivo,Pendiente
PG-04259,C-004259,2025-06-07,1966.02,Amazon Pay,Completado
PG-04260,C-004260,2025-07-01,1228.89,Transferencia,Completado
PG-04261,C-004261,2025-07-04,166.6,Tarjeta,Completado
PG-04262,C-004262,2025-07-10,487.02,Tarjeta,Completado
PG-04263,C-004263,2025-07-15,430.98,Transferencia,Completado
PG-04264,C-004264,2025-06-27,18.16,Transferencia,Completado
PG-04265,C-004265,2025-08-21,423.2,Amazon Pay,Completado
PG-04266,C-004266,2025-07-17,1306.91,Tarjeta,Completado
PG-04267,C-004267,2025-06-01,848.14,Tarjeta,Completado
PG-04268,C-004268,2025-07-29,1672.69,Tarjeta,Completado
PG-04269,C-004269,2025-08-19,375.3,Tarjeta,Completado
PG-04270,C-004270,2025-08-01,1697.93,Transferencia,Completado
PG-04271,C-004271,2025-06-15,991.06,Tarjeta,Completado
PG-04272,C-004272,2025-06-23,405.86,Transferencia,Completado
PG-04273,C-004273,2025-07-10,404.42,Bizum,Completado
PG-04274,C-004274,2025-06-30,182.22,Transferencia,Completado
PG-04275,C-004275,2025-05-31,287.77,Tarjeta,Completado
PG-04276,C-004276,2025-08-08,254.28,Tarjeta,Completado
PG-04277,C-004277,2025-06-15,590.4,Efectivo,Pendiente
PG-04278,C-004278,2025-06-28,811.52,Efectivo,Completado
PG-04279,C-004279,2025-06-12,253.5,Tarjeta,Completado
PG-04280,C-004280,2025-07-28,1321.97,Transferencia,Completado
PG-04281,C-004281,2025-07-20,135.98,Tarjeta,Completado
PG-04282,C-004282,2025-08-27,94.61,Tarjeta,Completado
PG-04283,C-004283,2025-07-29,816.26,Transferencia,Fallido
PG-04284,C-004284,2025-06-30,526.91,Tarjeta,Completado
PG-04285,C-004285,2025-07-30,815.43,Efectivo,Completado
PG-04286,C-004286,2025-06-25,985.29,Tarjeta,Completado
PG-04287,C-004287,2025-06-19,372.51,Tarjeta,Completado
PG-04288,C-004288,2025-08-17,1108.54,Bizum,Completado
PG-04289,C-004289,2025-08-06,1684.18,Amazon Pay,Completado
PG-04290,C-004290,2025-06-18,722.92,Transferencia,Completado
PG-04291,C-004291,2025-06-24,105.35,Tarjeta,Completado
PG-04292,C-004292,2025-07-03,882.99,Tarjeta,Completado
PG-04293,C-004293,2025-06-02,801.44,Transferencia,Completado
PG-04294,C-004294,2025-07-11,528.9,Amazon Pay,Completado
PG-04295,C-004295,2025-06-18,516.24,Transferencia,Completado
PG-04296,C-004296,2025-07-15,83.78,Transferencia,Completado
PG-04297,C-004297,2025-07-16,272.11,Amazon Pay,Fallido
PG-04298,C-004298,2025-07-19,1310.6,Tarjeta,Completado
PG-04299,C-004299,2025-07-04,1858.41,Tarjeta,Completado
PG-04300,C-004300,2025-07-10,188.07,Amazon Pay,Completado
PG-04301,C-004301,2025-08-23,498.33,Transferencia,Completado
PG-04302,C-004302,2025-07-12,1864.48,PayPal,Completado
PG-04303,C-004303,2025-07-15,363.38,Efectivo,Completado
PG-04304,C-004304,2025-08-14,545.86,Transferencia,Completado
PG-04305,C-004305,2025-08-08,231.23,Amazon Pay,Completado
PG-04306,C-004306,2025-07-23,743.4,Transferencia,Completado
PG-04307,C-004307,2025-07-12,188.05,Transferencia,Completado
PG-04308,C-004308,2025-06-24,732.84,Transferencia,Completado
PG-04309,C-004309,2025-07-29,488.64,Transferencia,Completado
PG-04310,C-004310,2025-08-25,1593.1,Transferencia,Completado
PG-04311,C-004311,2025-06-02,173.8,PayPal,Completado
PG-04312,C-004312,2025-06-12,1029.64,Tarjeta,Completado
PG-04313,C-004313,2025-07-03,681.38,Tarjeta,Completado
PG-04314,C-004314,2025-07-15,662.59,Tarjeta,Pendiente
PG-04315,C-004315,2025-08-14,214.2,Transferencia,Completado
PG-04316,C-004316,2025-07-25,510.83,Amazon Pay,Completado
PG-04317,C-004317,2025-07-28,181.46,Tarjeta,Completado
PG-04318,C-004318,2025-07-24,840.75,Bizum,Completado
PG-04319,C-004319,2025-06-30,465.63,Tarjeta,Pendiente
PG-04320,C-004320,2025-08-24,207.06,Bizum,Completado
PG-04321,C-004321,2025-08-28,856.24,PayPal,Completado
PG-04322,C-004322,2025-08-17,1412.03,Efectivo,Completado
PG-04323,C-004323,2025-07-23,173.1,Tarjeta,Completado
PG-04324,C-004324,2025-08-26,775.01,Transferencia,Completado
PG-04325,C-004325,2025-06-16,591.87,Amazon Pay,Completado
PG-04326,C-004326,2025-08-27,59.48,Efectivo,Completado
PG-04327,C-004327,2025-07-23,1125.08,Tarjeta,Completado
PG-04328,C-004328,2025-08-29,1440.04,Amazon Pay,Completado
PG-04329,C-004329,2025-06-24,577.65,Tarjeta,Completado
PG-04330,C-004330,2025-06-07,349.84,Transferencia,Completado
PG-04331,C-004331,2025-06-12,1090.34,Transferencia,Completado
PG-04332,C-004332,2025-07-21,1069.98,Efectivo,Completado
PG-04333,C-004333,2025-07-01,957.49,Amazon Pay,Completado
PG-04334,C-004334,2025-08-10,343.35,Efectivo,Completado
PG-04335,C-004335,2025-07-14,538.25,Tarjeta,Completado
PG-04336,C-004336,2025-08-26,682.4,Transferencia,Completado
PG-04337,C-004337,2025-07-14,141.97,Tarjeta,Completado
PG-04338,C-004338,2025-07-12,1594.08,Bizum,Completado
PG-04339,C-004339,2025-07-18,984.5,Transferencia,Completado
PG-04340,C-004340,2025-08-02,956.4,Transferencia,Completado
PG-04341,C-004341,2025-08-20,760.38,Transferencia,Completado
PG-04342,C-004342,2025-07-24,151.2,Transferencia,Pendiente
PG-04343,C-004343,2025-08-30,689.82,Tarjeta,Completado
PG-04344,C-004344,2025-06-30,1234.11,Amazon Pay,Completado
PG-04345,C-004345,2025-06-12,683.4,Amazon Pay,Completado
PG-04346,C-004346,2025-08-04,1925.72,Bizum,Completado
PG-04347,C-004347,2025-08-08,586.1,Tarjeta,Completado
PG-04348,C-004348,2025-06-10,73.12,Bizum,Completado
PG-04349,C-004349,2025-06-27,212.82,Tarjeta,Completado
PG-04350,C-004350,2025-06-29,597.75,Efectivo,Completado
PG-04351,C-004351,2025-07-24,1646.74,Bizum,Completado
PG-04352,C-004352,2025-08-04,15.51,Transferencia,Completado
PG-04353,C-004353,2025-07-08,1370.41,Amazon Pay,Completado
PG-04354,C-004354,2025-08-04,506.44,Transferencia,Completado
PG-04355,C-004355,2025-06-05,110.49,Tarjeta,Completado
PG-04356,C-004356,2025-08-22,240.6,Bizum,Completado
PG-04357,C-004357,2025-07-06,893.0,PayPal,Fallido
PG-04358,C-004358,2025-07-19,2463.57,Tarjeta,Pendiente
PG-04359,C-004359,2025-07-05,799.35,Amazon Pay,Completado
PG-04360,C-004360,2025-07-07,188.25,Transferencia,Pendiente
PG-04361,C-004361,2025-06-16,1416.11,Tarjeta,Completado
PG-04362,C-004362,2025-06-11,1607.71,Efectivo,Completado
PG-04363,C-004363,2025-07-24,373.96,Amazon Pay,Pendiente
PG-04364,C-004364,2025-07-13,710.72,Efectivo,Completado
PG-04365,C-004365,2025-06-20,507.67,Tarjeta,Completado
PG-04366,C-004366,2025-06-14,1432.3,Transferencia,Completado
PG-04367,C-004367,2025-06-12,1492.19,PayPal,Completado
PG-04368,C-004368,2025-07-29,458.96,PayPal,Completado
PG-04369,C-004369,2025-06-23,703.86,Transferencia,Completado
PG-04370,C-004370,2025-06-05,525.71,Transferencia,Pendiente
PG-04371,C-004371,2025-06-18,515.21,Tarjeta,Completado
PG-04372,C-004372,2025-08-05,1455.61,Tarjeta,Completado
PG-04373,C-004373,2025-06-11,84.79,Tarjeta,Completado
PG-04374,C-004374,2025-08-27,902.67,Amazon Pay,Completado
PG-04375,C-004375,2025-08-15,1509.65,Efectivo,Completado
PG-04376,C-004376,2025-07-24,536.37,Tarjeta,Completado
PG-04377,C-004377,2025-06-09,824.16,Tarjeta,Completado
PG-04378,C-004378,2025-07-30,837.95,Efectivo,Completado
PG-04379,C-004379,2025-08-20,751.68,Tarjeta,Completado
PG-04380,C-004380,2025-07-09,646.72,Bizum,Completado
PG-04381,C-004381,2025-08-20,137.01,PayPal,Pendiente
PG-04382,C-004382,2025-08-25,408.79,Transferencia,Completado
PG-04383,C-004383,2025-08-14,1211.42,Transferencia,Fallido
PG-04384,C-004384,2025-07-12,684.8,Transferencia,Completado
PG-04385,C-004385,2025-07-15,683.3,Tarjeta,Completado
PG-04386,C-004386,2025-07-07,873.16,Tarjeta,Fallido
PG-04387,C-004387,2025-08-12,140.64,Transferencia,Completado
PG-04388,C-004388,2025-07-19,482.2,Efectivo,Completado
PG-04389,C-004389,2025-08-02,58.63,Tarjeta,Pendiente
PG-04390,C-004390,2025-08-25,969.77,Transferencia,Pendiente
PG-04391,C-004391,2025-07-09,249.07,Tarjeta,Pendiente
PG-04392,C-004392,2025-06-04,261.32,Tarjeta,Completado
PG-04393,C-004393,2025-07-04,738.17,Amazon Pay,Completado
PG-04394,C-004394,2025-08-01,714.99,Tarjeta,Completado
PG-04395,C-004395,2025-08-02,1072.76,Efectivo,Completado
PG-04396,C-004396,2025-07-16,648.54,Bizum,Pendiente
PG-04397,C-004397,2025-08-29,1449.87,Amazon Pay,Completado
PG-04398,C-004398,2025-08-10,670.62,Transferencia,Completado
PG-04399,C-004399,2025-07-12,1211.89,Tarjeta,Completado
PG-04400,C-004400,2025-06-20,1363.93,Tarjeta,Completado
PG-04401,C-004401,2025-08-15,1314.37,Transferencia,Completado
PG-04402,C-004402,2025-06-14,952.12,Tarjeta,Pendiente
PG-04403,C-004403,2025-06-11,104.01,Tarjeta,Completado
PG-04404,C-004404,2025-08-26,1003.92,Efectivo,Completado
PG-04405,C-004405,2025-06-07,217.89,Tarjeta,Fallido
PG-04406,C-004406,2025-08-18,205.2,Efectivo,Completado
PG-04407,C-004407,2025-06-26,450.07,Tarjeta,Completado
PG-04408,C-004408,2025-06-16,461.5,Tarjeta,Completado
PG-04409,C-004409,2025-07-26,1011.1,Amazon Pay,Pendiente
PG-04410,C-004410,2025-08-21,330.44,Efectivo,Pendiente
PG-04411,C-004411,2025-08-24,1102.55,Tarjeta,Fallido
PG-04412,C-004412,2025-08-13,58.54,Tarjeta,Completado
PG-04413,C-004413,2025-06-10,12.72,Tarjeta,Completado
PG-04414,C-004414,2025-08-08,83.93,Transferencia,Completado
PG-04415,C-004415,2025-07-21,919.69,Transferencia,Completado
PG-04416,C-004416,2025-06-09,686.98,Tarjeta,Completado
PG-04417,C-004417,2025-08-24,1051.71,Transferencia,Completado
PG-04418,C-004418,2025-08-12,500.95,Tarjeta,Completado
PG-04419,C-004419,2025-08-22,825.8,Transferencia,Completado
PG-04420,C-004420,2025-08-26,716.79,Efectivo,Completado
PG-04421,C-004421,2025-07-04,1041.68,Amazon Pay,Fallido
PG-04422,C-004422,2025-06-28,1360.42,Bizum,Completado
PG-04423,C-004423,2025-07-26,482.74,Amazon Pay,Completado
PG-04424,C-004424,2025-07-07,444.25,Tarjeta,Completado
PG-04425,C-004425,2025-08-19,95.18,Bizum,Completado
PG-04426,C-004426,2025-08-16,164.49,Transferencia,Completado
PG-04427,C-004427,2025-07-09,494.23,Bizum,Completado
PG-04428,C-004428,2025-08-05,657.94,Transferencia,Completado
PG-04429,C-004429,2025-07-07,936.96,Transferencia,Completado
PG-04430,C-004430,2025-07-27,437.41,Transferencia,Completado
PG-04431,C-004431,2025-08-11,396.36,Tarjeta,Completado
PG-04432,C-004432,2025-07-12,1192.81,Efectivo,Completado
PG-04433,C-004433,2025-07-20,678.9,Tarjeta,Completado
PG-04434,C-004434,2025-07-30,867.86,Efectivo,Completado
PG-04435,C-004435,2025-07-06,648.05,Transferencia,Completado
PG-04436,C-004436,2025-07-20,141.31,Tarjeta,Completado
PG-04437,C-004437,2025-06-28,67.32,Transferencia,Completado
PG-04438,C-004438,2025-06-11,604.78,Transferencia,Completado
PG-04439,C-004439,2025-08-21,694.29,Tarjeta,Completado
PG-04440,C-004440,2025-07-28,296.79,Transferencia,Completado
PG-04441,C-004441,2025-06-10,690.7,Tarjeta,Completado
PG-04442,C-004442,2025-07-24,669.57,Bizum,Completado
PG-04443,C-004443,2025-08-21,914.66,Tarjeta,Completado
PG-04444,C-004444,2025-07-22,417.84,Tarjeta,Pendiente
PG-04445,C-004445,2025-07-28,117.88,Transferencia,Completado
PG-04446,C-004446,2025-07-18,411.14,Transferencia,Completado
PG-04447,C-004447,2025-07-27,143.8,Tarjeta,Completado
PG-04448,C-004448,2025-07-31,183.55,Tarjeta,Completado
PG-04449,C-004449,2025-07-31,211.9,Efectivo,Completado
PG-04450,C-004450,2025-06-25,894.99,PayPal,Completado
PG-04451,C-004451,2025-06-04,81.49,Tarjeta,Completado
PG-04452,C-004452,2025-06-05,241.54,Tarjeta,Pendiente
PG-04453,C-004453,2025-06-10,9.44,Transferencia,Completado
PG-04454,C-004454,2025-06-17,513.82,Bizum,Completado
PG-04455,C-004455,2025-07-29,163.39,Tarjeta,Completado
PG-04456,C-004456,2025-06-29,415.13,Tarjeta,Completado
PG-04457,C-004457,2025-06-10,717.28,Efectivo,Fallido
PG-04458,C-004458,2025-06-19,406.6,Amazon Pay,Completado
PG-04459,C-004459,2025-07-06,462.83,Bizum,Completado
PG-04460,C-004460,2025-06-24,873.84,Transferencia,Completado
PG-04461,C-004461,2025-08-03,673.09,Bizum,Completado
PG-04462,C-004462,2025-06-15,726.94,Amazon Pay,Completado
PG-04463,C-004463,2025-08-06,663.2,Efectivo,Completado
PG-04464,C-004464,2025-08-23,1369.86,Efectivo,Completado
PG-04465,C-004465,2025-06-30,4.48,Tarjeta,Completado
PG-04466,C-004466,2025-08-07,704.39,Transferencia,Pendiente
PG-04467,C-004467,2025-08-12,572.99,Transferencia,Completado
PG-04468,C-004468,2025-06-15,54.8,Transferencia,Completado
PG-04469,C-004469,2025-06-21,791.89,Transferencia,Completado
PG-04470,C-004470,2025-06-20,470.02,Tarjeta,Pendiente
PG-04471,C-004471,2025-08-10,1338.41,Tarjeta,Completado
PG-04472,C-004472,2025-07-13,62.5,Transferencia,Completado
PG-04473,C-004473,2025-08-03,317.88,Efectivo,Pendiente
PG-04474,C-004474,2025-08-10,345.27,Bizum,Completado
PG-04475,C-004475,2025-08-17,680.66,Tarjeta,Completado
PG-04476,C-004476,2025-06-27,394.47,Transferencia,Completado
PG-04477,C-004477,2025-06-14,223.9,Transferencia,Completado
PG-04478,C-004478,2025-07-09,1183.44,Bizum,Pendiente
PG-04479,C-004479,2025-08-25,1052.81,Bizum,Completado
PG-04480,C-004480,2025-08-15,59.52,PayPal,Fallido
PG-04481,C-004481,2025-06-15,1102.53,Tarjeta,Pendiente
PG-04482,C-004482,2025-08-22,423.21,Transferencia,Completado
PG-04483,C-004483,2025-07-15,549.64,Bizum,Completado
PG-04484,C-004484,2025-08-08,522.08,Amazon Pay,Completado
PG-04485,C-004485,2025-07-02,907.13,Transferencia,Completado
PG-04486,C-004486,2025-08-24,322.56,Transferencia,Completado
PG-04487,C-004487,2025-06-19,1976.92,Transferencia,Pendiente
PG-04488,C-004488,2025-07-19,254.06,Amazon Pay,Completado
PG-04489,C-004489,2025-07-01,800.91,Transferencia,Completado
PG-04490,C-004490,2025-08-09,768.06,Transferencia,Completado
PG-04491,C-004491,2025-08-14,485.09,Transferencia,Completado
PG-04492,C-004492,2025-07-30,669.26,Transferencia,Pendiente
PG-04493,C-004493,2025-08-07,396.86,Transferencia,Completado
PG-04494,C-004494,2025-08-14,923.03,Transferencia,Completado
PG-04495,C-004495,2025-07-20,926.22,Transferencia,Completado
PG-04496,C-004496,2025-07-10,18.52,Tarjeta,Completado
PG-04497,C-004497,2025-08-13,219.76,Transferencia,Completado
PG-04498,C-004498,2025-06-03,369.3,PayPal,Completado
PG-04499,C-004499,2025-07-11,651.72,Amazon Pay,Fallido
PG-04500,C-004500,2025-06-08,535.41,Transferencia,Completado
PG-04501,C-004501,2025-06-21,631.07,PayPal,Completado
PG-04502,C-004502,2025-08-19,764.11,Tarjeta,Completado
PG-04503,C-004503,2025-06-08,1197.21,Amazon Pay,Completado
PG-04504,C-004504,2025-08-14,1270.97,Amazon Pay,Completado
PG-04505,C-004505,2025-06-20,432.93,Transferencia,Completado
PG-04506,C-004506,2025-07-24,278.45,PayPal,Completado
PG-04507,C-004507,2025-07-22,414.19,Efectivo,Completado
PG-04508,C-004508,2025-07-11,792.17,Efectivo,Completado
PG-04509,C-004509,2025-07-23,249.93,PayPal,Completado
PG-04510,C-004510,2025-07-29,693.15,Efectivo,Completado
PG-04511,C-004511,2025-08-14,309.1,Tarjeta,Pendiente
PG-04512,C-004512,2025-07-10,1157.05,Amazon Pay,Completado
PG-04513,C-004513,2025-06-02,423.87,Tarjeta,Completado
PG-04514,C-004514,2025-06-24,558.17,Tarjeta,Completado
PG-04515,C-004515,2025-06-23,557.11,Bizum,Completado
PG-04516,C-004516,2025-08-12,181.23,PayPal,Completado
PG-04517,C-004517,2025-07-30,858.07,Tarjeta,Fallido
PG-04518,C-004518,2025-08-06,755.45,PayPal,Completado
PG-04519,C-004519,2025-08-11,1438.18,Tarjeta,Completado
PG-04520,C-004520,2025-07-09,462.52,Transferencia,Completado
PG-04521,C-004521,2025-07-09,1325.27,Bizum,Completado
PG-04522,C-004522,2025-08-05,888.64,Transferencia,Completado
PG-04523,C-004523,2025-06-29,392.06,Tarjeta,Completado
PG-04524,C-004524,2025-06-22,1297.15,Transferencia,Completado
PG-04525,C-004525,2025-07-15,884.34,Transferencia,Fallido
PG-04526,C-004526,2025-07-16,1493.83,Transferencia,Completado
PG-04527,C-004527,2025-06-10,185.4,Amazon Pay,Completado
PG-04528,C-004528,2025-06-04,649.44,Amazon Pay,Completado
PG-04529,C-004529,2025-07-30,357.27,Bizum,Completado
PG-04530,C-004530,2025-06-24,1372.87,Tarjeta,Completado
PG-04531,C-004531,2025-07-15,276.25,Efectivo,Completado
PG-04532,C-004532,2025-08-27,621.36,Efectivo,Completado
PG-04533,C-004533,2025-07-23,1301.05,Tarjeta,Completado
PG-04534,C-004534,2025-06-08,770.46,Amazon Pay,Pendiente
PG-04535,C-004535,2025-06-16,370.42,Amazon Pay,Completado
PG-04536,C-004536,2025-06-19,766.44,Transferencia,Completado
PG-04537,C-004537,2025-08-09,568.53,Transferencia,Completado
PG-04538,C-004538,2025-07-30,1176.77,Efectivo,Completado
PG-04539,C-004539,2025-06-07,722.94,PayPal,Completado
PG-04540,C-004540,2025-06-07,58.76,Tarjeta,Completado
PG-04541,C-004541,2025-06-05,1106.65,Transferencia,Completado
PG-04542,C-004542,2025-08-13,1868.58,Transferencia,Pendiente
PG-04543,C-004543,2025-08-22,259.23,Tarjeta,Completado
PG-04544,C-004544,2025-08-25,719.79,Efectivo,Completado
PG-04545,C-004545,2025-08-01,196.23,Bizum,Completado
PG-04546,C-004546,2025-07-04,1128.21,Tarjeta,Pendiente
PG-04547,C-004547,2025-08-25,306.28,Tarjeta,Completado
PG-04548,C-004548,2025-06-15,1108.76,Transferencia,Completado
PG-04549,C-004549,2025-07-12,564.86,Bizum,Completado
PG-04550,C-004550,2025-07-04,650.59,Transferencia,Completado
PG-04551,C-004551,2025-08-06,14.76,Transferencia,Completado
PG-04552,C-004552,2025-08-13,105.83,Transferencia,Pendiente
PG-04553,C-004553,2025-08-28,96.28,PayPal,Fallido
PG-04554,C-004554,2025-08-13,490.32,Tarjeta,Completado
PG-04555,C-004555,2025-07-14,698.91,Transferencia,Completado
PG-04556,C-004556,2025-06-11,835.05,Tarjeta,Completado
PG-04557,C-004557,2025-06-16,930.26,Tarjeta,Completado
PG-04558,C-004558,2025-06-19,1207.97,Efectivo,Pendiente
PG-04559,C-004559,2025-07-13,370.45,Bizum,Completado
PG-04560,C-004560,2025-05-31,860.81,Efectivo,Completado
PG-04561,C-004561,2025-06-14,230.16,Amazon Pay,Completado
PG-04562,C-004562,2025-06-20,586.16,Transferencia,Pendiente
PG-04563,C-004563,2025-07-06,97.94,PayPal,Completado
PG-04564,C-004564,2025-08-10,484.74,Tarjeta,Completado
PG-04565,C-004565,2025-08-29,1104.81,Transferencia,Completado
PG-04566,C-004566,2025-06-22,737.79,Tarjeta,Completado
PG-04567,C-004567,2025-06-18,1080.44,Bizum,Completado
PG-04568,C-004568,2025-07-05,34.46,Transferencia,Pendiente
PG-04569,C-004569,2025-07-26,155.36,PayPal,Completado
PG-04570,C-004570,2025-07-15,877.38,Bizum,Completado
PG-04571,C-004571,2025-07-16,214.68,Tarjeta,Completado
PG-04572,C-004572,2025-07-23,187.3,Efectivo,Completado
PG-04573,C-004573,2025-08-08,960.26,Tarjeta,Completado
PG-04574,C-004574,2025-08-09,1012.04,Transferencia,Completado
PG-04575,C-004575,2025-08-04,749.13,Tarjeta,Completado
PG-04576,C-004576,2025-06-05,388.14,Transferencia,Completado
PG-04577,C-004577,2025-06-28,198.84,Transferencia,Completado
PG-04578,C-004578,2025-07-07,799.89,Tarjeta,Completado
PG-04579,C-004579,2025-06-15,647.51,Tarjeta,Completado
PG-04580,C-004580,2025-07-27,340.15,Transferencia,Completado
PG-04581,C-004581,2025-08-26,313.24,Tarjeta,Completado
PG-04582,C-004582,2025-07-26,1375.45,Transferencia,Completado
PG-04583,C-004583,2025-08-25,510.54,Tarjeta,Completado
PG-04584,C-004584,2025-08-12,498.78,Bizum,Completado
PG-04585,C-004585,2025-06-13,645.81,Bizum,Completado
PG-04586,C-004586,2025-08-16,482.47,Transferencia,Completado
PG-04587,C-004587,2025-06-13,1070.25,Transferencia,Completado
PG-04588,C-004588,2025-08-17,1182.19,PayPal,Completado
PG-04589,C-004589,2025-07-25,422.82,Bizum,Completado
PG-04590,C-004590,2025-07-06,554.52,Tarjeta,Completado
PG-04591,C-004591,2025-07-19,408.04,PayPal,Completado
PG-04592,C-004592,2025-08-12,842.18,Transferencia,Completado
PG-04593,C-004593,2025-07-09,967.97,Efectivo,Completado
PG-04594,C-004594,2025-08-05,49.14,Transferencia,Completado
PG-04595,C-004595,2025-08-03,576.65,Efectivo,Completado
PG-04596,C-004596,2025-06-02,337.26,Transferencia,Completado
PG-04597,C-004597,2025-06-12,202.05,Amazon Pay,Completado
PG-04598,C-004598,2025-06-16,492.46,Efectivo,Completado
PG-04599,C-004599,2025-06-06,64.88,Efectivo,Completado
PG-04600,C-004600,2025-06-20,828.22,Transferencia,Completado
PG-04601,C-004601,2025-06-27,1083.71,Tarjeta,Completado
PG-04602,C-004602,2025-08-06,278.2,Tarjeta,Pendiente
PG-04603,C-004603,2025-08-07,306.02,Tarjeta,Pendiente
PG-04604,C-004604,2025-07-05,33.75,Tarjeta,Completado
PG-04605,C-004605,2025-07-05,103.02,Efectivo,Completado
PG-04606,C-004606,2025-07-30,380.69,Efectivo,Completado
PG-04607,C-004607,2025-08-11,223.4,Transferencia,Completado
PG-04608,C-004608,2025-07-11,1840.66,Tarjeta,Completado
PG-04609,C-004609,2025-06-19,40.12,PayPal,Completado
PG-04610,C-004610,2025-06-03,467.23,Tarjeta,Completado
PG-04611,C-004611,2025-06-30,265.5,Tarjeta,Completado
PG-04612,C-004612,2025-06-16,491.99,Transferencia,Completado
PG-04613,C-004613,2025-06-04,1293.44,Transferencia,Completado
PG-04614,C-004614,2025-07-23,1653.81,Amazon Pay,Completado
PG-04615,C-004615,2025-07-20,1138.3,Amazon Pay,Completado
PG-04616,C-004616,2025-08-04,575.79,PayPal,Completado
PG-04617,C-004617,2025-08-19,967.19,Amazon Pay,Completado
PG-04618,C-004618,2025-07-05,798.93,Efectivo,Completado
PG-04619,C-004619,2025-08-04,683.54,PayPal,Completado
PG-04620,C-004620,2025-07-17,1156.86,Tarjeta,Completado
PG-04621,C-004621,2025-08-07,563.1,Transferencia,Completado
PG-04622,C-004622,2025-07-28,380.16,Transferencia,Completado
PG-04623,C-004623,2025-08-20,726.55,Tarjeta,Completado
PG-04624,C-004624,2025-08-22,269.72,Transferencia,Completado
PG-04625,C-004625,2025-06-28,1380.45,Tarjeta,Completado
PG-04626,C-004626,2025-08-08,695.88,Efectivo,Pendiente
PG-04627,C-004627,2025-06-13,34.86,Amazon Pay,Completado
PG-04628,C-004628,2025-08-23,166.12,Transferencia,Pendiente
PG-04629,C-004629,2025-08-04,558.33,PayPal,Completado
PG-04630,C-004630,2025-07-25,576.29,Transferencia,Completado
PG-04631,C-004631,2025-08-25,68.49,Transferencia,Completado
PG-04632,C-004632,2025-08-05,1007.23,Tarjeta,Fallido
PG-04633,C-004633,2025-07-24,222.89,Transferencia,Completado
PG-04634,C-004634,2025-08-28,757.07,Tarjeta,Pendiente
PG-04635,C-004635,2025-07-22,941.03,Transferencia,Completado
PG-04636,C-004636,2025-06-14,182.99,PayPal,Completado
PG-04637,C-004637,2025-06-10,304.96,Transferencia,Completado
PG-04638,C-004638,2025-07-22,302.77,Transferencia,Completado
PG-04639,C-004639,2025-08-17,903.15,Tarjeta,Pendiente
PG-04640,C-004640,2025-07-31,104.43,PayPal,Completado
PG-04641,C-004641,2025-06-08,240.27,Amazon Pay,Completado
PG-04642,C-004642,2025-06-09,158.73,Amazon Pay,Completado
PG-04643,C-004643,2025-07-24,865.36,Tarjeta,Pendiente
PG-04644,C-004644,2025-07-04,40.51,Bizum,Completado
PG-04645,C-004645,2025-08-24,1234.9,Tarjeta,Completado
PG-04646,C-004646,2025-07-20,144.5,Transferencia,Completado
PG-04647,C-004647,2025-07-08,1218.77,Amazon Pay,Completado
PG-04648,C-004648,2025-08-01,1657.29,Tarjeta,Pendiente
PG-04649,C-004649,2025-08-07,537.3,Transferencia,Completado
PG-04650,C-004650,2025-08-07,794.23,Efectivo,Completado
PG-04651,C-004651,2025-08-12,160.14,Transferencia,Completado
PG-04652,C-004652,2025-07-17,757.06,Tarjeta,Completado
PG-04653,C-004653,2025-07-24,398.51,Transferencia,Completado
PG-04654,C-004654,2025-07-10,875.57,Transferencia,Completado
PG-04655,C-004655,2025-06-15,684.69,Efectivo,Completado
PG-04656,C-004656,2025-06-10,879.85,PayPal,Completado
PG-04657,C-004657,2025-06-24,630.2,Tarjeta,Pendiente
PG-04658,C-004658,2025-07-18,1365.09,Tarjeta,Completado
PG-04659,C-004659,2025-07-02,522.96,Transferencia,Completado
PG-04660,C-004660,2025-06-07,1022.03,Amazon Pay,Completado
PG-04661,C-004661,2025-08-17,1286.42,Transferencia,Completado
PG-04662,C-004662,2025-07-09,973.57,Transferencia,Completado
PG-04663,C-004663,2025-08-28,889.02,Transferencia,Completado
PG-04664,C-004664,2025-06-16,111.6,Efectivo,Fallido
PG-04665,C-004665,2025-06-28,173.6,Tarjeta,Completado
PG-04666,C-004666,2025-06-03,63.69,Transferencia,Pendiente
PG-04667,C-004667,2025-06-30,336.98,Tarjeta,Completado
PG-04668,C-004668,2025-06-19,1162.6,Transferencia,Completado
PG-04669,C-004669,2025-06-06,835.8,Transferencia,Completado
PG-04670,C-004670,2025-07-22,987.19,Transferencia,Completado
PG-04671,C-004671,2025-06-25,1521.96,Tarjeta,Completado
PG-04672,C-004672,2025-06-26,2221.74,Tarjeta,Completado
PG-04673,C-004673,2025-06-12,300.34,Transferencia,Completado
PG-04674,C-004674,2025-08-15,362.67,Tarjeta,Completado
PG-04675,C-004675,2025-06-08,509.3,Tarjeta,Completado
PG-04676,C-004676,2025-08-10,773.89,Bizum,Completado
PG-04677,C-004677,2025-08-08,114.46,Tarjeta,Completado
PG-04678,C-004678,2025-06-15,451.05,Transferencia,Completado
PG-04679,C-004679,2025-06-17,811.47,Transferencia,Completado
PG-04680,C-004680,2025-06-09,671.31,Tarjeta,Completado
PG-04681,C-004681,2025-08-02,566.35,Efectivo,Completado
PG-04682,C-004682,2025-08-10,321.91,PayPal,Fallido
PG-04683,C-004683,2025-08-25,703.28,Bizum,Completado
PG-04684,C-004684,2025-06-08,686.55,Tarjeta,Completado
PG-04685,C-004685,2025-08-03,404.61,PayPal,Completado
PG-04686,C-004686,2025-07-22,861.56,Tarjeta,Completado
PG-04687,C-004687,2025-07-18,1105.95,Efectivo,Completado
PG-04688,C-004688,2025-08-22,211.53,Efectivo,Completado
PG-04689,C-004689,2025-08-12,82.67,Transferencia,Pendiente
PG-04690,C-004690,2025-08-25,118.6,Efectivo,Completado
PG-04691,C-004691,2025-08-22,335.19,Tarjeta,Completado
PG-04692,C-004692,2025-06-21,731.42,Transferencia,Completado
PG-04693,C-004693,2025-07-26,666.44,Transferencia,Pendiente
PG-04694,C-004694,2025-06-13,583.38,Tarjeta,Completado
PG-04695,C-004695,2025-07-11,904.15,Tarjeta,Completado
PG-04696,C-004696,2025-07-08,267.48,Tarjeta,Completado
PG-04697,C-004697,2025-07-21,121.96,Tarjeta,Completado
PG-04698,C-004698,2025-06-05,204.81,Tarjeta,Completado
PG-04699,C-004699,2025-06-19,511.6,Amazon Pay,Completado
PG-04700,C-004700,2025-07-25,255.82,PayPal,Completado
PG-04701,C-004701,2025-08-17,1222.66,Transferencia,Completado
PG-04702,C-004702,2025-08-06,543.17,PayPal,Fallido
PG-04703,C-004703,2025-06-23,254.18,PayPal,Completado
PG-04704,C-004704,2025-07-19,1191.16,PayPal,Completado
PG-04705,C-004705,2025-07-22,1187.77,Tarjeta,Completado
PG-04706,C-004706,2025-08-26,174.66,Bizum,Completado
PG-04707,C-004707,2025-06-30,194.55,Transferencia,Completado
PG-04708,C-004708,2025-06-25,798.4,PayPal,Completado
PG-04709,C-004709,2025-08-25,185.33,Transferencia,Completado
PG-04710,C-004710,2025-06-09,399.7,Tarjeta,Completado
PG-04711,C-004711,2025-06-26,417.66,Transferencia,Completado
PG-04712,C-004712,2025-06-16,119.65,Amazon Pay,Completado
PG-04713,C-004713,2025-07-31,877.27,Bizum,Pendiente
PG-04714,C-004714,2025-08-04,1465.4,Bizum,Completado
PG-04715,C-004715,2025-06-15,813.55,Tarjeta,Completado
PG-04716,C-004716,2025-08-20,991.05,Efectivo,Completado
PG-04717,C-004717,2025-08-05,1452.16,PayPal,Completado
PG-04718,C-004718,2025-06-19,1202.24,Transferencia,Completado
PG-04719,C-004719,2025-07-03,65.21,Tarjeta,Completado
PG-04720,C-004720,2025-08-27,448.11,Tarjeta,Completado
PG-04721,C-004721,2025-07-07,1822.7,Transferencia,Completado
PG-04722,C-004722,2025-07-07,1013.15,Transferencia,Completado
PG-04723,C-004723,2025-07-07,117.56,Amazon Pay,Completado
PG-04724,C-004724,2025-07-05,736.0,Transferencia,Completado
PG-04725,C-004725,2025-07-03,105.02,Transferencia,Completado
PG-04726,C-004726,2025-06-15,1183.09,Tarjeta,Completado
PG-04727,C-004727,2025-06-23,1040.84,Transferencia,Completado
PG-04728,C-004728,2025-06-26,990.58,Transferencia,Completado
PG-04729,C-004729,2025-07-29,655.25,Amazon Pay,Completado
PG-04730,C-004730,2025-06-29,254.94,Amazon Pay,Completado
PG-04731,C-004731,2025-08-13,751.17,Tarjeta,Completado
PG-04732,C-004732,2025-08-25,626.94,Transferencia,Completado
PG-04733,C-004733,2025-07-10,511.4,Transferencia,Completado
PG-04734,C-004734,2025-07-19,765.41,Transferencia,Completado
PG-04735,C-004735,2025-06-24,874.89,Tarjeta,Completado
PG-04736,C-004736,2025-08-16,921.24,PayPal,Completado
PG-04737,C-004737,2025-08-27,909.22,Transferencia,Completado
PG-04738,C-004738,2025-07-13,89.64,Efectivo,Completado
PG-04739,C-004739,2025-08-26,1248.61,Bizum,Completado
PG-04740,C-004740,2025-08-29,1766.39,Amazon Pay,Completado
PG-04741,C-004741,2025-07-23,795.73,Transferencia,Completado
PG-04742,C-004742,2025-07-29,1325.96,Transferencia,Completado
PG-04743,C-004743,2025-07-01,662.24,Tarjeta,Completado
PG-04744,C-004744,2025-07-17,107.15,Tarjeta,Completado
PG-04745,C-004745,2025-07-27,486.34,Transferencia,Completado
PG-04746,C-004746,2025-08-01,535.4,Tarjeta,Completado
PG-04747,C-004747,2025-08-11,1622.73,Tarjeta,Completado
PG-04748,C-004748,2025-06-27,445.28,Transferencia,Completado
PG-04749,C-004749,2025-07-04,1086.39,Tarjeta,Completado
PG-04750,C-004750,2025-06-01,226.29,Transferencia,Completado
PG-04751,C-004751,2025-07-08,395.88,Transferencia,Completado
PG-04752,C-004752,2025-06-16,484.6,Bizum,Completado
PG-04753,C-004753,2025-07-13,600.53,Bizum,Completado
PG-04754,C-004754,2025-06-21,844.15,Transferencia,Completado
PG-04755,C-004755,2025-08-20,1139.42,Transferencia,Completado
PG-04756,C-004756,2025-06-27,94.45,Transferencia,Pendiente
PG-04757,C-004757,2025-07-02,595.7,PayPal,Completado
PG-04758,C-004758,2025-06-01,56.77,Amazon Pay,Completado
PG-04759,C-004759,2025-07-12,311.96,Tarjeta,Completado
PG-04760,C-004760,2025-06-11,558.13,Transferencia,Completado
PG-04761,C-004761,2025-06-30,195.93,Amazon Pay,Completado
PG-04762,C-004762,2025-06-17,202.86,Transferencia,Completado
PG-04763,C-004763,2025-08-06,734.79,Tarjeta,Completado
PG-04764,C-004764,2025-08-28,668.38,Transferencia,Pendiente
PG-04765,C-004765,2025-08-04,579.6,Efectivo,Completado
PG-04766,C-004766,2025-07-07,1106.1,Transferencia,Completado
PG-04767,C-004767,2025-06-04,575.67,Tarjeta,Completado
PG-04768,C-004768,2025-08-16,782.25,Transferencia,Completado
PG-04769,C-004769,2025-07-19,728.32,Tarjeta,Completado
PG-04770,C-004770,2025-07-15,1055.34,Efectivo,Completado
PG-04771,C-004771,2025-08-28,915.44,Efectivo,Completado
PG-04772,C-004772,2025-08-21,361.97,Bizum,Pendiente
PG-04773,C-004773,2025-07-24,735.59,Transferencia,Completado
PG-04774,C-004774,2025-06-25,622.05,Tarjeta,Completado
PG-04775,C-004775,2025-07-31,596.49,Transferencia,Completado
PG-04776,C-004776,2025-08-08,1029.1,PayPal,Completado
PG-04777,C-004777,2025-07-27,684.58,PayPal,Completado
PG-04778,C-004778,2025-07-18,863.52,Transferencia,Completado
PG-04779,C-004779,2025-08-16,843.52,Efectivo,Completado
PG-04780,C-004780,2025-08-08,784.03,Tarjeta,Completado
PG-04781,C-004781,2025-08-18,1443.85,Tarjeta,Completado
PG-04782,C-004782,2025-07-25,1314.81,Amazon Pay,Completado
PG-04783,C-004783,2025-07-27,965.81,PayPal,Completado
PG-04784,C-004784,2025-08-23,78.98,Efectivo,Fallido
PG-04785,C-004785,2025-06-04,426.92,Tarjeta,Completado
PG-04786,C-004786,2025-07-17,678.19,Tarjeta,Completado
PG-04787,C-004787,2025-07-04,927.55,Transferencia,Completado
PG-04788,C-004788,2025-07-09,247.1,Transferencia,Completado
PG-04789,C-004789,2025-07-07,464.82,Efectivo,Completado
PG-04790,C-004790,2025-06-30,66.41,PayPal,Completado
PG-04791,C-004791,2025-06-18,950.22,Tarjeta,Fallido
PG-04792,C-004792,2025-06-15,1065.54,Amazon Pay,Completado
PG-04793,C-004793,2025-07-11,612.01,Tarjeta,Completado
PG-04794,C-004794,2025-06-30,1223.95,Transferencia,Completado
PG-04795,C-004795,2025-07-25,1058.23,PayPal,Fallido
PG-04796,C-004796,2025-07-07,265.55,Transferencia,Completado
PG-04797,C-004797,2025-06-05,1184.6,Tarjeta,Completado
PG-04798,C-004798,2025-07-05,45.04,Efectivo,Completado
PG-04799,C-004799,2025-08-27,1264.42,Bizum,Completado
PG-04800,C-004800,2025-06-12,827.95,Transferencia,Completado
PG-04801,C-004801,2025-06-08,507.28,Bizum,Completado
PG-04802,C-004802,2025-08-23,95.71,Transferencia,Completado
PG-04803,C-004803,2025-08-09,134.91,Transferencia,Pendiente
PG-04804,C-004804,2025-08-09,845.54,Amazon Pay,Completado
PG-04805,C-004805,2025-07-20,1419.78,Tarjeta,Completado
PG-04806,C-004806,2025-07-07,545.31,Tarjeta,Completado
PG-04807,C-004807,2025-08-30,894.69,Efectivo,Completado
PG-04808,C-004808,2025-08-07,402.7,PayPal,Pendiente
PG-04809,C-004809,2025-06-26,675.3,Transferencia,Completado
PG-04810,C-004810,2025-07-07,1808.41,Amazon Pay,Completado
PG-04811,C-004811,2025-08-26,986.42,Tarjeta,Completado
PG-04812,C-004812,2025-06-22,141.24,Efectivo,Completado
PG-04813,C-004813,2025-06-15,1145.02,Efectivo,Completado
PG-04814,C-004814,2025-08-11,55.6,Transferencia,Pendiente
PG-04815,C-004815,2025-08-17,1471.36,Amazon Pay,Pendiente
PG-04816,C-004816,2025-06-16,331.04,Transferencia,Completado
PG-04817,C-004817,2025-06-07,893.01,Tarjeta,Completado
PG-04818,C-004818,2025-06-13,506.33,Tarjeta,Completado
PG-04819,C-004819,2025-08-26,688.47,Tarjeta,Completado
PG-04820,C-004820,2025-07-05,326.79,Tarjeta,Fallido
PG-04821,C-004821,2025-08-05,1528.87,Tarjeta,Pendiente
PG-04822,C-004822,2025-07-05,1768.72,Transferencia,Completado
PG-04823,C-004823,2025-06-18,766.87,Tarjeta,Completado
PG-04824,C-004824,2025-07-17,225.55,Tarjeta,Completado
PG-04825,C-004825,2025-07-10,399.09,Transferencia,Completado
PG-04826,C-004826,2025-07-11,726.98,Transferencia,Completado
PG-04827,C-004827,2025-07-28,299.57,Tarjeta,Pendiente
PG-04828,C-004828,2025-08-19,612.63,Bizum,Pendiente
PG-04829,C-004829,2025-06-13,1265.6,Transferencia,Completado
PG-04830,C-004830,2025-06-03,35.91,Transferencia,Completado
PG-04831,C-004831,2025-08-12,335.95,Transferencia,Completado
PG-04832,C-004832,2025-07-29,1227.28,Transferencia,Completado
PG-04833,C-004833,2025-07-05,386.43,Transferencia,Completado
PG-04834,C-004834,2025-06-14,583.34,Transferencia,Completado
PG-04835,C-004835,2025-07-04,187.41,Tarjeta,Completado
PG-04836,C-004836,2025-06-18,472.8,Bizum,Completado
PG-04837,C-004837,2025-06-25,721.21,Transferencia,Pendiente
PG-04838,C-004838,2025-08-27,272.66,Efectivo,Completado
PG-04839,C-004839,2025-06-19,217.18,Transferencia,Pendiente
PG-04840,C-004840,2025-08-23,888.76,Bizum,Completado
PG-04841,C-004841,2025-06-03,849.05,Tarjeta,Completado
PG-04842,C-004842,2025-06-30,322.54,Efectivo,Completado
PG-04843,C-004843,2025-06-29,1308.78,PayPal,Completado
PG-04844,C-004844,2025-08-28,360.88,Transferencia,Completado
PG-04845,C-004845,2025-08-21,845.11,Tarjeta,Completado
PG-04846,C-004846,2025-06-10,959.31,Transferencia,Completado
PG-04847,C-004847,2025-07-19,346.16,Tarjeta,Completado
PG-04848,C-004848,2025-06-18,226.69,PayPal,Completado
PG-04849,C-004849,2025-07-29,723.78,Transferencia,Completado
PG-04850,C-004850,2025-06-10,706.37,Tarjeta,Completado
PG-04851,C-004851,2025-08-08,86.03,Transferencia,Completado
PG-04852,C-004852,2025-06-13,998.53,Transferencia,Completado
PG-04853,C-004853,2025-07-19,581.08,Transferencia,Completado
PG-04854,C-004854,2025-06-29,365.82,Bizum,Completado
PG-04855,C-004855,2025-07-07,234.12,Transferencia,Completado
PG-04856,C-004856,2025-08-10,980.41,Transferencia,Completado
PG-04857,C-004857,2025-07-18,114.48,Transferencia,Pendiente
PG-04858,C-004858,2025-07-08,1186.35,Bizum,Fallido
PG-04859,C-004859,2025-08-01,462.3,Transferencia,Completado
PG-04860,C-004860,2025-07-08,1526.81,Efectivo,Completado
PG-04861,C-004861,2025-06-03,74.7,Bizum,Completado
PG-04862,C-004862,2025-08-12,470.05,Transferencia,Completado
PG-04863,C-004863,2025-07-17,76.06,Tarjeta,Completado
PG-04864,C-004864,2025-06-23,836.05,Transferencia,Completado
PG-04865,C-004865,2025-06-23,225.27,Tarjeta,Completado
PG-04866,C-004866,2025-08-10,372.13,Transferencia,Completado
PG-04867,C-004867,2025-07-01,1230.74,Tarjeta,Completado
PG-04868,C-004868,2025-07-13,111.85,Tarjeta,Pendiente
PG-04869,C-004869,2025-06-05,856.48,Transferencia,Pendiente
PG-04870,C-004870,2025-07-12,728.35,Transferencia,Completado
PG-04871,C-004871,2025-06-09,10.48,Tarjeta,Completado
PG-04872,C-004872,2025-06-19,955.74,PayPal,Completado
PG-04873,C-004873,2025-06-30,400.19,Amazon Pay,Completado
PG-04874,C-004874,2025-07-25,510.05,Bizum,Completado
PG-04875,C-004875,2025-08-04,306.64,PayPal,Completado
PG-04876,C-004876,2025-06-12,384.51,Amazon Pay,Completado
PG-04877,C-004877,2025-07-24,1034.56,Transferencia,Completado
PG-04878,C-004878,2025-08-08,316.6,Tarjeta,Fallido
PG-04879,C-004879,2025-07-25,1014.61,Transferencia,Completado
PG-04880,C-004880,2025-06-13,305.2,Tarjeta,Completado
PG-04881,C-004881,2025-06-02,1475.48,Bizum,Completado
PG-04882,C-004882,2025-06-25,815.0,Tarjeta,Fallido
PG-04883,C-004883,2025-07-22,499.34,Tarjeta,Completado
PG-04884,C-004884,2025-08-02,1237.77,Efectivo,Completado
PG-04885,C-004885,2025-07-10,153.5,Amazon Pay,Completado
PG-04886,C-004886,2025-06-10,864.17,Transferencia,Completado
PG-04887,C-004887,2025-08-20,2045.68,Efectivo,Completado
PG-04888,C-004888,2025-06-07,974.2,Transferencia,Completado
PG-04889,C-004889,2025-06-25,1028.96,PayPal,Completado
PG-04890,C-004890,2025-06-25,314.31,Bizum,Completado
PG-04891,C-004891,2025-06-23,1316.47,PayPal,Completado
PG-04892,C-004892,2025-06-19,288.37,Tarjeta,Completado
PG-04893,C-004893,2025-08-16,631.09,Tarjeta,Fallido
PG-04894,C-004894,2025-07-31,121.22,PayPal,Completado
PG-04895,C-004895,2025-08-15,1076.47,Transferencia,Completado
PG-04896,C-004896,2025-08-26,699.22,Transferencia,Completado
PG-04897,C-004897,2025-06-12,643.82,Amazon Pay,Pendiente
PG-04898,C-004898,2025-06-15,397.49,Bizum,Completado
PG-04899,C-004899,2025-06-24,41.06,Tarjeta,Completado
PG-04900,C-004900,2025-06-16,226.1,Bizum,Completado
PG-04901,C-004901,2025-08-30,349.93,Tarjeta,Completado
PG-04902,C-004902,2025-07-01,716.89,Transferencia,Completado
PG-04903,C-004903,2025-06-10,690.38,Tarjeta,Completado
PG-04904,C-004904,2025-07-03,247.58,Tarjeta,Completado
PG-04905,C-004905,2025-07-16,234.52,Transferencia,Pendiente
PG-04906,C-004906,2025-08-19,604.92,Amazon Pay,Fallido
PG-04907,C-004907,2025-08-09,1078.36,Tarjeta,Completado
PG-04908,C-004908,2025-06-18,540.18,Transferencia,Completado
PG-04909,C-004909,2025-08-10,316.0,Transferencia,Completado
PG-04910,C-004910,2025-08-18,855.84,Transferencia,Completado
PG-04911,C-004911,2025-07-23,627.66,Transferencia,Completado
PG-04912,C-004912,2025-07-01,747.1,Transferencia,Completado
PG-04913,C-004913,2025-07-30,392.35,Transferencia,Completado
PG-04914,C-004914,2025-08-03,1409.95,Transferencia,Completado
PG-04915,C-004915,2025-08-28,260.56,Transferencia,Fallido
PG-04916,C-004916,2025-08-08,1589.14,Transferencia,Fallido
PG-04917,C-004917,2025-08-20,173.46,PayPal,Completado
PG-04918,C-004918,2025-07-15,52.8,Transferencia,Completado
PG-04919,C-004919,2025-07-30,677.32,Transferencia,Completado
PG-04920,C-004920,2025-06-04,565.8,Transferencia,Completado
PG-04921,C-004921,2025-07-18,569.72,Transferencia,Completado
PG-04922,C-004922,2025-07-10,256.08,Transferencia,Completado
PG-04923,C-004923,2025-08-22,1755.26,Tarjeta,Completado
PG-04924,C-004924,2025-06-30,1076.33,Tarjeta,Completado
PG-04925,C-004925,2025-06-17,852.2,Efectivo,Completado
PG-04926,C-004926,2025-08-10,250.69,Tarjeta,Completado
PG-04927,C-004927,2025-06-27,302.63,Tarjeta,Completado
PG-04928,C-004928,2025-07-05,203.41,Efectivo,Completado
PG-04929,C-004929,2025-06-11,419.66,Tarjeta,Completado
PG-04930,C-004930,2025-07-14,78.32,Amazon Pay,Completado
PG-04931,C-004931,2025-07-10,585.5,Transferencia,Completado
PG-04932,C-004932,2025-08-15,1658.17,Amazon Pay,Completado
PG-04933,C-004933,2025-07-18,796.85,Transferencia,Completado
PG-04934,C-004934,2025-06-19,128.03,Amazon Pay,Completado
PG-04935,C-004935,2025-07-31,1021.18,Transferencia,Completado
PG-04936,C-004936,2025-06-10,1129.63,PayPal,Fallido
PG-04937,C-004937,2025-06-03,18.41,Tarjeta,Completado
PG-04938,C-004938,2025-08-22,196.53,Transferencia,Completado
PG-04939,C-004939,2025-07-04,1289.77,Transferencia,Completado
PG-04940,C-004940,2025-06-17,1269.51,Bizum,Completado
PG-04941,C-004941,2025-08-27,579.61,Amazon Pay,Completado
PG-04942,C-004942,2025-07-09,463.04,Tarjeta,Completado
PG-04943,C-004943,2025-07-19,815.57,Amazon Pay,Fallido
PG-04944,C-004944,2025-08-10,352.79,Efectivo,Completado
PG-04945,C-004945,2025-06-10,737.6,Transferencia,Fallido
PG-04946,C-004946,2025-08-05,215.44,Tarjeta,Completado
PG-04947,C-004947,2025-08-07,374.88,Efectivo,Completado
PG-04948,C-004948,2025-07-21,799.63,Tarjeta,Completado
PG-04949,C-004949,2025-08-10,349.05,Tarjeta,Completado
PG-04950,C-004950,2025-07-31,446.93,Tarjeta,Completado
PG-04951,C-004951,2025-08-27,254.26,PayPal,Pendiente
PG-04952,C-004952,2025-07-10,200.21,Transferencia,Completado
PG-04953,C-004953,2025-08-27,255.63,PayPal,Completado
PG-04954,C-004954,2025-07-13,944.84,Transferencia,Completado
PG-04955,C-004955,2025-07-23,1005.82,Transferencia,Completado
PG-04956,C-004956,2025-08-28,1020.99,Bizum,Completado
PG-04957,C-004957,2025-08-06,711.42,Tarjeta,Completado
PG-04958,C-004958,2025-06-07,848.05,Amazon Pay,Completado
PG-04959,C-004959,2025-07-24,271.9,Tarjeta,Fallido
PG-04960,C-004960,2025-06-22,852.71,Tarjeta,Fallido
PG-04961,C-004961,2025-07-04,521.36,Tarjeta,Completado
PG-04962,C-004962,2025-07-25,96.76,PayPal,Completado
PG-04963,C-004963,2025-08-23,137.18,Efectivo,Completado
PG-04964,C-004964,2025-06-29,46.93,Transferencia,Completado
PG-04965,C-004965,2025-07-12,1225.52,Tarjeta,Completado
PG-04966,C-004966,2025-08-08,576.31,Transferencia,Completado
PG-04967,C-004967,2025-07-20,557.55,Tarjeta,Completado
PG-04968,C-004968,2025-06-17,1090.3,Bizum,Completado
PG-04969,C-004969,2025-07-01,952.43,Tarjeta,Completado
PG-04970,C-004970,2025-07-14,252.6,Tarjeta,Completado
PG-04971,C-004971,2025-08-15,408.02,Tarjeta,Completado
PG-04972,C-004972,2025-06-26,12.12,Transferencia,Pendiente
PG-04973,C-004973,2025-06-21,558.75,PayPal,Completado
PG-04974,C-004974,2025-08-13,379.74,Transferencia,Completado
PG-04975,C-004975,2025-06-11,32.75,Amazon Pay,Completado
PG-04976,C-004976,2025-06-19,737.45,Transferencia,Completado
PG-04977,C-004977,2025-08-04,1141.36,Transferencia,Completado
PG-04978,C-004978,2025-08-05,851.6,Transferencia,Completado
PG-04979,C-004979,2025-06-02,56.96,Transferencia,Completado
PG-04980,C-004980,2025-07-22,1110.72,Tarjeta,Completado
PG-04981,C-004981,2025-07-13,79.92,Tarjeta,Completado
PG-04982,C-004982,2025-07-12,877.18,Amazon Pay,Completado
PG-04983,C-004983,2025-07-19,960.96,PayPal,Completado
PG-04984,C-004984,2025-08-13,320.86,PayPal,Completado
