order_proveedor_id,branch_id,product_id,provider_id,provider_name,fecha_orden,cantidad,precio_unitario,total,estado
O-000001,BR-00001,P-000007,PR-00044,Hnos Nebot S.L.N.E,2025-08-24,46,2.55,117.3,Recibido
O-000002,BR-00001,P-000026,PR-00033,Despacho LDRM S.A.,2025-08-27,40,53.43,2137.2,Pendiente
O-000003,BR-00001,P-000038,PR-01456,Comercial RN S.A.,2025-08-19,26,36.85,958.1,Recibido
O-000004,BR-00001,P-000056,PR-00699,Cano y asociados S.L.,2025-07-04,30,24.68,740.4,Pendiente
O-000005,BR-00001,P-000063,PR-00738,Suministros Heredia S.L.,2025-08-09,20,88.21,1764.2,Recibido
O-000006,BR-00001,P-000064,PR-00738,Suministros Heredia S.L.,2025-08-11,80,111.41,8912.8,En tránsito
O-000007,BR-00001,P-000065,PR-00749,Hnos Cañas S.A.,2025-07-20,60,71.05,4263.0,En tránsito
O-000008,BR-00001,P-000073,PR-01156,Despacho Españolas S.Com.,2025-07-14,55,67.1,3690.5,Pendiente
O-000009,BR-00001,P-000074,PR-01245,Suministros Arenas S.L.,2025-07-19,76,38.31,2911.56,En tránsito
O-000010,BR-00001,P-000098,PR-00794,Construcción NZMQ S.L.N.E,2025-08-21,92,78.87,7256.04,Recibido
O-000011,BR-00001,P-000100,PR-01152,Casado y asociados S.L.,2025-08-01,22,74.43,1637.46,Pendiente
O-000012,BR-00001,P-000104,PR-00627,Infraestructuras WXJ S.L.,2025-07-12,31,25.3,784.3,Pendiente
O-000013,BR-00001,P-000114,PR-00041,Familia Vaquero S.Coop.,2025-08-25,42,32.45,1362.9,Pendiente
O-000014,BR-00001,P-000115,PR-00041,Familia Vaquero S.Coop.,2025-08-15,92,15.83,1456.36,Recibido
O-000015,BR-00001,P-000120,PR-00871,Orozco y Cardona S.A.,2025-07-21,54,64.34,3474.36,Pendiente
O-000016,BR-00001,P-000125,PR-00024,Manufacturas DVS S.A.,2025-07-28,20,128.99,2579.8,En tránsito
O-000017,BR-00001,P-000137,PR-01394,Transportes HKAN S.Com.,2025-07-30,41,68.1,2792.1,Recibido
O-000018,BR-00001,P-000152,PR-00020,Goñi & Asociados S.L.L.,2025-06-30,20,130.82,2616.4,Pendiente
O-000019,BR-00001,P-000164,PR-00002,Construcción Inteligentes S.C.P,2025-07-03,46,98.32,4522.72,Pendiente
O-000020,BR-00001,P-000170,PR-00004,Logística Pazos S.A.,2025-07-17,39,124.14,4841.46,Pendiente
O-000021,BR-00001,P-000172,PR-00005,Soluciones Torre S.Coop.,2025-07-28,85,130.77,11115.45,Recibido
O-000022,BR-00001,P-000173,PR-00005,Soluciones Torre S.Coop.,2025-07-04,71,47.9,3400.9,En tránsito
O-000023,BR-00001,P-000176,PR-00005,Soluciones Torre S.Coop.,2025-07-16,85,27.64,2349.4,Pendiente
O-000024,BR-00001,P-000183,PR-01367,Compañía del Norte S.L.,2025-08-16,51,84.55,4312.05,Pendiente
O-000025,BR-00001,P-000197,PR-01239,Roura y asociados S.Coop.,2025-08-28,54,102.42,5530.68,Pendiente
O-000026,BR-00001,P-000198,PR-00025,Rosa María Verdejo Rozas S.L.N.E,2025-08-10,71,35.71,2535.41,Pendiente
O-000027,BR-00001,P-000206,PR-00026,Banca Privada Nogués & Asociados S.Coop.,2025-07-09,20,142.79,2855.8,Recibido
O-000028,BR-00001,P-000209,PR-00628,Sanmiguel y Escrivá S.Coop.,2025-08-26,67,116.89,7831.63,Pendiente
O-000029,BR-00001,P-000212,PR-00028,Alimentación Internacionales S.A.,2025-07-09,55,35.44,1949.2,En tránsito
O-000030,BR-00001,P-000217,PR-01197,Zaragoza & Asociados S.Coop.,2025-07-15,95,105.17,9991.15,En tránsito
O-000031,BR-00001,P-000222,PR-01197,Zaragoza & Asociados S.Coop.,2025-08-17,30,24.74,742.2,Recibido
O-000032,BR-00001,P-000233,PR-00904,Soluciones SS S.A.,2025-08-02,76,63.04,4791.04,Pendiente
O-000033,BR-00002,P-000244,PR-00972,Finanzas Valcárcel & Asociados S.Coop.,2025-08-01,51,55.64,2837.64,Recibido
O-000034,BR-00002,P-000260,PR-00047,Logística Bermudez S.L.,2025-07-25,55,24.31,1337.05,Recibido
O-000035,BR-00002,P-000264,PR-00880,Evelia Madrid Pardo S.A.,2025-08-21,81,94.91,7687.71,En tránsito
O-000036,BR-00002,P-000268,PR-00034,Blanes y Cañizares S.A.,2025-07-15,34,104.83,3564.22,Recibido
O-000037,BR-00002,P-000271,PR-01042,Hnos Moll S.Coop.,2025-07-08,53,147.67,7826.51,Pendiente
O-000038,BR-00002,P-000277,PR-00035,Banca Privada Salvador S.Com.,2025-08-06,43,9.89,425.27,En tránsito
O-000039,BR-00002,P-000284,PR-01456,Comercial RN S.A.,2025-08-25,32,61.29,1961.28,Recibido
O-000040,BR-00002,P-000296,PR-00956,Desarrollo Integrales S.L.,2025-07-04,74,139.54,10325.96,En tránsito
O-000041,BR-00002,P-000306,PR-00943,Grupo Fernández S.L.,2025-07-28,70,117.86,8250.2,Recibido
O-000042,BR-00002,P-000309,PR-01119,Familia Roldan S.L.,2025-07-17,92,89.92,8272.64,Pendiente
O-000043,BR-00002,P-000313,PR-01156,Despacho Españolas S.Com.,2025-07-09,42,56.28,2363.76,Recibido
O-000044,BR-00002,P-000319,PR-00012,Grupo Mascaró S.Coop.,2025-08-28,43,122.21,5255.03,En tránsito
O-000045,BR-00002,P-000321,PR-00012,Grupo Mascaró S.Coop.,2025-07-25,22,73.37,1614.14,En tránsito
O-000046,BR-00002,P-000329,PR-00013,Industrias del Noroeste S.L.N.E,2025-08-06,54,125.9,6798.6,Pendiente
O-000047,BR-00002,P-000332,PR-01459,Construcción Pallarès S.Com.,2025-08-10,46,130.51,6003.46,Pendiente
O-000048,BR-00002,P-000333,PR-00014,Linares y Macías S.L.L.,2025-07-25,53,148.66,7878.98,En tránsito
O-000049,BR-00002,P-000337,PR-00683,Comercializadora DOH S.A.,2025-08-20,71,107.76,7650.96,Recibido
O-000050,BR-00002,P-000338,PR-00015,Plinio Paniagua Folch S.L.,2025-07-10,34,111.91,3804.94,Recibido
O-000051,BR-00002,P-000347,PR-00627,Infraestructuras WXJ S.L.,2025-08-21,75,37.04,2778.0,Recibido
O-000052,BR-00002,P-000353,PR-01432,Familia Garzón S.L.,2025-08-05,39,110.05,4291.95,En tránsito
O-000053,BR-00002,P-000363,PR-00041,Familia Vaquero S.Coop.,2025-07-26,39,49.74,1939.86,Recibido
O-000054,BR-00002,P-000371,PR-00042,Compañía Moya y asociados S.Coop.,2025-08-22,59,118.95,7018.05,Recibido
O-000055,BR-00002,P-000373,PR-00016,Manufacturas Palacios S.L.,2025-07-25,41,73.29,3004.89,En tránsito
O-000056,BR-00002,P-000377,PR-01350,Luciana Álvarez Belmonte S.A.,2025-08-07,28,39.58,1108.24,Recibido
O-000057,BR-00002,P-000380,PR-01261,Virgilio Prieto Marti S.L.N.E,2025-07-14,55,46.16,2538.8,Recibido
O-000058,BR-00002,P-000382,PR-00018,Servicios Flor & Asociados S.L.U.,2025-07-18,43,25.03,1076.29,Recibido
O-000059,BR-00002,P-000386,PR-00648,Josefa Rodriguez Machado S.A.T.,2025-08-10,31,138.41,4290.71,Recibido
O-000060,BR-00002,P-000394,PR-01101,Corominas & Asociados S.L.,2025-08-12,80,133.22,10657.6,En tránsito
O-000061,BR-00002,P-000395,PR-01024,Hotel Pablo y asociados S.A.,2025-07-20,34,149.56,5085.04,Pendiente
O-000062,BR-00002,P-000403,PR-00002,Construcción Inteligentes S.C.P,2025-08-09,45,18.14,816.3,Recibido
O-000063,BR-00002,P-000412,PR-00004,Logística Pazos S.A.,2025-08-23,37,89.76,3321.12,Pendiente
O-000064,BR-00002,P-000413,PR-01236,Promociones Cepeda S.L.U.,2025-07-03,22,9.84,216.48,Recibido
O-000065,BR-00002,P-000416,PR-00005,Soluciones Torre S.Coop.,2025-07-28,79,49.25,3890.75,Pendiente
O-000066,BR-00002,P-000418,PR-00005,Soluciones Torre S.Coop.,2025-07-26,63,85.26,5371.38,Recibido
O-000067,BR-00002,P-000430,PR-00776,Nieves Hurtado Fiol S.Com.,2025-07-25,43,38.75,1666.25,En tránsito
O-000068,BR-00002,P-000432,PR-00776,Nieves Hurtado Fiol S.Com.,2025-07-10,32,80.65,2580.8,Recibido
O-000069,BR-00002,P-000434,PR-00023,Distribuciones Inteligentes S.Com.,2025-07-03,21,36.04,756.84,Recibido
O-000070,BR-00002,P-000443,PR-01239,Roura y asociados S.Coop.,2025-07-18,31,112.12,3475.72,En tránsito
O-000071,BR-00002,P-000458,PR-00628,Sanmiguel y Escrivá S.Coop.,2025-07-06,21,138.07,2899.47,En tránsito
O-000072,BR-00002,P-000465,PR-00028,Alimentación Internacionales S.A.,2025-07-17,64,112.98,7230.72,Pendiente
O-000073,BR-00002,P-000469,PR-01197,Zaragoza & Asociados S.Coop.,2025-08-01,24,135.61,3254.64,Pendiente
O-000074,BR-00002,P-000470,PR-01197,Zaragoza & Asociados S.Coop.,2025-08-27,60,133.16,7989.6,En tránsito
O-000075,BR-00002,P-000477,PR-01425,Talleres del Mediterráneo S.L.,2025-08-08,53,134.1,7107.3,En tránsito
O-000076,BR-00002,P-000484,PR-00904,Soluciones SS S.A.,2025-08-03,93,3.67,341.31,Pendiente
O-000077,BR-00002,P-000487,PR-00904,Soluciones SS S.A.,2025-08-05,79,68.77,5432.83,Pendiente
O-000078,BR-00003,P-000491,PR-00043,Perelló y Lorenzo S.L.,2025-07-13,63,63.12,3976.56,En tránsito
O-000079,BR-00003,P-000505,PR-00045,Desarrollo Pedrero & Asociados S.L.U.,2025-08-10,67,101.34,6789.78,Pendiente
O-000080,BR-00003,P-000511,PR-01342,Soluciones Ibéricos S.L.L.,2025-08-26,60,147.06,8823.6,Pendiente
O-000081,BR-00003,P-000519,PR-00033,Despacho LDRM S.A.,2025-07-24,30,5.62,168.6,Recibido
O-000082,BR-00003,P-000520,PR-00708,Tecnologías Ibéricos S.Coop.,2025-08-13,54,51.19,2764.26,En tránsito
O-000083,BR-00003,P-000523,PR-00034,Blanes y Cañizares S.A.,2025-08-07,79,80.54,6362.66,En tránsito
O-000084,BR-00003,P-000526,PR-00035,Banca Privada Salvador S.Com.,2025-07-03,33,69.19,2283.27,En tránsito
O-000085,BR-00003,P-000527,PR-00035,Banca Privada Salvador S.Com.,2025-08-06,86,94.33,8112.38,En tránsito
O-000086,BR-00003,P-000537,PR-00037,María José Bellido Serna S.A.,2025-08-06,34,98.95,3364.3,Pendiente
O-000087,BR-00003,P-000542,PR-00006,Consultoría Teruel y asociados S.A.,2025-07-22,31,19.82,614.42,En tránsito
O-000088,BR-00003,P-000549,PR-00007,Hermanos Corbacho S.A.,2025-06-30,69,115.42,7963.98,En tránsito
O-000089,BR-00003,P-000557,PR-00738,Suministros Heredia S.L.,2025-08-14,74,113.35,8387.9,Pendiente
O-000090,BR-00003,P-000565,PR-01156,Despacho Españolas S.Com.,2025-08-25,62,119.19,7389.78,Recibido
O-000091,BR-00003,P-000572,PR-01245,Suministros Arenas S.L.,2025-07-07,23,37.31,858.13,En tránsito
O-000092,BR-00003,P-000582,PR-00013,Industrias del Noroeste S.L.N.E,2025-07-22,33,13.5,445.5,Pendiente
O-000093,BR-00003,P-000601,PR-01432,Familia Garzón S.L.,2025-08-19,51,124.01,6324.51,En tránsito
O-000094,BR-00003,P-000612,PR-01383,Familia Falcón S.L.L.,2025-07-04,90,136.18,12256.2,En tránsito
O-000095,BR-00003,P-000624,PR-00645,Hnos Barriga S.L.L.,2025-07-24,54,108.82,5876.28,Pendiente
O-000096,BR-00003,P-000631,PR-00017,Samper y Cabanillas S.Coop.,2025-07-19,96,20.37,1955.52,En tránsito
O-000097,BR-00004,P-000660,PR-00044,Hnos Nebot S.L.N.E,2025-07-09,23,6.64,152.72,Pendiente
O-000098,BR-00004,P-000662,PR-00868,Hermanos Fernández S.Com.,2025-08-25,69,129.6,8942.4,Recibido
O-000099,BR-00004,P-000663,PR-00045,Desarrollo Pedrero & Asociados S.L.U.,2025-07-01,61,138.85,8469.85,En tránsito
O-000100,BR-00004,P-000669,PR-00047,Logística Bermudez S.L.,2025-08-27,75,59.34,4450.5,Recibido
O-000101,BR-00004,P-000674,PR-00708,Tecnologías Ibéricos S.Coop.,2025-07-20,69,26.6,1835.4,Pendiente
O-000102,BR-00004,P-000680,PR-01064,Distribuciones Saura S.A.,2025-07-06,44,114.11,5020.84,Recibido
O-000103,BR-00004,P-000685,PR-00035,Banca Privada Salvador S.Com.,2025-07-25,69,11.53,795.57,Recibido
O-000104,BR-00004,P-000687,PR-00036,Infraestructuras Niño S.Coop.,2025-07-22,97,31.68,3072.96,En tránsito
O-000105,BR-00004,P-000691,PR-00036,Infraestructuras Niño S.Coop.,2025-07-06,59,25.66,1513.94,Pendiente
O-000106,BR-00004,P-000704,PR-00699,Cano y asociados S.L.,2025-07-08,69,52.0,3588.0,En tránsito
O-000107,BR-00004,P-000706,PR-00943,Grupo Fernández S.L.,2025-07-09,29,35.9,1041.1,Pendiente
O-000108,BR-00004,P-000721,PR-01156,Despacho Españolas S.Com.,2025-07-12,86,70.74,6083.64,Pendiente
O-000109,BR-00004,P-000745,PR-00794,Construcción NZMQ S.L.N.E,2025-07-24,83,108.11,8973.13,Recibido
O-000110,BR-00004,P-000755,PR-01437,Construcción Montes y asociados S.Com.,2025-08-20,89,30.19,2686.91,En tránsito
O-000111,BR-00004,P-000756,PR-01383,Familia Falcón S.L.L.,2025-07-02,78,71.38,5567.64,Recibido
O-000112,BR-00004,P-000759,PR-01437,Construcción Montes y asociados S.Com.,2025-07-06,20,143.15,2863.0,Pendiente
O-000113,BR-00004,P-000761,PR-01383,Familia Falcón S.L.L.,2025-06-30,57,40.56,2311.92,En tránsito
O-000114,BR-00004,P-000769,PR-00042,Compañía Moya y asociados S.Coop.,2025-08-28,48,9.81,470.88,Recibido
O-000115,BR-00004,P-000776,PR-00645,Hnos Barriga S.L.L.,2025-07-21,61,22.53,1374.33,Pendiente
O-000116,BR-00004,P-000786,PR-00018,Servicios Flor & Asociados S.L.U.,2025-07-13,91,84.64,7702.24,En tránsito
O-000117,BR-00004,P-000792,PR-01101,Corominas & Asociados S.L.,2025-08-16,84,63.56,5339.04,Pendiente
O-000118,BR-00004,P-000793,PR-01101,Corominas & Asociados S.L.,2025-08-15,48,103.46,4966.08,En tránsito
O-000119,BR-00005,P-000799,PR-00043,Perelló y Lorenzo S.L.,2025-08-18,51,76.92,3922.92,En tránsito
O-000120,BR-00005,P-000805,PR-00868,Hermanos Fernández S.Com.,2025-07-04,97,54.36,5272.92,Pendiente
O-000121,BR-00005,P-000815,PR-01116,Grupo Morán S.A.,2025-07-26,47,24.47,1150.09,En tránsito
O-000122,BR-00005,P-000825,PR-00033,Despacho LDRM S.A.,2025-07-22,85,144.55,12286.75,Pendiente
O-000123,BR-00005,P-000830,PR-01042,Hnos Moll S.Coop.,2025-08-25,86,64.12,5514.32,Pendiente
O-000124,BR-00005,P-000859,PR-00738,Suministros Heredia S.L.,2025-08-02,92,68.0,6256.0,En tránsito
O-000125,BR-00005,P-000868,PR-01156,Despacho Españolas S.Com.,2025-08-01,58,14.27,827.66,Pendiente
O-000126,BR-00005,P-000872,PR-00011,Buendía y Oller S.L.,2025-08-19,58,127.34,7385.72,Pendiente
O-000127,BR-00005,P-000876,PR-00012,Grupo Mascaró S.Coop.,2025-08-07,45,50.02,2250.9,Recibido
O-000128,BR-00005,P-000879,PR-00012,Grupo Mascaró S.Coop.,2025-07-16,76,84.69,6436.44,Pendiente
O-000129,BR-00005,P-000882,PR-00761,Finanzas TH S.A.,2025-07-02,99,53.44,5290.56,Pendiente
O-000130,BR-00005,P-000899,PR-00627,Infraestructuras WXJ S.L.,2025-07-31,89,92.2,8205.8,En tránsito
O-000131,BR-00005,P-000905,PR-01432,Familia Garzón S.L.,2025-07-10,42,90.54,3802.68,En tránsito
O-000132,BR-00005,P-000908,PR-01432,Familia Garzón S.L.,2025-07-30,70,70.97,4967.9,Pendiente
O-000133,BR-00005,P-000929,PR-01394,Transportes HKAN S.Com.,2025-07-15,74,63.49,4698.26,Recibido
O-000134,BR-00005,P-000933,PR-01350,Luciana Álvarez Belmonte S.A.,2025-07-20,79,60.74,4798.46,En tránsito
O-000135,BR-00005,P-000935,PR-00017,Samper y Cabanillas S.Coop.,2025-08-25,54,62.67,3384.18,Recibido
O-000136,BR-00005,P-000937,PR-01487,Minería Pagès y asociados S.L.,2025-07-30,47,100.11,4705.17,Recibido
O-000137,BR-00005,P-000938,PR-00018,Servicios Flor & Asociados S.L.U.,2025-08-24,91,54.24,4935.84,En tránsito
O-000138,BR-00005,P-000940,PR-01487,Minería Pagès y asociados S.L.,2025-08-01,97,116.18,11269.46,Recibido
O-000139,BR-00005,P-000944,PR-00648,Josefa Rodriguez Machado S.A.T.,2025-07-07,70,87.36,6115.2,En tránsito
O-000140,BR-00005,P-000947,PR-00020,Goñi & Asociados S.L.L.,2025-07-08,58,57.0,3306.0,Recibido
O-000141,BR-00006,P-000977,PR-00047,Logística Bermudez S.L.,2025-08-20,95,17.96,1706.2,En tránsito
O-000142,BR-00006,P-000981,PR-00047,Logística Bermudez S.L.,2025-07-25,59,89.6,5286.4,Pendiente
O-000143,BR-00006,P-000985,PR-00708,Tecnologías Ibéricos S.Coop.,2025-08-07,30,115.59,3467.7,Recibido
O-000144,BR-00006,P-000987,PR-00033,Despacho LDRM S.A.,2025-08-13,68,131.01,8908.68,Recibido
O-000145,BR-00006,P-000990,PR-01042,Hnos Moll S.Coop.,2025-08-18,26,119.46,3105.96,En tránsito
O-000146,BR-00006,P-001002,PR-01456,Comercial RN S.A.,2025-07-24,34,114.72,3900.48,En tránsito
O-000147,BR-00006,P-001003,PR-00036,Infraestructuras Niño S.Coop.,2025-07-13,69,13.9,959.1,En tránsito
O-000148,BR-00006,P-001010,PR-00037,María José Bellido Serna S.A.,2025-08-28,49,107.28,5256.72,Pendiente
O-000149,BR-00006,P-001013,PR-01097,Albano Cervantes Palacio S.L.,2025-07-03,80,138.4,11072.0,En tránsito
O-000150,BR-00006,P-001014,PR-00006,Consultoría Teruel y asociados S.A.,2025-08-25,57,68.03,3877.71,Recibido
O-000151,BR-00006,P-001019,PR-00007,Hermanos Corbacho S.A.,2025-08-11,57,139.5,7951.5,En tránsito
O-000152,BR-00006,P-001024,PR-00943,Grupo Fernández S.L.,2025-07-10,24,112.64,2703.36,En tránsito
O-000153,BR-00006,P-001025,PR-00773,Ángel Merino Escribano S.Coop.,2025-07-19,56,148.89,8337.84,En tránsito
O-000154,BR-00006,P-001031,PR-00009,Sotelo y asociados S.A.T.,2025-08-26,76,20.05,1523.8,Pendiente
O-000155,BR-00006,P-001044,PR-00012,Grupo Mascaró S.Coop.,2025-07-27,73,53.79,3926.67,En tránsito
O-000156,BR-00006,P-001060,PR-00968,Pascual Lladó Soria S.Coop.,2025-08-16,99,54.81,5426.19,Recibido
O-000157,BR-00006,P-001070,PR-00038,Talleres QPJJ S.A.,2025-08-23,74,19.45,1439.3,En tránsito
O-000158,BR-00006,P-001079,PR-01383,Familia Falcón S.L.L.,2025-07-10,86,148.31,12754.66,En tránsito
O-000159,BR-00006,P-001085,PR-01437,Construcción Montes y asociados S.Com.,2025-07-16,59,14.67,865.53,Pendiente
O-000160,BR-00006,P-001089,PR-00041,Familia Vaquero S.Coop.,2025-07-31,81,30.02,2431.62,En tránsito
O-000161,BR-00006,P-001094,PR-00676,Minería Sacristán y asociados S.Com.,2025-08-13,70,146.22,10235.4,En tránsito
O-000162,BR-00006,P-001097,PR-00016,Manufacturas Palacios S.L.,2025-07-26,46,136.83,6294.18,En tránsito
O-000163,BR-00006,P-001101,PR-00017,Samper y Cabanillas S.Coop.,2025-08-01,54,79.25,4279.5,Pendiente
O-000164,BR-00006,P-001110,PR-00648,Josefa Rodriguez Machado S.A.T.,2025-07-02,32,109.42,3501.44,Recibido
O-000165,BR-00006,P-001120,PR-00020,Goñi & Asociados S.L.L.,2025-07-24,34,34.6,1176.4,En tránsito
O-000166,BR-00007,P-001123,PR-01096,Banca Privada Salamanca y asociados S.L.,2025-07-13,95,102.35,9723.25,Pendiente
O-000167,BR-00007,P-001129,PR-01418,Hnos Gaya S.A.,2025-08-16,45,142.52,6413.4,En tránsito
O-000168,BR-00007,P-001134,PR-00868,Hermanos Fernández S.Com.,2025-07-07,21,107.0,2247.0,Recibido
O-000169,BR-00007,P-001140,PR-00047,Logística Bermudez S.L.,2025-07-21,90,53.94,4854.6,En tránsito
O-000170,BR-00007,P-001155,PR-00034,Blanes y Cañizares S.A.,2025-07-01,58,25.5,1479.0,Recibido
O-000171,BR-00007,P-001156,PR-01042,Hnos Moll S.Coop.,2025-07-01,48,73.4,3523.2,Recibido
O-000172,BR-00007,P-001157,PR-01064,Distribuciones Saura S.A.,2025-07-21,46,19.56,899.76,Pendiente
O-000173,BR-00007,P-001164,PR-00035,Banca Privada Salvador S.Com.,2025-07-17,93,41.1,3822.3,En tránsito
O-000174,BR-00007,P-001178,PR-00006,Consultoría Teruel y asociados S.A.,2025-08-24,88,13.15,1157.2,En tránsito
O-000175,BR-00007,P-001180,PR-00006,Consultoría Teruel y asociados S.A.,2025-07-13,83,31.04,2576.32,Pendiente
O-000176,BR-00007,P-001182,PR-00007,Hermanos Corbacho S.A.,2025-07-12,56,132.23,7404.88,Pendiente
O-000177,BR-00007,P-001184,PR-00008,Industrias Jaume y asociados S.L.,2025-07-29,27,142.97,3860.19,Pendiente
O-000178,BR-00007,P-001187,PR-01178,Iniesta & Asociados S.A.T.,2025-08-14,86,147.65,12697.9,En tránsito
O-000179,BR-00007,P-001219,PR-00015,Plinio Paniagua Folch S.L.,2025-08-11,92,54.17,4983.64,Pendiente
O-000180,BR-00007,P-001236,PR-00041,Familia Vaquero S.Coop.,2025-08-22,80,44.77,3581.6,Recibido
O-000181,BR-00007,P-001244,PR-00042,Compañía Moya y asociados S.Coop.,2025-08-04,91,98.74,8985.34,En tránsito
O-000182,BR-00007,P-001245,PR-00042,Compañía Moya y asociados S.Coop.,2025-08-02,36,23.47,844.92,En tránsito
O-000183,BR-00007,P-001250,PR-00016,Manufacturas Palacios S.L.,2025-07-28,90,67.78,6100.2,En tránsito
O-000184,BR-00007,P-001263,PR-01487,Minería Pagès y asociados S.L.,2025-07-20,62,4.87,301.94,Pendiente
O-000185,BR-00007,P-001267,PR-00020,Goñi & Asociados S.L.L.,2025-08-09,61,100.39,6123.79,Pendiente
O-000186,BR-00008,P-001284,PR-00868,Hermanos Fernández S.Com.,2025-08-02,46,141.86,6525.56,Recibido
O-000187,BR-00008,P-001307,PR-00035,Banca Privada Salvador S.Com.,2025-07-13,96,23.1,2217.6,Pendiente
O-000188,BR-00008,P-001321,PR-01097,Albano Cervantes Palacio S.L.,2025-08-16,68,66.53,4524.04,Pendiente
O-000189,BR-00008,P-001322,PR-00037,María José Bellido Serna S.A.,2025-07-14,79,122.99,9716.21,Recibido
O-000190,BR-00008,P-001331,PR-00956,Desarrollo Integrales S.L.,2025-08-24,98,37.33,3658.34,Recibido
O-000191,BR-00008,P-001342,PR-01062,Suministros Montes S.Com.,2025-07-13,96,137.83,13231.68,En tránsito
O-000192,BR-00008,P-001360,PR-00994,Supermercados Yuste S.Coop.,2025-08-22,87,44.42,3864.54,En tránsito
O-000193,BR-00008,P-001361,PR-00014,Linares y Macías S.L.L.,2025-07-20,75,95.93,7194.75,En tránsito
O-000194,BR-00008,P-001371,PR-00039,Manu Chico Beltrán S.A.U,2025-07-25,47,6.31,296.57,Pendiente
O-000195,BR-00008,P-001374,PR-00039,Manu Chico Beltrán S.A.U,2025-08-13,62,134.91,8364.42,Recibido
O-000196,BR-00008,P-001384,PR-00041,Familia Vaquero S.Coop.,2025-07-30,54,135.01,7290.54,Recibido
O-000197,BR-00008,P-001407,PR-01101,Corominas & Asociados S.L.,2025-07-24,41,133.82,5486.62,Recibido
O-000198,BR-00008,P-001410,PR-00020,Goñi & Asociados S.L.L.,2025-08-27,23,91.8,2111.4,En tránsito
O-000199,BR-00009,P-001413,PR-00043,Perelló y Lorenzo S.L.,2025-08-28,45,63.72,2867.4,En tránsito
O-000200,BR-00009,P-001417,PR-01418,Hnos Gaya S.A.,2025-07-09,62,27.31,1693.22,Recibido
O-000201,BR-00009,P-001422,PR-00045,Desarrollo Pedrero & Asociados S.L.U.,2025-07-08,43,16.17,695.31,Pendiente
O-000202,BR-00009,P-001425,PR-01342,Soluciones Ibéricos S.L.L.,2025-08-14,21,125.07,2626.47,Recibido
O-000203,BR-00009,P-001426,PR-00046,Priscila Pujadas Navarrete S.A.T.,2025-07-03,45,130.18,5858.1,Pendiente
O-000204,BR-00009,P-001446,PR-01456,Comercial RN S.A.,2025-08-26,24,10.02,240.48,En tránsito
O-000205,BR-00009,P-001448,PR-01456,Comercial RN S.A.,2025-07-26,80,86.53,6922.4,Recibido
O-000206,BR-00009,P-001449,PR-00036,Infraestructuras Niño S.Coop.,2025-08-19,46,14.5,667.0,Pendiente
O-000207,BR-00009,P-001454,PR-01097,Albano Cervantes Palacio S.L.,2025-07-27,51,27.67,1411.17,Pendiente
O-000208,BR-00009,P-001458,PR-00006,Consultoría Teruel y asociados S.A.,2025-07-21,38,97.35,3699.3,Pendiente
O-000209,BR-00009,P-001473,PR-00009,Sotelo y asociados S.A.T.,2025-07-21,69,148.87,10272.03,Recibido
O-000210,BR-00009,P-001474,PR-01119,Familia Roldan S.L.,2025-07-28,27,103.95,2806.65,Pendiente
O-000211,BR-00009,P-001477,PR-01156,Despacho Españolas S.Com.,2025-07-08,57,23.2,1322.4,En tránsito
O-000212,BR-00009,P-001487,PR-00013,Industrias del Noroeste S.L.N.E,2025-08-02,94,5.53,519.82,Recibido
O-000213,BR-00009,P-001502,PR-00794,Construcción NZMQ S.L.N.E,2025-08-20,82,83.9,6879.8,Pendiente
O-000214,BR-00009,P-001509,PR-00038,Talleres QPJJ S.A.,2025-07-12,85,18.03,1532.55,En tránsito
O-000215,BR-00009,P-001517,PR-01437,Construcción Montes y asociados S.Com.,2025-07-12,33,78.81,2600.73,Pendiente
O-000216,BR-00009,P-001518,PR-00040,Promociones Española S.Coop.,2025-08-24,35,79.89,2796.15,Recibido
O-000217,BR-00009,P-001519,PR-00041,Familia Vaquero S.Coop.,2025-07-07,66,109.58,7232.28,Recibido
O-000218,BR-00009,P-001526,PR-00042,Compañía Moya y asociados S.Coop.,2025-08-10,37,132.64,4907.68,Pendiente
O-000219,BR-00009,P-001533,PR-00024,Manufacturas DVS S.A.,2025-07-08,28,102.63,2873.64,Pendiente
O-000220,BR-00009,P-001535,PR-01261,Virgilio Prieto Marti S.L.N.E,2025-07-18,59,145.61,8590.99,Recibido
O-000221,BR-00009,P-001539,PR-00735,Infraestructuras CZIU S.Coop.,2025-08-27,51,11.83,603.33,Pendiente
O-000222,BR-00009,P-001547,PR-00019,Valencia y asociados S.L.,2025-07-01,39,85.11,3319.29,Recibido
O-000223,BR-00010,P-001559,PR-00043,Perelló y Lorenzo S.L.,2025-07-02,29,9.72,281.88,Pendiente
O-000224,BR-00010,P-001560,PR-00919,Mesa y Izaguirre S.Coop.,2025-08-16,93,28.98,2695.14,En tránsito
O-000225,BR-00010,P-001564,PR-00045,Desarrollo Pedrero & Asociados S.L.U.,2025-07-05,30,70.47,2114.1,Pendiente
O-000226,BR-00010,P-001566,PR-00868,Hermanos Fernández S.Com.,2025-07-10,55,132.45,7284.75,Recibido
O-000227,BR-00010,P-001569,PR-01116,Grupo Morán S.A.,2025-08-01,69,120.81,8335.89,Pendiente
O-000228,BR-00010,P-001575,PR-00047,Logística Bermudez S.L.,2025-08-23,41,39.16,1605.56,Pendiente
O-000229,BR-00010,P-001584,PR-00033,Despacho LDRM S.A.,2025-07-23,60,99.33,5959.8,Pendiente
O-000230,BR-00010,P-001586,PR-00033,Despacho LDRM S.A.,2025-08-13,72,30.81,2218.32,En tránsito
O-000231,BR-00010,P-001593,PR-00035,Banca Privada Salvador S.Com.,2025-07-24,65,119.31,7755.15,Pendiente
O-000232,BR-00010,P-001594,PR-00035,Banca Privada Salvador S.Com.,2025-08-06,59,66.43,3919.37,En tránsito
O-000233,BR-00010,P-001601,PR-00037,María José Bellido Serna S.A.,2025-08-21,72,119.88,8631.36,Recibido
O-000234,BR-00010,P-001605,PR-00006,Consultoría Teruel y asociados S.A.,2025-07-09,62,33.52,2078.24,Recibido
O-000235,BR-00010,P-001608,PR-00006,Consultoría Teruel y asociados S.A.,2025-07-07,27,41.5,1120.5,En tránsito
O-000236,BR-00010,P-001612,PR-00699,Cano y asociados S.L.,2025-08-21,77,88.18,6789.86,En tránsito
O-000237,BR-00010,P-001617,PR-00749,Hnos Cañas S.A.,2025-07-23,74,51.34,3799.16,Pendiente
O-000238,BR-00010,P-001620,PR-01178,Iniesta & Asociados S.A.T.,2025-08-06,96,62.53,6002.88,Pendiente
O-000239,BR-00010,P-001624,PR-01119,Familia Roldan S.L.,2025-07-10,47,33.57,1577.79,Pendiente
O-000240,BR-00010,P-001631,PR-01156,Despacho Españolas S.Com.,2025-08-17,94,52.91,4973.54,Recibido
O-000241,BR-00010,P-001637,PR-01372,Agullo & Asociados S.Com.,2025-08-22,22,85.11,1872.42,Pendiente
O-000242,BR-00010,P-001646,PR-00968,Pascual Lladó Soria S.Coop.,2025-07-14,80,85.16,6812.8,Recibido
O-000243,BR-00010,P-001649,PR-00994,Supermercados Yuste S.Coop.,2025-07-19,22,19.17,421.74,Recibido
O-000244,BR-00010,P-001654,PR-00794,Construcción NZMQ S.L.N.E,2025-08-05,47,77.92,3662.24,Recibido
O-000245,BR-00010,P-001657,PR-00627,Infraestructuras WXJ S.L.,2025-07-16,84,55.76,4683.84,Pendiente
O-000246,BR-00010,P-001667,PR-01432,Familia Garzón S.L.,2025-07-23,22,10.31,226.82,Recibido
O-000247,BR-00010,P-001672,PR-01437,Construcción Montes y asociados S.Com.,2025-07-23,72,69.64,5014.08,Pendiente
O-000248,BR-00010,P-001694,PR-01394,Transportes HKAN S.Com.,2025-08-12,57,5.42,308.94,Pendiente
O-000249,BR-00010,P-001695,PR-01487,Minería Pagès y asociados S.L.,2025-07-02,85,80.62,6852.7,En tránsito
O-000250,BR-00010,P-001697,PR-00018,Servicios Flor & Asociados S.L.U.,2025-07-16,60,65.54,3932.4,Recibido
O-000251,BR-00010,P-001701,PR-00648,Josefa Rodriguez Machado S.A.T.,2025-08-13,90,88.79,7991.1,Pendiente
O-000252,BR-00011,P-001709,PR-00659,Iglesia y asociados S.L.U.,2025-07-07,53,86.15,4565.95,Pendiente
O-000253,BR-00011,P-001712,PR-00972,Finanzas Valcárcel & Asociados S.Coop.,2025-08-10,83,26.61,2208.63,En tránsito
O-000254,BR-00011,P-001713,PR-00919,Mesa y Izaguirre S.Coop.,2025-08-17,48,109.27,5244.96,En tránsito
O-000255,BR-00011,P-001722,PR-00046,Priscila Pujadas Navarrete S.A.T.,2025-08-13,45,114.75,5163.75,Pendiente
O-000256,BR-00011,P-001724,PR-01116,Grupo Morán S.A.,2025-07-19,81,15.28,1237.68,Recibido
O-000257,BR-00011,P-001736,PR-00033,Despacho LDRM S.A.,2025-07-26,28,11.84,331.52,En tránsito
O-000258,BR-00011,P-001754,PR-01456,Comercial RN S.A.,2025-07-05,96,51.15,4910.4,En tránsito
O-000259,BR-00011,P-001756,PR-00037,María José Bellido Serna S.A.,2025-08-11,82,33.39,2737.98,En tránsito
O-000260,BR-00011,P-001757,PR-01097,Albano Cervantes Palacio S.L.,2025-07-31,68,4.95,336.6,Recibido
O-000261,BR-00011,P-001758,PR-01097,Albano Cervantes Palacio S.L.,2025-08-11,58,86.06,4991.48,Pendiente
O-000262,BR-00011,P-001774,PR-00943,Grupo Fernández S.L.,2025-08-10,21,4.09,85.89,En tránsito
O-000263,BR-00011,P-001779,PR-01156,Despacho Españolas S.Com.,2025-08-03,47,22.4,1052.8,Recibido
O-000264,BR-00011,P-001781,PR-01156,Despacho Españolas S.Com.,2025-07-29,95,115.8,11001.0,Recibido
O-000265,BR-00011,P-001785,PR-01245,Suministros Arenas S.L.,2025-07-05,91,56.69,5158.79,Recibido
O-000266,BR-00011,P-001786,PR-00012,Grupo Mascaró S.Coop.,2025-08-09,26,106.66,2773.16,Pendiente
O-000267,BR-00011,P-001797,PR-00969,Soluciones del Norte S.A.,2025-07-26,72,146.63,10557.36,En tránsito
O-000268,BR-00011,P-001800,PR-01428,Madrigal & Asociados S.L.N.E,2025-08-02,47,57.48,2701.56,Recibido
O-000269,BR-00011,P-001804,PR-00794,Construcción NZMQ S.L.N.E,2025-08-14,23,134.48,3093.04,En tránsito
O-000270,BR-00012,P-001806,PR-01096,Banca Privada Salamanca y asociados S.L.,2025-07-26,65,89.43,5812.95,En tránsito
O-000271,BR-00012,P-001819,PR-00868,Hermanos Fernández S.Com.,2025-07-09,48,43.48,2087.04,Recibido
O-000272,BR-00012,P-001835,PR-01064,Distribuciones Saura S.A.,2025-07-08,37,75.26,2784.62,Recibido
O-000273,BR-00012,P-001839,PR-01064,Distribuciones Saura S.A.,2025-07-28,88,65.65,5777.2,Pendiente
O-000274,BR-00012,P-001844,PR-00035,Banca Privada Salvador S.Com.,2025-07-27,39,113.72,4435.08,Recibido
O-000275,BR-00012,P-001845,PR-00035,Banca Privada Salvador S.Com.,2025-07-08,76,94.43,7176.68,Pendiente
O-000276,BR-00012,P-001862,PR-00007,Hermanos Corbacho S.A.,2025-08-13,41,46.04,1887.64,Recibido
O-000277,BR-00012,P-001875,PR-00010,Construcción Muñoz S.L.,2025-07-20,77,91.75,7064.75,Recibido
O-000278,BR-00012,P-001898,PR-00683,Comercializadora DOH S.A.,2025-08-03,88,16.05,1412.4,En tránsito
O-000279,BR-00012,P-001901,PR-00015,Plinio Paniagua Folch S.L.,2025-08-10,51,52.45,2674.95,Pendiente
O-000280,BR-00013,P-001903,PR-00659,Iglesia y asociados S.L.U.,2025-08-06,65,119.06,7738.9,Pendiente
O-000281,BR-00013,P-001913,PR-00868,Hermanos Fernández S.Com.,2025-07-04,70,95.88,6711.6,Recibido
O-000282,BR-00013,P-001914,PR-00868,Hermanos Fernández S.Com.,2025-08-01,65,26.49,1721.85,Pendiente
O-000283,BR-00013,P-001922,PR-00047,Logística Bermudez S.L.,2025-07-21,32,102.51,3280.32,Pendiente
O-000284,BR-00013,P-001932,PR-00033,Despacho LDRM S.A.,2025-07-30,58,111.61,6473.38,Recibido
O-000285,BR-00013,P-001936,PR-00034,Blanes y Cañizares S.A.,2025-07-24,97,63.27,6137.19,Pendiente
O-000286,BR-00013,P-001938,PR-00034,Blanes y Cañizares S.A.,2025-07-26,98,149.96,14696.08,En tránsito
O-000287,BR-00013,P-001945,PR-00036,Infraestructuras Niño S.Coop.,2025-07-20,95,88.67,8423.65,Pendiente
O-000288,BR-00013,P-001955,PR-01097,Albano Cervantes Palacio S.L.,2025-07-24,48,37.36,1793.28,Pendiente
O-000289,BR-00013,P-001961,PR-00006,Consultoría Teruel y asociados S.A.,2025-07-27,48,21.52,1032.96,En tránsito
O-000290,BR-00013,P-001972,PR-00943,Grupo Fernández S.L.,2025-07-24,46,36.25,1667.5,Pendiente
O-000291,BR-00013,P-001973,PR-00773,Ángel Merino Escribano S.Coop.,2025-08-08,84,5.16,433.44,En tránsito
O-000292,BR-00013,P-001974,PR-01119,Familia Roldan S.L.,2025-07-27,44,24.53,1079.32,Recibido
O-000293,BR-00013,P-001977,PR-01178,Iniesta & Asociados S.A.T.,2025-08-04,91,52.78,4802.98,Pendiente
O-000294,BR-00013,P-001985,PR-01245,Suministros Arenas S.L.,2025-08-08,64,78.32,5012.48,Recibido
O-000295,BR-00013,P-001986,PR-00011,Buendía y Oller S.L.,2025-07-06,40,17.39,695.6,Pendiente
O-000296,BR-00013,P-001989,PR-00012,Grupo Mascaró S.Coop.,2025-07-13,45,79.66,3584.7,En tránsito
O-000297,BR-00013,P-001992,PR-00013,Industrias del Noroeste S.L.N.E,2025-06-30,80,46.28,3702.4,Recibido
O-000298,BR-00013,P-001993,PR-00013,Industrias del Noroeste S.L.N.E,2025-07-30,45,82.51,3712.95,En tránsito
O-000299,BR-00014,P-002006,PR-00659,Iglesia y asociados S.L.U.,2025-08-18,46,111.83,5144.18,En tránsito
O-000300,BR-00014,P-002020,PR-01116,Grupo Morán S.A.,2025-08-16,44,148.96,6554.24,Pendiente
O-000301,BR-00014,P-002025,PR-00047,Logística Bermudez S.L.,2025-08-04,81,145.09,11752.29,Recibido
O-000302,BR-00014,P-002027,PR-00047,Logística Bermudez S.L.,2025-07-22,100,115.01,11501.0,En tránsito
O-000303,BR-00014,P-002030,PR-00047,Logística Bermudez S.L.,2025-07-13,67,55.13,3693.71,Recibido
O-000304,BR-00014,P-002036,PR-01064,Distribuciones Saura S.A.,2025-07-21,40,90.3,3612.0,Recibido
O-000305,BR-00014,P-002039,PR-00035,Banca Privada Salvador S.Com.,2025-07-14,46,72.28,3324.88,Pendiente
O-000306,BR-00014,P-002042,PR-00035,Banca Privada Salvador S.Com.,2025-08-09,84,73.54,6177.36,Pendiente
O-000307,BR-00014,P-002049,PR-00037,María José Bellido Serna S.A.,2025-07-05,84,149.61,12567.24,Pendiente
O-000308,BR-00014,P-002051,PR-00037,María José Bellido Serna S.A.,2025-07-12,69,101.36,6993.84,Recibido
O-000309,BR-00014,P-002057,PR-00006,Consultoría Teruel y asociados S.A.,2025-08-09,65,35.44,2303.6,En tránsito
O-000310,BR-00014,P-002058,PR-00007,Hermanos Corbacho S.A.,2025-08-02,91,52.43,4771.13,En tránsito
O-000311,BR-00014,P-002065,PR-00009,Sotelo y asociados S.A.T.,2025-08-19,80,55.32,4425.6,Recibido
O-000312,BR-00014,P-002067,PR-00773,Ángel Merino Escribano S.Coop.,2025-08-09,76,30.29,2302.04,En tránsito
O-000313,BR-00014,P-002073,PR-01245,Suministros Arenas S.L.,2025-08-16,97,74.05,7182.85,Recibido
O-000314,BR-00014,P-002077,PR-00011,Buendía y Oller S.L.,2025-08-14,62,131.59,8158.58,En tránsito
O-000315,BR-00014,P-002083,PR-00013,Industrias del Noroeste S.L.N.E,2025-07-28,51,39.66,2022.66,En tránsito
O-000316,BR-00014,P-002085,PR-00013,Industrias del Noroeste S.L.N.E,2025-07-20,98,114.69,11239.62,Pendiente
O-000317,BR-00015,P-002120,PR-00880,Evelia Madrid Pardo S.A.,2025-07-17,72,18.2,1310.4,Pendiente
O-000318,BR-00015,P-002141,PR-01097,Albano Cervantes Palacio S.L.,2025-07-04,50,64.94,3247.0,Pendiente
O-000319,BR-00015,P-002143,PR-00037,María José Bellido Serna S.A.,2025-07-08,61,54.01,3294.61,En tránsito
O-000320,BR-00015,P-002149,PR-00006,Consultoría Teruel y asociados S.A.,2025-07-14,35,61.55,2154.25,Pendiente
O-000321,BR-00015,P-002160,PR-00008,Industrias Jaume y asociados S.L.,2025-07-23,47,16.01,752.47,En tránsito
O-000322,BR-00015,P-002166,PR-00009,Sotelo y asociados S.A.T.,2025-07-04,56,131.41,7358.96,Pendiente
O-000323,BR-00015,P-002176,PR-00011,Buendía y Oller S.L.,2025-08-25,100,21.42,2142.0,En tránsito
O-000324,BR-00015,P-002177,PR-01345,Gil y Vidal S.L.,2025-08-07,90,34.95,3145.5,Pendiente
O-000325,BR-00015,P-002185,PR-00014,Linares y Macías S.L.L.,2025-08-08,83,69.19,5742.77,En tránsito
O-000326,BR-00015,P-002186,PR-00014,Linares y Macías S.L.L.,2025-07-08,77,31.59,2432.43,Recibido
O-000327,BR-00015,P-002189,PR-00994,Supermercados Yuste S.Coop.,2025-07-26,59,17.99,1061.41,Recibido
O-000328,BR-00016,P-002198,PR-01096,Banca Privada Salamanca y asociados S.L.,2025-07-02,91,74.03,6736.73,Recibido
O-000329,BR-00016,P-002205,PR-00919,Mesa y Izaguirre S.Coop.,2025-08-05,51,110.76,5648.76,En tránsito
O-000330,BR-00016,P-002215,PR-01342,Soluciones Ibéricos S.L.L.,2025-08-27,21,149.43,3138.03,En tránsito
O-000331,BR-00016,P-002220,PR-00047,Logística Bermudez S.L.,2025-06-30,34,121.45,4129.3,Recibido
O-000332,BR-00016,P-002229,PR-00034,Blanes y Cañizares S.A.,2025-07-10,60,65.0,3900.0,Recibido
O-000333,BR-00016,P-002252,PR-00006,Consultoría Teruel y asociados S.A.,2025-07-23,95,122.49,11636.55,En tránsito
O-000334,BR-00016,P-002265,PR-01178,Iniesta & Asociados S.A.T.,2025-07-09,48,25.27,1212.96,Pendiente
O-000335,BR-00016,P-002273,PR-01345,Gil y Vidal S.L.,2025-07-06,63,122.79,7735.77,Recibido
O-000336,BR-00016,P-002286,PR-00761,Finanzas TH S.A.,2025-07-05,22,31.67,696.74,Pendiente
O-000337,BR-00017,P-002302,PR-00043,Perelló y Lorenzo S.L.,2025-07-29,75,92.62,6946.5,En tránsito
O-000338,BR-00017,P-002306,PR-00044,Hnos Nebot S.L.N.E,2025-07-21,60,4.05,243.0,En tránsito
O-000339,BR-00017,P-002307,PR-00045,Desarrollo Pedrero & Asociados S.L.U.,2025-08-10,42,144.38,6063.96,Recibido
O-000340,BR-00017,P-002312,PR-01342,Soluciones Ibéricos S.L.L.,2025-08-01,92,91.46,8414.32,En tránsito
O-000341,BR-00017,P-002313,PR-01116,Grupo Morán S.A.,2025-07-24,67,124.56,8345.52,Recibido
O-000342,BR-00017,P-002315,PR-01116,Grupo Morán S.A.,2025-07-08,95,112.58,10695.1,En tránsito
O-000343,BR-00017,P-002317,PR-00047,Logística Bermudez S.L.,2025-07-14,89,63.73,5671.97,Pendiente
O-000344,BR-00017,P-002336,PR-01456,Comercial RN S.A.,2025-08-07,59,142.19,8389.21,Recibido
O-000345,BR-00017,P-002338,PR-00037,María José Bellido Serna S.A.,2025-07-21,86,44.56,3832.16,Recibido
O-000346,BR-00017,P-002346,PR-00006,Consultoría Teruel y asociados S.A.,2025-08-26,71,33.44,2374.24,En tránsito
O-000347,BR-00017,P-002354,PR-00749,Hnos Cañas S.A.,2025-08-22,72,47.57,3425.04,Recibido
O-000348,BR-00017,P-002357,PR-00008,Industrias Jaume y asociados S.L.,2025-08-04,51,93.66,4776.66,En tránsito
O-000349,BR-00017,P-002366,PR-00010,Construcción Muñoz S.L.,2025-08-05,37,65.37,2418.69,Recibido
O-000350,BR-00017,P-002378,PR-00969,Soluciones del Norte S.A.,2025-07-12,50,42.44,2122.0,Recibido
O-000351,BR-00017,P-002386,PR-01428,Madrigal & Asociados S.L.N.E,2025-07-16,53,64.42,3414.26,En tránsito
O-000352,BR-00017,P-002389,PR-00794,Construcción NZMQ S.L.N.E,2025-08-22,30,44.97,1349.1,Recibido
O-000353,BR-00018,P-002396,PR-00919,Mesa y Izaguirre S.Coop.,2025-07-02,38,7.78,295.64,En tránsito
O-000354,BR-00018,P-002398,PR-00919,Mesa y Izaguirre S.Coop.,2025-07-30,87,23.92,2081.04,Recibido
O-000355,BR-00018,P-002403,PR-01342,Soluciones Ibéricos S.L.L.,2025-08-09,24,80.22,1925.28,Recibido
O-000356,BR-00018,P-002425,PR-00035,Banca Privada Salvador S.Com.,2025-08-09,56,29.63,1659.28,Recibido
O-000357,BR-00018,P-002432,PR-01456,Comercial RN S.A.,2025-07-21,67,104.48,7000.16,Pendiente
O-000358,BR-00018,P-002433,PR-00037,María José Bellido Serna S.A.,2025-07-20,80,20.05,1604.0,Pendiente
O-000359,BR-00018,P-002441,PR-00956,Desarrollo Integrales S.L.,2025-07-05,74,127.95,9468.3,En tránsito
O-000360,BR-00018,P-002445,PR-00699,Cano y asociados S.L.,2025-07-14,85,111.7,9494.5,En tránsito
O-000361,BR-00018,P-002450,PR-00738,Suministros Heredia S.L.,2025-06-30,30,76.8,2304.0,Recibido
O-000362,BR-00018,P-002451,PR-00749,Hnos Cañas S.A.,2025-08-03,29,4.08,118.32,Recibido
O-000363,BR-00018,P-002465,PR-01062,Suministros Montes S.Com.,2025-08-12,53,9.88,523.64,Pendiente
O-000364,BR-00018,P-002472,PR-00012,Grupo Mascaró S.Coop.,2025-07-29,41,145.99,5985.59,Pendiente
O-000365,BR-00018,P-002479,PR-00013,Industrias del Noroeste S.L.N.E,2025-07-17,70,117.23,8206.1,Recibido
O-000366,BR-00018,P-002482,PR-01428,Madrigal & Asociados S.L.N.E,2025-08-10,25,134.36,3359.0,En tránsito
O-000367,BR-00018,P-002484,PR-01428,Madrigal & Asociados S.L.N.E,2025-08-26,47,103.6,4869.2,En tránsito
O-000368,BR-00018,P-002485,PR-00014,Linares y Macías S.L.L.,2025-08-02,95,53.1,5044.5,Pendiente
O-000369,BR-00018,P-002486,PR-00014,Linares y Macías S.L.L.,2025-08-18,85,84.6,7191.0,En tránsito
O-000370,BR-00018,P-002488,PR-00015,Plinio Paniagua Folch S.L.,2025-07-01,55,43.8,2409.0,Recibido
O-000371,BR-00019,P-002516,PR-00047,Logística Bermudez S.L.,2025-07-25,33,9.61,317.13,En tránsito
O-000372,BR-00019,P-002524,PR-00033,Despacho LDRM S.A.,2025-08-16,45,30.51,1372.95,En tránsito
O-000373,BR-00019,P-002540,PR-01456,Comercial RN S.A.,2025-07-31,24,86.81,2083.44,Pendiente
O-000374,BR-00019,P-002560,PR-00738,Suministros Heredia S.L.,2025-07-31,43,32.51,1397.93,En tránsito
O-000375,BR-00019,P-002562,PR-00009,Sotelo y asociados S.A.T.,2025-07-31,51,6.18,315.18,Recibido
O-000376,BR-00019,P-002563,PR-01178,Iniesta & Asociados S.A.T.,2025-07-11,46,138.27,6360.42,En tránsito
O-000377,BR-00019,P-002569,PR-01062,Suministros Montes S.Com.,2025-07-10,67,52.11,3491.37,En tránsito
O-000378,BR-00019,P-002570,PR-01156,Despacho Españolas S.Com.,2025-07-06,80,69.97,5597.6,En tránsito
O-000379,BR-00019,P-002575,PR-00012,Grupo Mascaró S.Coop.,2025-08-27,65,69.44,4513.6,En tránsito
O-000380,BR-00019,P-002583,PR-00013,Industrias del Noroeste S.L.N.E,2025-07-27,79,87.7,6928.3,Recibido
O-000381,BR-00019,P-002591,PR-00994,Supermercados Yuste S.Coop.,2025-08-21,73,63.38,4626.74,En tránsito
O-000382,BR-00019,P-002592,PR-00683,Comercializadora DOH S.A.,2025-07-28,49,96.02,4704.98,Pendiente
O-000383,BR-00019,P-002593,PR-00794,Construcción NZMQ S.L.N.E,2025-07-18,99,108.25,10716.75,Recibido
O-000384,BR-00019,P-002595,PR-00015,Plinio Paniagua Folch S.L.,2025-07-17,26,72.71,1890.46,Pendiente
O-000385,BR-00019,P-002597,PR-00683,Comercializadora DOH S.A.,2025-07-24,41,26.53,1087.73,Pendiente
O-000386,BR-00020,P-002602,PR-00043,Perelló y Lorenzo S.L.,2025-08-22,78,74.48,5809.44,Recibido
O-000387,BR-00020,P-002604,PR-00919,Mesa y Izaguirre S.Coop.,2025-07-23,50,134.22,6711.0,Recibido
O-000388,BR-00020,P-002606,PR-00044,Hnos Nebot S.L.N.E,2025-08-19,86,137.89,11858.54,Pendiente
O-000389,BR-00020,P-002615,PR-00046,Priscila Pujadas Navarrete S.A.T.,2025-08-14,84,117.09,9835.56,Recibido
O-000390,BR-00020,P-002620,PR-00880,Evelia Madrid Pardo S.A.,2025-07-17,56,91.52,5125.12,Pendiente
O-000391,BR-00020,P-002626,PR-01042,Hnos Moll S.Coop.,2025-07-06,55,121.63,6689.65,Pendiente
O-000392,BR-00020,P-002638,PR-01456,Comercial RN S.A.,2025-08-07,37,28.95,1071.15,En tránsito
O-000393,BR-00020,P-002646,PR-00006,Consultoría Teruel y asociados S.A.,2025-07-04,72,94.93,6834.96,Pendiente
O-000394,BR-00020,P-002654,PR-00956,Desarrollo Integrales S.L.,2025-07-04,44,84.15,3702.6,Recibido
O-000395,BR-00020,P-002659,PR-00008,Industrias Jaume y asociados S.L.,2025-08-05,83,53.52,4442.16,Pendiente
O-000396,BR-00020,P-002665,PR-01178,Iniesta & Asociados S.A.T.,2025-07-16,39,26.56,1035.84,Pendiente
O-000397,BR-00020,P-002671,PR-01062,Suministros Montes S.Com.,2025-07-09,73,70.31,5132.63,Recibido
O-000398,BR-00020,P-002694,PR-00014,Linares y Macías S.L.L.,2025-08-15,54,112.43,6071.22,Pendiente
O-000399,BR-00021,P-002705,PR-00043,Perelló y Lorenzo S.L.,2025-07-13,40,35.57,1422.8,Pendiente
O-000400,BR-00021,P-002714,PR-00919,Mesa y Izaguirre S.Coop.,2025-07-08,79,148.18,11706.22,Pendiente
O-000401,BR-00021,P-002727,PR-01342,Soluciones Ibéricos S.L.L.,2025-08-15,83,101.31,8408.73,Pendiente
O-000402,BR-00021,P-002731,PR-01116,Grupo Morán S.A.,2025-07-16,59,49.6,2926.4,Pendiente
O-000403,BR-00021,P-002748,PR-00035,Banca Privada Salvador S.Com.,2025-08-13,38,142.51,5415.38,En tránsito
O-000404,BR-00021,P-002750,PR-00036,Infraestructuras Niño S.Coop.,2025-07-17,66,105.22,6944.52,Pendiente
O-000405,BR-00021,P-002760,PR-00956,Desarrollo Integrales S.L.,2025-08-01,81,75.75,6135.75,Recibido
O-000406,BR-00021,P-002763,PR-00007,Hermanos Corbacho S.A.,2025-08-19,27,71.57,1932.39,Pendiente
O-000407,BR-00021,P-002781,PR-01147,Banco Julián S.L.,2025-07-26,80,106.83,8546.4,Recibido
O-000408,BR-00021,P-002783,PR-00012,Grupo Mascaró S.Coop.,2025-07-17,29,139.45,4044.05,En tránsito
O-000409,BR-00021,P-002790,PR-00761,Finanzas TH S.A.,2025-08-24,31,30.95,959.45,En tránsito
O-000410,BR-00021,P-002796,PR-00994,Supermercados Yuste S.Coop.,2025-08-07,79,58.21,4598.59,Recibido
O-000411,BR-00022,P-002816,PR-00046,Priscila Pujadas Navarrete S.A.T.,2025-07-11,33,9.81,323.73,Recibido
O-000412,BR-00022,P-002836,PR-01064,Distribuciones Saura S.A.,2025-07-29,92,4.67,429.64,En tránsito
O-000413,BR-00022,P-002857,PR-00037,María José Bellido Serna S.A.,2025-07-29,41,65.15,2671.15,En tránsito
O-000414,BR-00022,P-002861,PR-00006,Consultoría Teruel y asociados S.A.,2025-07-11,94,116.13,10916.22,Pendiente
O-000415,BR-00022,P-002864,PR-00956,Desarrollo Integrales S.L.,2025-07-23,22,72.35,1591.7,En tránsito
O-000416,BR-00022,P-002865,PR-00699,Cano y asociados S.L.,2025-08-10,41,32.34,1325.94,Recibido
O-000417,BR-00022,P-002866,PR-00699,Cano y asociados S.L.,2025-07-22,95,101.27,9620.65,En tránsito
O-000418,BR-00022,P-002868,PR-00738,Suministros Heredia S.L.,2025-07-12,51,77.09,3931.59,En tránsito
O-000419,BR-00022,P-002871,PR-01119,Familia Roldan S.L.,2025-08-04,52,119.32,6204.64,Recibido
O-000420,BR-00022,P-002874,PR-00009,Sotelo y asociados S.A.T.,2025-07-08,67,147.34,9871.78,Recibido
O-000421,BR-00022,P-002876,PR-00009,Sotelo y asociados S.A.T.,2025-08-09,86,35.07,3016.02,Pendiente
O-000422,BR-00022,P-002904,PR-00015,Plinio Paniagua Folch S.L.,2025-08-02,26,147.98,3847.48,Pendiente
O-000423,BR-00023,P-002911,PR-01418,Hnos Gaya S.A.,2025-07-09,87,31.62,2750.94,Pendiente
O-000424,BR-00023,P-002917,PR-00868,Hermanos Fernández S.Com.,2025-08-25,94,46.24,4346.56,Recibido
O-000425,BR-00023,P-002918,PR-00045,Desarrollo Pedrero & Asociados S.L.U.,2025-07-24,31,30.49,945.19,Recibido
O-000426,BR-00023,P-002920,PR-01342,Soluciones Ibéricos S.L.L.,2025-08-19,23,88.19,2028.37,Pendiente
O-000427,BR-00023,P-002925,PR-00047,Logística Bermudez S.L.,2025-07-09,74,115.81,8569.94,En tránsito
O-000428,BR-00023,P-002928,PR-00047,Logística Bermudez S.L.,2025-08-02,26,149.43,3885.18,Pendiente
O-000429,BR-00023,P-002929,PR-00047,Logística Bermudez S.L.,2025-08-02,30,139.41,4182.3,Pendiente
O-000430,BR-00023,P-002935,PR-01042,Hnos Moll S.Coop.,2025-07-02,48,130.76,6276.48,En tránsito
O-000431,BR-00023,P-002937,PR-01064,Distribuciones Saura S.A.,2025-07-05,31,14.52,450.12,En tránsito
O-000432,BR-00023,P-002944,PR-00035,Banca Privada Salvador S.Com.,2025-07-31,88,75.0,6600.0,En tránsito
O-000433,BR-00023,P-002948,PR-00035,Banca Privada Salvador S.Com.,2025-06-30,93,113.59,10563.87,En tránsito
O-000434,BR-00023,P-002953,PR-00037,María José Bellido Serna S.A.,2025-08-19,44,27.81,1223.64,Recibido
O-000435,BR-00023,P-002957,PR-00006,Consultoría Teruel y asociados S.A.,2025-08-07,98,145.3,14239.4,En tránsito
O-000436,BR-00023,P-002961,PR-00006,Consultoría Teruel y asociados S.A.,2025-08-10,78,53.29,4156.62,En tránsito
O-000437,BR-00023,P-002970,PR-00738,Suministros Heredia S.L.,2025-07-21,57,140.06,7983.42,Recibido
O-000438,BR-00023,P-002971,PR-00749,Hnos Cañas S.A.,2025-07-01,95,122.11,11600.45,En tránsito
O-000439,BR-00023,P-002972,PR-00738,Suministros Heredia S.L.,2025-07-24,29,89.18,2586.22,En tránsito
O-000440,BR-00023,P-002975,PR-01178,Iniesta & Asociados S.A.T.,2025-07-31,30,28.57,857.1,Pendiente
O-000441,BR-00023,P-002980,PR-01156,Despacho Españolas S.Com.,2025-07-21,64,53.42,3418.88,En tránsito
O-000442,BR-00023,P-002982,PR-00011,Buendía y Oller S.L.,2025-08-26,72,72.61,5227.92,En tránsito
O-000443,BR-00023,P-002996,PR-00683,Comercializadora DOH S.A.,2025-07-04,93,24.28,2258.04,En tránsito
O-000444,BR-00024,P-003007,PR-00919,Mesa y Izaguirre S.Coop.,2025-08-06,89,38.2,3399.8,Recibido
O-000445,BR-00024,P-003012,PR-00045,Desarrollo Pedrero & Asociados S.L.U.,2025-08-28,91,140.31,12768.21,Recibido
O-000446,BR-00024,P-003015,PR-00046,Priscila Pujadas Navarrete S.A.T.,2025-07-12,71,79.39,5636.69,Pendiente
O-000447,BR-00024,P-003033,PR-01456,Comercial RN S.A.,2025-07-04,92,109.58,10081.36,Pendiente
O-000448,BR-00024,P-003037,PR-00037,María José Bellido Serna S.A.,2025-08-16,73,55.78,4071.94,Pendiente
O-000449,BR-00024,P-003040,PR-00037,María José Bellido Serna S.A.,2025-07-07,97,78.16,7581.52,Recibido
O-000450,BR-00024,P-003041,PR-01097,Albano Cervantes Palacio S.L.,2025-08-19,74,143.65,10630.1,Pendiente
O-000451,BR-00024,P-003046,PR-00006,Consultoría Teruel y asociados S.A.,2025-07-31,65,52.27,3397.55,Recibido
O-000452,BR-00024,P-003073,PR-00012,Grupo Mascaró S.Coop.,2025-07-29,93,147.8,13745.4,Pendiente
O-000453,BR-00025,P-003103,PR-00868,Hermanos Fernández S.Com.,2025-08-14,41,90.74,3720.34,En tránsito
O-000454,BR-00025,P-003109,PR-01116,Grupo Morán S.A.,2025-07-07,95,69.28,6581.6,Pendiente
O-000455,BR-00025,P-003134,PR-01456,Comercial RN S.A.,2025-08-23,97,25.98,2520.06,Pendiente
O-000456,BR-00025,P-003135,PR-01456,Comercial RN S.A.,2025-07-15,81,63.11,5111.91,Recibido
O-000457,BR-00025,P-003156,PR-00738,Suministros Heredia S.L.,2025-08-05,27,96.09,2594.43,Recibido
O-000458,BR-00025,P-003160,PR-00009,Sotelo y asociados S.A.T.,2025-07-02,41,19.21,787.61,En tránsito
O-000459,BR-00025,P-003165,PR-01345,Gil y Vidal S.L.,2025-08-07,41,47.34,1940.94,En tránsito
O-000460,BR-00025,P-003185,PR-00968,Pascual Lladó Soria S.Coop.,2025-07-04,93,139.32,12956.76,Pendiente
O-000461,BR-00025,P-003188,PR-01459,Construcción Pallarès S.Com.,2025-07-10,75,58.67,4400.25,En tránsito
O-000462,BR-00026,P-003196,PR-00043,Perelló y Lorenzo S.L.,2025-07-25,30,114.45,3433.5,En tránsito
O-000463,BR-00026,P-003205,PR-00919,Mesa y Izaguirre S.Coop.,2025-07-12,54,44.07,2379.78,En tránsito
O-000464,BR-00026,P-003207,PR-00868,Hermanos Fernández S.Com.,2025-07-04,61,146.07,8910.27,Pendiente
O-000465,BR-00026,P-003214,PR-01116,Grupo Morán S.A.,2025-08-08,33,97.23,3208.59,Recibido
O-000466,BR-00026,P-003229,PR-01042,Hnos Moll S.Coop.,2025-07-01,65,104.09,6765.85,Recibido
O-000467,BR-00026,P-003241,PR-00036,Infraestructuras Niño S.Coop.,2025-07-22,51,70.21,3580.71,Pendiente
O-000468,BR-00026,P-003245,PR-01097,Albano Cervantes Palacio S.L.,2025-08-05,77,134.78,10378.06,Recibido
O-000469,BR-00026,P-003246,PR-01097,Albano Cervantes Palacio S.L.,2025-07-29,44,114.14,5022.16,En tránsito
O-000470,BR-00026,P-003248,PR-00037,María José Bellido Serna S.A.,2025-08-09,95,37.23,3536.85,Recibido
O-000471,BR-00026,P-003257,PR-00699,Cano y asociados S.L.,2025-08-18,87,29.71,2584.77,Recibido
O-000472,BR-00026,P-003260,PR-00956,Desarrollo Integrales S.L.,2025-07-08,73,11.47,837.31,En tránsito
O-000473,BR-00026,P-003263,PR-00943,Grupo Fernández S.L.,2025-08-21,73,105.44,7697.12,En tránsito
O-000474,BR-00026,P-003270,PR-01119,Familia Roldan S.L.,2025-07-28,80,53.61,4288.8,Pendiente
O-000475,BR-00026,P-003272,PR-01178,Iniesta & Asociados S.A.T.,2025-08-22,77,20.48,1576.96,Pendiente
O-000476,BR-00027,P-003302,PR-00047,Logística Bermudez S.L.,2025-07-01,76,13.12,997.12,Recibido
O-000477,BR-00027,P-003305,PR-00708,Tecnologías Ibéricos S.Coop.,2025-08-07,57,129.55,7384.35,Pendiente
O-000478,BR-00027,P-003313,PR-00035,Banca Privada Salvador S.Com.,2025-07-01,58,112.3,6513.4,Pendiente
O-000479,BR-00027,P-003333,PR-00006,Consultoría Teruel y asociados S.A.,2025-08-24,55,39.84,2191.2,Pendiente
O-000480,BR-00027,P-003343,PR-00749,Hnos Cañas S.A.,2025-08-19,24,131.76,3162.24,Pendiente
O-000481,BR-00027,P-003346,PR-01119,Familia Roldan S.L.,2025-07-10,46,87.31,4016.26,Pendiente
O-000482,BR-00028,P-003360,PR-01418,Hnos Gaya S.A.,2025-08-02,76,83.86,6373.36,En tránsito
O-000483,BR-00028,P-003367,PR-00868,Hermanos Fernández S.Com.,2025-07-03,95,48.38,4596.1,Pendiente
O-000484,BR-00028,P-003383,PR-00708,Tecnologías Ibéricos S.Coop.,2025-07-16,61,26.98,1645.78,En tránsito
O-000485,BR-00028,P-003402,PR-01456,Comercial RN S.A.,2025-07-30,61,72.82,4442.02,En tránsito
O-000486,BR-00028,P-003416,PR-00956,Desarrollo Integrales S.L.,2025-07-15,24,41.99,1007.76,Pendiente
O-000487,BR-00028,P-003428,PR-00009,Sotelo y asociados S.A.T.,2025-08-10,72,37.2,2678.4,Pendiente
O-000488,BR-00029,P-003444,PR-01418,Hnos Gaya S.A.,2025-07-01,93,104.69,9736.17,Recibido
O-000489,BR-00029,P-003446,PR-00045,Desarrollo Pedrero & Asociados S.L.U.,2025-08-16,57,83.46,4757.22,Pendiente
O-000490,BR-00029,P-003449,PR-00046,Priscila Pujadas Navarrete S.A.T.,2025-07-15,87,10.69,930.03,Recibido
O-000491,BR-00029,P-003452,PR-00046,Priscila Pujadas Navarrete S.A.T.,2025-07-01,97,149.36,14487.92,En tránsito
O-000492,BR-00029,P-003458,PR-00047,Logística Bermudez S.L.,2025-08-14,95,121.93,11583.35,Recibido
O-000493,BR-00029,P-003461,PR-00880,Evelia Madrid Pardo S.A.,2025-07-28,49,51.6,2528.4,En tránsito
O-000494,BR-00029,P-003477,PR-01456,Comercial RN S.A.,2025-07-13,48,78.14,3750.72,Recibido
O-000495,BR-00029,P-003478,PR-01456,Comercial RN S.A.,2025-08-09,62,136.22,8445.64,Recibido
O-000496,BR-00029,P-003487,PR-00006,Consultoría Teruel y asociados S.A.,2025-08-08,41,111.86,4586.26,En tránsito
O-000497,BR-00029,P-003490,PR-00006,Consultoría Teruel y asociados S.A.,2025-08-13,29,85.75,2486.75,En tránsito
O-000498,BR-00029,P-003494,PR-00008,Industrias Jaume y asociados S.L.,2025-07-27,20,33.93,678.6,Pendiente
O-000499,BR-00029,P-003498,PR-00749,Hnos Cañas S.A.,2025-08-14,40,58.33,2333.2,Pendiente
O-000500,BR-00030,P-003514,PR-00972,Finanzas Valcárcel & Asociados S.Coop.,2025-07-12,75,109.79,8234.25,Recibido
O-000501,BR-00030,P-003516,PR-00919,Mesa y Izaguirre S.Coop.,2025-07-27,87,110.17,9584.79,Pendiente
O-000502,BR-00030,P-003517,PR-00044,Hnos Nebot S.L.N.E,2025-08-22,23,22.62,520.26,Pendiente
O-000503,BR-00030,P-003523,PR-00868,Hermanos Fernández S.Com.,2025-07-09,29,57.62,1670.98,Pendiente
O-000504,BR-00030,P-003533,PR-00047,Logística Bermudez S.L.,2025-07-23,95,35.86,3406.7,Recibido
O-000505,BR-00030,P-003537,PR-00047,Logística Bermudez S.L.,2025-08-07,59,122.98,7255.82,En tránsito
O-000506,BR-00030,P-003575,PR-00943,Grupo Fernández S.L.,2025-07-18,59,38.68,2282.12,Recibido
O-000507,BR-00030,P-003580,PR-01178,Iniesta & Asociados S.A.T.,2025-07-07,66,67.1,4428.6,Recibido
O-000508,BR-00031,P-003588,PR-00043,Perelló y Lorenzo S.L.,2025-07-15,81,137.82,11163.42,Recibido
O-000509,BR-00031,P-003591,PR-00972,Finanzas Valcárcel & Asociados S.Coop.,2025-08-13,84,131.62,11056.08,En tránsito
O-000510,BR-00031,P-003595,PR-00045,Desarrollo Pedrero & Asociados S.L.U.,2025-08-10,78,119.09,9289.02,Recibido
O-000511,BR-00031,P-003600,PR-01342,Soluciones Ibéricos S.L.L.,2025-08-17,21,41.55,872.55,En tránsito
O-000512,BR-00031,P-003616,PR-00035,Banca Privada Salvador S.Com.,2025-07-03,54,45.59,2461.86,Pendiente
O-000513,BR-00031,P-003621,PR-01456,Comercial RN S.A.,2025-08-08,31,27.26,845.06,Pendiente
O-000514,BR-00031,P-003633,PR-00006,Consultoría Teruel y asociados S.A.,2025-07-28,47,55.49,2608.03,En tránsito
O-000515,BR-00031,P-003638,PR-00956,Desarrollo Integrales S.L.,2025-07-23,73,128.73,9397.29,Recibido
O-000516,BR-00031,P-003645,PR-00943,Grupo Fernández S.L.,2025-08-26,77,114.51,8817.27,En tránsito
O-000517,BR-00031,P-003649,PR-01119,Familia Roldan S.L.,2025-08-06,37,119.18,4409.66,En tránsito
O-000518,BR-00031,P-003653,PR-01062,Suministros Montes S.Com.,2025-08-24,53,55.76,2955.28,Pendiente
O-000519,BR-00031,P-003659,PR-00010,Construcción Muñoz S.L.,2025-07-15,55,68.17,3749.35,Pendiente
O-000520,BR-00032,P-003660,PR-00043,Perelló y Lorenzo S.L.,2025-07-28,27,49.16,1327.32,Pendiente
O-000521,BR-00032,P-003667,PR-01418,Hnos Gaya S.A.,2025-08-22,68,80.8,5494.4,Pendiente
O-000522,BR-00032,P-003682,PR-00047,Logística Bermudez S.L.,2025-07-28,36,27.74,998.64,Recibido
O-000523,BR-00032,P-003687,PR-00047,Logística Bermudez S.L.,2025-07-21,35,78.02,2730.7,En tránsito
O-000524,BR-00032,P-003690,PR-00880,Evelia Madrid Pardo S.A.,2025-08-28,87,14.42,1254.54,En tránsito
O-000525,BR-00032,P-003702,PR-01456,Comercial RN S.A.,2025-07-12,87,21.58,1877.46,Recibido
O-000526,BR-00032,P-003705,PR-01456,Comercial RN S.A.,2025-07-12,50,3.2,160.0,En tránsito
O-000527,BR-00032,P-003708,PR-00037,María José Bellido Serna S.A.,2025-07-21,42,113.64,4772.88,En tránsito
O-000528,BR-00032,P-003709,PR-00037,María José Bellido Serna S.A.,2025-07-30,72,148.05,10659.6,En tránsito
O-000529,BR-00032,P-003714,PR-00006,Consultoría Teruel y asociados S.A.,2025-07-16,49,143.32,7022.68,Recibido
O-000530,BR-00032,P-003725,PR-00943,Grupo Fernández S.L.,2025-08-12,27,29.12,786.24,Recibido
O-000531,BR-00032,P-003727,PR-00749,Hnos Cañas S.A.,2025-08-11,50,56.02,2801.0,En tránsito
O-000532,BR-00033,P-003762,PR-00047,Logística Bermudez S.L.,2025-08-26,46,129.25,5945.5,Pendiente
O-000533,BR-00033,P-003777,PR-00035,Banca Privada Salvador S.Com.,2025-07-30,83,130.49,10830.67,Recibido
O-000534,BR-00033,P-003782,PR-00035,Banca Privada Salvador S.Com.,2025-08-12,77,23.91,1841.07,Recibido
O-000535,BR-00033,P-003803,PR-00699,Cano y asociados S.L.,2025-08-11,66,47.59,3140.94,En tránsito
O-000536,BR-00033,P-003806,PR-00699,Cano y asociados S.L.,2025-07-26,89,12.63,1124.07,En tránsito
O-000537,BR-00033,P-003811,PR-00008,Industrias Jaume y asociados S.L.,2025-07-21,53,39.56,2096.68,En tránsito
O-000538,BR-00033,P-003816,PR-00773,Ángel Merino Escribano S.Coop.,2025-07-02,65,43.4,2821.0,Pendiente
O-000539,BR-00033,P-003817,PR-00773,Ángel Merino Escribano S.Coop.,2025-06-30,70,26.89,1882.3,En tránsito
O-000540,BR-00034,P-003830,PR-00972,Finanzas Valcárcel & Asociados S.Coop.,2025-07-25,43,15.75,677.25,Recibido
O-000541,BR-00034,P-003841,PR-01342,Soluciones Ibéricos S.L.L.,2025-07-29,51,4.8,244.8,Pendiente
O-000542,BR-00034,P-003845,PR-00047,Logística Bermudez S.L.,2025-07-12,49,8.94,438.06,Recibido
O-000543,BR-00034,P-003847,PR-00047,Logística Bermudez S.L.,2025-08-04,22,15.79,347.38,Recibido
O-000544,BR-00034,P-003850,PR-00047,Logística Bermudez S.L.,2025-07-15,72,139.41,10037.52,En tránsito
O-000545,BR-00034,P-003856,PR-00880,Evelia Madrid Pardo S.A.,2025-07-27,77,51.49,3964.73,Pendiente
O-000546,BR-00034,P-003858,PR-01064,Distribuciones Saura S.A.,2025-07-12,65,51.24,3330.6,Pendiente
O-000547,BR-00034,P-003860,PR-01064,Distribuciones Saura S.A.,2025-07-16,31,101.27,3139.37,Pendiente
O-000548,BR-00034,P-003869,PR-00036,Infraestructuras Niño S.Coop.,2025-07-22,28,55.93,1566.04,En tránsito
O-000549,BR-00034,P-003870,PR-00036,Infraestructuras Niño S.Coop.,2025-08-06,42,99.89,4195.38,Pendiente
O-000550,BR-00034,P-003887,PR-00956,Desarrollo Integrales S.L.,2025-08-20,68,30.61,2081.48,En tránsito
O-000551,BR-00034,P-003890,PR-00007,Hermanos Corbacho S.A.,2025-08-18,58,4.34,251.72,Recibido
O-000552,BR-00034,P-003892,PR-00749,Hnos Cañas S.A.,2025-08-03,25,45.13,1128.25,Recibido
O-000553,BR-00034,P-003898,PR-00009,Sotelo y asociados S.A.T.,2025-07-17,30,32.25,967.5,Pendiente
O-000554,BR-00035,P-003914,PR-00919,Mesa y Izaguirre S.Coop.,2025-07-28,86,125.27,10773.22,Recibido
O-000555,BR-00035,P-003916,PR-00919,Mesa y Izaguirre S.Coop.,2025-08-11,54,19.35,1044.9,Recibido
O-000556,BR-00035,P-003917,PR-00972,Finanzas Valcárcel & Asociados S.Coop.,2025-08-24,45,65.08,2928.6,Recibido
O-000557,BR-00035,P-003919,PR-00045,Desarrollo Pedrero & Asociados S.L.U.,2025-08-10,46,119.06,5476.76,En tránsito
O-000558,BR-00035,P-003941,PR-00033,Despacho LDRM S.A.,2025-08-28,46,103.79,4774.34,Pendiente
O-000559,BR-00035,P-003942,PR-00034,Blanes y Cañizares S.A.,2025-06-30,28,147.62,4133.36,Recibido
O-000560,BR-00035,P-003944,PR-01064,Distribuciones Saura S.A.,2025-07-21,75,66.92,5019.0,Recibido
O-000561,BR-00035,P-003976,PR-00943,Grupo Fernández S.L.,2025-07-22,72,90.78,6536.16,Pendiente
O-000562,BR-00035,P-003977,PR-00943,Grupo Fernández S.L.,2025-07-20,31,26.91,834.21,Pendiente
O-000563,BR-00035,P-003986,PR-00010,Construcción Muñoz S.L.,2025-07-30,72,119.36,8593.92,Pendiente
O-000564,BR-00036,P-003991,PR-00659,Iglesia y asociados S.L.U.,2025-06-30,35,142.85,4999.75,En tránsito
O-000565,BR-00036,P-003992,PR-00972,Finanzas Valcárcel & Asociados S.Coop.,2025-08-10,76,67.36,5119.36,En tránsito
O-000566,BR-00036,P-003995,PR-00044,Hnos Nebot S.L.N.E,2025-08-05,45,127.21,5724.45,En tránsito
O-000567,BR-00036,P-004000,PR-00868,Hermanos Fernández S.Com.,2025-07-06,68,81.99,5575.32,En tránsito
O-000568,BR-00036,P-004004,PR-01342,Soluciones Ibéricos S.L.L.,2025-07-21,24,53.7,1288.8,Pendiente
O-000569,BR-00036,P-004009,PR-00047,Logística Bermudez S.L.,2025-07-25,21,99.84,2096.64,Recibido
O-000570,BR-00036,P-004035,PR-00037,María José Bellido Serna S.A.,2025-08-22,56,16.85,943.6,Pendiente
O-000571,BR-00036,P-004037,PR-00006,Consultoría Teruel y asociados S.A.,2025-07-29,61,27.24,1661.64,En tránsito
O-000572,BR-00036,P-004043,PR-00007,Hermanos Corbacho S.A.,2025-07-11,81,115.98,9394.38,Recibido
O-000573,BR-00036,P-004046,PR-00943,Grupo Fernández S.L.,2025-08-17,89,96.18,8560.02,En tránsito
O-000574,BR-00036,P-004049,PR-00773,Ángel Merino Escribano S.Coop.,2025-07-16,64,98.55,6307.2,En tránsito
O-000575,BR-00036,P-004053,PR-00773,Ángel Merino Escribano S.Coop.,2025-08-17,42,47.34,1988.28,Pendiente
O-000576,BR-00037,P-004073,PR-00045,Desarrollo Pedrero & Asociados S.L.U.,2025-08-03,78,95.92,7481.76,Pendiente
O-000577,BR-00037,P-004086,PR-00047,Logística Bermudez S.L.,2025-07-11,99,131.66,13034.34,Recibido
O-000578,BR-00037,P-004093,PR-00034,Blanes y Cañizares S.A.,2025-08-17,93,9.92,922.56,Pendiente
O-000579,BR-00037,P-004103,PR-00037,María José Bellido Serna S.A.,2025-08-01,55,143.24,7878.2,En tránsito
O-000580,BR-00037,P-004109,PR-01097,Albano Cervantes Palacio S.L.,2025-07-03,28,19.43,544.04,Recibido
O-000581,BR-00037,P-004116,PR-00956,Desarrollo Integrales S.L.,2025-08-26,53,29.16,1545.48,Recibido
O-000582,BR-00037,P-004118,PR-00007,Hermanos Corbacho S.A.,2025-08-23,35,128.93,4512.55,En tránsito
O-000583,BR-00037,P-004119,PR-00956,Desarrollo Integrales S.L.,2025-07-20,34,18.93,643.62,En tránsito
O-000584,BR-00037,P-004126,PR-00773,Ángel Merino Escribano S.Coop.,2025-07-10,29,30.26,877.54,Recibido
O-000585,BR-00038,P-004142,PR-00972,Finanzas Valcárcel & Asociados S.Coop.,2025-07-15,22,111.01,2442.22,En tránsito
O-000586,BR-00038,P-004155,PR-01342,Soluciones Ibéricos S.L.L.,2025-07-23,69,92.58,6388.02,Recibido
O-000587,BR-00038,P-004157,PR-00047,Logística Bermudez S.L.,2025-08-10,27,27.26,736.02,Pendiente
O-000588,BR-00038,P-004158,PR-00047,Logística Bermudez S.L.,2025-07-23,32,83.06,2657.92,Recibido
O-000589,BR-00038,P-004177,PR-01097,Albano Cervantes Palacio S.L.,2025-07-18,33,43.94,1450.02,Recibido
O-000590,BR-00038,P-004183,PR-00006,Consultoría Teruel y asociados S.A.,2025-08-03,41,110.26,4520.66,Pendiente
O-000591,BR-00039,P-004229,PR-00094,Laguna y Pellicer S.L.,2025-08-28,51,109.71,5595.21,Pendiente
O-000592,BR-00039,P-004233,PR-00980,Despacho Ibéricos S.L.,2025-07-07,89,14.39,1280.71,Pendiente
O-000593,BR-00039,P-004238,PR-00081,Cardona y Pelayo S.L.,2025-07-14,82,8.67,710.94,Recibido
O-000594,BR-00039,P-004243,PR-00993,Familia Bilbao S.L.,2025-07-18,84,92.78,7793.52,En tránsito
O-000595,BR-00039,P-004247,PR-00083,Fábrica Navas S.Com.,2025-07-18,91,78.19,7115.29,En tránsito
O-000596,BR-00039,P-004256,PR-00654,Hermanos Cervantes S.Coop.,2025-08-14,85,45.3,3850.5,Recibido
O-000597,BR-00039,P-004269,PR-00055,Grupo Sevillano S.L.U.,2025-08-28,86,39.75,3418.5,Recibido
O-000598,BR-00039,P-004271,PR-00056,Hermanos Sanz S.Com.,2025-08-08,70,117.08,8195.6,Pendiente
O-000599,BR-00039,P-004275,PR-00056,Hermanos Sanz S.Com.,2025-07-20,22,130.79,2877.38,Recibido
O-000600,BR-00039,P-004283,PR-00815,Comercial IOIH S.Com.,2025-07-24,37,99.85,3694.45,En tránsito
O-000601,BR-00039,P-004303,PR-00061,Hnos Calderon S.Com.,2025-07-28,49,96.69,4737.81,Recibido
O-000602,BR-00039,P-004304,PR-01231,Distribuciones Avanzadas S.A.,2025-07-20,37,87.99,3255.63,En tránsito
O-000603,BR-00039,P-004306,PR-00770,Comercializadora Avanzadas S.L.N.E,2025-07-25,36,6.12,220.32,Pendiente
O-000604,BR-00039,P-004321,PR-00086,Reyes Azorin Albero S.L.N.E,2025-08-13,83,111.68,9269.44,En tránsito
O-000605,BR-00039,P-004327,PR-01499,Coll y asociados S.L.N.E,2025-08-01,95,45.31,4304.45,Recibido
O-000606,BR-00039,P-004334,PR-00089,Mur y Colomer S.L.,2025-08-25,44,139.43,6134.92,Recibido
O-000607,BR-00039,P-004338,PR-00071,Farmaceútica Montoya & Asociados S.L.L.,2025-07-02,73,138.16,10085.68,En tránsito
O-000608,BR-00039,P-004344,PR-00894,Otero y Coll S.Coop.,2025-08-15,67,14.34,960.78,Recibido
O-000609,BR-00039,P-004349,PR-01422,Familia Elías S.C.P,2025-08-13,83,121.09,10050.47,Recibido
O-000610,BR-00039,P-004351,PR-00065,Consultoría Exposito S.Com.,2025-07-17,40,117.06,4682.4,En tránsito
O-000611,BR-00039,P-004358,PR-01324,Villalobos y Mate S.L.,2025-07-25,79,14.06,1110.74,En tránsito
O-000612,BR-00039,P-004362,PR-00718,Angelina Narváez Miralles S.L.U.,2025-07-16,90,51.32,4618.8,En tránsito
O-000613,BR-00039,P-004374,PR-00821,Saura y Camps S.Com.,2025-07-14,47,122.89,5775.83,En tránsito
O-000614,BR-00039,P-004383,PR-00051,Restauración del Norte S.A.,2025-08-24,37,15.17,561.29,En tránsito
O-000615,BR-00039,P-004401,PR-01046,Manufacturas Miró S.L.,2025-08-15,57,120.87,6889.59,Recibido
O-000616,BR-00039,P-004407,PR-00063,Hermanos Alcázar S.L.,2025-07-14,29,112.17,3252.93,Recibido
O-000617,BR-00039,P-004408,PR-01208,Valcárcel y asociados S.Com.,2025-08-26,74,84.94,6285.56,Recibido
O-000618,BR-00039,P-004417,PR-00072,Manufacturas ZN S.C.P,2025-08-27,26,129.14,3357.64,En tránsito
O-000619,BR-00039,P-004418,PR-00072,Manufacturas ZN S.C.P,2025-07-22,83,79.56,6603.48,En tránsito
O-000620,BR-00039,P-004419,PR-00072,Manufacturas ZN S.C.P,2025-08-06,50,140.72,7036.0,En tránsito
O-000621,BR-00039,P-004432,PR-00074,Amor y Burgos S.L.N.E,2025-07-09,22,96.09,2113.98,Pendiente
O-000622,BR-00039,P-004438,PR-00076,Banca Privada XTQ S.Com.,2025-08-25,50,128.42,6421.0,En tránsito
O-000623,BR-00039,P-004440,PR-00076,Banca Privada XTQ S.Com.,2025-07-06,91,77.86,7085.26,Pendiente
O-000624,BR-00039,P-004444,PR-01022,Crespo & Asociados S.C.P,2025-07-13,59,48.78,2878.02,Pendiente
O-000625,BR-00039,P-004447,PR-01466,Rozas y asociados S.Coop.,2025-08-02,99,56.02,5545.98,Pendiente
O-000626,BR-00039,P-004454,PR-00079,Despacho Goicoechea S.A.,2025-07-10,69,40.48,2793.12,Pendiente
O-000627,BR-00039,P-004455,PR-00079,Despacho Goicoechea S.A.,2025-07-31,82,15.4,1262.8,Pendiente
O-000628,BR-00040,P-004460,PR-00090,Construcción Mate S.A.,2025-07-07,45,82.72,3722.4,Recibido
O-000629,BR-00040,P-004463,PR-00091,Banco ZCIR S.L.,2025-08-17,26,105.96,2754.96,En tránsito
O-000630,BR-00040,P-004466,PR-00091,Banco ZCIR S.L.,2025-07-04,66,40.71,2686.86,En tránsito
O-000631,BR-00040,P-004479,PR-01060,Construcción Rius S.Com.,2025-07-13,100,76.23,7623.0,En tránsito
O-000632,BR-00040,P-004489,PR-01478,María Manuela Cabello Ramón S.Coop.,2025-07-24,79,75.51,5965.29,En tránsito
O-000633,BR-00040,P-004491,PR-01478,María Manuela Cabello Ramón S.Coop.,2025-08-09,33,124.21,4098.93,Recibido
O-000634,BR-00040,P-004493,PR-01478,María Manuela Cabello Ramón S.Coop.,2025-07-29,55,62.31,3427.05,Recibido
O-000635,BR-00040,P-004501,PR-00083,Fábrica Navas S.Com.,2025-07-15,88,66.52,5853.76,En tránsito
O-000636,BR-00040,P-004509,PR-01158,Grupo Torrijos S.L.,2025-08-08,90,35.55,3199.5,Pendiente
O-000637,BR-00040,P-004516,PR-00054,Inmobiliaria Sans S.L.,2025-08-06,42,5.79,243.18,En tránsito
O-000638,BR-00040,P-004524,PR-00056,Hermanos Sanz S.Com.,2025-07-31,56,133.38,7469.28,Pendiente
O-000639,BR-00040,P-004525,PR-00056,Hermanos Sanz S.Com.,2025-08-14,97,21.8,2114.6,En tránsito
O-000640,BR-00040,P-004531,PR-01255,Díez y Collado S.Com.,2025-07-27,31,28.42,881.02,Recibido
O-000641,BR-00040,P-004535,PR-00058,Prieto y Iriarte S.L.N.E,2025-08-15,85,57.64,4899.4,Recibido
O-000642,BR-00040,P-004549,PR-00061,Hnos Calderon S.Com.,2025-08-17,95,136.18,12937.1,Pendiente
O-000643,BR-00040,P-004555,PR-01334,Abad y Marquez S.Com.,2025-08-18,73,137.09,10007.57,Recibido
O-000644,BR-00040,P-004558,PR-00062,Sala & Asociados S.Coop.,2025-07-24,34,71.4,2427.6,Pendiente
O-000645,BR-00040,P-004562,PR-00085,Comercial Navarrete S.Com.,2025-07-16,23,137.63,3165.49,Recibido
O-000646,BR-00040,P-004574,PR-00087,Infraestructuras Española S.Com.,2025-07-23,89,53.86,4793.54,Recibido
O-000647,BR-00040,P-004575,PR-00088,Asensio y Figuerola S.Coop.,2025-07-13,23,52.14,1199.22,Pendiente
O-000648,BR-00040,P-004589,PR-00064,Supermercados Ródenas & Asociados S.A.T.,2025-08-05,23,53.81,1237.63,Recibido
O-000649,BR-00040,P-004594,PR-00065,Consultoría Exposito S.Com.,2025-07-19,88,115.1,10128.8,En tránsito
O-000650,BR-00040,P-004596,PR-01194,Amorós & Asociados S.Coop.,2025-07-08,24,132.9,3189.6,Pendiente
O-000651,BR-00040,P-004598,PR-00066,Lucía Carranza Peñalver S.L.,2025-07-02,42,22.85,959.7,Recibido
O-000652,BR-00040,P-004605,PR-00067,Alberola y Gomis S.Coop.,2025-07-30,51,30.73,1567.23,Recibido
O-000653,BR-00040,P-004606,PR-00048,Jordán Alcázar Ortuño S.C.P,2025-07-05,48,129.63,6222.24,En tránsito
O-000654,BR-00040,P-004607,PR-01005,Logística del Sur S.L.N.E,2025-08-14,67,70.66,4734.22,En tránsito
O-000655,BR-00040,P-004611,PR-00984,Ruperto Palomar Marín S.Coop.,2025-08-04,56,39.25,2198.0,Recibido
O-000656,BR-00040,P-004614,PR-01157,Hnos Múgica S.L.,2025-07-02,100,123.3,12330.0,Recibido
O-000657,BR-00040,P-004617,PR-00050,Cleto Manuel Lluch S.A.,2025-07-30,89,63.11,5616.79,Recibido
O-000658,BR-00040,P-004631,PR-01262,Inmobiliaria ZCH S.Coop.,2025-07-16,42,4.34,182.28,Recibido
O-000659,BR-00040,P-004646,PR-00070,Industrias Iniesta y asociados S.A.,2025-07-29,64,35.37,2263.68,Pendiente
O-000660,BR-00040,P-004652,PR-00071,Farmaceútica Montoya & Asociados S.L.L.,2025-07-02,51,120.4,6140.4,Recibido
O-000661,BR-00040,P-004667,PR-00674,Sol Palomino Artigas S.A.,2025-08-10,44,80.64,3548.16,Recibido
O-000662,BR-00040,P-004668,PR-00977,Ulises Nogueira Belda S.A.,2025-08-14,88,116.69,10268.72,Recibido
O-000663,BR-00040,P-004678,PR-01354,Matías Bonet Paz S.Com.,2025-08-21,98,58.32,5715.36,Pendiente
O-000664,BR-00040,P-004679,PR-00076,Banca Privada XTQ S.Com.,2025-07-14,100,58.71,5871.0,Pendiente
O-000665,BR-00041,P-004701,PR-00091,Banco ZCIR S.L.,2025-08-09,70,142.87,10000.9,Pendiente
O-000666,BR-00041,P-004703,PR-00091,Banco ZCIR S.L.,2025-07-22,32,89.3,2857.6,Pendiente
O-000667,BR-00041,P-004725,PR-01344,Transportes Gallo y asociados S.A.,2025-07-12,93,123.0,11439.0,Pendiente
O-000668,BR-00041,P-004726,PR-00082,Otero & Asociados S.A.U,2025-08-21,71,17.09,1213.39,En tránsito
O-000669,BR-00041,P-004738,PR-01158,Grupo Torrijos S.L.,2025-07-24,92,82.26,7567.92,Pendiente
O-000670,BR-00041,P-004741,PR-00053,Hermanos Arana S.L.,2025-08-05,35,49.84,1744.4,Recibido
O-000671,BR-00041,P-004746,PR-00054,Inmobiliaria Sans S.L.,2025-08-10,35,67.27,2354.45,En tránsito
O-000672,BR-00041,P-004747,PR-00054,Inmobiliaria Sans S.L.,2025-08-20,53,71.77,3803.81,Recibido
O-000673,BR-00041,P-004753,PR-00055,Grupo Sevillano S.L.U.,2025-07-20,30,82.39,2471.7,Recibido
O-000674,BR-00041,P-004757,PR-00056,Hermanos Sanz S.Com.,2025-08-07,44,107.12,4713.28,Pendiente
O-000675,BR-00041,P-004759,PR-01255,Díez y Collado S.Com.,2025-08-06,95,124.64,11840.8,En tránsito
O-000676,BR-00041,P-004762,PR-01255,Díez y Collado S.Com.,2025-07-20,74,36.58,2706.92,Recibido
O-000677,BR-00041,P-004777,PR-00060,Rozas y Patiño S.C.P,2025-08-11,54,121.19,6544.26,En tránsito
O-000678,BR-00041,P-004779,PR-00060,Rozas y Patiño S.C.P,2025-07-14,85,126.94,10789.9,En tránsito
O-000679,BR-00041,P-004794,PR-00085,Comercial Navarrete S.Com.,2025-08-27,89,46.04,4097.56,Pendiente
O-000680,BR-00041,P-004798,PR-00087,Infraestructuras Española S.Com.,2025-07-20,98,36.01,3528.98,En tránsito
O-000681,BR-00041,P-004809,PR-01142,Falcó y Lucas S.L.N.E,2025-07-05,71,135.33,9608.43,En tránsito
O-000682,BR-00041,P-004820,PR-01034,Prado y Palau S.Coop.,2025-08-23,72,110.63,7965.36,Recibido
O-000683,BR-00041,P-004821,PR-01034,Prado y Palau S.Coop.,2025-07-28,67,66.28,4440.76,Recibido
O-000684,BR-00041,P-004824,PR-00065,Consultoría Exposito S.Com.,2025-07-28,32,76.76,2456.32,En tránsito
O-000685,BR-00041,P-004827,PR-01194,Amorós & Asociados S.Coop.,2025-08-22,79,90.61,7158.19,En tránsito
O-000686,BR-00041,P-004828,PR-00066,Lucía Carranza Peñalver S.L.,2025-07-11,40,20.41,816.4,Recibido
O-000687,BR-00041,P-004831,PR-00718,Angelina Narváez Miralles S.L.U.,2025-08-18,20,57.85,1157.0,Recibido
O-000688,BR-00042,P-004845,PR-00091,Banco ZCIR S.L.,2025-07-27,68,32.23,2191.64,Pendiente
O-000689,BR-00042,P-004847,PR-00091,Banco ZCIR S.L.,2025-08-14,63,57.43,3618.09,Pendiente
O-000690,BR-00042,P-004851,PR-01431,Hermanos Monreal S.L.N.E,2025-07-22,95,77.04,7318.8,En tránsito
O-000691,BR-00042,P-004858,PR-01203,Banca Privada ZRQ S.L.,2025-08-13,75,137.01,10275.75,Recibido
O-000692,BR-00042,P-004864,PR-01419,Hnos Casal S.Coop.,2025-08-08,87,102.0,8874.0,En tránsito
O-000693,BR-00042,P-004866,PR-00080,Parra y Bilbao S.Coop.,2025-07-15,36,41.37,1489.32,Recibido
O-000694,BR-00042,P-004876,PR-00081,Cardona y Pelayo S.L.,2025-07-10,95,55.88,5308.6,Recibido
O-000695,BR-00042,P-004881,PR-01479,Ariadna Ortiz Carlos S.Com.,2025-07-29,83,141.02,11704.66,En tránsito
O-000696,BR-00042,P-004887,PR-01012,Industrias Naranjo S.L.L.,2025-08-26,70,96.59,6761.3,Pendiente
O-000697,BR-00042,P-004914,PR-01255,Díez y Collado S.Com.,2025-08-25,68,80.03,5442.04,En tránsito
O-000698,BR-00042,P-004923,PR-00656,Hermanos Ferrera S.L.N.E,2025-08-18,90,11.02,991.8,Recibido
O-000699,BR-00042,P-004928,PR-01056,Aurelia Díez Amorós S.Coop.,2025-07-28,29,113.47,3290.63,Pendiente
O-000700,BR-00042,P-004933,PR-01325,Alimentación Internacionales S.Coop.,2025-07-12,48,4.52,216.96,Pendiente
O-000701,BR-00042,P-004935,PR-00062,Sala & Asociados S.Coop.,2025-08-23,44,27.65,1216.6,En tránsito
O-000702,BR-00042,P-004950,PR-00087,Infraestructuras Española S.Com.,2025-07-07,68,98.56,6702.08,Pendiente
O-000703,BR-00042,P-004955,PR-00088,Asensio y Figuerola S.Coop.,2025-07-14,83,51.86,4304.38,En tránsito
O-000704,BR-00042,P-004962,PR-01142,Falcó y Lucas S.L.N.E,2025-06-30,27,74.49,2011.23,Pendiente
O-000705,BR-00042,P-004967,PR-00894,Otero y Coll S.Coop.,2025-07-06,33,15.76,520.08,En tránsito
O-000706,BR-00042,P-004970,PR-00064,Supermercados Ródenas & Asociados S.A.T.,2025-07-23,37,16.22,600.14,En tránsito
O-000707,BR-00042,P-004974,PR-00634,Infraestructuras Calvo S.Coop.,2025-08-03,22,138.18,3039.96,Pendiente
O-000708,BR-00042,P-004980,PR-00066,Lucía Carranza Peñalver S.L.,2025-08-13,81,128.08,10374.48,Pendiente
O-000709,BR-00042,P-004983,PR-00718,Angelina Narváez Miralles S.L.U.,2025-07-04,29,113.2,3282.8,En tránsito
O-000710,BR-00042,P-004986,PR-00067,Alberola y Gomis S.Coop.,2025-07-26,70,47.32,3312.4,Pendiente
O-000711,BR-00043,P-004994,PR-00090,Construcción Mate S.A.,2025-07-12,96,31.36,3010.56,En tránsito
O-000712,BR-00043,P-005008,PR-01419,Hnos Casal S.Coop.,2025-08-20,51,113.89,5808.39,En tránsito
O-000713,BR-00043,P-005022,PR-00081,Cardona y Pelayo S.L.,2025-08-27,40,97.49,3899.6,Pendiente
O-000714,BR-00043,P-005023,PR-00081,Cardona y Pelayo S.L.,2025-08-15,35,73.76,2581.6,En tránsito
O-000715,BR-00043,P-005031,PR-00082,Otero & Asociados S.A.U,2025-07-25,40,89.11,3564.4,Pendiente
O-000716,BR-00043,P-005041,PR-00654,Hermanos Cervantes S.Coop.,2025-08-12,23,119.89,2757.47,Recibido
O-000717,BR-00043,P-005042,PR-00053,Hermanos Arana S.L.,2025-08-05,70,24.9,1743.0,Pendiente
O-000718,BR-00043,P-005043,PR-00654,Hermanos Cervantes S.Coop.,2025-07-27,27,140.82,3802.14,Pendiente
O-000719,BR-00043,P-005069,PR-00059,Moliner y asociados S.L.L.,2025-08-01,40,64.43,2577.2,Recibido
O-000720,BR-00043,P-005078,PR-01231,Distribuciones Avanzadas S.A.,2025-08-11,23,65.59,1508.57,Pendiente
O-000721,BR-00043,P-005094,PR-01326,Tecnologías Integrales S.L.N.E,2025-08-27,59,136.13,8031.67,Pendiente
O-000722,BR-00043,P-005100,PR-00088,Asensio y Figuerola S.Coop.,2025-07-05,27,71.61,1933.47,Pendiente
O-000723,BR-00043,P-005118,PR-00634,Infraestructuras Calvo S.Coop.,2025-07-30,20,59.36,1187.2,Pendiente
O-000724,BR-00043,P-005120,PR-01422,Familia Elías S.C.P,2025-07-03,74,125.9,9316.6,En tránsito
O-000725,BR-00043,P-005123,PR-00634,Infraestructuras Calvo S.Coop.,2025-08-22,75,124.2,9315.0,Pendiente
O-000726,BR-00044,P-005146,PR-01431,Hermanos Monreal S.L.N.E,2025-07-12,49,94.17,4614.33,Recibido
O-000727,BR-00044,P-005147,PR-00092,Tudela y Juárez S.Coop.,2025-08-18,46,132.72,6105.12,En tránsito
O-000728,BR-00044,P-005156,PR-01008,Restauración DPS S.Coop.,2025-08-25,58,37.62,2181.96,En tránsito
O-000729,BR-00044,P-005160,PR-00094,Laguna y Pellicer S.L.,2025-07-11,42,101.7,4271.4,Recibido
O-000730,BR-00044,P-005163,PR-01060,Construcción Rius S.Com.,2025-07-03,73,40.06,2924.38,En tránsito
O-000731,BR-00044,P-005167,PR-00934,Banca Privada Ferrando S.L.L.,2025-08-21,35,87.47,3061.45,Pendiente
O-000732,BR-00044,P-005174,PR-00082,Otero & Asociados S.A.U,2025-07-19,35,112.05,3921.75,Recibido
O-000733,BR-00044,P-005186,PR-00084,Finanzas Mariño y asociados S.A.T.,2025-07-24,51,67.92,3463.92,Recibido
O-000734,BR-00044,P-005199,PR-00055,Grupo Sevillano S.L.U.,2025-08-27,74,73.54,5441.96,En tránsito
O-000735,BR-00044,P-005211,PR-00999,Instalaciones Solano y asociados S.L.,2025-07-31,68,46.34,3151.12,En tránsito
O-000736,BR-00044,P-005214,PR-00999,Instalaciones Solano y asociados S.L.,2025-08-05,96,99.35,9537.6,Recibido
O-000737,BR-00044,P-005221,PR-00060,Rozas y Patiño S.C.P,2025-08-04,28,97.39,2726.92,Recibido
O-000738,BR-00044,P-005223,PR-00060,Rozas y Patiño S.C.P,2025-07-01,62,149.42,9264.04,En tránsito
O-000739,BR-00044,P-005227,PR-00061,Hnos Calderon S.Com.,2025-07-24,42,78.55,3299.1,En tránsito
O-000740,BR-00044,P-005231,PR-00062,Sala & Asociados S.Coop.,2025-08-19,29,44.83,1300.07,Recibido
O-000741,BR-00044,P-005238,PR-00085,Comercial Navarrete S.Com.,2025-07-11,78,51.51,4017.78,Pendiente
O-000742,BR-00044,P-005255,PR-00088,Asensio y Figuerola S.Coop.,2025-08-20,75,48.48,3636.0,En tránsito
O-000743,BR-00044,P-005258,PR-01142,Falcó y Lucas S.L.N.E,2025-08-04,87,26.31,2288.97,Pendiente
O-000744,BR-00044,P-005267,PR-00071,Farmaceútica Montoya & Asociados S.L.L.,2025-07-11,77,78.81,6068.37,Recibido
O-000745,BR-00045,P-005318,PR-00980,Despacho Ibéricos S.L.,2025-08-02,81,119.87,9709.47,En tránsito
O-000746,BR-00045,P-005321,PR-00081,Cardona y Pelayo S.L.,2025-07-28,34,84.64,2877.76,Recibido
O-000747,BR-00045,P-005329,PR-01479,Ariadna Ortiz Carlos S.Com.,2025-08-27,58,6.5,377.0,Pendiente
O-000748,BR-00045,P-005354,PR-00056,Hermanos Sanz S.Com.,2025-08-03,36,69.15,2489.4,Recibido
O-000749,BR-00045,P-005356,PR-01255,Díez y Collado S.Com.,2025-07-15,57,41.53,2367.21,En tránsito
O-000750,BR-00045,P-005360,PR-01255,Díez y Collado S.Com.,2025-07-25,77,35.65,2745.05,En tránsito
O-000751,BR-00045,P-005376,PR-00061,Hnos Calderon S.Com.,2025-07-18,39,108.84,4244.76,Recibido
O-000752,BR-00045,P-005393,PR-01326,Tecnologías Integrales S.L.N.E,2025-08-20,28,9.05,253.4,Recibido
O-000753,BR-00045,P-005397,PR-00086,Reyes Azorin Albero S.L.N.E,2025-08-02,27,38.69,1044.63,Recibido
O-000754,BR-00045,P-005414,PR-01226,Sola y asociados S.A.,2025-06-30,88,72.59,6387.92,Recibido
O-000755,BR-00045,P-005416,PR-01405,Hnos Rebollo S.A.D,2025-07-27,77,21.96,1690.92,Recibido
O-000756,BR-00045,P-005431,PR-01324,Villalobos y Mate S.L.,2025-08-04,62,144.71,8972.02,Pendiente
O-000757,BR-00045,P-005435,PR-00067,Alberola y Gomis S.Coop.,2025-08-01,68,88.28,6003.04,Pendiente
O-000758,BR-00046,P-005441,PR-00091,Banco ZCIR S.L.,2025-07-09,22,4.1,90.2,En tránsito
O-000759,BR-00046,P-005462,PR-01478,María Manuela Cabello Ramón S.Coop.,2025-08-11,58,40.05,2322.9,Recibido
O-000760,BR-00046,P-005468,PR-01497,Sosa y Anglada S.A.,2025-07-07,48,109.52,5256.96,En tránsito
O-000761,BR-00046,P-005478,PR-01479,Ariadna Ortiz Carlos S.Com.,2025-08-17,83,93.15,7731.45,Recibido
O-000762,BR-00046,P-005485,PR-00654,Hermanos Cervantes S.Coop.,2025-08-21,58,137.59,7980.22,En tránsito
O-000763,BR-00046,P-005486,PR-00053,Hermanos Arana S.L.,2025-08-21,95,63.65,6046.75,Recibido
O-000764,BR-00046,P-005490,PR-00054,Inmobiliaria Sans S.L.,2025-08-12,98,88.67,8689.66,Recibido
O-000765,BR-00046,P-005492,PR-00055,Grupo Sevillano S.L.U.,2025-08-24,34,27.63,939.42,Recibido
O-000766,BR-00046,P-005495,PR-00055,Grupo Sevillano S.L.U.,2025-08-07,21,13.46,282.66,En tránsito
O-000767,BR-00046,P-005496,PR-01391,Hotel Iberia S.Com.,2025-08-23,63,107.32,6761.16,Pendiente
O-000768,BR-00046,P-005506,PR-01255,Díez y Collado S.Com.,2025-08-07,32,71.44,2286.08,Recibido
O-000769,BR-00046,P-005508,PR-00057,Herrera y Recio S.A.,2025-08-19,39,144.34,5629.26,Recibido
O-000770,BR-00046,P-005509,PR-00999,Instalaciones Solano y asociados S.L.,2025-07-03,43,131.37,5648.91,Pendiente
O-000771,BR-00046,P-005517,PR-00059,Moliner y asociados S.L.L.,2025-08-06,94,98.23,9233.62,En tránsito
O-000772,BR-00046,P-005518,PR-00059,Moliner y asociados S.L.L.,2025-08-15,91,129.36,11771.76,Pendiente
O-000773,BR-00046,P-005520,PR-00060,Rozas y Patiño S.C.P,2025-08-01,96,48.48,4654.08,En tránsito
O-000774,BR-00046,P-005522,PR-00060,Rozas y Patiño S.C.P,2025-07-28,38,10.93,415.34,En tránsito
O-000775,BR-00046,P-005526,PR-01325,Alimentación Internacionales S.Coop.,2025-07-04,20,76.31,1526.2,Recibido
O-000776,BR-00046,P-005545,PR-00087,Infraestructuras Española S.Com.,2025-08-04,39,27.9,1088.1,En tránsito
O-000777,BR-00046,P-005553,PR-01499,Coll y asociados S.L.N.E,2025-08-08,28,56.15,1572.2,Recibido
O-000778,BR-00046,P-005564,PR-00063,Hermanos Alcázar S.L.,2025-07-23,60,7.21,432.6,Recibido
O-000779,BR-00046,P-005569,PR-00894,Otero y Coll S.Coop.,2025-07-29,73,38.27,2793.71,Pendiente
O-000780,BR-00046,P-005572,PR-00894,Otero y Coll S.Coop.,2025-08-27,66,84.49,5576.34,En tránsito
O-000781,BR-00046,P-005575,PR-01422,Familia Elías S.C.P,2025-08-22,47,11.52,541.44,Pendiente
O-000782,BR-00046,P-005582,PR-00066,Lucía Carranza Peñalver S.L.,2025-07-11,80,72.06,5764.8,Recibido
O-000783,BR-00047,P-005615,PR-00934,Banca Privada Ferrando S.L.L.,2025-08-13,34,128.53,4370.02,Pendiente
O-000784,BR-00047,P-005616,PR-00080,Parra y Bilbao S.Coop.,2025-08-15,80,82.02,6561.6,En tránsito
O-000785,BR-00047,P-005620,PR-00081,Cardona y Pelayo S.L.,2025-08-10,86,42.16,3625.76,Pendiente
O-000786,BR-00047,P-005628,PR-00083,Fábrica Navas S.Com.,2025-08-20,63,104.29,6570.27,Recibido
O-000787,BR-00047,P-005632,PR-00083,Fábrica Navas S.Com.,2025-08-18,40,111.47,4458.8,En tránsito
O-000788,BR-00047,P-005637,PR-00654,Hermanos Cervantes S.Coop.,2025-07-04,90,149.65,13468.5,Pendiente
O-000789,BR-00047,P-005638,PR-00053,Hermanos Arana S.L.,2025-07-17,68,80.24,5456.32,En tránsito
O-000790,BR-00047,P-005643,PR-00654,Hermanos Cervantes S.Coop.,2025-08-10,39,43.99,1715.61,Pendiente
O-000791,BR-00047,P-005645,PR-00054,Inmobiliaria Sans S.L.,2025-08-22,57,34.72,1979.04,En tránsito
O-000792,BR-00047,P-005659,PR-01255,Díez y Collado S.Com.,2025-07-19,79,128.25,10131.75,Recibido
O-000793,BR-00047,P-005679,PR-00770,Comercializadora Avanzadas S.L.N.E,2025-08-12,23,138.67,3189.41,En tránsito
O-000794,BR-00047,P-005682,PR-00062,Sala & Asociados S.Coop.,2025-08-09,53,89.2,4727.6,Pendiente
O-000795,BR-00047,P-005687,PR-00062,Sala & Asociados S.Coop.,2025-08-19,66,115.87,7647.42,Recibido
O-000796,BR-00047,P-005698,PR-01326,Tecnologías Integrales S.L.N.E,2025-07-31,49,148.48,7275.52,Recibido
O-000797,BR-00047,P-005699,PR-00087,Infraestructuras Española S.Com.,2025-07-13,43,6.25,268.75,Pendiente
O-000798,BR-00047,P-005714,PR-00064,Supermercados Ródenas & Asociados S.A.T.,2025-07-19,71,23.32,1655.72,Recibido
O-000799,BR-00047,P-005716,PR-00065,Consultoría Exposito S.Com.,2025-08-19,83,138.44,11490.52,En tránsito
O-000800,BR-00047,P-005717,PR-00065,Consultoría Exposito S.Com.,2025-07-24,99,22.38,2215.62,En tránsito
O-000801,BR-00047,P-005718,PR-01422,Familia Elías S.C.P,2025-07-09,81,81.83,6628.23,Recibido
O-000802,BR-00047,P-005725,PR-00067,Alberola y Gomis S.Coop.,2025-08-15,82,141.68,11617.76,Pendiente
O-000803,BR-00047,P-005727,PR-00718,Angelina Narváez Miralles S.L.U.,2025-08-23,70,137.41,9618.7,En tránsito
O-000804,BR-00048,P-005745,PR-01095,Instalaciones Barberá & Asociados S.A.,2025-07-31,44,79.25,3487.0,Recibido
O-000805,BR-00048,P-005749,PR-01203,Banca Privada ZRQ S.L.,2025-07-25,90,120.63,10856.7,En tránsito
O-000806,BR-00048,P-005754,PR-00080,Parra y Bilbao S.Coop.,2025-07-28,33,63.81,2105.73,Pendiente
O-000807,BR-00048,P-005755,PR-00934,Banca Privada Ferrando S.L.L.,2025-07-16,33,15.4,508.2,Recibido
O-000808,BR-00048,P-005756,PR-00980,Despacho Ibéricos S.L.,2025-08-10,73,125.4,9154.2,En tránsito
O-000809,BR-00048,P-005765,PR-00778,Logística Casals S.A.,2025-07-24,26,148.32,3856.32,En tránsito
O-000810,BR-00048,P-005776,PR-00654,Hermanos Cervantes S.Coop.,2025-07-15,36,29.38,1057.68,Pendiente
O-000811,BR-00048,P-005785,PR-01391,Hotel Iberia S.Com.,2025-08-23,31,28.06,869.86,Pendiente
O-000812,BR-00048,P-005805,PR-00862,Dorotea Posada Pallarès S.A.,2025-07-20,29,16.71,484.59,En tránsito
O-000813,BR-00048,P-005809,PR-00060,Rozas y Patiño S.C.P,2025-07-08,45,83.72,3767.4,En tránsito
O-000814,BR-00048,P-005814,PR-00770,Comercializadora Avanzadas S.L.N.E,2025-08-26,84,146.02,12265.68,Pendiente
O-000815,BR-00048,P-005815,PR-00770,Comercializadora Avanzadas S.L.N.E,2025-07-13,75,95.08,7131.0,Recibido
O-000816,BR-00048,P-005816,PR-00770,Comercializadora Avanzadas S.L.N.E,2025-07-26,55,48.04,2642.2,En tránsito
O-000817,BR-00048,P-005819,PR-00061,Hnos Calderon S.Com.,2025-08-08,56,50.71,2839.76,En tránsito
O-000818,BR-00048,P-005824,PR-00062,Sala & Asociados S.Coop.,2025-07-26,63,132.35,8338.05,En tránsito
O-000819,BR-00048,P-005832,PR-00086,Reyes Azorin Albero S.L.N.E,2025-08-26,24,113.98,2735.52,Pendiente
O-000820,BR-00048,P-005842,PR-01499,Coll y asociados S.L.N.E,2025-07-04,22,86.32,1899.04,En tránsito
O-000821,BR-00048,P-005846,PR-00089,Mur y Colomer S.L.,2025-08-16,28,101.04,2829.12,Recibido
O-000822,BR-00048,P-005848,PR-01142,Falcó y Lucas S.L.N.E,2025-08-14,48,2.97,142.56,En tránsito
O-000823,BR-00048,P-005858,PR-00894,Otero y Coll S.Coop.,2025-07-15,34,106.51,3621.34,Recibido
O-000824,BR-00048,P-005871,PR-00067,Alberola y Gomis S.Coop.,2025-07-31,74,30.3,2242.2,Pendiente
O-000825,BR-00049,P-005884,PR-00092,Tudela y Juárez S.Coop.,2025-07-10,98,41.05,4022.9,Recibido
O-000826,BR-00049,P-005889,PR-01008,Restauración DPS S.Coop.,2025-07-02,47,136.99,6438.53,Recibido
O-000827,BR-00049,P-005892,PR-01203,Banca Privada ZRQ S.L.,2025-07-05,63,96.24,6063.12,Recibido
O-000828,BR-00049,P-005906,PR-00081,Cardona y Pelayo S.L.,2025-08-06,48,2.99,143.52,Recibido
O-000829,BR-00049,P-005907,PR-01478,María Manuela Cabello Ramón S.Coop.,2025-08-11,25,93.42,2335.5,Recibido
O-000830,BR-00049,P-005920,PR-01481,Comercializadora Mena & Asociados S.C.P,2025-07-17,75,149.03,11177.25,Pendiente
O-000831,BR-00049,P-005925,PR-00053,Hermanos Arana S.L.,2025-08-10,85,101.74,8647.9,Pendiente
O-000832,BR-00049,P-005942,PR-01255,Díez y Collado S.Com.,2025-07-05,56,63.25,3542.0,En tránsito
O-000833,BR-00049,P-005946,PR-01364,Larrañaga & Asociados S.A.,2025-08-23,52,115.7,6016.4,En tránsito
O-000834,BR-00049,P-005948,PR-01215,Tecnologías Aragonés S.L.L.,2025-08-22,64,62.08,3973.12,En tránsito
O-000835,BR-00050,P-005973,PR-00091,Banco ZCIR S.L.,2025-08-07,28,102.33,2865.24,Pendiente
O-000836,BR-00050,P-005975,PR-00091,Banco ZCIR S.L.,2025-07-31,27,104.79,2829.33,Recibido
O-000837,BR-00050,P-005979,PR-01263,Hnos Esteban S.A.,2025-08-03,29,16.83,488.07,Pendiente
O-000838,BR-00050,P-005985,PR-01008,Restauración DPS S.Coop.,2025-07-11,58,123.62,7169.96,En tránsito
O-000839,BR-00050,P-005988,PR-00094,Laguna y Pellicer S.L.,2025-08-19,96,98.09,9416.64,En tránsito
O-000840,BR-00050,P-005992,PR-00934,Banca Privada Ferrando S.L.L.,2025-08-16,40,100.39,4015.6,En tránsito
O-000841,BR-00050,P-005996,PR-00080,Parra y Bilbao S.Coop.,2025-08-06,57,78.11,4452.27,Pendiente
O-000842,BR-00050,P-005997,PR-00980,Despacho Ibéricos S.L.,2025-07-25,34,84.31,2866.54,Pendiente
O-000843,BR-00050,P-006013,PR-01158,Grupo Torrijos S.L.,2025-08-27,44,96.64,4252.16,En tránsito
O-000844,BR-00050,P-006014,PR-01299,Grupo Lladó S.L.,2025-08-05,54,46.68,2520.72,Recibido
O-000845,BR-00050,P-006016,PR-01012,Industrias Naranjo S.L.L.,2025-08-22,46,95.9,4411.4,En tránsito
O-000846,BR-00050,P-006024,PR-00054,Inmobiliaria Sans S.L.,2025-07-28,57,31.94,1820.58,En tránsito
O-000847,BR-00050,P-006034,PR-00056,Hermanos Sanz S.Com.,2025-08-28,97,29.61,2872.17,Recibido
O-000848,BR-00050,P-006041,PR-00057,Herrera y Recio S.A.,2025-07-30,22,120.5,2651.0,Pendiente
O-000849,BR-00050,P-006043,PR-01255,Díez y Collado S.Com.,2025-08-28,86,54.54,4690.44,En tránsito
O-000850,BR-00050,P-006058,PR-01056,Aurelia Díez Amorós S.Coop.,2025-08-08,95,126.33,12001.35,Recibido
O-000851,BR-00051,P-006087,PR-01263,Hnos Esteban S.A.,2025-07-23,86,77.64,6677.04,Recibido
O-000852,BR-00051,P-006098,PR-00980,Despacho Ibéricos S.L.,2025-08-19,22,11.44,251.68,Pendiente
O-000853,BR-00051,P-006102,PR-01478,María Manuela Cabello Ramón S.Coop.,2025-08-20,24,63.65,1527.6,En tránsito
O-000854,BR-00051,P-006110,PR-00082,Otero & Asociados S.A.U,2025-07-04,84,106.6,8954.4,En tránsito
O-000855,BR-00051,P-006117,PR-01481,Comercializadora Mena & Asociados S.C.P,2025-07-06,48,134.3,6446.4,Recibido
O-000856,BR-00051,P-006125,PR-00053,Hermanos Arana S.L.,2025-07-04,27,71.4,1927.8,Pendiente
O-000857,BR-00051,P-006133,PR-01391,Hotel Iberia S.Com.,2025-08-09,98,96.24,9431.52,Pendiente
O-000858,BR-00051,P-006136,PR-01391,Hotel Iberia S.Com.,2025-07-24,70,147.65,10335.5,Pendiente
O-000859,BR-00051,P-006153,PR-00060,Rozas y Patiño S.C.P,2025-07-05,97,110.41,10709.77,Pendiente
O-000860,BR-00051,P-006164,PR-00062,Sala & Asociados S.Coop.,2025-07-09,79,2.64,208.56,Pendiente
O-000861,BR-00052,P-006170,PR-00090,Construcción Mate S.A.,2025-08-26,70,139.52,9766.4,En tránsito
O-000862,BR-00052,P-006199,PR-01478,María Manuela Cabello Ramón S.Coop.,2025-07-17,30,123.97,3719.1,En tránsito
O-000863,BR-00052,P-006207,PR-01479,Ariadna Ortiz Carlos S.Com.,2025-08-10,92,82.64,7602.88,Recibido
O-000864,BR-00052,P-006212,PR-01158,Grupo Torrijos S.L.,2025-08-10,97,115.58,11211.26,Recibido
O-000865,BR-00052,P-006214,PR-01299,Grupo Lladó S.L.,2025-08-23,32,51.29,1641.28,Pendiente
O-000866,BR-00052,P-006216,PR-00053,Hermanos Arana S.L.,2025-08-26,95,50.8,4826.0,Recibido
O-000867,BR-00052,P-006220,PR-00054,Inmobiliaria Sans S.L.,2025-07-29,38,78.84,2995.92,Pendiente
O-000868,BR-00052,P-006228,PR-00055,Grupo Sevillano S.L.U.,2025-07-07,89,131.59,11711.51,Recibido
O-000869,BR-00052,P-006240,PR-01255,Díez y Collado S.Com.,2025-07-09,49,6.8,333.2,Recibido
O-000870,BR-00052,P-006244,PR-00815,Comercial IOIH S.Com.,2025-08-24,63,21.31,1342.53,Recibido
O-000871,BR-00052,P-006252,PR-00656,Hermanos Ferrera S.L.N.E,2025-08-12,33,35.75,1179.75,En tránsito
O-000872,BR-00052,P-006258,PR-01056,Aurelia Díez Amorós S.Coop.,2025-08-20,64,30.48,1950.72,Pendiente
O-000873,BR-00052,P-006261,PR-00770,Comercializadora Avanzadas S.L.N.E,2025-07-25,66,124.6,8223.6,En tránsito
O-000874,BR-00053,P-006268,PR-00090,Construcción Mate S.A.,2025-08-26,71,146.49,10400.79,Recibido
O-000875,BR-00053,P-006278,PR-00091,Banco ZCIR S.L.,2025-08-08,93,10.11,940.23,En tránsito
O-000876,BR-00053,P-006283,PR-00092,Tudela y Juárez S.Coop.,2025-08-17,37,3.41,126.17,Pendiente
O-000877,BR-00053,P-006302,PR-00081,Cardona y Pelayo S.L.,2025-08-24,47,43.5,2044.5,En tránsito
O-000878,BR-00053,P-006315,PR-01479,Ariadna Ortiz Carlos S.Com.,2025-07-12,23,107.22,2466.06,Recibido
O-000879,BR-00053,P-006325,PR-00054,Inmobiliaria Sans S.L.,2025-08-23,28,120.32,3368.96,En tránsito
O-000880,BR-00053,P-006327,PR-01391,Hotel Iberia S.Com.,2025-07-03,42,135.27,5681.34,En tránsito
O-000881,BR-00053,P-006342,PR-01215,Tecnologías Aragonés S.L.L.,2025-08-02,84,21.81,1832.04,Recibido
O-000882,BR-00053,P-006343,PR-00862,Dorotea Posada Pallarès S.A.,2025-07-30,47,32.73,1538.31,Recibido
O-000883,BR-00053,P-006354,PR-00062,Sala & Asociados S.Coop.,2025-07-03,58,100.31,5817.98,Pendiente
O-000884,BR-00054,P-006358,PR-00090,Construcción Mate S.A.,2025-08-04,25,29.61,740.25,Pendiente
O-000885,BR-00054,P-006382,PR-00094,Laguna y Pellicer S.L.,2025-08-27,99,122.38,12115.62,Recibido
O-000886,BR-00054,P-006388,PR-00081,Cardona y Pelayo S.L.,2025-08-22,76,21.78,1655.28,Pendiente
O-000887,BR-00054,P-006392,PR-00081,Cardona y Pelayo S.L.,2025-08-18,26,54.16,1408.16,Pendiente
O-000888,BR-00054,P-006402,PR-01012,Industrias Naranjo S.L.L.,2025-08-07,34,26.46,899.64,En tránsito
O-000889,BR-00054,P-006403,PR-01481,Comercializadora Mena & Asociados S.C.P,2025-07-22,79,47.54,3755.66,Pendiente
O-000890,BR-00054,P-006406,PR-01481,Comercializadora Mena & Asociados S.C.P,2025-08-20,73,83.94,6127.62,En tránsito
O-000891,BR-00054,P-006413,PR-00053,Hermanos Arana S.L.,2025-08-07,83,123.02,10210.66,En tránsito
O-000892,BR-00054,P-006418,PR-00054,Inmobiliaria Sans S.L.,2025-08-05,94,103.74,9751.56,Recibido
O-000893,BR-00054,P-006419,PR-01391,Hotel Iberia S.Com.,2025-07-27,27,146.61,3958.47,Recibido
O-000894,BR-00054,P-006434,PR-00815,Comercial IOIH S.Com.,2025-07-12,58,70.38,4082.04,Recibido
O-000895,BR-00054,P-006440,PR-00656,Hermanos Ferrera S.L.N.E,2025-08-24,33,23.74,783.42,Recibido
O-000896,BR-00054,P-006448,PR-01056,Aurelia Díez Amorós S.Coop.,2025-07-25,86,89.62,7707.32,En tránsito
O-000897,BR-00054,P-006451,PR-00770,Comercializadora Avanzadas S.L.N.E,2025-07-26,97,98.19,9524.43,Pendiente
O-000898,BR-00055,P-006459,PR-00090,Construcción Mate S.A.,2025-08-21,63,102.64,6466.32,Recibido
O-000899,BR-00055,P-006462,PR-00090,Construcción Mate S.A.,2025-08-05,61,24.19,1475.59,Recibido
O-000900,BR-00055,P-006474,PR-01263,Hnos Esteban S.A.,2025-07-14,70,84.3,5901.0,En tránsito
O-000901,BR-00055,P-006476,PR-00093,Infraestructuras Segovia & Asociados S.Com.,2025-07-19,51,33.17,1691.67,En tránsito
O-000902,BR-00055,P-006478,PR-00093,Infraestructuras Segovia & Asociados S.Com.,2025-08-02,56,32.95,1845.2,En tránsito
O-000903,BR-00055,P-006483,PR-01060,Construcción Rius S.Com.,2025-08-04,32,83.5,2672.0,En tránsito
O-000904,BR-00055,P-006484,PR-00080,Parra y Bilbao S.Coop.,2025-07-15,47,106.48,5004.56,Pendiente
O-000905,BR-00055,P-006497,PR-00083,Fábrica Navas S.Com.,2025-07-02,95,73.6,6992.0,Pendiente
O-000906,BR-00055,P-006499,PR-01479,Ariadna Ortiz Carlos S.Com.,2025-08-05,67,123.87,8299.29,En tránsito
O-000907,BR-00055,P-006502,PR-00834,Hermanos Cabrera S.L.N.E,2025-08-26,98,126.95,12441.1,Recibido
O-000908,BR-00055,P-006526,PR-00056,Hermanos Sanz S.Com.,2025-08-06,30,75.71,2271.3,Recibido
O-000909,BR-00055,P-006541,PR-00815,Comercial IOIH S.Com.,2025-07-11,27,34.29,925.83,En tránsito
O-000910,BR-00055,P-006548,PR-00060,Rozas y Patiño S.C.P,2025-07-20,78,103.77,8094.06,Recibido
O-000911,BR-00055,P-006559,PR-00062,Sala & Asociados S.Coop.,2025-07-22,100,37.3,3730.0,Recibido
O-000912,BR-00056,P-006587,PR-01478,María Manuela Cabello Ramón S.Coop.,2025-08-13,95,135.43,12865.85,Recibido
O-000913,BR-00056,P-006591,PR-00081,Cardona y Pelayo S.L.,2025-07-19,47,110.04,5171.88,Recibido
O-000914,BR-00056,P-006592,PR-01478,María Manuela Cabello Ramón S.Coop.,2025-07-27,61,130.41,7955.01,Recibido
O-000915,BR-00056,P-006593,PR-00778,Logística Casals S.A.,2025-08-12,49,128.0,6272.0,Pendiente
O-000916,BR-00056,P-006600,PR-01479,Ariadna Ortiz Carlos S.Com.,2025-07-22,59,18.77,1107.43,Pendiente
O-000917,BR-00056,P-006603,PR-01299,Grupo Lladó S.L.,2025-08-25,93,104.66,9733.38,Pendiente
O-000918,BR-00056,P-006607,PR-00654,Hermanos Cervantes S.Coop.,2025-08-13,88,40.51,3564.88,Pendiente
O-000919,BR-00056,P-006612,PR-00054,Inmobiliaria Sans S.L.,2025-08-13,83,77.88,6464.04,Recibido
O-000920,BR-00056,P-006615,PR-00055,Grupo Sevillano S.L.U.,2025-07-02,53,99.37,5266.61,Recibido
O-000921,BR-00056,P-006626,PR-00056,Hermanos Sanz S.Com.,2025-08-24,90,38.13,3431.7,Recibido
O-000922,BR-00056,P-006637,PR-00656,Hermanos Ferrera S.L.N.E,2025-07-06,58,43.24,2507.92,Pendiente
O-000923,BR-00056,P-006638,PR-00059,Moliner y asociados S.L.L.,2025-08-07,57,60.37,3441.09,Recibido
O-000924,BR-00056,P-006644,PR-01056,Aurelia Díez Amorós S.Coop.,2025-08-21,37,122.6,4536.2,En tránsito
O-000925,BR-00056,P-006650,PR-00770,Comercializadora Avanzadas S.L.N.E,2025-08-22,83,55.67,4620.61,Pendiente
O-000926,BR-00056,P-006652,PR-00062,Sala & Asociados S.Coop.,2025-07-14,97,119.15,11557.55,Pendiente
O-000927,BR-00056,P-006654,PR-00062,Sala & Asociados S.Coop.,2025-08-12,69,120.06,8284.14,En tránsito
O-000928,BR-00057,P-006666,PR-01431,Hermanos Monreal S.L.N.E,2025-08-16,88,112.09,9863.92,En tránsito
O-000929,BR-00057,P-006668,PR-00092,Tudela y Juárez S.Coop.,2025-07-22,93,78.67,7316.31,Pendiente
O-000930,BR-00057,P-006677,PR-00080,Parra y Bilbao S.Coop.,2025-08-08,50,133.84,6692.0,Pendiente
O-000931,BR-00057,P-006684,PR-00081,Cardona y Pelayo S.L.,2025-08-24,73,110.98,8101.54,Pendiente
O-000932,BR-00057,P-006691,PR-00082,Otero & Asociados S.A.U,2025-08-26,48,145.88,7002.24,En tránsito
O-000933,BR-00057,P-006695,PR-00993,Familia Bilbao S.L.,2025-07-28,96,118.71,11396.16,Recibido
O-000934,BR-00057,P-006699,PR-00084,Finanzas Mariño y asociados S.A.T.,2025-06-30,88,46.57,4098.16,En tránsito
O-000935,BR-00057,P-006723,PR-00056,Hermanos Sanz S.Com.,2025-07-30,45,92.53,4163.85,Pendiente
O-000936,BR-00057,P-006728,PR-00057,Herrera y Recio S.A.,2025-08-23,42,133.11,5590.62,Recibido
O-000937,BR-00057,P-006730,PR-01255,Díez y Collado S.Com.,2025-08-13,69,127.37,8788.53,Pendiente
O-000938,BR-00057,P-006734,PR-00754,Zaira Cabañas Vega S.Coop.,2025-08-12,47,61.47,2889.09,Recibido
O-000939,BR-00057,P-006750,PR-01056,Aurelia Díez Amorós S.Coop.,2025-06-30,86,88.86,7641.96,Pendiente
O-000940,BR-00057,P-006753,PR-01325,Alimentación Internacionales S.Coop.,2025-07-06,74,125.64,9297.36,Pendiente
O-000941,BR-00058,P-006780,PR-01431,Hermanos Monreal S.L.N.E,2025-08-25,45,100.9,4540.5,Pendiente
O-000942,BR-00058,P-006797,PR-00080,Parra y Bilbao S.Coop.,2025-07-16,79,75.34,5951.86,En tránsito
O-000943,BR-00058,P-006798,PR-00081,Cardona y Pelayo S.L.,2025-08-23,30,79.89,2396.7,En tránsito
O-000944,BR-00058,P-006806,PR-00083,Fábrica Navas S.Com.,2025-07-16,74,120.73,8934.02,Pendiente
O-000945,BR-00058,P-006820,PR-00053,Hermanos Arana S.L.,2025-08-03,68,29.05,1975.4,Recibido
O-000946,BR-00058,P-006824,PR-00053,Hermanos Arana S.L.,2025-08-16,22,119.29,2624.38,En tránsito
O-000947,BR-00058,P-006826,PR-00054,Inmobiliaria Sans S.L.,2025-08-03,34,71.5,2431.0,Recibido
O-000948,BR-00058,P-006831,PR-00055,Grupo Sevillano S.L.U.,2025-08-27,94,76.01,7144.94,Recibido
O-000949,BR-00058,P-006840,PR-00056,Hermanos Sanz S.Com.,2025-08-05,69,72.61,5010.09,Pendiente
O-000950,BR-00058,P-006851,PR-00999,Instalaciones Solano y asociados S.L.,2025-07-05,72,62.35,4489.2,Recibido
O-000951,BR-00058,P-006860,PR-00770,Comercializadora Avanzadas S.L.N.E,2025-08-14,24,115.03,2760.72,Recibido
O-000952,BR-00058,P-006862,PR-00770,Comercializadora Avanzadas S.L.N.E,2025-07-11,27,110.69,2988.63,En tránsito
O-000953,BR-00058,P-006863,PR-01334,Abad y Marquez S.Com.,2025-08-01,35,19.65,687.75,Recibido
O-000954,BR-00058,P-006864,PR-01334,Abad y Marquez S.Com.,2025-08-16,81,7.06,571.86,En tránsito
O-000955,BR-00058,P-006865,PR-01334,Abad y Marquez S.Com.,2025-07-28,76,147.2,11187.2,Pendiente
O-000956,BR-00059,P-006874,PR-00090,Construcción Mate S.A.,2025-07-12,55,135.69,7462.95,En tránsito
O-000957,BR-00059,P-006876,PR-00091,Banco ZCIR S.L.,2025-07-30,96,56.67,5440.32,En tránsito
O-000958,BR-00059,P-006879,PR-00091,Banco ZCIR S.L.,2025-08-23,31,15.94,494.14,Recibido
O-000959,BR-00059,P-006908,PR-00082,Otero & Asociados S.A.U,2025-07-19,96,23.14,2221.44,Pendiente
O-000960,BR-00059,P-006909,PR-01344,Transportes Gallo y asociados S.A.,2025-07-22,24,116.48,2795.52,Pendiente
O-000961,BR-00059,P-006912,PR-00083,Fábrica Navas S.Com.,2025-08-13,32,48.46,1550.72,Pendiente
O-000962,BR-00059,P-006913,PR-01479,Ariadna Ortiz Carlos S.Com.,2025-07-28,43,116.0,4988.0,En tránsito
O-000963,BR-00059,P-006930,PR-00056,Hermanos Sanz S.Com.,2025-07-28,29,99.73,2892.17,En tránsito
O-000964,BR-00059,P-006945,PR-00059,Moliner y asociados S.L.L.,2025-08-05,96,26.14,2509.44,Pendiente
O-000965,BR-00059,P-006948,PR-00059,Moliner y asociados S.L.L.,2025-08-01,88,76.45,6727.6,Recibido
O-000966,BR-00059,P-006949,PR-00656,Hermanos Ferrera S.L.N.E,2025-08-16,23,90.04,2070.92,Recibido
O-000967,BR-00059,P-006960,PR-01325,Alimentación Internacionales S.Coop.,2025-07-20,91,114.13,10385.83,Pendiente
O-000968,BR-00059,P-006962,PR-01334,Abad y Marquez S.Com.,2025-08-26,27,60.77,1640.79,Recibido
O-000969,BR-00060,P-006972,PR-01263,Hnos Esteban S.A.,2025-08-04,22,144.18,3171.96,Recibido
O-000970,BR-00060,P-006975,PR-00092,Tudela y Juárez S.Coop.,2025-08-07,33,23.69,781.77,Pendiente
O-000971,BR-00060,P-007005,PR-01299,Grupo Lladó S.L.,2025-07-03,49,131.89,6462.61,Pendiente
O-000972,BR-00060,P-007006,PR-00654,Hermanos Cervantes S.Coop.,2025-07-18,70,82.11,5747.7,Pendiente
O-000973,BR-00060,P-007039,PR-00059,Moliner y asociados S.L.L.,2025-08-05,43,113.28,4871.04,Recibido
O-000974,BR-00060,P-007040,PR-00862,Dorotea Posada Pallarès S.A.,2025-07-01,46,54.87,2524.02,Pendiente
O-000975,BR-00060,P-007047,PR-00060,Rozas y Patiño S.C.P,2025-07-26,70,138.39,9687.3,En tránsito
O-000976,BR-00061,P-007063,PR-00091,Banco ZCIR S.L.,2025-07-17,59,93.43,5512.37,En tránsito
O-000977,BR-00061,P-007069,PR-01431,Hermanos Monreal S.L.N.E,2025-08-12,95,21.6,2052.0,Recibido
O-000978,BR-00061,P-007075,PR-01008,Restauración DPS S.Coop.,2025-07-30,88,66.55,5856.4,Pendiente
O-000979,BR-00061,P-007088,PR-00081,Cardona y Pelayo S.L.,2025-07-22,83,140.79,11685.57,En tránsito
O-000980,BR-00061,P-007090,PR-00081,Cardona y Pelayo S.L.,2025-08-01,45,90.72,4082.4,Pendiente
O-000981,BR-00061,P-007092,PR-00081,Cardona y Pelayo S.L.,2025-08-06,49,67.97,3330.53,En tránsito
O-000982,BR-00061,P-007096,PR-00778,Logística Casals S.A.,2025-08-21,91,91.18,8297.38,Recibido
O-000983,BR-00061,P-007108,PR-00654,Hermanos Cervantes S.Coop.,2025-08-17,80,121.37,9709.6,Pendiente
O-000984,BR-00061,P-007116,PR-01391,Hotel Iberia S.Com.,2025-07-12,70,140.18,9812.6,Pendiente
O-000985,BR-00061,P-007127,PR-00057,Herrera y Recio S.A.,2025-07-08,71,10.72,761.12,En tránsito
O-000986,BR-00061,P-007128,PR-01255,Díez y Collado S.Com.,2025-07-28,85,49.92,4243.2,Pendiente
O-000987,BR-00061,P-007135,PR-01364,Larrañaga & Asociados S.A.,2025-08-21,34,75.28,2559.52,En tránsito
O-000988,BR-00061,P-007138,PR-01215,Tecnologías Aragonés S.L.L.,2025-08-17,76,54.48,4140.48,Pendiente
O-000989,BR-00061,P-007147,PR-00060,Rozas y Patiño S.C.P,2025-07-06,25,33.88,847.0,En tránsito
O-000990,BR-00061,P-007156,PR-00062,Sala & Asociados S.Coop.,2025-08-27,68,87.28,5935.04,Recibido
O-000991,BR-00061,P-007158,PR-01334,Abad y Marquez S.Com.,2025-08-03,71,61.0,4331.0,Recibido
O-000992,BR-00062,P-007166,PR-00090,Construcción Mate S.A.,2025-07-02,36,139.65,5027.4,Pendiente
O-000993,BR-00062,P-007188,PR-01060,Construcción Rius S.Com.,2025-08-20,67,135.71,9092.57,Pendiente
O-000994,BR-00062,P-007192,PR-00980,Despacho Ibéricos S.L.,2025-07-09,52,77.77,4044.04,Pendiente
O-000995,BR-00062,P-007201,PR-01497,Sosa y Anglada S.A.,2025-07-17,51,23.51,1199.01,En tránsito
O-000996,BR-00062,P-007209,PR-00083,Fábrica Navas S.Com.,2025-08-25,54,109.88,5933.52,Pendiente
O-000997,BR-00062,P-007212,PR-01012,Industrias Naranjo S.L.L.,2025-08-28,75,88.11,6608.25,Recibido
O-000998,BR-00062,P-007221,PR-00054,Inmobiliaria Sans S.L.,2025-08-24,32,105.78,3384.96,Pendiente
O-000999,BR-00062,P-007223,PR-00055,Grupo Sevillano S.L.U.,2025-08-06,25,28.57,714.25,Recibido
O-001000,BR-00062,P-007245,PR-01056,Aurelia Díez Amorós S.Coop.,2025-08-25,90,111.85,10066.5,Pendiente
O-001001,BR-00063,P-007260,PR-00090,Construcción Mate S.A.,2025-08-02,74,58.77,4348.98,Recibido
O-001002,BR-00063,P-007263,PR-00090,Construcción Mate S.A.,2025-07-08,75,55.62,4171.5,En tránsito
O-001003,BR-00063,P-007281,PR-01060,Construcción Rius S.Com.,2025-07-10,83,31.63,2625.29,Recibido
O-001004,BR-00063,P-007291,PR-00934,Banca Privada Ferrando S.L.L.,2025-08-16,60,81.39,4883.4,Recibido
O-001005,BR-00063,P-007302,PR-00993,Familia Bilbao S.L.,2025-08-20,71,110.43,7840.53,Pendiente
O-001006,BR-00063,P-007319,PR-00054,Inmobiliaria Sans S.L.,2025-08-12,64,82.09,5253.76,Pendiente
O-001007,BR-00063,P-007324,PR-01391,Hotel Iberia S.Com.,2025-08-06,57,74.25,4232.25,Recibido
O-001008,BR-00063,P-007325,PR-00055,Grupo Sevillano S.L.U.,2025-08-05,78,141.91,11068.98,Recibido
O-001009,BR-00063,P-007328,PR-00055,Grupo Sevillano S.L.U.,2025-07-27,65,3.54,230.1,Pendiente
O-001010,BR-00063,P-007333,PR-00056,Hermanos Sanz S.Com.,2025-08-24,33,144.47,4767.51,Pendiente
O-001011,BR-00063,P-007337,PR-00057,Herrera y Recio S.A.,2025-07-13,66,12.92,852.72,Pendiente
O-001012,BR-00063,P-007343,PR-00059,Moliner y asociados S.L.L.,2025-08-23,99,77.17,7639.83,Pendiente
O-001013,BR-00063,P-007346,PR-00862,Dorotea Posada Pallarès S.A.,2025-08-26,46,132.87,6112.02,Recibido
O-001014,BR-00063,P-007347,PR-01215,Tecnologías Aragonés S.L.L.,2025-08-13,59,71.54,4220.86,Recibido
O-001015,BR-00063,P-007348,PR-00060,Rozas y Patiño S.C.P,2025-07-08,39,14.92,581.88,En tránsito
O-001016,BR-00063,P-007358,PR-01325,Alimentación Internacionales S.Coop.,2025-07-31,65,109.47,7115.55,Pendiente
O-001017,BR-00063,P-007359,PR-00062,Sala & Asociados S.Coop.,2025-07-26,64,149.06,9539.84,En tránsito
O-001018,BR-00063,P-007363,PR-01334,Abad y Marquez S.Com.,2025-08-09,94,43.01,4042.94,En tránsito
O-001019,BR-00064,P-007369,PR-00090,Construcción Mate S.A.,2025-08-10,75,59.82,4486.5,Recibido
O-001020,BR-00064,P-007371,PR-00091,Banco ZCIR S.L.,2025-07-11,58,10.14,588.12,En tránsito
O-001021,BR-00064,P-007383,PR-00092,Tudela y Juárez S.Coop.,2025-08-18,83,3.37,279.71,Recibido
O-001022,BR-00064,P-007387,PR-01084,Anaya y Hidalgo S.A.,2025-07-31,56,8.6,481.6,Pendiente
O-001023,BR-00064,P-007389,PR-01060,Construcción Rius S.Com.,2025-08-09,72,60.96,4389.12,Recibido
O-001024,BR-00064,P-007411,PR-01479,Ariadna Ortiz Carlos S.Com.,2025-08-25,70,39.86,2790.2,En tránsito
O-001025,BR-00064,P-007434,PR-01391,Hotel Iberia S.Com.,2025-07-01,75,84.4,6330.0,Recibido
O-001026,BR-00064,P-007439,PR-01255,Díez y Collado S.Com.,2025-07-14,100,91.14,9114.0,Pendiente
O-001027,BR-00065,P-007451,PR-00091,Banco ZCIR S.L.,2025-07-16,35,36.05,1261.75,Pendiente
O-001028,BR-00065,P-007458,PR-01263,Hnos Esteban S.A.,2025-08-21,41,4.22,173.02,Recibido
O-001029,BR-00065,P-007462,PR-01263,Hnos Esteban S.A.,2025-08-17,81,76.09,6163.29,Recibido
O-001030,BR-00065,P-007478,PR-00081,Cardona y Pelayo S.L.,2025-08-15,95,27.53,2615.35,Recibido
O-001031,BR-00065,P-007480,PR-00081,Cardona y Pelayo S.L.,2025-08-06,52,36.55,1900.6,Recibido
O-001032,BR-00065,P-007488,PR-01497,Sosa y Anglada S.A.,2025-08-19,57,20.22,1152.54,En tránsito
O-001033,BR-00066,P-007525,PR-00090,Construcción Mate S.A.,2025-07-22,43,124.44,5350.92,Recibido
O-001034,BR-00066,P-007527,PR-00090,Construcción Mate S.A.,2025-08-21,52,62.69,3259.88,En tránsito
O-001035,BR-00066,P-007528,PR-00090,Construcción Mate S.A.,2025-07-14,41,116.78,4787.98,En tránsito
O-001036,BR-00066,P-007539,PR-01095,Instalaciones Barberá & Asociados S.A.,2025-08-09,78,56.32,4392.96,En tránsito
O-001037,BR-00066,P-007543,PR-01095,Instalaciones Barberá & Asociados S.A.,2025-07-20,96,109.97,10557.12,Recibido
O-001038,BR-00066,P-007554,PR-00934,Banca Privada Ferrando S.L.L.,2025-08-23,49,66.73,3269.77,Recibido
O-001039,BR-00066,P-007557,PR-01478,María Manuela Cabello Ramón S.Coop.,2025-08-16,50,93.92,4696.0,Recibido
O-001040,BR-00066,P-007558,PR-01478,María Manuela Cabello Ramón S.Coop.,2025-08-28,78,113.14,8824.92,Recibido
O-001041,BR-00066,P-007559,PR-01497,Sosa y Anglada S.A.,2025-07-16,40,41.54,1661.6,Recibido
O-001042,BR-00066,P-007564,PR-00082,Otero & Asociados S.A.U,2025-08-22,51,39.93,2036.43,Recibido
O-001043,BR-00066,P-007577,PR-00654,Hermanos Cervantes S.Coop.,2025-07-25,85,57.09,4852.65,Pendiente
O-001044,BR-00066,P-007588,PR-00055,Grupo Sevillano S.L.U.,2025-07-09,63,76.02,4789.26,Pendiente
O-001045,BR-00066,P-007599,PR-01255,Díez y Collado S.Com.,2025-07-14,76,75.59,5744.84,Pendiente
O-001046,BR-00067,P-007612,PR-01431,Hermanos Monreal S.L.N.E,2025-08-09,31,144.46,4478.26,Recibido
O-001047,BR-00067,P-007620,PR-01060,Construcción Rius S.Com.,2025-07-09,34,14.67,498.78,Pendiente
O-001048,BR-00067,P-007623,PR-00934,Banca Privada Ferrando S.L.L.,2025-08-05,80,120.65,9652.0,Recibido
O-001049,BR-00067,P-007631,PR-00081,Cardona y Pelayo S.L.,2025-08-02,92,145.58,13393.36,En tránsito
O-001050,BR-00067,P-007642,PR-00993,Familia Bilbao S.L.,2025-08-17,57,61.35,3496.95,Pendiente
O-001051,BR-00067,P-007647,PR-00834,Hermanos Cabrera S.L.N.E,2025-08-07,26,86.04,2237.04,Pendiente
O-001052,BR-00067,P-007651,PR-00834,Hermanos Cabrera S.L.N.E,2025-07-25,52,143.5,7462.0,Pendiente
O-001053,BR-00067,P-007660,PR-00054,Inmobiliaria Sans S.L.,2025-08-17,47,43.58,2048.26,Recibido
O-001054,BR-00067,P-007665,PR-00056,Hermanos Sanz S.Com.,2025-07-02,62,5.23,324.26,Recibido
O-001055,BR-00067,P-007667,PR-00056,Hermanos Sanz S.Com.,2025-07-31,28,4.1,114.8,En tránsito
O-001056,BR-00067,P-007670,PR-00056,Hermanos Sanz S.Com.,2025-07-05,33,138.85,4582.05,En tránsito
O-001057,BR-00068,P-007728,PR-00654,Hermanos Cervantes S.Coop.,2025-07-31,23,28.91,664.93,Recibido
O-001058,BR-00068,P-007733,PR-00054,Inmobiliaria Sans S.L.,2025-07-13,33,5.23,172.59,Pendiente
O-001059,BR-00069,P-007752,PR-00090,Construcción Mate S.A.,2025-08-18,28,81.84,2291.52,Recibido
O-001060,BR-00069,P-007755,PR-00091,Banco ZCIR S.L.,2025-07-28,79,55.63,4394.77,Recibido
O-001061,BR-00069,P-007763,PR-00093,Infraestructuras Segovia & Asociados S.Com.,2025-07-05,38,138.09,5247.42,En tránsito
O-001062,BR-00069,P-007770,PR-01060,Construcción Rius S.Com.,2025-08-16,25,65.49,1637.25,En tránsito
O-001063,BR-00069,P-007779,PR-00082,Otero & Asociados S.A.U,2025-08-18,74,30.26,2239.24,En tránsito
O-001064,BR-00069,P-007796,PR-00054,Inmobiliaria Sans S.L.,2025-07-04,35,68.27,2389.45,Recibido
O-001065,BR-00069,P-007803,PR-01391,Hotel Iberia S.Com.,2025-07-30,66,97.73,6450.18,Recibido
O-001066,BR-00069,P-007806,PR-01391,Hotel Iberia S.Com.,2025-08-22,70,87.54,6127.8,En tránsito
O-001067,BR-00069,P-007811,PR-00056,Hermanos Sanz S.Com.,2025-07-20,30,3.13,93.9,Recibido
O-001068,BR-00069,P-007817,PR-00057,Herrera y Recio S.A.,2025-07-08,91,25.34,2305.94,Pendiente
O-001069,BR-00070,P-007823,PR-00090,Construcción Mate S.A.,2025-07-30,41,30.26,1240.66,En tránsito
O-001070,BR-00070,P-007827,PR-00091,Banco ZCIR S.L.,2025-08-26,89,136.68,12164.52,Recibido
O-001071,BR-00070,P-007830,PR-01431,Hermanos Monreal S.L.N.E,2025-08-04,28,17.12,479.36,Recibido
O-001072,BR-00070,P-007845,PR-01060,Construcción Rius S.Com.,2025-08-23,29,122.33,3547.57,Recibido
O-001073,BR-00070,P-007846,PR-00934,Banca Privada Ferrando S.L.L.,2025-07-05,88,84.1,7400.8,Recibido
O-001074,BR-00070,P-007855,PR-01478,María Manuela Cabello Ramón S.Coop.,2025-08-07,89,99.98,8898.22,Recibido
O-001075,BR-00070,P-007857,PR-01478,María Manuela Cabello Ramón S.Coop.,2025-08-17,71,117.18,8319.78,En tránsito
O-001076,BR-00070,P-007871,PR-01481,Comercializadora Mena & Asociados S.C.P,2025-07-28,28,49.71,1391.88,Pendiente
O-001077,BR-00070,P-007874,PR-00053,Hermanos Arana S.L.,2025-08-11,79,128.01,10112.79,Pendiente
O-001078,BR-00070,P-007889,PR-00056,Hermanos Sanz S.Com.,2025-08-19,100,100.68,10068.0,Recibido
O-001079,BR-00070,P-007894,PR-00057,Herrera y Recio S.A.,2025-08-05,74,60.2,4454.8,Pendiente
O-001080,BR-00070,P-007895,PR-01255,Díez y Collado S.Com.,2025-08-20,89,142.15,12651.35,En tránsito
O-001081,BR-00071,P-007898,PR-00090,Construcción Mate S.A.,2025-08-19,36,27.73,998.28,Pendiente
O-001082,BR-00071,P-007899,PR-00090,Construcción Mate S.A.,2025-07-02,91,99.05,9013.55,En tránsito
O-001083,BR-00071,P-007912,PR-01431,Hermanos Monreal S.L.N.E,2025-08-20,37,116.56,4312.72,Recibido
O-001084,BR-00071,P-007916,PR-00093,Infraestructuras Segovia & Asociados S.Com.,2025-07-19,47,143.7,6753.9,Recibido
O-001085,BR-00071,P-007919,PR-01084,Anaya y Hidalgo S.A.,2025-07-12,63,145.38,9158.94,En tránsito
O-001086,BR-00071,P-007922,PR-01008,Restauración DPS S.Coop.,2025-08-16,91,142.5,12967.5,Pendiente
O-001087,BR-00071,P-007951,PR-01299,Grupo Lladó S.L.,2025-07-21,57,36.95,2106.15,Recibido
O-001088,BR-00071,P-007952,PR-01158,Grupo Torrijos S.L.,2025-07-11,62,147.74,9159.88,Pendiente
O-001089,BR-00071,P-007958,PR-00654,Hermanos Cervantes S.Coop.,2025-08-12,90,49.77,4479.3,Recibido
O-001090,BR-00071,P-007960,PR-00054,Inmobiliaria Sans S.L.,2025-08-19,37,119.36,4416.32,Recibido
O-001091,BR-00071,P-007966,PR-00056,Hermanos Sanz S.Com.,2025-08-26,87,26.51,2306.37,Pendiente
O-001092,BR-00071,P-007968,PR-00056,Hermanos Sanz S.Com.,2025-07-30,73,131.94,9631.62,Pendiente
O-001093,BR-00071,P-007969,PR-00056,Hermanos Sanz S.Com.,2025-07-24,24,73.63,1767.12,Pendiente
O-001094,BR-00072,P-007977,PR-00090,Construcción Mate S.A.,2025-07-10,79,7.72,609.88,En tránsito
O-001095,BR-00072,P-007986,PR-00091,Banco ZCIR S.L.,2025-07-06,43,55.18,2372.74,En tránsito
O-001096,BR-00072,P-007997,PR-01095,Instalaciones Barberá & Asociados S.A.,2025-07-07,40,38.79,1551.6,En tránsito
O-001097,BR-00072,P-008010,PR-00934,Banca Privada Ferrando S.L.L.,2025-08-26,39,86.61,3377.79,Recibido
O-001098,BR-00072,P-008018,PR-01344,Transportes Gallo y asociados S.A.,2025-08-04,37,76.34,2824.58,Pendiente
O-001099,BR-00072,P-008026,PR-01158,Grupo Torrijos S.L.,2025-08-07,64,11.32,724.48,Recibido
O-001100,BR-00072,P-008040,PR-00055,Grupo Sevillano S.L.U.,2025-08-17,68,19.02,1293.36,Pendiente
O-001101,BR-00072,P-008043,PR-01391,Hotel Iberia S.Com.,2025-07-23,70,28.65,2005.5,Pendiente
O-001102,BR-00072,P-008044,PR-00056,Hermanos Sanz S.Com.,2025-07-23,45,40.08,1803.6,Pendiente
O-001103,BR-00072,P-008048,PR-00056,Hermanos Sanz S.Com.,2025-07-03,89,129.81,11553.09,Recibido
O-001104,BR-00073,P-008062,PR-00091,Banco ZCIR S.L.,2025-07-25,62,138.87,8609.94,Recibido
O-001105,BR-00073,P-008064,PR-01431,Hermanos Monreal S.L.N.E,2025-07-07,29,49.94,1448.26,En tránsito
O-001106,BR-00073,P-008073,PR-00094,Laguna y Pellicer S.L.,2025-08-16,95,109.83,10433.85,En tránsito
O-001107,BR-00073,P-008093,PR-01479,Ariadna Ortiz Carlos S.Com.,2025-08-24,68,94.5,6426.0,Pendiente
O-001108,BR-00073,P-008097,PR-01012,Industrias Naranjo S.L.L.,2025-08-22,66,134.31,8864.46,En tránsito
O-001109,BR-00073,P-008101,PR-00654,Hermanos Cervantes S.Coop.,2025-08-03,80,49.79,3983.2,En tránsito
O-001110,BR-00074,P-008127,PR-00091,Banco ZCIR S.L.,2025-08-08,30,59.82,1794.6,En tránsito
O-001111,BR-00074,P-008136,PR-01431,Hermanos Monreal S.L.N.E,2025-07-14,56,46.87,2624.72,Recibido
O-001112,BR-00074,P-008137,PR-01431,Hermanos Monreal S.L.N.E,2025-08-19,44,7.54,331.76,Recibido
O-001113,BR-00074,P-008144,PR-00094,Laguna y Pellicer S.L.,2025-08-22,62,42.81,2654.22,Pendiente
O-001114,BR-00074,P-008165,PR-01481,Comercializadora Mena & Asociados S.C.P,2025-08-13,31,95.37,2956.47,En tránsito
O-001115,BR-00074,P-008170,PR-00654,Hermanos Cervantes S.Coop.,2025-08-09,100,27.24,2724.0,Pendiente
O-001116,BR-00074,P-008173,PR-00053,Hermanos Arana S.L.,2025-07-13,30,29.56,886.8,Pendiente
O-001117,BR-00074,P-008181,PR-01391,Hotel Iberia S.Com.,2025-07-19,64,51.87,3319.68,Pendiente
O-001118,BR-00074,P-008187,PR-00056,Hermanos Sanz S.Com.,2025-08-10,36,145.81,5249.16,Pendiente
O-001119,BR-00075,P-008196,PR-00090,Construcción Mate S.A.,2025-07-17,50,33.26,1663.0,Pendiente
O-001120,BR-00075,P-008198,PR-00091,Banco ZCIR S.L.,2025-07-26,67,112.73,7552.91,En tránsito
O-001121,BR-00075,P-008207,PR-00093,Infraestructuras Segovia & Asociados S.Com.,2025-08-14,60,48.27,2896.2,Recibido
O-001122,BR-00075,P-008211,PR-01060,Construcción Rius S.Com.,2025-07-15,67,20.18,1352.06,Recibido
O-001123,BR-00075,P-008216,PR-00080,Parra y Bilbao S.Coop.,2025-08-14,24,141.45,3394.8,Recibido
O-001124,BR-00075,P-008227,PR-00082,Otero & Asociados S.A.U,2025-07-27,89,110.94,9873.66,En tránsito
O-001125,BR-00075,P-008231,PR-01479,Ariadna Ortiz Carlos S.Com.,2025-07-26,30,53.82,1614.6,En tránsito
O-001126,BR-00075,P-008233,PR-01158,Grupo Torrijos S.L.,2025-07-15,82,134.44,11024.08,Pendiente
O-001127,BR-00075,P-008239,PR-00053,Hermanos Arana S.L.,2025-07-29,93,16.27,1513.11,En tránsito
O-001128,BR-00075,P-008244,PR-00053,Hermanos Arana S.L.,2025-07-21,77,65.56,5048.12,En tránsito
O-001129,BR-00075,P-008247,PR-00054,Inmobiliaria Sans S.L.,2025-07-24,45,144.15,6486.75,En tránsito
O-001130,BR-00076,P-008265,PR-00090,Construcción Mate S.A.,2025-07-14,40,140.51,5620.4,Recibido
O-001131,BR-00076,P-008275,PR-01431,Hermanos Monreal S.L.N.E,2025-07-09,91,33.35,3034.85,Pendiente
O-001132,BR-00076,P-008290,PR-00094,Laguna y Pellicer S.L.,2025-08-10,58,88.6,5138.8,Recibido
O-001133,BR-00076,P-008295,PR-00980,Despacho Ibéricos S.L.,2025-07-31,98,132.35,12970.3,Recibido
O-001134,BR-00076,P-008297,PR-00980,Despacho Ibéricos S.L.,2025-07-15,39,10.06,392.34,Pendiente
O-001135,BR-00076,P-008306,PR-00993,Familia Bilbao S.L.,2025-08-17,24,10.87,260.88,Pendiente
O-001136,BR-00076,P-008312,PR-00083,Fábrica Navas S.Com.,2025-08-13,71,4.11,291.81,Pendiente
O-001137,BR-00076,P-008314,PR-00084,Finanzas Mariño y asociados S.A.T.,2025-07-20,74,148.01,10952.74,En tránsito
O-001138,BR-00076,P-008318,PR-00834,Hermanos Cabrera S.L.N.E,2025-07-25,23,130.69,3005.87,Pendiente
O-001139,BR-00076,P-008321,PR-00654,Hermanos Cervantes S.Coop.,2025-07-03,24,75.63,1815.12,Pendiente
O-001140,BR-00076,P-008328,PR-00054,Inmobiliaria Sans S.L.,2025-07-23,84,73.71,6191.64,En tránsito
O-001141,BR-00076,P-008330,PR-00055,Grupo Sevillano S.L.U.,2025-07-07,75,117.52,8814.0,En tránsito
O-001142,BR-00076,P-008336,PR-00056,Hermanos Sanz S.Com.,2025-07-08,44,114.32,5030.08,Recibido
O-001143,BR-00077,P-008344,PR-01483,"Gil, Romo y Rico",2025-07-17,64,38.19,2444.16,Pendiente
O-001144,BR-00077,P-008356,PR-01327,Curiel y Santiago S.A.,2025-08-08,85,67.45,5733.25,Pendiente
O-001145,BR-00077,P-008357,PR-01388,Cardona A.C.,2025-08-04,89,109.82,9773.98,En tránsito
O-001146,BR-00077,P-008358,PR-00139,Montes S. R.L. de C.V.,2025-07-27,38,38.2,1451.6,En tránsito
O-001147,BR-00077,P-008368,PR-00828,Urrutia e Hijos,2025-08-12,35,19.28,674.8,En tránsito
O-001148,BR-00077,P-008371,PR-01496,"Grupo Cantú, Robledo y Peres",2025-07-20,54,50.86,2746.44,Recibido
O-001149,BR-00077,P-008379,PR-00128,Centeno S.A. de C.V.,2025-08-26,49,103.35,5064.15,En tránsito
O-001150,BR-00077,P-008391,PR-01385,"Corona, Mena y Zamudio",2025-07-15,72,50.66,3647.52,Recibido
O-001151,BR-00077,P-008397,PR-00100,Industrias Saucedo y Zepeda,2025-08-12,92,12.68,1166.56,En tránsito
O-001152,BR-00077,P-008398,PR-01086,Cintrón y Vergara A.C.,2025-08-18,93,10.76,1000.68,En tránsito
O-001153,BR-00077,P-008408,PR-00102,"Dueñas, Garrido y Vanegas",2025-08-04,54,3.42,184.68,Pendiente
O-001154,BR-00077,P-008422,PR-00105,"Grupo Becerra, Solorzano y de la Garza",2025-07-04,61,9.79,597.19,Pendiente
O-001155,BR-00077,P-008424,PR-01287,"Bueno, Navarrete y Prieto",2025-07-25,56,114.58,6416.48,Recibido
O-001156,BR-00077,P-008425,PR-00106,Villalpando-Ruiz S.C.,2025-07-08,99,127.61,12633.39,En tránsito
O-001157,BR-00077,P-008434,PR-00108,Industrias Alonzo y Alemán,2025-07-14,26,118.51,3081.26,Pendiente
O-001158,BR-00077,P-008435,PR-00108,Industrias Alonzo y Alemán,2025-07-11,47,140.44,6600.68,En tránsito
O-001159,BR-00077,P-008436,PR-01464,Quintana S.A. de C.V.,2025-07-03,77,35.89,2763.53,Pendiente
O-001160,BR-00077,P-008445,PR-00132,Espinal-Piña S.C.,2025-07-02,52,135.3,7035.6,Pendiente
O-001161,BR-00077,P-008453,PR-01016,Reynoso-Coronado,2025-08-22,91,49.11,4469.01,En tránsito
O-001162,BR-00077,P-008454,PR-01379,Industrias Negrete-Carbajal,2025-07-04,41,57.63,2362.83,Pendiente
O-001163,BR-00077,P-008481,PR-01091,Salcedo-Abrego,2025-08-10,89,47.3,4209.7,En tránsito
O-001164,BR-00077,P-008490,PR-00113,"Llamas, Olmos y Véliz",2025-07-20,57,112.47,6410.79,Recibido
O-001165,BR-00077,P-008496,PR-00114,Razo-Rivera,2025-08-20,49,23.84,1168.16,Recibido
O-001166,BR-00077,P-008501,PR-00095,Proyectos Gallardo y Coronado,2025-07-20,23,71.27,1639.21,Recibido
O-001167,BR-00077,P-008505,PR-01317,"Industrias Santana, Lucio y Irizarry",2025-08-28,52,76.89,3998.28,En tránsito
O-001168,BR-00077,P-008510,PR-01206,Industrias Urrutia y Rangel,2025-08-28,61,33.29,2030.69,En tránsito
O-001169,BR-00077,P-008519,PR-00099,Rodríquez-Sandoval,2025-07-03,74,85.6,6334.4,Recibido
O-001170,BR-00077,P-008521,PR-00099,Rodríquez-Sandoval,2025-07-19,89,119.35,10622.15,Recibido
O-001171,BR-00077,P-008533,PR-00116,"Laboratorios Armenta, Alba y Serna",2025-07-27,23,34.14,785.22,Recibido
O-001172,BR-00077,P-008535,PR-01331,Rendón-Villagómez e Hijos,2025-07-23,32,123.31,3945.92,En tránsito
O-001173,BR-00077,P-008540,PR-00117,Sisneros y Asociados,2025-08-11,62,84.74,5253.88,Recibido
O-001174,BR-00077,P-008544,PR-01192,Grupo Ceja-Peralta,2025-08-14,71,10.52,746.92,Recibido
O-001175,BR-00077,P-008551,PR-00120,Corporacin Ponce-Zamora,2025-08-06,48,125.07,6003.36,Recibido
O-001176,BR-00077,P-008557,PR-00121,Granados S.A. de C.V.,2025-08-13,70,143.75,10062.5,Pendiente
O-001177,BR-00077,P-008573,PR-00124,"Quintana, Jaime y Portillo",2025-08-06,64,144.66,9258.24,Recibido
O-001178,BR-00077,P-008577,PR-00124,"Quintana, Jaime y Portillo",2025-08-14,36,70.89,2552.04,En tránsito
O-001179,BR-00078,P-008589,PR-00879,Despacho Godoy y Quesada,2025-08-21,55,126.51,6958.05,Pendiente
O-001180,BR-00078,P-008603,PR-01217,Tapia y Cadena S. R.L. de C.V.,2025-08-12,57,130.63,7445.91,En tránsito
O-001181,BR-00078,P-008605,PR-00640,"Cardenas, Paredes y Fuentes",2025-08-25,54,37.42,2020.68,Recibido
O-001182,BR-00078,P-008606,PR-00640,"Cardenas, Paredes y Fuentes",2025-08-24,22,48.5,1067.0,Recibido
O-001183,BR-00078,P-008607,PR-00828,Urrutia e Hijos,2025-07-18,30,90.31,2709.3,Pendiente
O-001184,BR-00078,P-008610,PR-00141,"Olivárez, Aparicio y Parra",2025-07-17,74,108.97,8063.78,Pendiente
O-001185,BR-00078,P-008622,PR-01355,Industrias Gutiérrez y Heredia,2025-06-30,98,65.26,6395.48,Recibido
O-001186,BR-00078,P-008639,PR-01086,Cintrón y Vergara A.C.,2025-07-21,99,125.46,12420.54,Pendiente
O-001187,BR-00078,P-008644,PR-00102,"Dueñas, Garrido y Vanegas",2025-07-14,45,70.79,3185.55,Recibido
O-001188,BR-00078,P-008652,PR-00103,Salcedo y Zaragoza S.A. de C.V.,2025-08-26,38,43.81,1664.78,Pendiente
O-001189,BR-00078,P-008654,PR-00103,Salcedo y Zaragoza S.A. de C.V.,2025-08-18,49,132.22,6478.78,Recibido
O-001190,BR-00078,P-008655,PR-00104,Mesa A.C.,2025-07-07,41,137.98,5657.18,En tránsito
O-001191,BR-00078,P-008662,PR-01341,Vergara-Perea,2025-08-16,32,83.11,2659.52,Pendiente
O-001192,BR-00078,P-008666,PR-00921,Ballesteros-Ceballos y Asociados,2025-08-24,42,95.2,3998.4,Pendiente
O-001193,BR-00078,P-008669,PR-00853,Téllez-Bustamante,2025-08-06,75,40.57,3042.75,Pendiente
O-001194,BR-00078,P-008670,PR-00853,Téllez-Bustamante,2025-08-27,27,36.69,990.63,Recibido
O-001195,BR-00078,P-008671,PR-00853,Téllez-Bustamante,2025-08-07,51,139.87,7133.37,En tránsito
O-001196,BR-00078,P-008692,PR-00133,Rico-Aparicio,2025-07-24,37,114.78,4246.86,Recibido
O-001197,BR-00078,P-008698,PR-01016,Reynoso-Coronado,2025-07-23,97,29.78,2888.66,Recibido
O-001198,BR-00078,P-008704,PR-00731,Carmona y Henríquez e Hijos,2025-07-12,96,93.62,8987.52,Pendiente
O-001199,BR-00078,P-008714,PR-00118,Sauceda-Vallejo,2025-07-17,26,37.84,983.84,Recibido
O-001200,BR-00078,P-008726,PR-00112,Laboratorios Osorio y Orozco,2025-07-09,38,45.19,1717.22,Pendiente
O-001201,BR-00078,P-008727,PR-00112,Laboratorios Osorio y Orozco,2025-08-21,41,108.18,4435.38,Recibido
O-001202,BR-00078,P-008728,PR-00112,Laboratorios Osorio y Orozco,2025-07-29,67,112.1,7510.7,En tránsito
O-001203,BR-00078,P-008753,PR-01206,Industrias Urrutia y Rangel,2025-07-04,59,139.43,8226.37,Recibido
O-001204,BR-00078,P-008762,PR-00867,Berríos y Velázquez A.C.,2025-08-21,52,62.38,3243.76,Recibido
O-001205,BR-00078,P-008772,PR-01414,"Corporacin Toledo, Batista y Alonzo",2025-07-07,90,14.26,1283.4,En tránsito
O-001206,BR-00078,P-008791,PR-00119,"Proyectos Cano, Santana y Castillo",2025-07-19,70,77.89,5452.3,Recibido
O-001207,BR-00078,P-008798,PR-00121,Granados S.A. de C.V.,2025-07-24,24,19.73,473.52,En tránsito
O-001208,BR-00078,P-008801,PR-00121,Granados S.A. de C.V.,2025-07-22,76,74.07,5629.32,Pendiente
O-001209,BR-00078,P-008827,PR-01054,Herrera-Garza,2025-08-03,28,25.19,705.32,En tránsito
O-001210,BR-00079,P-008837,PR-01327,Curiel y Santiago S.A.,2025-07-16,67,7.34,491.78,Pendiente
O-001211,BR-00079,P-008860,PR-01496,"Grupo Cantú, Robledo y Peres",2025-08-18,89,46.08,4101.12,En tránsito
O-001212,BR-00079,P-008861,PR-00128,Centeno S.A. de C.V.,2025-08-23,28,123.52,3458.56,Recibido
O-001213,BR-00079,P-008871,PR-01355,Industrias Gutiérrez y Heredia,2025-07-12,55,102.4,5632.0,En tránsito
O-001214,BR-00079,P-008892,PR-00814,"Medrano, Cardona y Mayorga",2025-07-01,39,145.76,5684.64,Pendiente
O-001215,BR-00079,P-008900,PR-00102,"Dueñas, Garrido y Vanegas",2025-08-22,70,24.61,1722.7,Recibido
O-001216,BR-00079,P-008901,PR-00103,Salcedo y Zaragoza S.A. de C.V.,2025-07-05,96,70.66,6783.36,Pendiente
O-001217,BR-00079,P-008902,PR-01408,Rocha y Bañuelos S.C.,2025-07-08,58,92.99,5393.42,En tránsito
O-001218,BR-00079,P-008910,PR-01341,Vergara-Perea,2025-08-21,57,7.46,425.22,Recibido
O-001219,BR-00079,P-008915,PR-00106,Villalpando-Ruiz S.C.,2025-08-12,59,94.37,5567.83,Pendiente
O-001220,BR-00079,P-008924,PR-00107,"Aparicio, Jaime y Corona",2025-08-08,81,129.21,10466.01,Recibido
O-001221,BR-00079,P-008932,PR-00108,Industrias Alonzo y Alemán,2025-07-22,38,54.67,2077.46,En tránsito
O-001222,BR-00079,P-008948,PR-00133,Rico-Aparicio,2025-07-30,32,53.81,1721.92,Recibido
O-001223,BR-00079,P-008951,PR-00133,Rico-Aparicio,2025-08-10,98,91.6,8976.8,En tránsito
O-001224,BR-00079,P-008952,PR-00133,Rico-Aparicio,2025-08-14,49,144.8,7095.2,Recibido
O-001225,BR-00079,P-008959,PR-00134,Cuellar y de la Fuente A.C.,2025-07-26,91,61.97,5639.27,Recibido
O-001226,BR-00079,P-008966,PR-00135,"Industrias Tejada, Rodarte y Grijalva",2025-07-06,23,94.5,2173.5,En tránsito
O-001227,BR-00079,P-008968,PR-01403,Cavazos y Solorzano A.C.,2025-08-23,80,130.37,10429.6,En tránsito
O-001228,BR-00079,P-008974,PR-01192,Grupo Ceja-Peralta,2025-08-14,34,3.08,104.72,Pendiente
O-001229,BR-00079,P-008980,PR-00111,Quiñones y Sanches S. R.L. de C.V.,2025-06-30,39,104.11,4060.29,Recibido
O-001230,BR-00079,P-008986,PR-00112,Laboratorios Osorio y Orozco,2025-08-02,25,97.88,2447.0,Recibido
O-001231,BR-00079,P-008990,PR-00113,"Llamas, Olmos y Véliz",2025-07-01,74,52.76,3904.24,Recibido
O-001232,BR-00080,P-009007,PR-00138,Industrias Montemayor y Durán,2025-07-29,99,128.8,12751.2,Pendiente
O-001233,BR-00080,P-009009,PR-00138,Industrias Montemayor y Durán,2025-08-25,23,130.47,3000.81,Pendiente
O-001234,BR-00080,P-009011,PR-00139,Montes S. R.L. de C.V.,2025-07-31,75,105.85,7938.75,En tránsito
O-001235,BR-00080,P-009014,PR-01217,Tapia y Cadena S. R.L. de C.V.,2025-07-20,99,97.32,9634.68,Pendiente
O-001236,BR-00080,P-009040,PR-00130,Despacho Miranda y Sauceda,2025-07-21,94,56.68,5327.92,En tránsito
O-001237,BR-00080,P-009049,PR-00100,Industrias Saucedo y Zepeda,2025-07-22,27,76.24,2058.48,Recibido
O-001238,BR-00080,P-009054,PR-01039,"Corporacin Espinosa, Montez y Collazo",2025-08-19,83,43.58,3617.14,En tránsito
O-001239,BR-00080,P-009064,PR-01408,Rocha y Bañuelos S.C.,2025-07-16,92,139.64,12846.88,En tránsito
O-001240,BR-00080,P-009067,PR-01408,Rocha y Bañuelos S.C.,2025-07-30,54,113.99,6155.46,Pendiente
O-001241,BR-00080,P-009074,PR-00105,"Grupo Becerra, Solorzano y de la Garza",2025-07-19,20,18.88,377.6,En tránsito
O-001242,BR-00080,P-009079,PR-00106,Villalpando-Ruiz S.C.,2025-08-01,55,137.81,7579.55,Recibido
O-001243,BR-00080,P-009090,PR-01464,Quintana S.A. de C.V.,2025-07-28,59,87.72,5175.48,En tránsito
O-001244,BR-00080,P-009091,PR-01464,Quintana S.A. de C.V.,2025-07-26,32,3.08,98.56,Recibido
O-001245,BR-00080,P-009096,PR-00846,Ríos-Ruelas S.A.,2025-07-12,38,107.49,4084.62,En tránsito
O-001246,BR-00080,P-009099,PR-00132,Espinal-Piña S.C.,2025-07-23,64,126.0,8064.0,Pendiente
O-001247,BR-00080,P-009102,PR-01016,Reynoso-Coronado,2025-08-15,96,112.95,10843.2,Pendiente
O-001248,BR-00080,P-009107,PR-00134,Cuellar y de la Fuente A.C.,2025-08-26,62,3.05,189.1,Recibido
O-001249,BR-00080,P-009110,PR-00134,Cuellar y de la Fuente A.C.,2025-08-26,73,51.27,3742.71,En tránsito
O-001250,BR-00080,P-009115,PR-00988,Hurtado-Sotelo,2025-08-04,98,17.45,1710.1,En tránsito
O-001251,BR-00080,P-009116,PR-01403,Cavazos y Solorzano A.C.,2025-08-11,28,74.15,2076.2,En tránsito
O-001252,BR-00080,P-009119,PR-00110,Uribe y Calvillo y Asociados,2025-08-08,92,20.88,1920.96,Recibido
O-001253,BR-00080,P-009120,PR-00118,Sauceda-Vallejo,2025-07-13,24,63.08,1513.92,En tránsito
O-001254,BR-00080,P-009130,PR-00111,Quiñones y Sanches S. R.L. de C.V.,2025-07-30,61,96.49,5885.89,Pendiente
O-001255,BR-00080,P-009136,PR-00113,"Llamas, Olmos y Véliz",2025-07-16,94,33.9,3186.6,Pendiente
O-001256,BR-00080,P-009137,PR-00113,"Llamas, Olmos y Véliz",2025-08-27,77,143.5,11049.5,En tránsito
O-001257,BR-00080,P-009140,PR-00113,"Llamas, Olmos y Véliz",2025-08-26,31,58.89,1825.59,En tránsito
O-001258,BR-00080,P-009142,PR-01163,Figueroa y Reynoso A.C.,2025-08-17,45,58.34,2625.3,En tránsito
O-001259,BR-00081,P-009151,PR-00138,Industrias Montemayor y Durán,2025-08-06,88,37.22,3275.36,Pendiente
O-001260,BR-00081,P-009154,PR-01327,Curiel y Santiago S.A.,2025-08-23,21,54.2,1138.2,Recibido
O-001261,BR-00081,P-009157,PR-00140,Martínez-Rojo S.A.,2025-08-03,78,71.9,5608.2,Pendiente
O-001262,BR-00081,P-009171,PR-00128,Centeno S.A. de C.V.,2025-07-05,42,92.63,3890.46,En tránsito
O-001263,BR-00081,P-009189,PR-01086,Cintrón y Vergara A.C.,2025-08-23,54,15.34,828.36,Recibido
O-001264,BR-00081,P-009191,PR-00101,Rangel-Gracia S.A. de C.V.,2025-07-20,79,36.92,2916.68,Pendiente
O-001265,BR-00081,P-009204,PR-01408,Rocha y Bañuelos S.C.,2025-07-24,21,100.42,2108.82,Recibido
O-001266,BR-00081,P-009218,PR-00106,Villalpando-Ruiz S.C.,2025-07-03,90,44.17,3975.3,Pendiente
O-001267,BR-00081,P-009226,PR-00107,"Aparicio, Jaime y Corona",2025-08-11,76,44.41,3375.16,Recibido
O-001268,BR-00081,P-009228,PR-01464,Quintana S.A. de C.V.,2025-07-11,82,56.76,4654.32,Recibido
O-001269,BR-00081,P-009234,PR-00109,Ramos A.C.,2025-08-15,21,92.23,1936.83,Pendiente
O-001270,BR-00081,P-009237,PR-00846,Ríos-Ruelas S.A.,2025-08-03,85,10.08,856.8,Recibido
O-001271,BR-00081,P-009248,PR-01016,Reynoso-Coronado,2025-08-11,75,50.76,3807.0,Recibido
O-001272,BR-00081,P-009255,PR-00731,Carmona y Henríquez e Hijos,2025-08-20,77,144.38,11117.26,Pendiente
O-001273,BR-00081,P-009260,PR-01403,Cavazos y Solorzano A.C.,2025-08-07,91,91.2,8299.2,En tránsito
O-001274,BR-00081,P-009261,PR-00136,Marrero S.A.,2025-08-01,27,118.42,3197.34,En tránsito
O-001275,BR-00081,P-009268,PR-00111,Quiñones y Sanches S. R.L. de C.V.,2025-07-24,26,126.03,3276.78,Recibido
O-001276,BR-00081,P-009272,PR-00111,Quiñones y Sanches S. R.L. de C.V.,2025-08-26,34,43.24,1470.16,Recibido
O-001277,BR-00081,P-009278,PR-00112,Laboratorios Osorio y Orozco,2025-07-11,24,7.49,179.76,Recibido
O-001278,BR-00082,P-009296,PR-00879,Despacho Godoy y Quesada,2025-08-04,28,147.81,4138.68,Pendiente
O-001279,BR-00082,P-009304,PR-01327,Curiel y Santiago S.A.,2025-07-22,72,82.41,5933.52,En tránsito
O-001280,BR-00082,P-009306,PR-00139,Montes S. R.L. de C.V.,2025-08-07,45,106.34,4785.3,Pendiente
O-001281,BR-00082,P-009308,PR-01207,Hernandes e Hijos,2025-07-01,88,108.75,9570.0,Recibido
O-001282,BR-00082,P-009310,PR-01217,Tapia y Cadena S. R.L. de C.V.,2025-07-09,72,101.5,7308.0,En tránsito
O-001283,BR-00082,P-009318,PR-01496,"Grupo Cantú, Robledo y Peres",2025-08-28,28,79.4,2223.2,Pendiente
O-001284,BR-00082,P-009319,PR-01496,"Grupo Cantú, Robledo y Peres",2025-07-08,53,61.03,3234.59,Recibido
O-001285,BR-00082,P-009322,PR-00128,Centeno S.A. de C.V.,2025-07-01,44,104.81,4611.64,Pendiente
O-001286,BR-00082,P-009326,PR-00128,Centeno S.A. de C.V.,2025-07-24,52,2.97,154.44,Pendiente
O-001287,BR-00082,P-009336,PR-00130,Despacho Miranda y Sauceda,2025-08-16,25,26.08,652.0,En tránsito
O-001288,BR-00082,P-009339,PR-01385,"Corona, Mena y Zamudio",2025-08-10,20,137.97,2759.4,Recibido
O-001289,BR-00082,P-009352,PR-00814,"Medrano, Cardona y Mayorga",2025-07-01,23,95.76,2202.48,Pendiente
O-001290,BR-00082,P-009353,PR-00102,"Dueñas, Garrido y Vanegas",2025-08-03,39,8.02,312.78,Recibido
O-001291,BR-00082,P-009362,PR-00103,Salcedo y Zaragoza S.A. de C.V.,2025-07-18,77,51.64,3976.28,Pendiente
O-001292,BR-00082,P-009369,PR-01211,Cuellar A.C.,2025-08-12,62,38.27,2372.74,Recibido
O-001293,BR-00082,P-009388,PR-00108,Industrias Alonzo y Alemán,2025-07-04,27,132.21,3569.67,En tránsito
O-001294,BR-00082,P-009390,PR-00108,Industrias Alonzo y Alemán,2025-07-27,56,22.56,1263.36,Pendiente
O-001295,BR-00082,P-009398,PR-00132,Espinal-Piña S.C.,2025-08-06,37,122.95,4549.15,En tránsito
O-001296,BR-00082,P-009410,PR-01379,Industrias Negrete-Carbajal,2025-07-26,49,40.95,2006.55,En tránsito
O-001297,BR-00082,P-009414,PR-00911,Galindo-Olivera S.A.,2025-08-27,37,82.26,3043.62,Pendiente
O-001298,BR-00082,P-009417,PR-00988,Hurtado-Sotelo,2025-08-13,98,8.58,840.84,Pendiente
O-001299,BR-00082,P-009418,PR-01403,Cavazos y Solorzano A.C.,2025-07-09,98,45.04,4413.92,En tránsito
O-001300,BR-00082,P-009422,PR-01192,Grupo Ceja-Peralta,2025-08-17,52,141.12,7338.24,Pendiente
O-001301,BR-00082,P-009426,PR-00110,Uribe y Calvillo y Asociados,2025-08-03,43,122.48,5266.64,Recibido
O-001302,BR-00082,P-009433,PR-01091,Salcedo-Abrego,2025-07-23,76,142.85,10856.6,Pendiente
O-001303,BR-00082,P-009441,PR-00113,"Llamas, Olmos y Véliz",2025-08-14,29,29.9,867.1,Pendiente
O-001304,BR-00082,P-009444,PR-00113,"Llamas, Olmos y Véliz",2025-08-20,40,98.62,3944.8,En tránsito
O-001305,BR-00083,P-009453,PR-01483,"Gil, Romo y Rico",2025-07-17,75,10.5,787.5,Pendiente
O-001306,BR-00083,P-009464,PR-01388,Cardona A.C.,2025-07-21,50,22.8,1140.0,Pendiente
O-001307,BR-00083,P-009466,PR-00640,"Cardenas, Paredes y Fuentes",2025-07-16,63,20.16,1270.08,En tránsito
O-001308,BR-00083,P-009471,PR-00141,"Olivárez, Aparicio y Parra",2025-07-21,72,62.6,4507.2,Pendiente
O-001309,BR-00083,P-009476,PR-01496,"Grupo Cantú, Robledo y Peres",2025-07-16,36,23.28,838.08,Pendiente
O-001310,BR-00083,P-009478,PR-00127,"Despacho Durán, Ramos y Rascón",2025-07-28,53,125.56,6654.68,Recibido
O-001311,BR-00083,P-009487,PR-00129,"Marroquín, Almaraz y Leal",2025-07-04,32,67.49,2159.68,Recibido
O-001312,BR-00083,P-009495,PR-00653,Corporacin Mireles-Curiel,2025-08-23,22,100.59,2212.98,En tránsito
O-001313,BR-00083,P-009500,PR-00100,Industrias Saucedo y Zepeda,2025-08-03,50,53.37,2668.5,Pendiente
O-001314,BR-00083,P-009521,PR-00103,Salcedo y Zaragoza S.A. de C.V.,2025-07-22,51,93.25,4755.75,Pendiente
O-001315,BR-00083,P-009539,PR-00107,"Aparicio, Jaime y Corona",2025-08-16,56,115.65,6476.4,Pendiente
O-001316,BR-00083,P-009542,PR-00108,Industrias Alonzo y Alemán,2025-08-28,27,147.7,3987.9,En tránsito
O-001317,BR-00083,P-009545,PR-00108,Industrias Alonzo y Alemán,2025-07-08,31,26.11,809.41,Pendiente
O-001318,BR-00083,P-009549,PR-00132,Espinal-Piña S.C.,2025-08-27,43,147.76,6353.68,Recibido
O-001319,BR-00083,P-009553,PR-00132,Espinal-Piña S.C.,2025-07-31,87,106.82,9293.34,En tránsito
O-001320,BR-00083,P-009555,PR-00132,Espinal-Piña S.C.,2025-08-03,42,66.11,2776.62,En tránsito
O-001321,BR-00083,P-009571,PR-00988,Hurtado-Sotelo,2025-07-06,23,93.41,2148.43,En tránsito
O-001322,BR-00083,P-009587,PR-00113,"Llamas, Olmos y Véliz",2025-08-10,91,109.44,9959.04,En tránsito
O-001323,BR-00083,P-009591,PR-00113,"Llamas, Olmos y Véliz",2025-08-28,74,116.49,8620.26,En tránsito
O-001324,BR-00083,P-009594,PR-00114,Razo-Rivera,2025-08-18,89,124.55,11084.95,En tránsito
O-001325,BR-00084,P-009601,PR-01483,"Gil, Romo y Rico",2025-08-02,87,53.42,4647.54,Pendiente
O-001326,BR-00084,P-009605,PR-00137,Correa-Arce,2025-07-10,96,78.47,7533.12,En tránsito
O-001327,BR-00084,P-009611,PR-01327,Curiel y Santiago S.A.,2025-07-29,95,81.63,7754.85,Recibido
O-001328,BR-00084,P-009617,PR-00141,"Olivárez, Aparicio y Parra",2025-07-26,100,32.56,3256.0,Recibido
O-001329,BR-00084,P-009618,PR-00141,"Olivárez, Aparicio y Parra",2025-07-20,62,86.42,5358.04,Pendiente
O-001330,BR-00084,P-009624,PR-00127,"Despacho Durán, Ramos y Rascón",2025-08-25,54,46.02,2485.08,Recibido
O-001331,BR-00084,P-009625,PR-00127,"Despacho Durán, Ramos y Rascón",2025-08-14,22,128.25,2821.5,Recibido
O-001332,BR-00084,P-009629,PR-00128,Centeno S.A. de C.V.,2025-08-04,54,68.9,3720.6,Pendiente
O-001333,BR-00084,P-009631,PR-00128,Centeno S.A. de C.V.,2025-08-21,77,126.73,9758.21,Recibido
O-001334,BR-00084,P-009642,PR-00131,Despacho Menchaca-Solorio,2025-07-09,35,116.43,4075.05,En tránsito
O-001335,BR-00084,P-009643,PR-00653,Corporacin Mireles-Curiel,2025-07-23,53,117.83,6244.99,Recibido
O-001336,BR-00084,P-009675,PR-01211,Cuellar A.C.,2025-08-15,94,37.15,3492.1,Pendiente
O-001337,BR-00084,P-009680,PR-00105,"Grupo Becerra, Solorzano y de la Garza",2025-08-21,91,135.08,12292.28,Recibido
O-001338,BR-00084,P-009681,PR-00106,Villalpando-Ruiz S.C.,2025-08-25,66,104.36,6887.76,Recibido
O-001339,BR-00084,P-009691,PR-00108,Industrias Alonzo y Alemán,2025-08-18,86,23.48,2019.28,Pendiente
O-001340,BR-00084,P-009696,PR-00858,"Corporacin Arenas, Terán y Reséndez",2025-08-13,81,39.04,3162.24,Pendiente
O-001341,BR-00084,P-009718,PR-01403,Cavazos y Solorzano A.C.,2025-07-29,79,108.55,8575.45,Recibido
O-001342,BR-00084,P-009722,PR-00111,Quiñones y Sanches S. R.L. de C.V.,2025-08-13,23,14.58,335.34,En tránsito
O-001343,BR-00084,P-009731,PR-00112,Laboratorios Osorio y Orozco,2025-08-06,59,77.12,4550.08,Pendiente
O-001344,BR-00084,P-009733,PR-00113,"Llamas, Olmos y Véliz",2025-07-04,22,145.28,3196.16,En tránsito
O-001345,BR-00085,P-009744,PR-00879,Despacho Godoy y Quesada,2025-07-11,64,41.45,2652.8,En tránsito
O-001346,BR-00085,P-009747,PR-00138,Industrias Montemayor y Durán,2025-08-25,56,7.94,444.64,En tránsito
O-001347,BR-00085,P-009750,PR-01327,Curiel y Santiago S.A.,2025-07-19,41,114.88,4710.08,En tránsito
O-001348,BR-00085,P-009756,PR-01217,Tapia y Cadena S. R.L. de C.V.,2025-08-05,43,111.25,4783.75,En tránsito
O-001349,BR-00085,P-009761,PR-00828,Urrutia e Hijos,2025-07-03,57,33.8,1926.6,En tránsito
O-001350,BR-00085,P-009768,PR-00128,Centeno S.A. de C.V.,2025-07-12,44,22.92,1008.48,Pendiente
O-001351,BR-00085,P-009771,PR-00128,Centeno S.A. de C.V.,2025-07-28,21,149.88,3147.48,En tránsito
O-001352,BR-00085,P-009773,PR-00128,Centeno S.A. de C.V.,2025-08-13,65,114.53,7444.45,Pendiente
O-001353,BR-00085,P-009793,PR-01086,Cintrón y Vergara A.C.,2025-07-20,57,90.29,5146.53,Pendiente
O-001354,BR-00085,P-009795,PR-00100,Industrias Saucedo y Zepeda,2025-08-02,84,32.07,2693.88,Pendiente
O-001355,BR-00085,P-009803,PR-00102,"Dueñas, Garrido y Vanegas",2025-08-11,67,84.89,5687.63,Pendiente
O-001356,BR-00085,P-009805,PR-00102,"Dueñas, Garrido y Vanegas",2025-07-28,66,7.3,481.8,Recibido
O-001357,BR-00085,P-009811,PR-01408,Rocha y Bañuelos S.C.,2025-08-01,90,131.95,11875.5,En tránsito
O-001358,BR-00085,P-009813,PR-01408,Rocha y Bañuelos S.C.,2025-07-24,68,95.06,6464.08,Pendiente
O-001359,BR-00085,P-009816,PR-00104,Mesa A.C.,2025-07-09,78,76.12,5937.36,Recibido
O-001360,BR-00085,P-009822,PR-01341,Vergara-Perea,2025-08-24,47,62.61,2942.67,Recibido
O-001361,BR-00085,P-009835,PR-01464,Quintana S.A. de C.V.,2025-08-18,42,69.23,2907.66,Recibido
O-001362,BR-00085,P-009838,PR-00109,Ramos A.C.,2025-07-20,33,129.24,4264.92,En tránsito
O-001363,BR-00085,P-009843,PR-00846,Ríos-Ruelas S.A.,2025-07-09,49,81.86,4011.14,En tránsito
O-001364,BR-00085,P-009844,PR-00132,Espinal-Piña S.C.,2025-07-16,53,13.39,709.67,En tránsito
O-001365,BR-00085,P-009851,PR-00133,Rico-Aparicio,2025-07-18,79,55.57,4390.03,En tránsito
O-001366,BR-00085,P-009861,PR-00135,"Industrias Tejada, Rodarte y Grijalva",2025-07-17,97,28.11,2726.67,Recibido
O-001367,BR-00085,P-009862,PR-00136,Marrero S.A.,2025-07-27,31,73.79,2287.49,Pendiente
O-001368,BR-00085,P-009864,PR-00136,Marrero S.A.,2025-08-06,57,111.77,6370.89,Recibido
O-001369,BR-00085,P-009871,PR-00866,Orosco-Rascón S. R.L. de C.V.,2025-07-21,55,100.13,5507.15,Pendiente
O-001370,BR-00085,P-009877,PR-01091,Salcedo-Abrego,2025-08-27,87,17.15,1492.05,En tránsito
O-001371,BR-00085,P-009878,PR-00111,Quiñones y Sanches S. R.L. de C.V.,2025-08-03,21,119.91,2518.11,Recibido
O-001372,BR-00086,P-009893,PR-00137,Correa-Arce,2025-08-24,37,6.79,251.23,En tránsito
O-001373,BR-00086,P-009894,PR-00879,Despacho Godoy y Quesada,2025-07-02,79,15.85,1252.15,En tránsito
O-001374,BR-00086,P-009905,PR-01217,Tapia y Cadena S. R.L. de C.V.,2025-07-15,98,14.38,1409.24,Recibido
O-001375,BR-00086,P-009917,PR-00127,"Despacho Durán, Ramos y Rascón",2025-07-11,78,128.96,10058.88,En tránsito
O-001376,BR-00086,P-009921,PR-00128,Centeno S.A. de C.V.,2025-08-19,68,89.74,6102.32,En tránsito
O-001377,BR-00086,P-009922,PR-00128,Centeno S.A. de C.V.,2025-07-08,82,31.35,2570.7,En tránsito
O-001378,BR-00086,P-009936,PR-01385,"Corona, Mena y Zamudio",2025-08-27,88,149.99,13199.12,Pendiente
O-001379,BR-00086,P-009939,PR-00131,Despacho Menchaca-Solorio,2025-07-03,40,133.32,5332.8,En tránsito
O-001380,BR-00086,P-009945,PR-00100,Industrias Saucedo y Zepeda,2025-08-09,63,135.7,8549.1,Pendiente
O-001381,BR-00086,P-009949,PR-00101,Rangel-Gracia S.A. de C.V.,2025-07-10,47,92.87,4364.89,Pendiente
O-001382,BR-00086,P-009950,PR-00814,"Medrano, Cardona y Mayorga",2025-08-05,30,144.77,4343.1,Recibido
O-001383,BR-00086,P-009957,PR-00103,Salcedo y Zaragoza S.A. de C.V.,2025-08-11,71,63.07,4477.97,Recibido
O-001384,BR-00086,P-009966,PR-00105,"Grupo Becerra, Solorzano y de la Garza",2025-08-15,44,94.93,4176.92,Recibido
O-001385,BR-00086,P-009970,PR-00921,Ballesteros-Ceballos y Asociados,2025-08-27,91,53.25,4845.75,En tránsito
O-001386,BR-00086,P-009984,PR-01464,Quintana S.A. de C.V.,2025-07-23,46,148.36,6824.56,Pendiente
O-001387,BR-00086,P-009994,PR-01111,Alva-Gaytán A.C.,2025-06-30,33,136.84,4515.72,Pendiente
O-001388,BR-00086,P-009997,PR-01111,Alva-Gaytán A.C.,2025-07-10,97,30.08,2917.76,Pendiente
O-001389,BR-00086,P-009998,PR-00134,Cuellar y de la Fuente A.C.,2025-08-20,90,123.32,11098.8,En tránsito
O-001390,BR-00086,P-010009,PR-00988,Hurtado-Sotelo,2025-07-15,63,127.14,8009.82,Recibido
O-001391,BR-00086,P-010011,PR-00136,Marrero S.A.,2025-07-16,90,8.28,745.2,Pendiente
O-001392,BR-00086,P-010013,PR-00110,Uribe y Calvillo y Asociados,2025-08-11,88,112.06,9861.28,Pendiente
O-001393,BR-00086,P-010019,PR-01091,Salcedo-Abrego,2025-07-16,93,78.05,7258.65,Recibido
O-001394,BR-00086,P-010026,PR-00112,Laboratorios Osorio y Orozco,2025-07-27,91,110.78,10080.98,En tránsito
O-001395,BR-00086,P-010037,PR-01163,Figueroa y Reynoso A.C.,2025-07-26,31,68.7,2129.7,Pendiente
O-001396,BR-00087,P-010040,PR-01483,"Gil, Romo y Rico",2025-07-13,50,58.77,2938.5,Pendiente
O-001397,BR-00087,P-010041,PR-00137,Correa-Arce,2025-07-17,78,25.25,1969.5,Pendiente
O-001398,BR-00087,P-010056,PR-01217,Tapia y Cadena S. R.L. de C.V.,2025-06-30,63,84.07,5296.41,En tránsito
O-001399,BR-00087,P-010068,PR-00127,"Despacho Durán, Ramos y Rascón",2025-07-18,83,69.68,5783.44,Pendiente
O-001400,BR-00087,P-010075,PR-01355,Industrias Gutiérrez y Heredia,2025-08-06,21,119.66,2512.86,Pendiente
O-001401,BR-00087,P-010089,PR-01086,Cintrón y Vergara A.C.,2025-08-05,39,18.5,721.5,Pendiente
O-001402,BR-00087,P-010099,PR-00102,"Dueñas, Garrido y Vanegas",2025-08-25,78,132.81,10359.18,En tránsito
O-001403,BR-00087,P-010107,PR-01408,Rocha y Bañuelos S.C.,2025-08-07,70,14.63,1024.1,Pendiente
O-001404,BR-00087,P-010108,PR-01408,Rocha y Bañuelos S.C.,2025-08-01,23,39.16,900.68,Pendiente
O-001405,BR-00087,P-010114,PR-01211,Cuellar A.C.,2025-08-10,29,109.29,3169.41,Pendiente
O-001406,BR-00087,P-010116,PR-00105,"Grupo Becerra, Solorzano y de la Garza",2025-07-28,65,89.33,5806.45,Pendiente
O-001407,BR-00087,P-010143,PR-00858,"Corporacin Arenas, Terán y Reséndez",2025-08-28,48,14.9,715.2,En tránsito
O-001408,BR-00087,P-010144,PR-00846,Ríos-Ruelas S.A.,2025-08-05,38,75.44,2866.72,En tránsito
O-001409,BR-00088,P-010150,PR-00692,"Flórez, Bonilla y Orosco",2025-07-20,31,121.94,3780.14,Pendiente
O-001410,BR-00088,P-010162,PR-00140,Martínez-Rojo S.A.,2025-08-07,47,2.71,127.37,Pendiente
O-001411,BR-00088,P-010172,PR-00128,Centeno S.A. de C.V.,2025-08-14,22,48.19,1060.18,Recibido
O-001412,BR-00088,P-010177,PR-01355,Industrias Gutiérrez y Heredia,2025-08-08,74,14.7,1087.8,Recibido
O-001413,BR-00088,P-010178,PR-00129,"Marroquín, Almaraz y Leal",2025-08-12,37,7.98,295.26,Recibido
O-001414,BR-00088,P-010184,PR-00130,Despacho Miranda y Sauceda,2025-07-03,90,93.86,8447.4,Pendiente
O-001415,BR-00088,P-010188,PR-00131,Despacho Menchaca-Solorio,2025-08-03,76,85.56,6502.56,Pendiente
O-001416,BR-00088,P-010189,PR-00653,Corporacin Mireles-Curiel,2025-06-30,58,36.82,2135.56,En tránsito
O-001417,BR-00088,P-010190,PR-00653,Corporacin Mireles-Curiel,2025-08-21,40,75.28,3011.2,Pendiente
O-001418,BR-00088,P-010192,PR-00653,Corporacin Mireles-Curiel,2025-07-20,51,64.24,3276.24,En tránsito
O-001419,BR-00088,P-010194,PR-00100,Industrias Saucedo y Zepeda,2025-08-24,60,64.76,3885.6,En tránsito
O-001420,BR-00088,P-010209,PR-00102,"Dueñas, Garrido y Vanegas",2025-06-30,76,116.94,8887.44,Recibido
O-001421,BR-00088,P-010210,PR-00102,"Dueñas, Garrido y Vanegas",2025-08-15,91,99.94,9094.54,Pendiente
O-001422,BR-00088,P-010211,PR-00102,"Dueñas, Garrido y Vanegas",2025-08-11,97,116.4,11290.8,Pendiente
O-001423,BR-00088,P-010212,PR-00102,"Dueñas, Garrido y Vanegas",2025-08-06,45,133.66,6014.7,En tránsito
O-001424,BR-00088,P-010219,PR-01408,Rocha y Bañuelos S.C.,2025-07-08,27,19.25,519.75,Pendiente
O-001425,BR-00088,P-010222,PR-01280,Barraza-Vera S.A.,2025-07-16,44,112.75,4961.0,Pendiente
O-001426,BR-00088,P-010224,PR-01280,Barraza-Vera S.A.,2025-08-12,57,117.85,6717.45,En tránsito
O-001427,BR-00088,P-010229,PR-01211,Cuellar A.C.,2025-08-09,34,75.28,2559.52,Pendiente
O-001428,BR-00088,P-010232,PR-01341,Vergara-Perea,2025-08-18,57,8.72,497.04,En tránsito
O-001429,BR-00088,P-010236,PR-00106,Villalpando-Ruiz S.C.,2025-08-03,22,54.3,1194.6,En tránsito
O-001430,BR-00088,P-010243,PR-00107,"Aparicio, Jaime y Corona",2025-07-06,25,53.01,1325.25,Pendiente
O-001431,BR-00088,P-010251,PR-00109,Ramos A.C.,2025-08-03,27,12.7,342.9,Recibido
O-001432,BR-00089,P-010255,PR-00137,Correa-Arce,2025-07-18,74,131.34,9719.16,En tránsito
O-001433,BR-00089,P-010257,PR-01483,"Gil, Romo y Rico",2025-08-07,25,76.5,1912.5,Pendiente
O-001434,BR-00089,P-010259,PR-00137,Correa-Arce,2025-08-09,50,10.37,518.5,Recibido
O-001435,BR-00089,P-010261,PR-00692,"Flórez, Bonilla y Orosco",2025-07-22,98,24.75,2425.5,Pendiente
O-001436,BR-00089,P-010264,PR-00692,"Flórez, Bonilla y Orosco",2025-07-24,81,69.63,5640.03,Pendiente
O-001437,BR-00089,P-010269,PR-01327,Curiel y Santiago S.A.,2025-07-01,75,62.97,4722.75,En tránsito
O-001438,BR-00089,P-010279,PR-00828,Urrutia e Hijos,2025-08-25,90,113.4,10206.0,En tránsito
O-001439,BR-00089,P-010280,PR-00828,Urrutia e Hijos,2025-07-03,66,25.35,1673.1,Pendiente
O-001440,BR-00089,P-010283,PR-00828,Urrutia e Hijos,2025-07-20,54,37.14,2005.56,Recibido
O-001441,BR-00089,P-010312,PR-00100,Industrias Saucedo y Zepeda,2025-08-17,52,33.03,1717.56,En tránsito
O-001442,BR-00089,P-010314,PR-00814,"Medrano, Cardona y Mayorga",2025-07-01,93,106.26,9882.18,En tránsito
O-001443,BR-00089,P-010320,PR-00102,"Dueñas, Garrido y Vanegas",2025-08-20,31,136.79,4240.49,Recibido
O-001444,BR-00089,P-010321,PR-01408,Rocha y Bañuelos S.C.,2025-07-27,78,17.99,1403.22,Pendiente
O-001445,BR-00089,P-010327,PR-00104,Mesa A.C.,2025-07-30,57,7.86,448.02,Pendiente
O-001446,BR-00089,P-010341,PR-00107,"Aparicio, Jaime y Corona",2025-08-20,30,23.14,694.2,Pendiente
O-001447,BR-00089,P-010345,PR-00107,"Aparicio, Jaime y Corona",2025-08-19,62,94.62,5866.44,Pendiente
O-001448,BR-00089,P-010347,PR-00108,Industrias Alonzo y Alemán,2025-08-19,91,110.24,10031.84,Pendiente
O-001449,BR-00090,P-010358,PR-01483,"Gil, Romo y Rico",2025-08-09,51,24.13,1230.63,Recibido
O-001450,BR-00090,P-010371,PR-01207,Hernandes e Hijos,2025-07-30,29,31.84,923.36,Recibido
O-001451,BR-00090,P-010374,PR-00640,"Cardenas, Paredes y Fuentes",2025-07-01,57,146.75,8364.75,En tránsito
O-001452,BR-00090,P-010376,PR-00828,Urrutia e Hijos,2025-07-01,65,139.37,9059.05,Pendiente
O-001453,BR-00090,P-010378,PR-00828,Urrutia e Hijos,2025-07-22,81,111.66,9044.46,Pendiente
O-001454,BR-00090,P-010387,PR-00127,"Despacho Durán, Ramos y Rascón",2025-07-22,63,31.67,1995.21,Recibido
O-001455,BR-00090,P-010389,PR-00128,Centeno S.A. de C.V.,2025-07-25,91,60.24,5481.84,Recibido
O-001456,BR-00090,P-010392,PR-00128,Centeno S.A. de C.V.,2025-08-11,20,109.31,2186.2,En tránsito
O-001457,BR-00090,P-010393,PR-00128,Centeno S.A. de C.V.,2025-07-16,66,118.1,7794.6,Recibido
O-001458,BR-00090,P-010394,PR-00128,Centeno S.A. de C.V.,2025-07-13,54,113.39,6123.06,Recibido
O-001459,BR-00090,P-010398,PR-01355,Industrias Gutiérrez y Heredia,2025-07-27,75,93.24,6993.0,En tránsito
O-001460,BR-00090,P-010408,PR-00653,Corporacin Mireles-Curiel,2025-07-27,94,32.77,3080.38,En tránsito
O-001461,BR-00090,P-010437,PR-00104,Mesa A.C.,2025-08-21,47,24.95,1172.65,Recibido
O-001462,BR-00090,P-010444,PR-01341,Vergara-Perea,2025-07-28,22,71.15,1565.3,Pendiente
O-001463,BR-00090,P-010454,PR-00107,"Aparicio, Jaime y Corona",2025-07-29,34,77.9,2648.6,En tránsito
O-001464,BR-00091,P-010471,PR-00138,Industrias Montemayor y Durán,2025-07-08,80,145.84,11667.2,En tránsito
O-001465,BR-00091,P-010479,PR-01327,Curiel y Santiago S.A.,2025-08-28,81,133.56,10818.36,Pendiente
O-001466,BR-00091,P-010480,PR-00139,Montes S. R.L. de C.V.,2025-08-04,83,125.7,10433.1,Recibido
O-001467,BR-00091,P-010483,PR-01207,Hernandes e Hijos,2025-07-17,58,149.35,8662.3,Pendiente
O-001468,BR-00091,P-010492,PR-01496,"Grupo Cantú, Robledo y Peres",2025-07-16,97,126.91,12310.27,En tránsito
O-001469,BR-00091,P-010496,PR-00128,Centeno S.A. de C.V.,2025-07-30,59,73.3,4324.7,En tránsito
O-001470,BR-00091,P-010499,PR-00128,Centeno S.A. de C.V.,2025-08-15,32,126.35,4043.2,Recibido
O-001471,BR-00091,P-010501,PR-00129,"Marroquín, Almaraz y Leal",2025-07-29,26,126.02,3276.52,Recibido
O-001472,BR-00091,P-010517,PR-00100,Industrias Saucedo y Zepeda,2025-08-14,60,35.39,2123.4,Recibido
O-001473,BR-00091,P-010526,PR-00102,"Dueñas, Garrido y Vanegas",2025-08-21,46,101.76,4680.96,En tránsito
O-001474,BR-00091,P-010531,PR-01408,Rocha y Bañuelos S.C.,2025-07-31,79,47.63,3762.77,Pendiente
O-001475,BR-00091,P-010534,PR-00103,Salcedo y Zaragoza S.A. de C.V.,2025-08-20,62,132.92,8241.04,Pendiente
O-001476,BR-00091,P-010559,PR-00108,Industrias Alonzo y Alemán,2025-08-19,60,17.84,1070.4,En tránsito
O-001477,BR-00091,P-010560,PR-00108,Industrias Alonzo y Alemán,2025-07-06,89,87.36,7775.04,En tránsito
O-001478,BR-00092,P-010569,PR-00137,Correa-Arce,2025-07-13,33,80.72,2663.76,En tránsito
O-001479,BR-00092,P-010577,PR-00138,Industrias Montemayor y Durán,2025-07-30,77,50.52,3890.04,Pendiente
O-001480,BR-00092,P-010582,PR-01327,Curiel y Santiago S.A.,2025-08-21,64,25.42,1626.88,En tránsito
O-001481,BR-00092,P-010587,PR-01207,Hernandes e Hijos,2025-07-19,95,23.67,2248.65,Pendiente
O-001482,BR-00092,P-010590,PR-00828,Urrutia e Hijos,2025-07-01,23,144.65,3326.95,Pendiente
O-001483,BR-00092,P-010594,PR-00141,"Olivárez, Aparicio y Parra",2025-07-17,62,127.61,7911.82,Pendiente
O-001484,BR-00092,P-010621,PR-01086,Cintrón y Vergara A.C.,2025-07-08,45,93.22,4194.9,Recibido
O-001485,BR-00092,P-010630,PR-00102,"Dueñas, Garrido y Vanegas",2025-07-28,77,120.51,9279.27,En tránsito
O-001486,BR-00092,P-010631,PR-00102,"Dueñas, Garrido y Vanegas",2025-08-27,74,121.78,9011.72,Pendiente
O-001487,BR-00092,P-010638,PR-01108,Ruiz y Carrión A.C.,2025-08-28,57,15.4,877.8,En tránsito
O-001488,BR-00092,P-010646,PR-01287,"Bueno, Navarrete y Prieto",2025-08-02,54,33.9,1830.6,Pendiente
O-001489,BR-00092,P-010658,PR-01464,Quintana S.A. de C.V.,2025-08-25,75,63.71,4778.25,En tránsito
O-001490,BR-00092,P-010663,PR-01464,Quintana S.A. de C.V.,2025-08-07,87,34.89,3035.43,En tránsito
O-001491,BR-00092,P-010666,PR-00858,"Corporacin Arenas, Terán y Reséndez",2025-07-31,42,141.69,5950.98,En tránsito
O-001492,BR-00092,P-010667,PR-00109,Ramos A.C.,2025-08-25,81,114.1,9242.1,Pendiente
O-001493,BR-00093,P-010679,PR-00138,Industrias Montemayor y Durán,2025-08-20,20,115.57,2311.4,Recibido
O-001494,BR-00093,P-010681,PR-00692,"Flórez, Bonilla y Orosco",2025-07-25,88,135.35,11910.8,Recibido
O-001495,BR-00093,P-010685,PR-00139,Montes S. R.L. de C.V.,2025-08-26,65,117.24,7620.6,Pendiente
O-001496,BR-00093,P-010687,PR-01327,Curiel y Santiago S.A.,2025-07-20,33,20.82,687.06,En tránsito
O-001497,BR-00093,P-010693,PR-00140,Martínez-Rojo S.A.,2025-07-07,100,102.43,10243.0,En tránsito
O-001498,BR-00093,P-010697,PR-00141,"Olivárez, Aparicio y Parra",2025-08-02,48,106.97,5134.56,Recibido
O-001499,BR-00093,P-010720,PR-00100,Industrias Saucedo y Zepeda,2025-08-15,36,77.8,2800.8,Recibido
O-001500,BR-00093,P-010724,PR-00814,"Medrano, Cardona y Mayorga",2025-07-02,43,11.75,505.25,Recibido
O-001501,BR-00093,P-010765,PR-00108,Industrias Alonzo y Alemán,2025-08-12,76,115.85,8804.6,Pendiente
O-001502,BR-00094,P-010786,PR-01388,Cardona A.C.,2025-07-15,54,97.62,5271.48,Recibido
O-001503,BR-00094,P-010791,PR-01207,Hernandes e Hijos,2025-07-23,64,37.42,2394.88,Pendiente
O-001504,BR-00094,P-010792,PR-01217,Tapia y Cadena S. R.L. de C.V.,2025-07-11,46,135.31,6224.26,En tránsito
O-001505,BR-00094,P-010798,PR-00828,Urrutia e Hijos,2025-08-25,47,31.23,1467.81,Pendiente
O-001506,BR-00094,P-010800,PR-00828,Urrutia e Hijos,2025-07-16,46,43.82,2015.72,Recibido
O-001507,BR-00094,P-010803,PR-00127,"Despacho Durán, Ramos y Rascón",2025-08-07,94,149.0,14006.0,Recibido
O-001508,BR-00094,P-010807,PR-00128,Centeno S.A. de C.V.,2025-08-21,42,109.79,4611.18,En tránsito
O-001509,BR-00094,P-010815,PR-00129,"Marroquín, Almaraz y Leal",2025-07-16,42,149.24,6268.08,Pendiente
O-001510,BR-00094,P-010821,PR-00130,Despacho Miranda y Sauceda,2025-08-10,21,11.4,239.4,Pendiente
O-001511,BR-00094,P-010828,PR-01086,Cintrón y Vergara A.C.,2025-07-10,24,100.51,2412.24,En tránsito
O-001512,BR-00094,P-010857,PR-01211,Cuellar A.C.,2025-07-02,84,15.72,1320.48,Recibido
O-001513,BR-00095,P-010893,PR-01327,Curiel y Santiago S.A.,2025-08-01,43,97.14,4177.02,Pendiente
O-001514,BR-00095,P-010906,PR-00127,"Despacho Durán, Ramos y Rascón",2025-07-11,96,35.74,3431.04,Recibido
O-001515,BR-00095,P-010913,PR-00128,Centeno S.A. de C.V.,2025-07-05,44,112.36,4943.84,Recibido
O-001516,BR-00095,P-010914,PR-00128,Centeno S.A. de C.V.,2025-08-13,60,145.54,8732.4,En tránsito
O-001517,BR-00095,P-010919,PR-00129,"Marroquín, Almaraz y Leal",2025-07-02,97,100.79,9776.63,Recibido
O-001518,BR-00095,P-010928,PR-00131,Despacho Menchaca-Solorio,2025-07-06,38,45.72,1737.36,Recibido
O-001519,BR-00095,P-010932,PR-00131,Despacho Menchaca-Solorio,2025-08-13,23,127.74,2938.02,Recibido
O-001520,BR-00095,P-010936,PR-01086,Cintrón y Vergara A.C.,2025-07-27,81,149.26,12090.06,Recibido
O-001521,BR-00095,P-010951,PR-00103,Salcedo y Zaragoza S.A. de C.V.,2025-07-18,41,60.86,2495.26,Recibido
O-001522,BR-00095,P-010975,PR-00109,Ramos A.C.,2025-08-24,68,5.07,344.76,Pendiente
O-001523,BR-00095,P-010977,PR-00109,Ramos A.C.,2025-08-23,22,7.17,157.74,En tránsito
O-001524,BR-00096,P-010982,PR-01483,"Gil, Romo y Rico",2025-07-29,28,80.85,2263.8,En tránsito
O-001525,BR-00096,P-010987,PR-00692,"Flórez, Bonilla y Orosco",2025-08-11,57,133.03,7582.71,Recibido
O-001526,BR-00096,P-010992,PR-01327,Curiel y Santiago S.A.,2025-07-31,68,107.72,7324.96,Pendiente
O-001527,BR-00096,P-010993,PR-01388,Cardona A.C.,2025-08-18,25,104.99,2624.75,En tránsito
O-001528,BR-00096,P-011006,PR-01496,"Grupo Cantú, Robledo y Peres",2025-08-28,78,128.86,10051.08,Recibido
O-001529,BR-00096,P-011011,PR-00128,Centeno S.A. de C.V.,2025-08-25,22,69.56,1530.32,En tránsito
O-001530,BR-00096,P-011013,PR-01355,Industrias Gutiérrez y Heredia,2025-08-11,36,117.98,4247.28,Pendiente
O-001531,BR-00096,P-011014,PR-01355,Industrias Gutiérrez y Heredia,2025-08-04,39,30.46,1187.94,En tránsito
O-001532,BR-00096,P-011016,PR-00129,"Marroquín, Almaraz y Leal",2025-07-13,83,14.21,1179.43,Recibido
O-001533,BR-00096,P-011021,PR-01385,"Corona, Mena y Zamudio",2025-08-14,89,125.63,11181.07,Pendiente
O-001534,BR-00096,P-011030,PR-01086,Cintrón y Vergara A.C.,2025-08-17,37,50.53,1869.61,Pendiente
O-001535,BR-00096,P-011040,PR-00102,"Dueñas, Garrido y Vanegas",2025-08-19,71,134.52,9550.92,Pendiente
O-001536,BR-00096,P-011047,PR-01280,Barraza-Vera S.A.,2025-08-02,94,119.05,11190.7,En tránsito
O-001537,BR-00096,P-011048,PR-01280,Barraza-Vera S.A.,2025-08-24,56,138.52,7757.12,Recibido
O-001538,BR-00096,P-011055,PR-00921,Ballesteros-Ceballos y Asociados,2025-08-13,45,129.06,5807.7,Pendiente
O-001539,BR-00096,P-011074,PR-00109,Ramos A.C.,2025-08-09,38,97.12,3690.56,Pendiente
O-001540,BR-00097,P-011088,PR-01388,Cardona A.C.,2025-08-17,95,70.52,6699.4,En tránsito
O-001541,BR-00097,P-011092,PR-01207,Hernandes e Hijos,2025-07-18,59,28.56,1685.04,Pendiente
O-001542,BR-00097,P-011097,PR-00640,"Cardenas, Paredes y Fuentes",2025-08-07,28,136.36,3818.08,Pendiente
O-001543,BR-00097,P-011114,PR-01355,Industrias Gutiérrez y Heredia,2025-08-09,33,54.24,1789.92,En tránsito
O-001544,BR-00097,P-011122,PR-00130,Despacho Miranda y Sauceda,2025-08-25,63,52.65,3316.95,Pendiente
O-001545,BR-00097,P-011124,PR-00653,Corporacin Mireles-Curiel,2025-08-24,68,15.88,1079.84,Recibido
O-001546,BR-00097,P-011129,PR-00653,Corporacin Mireles-Curiel,2025-07-10,36,118.02,4248.72,En tránsito
O-001547,BR-00097,P-011179,PR-00108,Industrias Alonzo y Alemán,2025-08-15,61,121.71,7424.31,Recibido
O-001548,BR-00098,P-011199,PR-01327,Curiel y Santiago S.A.,2025-07-25,100,44.56,4456.0,Pendiente
O-001549,BR-00098,P-011201,PR-01207,Hernandes e Hijos,2025-07-31,53,81.33,4310.49,En tránsito
O-001550,BR-00098,P-011203,PR-00140,Martínez-Rojo S.A.,2025-07-19,83,38.2,3170.6,Recibido
O-001551,BR-00098,P-011219,PR-00128,Centeno S.A. de C.V.,2025-07-15,80,73.51,5880.8,Recibido
O-001552,BR-00098,P-011221,PR-00128,Centeno S.A. de C.V.,2025-08-16,72,123.3,8877.6,Pendiente
O-001553,BR-00098,P-011224,PR-01355,Industrias Gutiérrez y Heredia,2025-08-04,38,146.89,5581.82,Recibido
O-001554,BR-00098,P-011227,PR-01385,"Corona, Mena y Zamudio",2025-08-11,98,7.67,751.66,Pendiente
O-001555,BR-00098,P-011235,PR-00653,Corporacin Mireles-Curiel,2025-07-09,60,20.5,1230.0,Pendiente
O-001556,BR-00098,P-011243,PR-01039,"Corporacin Espinosa, Montez y Collazo",2025-07-29,95,113.75,10806.25,Pendiente
O-001557,BR-00098,P-011254,PR-00103,Salcedo y Zaragoza S.A. de C.V.,2025-08-21,38,27.42,1041.96,Pendiente
O-001558,BR-00098,P-011255,PR-01408,Rocha y Bañuelos S.C.,2025-07-13,53,5.33,282.49,En tránsito
O-001559,BR-00098,P-011264,PR-01211,Cuellar A.C.,2025-07-22,50,15.05,752.5,Pendiente
O-001560,BR-00098,P-011270,PR-00921,Ballesteros-Ceballos y Asociados,2025-07-13,32,10.85,347.2,Recibido
O-001561,BR-00098,P-011276,PR-01464,Quintana S.A. de C.V.,2025-08-08,86,32.88,2827.68,Pendiente
O-001562,BR-00099,P-011287,PR-01212,Grupo Sepúlveda-Ramos,2025-07-28,34,90.83,3088.22,En tránsito
O-001563,BR-00099,P-011299,PR-01207,Hernandes e Hijos,2025-07-03,74,2.98,220.52,En tránsito
O-001564,BR-00099,P-011301,PR-00828,Urrutia e Hijos,2025-08-15,88,62.62,5510.56,Pendiente
O-001565,BR-00099,P-011309,PR-01496,"Grupo Cantú, Robledo y Peres",2025-07-31,48,65.66,3151.68,Pendiente
O-001566,BR-00099,P-011313,PR-01355,Industrias Gutiérrez y Heredia,2025-07-06,23,2.96,68.08,En tránsito
O-001567,BR-00099,P-011319,PR-00130,Despacho Miranda y Sauceda,2025-08-06,38,113.39,4308.82,Pendiente
O-001568,BR-00099,P-011323,PR-00653,Corporacin Mireles-Curiel,2025-08-26,43,101.29,4355.47,En tránsito
O-001569,BR-00099,P-011332,PR-01039,"Corporacin Espinosa, Montez y Collazo",2025-08-14,88,108.34,9533.92,Recibido
O-001570,BR-00099,P-011337,PR-00101,Rangel-Gracia S.A. de C.V.,2025-07-19,81,120.9,9792.9,Pendiente
O-001571,BR-00099,P-011371,PR-00108,Industrias Alonzo y Alemán,2025-07-31,74,59.48,4401.52,En tránsito
O-001572,BR-00099,P-011373,PR-00109,Ramos A.C.,2025-07-24,100,88.04,8804.0,Pendiente
O-001573,BR-00100,P-011393,PR-00140,Martínez-Rojo S.A.,2025-07-15,46,77.4,3560.4,En tránsito
O-001574,BR-00100,P-011395,PR-01207,Hernandes e Hijos,2025-08-19,77,24.73,1904.21,Pendiente
O-001575,BR-00100,P-011406,PR-01496,"Grupo Cantú, Robledo y Peres",2025-08-11,23,123.58,2842.34,Pendiente
O-001576,BR-00100,P-011444,PR-00102,"Dueñas, Garrido y Vanegas",2025-07-10,72,63.97,4605.84,Recibido
O-001577,BR-00100,P-011470,PR-00107,"Aparicio, Jaime y Corona",2025-07-15,58,104.35,6052.3,Recibido
O-001578,BR-00101,P-011490,PR-00138,Industrias Montemayor y Durán,2025-08-15,82,73.84,6054.88,Recibido
O-001579,BR-00101,P-011498,PR-00640,"Cardenas, Paredes y Fuentes",2025-08-05,46,89.04,4095.84,En tránsito
O-001580,BR-00101,P-011509,PR-00828,Urrutia e Hijos,2025-08-06,78,11.06,862.68,Recibido
O-001581,BR-00101,P-011523,PR-01355,Industrias Gutiérrez y Heredia,2025-08-21,56,71.1,3981.6,En tránsito
O-001582,BR-00101,P-011527,PR-01385,"Corona, Mena y Zamudio",2025-07-06,50,54.46,2723.0,En tránsito
O-001583,BR-00101,P-011541,PR-00100,Industrias Saucedo y Zepeda,2025-08-13,94,104.22,9796.68,Recibido
O-001584,BR-00101,P-011545,PR-00814,"Medrano, Cardona y Mayorga",2025-07-08,99,39.46,3906.54,En tránsito
O-001585,BR-00101,P-011550,PR-00102,"Dueñas, Garrido y Vanegas",2025-08-24,76,84.22,6400.72,Recibido
O-001586,BR-00101,P-011555,PR-01408,Rocha y Bañuelos S.C.,2025-07-09,68,36.4,2475.2,En tránsito
O-001587,BR-00101,P-011558,PR-00103,Salcedo y Zaragoza S.A. de C.V.,2025-07-11,32,72.34,2314.88,En tránsito
O-001588,BR-00101,P-011564,PR-01280,Barraza-Vera S.A.,2025-08-18,45,141.04,6346.8,Recibido
O-001589,BR-00101,P-011569,PR-00853,Téllez-Bustamante,2025-07-12,37,78.16,2891.92,Recibido
O-001590,BR-00101,P-011581,PR-01464,Quintana S.A. de C.V.,2025-08-01,53,98.24,5206.72,En tránsito
O-001591,BR-00102,P-011590,PR-00879,Despacho Godoy y Quesada,2025-07-04,68,77.74,5286.32,Pendiente
O-001592,BR-00102,P-011593,PR-00138,Industrias Montemayor y Durán,2025-07-28,100,47.32,4732.0,En tránsito
O-001593,BR-00102,P-011609,PR-00141,"Olivárez, Aparicio y Parra",2025-08-13,29,136.51,3958.79,En tránsito
O-001594,BR-00102,P-011614,PR-00127,"Despacho Durán, Ramos y Rascón",2025-07-16,83,74.69,6199.27,En tránsito
O-001595,BR-00102,P-011616,PR-00128,Centeno S.A. de C.V.,2025-07-17,71,79.72,5660.12,Pendiente
O-001596,BR-00102,P-011624,PR-01385,"Corona, Mena y Zamudio",2025-08-06,44,29.61,1302.84,Recibido
O-001597,BR-00102,P-011634,PR-00100,Industrias Saucedo y Zepeda,2025-07-22,70,26.13,1829.1,Pendiente
O-001598,BR-00102,P-011639,PR-00814,"Medrano, Cardona y Mayorga",2025-07-03,42,60.75,2551.5,En tránsito
O-001599,BR-00102,P-011643,PR-00102,"Dueñas, Garrido y Vanegas",2025-08-09,59,38.36,2263.24,En tránsito
O-001600,BR-00102,P-011644,PR-00102,"Dueñas, Garrido y Vanegas",2025-07-12,40,106.94,4277.6,En tránsito
O-001601,BR-00102,P-011649,PR-01408,Rocha y Bañuelos S.C.,2025-07-24,41,126.12,5170.92,Recibido
O-001602,BR-00103,P-011669,PR-01327,Curiel y Santiago S.A.,2025-07-29,72,145.23,10456.56,Recibido
O-001603,BR-00103,P-011686,PR-00128,Centeno S.A. de C.V.,2025-08-27,67,95.98,6430.66,Recibido
O-001604,BR-00103,P-011687,PR-00128,Centeno S.A. de C.V.,2025-07-01,27,42.1,1136.7,Recibido
O-001605,BR-00103,P-011695,PR-01355,Industrias Gutiérrez y Heredia,2025-07-11,89,101.82,9061.98,En tránsito
O-001606,BR-00103,P-011700,PR-00131,Despacho Menchaca-Solorio,2025-08-25,78,97.34,7592.52,Recibido
O-001607,BR-00103,P-011709,PR-00101,Rangel-Gracia S.A. de C.V.,2025-08-09,70,9.46,662.2,En tránsito
O-001608,BR-00104,P-011726,PR-00879,Despacho Godoy y Quesada,2025-08-13,27,106.15,2866.05,En tránsito
O-001609,BR-00104,P-011734,PR-00692,"Flórez, Bonilla y Orosco",2025-07-12,52,131.11,6817.72,Recibido
O-001610,BR-00104,P-011740,PR-01327,Curiel y Santiago S.A.,2025-07-14,44,93.29,4104.76,Pendiente
O-001611,BR-00104,P-011744,PR-00140,Martínez-Rojo S.A.,2025-07-27,43,105.01,4515.43,Recibido
O-001612,BR-00104,P-011749,PR-00141,"Olivárez, Aparicio y Parra",2025-08-15,53,32.12,1702.36,En tránsito
O-001613,BR-00104,P-011753,PR-00127,"Despacho Durán, Ramos y Rascón",2025-08-08,68,7.3,496.4,En tránsito
O-001614,BR-00104,P-011765,PR-01355,Industrias Gutiérrez y Heredia,2025-07-08,92,125.85,11578.2,Pendiente
O-001615,BR-00104,P-011797,PR-01408,Rocha y Bañuelos S.C.,2025-08-18,86,110.65,9515.9,En tránsito
O-001616,BR-00105,P-011806,PR-00879,Despacho Godoy y Quesada,2025-07-27,73,139.44,10179.12,En tránsito
O-001617,BR-00105,P-011807,PR-00137,Correa-Arce,2025-08-24,71,48.57,3448.47,En tránsito
O-001618,BR-00105,P-011811,PR-00692,"Flórez, Bonilla y Orosco",2025-07-05,25,49.89,1247.25,En tránsito
O-001619,BR-00105,P-011812,PR-00692,"Flórez, Bonilla y Orosco",2025-08-18,46,82.83,3810.18,Recibido
O-001620,BR-00105,P-011820,PR-00139,Montes S. R.L. de C.V.,2025-07-20,63,65.33,4115.79,En tránsito
O-001621,BR-00105,P-011827,PR-00141,"Olivárez, Aparicio y Parra",2025-07-12,29,119.91,3477.39,Pendiente
O-001622,BR-00105,P-011839,PR-00128,Centeno S.A. de C.V.,2025-08-28,21,23.21,487.41,En tránsito
O-001623,BR-00105,P-011856,PR-01086,Cintrón y Vergara A.C.,2025-08-07,38,60.91,2314.58,Recibido
O-001624,BR-00105,P-011866,PR-01408,Rocha y Bañuelos S.C.,2025-07-14,45,43.87,1974.15,En tránsito
O-001625,BR-00105,P-011869,PR-01108,Ruiz y Carrión A.C.,2025-08-18,50,88.85,4442.5,Recibido
O-001626,BR-00105,P-011870,PR-01280,Barraza-Vera S.A.,2025-07-14,42,110.62,4646.04,En tránsito
O-001627,BR-00106,P-011877,PR-00879,Despacho Godoy y Quesada,2025-07-26,43,12.01,516.43,En tránsito
O-001628,BR-00106,P-011879,PR-00692,"Flórez, Bonilla y Orosco",2025-07-20,77,29.15,2244.55,Pendiente
O-001629,BR-00106,P-011888,PR-00139,Montes S. R.L. de C.V.,2025-07-26,77,116.29,8954.33,Recibido
O-001630,BR-00106,P-011890,PR-01388,Cardona A.C.,2025-08-14,29,92.18,2673.22,En tránsito
O-001631,BR-00106,P-011895,PR-00140,Martínez-Rojo S.A.,2025-08-15,66,116.09,7661.94,En tránsito
O-001632,BR-00106,P-011919,PR-00130,Despacho Miranda y Sauceda,2025-08-03,36,88.64,3191.04,En tránsito
O-001633,BR-00106,P-011921,PR-00131,Despacho Menchaca-Solorio,2025-07-02,99,35.92,3556.08,Recibido
O-001634,BR-00106,P-011928,PR-01039,"Corporacin Espinosa, Montez y Collazo",2025-08-04,100,104.9,10490.0,Pendiente
O-001635,BR-00106,P-011933,PR-00102,"Dueñas, Garrido y Vanegas",2025-08-11,34,11.76,399.84,En tránsito
O-001636,BR-00106,P-011934,PR-00102,"Dueñas, Garrido y Vanegas",2025-07-22,80,5.31,424.8,Pendiente
O-001637,BR-00106,P-011936,PR-00103,Salcedo y Zaragoza S.A. de C.V.,2025-07-12,77,33.11,2549.47,En tránsito
O-001638,BR-00106,P-011938,PR-01408,Rocha y Bañuelos S.C.,2025-07-03,33,82.61,2726.13,Recibido
O-001639,BR-00107,P-011955,PR-01327,Curiel y Santiago S.A.,2025-07-14,27,31.81,858.87,En tránsito
O-001640,BR-00107,P-011957,PR-00640,"Cardenas, Paredes y Fuentes",2025-08-04,21,110.74,2325.54,En tránsito
O-001641,BR-00107,P-011963,PR-00141,"Olivárez, Aparicio y Parra",2025-08-19,54,142.22,7679.88,En tránsito
O-001642,BR-00107,P-011969,PR-01496,"Grupo Cantú, Robledo y Peres",2025-08-05,52,46.48,2416.96,En tránsito
O-001643,BR-00107,P-011983,PR-00130,Despacho Miranda y Sauceda,2025-08-25,81,40.1,3248.1,Recibido
O-001644,BR-00107,P-011987,PR-00131,Despacho Menchaca-Solorio,2025-07-16,21,79.59,1671.39,Recibido
O-001645,BR-00107,P-011997,PR-01039,"Corporacin Espinosa, Montez y Collazo",2025-07-03,38,146.64,5572.32,En tránsito
O-001646,BR-00107,P-012004,PR-00102,"Dueñas, Garrido y Vanegas",2025-07-29,57,14.24,811.68,En tránsito
O-001647,BR-00107,P-012014,PR-01280,Barraza-Vera S.A.,2025-07-28,67,6.61,442.87,Recibido
O-001648,BR-00107,P-012016,PR-01280,Barraza-Vera S.A.,2025-07-25,34,112.96,3840.64,Recibido
O-001649,BR-00108,P-012018,PR-00879,Despacho Godoy y Quesada,2025-08-09,61,46.2,2818.2,Recibido
O-001650,BR-00108,P-012019,PR-01212,Grupo Sepúlveda-Ramos,2025-07-19,44,45.03,1981.32,Pendiente
O-001651,BR-00108,P-012025,PR-00138,Industrias Montemayor y Durán,2025-08-26,30,118.29,3548.7,En tránsito
O-001652,BR-00108,P-012030,PR-01388,Cardona A.C.,2025-07-02,66,88.61,5848.26,Pendiente
O-001653,BR-00108,P-012032,PR-00140,Martínez-Rojo S.A.,2025-07-21,68,117.72,8004.96,Pendiente
O-001654,BR-00108,P-012039,PR-00828,Urrutia e Hijos,2025-07-09,46,24.61,1132.06,Recibido
O-001655,BR-00108,P-012043,PR-00828,Urrutia e Hijos,2025-07-25,40,72.27,2890.8,Recibido
O-001656,BR-00108,P-012046,PR-01496,"Grupo Cantú, Robledo y Peres",2025-07-16,97,79.26,7688.22,En tránsito
O-001657,BR-00108,P-012047,PR-00127,"Despacho Durán, Ramos y Rascón",2025-07-21,88,39.07,3438.16,En tránsito
O-001658,BR-00108,P-012068,PR-01086,Cintrón y Vergara A.C.,2025-08-26,88,33.48,2946.24,En tránsito
O-001659,BR-00108,P-012073,PR-00814,"Medrano, Cardona y Mayorga",2025-07-04,92,15.82,1455.44,Recibido
O-001660,BR-00108,P-012076,PR-00102,"Dueñas, Garrido y Vanegas",2025-08-23,56,20.44,1144.64,Recibido
O-001661,BR-00108,P-012084,PR-00103,Salcedo y Zaragoza S.A. de C.V.,2025-07-31,35,95.1,3328.5,En tránsito
O-001662,BR-00109,P-012107,PR-01217,Tapia y Cadena S. R.L. de C.V.,2025-08-28,77,105.02,8086.54,En tránsito
O-001663,BR-00109,P-012108,PR-00828,Urrutia e Hijos,2025-07-05,100,74.31,7431.0,Recibido
O-001664,BR-00109,P-012109,PR-00141,"Olivárez, Aparicio y Parra",2025-08-18,32,17.9,572.8,En tránsito
O-001665,BR-00109,P-012111,PR-00828,Urrutia e Hijos,2025-07-22,82,33.23,2724.86,Pendiente
O-001666,BR-00109,P-012117,PR-01496,"Grupo Cantú, Robledo y Peres",2025-07-25,69,69.22,4776.18,Pendiente
O-001667,BR-00109,P-012119,PR-00128,Centeno S.A. de C.V.,2025-07-06,46,34.88,1604.48,En tránsito
O-001668,BR-00109,P-012139,PR-01086,Cintrón y Vergara A.C.,2025-08-17,49,101.8,4988.2,Pendiente
O-001669,BR-00109,P-012146,PR-01039,"Corporacin Espinosa, Montez y Collazo",2025-08-15,63,96.74,6094.62,En tránsito
O-001670,BR-00109,P-012153,PR-00102,"Dueñas, Garrido y Vanegas",2025-08-28,27,38.23,1032.21,En tránsito
O-001671,BR-00109,P-012165,PR-01280,Barraza-Vera S.A.,2025-07-08,41,13.66,560.06,Pendiente
O-001672,BR-00110,P-012203,PR-00128,Centeno S.A. de C.V.,2025-08-04,97,52.82,5123.54,Recibido
O-001673,BR-00110,P-012205,PR-01355,Industrias Gutiérrez y Heredia,2025-07-02,63,50.88,3205.44,Recibido
O-001674,BR-00110,P-012219,PR-00653,Corporacin Mireles-Curiel,2025-08-21,67,68.39,4582.13,Pendiente
O-001675,BR-00110,P-012229,PR-00101,Rangel-Gracia S.A. de C.V.,2025-07-12,86,131.95,11347.7,En tránsito
O-001676,BR-00110,P-012232,PR-00102,"Dueñas, Garrido y Vanegas",2025-07-13,94,78.79,7406.26,En tránsito
O-001677,BR-00110,P-012237,PR-01408,Rocha y Bañuelos S.C.,2025-07-13,71,15.86,1126.06,Pendiente
O-001678,BR-00110,P-012238,PR-00103,Salcedo y Zaragoza S.A. de C.V.,2025-08-02,49,23.56,1154.44,En tránsito
O-001679,BR-00110,P-012243,PR-00104,Mesa A.C.,2025-07-13,54,13.48,727.92,Recibido
O-001680,BR-00110,P-012245,PR-01108,Ruiz y Carrión A.C.,2025-07-23,39,15.5,604.5,En tránsito
O-001681,BR-00111,P-012247,PR-01212,Grupo Sepúlveda-Ramos,2025-08-21,26,139.62,3630.12,Pendiente
O-001682,BR-00111,P-012274,PR-00828,Urrutia e Hijos,2025-08-07,23,9.2,211.6,En tránsito
O-001683,BR-00111,P-012275,PR-01496,"Grupo Cantú, Robledo y Peres",2025-07-01,42,120.1,5044.2,Pendiente
O-001684,BR-00111,P-012280,PR-01496,"Grupo Cantú, Robledo y Peres",2025-08-01,47,28.69,1348.43,Pendiente
O-001685,BR-00111,P-012283,PR-00128,Centeno S.A. de C.V.,2025-07-15,51,89.92,4585.92,En tránsito
O-001686,BR-00111,P-012296,PR-01385,"Corona, Mena y Zamudio",2025-07-29,63,95.19,5996.97,Recibido
O-001687,BR-00111,P-012297,PR-01385,"Corona, Mena y Zamudio",2025-07-20,66,46.1,3042.6,Pendiente
O-001688,BR-00111,P-012306,PR-00100,Industrias Saucedo y Zepeda,2025-07-29,83,25.73,2135.59,Recibido
O-001689,BR-00111,P-012308,PR-00100,Industrias Saucedo y Zepeda,2025-08-04,55,136.57,7511.35,Recibido
O-001690,BR-00111,P-012309,PR-00100,Industrias Saucedo y Zepeda,2025-07-24,77,5.71,439.67,Pendiente
O-001691,BR-00111,P-012313,PR-00814,"Medrano, Cardona y Mayorga",2025-08-28,84,29.99,2519.16,Recibido
O-001692,BR-00111,P-012316,PR-00101,Rangel-Gracia S.A. de C.V.,2025-07-11,56,113.54,6358.24,Pendiente
O-001693,BR-00111,P-012324,PR-00102,"Dueñas, Garrido y Vanegas",2025-07-18,50,61.67,3083.5,Recibido
O-001694,BR-00111,P-012332,PR-01108,Ruiz y Carrión A.C.,2025-07-08,82,70.27,5762.14,Recibido
O-001695,BR-00111,P-012334,PR-01108,Ruiz y Carrión A.C.,2025-08-28,67,52.61,3524.87,Recibido
O-001696,BR-00112,P-012343,PR-00692,"Flórez, Bonilla y Orosco",2025-08-28,54,88.71,4790.34,Pendiente
O-001697,BR-00112,P-012344,PR-00138,Industrias Montemayor y Durán,2025-08-19,89,41.61,3703.29,En tránsito
O-001698,BR-00112,P-012349,PR-00139,Montes S. R.L. de C.V.,2025-08-25,43,98.84,4250.12,En tránsito
O-001699,BR-00112,P-012362,PR-00141,"Olivárez, Aparicio y Parra",2025-08-12,42,116.61,4897.62,En tránsito
O-001700,BR-00112,P-012366,PR-01496,"Grupo Cantú, Robledo y Peres",2025-07-20,97,98.93,9596.21,Pendiente
O-001701,BR-00112,P-012368,PR-00128,Centeno S.A. de C.V.,2025-07-09,52,86.01,4472.52,En tránsito
O-001702,BR-00112,P-012371,PR-00128,Centeno S.A. de C.V.,2025-08-16,33,138.45,4568.85,En tránsito
O-001703,BR-00112,P-012377,PR-01355,Industrias Gutiérrez y Heredia,2025-07-30,29,9.8,284.2,Recibido
O-001704,BR-00112,P-012381,PR-00129,"Marroquín, Almaraz y Leal",2025-07-03,39,134.09,5229.51,Pendiente
O-001705,BR-00112,P-012396,PR-00100,Industrias Saucedo y Zepeda,2025-07-05,78,130.84,10205.52,Recibido
O-001706,BR-00112,P-012400,PR-01039,"Corporacin Espinosa, Montez y Collazo",2025-06-30,82,102.81,8430.42,Pendiente
O-001707,BR-00112,P-012402,PR-00101,Rangel-Gracia S.A. de C.V.,2025-08-13,66,68.29,4507.14,En tránsito
O-001708,BR-00112,P-012410,PR-00104,Mesa A.C.,2025-07-29,83,145.21,12052.43,Pendiente
O-001709,BR-00112,P-012413,PR-01108,Ruiz y Carrión A.C.,2025-07-27,63,95.88,6040.44,Recibido
O-001710,BR-00113,P-012415,PR-00137,Correa-Arce,2025-07-26,43,23.23,998.89,Recibido
O-001711,BR-00113,P-012419,PR-00138,Industrias Montemayor y Durán,2025-08-06,39,11.45,446.55,Pendiente
O-001712,BR-00113,P-012424,PR-01327,Curiel y Santiago S.A.,2025-08-14,40,84.97,3398.8,Recibido
O-001713,BR-00113,P-012426,PR-00140,Martínez-Rojo S.A.,2025-07-08,45,72.36,3256.2,En tránsito
O-001714,BR-00113,P-012440,PR-01496,"Grupo Cantú, Robledo y Peres",2025-08-21,81,18.1,1466.1,En tránsito
O-001715,BR-00113,P-012451,PR-00130,Despacho Miranda y Sauceda,2025-07-07,75,121.05,9078.75,Recibido
O-001716,BR-00113,P-012462,PR-00100,Industrias Saucedo y Zepeda,2025-08-11,33,109.45,3611.85,Recibido
O-001717,BR-00113,P-012477,PR-00103,Salcedo y Zaragoza S.A. de C.V.,2025-08-05,23,49.17,1130.91,Recibido
O-001718,BR-00113,P-012478,PR-01408,Rocha y Bañuelos S.C.,2025-07-01,61,66.21,4038.81,Pendiente
O-001719,BR-00113,P-012480,PR-00103,Salcedo y Zaragoza S.A. de C.V.,2025-08-02,95,136.95,13010.25,Pendiente
O-001720,BR-00113,P-012483,PR-00104,Mesa A.C.,2025-07-21,92,112.26,10327.92,En tránsito
O-001721,BR-00114,P-012491,PR-00138,Industrias Montemayor y Durán,2025-07-01,40,131.37,5254.8,Recibido
O-001722,BR-00114,P-012513,PR-00128,Centeno S.A. de C.V.,2025-08-20,23,112.0,2576.0,Recibido
O-001723,BR-00114,P-012519,PR-00129,"Marroquín, Almaraz y Leal",2025-07-25,71,98.3,6979.3,Pendiente
O-001724,BR-00114,P-012528,PR-01385,"Corona, Mena y Zamudio",2025-07-27,77,16.27,1252.79,Pendiente
O-001725,BR-00114,P-012541,PR-01039,"Corporacin Espinosa, Montez y Collazo",2025-08-13,73,118.2,8628.6,Pendiente
O-001726,BR-00115,P-012564,PR-00765,Dudley-Escobar,2025-07-25,58,97.49,5654.42,En tránsito
O-001727,BR-00115,P-012567,PR-00185,Santiago and Sons,2025-07-17,89,130.12,11580.68,Recibido
O-001728,BR-00115,P-012568,PR-01209,"Williams, Joseph and Howard",2025-08-23,79,35.72,2821.88,Recibido
O-001729,BR-00115,P-012575,PR-00187,Perez Inc,2025-08-21,53,146.75,7777.75,Pendiente
O-001730,BR-00115,P-012581,PR-01475,"Rosales, Jackson and Mason",2025-07-02,25,37.01,925.25,Pendiente
O-001731,BR-00115,P-012584,PR-00174,Simpson PLC,2025-08-18,85,49.33,4193.05,Pendiente
O-001732,BR-00115,P-012587,PR-00174,Simpson PLC,2025-07-19,96,103.78,9962.88,Recibido
O-001733,BR-00115,P-012596,PR-00176,"Cole, Adams and Armstrong",2025-07-28,52,132.93,6912.36,En tránsito
O-001734,BR-00115,P-012613,PR-00147,Richardson-Cooper,2025-07-29,64,32.22,2062.08,Recibido
O-001735,BR-00115,P-012623,PR-01441,Johnson-Jackson,2025-07-10,43,112.15,4822.45,Recibido
O-001736,BR-00115,P-012626,PR-00752,"Willis, Smith and Tran",2025-08-06,55,134.66,7406.3,En tránsito
O-001737,BR-00115,P-012627,PR-00752,"Willis, Smith and Tran",2025-08-08,34,65.88,2239.92,Recibido
O-001738,BR-00115,P-012630,PR-00825,Grant Group,2025-07-23,90,128.94,11604.6,Recibido
O-001739,BR-00115,P-012636,PR-01057,White and Sons,2025-07-24,46,36.95,1699.7,Recibido
O-001740,BR-00115,P-012638,PR-01238,"Harrison, Thomas and Becker",2025-08-18,37,61.67,2281.79,En tránsito
O-001741,BR-00115,P-012642,PR-00644,"Howard, Mcdonald and Vargas",2025-07-21,96,36.23,3478.08,Recibido
O-001742,BR-00115,P-012647,PR-00154,"Adams, Burke and Mcgee",2025-08-11,74,61.37,4541.38,Recibido
O-001743,BR-00115,P-012649,PR-00154,"Adams, Burke and Mcgee",2025-08-22,83,5.07,420.81,Recibido
O-001744,BR-00115,P-012651,PR-00155,Alvarez-Lester,2025-07-20,29,139.65,4049.85,Pendiente
O-001745,BR-00115,P-012652,PR-00758,Brooks and Sons,2025-08-03,61,135.62,8272.82,Recibido
O-001746,BR-00115,P-012668,PR-00180,Kidd-Bradford,2025-08-07,89,56.75,5050.75,En tránsito
O-001747,BR-00115,P-012673,PR-00181,Miller-Anderson,2025-08-14,48,135.05,6482.4,En tránsito
O-001748,BR-00115,P-012680,PR-00881,Perkins Inc,2025-07-18,33,38.93,1284.69,Pendiente
O-001749,BR-00115,P-012685,PR-01322,House LLC,2025-08-02,47,122.2,5743.4,Recibido
O-001750,BR-00115,P-012686,PR-00840,Figueroa and Sons,2025-07-07,20,127.68,2553.6,Pendiente
O-001751,BR-00115,P-012689,PR-00811,Walton LLC,2025-07-01,20,116.06,2321.2,En tránsito
O-001752,BR-00115,P-012702,PR-00780,"Carter, Krueger and Wong",2025-08-15,55,23.42,1288.1,En tránsito
O-001753,BR-00115,P-012704,PR-00160,Foster-Newton,2025-08-09,78,92.73,7232.94,Pendiente
O-001754,BR-00115,P-012708,PR-00161,Gutierrez-Mata,2025-08-12,67,27.06,1813.02,Recibido
O-001755,BR-00115,P-012712,PR-01002,"Huynh, Shaw and Gutierrez",2025-07-18,77,80.36,6187.72,Pendiente
O-001756,BR-00115,P-012728,PR-00146,Carrillo-Vance,2025-08-24,71,106.28,7545.88,En tránsito
O-001757,BR-00115,P-012732,PR-00146,Carrillo-Vance,2025-07-21,39,12.07,470.73,Pendiente
O-001758,BR-00115,P-012735,PR-01292,"Martinez, Anderson and Nelson",2025-07-30,21,129.67,2723.07,Recibido
O-001759,BR-00115,P-012747,PR-00164,"Fernandez, Daniels and Lee",2025-08-22,80,60.43,4834.4,En tránsito
O-001760,BR-00115,P-012753,PR-00166,Jordan-Dominguez,2025-07-21,68,54.12,3680.16,En tránsito
O-001761,BR-00115,P-012759,PR-01133,Richards and Sons,2025-07-11,87,56.53,4918.11,En tránsito
O-001762,BR-00115,P-012760,PR-00167,Nguyen-Schwartz,2025-08-21,61,115.71,7058.31,Recibido
O-001763,BR-00115,P-012773,PR-01304,Hale-Thomas,2025-07-01,82,62.91,5158.62,Pendiente
O-001764,BR-00115,P-012778,PR-00171,Newman PLC,2025-08-14,54,95.51,5157.54,Pendiente
O-001765,BR-00115,P-012780,PR-00171,Newman PLC,2025-07-13,85,22.97,1952.45,Recibido
O-001766,BR-00115,P-012785,PR-00172,"Wright, Sparks and Archer",2025-07-28,93,129.26,12021.18,En tránsito
O-001767,BR-00116,P-012818,PR-00175,"Cabrera, Scott and Horne",2025-07-18,87,127.72,11111.64,Recibido
O-001768,BR-00116,P-012823,PR-00891,Palmer-Garcia,2025-08-01,32,98.03,3136.96,Pendiente
O-001769,BR-00116,P-012827,PR-00177,Miller-Cross,2025-07-03,84,71.01,5964.84,Recibido
O-001770,BR-00116,P-012828,PR-01184,"Harris, King and Jenkins",2025-08-27,62,70.07,4344.34,Pendiente
O-001771,BR-00116,P-012832,PR-00178,"Zavala, Day and White",2025-08-01,35,67.45,2360.75,Recibido
O-001772,BR-00116,P-012845,PR-01461,Smith PLC,2025-07-05,93,64.18,5968.74,Recibido
O-001773,BR-00116,P-012847,PR-00149,"Moore, Barnett and Murray",2025-08-25,70,111.07,7774.9,Pendiente
O-001774,BR-00116,P-012891,PR-00180,Kidd-Bradford,2025-08-01,86,78.78,6775.08,Pendiente
O-001775,BR-00116,P-012921,PR-01320,Thompson LLC,2025-08-03,82,142.94,11721.08,En tránsito
O-001776,BR-00116,P-012924,PR-00160,Foster-Newton,2025-08-06,63,103.68,6531.84,En tránsito
O-001777,BR-00116,P-012947,PR-00144,Guzman Group,2025-07-26,60,86.19,5171.4,Recibido
O-001778,BR-00116,P-012954,PR-00145,Wheeler Ltd,2025-08-24,48,44.95,2157.6,Pendiente
O-001779,BR-00116,P-012966,PR-01292,"Martinez, Anderson and Nelson",2025-08-21,36,34.39,1238.04,En tránsito
O-001780,BR-00116,P-012970,PR-00163,Fields-Thompson,2025-08-25,31,5.02,155.62,Pendiente
O-001781,BR-00116,P-012978,PR-01322,House LLC,2025-07-10,46,144.99,6669.54,Recibido
O-001782,BR-00116,P-012981,PR-01246,Scott Inc,2025-08-22,82,26.77,2195.14,Pendiente
O-001783,BR-00116,P-012990,PR-01133,Richards and Sons,2025-08-12,72,92.82,6683.04,Pendiente
O-001784,BR-00116,P-013006,PR-01467,Thompson-Juarez,2025-07-07,49,133.34,6533.66,Pendiente
O-001785,BR-00116,P-013014,PR-00171,Newman PLC,2025-08-27,52,128.78,6696.56,En tránsito
O-001786,BR-00116,P-013025,PR-01013,Morgan-Glenn,2025-07-25,50,74.17,3708.5,Recibido
O-001787,BR-00117,P-013027,PR-01161,Hawkins Group,2025-07-13,100,52.41,5241.0,Pendiente
O-001788,BR-00117,P-013028,PR-00914,"Johnson, Dunlap and Boyd",2025-07-29,45,32.65,1469.25,En tránsito
O-001789,BR-00117,P-013045,PR-00187,Perez Inc,2025-08-10,97,94.39,9155.83,Recibido
O-001790,BR-00117,P-013058,PR-00174,Simpson PLC,2025-07-18,90,98.72,8884.8,Pendiente
O-001791,BR-00117,P-013065,PR-00175,"Cabrera, Scott and Horne",2025-07-17,27,35.92,969.84,En tránsito
O-001792,BR-00117,P-013076,PR-01184,"Harris, King and Jenkins",2025-07-29,69,140.34,9683.46,Recibido
O-001793,BR-00117,P-013081,PR-01027,"Edwards, Woods and Morrison",2025-08-07,49,75.39,3694.11,Pendiente
O-001794,BR-00117,P-013105,PR-00825,Grant Group,2025-07-03,96,73.32,7038.72,Pendiente
O-001795,BR-00117,P-013123,PR-00154,"Adams, Burke and Mcgee",2025-07-28,82,121.14,9933.48,En tránsito
O-001796,BR-00117,P-013133,PR-00156,Jackson-Novak,2025-07-04,73,126.23,9214.79,Recibido
O-001797,BR-00117,P-013135,PR-01218,Hawkins-Jones,2025-08-11,38,63.4,2409.2,Pendiente
O-001798,BR-00117,P-013140,PR-01218,Hawkins-Jones,2025-07-30,86,108.96,9370.56,Pendiente
O-001799,BR-00117,P-013141,PR-01218,Hawkins-Jones,2025-08-17,36,22.07,794.52,En tránsito
O-001800,BR-00117,P-013143,PR-00180,Kidd-Bradford,2025-07-16,49,32.29,1582.21,Pendiente
O-001801,BR-00117,P-013152,PR-01181,"Fox, Brown and Rose",2025-08-09,50,102.23,5111.5,Recibido
O-001802,BR-00117,P-013155,PR-01181,"Fox, Brown and Rose",2025-08-28,43,3.02,129.86,Recibido
O-001803,BR-00117,P-013165,PR-01162,Frost Inc,2025-08-06,73,76.63,5593.99,Pendiente
O-001804,BR-00117,P-013177,PR-00161,Gutierrez-Mata,2025-07-13,21,137.06,2878.26,En tránsito
O-001805,BR-00118,P-013184,PR-00184,"Miller, Webster and Miller",2025-07-29,97,24.56,2382.32,En tránsito
O-001806,BR-00118,P-013186,PR-00914,"Johnson, Dunlap and Boyd",2025-08-14,36,60.71,2185.56,En tránsito
O-001807,BR-00118,P-013188,PR-01032,Henson-Burns,2025-08-12,44,142.75,6281.0,En tránsito
O-001808,BR-00118,P-013197,PR-01209,"Williams, Joseph and Howard",2025-07-31,55,112.14,6167.7,Pendiente
O-001809,BR-00118,P-013200,PR-00186,"Stewart, Flores and Burgess",2025-07-08,72,45.22,3255.84,En tránsito
O-001810,BR-00118,P-013217,PR-00175,"Cabrera, Scott and Horne",2025-07-06,79,142.07,11223.53,Pendiente
O-001811,BR-00118,P-013228,PR-00177,Miller-Cross,2025-08-02,85,125.52,10669.2,Pendiente
O-001812,BR-00118,P-013235,PR-00668,Fry PLC,2025-07-28,87,94.62,8231.94,En tránsito
O-001813,BR-00118,P-013238,PR-01063,Martinez-Stevenson,2025-08-20,24,42.12,1010.88,Recibido
O-001814,BR-00118,P-013240,PR-00148,Johnson-Nelson,2025-07-27,27,86.56,2337.12,En tránsito
O-001815,BR-00118,P-013253,PR-00752,"Willis, Smith and Tran",2025-08-01,60,91.17,5470.2,En tránsito
O-001816,BR-00118,P-013268,PR-00154,"Adams, Burke and Mcgee",2025-08-11,83,123.21,10226.43,Recibido
O-001817,BR-00118,P-013270,PR-00154,"Adams, Burke and Mcgee",2025-07-09,61,139.69,8521.09,En tránsito
O-001818,BR-00118,P-013273,PR-00155,Alvarez-Lester,2025-07-31,74,111.79,8272.46,Pendiente
O-001819,BR-00118,P-013281,PR-00156,Jackson-Novak,2025-08-13,82,77.27,6336.14,Pendiente
O-001820,BR-00118,P-013315,PR-00160,Foster-Newton,2025-08-28,26,144.27,3751.02,Pendiente
O-001821,BR-00118,P-013316,PR-00780,"Carter, Krueger and Wong",2025-08-06,75,87.45,6558.75,Recibido
O-001822,BR-00118,P-013318,PR-00161,Gutierrez-Mata,2025-06-30,85,140.98,11983.3,Pendiente
O-001823,BR-00119,P-013325,PR-00765,Dudley-Escobar,2025-08-14,78,131.68,10271.04,Pendiente
O-001824,BR-00119,P-013337,PR-00187,Perez Inc,2025-08-01,42,41.75,1753.5,Pendiente
O-001825,BR-00119,P-013340,PR-00187,Perez Inc,2025-07-02,25,145.67,3641.75,Recibido
O-001826,BR-00119,P-013347,PR-00174,Simpson PLC,2025-07-30,54,145.39,7851.06,Pendiente
O-001827,BR-00119,P-013355,PR-00891,Palmer-Garcia,2025-08-18,38,71.18,2704.84,Recibido
O-001828,BR-00119,P-013356,PR-01184,"Harris, King and Jenkins",2025-08-11,63,100.85,6353.55,Pendiente
O-001829,BR-00119,P-013357,PR-01184,"Harris, King and Jenkins",2025-07-23,64,120.52,7713.28,Recibido
O-001830,BR-00119,P-013358,PR-00177,Miller-Cross,2025-07-29,72,97.39,7012.08,En tránsito
O-001831,BR-00119,P-013360,PR-00178,"Zavala, Day and White",2025-08-23,24,80.45,1930.8,Pendiente
O-001832,BR-00119,P-013362,PR-01027,"Edwards, Woods and Morrison",2025-08-17,69,38.68,2668.92,En tránsito
O-001833,BR-00119,P-013367,PR-00706,Lewis-Wilson,2025-08-03,36,45.18,1626.48,En tránsito
O-001834,BR-00119,P-013369,PR-01063,Martinez-Stevenson,2025-08-04,92,47.47,4367.24,En tránsito
O-001835,BR-00119,P-013388,PR-01131,Warner-Mitchell,2025-08-24,71,65.19,4628.49,Pendiente
O-001836,BR-00119,P-013394,PR-00154,"Adams, Burke and Mcgee",2025-07-30,58,127.3,7383.4,Pendiente
O-001837,BR-00119,P-013410,PR-00179,Nichols PLC,2025-07-04,35,100.89,3531.15,Recibido
O-001838,BR-00119,P-013415,PR-00180,Kidd-Bradford,2025-07-29,34,127.54,4336.36,En tránsito
O-001839,BR-00119,P-013418,PR-00180,Kidd-Bradford,2025-08-15,91,126.5,11511.5,Recibido
O-001840,BR-00119,P-013421,PR-00181,Miller-Anderson,2025-08-21,65,26.01,1690.65,Recibido
O-001841,BR-00119,P-013431,PR-00183,Jones Group,2025-08-22,96,90.63,8700.48,Recibido
O-001842,BR-00119,P-013443,PR-00158,Williamson and Sons,2025-07-09,34,83.71,2846.14,En tránsito
O-001843,BR-00119,P-013444,PR-00158,Williamson and Sons,2025-08-03,57,81.17,4626.69,En tránsito
O-001844,BR-00119,P-013455,PR-00160,Foster-Newton,2025-07-13,86,104.84,9016.24,Recibido
O-001845,BR-00119,P-013460,PR-00780,"Carter, Krueger and Wong",2025-08-13,48,145.05,6962.4,En tránsito
O-001846,BR-00119,P-013464,PR-00161,Gutierrez-Mata,2025-08-15,83,20.44,1696.52,Recibido
O-001847,BR-00120,P-013467,PR-00914,"Johnson, Dunlap and Boyd",2025-07-04,47,97.84,4598.48,En tránsito
O-001848,BR-00120,P-013471,PR-00914,"Johnson, Dunlap and Boyd",2025-08-14,33,115.82,3822.06,En tránsito
O-001849,BR-00120,P-013473,PR-00185,Santiago and Sons,2025-07-25,35,29.34,1026.9,En tránsito
O-001850,BR-00120,P-013481,PR-00187,Perez Inc,2025-07-24,92,66.29,6098.68,Recibido
O-001851,BR-00120,P-013483,PR-00187,Perez Inc,2025-08-15,86,121.56,10454.16,Recibido
O-001852,BR-00120,P-013492,PR-00174,Simpson PLC,2025-07-17,98,89.54,8774.92,Recibido
O-001853,BR-00120,P-013497,PR-00174,Simpson PLC,2025-07-31,68,38.38,2609.84,Recibido
O-001854,BR-00120,P-013511,PR-00177,Miller-Cross,2025-08-22,59,62.64,3695.76,En tránsito
O-001855,BR-00120,P-013533,PR-00150,Mitchell PLC,2025-07-11,48,61.55,2954.4,Pendiente
O-001856,BR-00120,P-013534,PR-00151,"Gibbs, Fuller and Davis",2025-06-30,25,98.59,2464.75,Recibido
O-001857,BR-00120,P-013543,PR-01238,"Harrison, Thomas and Becker",2025-08-13,96,89.86,8626.56,Recibido
O-001858,BR-00120,P-013553,PR-00154,"Adams, Burke and Mcgee",2025-08-10,100,78.03,7803.0,En tránsito
O-001859,BR-00120,P-013575,PR-00881,Perkins Inc,2025-08-27,98,10.68,1046.64,Recibido
O-001860,BR-00120,P-013589,PR-00811,Walton LLC,2025-08-18,20,44.49,889.8,Pendiente
O-001861,BR-00121,P-013610,PR-01161,Hawkins Group,2025-07-28,79,41.93,3312.47,Recibido
O-001862,BR-00121,P-013614,PR-00765,Dudley-Escobar,2025-08-28,92,148.48,13660.16,Recibido
O-001863,BR-00121,P-013615,PR-00185,Santiago and Sons,2025-08-22,46,63.55,2923.3,En tránsito
O-001864,BR-00121,P-013624,PR-00187,Perez Inc,2025-08-04,20,136.39,2727.8,Recibido
O-001865,BR-00121,P-013630,PR-01143,Frey-Compton,2025-07-05,47,113.58,5338.26,Recibido
O-001866,BR-00121,P-013634,PR-00188,Simpson and Sons,2025-08-12,48,22.68,1088.64,Pendiente
O-001867,BR-00121,P-013636,PR-00979,Cox Ltd,2025-08-07,36,80.01,2880.36,Pendiente
O-001868,BR-00121,P-013637,PR-00174,Simpson PLC,2025-08-10,81,19.6,1587.6,Recibido
O-001869,BR-00121,P-013638,PR-00174,Simpson PLC,2025-08-22,37,8.1,299.7,En tránsito
O-001870,BR-00121,P-013639,PR-00979,Cox Ltd,2025-07-09,66,89.95,5936.7,En tránsito
O-001871,BR-00121,P-013646,PR-00175,"Cabrera, Scott and Horne",2025-08-17,60,141.13,8467.8,Pendiente
O-001872,BR-00121,P-013663,PR-00706,Lewis-Wilson,2025-07-23,70,40.13,2809.1,Pendiente
O-001873,BR-00121,P-013664,PR-00668,Fry PLC,2025-07-18,22,21.03,462.66,En tránsito
O-001874,BR-00121,P-013679,PR-00825,Grant Group,2025-08-12,94,54.42,5115.48,Recibido
O-001875,BR-00121,P-013686,PR-01057,White and Sons,2025-08-16,26,26.23,681.98,Pendiente
O-001876,BR-00121,P-013690,PR-01185,"Murphy, Adams and Walker",2025-07-25,61,83.3,5081.3,En tránsito
O-001877,BR-00121,P-013694,PR-00153,Clark-Ross,2025-07-26,58,130.44,7565.52,Recibido
O-001878,BR-00121,P-013716,PR-00180,Kidd-Bradford,2025-07-16,67,99.74,6682.58,En tránsito
O-001879,BR-00121,P-013717,PR-00181,Miller-Anderson,2025-07-05,68,137.92,9378.56,En tránsito
O-001880,BR-00121,P-013730,PR-01181,"Fox, Brown and Rose",2025-07-19,88,74.83,6585.04,Recibido
O-001881,BR-00121,P-013737,PR-00158,Williamson and Sons,2025-08-11,91,30.11,2740.01,Pendiente
O-001882,BR-00121,P-013741,PR-00811,Walton LLC,2025-08-27,40,67.55,2702.0,Recibido
O-001883,BR-00121,P-013748,PR-00160,Foster-Newton,2025-07-26,55,14.59,802.45,En tránsito
O-001884,BR-00122,P-013752,PR-00914,"Johnson, Dunlap and Boyd",2025-08-15,65,43.48,2826.2,Pendiente
O-001885,BR-00122,P-013776,PR-01475,"Rosales, Jackson and Mason",2025-07-12,44,59.33,2610.52,Recibido
O-001886,BR-00122,P-013778,PR-00174,Simpson PLC,2025-07-12,27,50.45,1362.15,En tránsito
O-001887,BR-00122,P-013800,PR-00177,Miller-Cross,2025-08-15,33,83.23,2746.59,Recibido
O-001888,BR-00122,P-013806,PR-00178,"Zavala, Day and White",2025-07-19,81,113.95,9229.95,Pendiente
O-001889,BR-00122,P-013817,PR-00148,Johnson-Nelson,2025-07-24,54,90.8,4903.2,Recibido
O-001890,BR-00122,P-013844,PR-01238,"Harrison, Thomas and Becker",2025-08-12,48,92.01,4416.48,Pendiente
O-001891,BR-00122,P-013862,PR-00179,Nichols PLC,2025-07-06,25,64.97,1624.25,Recibido
O-001892,BR-00122,P-013864,PR-01149,Mcdonald PLC,2025-07-10,83,71.11,5902.13,Recibido
O-001893,BR-00122,P-013882,PR-01279,"Peterson, Proctor and Hall",2025-07-13,92,135.93,12505.56,En tránsito
O-001894,BR-00122,P-013897,PR-01320,Thompson LLC,2025-07-25,43,53.71,2309.53,En tránsito
O-001895,BR-00122,P-013898,PR-01320,Thompson LLC,2025-08-22,64,91.69,5868.16,En tránsito
O-001896,BR-00122,P-013900,PR-00812,Clarke Group,2025-07-04,52,86.65,4505.8,En tránsito
O-001897,BR-00122,P-013906,PR-00161,Gutierrez-Mata,2025-08-24,48,58.95,2829.6,En tránsito
O-001898,BR-00123,P-013910,PR-00914,"Johnson, Dunlap and Boyd",2025-08-16,80,84.34,6747.2,Pendiente
O-001899,BR-00123,P-013915,PR-00914,"Johnson, Dunlap and Boyd",2025-07-28,29,61.28,1777.12,En tránsito
O-001900,BR-00123,P-013919,PR-01032,Henson-Burns,2025-07-19,82,4.81,394.42,En tránsito
O-001901,BR-00123,P-013933,PR-00188,Simpson and Sons,2025-07-23,81,86.6,7014.6,En tránsito
O-001902,BR-00123,P-013934,PR-01143,Frey-Compton,2025-07-27,66,54.1,3570.6,Recibido
O-001903,BR-00123,P-013935,PR-01475,"Rosales, Jackson and Mason",2025-07-05,63,88.12,5551.56,Pendiente
O-001904,BR-00123,P-013937,PR-00174,Simpson PLC,2025-08-03,42,87.79,3687.18,Recibido
O-001905,BR-00123,P-013945,PR-00176,"Cole, Adams and Armstrong",2025-07-03,30,77.7,2331.0,En tránsito
O-001906,BR-00123,P-013946,PR-00891,Palmer-Garcia,2025-07-10,35,15.24,533.4,En tránsito
O-001907,BR-00123,P-013947,PR-00176,"Cole, Adams and Armstrong",2025-07-16,81,88.22,7145.82,Recibido
O-001908,BR-00123,P-013950,PR-01184,"Harris, King and Jenkins",2025-08-17,44,46.95,2065.8,Pendiente
O-001909,BR-00123,P-013955,PR-00178,"Zavala, Day and White",2025-08-23,36,119.04,4285.44,Pendiente
O-001910,BR-00123,P-013983,PR-01057,White and Sons,2025-07-12,74,3.93,290.82,En tránsito
O-001911,BR-00123,P-013999,PR-00154,"Adams, Burke and Mcgee",2025-07-07,52,28.15,1463.8,Pendiente
O-001912,BR-00123,P-014010,PR-00156,Jackson-Novak,2025-07-02,89,113.65,10114.85,En tránsito
O-001913,BR-00123,P-014017,PR-01218,Hawkins-Jones,2025-07-12,33,112.67,3718.11,En tránsito
O-001914,BR-00123,P-014019,PR-00180,Kidd-Bradford,2025-07-01,96,86.41,8295.36,Pendiente
O-001915,BR-00123,P-014020,PR-00180,Kidd-Bradford,2025-07-20,91,127.18,11573.38,Recibido
O-001916,BR-00123,P-014027,PR-00181,Miller-Anderson,2025-08-07,28,145.39,4070.92,En tránsito
O-001917,BR-00123,P-014033,PR-01279,"Peterson, Proctor and Hall",2025-06-30,97,38.17,3702.49,Recibido
O-001918,BR-00123,P-014047,PR-00165,Fleming-Hernandez,2025-08-20,33,99.07,3269.31,En tránsito
O-001919,BR-00123,P-014051,PR-00811,Walton LLC,2025-07-05,94,53.69,5046.86,Recibido
O-001920,BR-00123,P-014054,PR-01162,Frost Inc,2025-08-08,70,66.07,4624.9,En tránsito
O-001921,BR-00123,P-014056,PR-01320,Thompson LLC,2025-07-10,76,105.34,8005.84,En tránsito
O-001922,BR-00124,P-014068,PR-01161,Hawkins Group,2025-07-06,20,9.66,193.2,Pendiente
O-001923,BR-00124,P-014075,PR-00765,Dudley-Escobar,2025-07-02,25,28.8,720.0,Recibido
O-001924,BR-00124,P-014078,PR-00678,"Garcia, Phillips and Santiago",2025-08-05,83,90.18,7484.94,Pendiente
O-001925,BR-00124,P-014082,PR-00944,Matthews-Adams,2025-07-30,52,133.24,6928.48,Pendiente
O-001926,BR-00124,P-014087,PR-01293,"Small, Shaw and Mason",2025-08-17,77,23.28,1792.56,Pendiente
O-001927,BR-00124,P-014089,PR-00979,Cox Ltd,2025-07-26,55,40.94,2251.7,Pendiente
O-001928,BR-00124,P-014099,PR-00891,Palmer-Garcia,2025-08-04,100,76.64,7664.0,Pendiente
O-001929,BR-00124,P-014101,PR-00176,"Cole, Adams and Armstrong",2025-08-01,43,19.05,819.15,Recibido
O-001930,BR-00124,P-014102,PR-01184,"Harris, King and Jenkins",2025-08-04,41,106.08,4349.28,Pendiente
O-001931,BR-00124,P-014107,PR-01184,"Harris, King and Jenkins",2025-08-19,64,35.13,2248.32,Pendiente
O-001932,BR-00124,P-014124,PR-01063,Martinez-Stevenson,2025-08-13,75,64.33,4824.75,Pendiente
O-001933,BR-00124,P-014132,PR-00752,"Willis, Smith and Tran",2025-07-06,94,53.54,5032.76,En tránsito
O-001934,BR-00124,P-014134,PR-00150,Mitchell PLC,2025-07-22,65,25.82,1678.3,Pendiente
O-001935,BR-00124,P-014135,PR-00151,"Gibbs, Fuller and Davis",2025-07-04,36,51.8,1864.8,Recibido
O-001936,BR-00124,P-014136,PR-00151,"Gibbs, Fuller and Davis",2025-07-09,42,22.59,948.78,En tránsito
O-001937,BR-00124,P-014137,PR-00151,"Gibbs, Fuller and Davis",2025-08-14,57,136.77,7795.89,En tránsito
O-001938,BR-00124,P-014143,PR-01238,"Harrison, Thomas and Becker",2025-07-05,62,30.08,1864.96,Recibido
O-001939,BR-00124,P-014145,PR-01238,"Harrison, Thomas and Becker",2025-07-24,51,105.48,5379.48,Pendiente
O-001940,BR-00124,P-014146,PR-01238,"Harrison, Thomas and Becker",2025-07-22,43,106.93,4597.99,En tránsito
O-001941,BR-00124,P-014150,PR-00154,"Adams, Burke and Mcgee",2025-08-21,81,15.92,1289.52,En tránsito
O-001942,BR-00124,P-014153,PR-00154,"Adams, Burke and Mcgee",2025-07-09,94,56.09,5272.46,Pendiente
O-001943,BR-00124,P-014155,PR-00758,Brooks and Sons,2025-07-27,93,37.36,3474.48,Recibido
O-001944,BR-00124,P-014175,PR-00180,Kidd-Bradford,2025-07-31,82,105.47,8648.54,En tránsito
O-001945,BR-00124,P-014187,PR-00183,Jones Group,2025-07-23,56,113.48,6354.88,Recibido
O-001946,BR-00124,P-014195,PR-01118,Figueroa-Esparza,2025-08-17,22,54.71,1203.62,Recibido
O-001947,BR-00124,P-014199,PR-00811,Walton LLC,2025-08-23,79,56.75,4483.25,Recibido
O-001948,BR-00124,P-014204,PR-00780,"Carter, Krueger and Wong",2025-07-28,25,48.76,1219.0,En tránsito
O-001949,BR-00124,P-014205,PR-00812,Clarke Group,2025-08-14,39,10.92,425.88,Pendiente
O-001950,BR-00124,P-014209,PR-00160,Foster-Newton,2025-08-16,92,79.29,7294.68,Recibido
O-001951,BR-00125,P-014216,PR-00184,"Miller, Webster and Miller",2025-07-25,89,38.71,3445.19,En tránsito
O-001952,BR-00125,P-014218,PR-01161,Hawkins Group,2025-07-04,30,86.36,2590.8,Recibido
O-001953,BR-00125,P-014219,PR-00184,"Miller, Webster and Miller",2025-08-22,83,42.93,3563.19,Recibido
O-001954,BR-00125,P-014223,PR-00765,Dudley-Escobar,2025-07-09,52,74.41,3869.32,Recibido
O-001955,BR-00125,P-014236,PR-00187,Perez Inc,2025-08-13,66,81.44,5375.04,Pendiente
O-001956,BR-00125,P-014240,PR-01293,"Small, Shaw and Mason",2025-08-09,98,130.6,12798.8,Recibido
O-001957,BR-00125,P-014249,PR-00175,"Cabrera, Scott and Horne",2025-07-03,94,117.81,11074.14,Recibido
O-001958,BR-00125,P-014255,PR-00175,"Cabrera, Scott and Horne",2025-07-01,75,111.54,8365.5,Recibido
O-001959,BR-00125,P-014260,PR-00176,"Cole, Adams and Armstrong",2025-08-06,56,111.26,6230.56,Recibido
O-001960,BR-00125,P-014262,PR-01184,"Harris, King and Jenkins",2025-08-08,65,19.85,1290.25,En tránsito
O-001961,BR-00125,P-014264,PR-00178,"Zavala, Day and White",2025-07-20,56,125.44,7024.64,Pendiente
O-001962,BR-00125,P-014294,PR-00151,"Gibbs, Fuller and Davis",2025-07-16,97,46.09,4470.73,Recibido
O-001963,BR-00126,P-014318,PR-00765,Dudley-Escobar,2025-08-04,25,68.29,1707.25,Pendiente
O-001964,BR-00126,P-014320,PR-00185,Santiago and Sons,2025-07-15,48,144.16,6919.68,En tránsito
O-001965,BR-00126,P-014321,PR-00765,Dudley-Escobar,2025-07-17,22,107.29,2360.38,Pendiente
O-001966,BR-00126,P-014323,PR-00944,Matthews-Adams,2025-08-04,75,107.02,8026.5,Recibido
O-001967,BR-00126,P-014332,PR-00187,Perez Inc,2025-08-05,58,134.85,7821.3,Pendiente
O-001968,BR-00126,P-014345,PR-00175,"Cabrera, Scott and Horne",2025-07-22,44,76.11,3348.84,En tránsito
O-001969,BR-00126,P-014349,PR-00891,Palmer-Garcia,2025-08-26,58,106.94,6202.52,Recibido
O-001970,BR-00126,P-014354,PR-01184,"Harris, King and Jenkins",2025-08-14,84,101.5,8526.0,En tránsito
O-001971,BR-00126,P-014359,PR-01078,"Peterson, Simpson and English",2025-08-15,82,3.11,255.02,En tránsito
O-001972,BR-00126,P-014365,PR-00148,Johnson-Nelson,2025-07-23,68,54.85,3729.8,Pendiente
O-001973,BR-00126,P-014372,PR-01281,"Simpson, Simpson and King",2025-08-27,95,44.16,4195.2,En tránsito
O-001974,BR-00126,P-014378,PR-00150,Mitchell PLC,2025-07-28,58,134.83,7820.14,Pendiente
O-001975,BR-00126,P-014393,PR-00153,Clark-Ross,2025-08-23,82,42.54,3488.28,En tránsito
O-001976,BR-00126,P-014394,PR-00644,"Howard, Mcdonald and Vargas",2025-07-13,73,71.71,5234.83,Pendiente
O-001977,BR-00126,P-014397,PR-00644,"Howard, Mcdonald and Vargas",2025-07-22,99,100.48,9947.52,En tránsito
O-001978,BR-00127,P-014421,PR-01161,Hawkins Group,2025-07-03,73,130.52,9527.96,Recibido
O-001979,BR-00127,P-014427,PR-01032,Henson-Burns,2025-07-13,33,79.33,2617.89,En tránsito
O-001980,BR-00127,P-014429,PR-00944,Matthews-Adams,2025-07-08,93,8.34,775.62,Pendiente
O-001981,BR-00127,P-014434,PR-00187,Perez Inc,2025-08-21,51,113.39,5782.89,En tránsito
O-001982,BR-00127,P-014483,PR-00152,Mccarty and Sons,2025-08-18,70,39.77,2783.9,Recibido
O-001983,BR-00127,P-014490,PR-00154,"Adams, Burke and Mcgee",2025-07-18,77,62.05,4777.85,Recibido
O-001984,BR-00127,P-014492,PR-00154,"Adams, Burke and Mcgee",2025-07-02,26,3.26,84.76,Pendiente
O-001985,BR-00127,P-014493,PR-01256,West Group,2025-07-18,93,103.27,9604.11,Recibido
O-001986,BR-00127,P-014501,PR-00156,Jackson-Novak,2025-07-20,50,81.6,4080.0,Pendiente
O-001987,BR-00128,P-014508,PR-00914,"Johnson, Dunlap and Boyd",2025-08-19,67,132.44,8873.48,Recibido
O-001988,BR-00128,P-014510,PR-00914,"Johnson, Dunlap and Boyd",2025-08-20,53,21.31,1129.43,En tránsito
O-001989,BR-00128,P-014519,PR-00186,"Stewart, Flores and Burgess",2025-08-23,20,60.52,1210.4,Pendiente
O-001990,BR-00128,P-014520,PR-00678,"Garcia, Phillips and Santiago",2025-07-15,88,14.53,1278.64,Pendiente
O-001991,BR-00128,P-014527,PR-00187,Perez Inc,2025-07-27,97,42.14,4087.58,En tránsito
O-001992,BR-00128,P-014538,PR-00174,Simpson PLC,2025-08-19,78,144.25,11251.5,Recibido
O-001993,BR-00128,P-014541,PR-00979,Cox Ltd,2025-07-16,98,113.62,11134.76,Pendiente
O-001994,BR-00128,P-014553,PR-01184,"Harris, King and Jenkins",2025-08-12,82,78.32,6422.24,Pendiente
O-001995,BR-00128,P-014563,PR-01027,"Edwards, Woods and Morrison",2025-07-07,26,21.12,549.12,Recibido
O-001996,BR-00128,P-014575,PR-01461,Smith PLC,2025-07-16,29,97.68,2832.72,Recibido
O-001997,BR-00128,P-014581,PR-00752,"Willis, Smith and Tran",2025-07-14,20,51.11,1022.2,Pendiente
O-001998,BR-00128,P-014599,PR-01131,Warner-Mitchell,2025-07-16,66,41.59,2744.94,En tránsito
O-001999,BR-00128,P-014605,PR-00154,"Adams, Burke and Mcgee",2025-07-20,58,18.68,1083.44,Recibido
O-002000,BR-00128,P-014607,PR-00155,Alvarez-Lester,2025-08-22,84,141.58,11892.72,En tránsito
O-002001,BR-00129,P-014620,PR-00914,"Johnson, Dunlap and Boyd",2025-07-03,27,87.48,2361.96,En tránsito
O-002002,BR-00129,P-014621,PR-00184,"Miller, Webster and Miller",2025-07-23,81,60.39,4891.59,En tránsito
O-002003,BR-00129,P-014626,PR-00185,Santiago and Sons,2025-08-11,55,79.3,4361.5,Pendiente
O-002004,BR-00129,P-014657,PR-00891,Palmer-Garcia,2025-07-16,94,148.79,13986.26,Pendiente
O-002005,BR-00129,P-014658,PR-00176,"Cole, Adams and Armstrong",2025-08-23,69,30.27,2088.63,En tránsito
O-002006,BR-00129,P-014667,PR-00178,"Zavala, Day and White",2025-07-22,51,53.11,2708.61,Recibido
O-002007,BR-00129,P-014670,PR-00178,"Zavala, Day and White",2025-08-09,42,110.06,4622.52,Pendiente
O-002008,BR-00129,P-014671,PR-00178,"Zavala, Day and White",2025-07-20,37,125.65,4649.05,En tránsito
O-002009,BR-00129,P-014673,PR-00178,"Zavala, Day and White",2025-07-27,21,41.96,881.16,Recibido
O-002010,BR-00129,P-014682,PR-00148,Johnson-Nelson,2025-08-09,33,55.64,1836.12,Recibido
O-002011,BR-00129,P-014685,PR-01063,Martinez-Stevenson,2025-08-10,63,145.47,9164.61,Recibido
O-002012,BR-00129,P-014702,PR-00152,Mccarty and Sons,2025-08-16,40,74.81,2992.4,Pendiente
O-002013,BR-00129,P-014703,PR-00152,Mccarty and Sons,2025-07-25,89,140.49,12503.61,Pendiente
O-002014,BR-00129,P-014709,PR-00153,Clark-Ross,2025-08-28,87,28.58,2486.46,Pendiente
O-002015,BR-00129,P-014711,PR-01238,"Harrison, Thomas and Becker",2025-07-19,47,134.89,6339.83,Recibido
O-002016,BR-00129,P-014724,PR-00156,Jackson-Novak,2025-07-10,53,111.98,5934.94,En tránsito
O-002017,BR-00129,P-014726,PR-00156,Jackson-Novak,2025-08-01,60,56.84,3410.4,Recibido
O-002018,BR-00130,P-014727,PR-00184,"Miller, Webster and Miller",2025-08-10,39,66.3,2585.7,En tránsito
O-002019,BR-00130,P-014736,PR-01209,"Williams, Joseph and Howard",2025-07-17,73,78.41,5723.93,En tránsito
O-002020,BR-00130,P-014739,PR-00967,"Thompson, Adams and Aguilar",2025-08-16,57,131.26,7481.82,Pendiente
O-002021,BR-00130,P-014741,PR-00187,Perez Inc,2025-07-15,84,15.84,1330.56,En tránsito
O-002022,BR-00130,P-014746,PR-01293,"Small, Shaw and Mason",2025-08-23,72,82.4,5932.8,En tránsito
O-002023,BR-00130,P-014757,PR-00979,Cox Ltd,2025-08-23,69,56.69,3911.61,Pendiente
O-002024,BR-00130,P-014761,PR-00891,Palmer-Garcia,2025-08-13,30,92.56,2776.8,En tránsito
O-002025,BR-00130,P-014762,PR-00891,Palmer-Garcia,2025-07-14,92,41.45,3813.4,Recibido
O-002026,BR-00130,P-014764,PR-00176,"Cole, Adams and Armstrong",2025-07-31,73,43.31,3161.63,En tránsito
O-002027,BR-00130,P-014769,PR-00177,Miller-Cross,2025-07-15,92,24.13,2219.96,Pendiente
O-002028,BR-00130,P-014775,PR-01027,"Edwards, Woods and Morrison",2025-07-20,29,134.29,3894.41,Recibido
O-002029,BR-00130,P-014787,PR-00148,Johnson-Nelson,2025-07-02,53,44.66,2366.98,En tránsito
O-002030,BR-00130,P-014800,PR-00151,"Gibbs, Fuller and Davis",2025-07-29,78,39.63,3091.14,Pendiente
O-002031,BR-00131,P-014826,PR-01161,Hawkins Group,2025-07-07,71,143.27,10172.17,Recibido
O-002032,BR-00131,P-014851,PR-00174,Simpson PLC,2025-08-14,71,46.05,3269.55,Pendiente
O-002033,BR-00131,P-014858,PR-00175,"Cabrera, Scott and Horne",2025-07-25,81,145.05,11749.05,Pendiente
O-002034,BR-00131,P-014859,PR-00175,"Cabrera, Scott and Horne",2025-08-21,52,14.51,754.52,Recibido
O-002035,BR-00131,P-014905,PR-01057,White and Sons,2025-07-23,63,122.77,7734.51,Pendiente
O-002036,BR-00131,P-014906,PR-00152,Mccarty and Sons,2025-08-06,21,139.7,2933.7,Pendiente
O-002037,BR-00131,P-014911,PR-01185,"Murphy, Adams and Walker",2025-07-01,40,87.99,3519.6,En tránsito
O-002038,BR-00131,P-014924,PR-00156,Jackson-Novak,2025-08-20,38,99.46,3779.48,En tránsito
O-002039,BR-00132,P-014943,PR-00944,Matthews-Adams,2025-07-26,87,35.93,3125.91,Pendiente
O-002040,BR-00132,P-014951,PR-01475,"Rosales, Jackson and Mason",2025-07-19,59,19.7,1162.3,Pendiente
O-002041,BR-00132,P-014956,PR-00174,Simpson PLC,2025-07-03,23,91.37,2101.51,En tránsito
O-002042,BR-00132,P-014962,PR-00175,"Cabrera, Scott and Horne",2025-08-28,95,147.86,14046.7,Pendiente
O-002043,BR-00132,P-014967,PR-00175,"Cabrera, Scott and Horne",2025-07-19,96,132.95,12763.2,Pendiente
O-002044,BR-00132,P-014970,PR-00891,Palmer-Garcia,2025-07-18,33,57.28,1890.24,En tránsito
O-002045,BR-00132,P-014976,PR-00177,Miller-Cross,2025-08-01,70,108.14,7569.8,En tránsito
O-002046,BR-00132,P-014980,PR-01184,"Harris, King and Jenkins",2025-08-01,86,43.92,3777.12,Recibido
O-002047,BR-00132,P-014986,PR-01027,"Edwards, Woods and Morrison",2025-08-17,23,34.89,802.47,Pendiente
O-002048,BR-00132,P-014992,PR-01078,"Peterson, Simpson and English",2025-08-18,80,46.78,3742.4,En tránsito
O-002049,BR-00132,P-015002,PR-01461,Smith PLC,2025-07-29,94,137.6,12934.4,En tránsito
O-002050,BR-00132,P-015006,PR-00150,Mitchell PLC,2025-07-19,34,138.89,4722.26,Pendiente
O-002051,BR-00132,P-015019,PR-01057,White and Sons,2025-07-07,72,120.19,8653.68,Pendiente
O-002052,BR-00132,P-015031,PR-00154,"Adams, Burke and Mcgee",2025-07-25,42,84.91,3566.22,Recibido
O-002053,BR-00132,P-015042,PR-00156,Jackson-Novak,2025-08-15,93,4.16,386.88,Recibido
O-002054,BR-00133,P-015046,PR-01161,Hawkins Group,2025-07-07,36,20.64,743.04,Pendiente
O-002055,BR-00133,P-015062,PR-01382,"Morales, Wood and Rhodes",2025-07-14,33,132.92,4386.36,En tránsito
O-002056,BR-00133,P-015073,PR-00891,Palmer-Garcia,2025-07-03,20,95.62,1912.4,En tránsito
O-002057,BR-00133,P-015090,PR-00706,Lewis-Wilson,2025-07-21,81,15.25,1235.25,Recibido
O-002058,BR-00133,P-015091,PR-01078,"Peterson, Simpson and English",2025-08-25,45,29.01,1305.45,Pendiente
O-002059,BR-00133,P-015092,PR-00706,Lewis-Wilson,2025-07-13,99,112.18,11105.82,Pendiente
O-002060,BR-00133,P-015094,PR-01063,Martinez-Stevenson,2025-07-10,64,122.19,7820.16,Pendiente
O-002061,BR-00133,P-015096,PR-01063,Martinez-Stevenson,2025-07-11,78,105.54,8232.12,En tránsito
O-002062,BR-00133,P-015107,PR-00825,Grant Group,2025-07-25,90,81.56,7340.4,Pendiente
O-002063,BR-00133,P-015117,PR-00644,"Howard, Mcdonald and Vargas",2025-07-20,27,25.36,684.72,En tránsito
O-002064,BR-00133,P-015118,PR-00153,Clark-Ross,2025-08-03,88,46.7,4109.6,Pendiente
O-002065,BR-00133,P-015121,PR-00644,"Howard, Mcdonald and Vargas",2025-07-08,80,107.12,8569.6,En tránsito
O-002066,BR-00133,P-015129,PR-00758,Brooks and Sons,2025-07-30,48,17.76,852.48,Recibido
O-002067,BR-00133,P-015130,PR-00155,Alvarez-Lester,2025-08-24,96,103.2,9907.2,En tránsito
O-002068,BR-00133,P-015131,PR-00758,Brooks and Sons,2025-08-25,46,123.76,5692.96,Pendiente
O-002069,BR-00134,P-015151,PR-00678,"Garcia, Phillips and Santiago",2025-08-26,78,35.98,2806.44,En tránsito
O-002070,BR-00134,P-015153,PR-00187,Perez Inc,2025-07-16,26,140.21,3645.46,En tránsito
O-002071,BR-00134,P-015154,PR-00187,Perez Inc,2025-08-18,46,123.21,5667.66,En tránsito
O-002072,BR-00134,P-015156,PR-00187,Perez Inc,2025-07-03,75,70.75,5306.25,Pendiente
O-002073,BR-00134,P-015157,PR-00187,Perez Inc,2025-08-04,77,118.35,9112.95,Recibido
O-002074,BR-00134,P-015162,PR-00979,Cox Ltd,2025-07-19,44,84.83,3732.52,Recibido
O-002075,BR-00134,P-015165,PR-00175,"Cabrera, Scott and Horne",2025-08-14,65,85.28,5543.2,En tránsito
O-002076,BR-00134,P-015175,PR-01184,"Harris, King and Jenkins",2025-07-09,80,31.21,2496.8,Pendiente
O-002077,BR-00134,P-015176,PR-00177,Miller-Cross,2025-08-05,99,93.72,9278.28,En tránsito
O-002078,BR-00134,P-015187,PR-01027,"Edwards, Woods and Morrison",2025-07-16,74,111.44,8246.56,En tránsito
O-002079,BR-00134,P-015191,PR-00668,Fry PLC,2025-07-21,43,72.64,3123.52,En tránsito
O-002080,BR-00134,P-015201,PR-01461,Smith PLC,2025-08-09,48,146.18,7016.64,En tránsito
O-002081,BR-00134,P-015202,PR-00149,"Moore, Barnett and Murray",2025-07-06,47,106.85,5021.95,Recibido
O-002082,BR-00134,P-015213,PR-01057,White and Sons,2025-08-05,84,54.8,4603.2,En tránsito
O-002083,BR-00134,P-015214,PR-01057,White and Sons,2025-08-01,60,86.7,5202.0,En tránsito
O-002084,BR-00134,P-015215,PR-01057,White and Sons,2025-07-20,28,61.82,1730.96,Pendiente
O-002085,BR-00134,P-015220,PR-01131,Warner-Mitchell,2025-07-10,23,114.36,2630.28,En tránsito
O-002086,BR-00134,P-015224,PR-00154,"Adams, Burke and Mcgee",2025-07-10,80,147.17,11773.6,En tránsito
O-002087,BR-00134,P-015227,PR-00154,"Adams, Burke and Mcgee",2025-07-13,67,125.27,8393.09,En tránsito
O-002088,BR-00134,P-015237,PR-00156,Jackson-Novak,2025-07-20,38,84.19,3199.22,Recibido
O-002089,BR-00135,P-015245,PR-01161,Hawkins Group,2025-08-23,100,143.95,14395.0,Pendiente
O-002090,BR-00135,P-015249,PR-00765,Dudley-Escobar,2025-08-08,58,105.41,6113.78,En tránsito
O-002091,BR-00135,P-015255,PR-00830,"Thomas, Sharp and Davis",2025-08-27,89,81.17,7224.13,En tránsito
O-002092,BR-00135,P-015260,PR-00187,Perez Inc,2025-08-09,47,24.95,1172.65,Recibido
O-002093,BR-00135,P-015261,PR-00187,Perez Inc,2025-07-08,33,68.39,2256.87,En tránsito
O-002094,BR-00135,P-015272,PR-01143,Frey-Compton,2025-07-14,26,125.75,3269.5,En tránsito
O-002095,BR-00135,P-015290,PR-00178,"Zavala, Day and White",2025-07-19,86,126.54,10882.44,En tránsito
O-002096,BR-00135,P-015293,PR-00178,"Zavala, Day and White",2025-08-11,84,20.87,1753.08,En tránsito
O-002097,BR-00135,P-015299,PR-01063,Martinez-Stevenson,2025-08-02,26,34.09,886.34,Recibido
O-002098,BR-00135,P-015304,PR-00149,"Moore, Barnett and Murray",2025-07-09,63,27.03,1702.89,En tránsito
O-002099,BR-00135,P-015308,PR-00752,"Willis, Smith and Tran",2025-07-04,83,20.89,1733.87,En tránsito
O-002100,BR-00135,P-015319,PR-01185,"Murphy, Adams and Walker",2025-07-09,35,145.66,5098.1,En tránsito
O-002101,BR-00135,P-015321,PR-00644,"Howard, Mcdonald and Vargas",2025-07-14,21,112.32,2358.72,En tránsito
O-002102,BR-00135,P-015335,PR-00156,Jackson-Novak,2025-08-09,67,22.22,1488.74,Recibido
O-002103,BR-00136,P-015341,PR-00765,Dudley-Escobar,2025-07-30,51,96.06,4899.06,Pendiente
O-002104,BR-00136,P-015344,PR-01032,Henson-Burns,2025-08-10,80,28.07,2245.6,Recibido
O-002105,BR-00136,P-015346,PR-00185,Santiago and Sons,2025-07-03,26,28.34,736.84,En tránsito
O-002106,BR-00136,P-015347,PR-01384,Casey PLC,2025-07-13,66,41.0,2706.0,Pendiente
O-002107,BR-00136,P-015366,PR-00979,Cox Ltd,2025-07-22,43,90.07,3873.01,Recibido
O-002108,BR-00136,P-015368,PR-00175,"Cabrera, Scott and Horne",2025-08-26,95,110.38,10486.1,Pendiente
O-002109,BR-00136,P-015380,PR-01184,"Harris, King and Jenkins",2025-08-01,76,101.49,7713.24,Recibido
O-002110,BR-00136,P-015383,PR-01027,"Edwards, Woods and Morrison",2025-07-19,81,10.97,888.57,Pendiente
O-002111,BR-00136,P-015393,PR-00147,Richardson-Cooper,2025-07-09,24,76.22,1829.28,Recibido
O-002112,BR-00136,P-015398,PR-01063,Martinez-Stevenson,2025-08-03,51,7.25,369.75,Recibido
O-002113,BR-00136,P-015401,PR-00148,Johnson-Nelson,2025-08-16,81,30.07,2435.67,En tránsito
O-002114,BR-00136,P-015405,PR-00752,"Willis, Smith and Tran",2025-07-01,36,149.36,5376.96,Recibido
O-002115,BR-00136,P-015406,PR-00752,"Willis, Smith and Tran",2025-08-10,53,39.24,2079.72,En tránsito
O-002116,BR-00136,P-015430,PR-00154,"Adams, Burke and Mcgee",2025-07-10,23,44.23,1017.29,En tránsito
O-002117,BR-00136,P-015432,PR-00155,Alvarez-Lester,2025-08-07,27,22.36,603.72,Recibido
O-002118,BR-00136,P-015436,PR-01256,West Group,2025-07-14,63,72.11,4542.93,En tránsito
O-002119,BR-00137,P-015445,PR-00914,"Johnson, Dunlap and Boyd",2025-07-04,48,47.14,2262.72,En tránsito
O-002120,BR-00137,P-015453,PR-00186,"Stewart, Flores and Burgess",2025-08-04,44,72.68,3197.92,Recibido
O-002121,BR-00137,P-015477,PR-00175,"Cabrera, Scott and Horne",2025-08-24,27,7.15,193.05,Pendiente
O-002122,BR-00137,P-015482,PR-00176,"Cole, Adams and Armstrong",2025-07-19,52,10.47,544.44,Recibido
O-002123,BR-00137,P-015491,PR-01027,"Edwards, Woods and Morrison",2025-08-14,99,122.44,12121.56,En tránsito
O-002124,BR-00137,P-015497,PR-01078,"Peterson, Simpson and English",2025-08-02,54,27.22,1469.88,Pendiente
O-002125,BR-00137,P-015503,PR-00149,"Moore, Barnett and Murray",2025-08-28,96,119.18,11441.28,En tránsito
O-002126,BR-00137,P-015530,PR-00154,"Adams, Burke and Mcgee",2025-08-18,22,30.56,672.32,Recibido
O-002127,BR-00137,P-015531,PR-00154,"Adams, Burke and Mcgee",2025-07-14,64,105.83,6773.12,Recibido
O-002128,BR-00137,P-015544,PR-00156,Jackson-Novak,2025-07-03,83,63.34,5257.22,Recibido
O-002129,BR-00138,P-015552,PR-00185,Santiago and Sons,2025-07-17,52,67.75,3523.0,Recibido
O-002130,BR-00138,P-015553,PR-00185,Santiago and Sons,2025-08-27,64,33.67,2154.88,Recibido
O-002131,BR-00138,P-015557,PR-01032,Henson-Burns,2025-08-14,33,23.52,776.16,Pendiente
O-002132,BR-00138,P-015559,PR-00830,"Thomas, Sharp and Davis",2025-07-22,45,122.26,5501.7,Pendiente
O-002133,BR-00138,P-015566,PR-01475,"Rosales, Jackson and Mason",2025-07-21,61,32.96,2010.56,Recibido
O-002134,BR-00138,P-015576,PR-00175,"Cabrera, Scott and Horne",2025-08-01,51,137.74,7024.74,Recibido
O-002135,BR-00138,P-015582,PR-00176,"Cole, Adams and Armstrong",2025-07-04,52,42.83,2227.16,Recibido
O-002136,BR-00138,P-015588,PR-01184,"Harris, King and Jenkins",2025-08-10,60,63.88,3832.8,Recibido
O-002137,BR-00138,P-015591,PR-00178,"Zavala, Day and White",2025-07-27,42,126.23,5301.66,Pendiente
O-002138,BR-00138,P-015606,PR-00752,"Willis, Smith and Tran",2025-07-13,45,123.39,5552.55,Recibido
O-002139,BR-00138,P-015610,PR-00151,"Gibbs, Fuller and Davis",2025-08-28,36,20.18,726.48,Pendiente
O-002140,BR-00138,P-015618,PR-01057,White and Sons,2025-08-08,83,112.09,9303.47,Recibido
O-002141,BR-00138,P-015620,PR-01057,White and Sons,2025-08-16,94,36.53,3433.82,Recibido
O-002142,BR-00138,P-015623,PR-00153,Clark-Ross,2025-07-13,78,52.96,4130.88,Pendiente
O-002143,BR-00138,P-015625,PR-00154,"Adams, Burke and Mcgee",2025-07-24,90,7.48,673.2,Recibido
O-002144,BR-00138,P-015632,PR-01256,West Group,2025-08-01,73,129.62,9462.26,Pendiente
O-002145,BR-00138,P-015633,PR-00156,Jackson-Novak,2025-07-07,71,71.16,5052.36,En tránsito
O-002146,BR-00139,P-015641,PR-00184,"Miller, Webster and Miller",2025-07-20,73,117.42,8571.66,En tránsito
O-002147,BR-00139,P-015648,PR-00765,Dudley-Escobar,2025-08-10,62,112.56,6978.72,En tránsito
O-002148,BR-00139,P-015649,PR-00185,Santiago and Sons,2025-07-20,29,98.58,2858.82,En tránsito
O-002149,BR-00139,P-015651,PR-01032,Henson-Burns,2025-08-10,22,132.66,2918.52,Recibido
O-002150,BR-00139,P-015682,PR-01184,"Harris, King and Jenkins",2025-07-04,40,59.98,2399.2,Pendiente
O-002151,BR-00139,P-015687,PR-01027,"Edwards, Woods and Morrison",2025-08-20,29,104.98,3044.42,Pendiente
O-002152,BR-00139,P-015694,PR-00147,Richardson-Cooper,2025-07-13,72,86.09,6198.48,Pendiente
O-002153,BR-00139,P-015707,PR-00752,"Willis, Smith and Tran",2025-07-16,88,35.1,3088.8,Pendiente
O-002154,BR-00139,P-015714,PR-00151,"Gibbs, Fuller and Davis",2025-07-02,28,56.12,1571.36,Recibido
O-002155,BR-00139,P-015715,PR-00152,Mccarty and Sons,2025-07-26,26,69.71,1812.46,Recibido
O-002156,BR-00139,P-015722,PR-01238,"Harrison, Thomas and Becker",2025-07-15,41,143.24,5872.84,En tránsito
O-002157,BR-00139,P-015732,PR-01256,West Group,2025-07-20,33,147.5,4867.5,Recibido
O-002158,BR-00140,P-015743,PR-01161,Hawkins Group,2025-08-28,99,93.7,9276.3,En tránsito
O-002159,BR-00140,P-015747,PR-00765,Dudley-Escobar,2025-08-20,91,114.75,10442.25,Recibido
O-002160,BR-00140,P-015753,PR-01384,Casey PLC,2025-07-06,71,110.05,7813.55,En tránsito
O-002161,BR-00140,P-015759,PR-00187,Perez Inc,2025-08-02,43,128.02,5504.86,Pendiente
O-002162,BR-00140,P-015768,PR-00979,Cox Ltd,2025-08-07,84,34.16,2869.44,Pendiente
O-002163,BR-00140,P-015776,PR-00176,"Cole, Adams and Armstrong",2025-08-16,53,98.94,5243.82,Pendiente
O-002164,BR-00140,P-015779,PR-01184,"Harris, King and Jenkins",2025-08-06,43,65.88,2832.84,Recibido
O-002165,BR-00140,P-015787,PR-00178,"Zavala, Day and White",2025-08-24,74,109.53,8105.22,En tránsito
O-002166,BR-00140,P-015790,PR-00147,Richardson-Cooper,2025-07-31,54,101.91,5503.14,Recibido
O-002167,BR-00140,P-015791,PR-00706,Lewis-Wilson,2025-08-08,68,57.78,3929.04,Pendiente
O-002168,BR-00140,P-015794,PR-01063,Martinez-Stevenson,2025-07-20,64,116.06,7427.84,En tránsito
O-002169,BR-00140,P-015795,PR-01063,Martinez-Stevenson,2025-07-14,84,49.6,4166.4,En tránsito
O-002170,BR-00140,P-015797,PR-01441,Johnson-Jackson,2025-08-17,99,84.55,8370.45,En tránsito
O-002171,BR-00140,P-015801,PR-01281,"Simpson, Simpson and King",2025-07-23,51,11.44,583.44,En tránsito
O-002172,BR-00141,P-015821,PR-00765,Dudley-Escobar,2025-08-19,58,94.68,5491.44,En tránsito
O-002173,BR-00141,P-015837,PR-01382,"Morales, Wood and Rhodes",2025-08-11,71,77.39,5494.69,Pendiente
O-002174,BR-00141,P-015843,PR-00174,Simpson PLC,2025-08-06,95,39.75,3776.25,En tránsito
O-002175,BR-00141,P-015844,PR-00979,Cox Ltd,2025-07-18,45,143.4,6453.0,Recibido
O-002176,BR-00141,P-015851,PR-00175,"Cabrera, Scott and Horne",2025-07-14,48,75.55,3626.4,Pendiente
O-002177,BR-00141,P-015853,PR-00175,"Cabrera, Scott and Horne",2025-07-11,30,128.95,3868.5,En tránsito
O-002178,BR-00141,P-015873,PR-01078,"Peterson, Simpson and English",2025-08-01,26,19.67,511.42,Recibido
O-002179,BR-00141,P-015874,PR-00668,Fry PLC,2025-08-26,40,37.06,1482.4,En tránsito
O-002180,BR-00141,P-015875,PR-00148,Johnson-Nelson,2025-07-27,56,147.78,8275.68,Pendiente
O-002181,BR-00141,P-015876,PR-01063,Martinez-Stevenson,2025-07-15,79,37.82,2987.78,En tránsito
O-002182,BR-00141,P-015880,PR-00149,"Moore, Barnett and Murray",2025-07-24,97,76.07,7378.79,En tránsito
O-002183,BR-00141,P-015884,PR-01281,"Simpson, Simpson and King",2025-08-11,79,25.57,2020.03,Pendiente
O-002184,BR-00141,P-015894,PR-00151,"Gibbs, Fuller and Davis",2025-07-31,63,76.74,4834.62,Pendiente
O-002185,BR-00142,P-015916,PR-00174,Simpson PLC,2025-08-14,92,115.92,10664.64,Pendiente
O-002186,BR-00142,P-015932,PR-00178,"Zavala, Day and White",2025-08-25,91,93.13,8474.83,Pendiente
O-002187,BR-00142,P-015944,PR-00149,"Moore, Barnett and Murray",2025-08-18,50,48.04,2402.0,Pendiente
O-002188,BR-00142,P-015946,PR-01461,Smith PLC,2025-08-08,47,146.53,6886.91,Pendiente
O-002189,BR-00142,P-015947,PR-01461,Smith PLC,2025-07-19,61,62.64,3821.04,Pendiente
O-002190,BR-00142,P-015954,PR-00752,"Willis, Smith and Tran",2025-07-29,73,130.35,9515.55,Recibido
O-002191,BR-00143,P-015964,PR-01161,Hawkins Group,2025-08-23,45,119.61,5382.45,En tránsito
O-002192,BR-00143,P-015968,PR-00185,Santiago and Sons,2025-08-06,51,26.16,1334.16,En tránsito
O-002193,BR-00143,P-015969,PR-01032,Henson-Burns,2025-08-12,100,140.57,14057.0,En tránsito
O-002194,BR-00143,P-015981,PR-00187,Perez Inc,2025-08-02,28,113.6,3180.8,Recibido
O-002195,BR-00143,P-015983,PR-00187,Perez Inc,2025-08-02,20,37.4,748.0,Recibido
O-002196,BR-00143,P-015987,PR-00188,Simpson and Sons,2025-07-24,31,4.57,141.67,Recibido
O-002197,BR-00143,P-015990,PR-00979,Cox Ltd,2025-08-05,49,5.08,248.92,En tránsito
O-002198,BR-00143,P-016000,PR-00891,Palmer-Garcia,2025-07-26,74,129.63,9592.62,En tránsito
O-002199,BR-00143,P-016007,PR-01184,"Harris, King and Jenkins",2025-08-25,53,95.05,5037.65,Pendiente
O-002200,BR-00143,P-016009,PR-00177,Miller-Cross,2025-07-09,81,30.45,2466.45,En tránsito
O-002201,BR-00143,P-016011,PR-00177,Miller-Cross,2025-07-26,36,11.5,414.0,Pendiente
O-002202,BR-00143,P-016015,PR-00178,"Zavala, Day and White",2025-07-03,53,20.25,1073.25,Pendiente
O-002203,BR-00143,P-016029,PR-01441,Johnson-Jackson,2025-07-02,68,140.57,9558.76,En tránsito
O-002204,BR-00143,P-016037,PR-00150,Mitchell PLC,2025-07-14,22,97.3,2140.6,Pendiente
O-002205,BR-00144,P-016051,PR-01384,Casey PLC,2025-08-20,51,13.71,699.21,Pendiente
O-002206,BR-00144,P-016054,PR-00187,Perez Inc,2025-07-18,58,4.74,274.92,En tránsito
O-002207,BR-00144,P-016070,PR-00979,Cox Ltd,2025-07-08,64,139.16,8906.24,Pendiente
O-002208,BR-00144,P-016074,PR-00176,"Cole, Adams and Armstrong",2025-08-15,64,30.51,1952.64,Recibido
O-002209,BR-00144,P-016088,PR-00706,Lewis-Wilson,2025-07-09,33,116.4,3841.2,Recibido
O-002210,BR-00144,P-016098,PR-01441,Johnson-Jackson,2025-08-19,39,121.68,4745.52,Recibido
O-002211,BR-00144,P-016105,PR-00150,Mitchell PLC,2025-07-20,80,109.21,8736.8,En tránsito
O-002212,BR-00144,P-016107,PR-00151,"Gibbs, Fuller and Davis",2025-08-01,46,125.37,5767.02,Recibido
O-002213,BR-00145,P-016115,PR-00914,"Johnson, Dunlap and Boyd",2025-07-02,42,118.64,4982.88,Pendiente
O-002214,BR-00145,P-016117,PR-00185,Santiago and Sons,2025-07-29,94,127.9,12022.6,Recibido
O-002215,BR-00145,P-016119,PR-01209,"Williams, Joseph and Howard",2025-08-15,100,18.56,1856.0,En tránsito
O-002216,BR-00145,P-016121,PR-00186,"Stewart, Flores and Burgess",2025-07-30,78,36.7,2862.6,Pendiente
O-002217,BR-00145,P-016134,PR-01293,"Small, Shaw and Mason",2025-07-24,45,134.37,6046.65,Pendiente
O-002218,BR-00145,P-016141,PR-00175,"Cabrera, Scott and Horne",2025-07-21,20,115.03,2300.6,En tránsito
O-002219,BR-00145,P-016150,PR-01184,"Harris, King and Jenkins",2025-07-31,35,104.63,3662.05,Pendiente
O-002220,BR-00145,P-016166,PR-00148,Johnson-Nelson,2025-07-07,88,143.74,12649.12,Recibido
O-002221,BR-00146,P-016185,PR-00184,"Miller, Webster and Miller",2025-07-26,63,11.26,709.38,En tránsito
O-002222,BR-00147,P-016270,PR-01161,Hawkins Group,2025-07-28,74,21.77,1610.98,Recibido
O-002223,BR-00147,P-016275,PR-01032,Henson-Burns,2025-07-05,26,124.92,3247.92,Recibido
O-002224,BR-00147,P-016284,PR-00187,Perez Inc,2025-07-14,88,132.8,11686.4,Recibido
O-002225,BR-00147,P-016285,PR-00187,Perez Inc,2025-07-10,54,6.63,358.02,Recibido
O-002226,BR-00147,P-016294,PR-00979,Cox Ltd,2025-07-13,71,105.23,7471.33,Pendiente
O-002227,BR-00147,P-016307,PR-00891,Palmer-Garcia,2025-08-05,89,46.51,4139.39,En tránsito
O-002228,BR-00147,P-016309,PR-00891,Palmer-Garcia,2025-08-26,89,130.08,11577.12,En tránsito
O-002229,BR-00147,P-016318,PR-01027,"Edwards, Woods and Morrison",2025-06-30,92,120.49,11085.08,Pendiente
O-002230,BR-00147,P-016320,PR-00147,Richardson-Cooper,2025-07-26,26,7.25,188.5,Pendiente
O-002231,BR-00147,P-016333,PR-01441,Johnson-Jackson,2025-07-17,81,26.94,2182.14,Recibido
O-002232,BR-00147,P-016334,PR-01461,Smith PLC,2025-07-02,42,124.45,5226.9,En tránsito
O-002233,BR-00148,P-016352,PR-01032,Henson-Burns,2025-07-26,80,19.21,1536.8,Pendiente
O-002234,BR-00148,P-016353,PR-01032,Henson-Burns,2025-07-07,35,77.22,2702.7,En tránsito
O-002235,BR-00148,P-016354,PR-00765,Dudley-Escobar,2025-07-22,84,50.25,4221.0,Pendiente
O-002236,BR-00148,P-016364,PR-00187,Perez Inc,2025-08-15,70,46.17,3231.9,Recibido
O-002237,BR-00148,P-016366,PR-00187,Perez Inc,2025-07-16,88,132.18,11631.84,Pendiente
O-002238,BR-00148,P-016367,PR-01382,"Morales, Wood and Rhodes",2025-08-19,28,55.86,1564.08,Recibido
O-002239,BR-00148,P-016368,PR-01475,"Rosales, Jackson and Mason",2025-07-20,39,120.35,4693.65,Recibido
O-002240,BR-00148,P-016371,PR-00174,Simpson PLC,2025-07-19,32,125.03,4000.96,En tránsito
O-002241,BR-00148,P-016377,PR-00175,"Cabrera, Scott and Horne",2025-07-12,53,112.15,5943.95,Recibido
O-002242,BR-00148,P-016378,PR-00891,Palmer-Garcia,2025-08-03,42,56.54,2374.68,Pendiente
O-002243,BR-00148,P-016384,PR-01027,"Edwards, Woods and Morrison",2025-07-09,80,11.35,908.0,En tránsito
O-002244,BR-00148,P-016392,PR-00147,Richardson-Cooper,2025-08-20,52,44.3,2303.6,En tránsito
O-002245,BR-00148,P-016409,PR-00150,Mitchell PLC,2025-08-12,58,16.13,935.54,En tránsito
O-002246,BR-00149,P-016438,PR-01382,"Morales, Wood and Rhodes",2025-07-25,96,44.43,4265.28,Pendiente
O-002247,BR-00149,P-016442,PR-00979,Cox Ltd,2025-07-28,95,74.41,7068.95,Recibido
O-002248,BR-00149,P-016452,PR-00891,Palmer-Garcia,2025-07-14,25,143.07,3576.75,Pendiente
O-002249,BR-00149,P-016453,PR-00891,Palmer-Garcia,2025-07-31,99,104.99,10394.01,Pendiente
O-002250,BR-00149,P-016458,PR-00177,Miller-Cross,2025-08-09,37,66.99,2478.63,Recibido
O-002251,BR-00149,P-016463,PR-01027,"Edwards, Woods and Morrison",2025-08-25,75,29.75,2231.25,Recibido
O-002252,BR-00149,P-016470,PR-00148,Johnson-Nelson,2025-06-30,88,34.42,3028.96,Recibido
O-002253,BR-00149,P-016474,PR-00149,"Moore, Barnett and Murray",2025-07-03,68,19.87,1351.16,Pendiente
O-002254,BR-00149,P-016479,PR-00752,"Willis, Smith and Tran",2025-07-12,50,148.92,7446.0,Recibido
O-002255,BR-00150,P-016493,PR-00185,Santiago and Sons,2025-07-02,85,141.72,12046.2,En tránsito
O-002256,BR-00150,P-016496,PR-01032,Henson-Burns,2025-07-10,91,56.37,5129.67,En tránsito
O-002257,BR-00150,P-016503,PR-00187,Perez Inc,2025-08-15,42,41.96,1762.32,Recibido
O-002258,BR-00150,P-016512,PR-00174,Simpson PLC,2025-08-03,89,61.04,5432.56,Pendiente
O-002259,BR-00150,P-016517,PR-00175,"Cabrera, Scott and Horne",2025-07-19,24,133.99,3215.76,Pendiente
O-002260,BR-00150,P-016524,PR-00176,"Cole, Adams and Armstrong",2025-07-17,36,27.24,980.64,Pendiente
O-002261,BR-00150,P-016553,PR-00151,"Gibbs, Fuller and Davis",2025-07-13,41,91.02,3731.82,Recibido
O-002262,BR-00150,P-016554,PR-00151,"Gibbs, Fuller and Davis",2025-08-01,39,125.28,4885.92,En tránsito
O-002263,BR-00151,P-016564,PR-00185,Santiago and Sons,2025-07-25,57,78.14,4453.98,En tránsito
O-002264,BR-00151,P-016572,PR-01384,Casey PLC,2025-08-27,33,149.55,4935.15,Recibido
O-002265,BR-00151,P-016575,PR-00187,Perez Inc,2025-07-10,100,91.08,9108.0,Pendiente
O-002266,BR-00151,P-016623,PR-00151,"Gibbs, Fuller and Davis",2025-08-23,37,85.48,3162.76,Recibido
O-002267,BR-00152,P-016631,PR-00765,Dudley-Escobar,2025-08-22,29,136.91,3970.39,Pendiente
O-002268,BR-00152,P-016643,PR-00187,Perez Inc,2025-07-30,84,120.16,10093.44,En tránsito
O-002269,BR-00152,P-016644,PR-00187,Perez Inc,2025-07-16,78,87.15,6797.7,Recibido
O-002270,BR-00152,P-016658,PR-00175,"Cabrera, Scott and Horne",2025-07-07,53,40.59,2151.27,En tránsito
O-002271,BR-00152,P-016659,PR-00175,"Cabrera, Scott and Horne",2025-08-20,74,125.59,9293.66,Pendiente
O-002272,BR-00152,P-016662,PR-00176,"Cole, Adams and Armstrong",2025-08-15,67,75.73,5073.91,Recibido
O-002273,BR-00152,P-016671,PR-01027,"Edwards, Woods and Morrison",2025-08-12,88,78.02,6865.76,En tránsito
O-002274,BR-00152,P-016672,PR-01027,"Edwards, Woods and Morrison",2025-07-11,59,149.83,8839.97,En tránsito
O-002275,BR-00152,P-016677,PR-00706,Lewis-Wilson,2025-08-19,69,139.93,9655.17,En tránsito
O-002276,BR-00152,P-016679,PR-00668,Fry PLC,2025-07-28,78,105.6,8236.8,Recibido
O-002277,BR-00152,P-016680,PR-01078,"Peterson, Simpson and English",2025-08-01,29,64.65,1874.85,Recibido
O-002278,BR-00152,P-016681,PR-01063,Martinez-Stevenson,2025-07-14,88,19.82,1744.16,Pendiente
O-002279,BR-00152,P-016683,PR-00148,Johnson-Nelson,2025-07-09,36,51.18,1842.48,En tránsito
O-002280,BR-00152,P-016687,PR-01281,"Simpson, Simpson and King",2025-07-16,42,48.05,2018.1,Pendiente
O-002281,BR-00153,P-016707,PR-00859,Grupo Vilar S.L.N.E,2025-08-28,22,17.32,381.04,Recibido
O-002282,BR-00153,P-016708,PR-00232,Campos y Jerez S.A.,2025-07-17,66,43.34,2860.44,En tránsito
O-002283,BR-00153,P-016712,PR-00233,Banca Privada Quirós y asociados S.L.U.,2025-07-07,68,118.17,8035.56,En tránsito
O-002284,BR-00153,P-016714,PR-00234,Gimeno y Amador S.A.,2025-07-27,36,93.97,3382.92,Recibido
O-002285,BR-00153,P-016727,PR-00221,Hermanos Contreras S.Com.,2025-07-17,32,40.98,1311.36,Pendiente
O-002286,BR-00153,P-016735,PR-00223,Hotel Abril S.Com.,2025-08-14,52,61.3,3187.6,En tránsito
O-002287,BR-00153,P-016740,PR-00744,Elpidio Fortuny Toro S.Coop.,2025-08-15,68,118.59,8064.12,Pendiente
O-002288,BR-00153,P-016750,PR-01473,Soluciones MT S.Coop.,2025-07-07,58,19.25,1116.5,En tránsito
O-002289,BR-00153,P-016754,PR-00194,Servicios GHVW S.L.N.E,2025-07-17,30,142.8,4284.0,En tránsito
O-002290,BR-00153,P-016758,PR-01302,Inmobiliaria YTT S.L.,2025-07-19,92,139.62,12845.04,En tránsito
O-002291,BR-00153,P-016788,PR-00679,Herrera y Palomino S.A.,2025-08-04,58,20.32,1178.56,Recibido
O-002292,BR-00153,P-016791,PR-00959,Talleres Sabater S.Coop.,2025-08-13,62,51.9,3217.8,En tránsito
O-002293,BR-00153,P-016807,PR-00612,Ale Escobar Nadal S.Coop.,2025-08-12,74,40.57,3002.18,En tránsito
O-002294,BR-00153,P-016820,PR-01457,Mamen Sureda Noguera S.C.P,2025-08-24,71,121.75,8644.25,Pendiente
O-002295,BR-00153,P-016824,PR-01386,Bonifacio Bonet Mateo S.Coop.,2025-07-14,22,144.9,3187.8,Pendiente
O-002296,BR-00153,P-016834,PR-01283,Olivera y asociados S.L.U.,2025-07-03,70,55.37,3875.9,Pendiente
O-002297,BR-00153,P-016835,PR-01363,Soluciones LEL S.L.,2025-08-19,76,97.54,7413.04,Pendiente
O-002298,BR-00153,P-016840,PR-01138,Fábrica Cañete & Asociados S.L.,2025-08-28,22,124.24,2733.28,Pendiente
O-002299,BR-00153,P-016841,PR-01138,Fábrica Cañete & Asociados S.L.,2025-07-04,88,140.57,12370.16,Recibido
O-002300,BR-00153,P-016856,PR-00189,Nicolasa Botella Reig S.L.L.,2025-07-16,48,83.71,4018.08,En tránsito
O-002301,BR-00153,P-016857,PR-00890,Tecnologías Martí S.Com.,2025-08-27,84,110.48,9280.32,En tránsito
O-002302,BR-00153,P-016858,PR-01009,Zurita y asociados S.Coop.,2025-08-25,84,29.69,2493.96,En tránsito
O-002303,BR-00153,P-016860,PR-00190,Transportes Canales S.C.P,2025-08-04,69,93.44,6447.36,En tránsito
O-002304,BR-00153,P-016866,PR-00192,Despacho Almagro & Asociados S.Coop.,2025-07-25,83,62.97,5226.51,En tránsito
O-002305,BR-00153,P-016870,PR-00193,Inmobiliaria Trujillo S.Com.,2025-07-16,75,44.27,3320.25,Recibido
O-002306,BR-00153,P-016874,PR-01435,Construcción Aguirre & Asociados S.L.L.,2025-08-13,85,67.91,5772.35,Recibido
O-002307,BR-00153,P-016878,PR-01356,Manufacturas del Mediterráneo S.Com.,2025-07-10,46,147.6,6789.6,En tránsito
O-002308,BR-00153,P-016879,PR-00793,Yago Ríos Gámez S.Coop.,2025-07-05,29,84.32,2445.28,En tránsito
O-002309,BR-00153,P-016884,PR-00210,Rivera & Asociados S.L.N.E,2025-08-04,28,133.17,3728.76,Pendiente
O-002310,BR-00153,P-016887,PR-01346,Construcción Guillén y asociados S.Com.,2025-07-17,74,129.63,9592.62,Pendiente
O-002311,BR-00153,P-016888,PR-01380,Banca Privada BUYL S.A.,2025-08-19,28,17.38,486.64,Pendiente
O-002312,BR-00153,P-016909,PR-00214,Promociones XT S.L.,2025-08-02,74,58.1,4299.4,Recibido
O-002313,BR-00153,P-016910,PR-00214,Promociones XT S.L.,2025-08-19,50,5.19,259.5,Pendiente
O-002314,BR-00153,P-016912,PR-00214,Promociones XT S.L.,2025-08-11,98,84.41,8272.18,En tránsito
O-002315,BR-00153,P-016913,PR-01225,Alberdi & Asociados S.Coop.,2025-08-21,72,104.85,7549.2,Pendiente
O-002316,BR-00153,P-016929,PR-00218,Inmobiliaria Sotelo y asociados S.Coop.,2025-07-12,84,34.21,2873.64,Pendiente
O-002317,BR-00153,P-016939,PR-00219,Aguirre y Sabater S.Coop.,2025-07-17,72,78.96,5685.12,Recibido
O-002318,BR-00154,P-016946,PR-01136,Distribuciones EXZ S.Com.,2025-08-27,35,71.12,2489.2,Pendiente
O-002319,BR-00154,P-016956,PR-00233,Banca Privada Quirós y asociados S.L.U.,2025-08-26,54,12.99,701.46,Recibido
O-002320,BR-00154,P-016981,PR-00223,Hotel Abril S.Com.,2025-07-21,64,116.82,7476.48,En tránsito
O-002321,BR-00154,P-016986,PR-00809,Fajardo y asociados S.Com.,2025-07-23,47,129.38,6080.86,Recibido
O-002322,BR-00154,P-016987,PR-00744,Elpidio Fortuny Toro S.Coop.,2025-07-28,78,132.9,10366.2,En tránsito
O-002323,BR-00154,P-017004,PR-00802,Fábrica Bonet y asociados S.L.N.E,2025-08-13,96,43.8,4204.8,Recibido
O-002324,BR-00154,P-017008,PR-00802,Fábrica Bonet y asociados S.L.N.E,2025-07-31,45,60.06,2702.7,Recibido
O-002325,BR-00154,P-017009,PR-00196,Finanzas Ramírez S.Coop.,2025-08-01,85,18.73,1592.05,Recibido
O-002326,BR-00154,P-017017,PR-00199,Grupo Dominguez S.C.P,2025-07-31,80,72.58,5806.4,Pendiente
O-002327,BR-00154,P-017022,PR-01349,Restauración Gallego y asociados S.A.,2025-08-14,39,45.39,1770.21,Pendiente
O-002328,BR-00154,P-017026,PR-00200,Familia Menéndez S.Coop.,2025-08-21,37,62.15,2299.55,Recibido
O-002329,BR-00154,P-017031,PR-00201,Hermanos Clemente S.A.,2025-08-11,29,122.55,3553.95,Recibido
O-002330,BR-00154,P-017033,PR-00651,Infraestructuras JTIR S.A.,2025-08-22,98,40.49,3968.02,En tránsito
O-002331,BR-00154,P-017036,PR-01025,Instalaciones VA S.Com.,2025-07-21,23,75.42,1734.66,Pendiente
O-002332,BR-00154,P-017038,PR-01025,Instalaciones VA S.Com.,2025-06-30,32,82.93,2653.76,Pendiente
O-002333,BR-00154,P-017046,PR-00226,Inmobiliaria Globales S.Com.,2025-07-29,82,136.57,11198.74,En tránsito
O-002334,BR-00154,P-017049,PR-00226,Inmobiliaria Globales S.Com.,2025-07-17,30,90.03,2700.9,Pendiente
O-002335,BR-00154,P-017051,PR-00612,Ale Escobar Nadal S.Coop.,2025-08-27,90,48.4,4356.0,En tránsito
O-002336,BR-00154,P-017055,PR-00227,Barrios y Lladó S.A.,2025-08-24,82,27.78,2277.96,Pendiente
O-002337,BR-00154,P-017056,PR-00228,Supermercados SH S.A.,2025-07-13,98,34.73,3403.54,Recibido
O-002338,BR-00154,P-017057,PR-00228,Supermercados SH S.A.,2025-08-03,35,90.18,3156.3,Recibido
O-002339,BR-00154,P-017061,PR-00228,Supermercados SH S.A.,2025-08-15,68,85.66,5824.88,Pendiente
O-002340,BR-00154,P-017071,PR-00204,Farmaceútica Globales S.A.,2025-07-07,79,102.5,8097.5,Pendiente
O-002341,BR-00154,P-017075,PR-00991,Desarrollo del Sur S.A.,2025-08-05,88,105.19,9256.72,Pendiente
O-002342,BR-00154,P-017080,PR-00205,Salud Miguel Pinilla S.Coop.,2025-07-10,90,25.62,2305.8,En tránsito
O-002343,BR-00154,P-017081,PR-00206,Petrona Roca Juárez S.C.P,2025-07-15,25,134.38,3359.5,En tránsito
O-002344,BR-00154,P-017084,PR-00941,Grupo Tena S.Com.,2025-07-11,98,114.81,11251.38,En tránsito
O-002345,BR-00154,P-017090,PR-01093,Infraestructuras del Norte S.Com.,2025-08-28,67,62.25,4170.75,En tránsito
O-002346,BR-00154,P-017103,PR-01009,Zurita y asociados S.Coop.,2025-07-11,28,68.51,1918.28,Recibido
O-002347,BR-00154,P-017105,PR-00966,Carbonell & Asociados S.Coop.,2025-08-07,49,59.87,2933.63,En tránsito
O-002348,BR-00154,P-017116,PR-00193,Inmobiliaria Trujillo S.Com.,2025-07-25,89,20.19,1796.91,Pendiente
O-002349,BR-00154,P-017123,PR-01346,Construcción Guillén y asociados S.Com.,2025-08-28,26,58.33,1516.58,Recibido
O-002350,BR-00154,P-017124,PR-01380,Banca Privada BUYL S.A.,2025-07-16,99,134.24,13289.76,Recibido
O-002351,BR-00154,P-017151,PR-00215,Restauración Ibérica S.A.T.,2025-07-13,67,14.81,992.27,En tránsito
O-002352,BR-00154,P-017168,PR-00219,Aguirre y Sabater S.Coop.,2025-08-14,21,128.05,2689.05,En tránsito
O-002353,BR-00154,P-017170,PR-00219,Aguirre y Sabater S.Coop.,2025-08-22,61,92.61,5649.21,Recibido
O-002354,BR-00155,P-017177,PR-01136,Distribuciones EXZ S.Com.,2025-07-19,75,14.82,1111.5,Recibido
O-002355,BR-00155,P-017178,PR-01136,Distribuciones EXZ S.Com.,2025-08-08,97,99.58,9659.26,Recibido
O-002356,BR-00155,P-017188,PR-00233,Banca Privada Quirós y asociados S.L.U.,2025-07-20,89,80.87,7197.43,Recibido
O-002357,BR-00155,P-017190,PR-00233,Banca Privada Quirós y asociados S.L.U.,2025-07-22,58,24.27,1407.66,Recibido
O-002358,BR-00155,P-017195,PR-00234,Gimeno y Amador S.A.,2025-08-19,85,55.67,4731.95,Pendiente
O-002359,BR-00155,P-017197,PR-01404,Hermanos Gárate S.A.D,2025-08-15,64,128.66,8234.24,Pendiente
O-002360,BR-00155,P-017210,PR-00222,Grupo Correa S.Com.,2025-07-01,56,76.24,4269.44,Pendiente
O-002361,BR-00155,P-017214,PR-00223,Hotel Abril S.Com.,2025-07-06,22,45.22,994.84,En tránsito
O-002362,BR-00155,P-017215,PR-00223,Hotel Abril S.Com.,2025-08-08,91,58.25,5300.75,En tránsito
O-002363,BR-00155,P-017222,PR-00976,Compañía Arce y asociados S.L.,2025-08-10,76,55.76,4237.76,Recibido
O-002364,BR-00155,P-017223,PR-00687,Servicios VGKU S.A.,2025-08-06,82,50.8,4165.6,En tránsito
O-002365,BR-00155,P-017224,PR-00687,Servicios VGKU S.A.,2025-08-19,61,10.02,611.22,Recibido
O-002366,BR-00155,P-017229,PR-01473,Soluciones MT S.Coop.,2025-07-11,56,52.56,2943.36,En tránsito
O-002367,BR-00155,P-017241,PR-00197,Familia Herrero S.A.T.,2025-08-14,76,66.35,5042.6,En tránsito
O-002368,BR-00155,P-017251,PR-01349,Restauración Gallego y asociados S.A.,2025-07-24,21,78.49,1648.29,Recibido
O-002369,BR-00155,P-017259,PR-00201,Hermanos Clemente S.A.,2025-08-21,58,83.95,4869.1,Pendiente
O-002370,BR-00155,P-017266,PR-00202,Restauración del Norte S.Coop.,2025-08-22,30,31.07,932.1,Pendiente
O-002371,BR-00155,P-017272,PR-00874,Familia Marí S.A.,2025-08-24,68,12.38,841.84,Recibido
O-002372,BR-00155,P-017273,PR-00612,Ale Escobar Nadal S.Coop.,2025-07-07,76,43.29,3290.04,Pendiente
O-002373,BR-00155,P-017275,PR-00612,Ale Escobar Nadal S.Coop.,2025-08-08,58,16.86,977.88,En tránsito
O-002374,BR-00155,P-017278,PR-00226,Inmobiliaria Globales S.Com.,2025-06-30,21,55.23,1159.83,Recibido
O-002375,BR-00155,P-017280,PR-00992,Suministros WJ S.Com.,2025-07-23,73,47.36,3457.28,Recibido
O-002376,BR-00155,P-017295,PR-01410,Pera y Rivero S.Com.,2025-08-10,52,78.24,4068.48,En tránsito
O-002377,BR-00155,P-017299,PR-01112,Telmo Rueda Sánchez S.C.P,2025-08-01,81,6.87,556.47,Pendiente
O-002378,BR-00155,P-017305,PR-00212,Inés Peinado Valls S.A.,2025-06-30,56,84.51,4732.56,Recibido
O-002379,BR-00155,P-017313,PR-01051,Despacho Moliner S.C.P,2025-08-21,35,103.4,3619.0,Recibido
O-002380,BR-00155,P-017320,PR-00745,Grupo Tejada S.Coop.,2025-07-10,82,58.82,4823.24,En tránsito
O-002381,BR-00155,P-017321,PR-00207,Distribuciones Ramos & Asociados S.C.P,2025-08-18,68,85.99,5847.32,En tránsito
O-002382,BR-00155,P-017325,PR-00208,Desarrollo Internacionales S.L.N.E,2025-07-18,77,70.73,5446.21,En tránsito
O-002383,BR-00156,P-017332,PR-00231,Minería Sanabria & Asociados S.A.,2025-08-25,27,92.61,2500.47,Recibido
O-002384,BR-00156,P-017333,PR-01136,Distribuciones EXZ S.Com.,2025-07-26,100,114.73,11473.0,Pendiente
O-002385,BR-00156,P-017344,PR-00234,Gimeno y Amador S.A.,2025-07-03,97,145.48,14111.56,En tránsito
O-002386,BR-00156,P-017346,PR-00234,Gimeno y Amador S.A.,2025-07-25,65,62.67,4073.55,En tránsito
O-002387,BR-00156,P-017347,PR-00636,Compañía Rios S.Coop.,2025-07-20,21,38.96,818.16,Pendiente
O-002388,BR-00156,P-017350,PR-01404,Hermanos Gárate S.A.D,2025-08-28,28,74.07,2073.96,Pendiente
O-002389,BR-00156,P-017357,PR-00755,Inmobiliaria Ríos S.Com.,2025-08-16,35,129.26,4524.1,Recibido
O-002390,BR-00156,P-017374,PR-00744,Elpidio Fortuny Toro S.Coop.,2025-07-26,43,4.37,187.91,Recibido
O-002391,BR-00156,P-017376,PR-00225,Transportes del Mediterráneo S.L.N.E,2025-07-07,60,69.5,4170.0,Recibido
O-002392,BR-00156,P-017391,PR-01302,Inmobiliaria YTT S.L.,2025-08-25,48,135.59,6508.32,Pendiente
O-002393,BR-00156,P-017392,PR-00802,Fábrica Bonet y asociados S.L.N.E,2025-08-07,23,11.22,258.06,En tránsito
O-002394,BR-00156,P-017393,PR-00802,Fábrica Bonet y asociados S.L.N.E,2025-07-08,88,142.2,12513.6,En tránsito
O-002395,BR-00156,P-017406,PR-00974,Hnos Casares S.L.N.E,2025-07-17,77,46.1,3549.7,Pendiente
O-002396,BR-00156,P-017420,PR-00202,Restauración del Norte S.Coop.,2025-07-09,93,135.4,12592.2,En tránsito
O-002397,BR-00156,P-017428,PR-00203,Comercial RWD S.A.,2025-08-02,35,55.15,1930.25,Pendiente
O-002398,BR-00156,P-017436,PR-01242,Aguiló y asociados S.L.L.,2025-08-21,36,17.19,618.84,Recibido
O-002399,BR-00156,P-017444,PR-00229,Macías y Cámara S.Coop.,2025-07-05,58,118.8,6890.4,Pendiente
O-002400,BR-00156,P-017461,PR-00205,Salud Miguel Pinilla S.Coop.,2025-08-07,45,53.3,2398.5,Pendiente
O-002401,BR-00156,P-017464,PR-01051,Despacho Moliner S.C.P,2025-07-18,58,85.15,4938.7,En tránsito
O-002402,BR-00156,P-017466,PR-00206,Petrona Roca Juárez S.C.P,2025-08-09,65,81.99,5329.35,En tránsito
O-002403,BR-00156,P-017467,PR-00206,Petrona Roca Juárez S.C.P,2025-07-28,77,106.71,8216.67,Pendiente
O-002404,BR-00156,P-017470,PR-00745,Grupo Tejada S.Coop.,2025-08-22,82,78.91,6470.62,En tránsito
O-002405,BR-00156,P-017473,PR-00207,Distribuciones Ramos & Asociados S.C.P,2025-08-04,87,138.18,12021.66,Recibido
O-002406,BR-00157,P-017480,PR-00231,Minería Sanabria & Asociados S.A.,2025-07-25,96,73.54,7059.84,Pendiente
O-002407,BR-00157,P-017483,PR-01136,Distribuciones EXZ S.Com.,2025-07-05,39,34.29,1337.31,Recibido
O-002408,BR-00157,P-017491,PR-00234,Gimeno y Amador S.A.,2025-08-18,54,102.71,5546.34,Pendiente
O-002409,BR-00157,P-017493,PR-00234,Gimeno y Amador S.A.,2025-08-12,89,149.7,13323.3,En tránsito
O-002410,BR-00157,P-017499,PR-01092,Comercializadora XVV S.L.,2025-07-19,61,64.07,3908.27,En tránsito
O-002411,BR-00157,P-017503,PR-00222,Grupo Correa S.Com.,2025-08-04,64,21.8,1395.2,Pendiente
O-002412,BR-00157,P-017514,PR-00819,Finanzas Simó S.L.N.E,2025-07-10,29,126.35,3664.15,Pendiente
O-002413,BR-00157,P-017521,PR-00687,Servicios VGKU S.A.,2025-08-18,33,122.27,4034.91,Recibido
O-002414,BR-00157,P-017526,PR-01473,Soluciones MT S.Coop.,2025-07-19,29,112.44,3260.76,Pendiente
O-002415,BR-00157,P-017545,PR-00974,Hnos Casares S.L.N.E,2025-07-14,90,103.79,9341.1,Pendiente
O-002416,BR-00157,P-017561,PR-00679,Herrera y Palomino S.A.,2025-08-14,67,72.14,4833.38,En tránsito
O-002417,BR-00157,P-017567,PR-00202,Restauración del Norte S.Coop.,2025-07-27,40,60.09,2403.6,Pendiente
O-002418,BR-00157,P-017590,PR-01410,Pera y Rivero S.Com.,2025-08-08,63,93.19,5870.97,Pendiente
O-002419,BR-00157,P-017612,PR-00206,Petrona Roca Juárez S.C.P,2025-08-16,42,114.79,4821.18,En tránsito
O-002420,BR-00157,P-017615,PR-00745,Grupo Tejada S.Coop.,2025-08-17,62,48.65,3016.3,En tránsito
O-002421,BR-00157,P-017616,PR-00941,Grupo Tena S.Com.,2025-08-03,30,116.58,3497.4,Recibido
O-002422,BR-00157,P-017617,PR-00941,Grupo Tena S.Com.,2025-08-13,34,25.11,853.74,Recibido
O-002423,BR-00157,P-017619,PR-00745,Grupo Tejada S.Coop.,2025-07-20,48,142.14,6822.72,Pendiente
O-002424,BR-00158,P-017626,PR-01136,Distribuciones EXZ S.Com.,2025-07-07,35,149.94,5247.9,Recibido
O-002425,BR-00158,P-017629,PR-00859,Grupo Vilar S.L.N.E,2025-07-28,56,94.07,5267.92,En tránsito
O-002426,BR-00158,P-017638,PR-00233,Banca Privada Quirós y asociados S.L.U.,2025-08-23,55,37.95,2087.25,Pendiente
O-002427,BR-00158,P-017644,PR-00234,Gimeno y Amador S.A.,2025-08-14,89,23.44,2086.16,En tránsito
O-002428,BR-00158,P-017645,PR-00234,Gimeno y Amador S.A.,2025-08-18,95,144.24,13702.8,En tránsito
O-002429,BR-00158,P-017663,PR-00222,Grupo Correa S.Com.,2025-08-21,80,64.09,5127.2,En tránsito
O-002430,BR-00158,P-017677,PR-01473,Soluciones MT S.Coop.,2025-07-27,39,26.61,1037.79,Recibido
O-002431,BR-00158,P-017687,PR-01302,Inmobiliaria YTT S.L.,2025-08-23,65,19.86,1290.9,Recibido
O-002432,BR-00158,P-017691,PR-00196,Finanzas Ramírez S.Coop.,2025-07-05,61,140.89,8594.29,En tránsito
O-002433,BR-00158,P-017693,PR-00802,Fábrica Bonet y asociados S.L.N.E,2025-08-09,67,23.67,1585.89,Pendiente
O-002434,BR-00158,P-017697,PR-01223,Hnos Manrique S.Coop.,2025-07-04,24,22.82,547.68,Recibido
O-002435,BR-00158,P-017706,PR-00198,Anselma Escobar Calderón S.L.,2025-08-01,35,28.28,989.8,Recibido
O-002436,BR-00158,P-017720,PR-00201,Hermanos Clemente S.A.,2025-08-01,96,128.0,12288.0,Recibido
O-002437,BR-00158,P-017731,PR-00612,Ale Escobar Nadal S.Coop.,2025-07-25,100,57.61,5761.0,En tránsito
O-002438,BR-00158,P-017744,PR-00228,Supermercados SH S.A.,2025-08-26,89,25.13,2236.57,En tránsito
O-002439,BR-00158,P-017754,PR-01295,Compañía Españolas S.A.,2025-08-19,89,21.86,1945.54,Pendiente
O-002440,BR-00158,P-017759,PR-01283,Olivera y asociados S.L.U.,2025-08-26,83,118.28,9817.24,En tránsito
O-002441,BR-00158,P-017770,PR-00745,Grupo Tejada S.Coop.,2025-08-20,58,61.9,3590.2,Pendiente
O-002442,BR-00158,P-017771,PR-00745,Grupo Tejada S.Coop.,2025-07-09,36,48.67,1752.12,Pendiente
O-002443,BR-00159,P-017779,PR-01136,Distribuciones EXZ S.Com.,2025-08-27,56,127.02,7113.12,Pendiente
O-002444,BR-00159,P-017781,PR-00231,Minería Sanabria & Asociados S.A.,2025-08-09,84,37.85,3179.4,Recibido
O-002445,BR-00159,P-017787,PR-00859,Grupo Vilar S.L.N.E,2025-08-02,98,10.41,1020.18,Pendiente
O-002446,BR-00159,P-017796,PR-00234,Gimeno y Amador S.A.,2025-07-30,59,114.58,6760.22,Pendiente
O-002447,BR-00159,P-017808,PR-00755,Inmobiliaria Ríos S.Com.,2025-07-18,66,122.09,8057.94,Pendiente
O-002448,BR-00159,P-017810,PR-00222,Grupo Correa S.Com.,2025-08-23,64,27.35,1750.4,Recibido
O-002449,BR-00159,P-017817,PR-00223,Hotel Abril S.Com.,2025-07-28,72,108.59,7818.48,Pendiente
O-002450,BR-00159,P-017821,PR-00976,Compañía Arce y asociados S.L.,2025-07-09,74,58.7,4343.8,Recibido
O-002451,BR-00159,P-017851,PR-01486,Grupo Villalba S.Com.,2025-07-27,31,44.28,1372.68,En tránsito
O-002452,BR-00159,P-017864,PR-00202,Restauración del Norte S.Coop.,2025-08-17,71,13.81,980.51,Recibido
O-002453,BR-00159,P-017877,PR-01242,Aguiló y asociados S.L.L.,2025-07-14,30,124.16,3724.8,Recibido
O-002454,BR-00159,P-017878,PR-01242,Aguiló y asociados S.L.L.,2025-08-04,41,13.02,533.82,En tránsito
O-002455,BR-00159,P-017888,PR-01458,Banco Tudela y asociados S.L.U.,2025-07-15,38,140.69,5346.22,Recibido
O-002456,BR-00159,P-017891,PR-01112,Telmo Rueda Sánchez S.C.P,2025-07-23,64,49.72,3182.08,En tránsito
O-002457,BR-00159,P-017893,PR-01295,Compañía Españolas S.A.,2025-07-18,55,8.61,473.55,Pendiente
O-002458,BR-00159,P-017900,PR-00212,Inés Peinado Valls S.A.,2025-07-03,92,46.3,4259.6,En tránsito
O-002459,BR-00159,P-017906,PR-01051,Despacho Moliner S.C.P,2025-07-01,80,74.4,5952.0,En tránsito
O-002460,BR-00159,P-017909,PR-00206,Petrona Roca Juárez S.C.P,2025-08-11,72,15.7,1130.4,En tránsito
O-002461,BR-00159,P-017913,PR-00207,Distribuciones Ramos & Asociados S.C.P,2025-08-14,74,4.32,319.68,Recibido
O-002462,BR-00160,P-017921,PR-01136,Distribuciones EXZ S.Com.,2025-08-25,30,95.96,2878.8,En tránsito
O-002463,BR-00160,P-017922,PR-01136,Distribuciones EXZ S.Com.,2025-08-10,70,93.0,6510.0,Recibido
O-002464,BR-00160,P-017936,PR-00234,Gimeno y Amador S.A.,2025-07-31,43,147.28,6333.04,Recibido
O-002465,BR-00160,P-017939,PR-00636,Compañía Rios S.Coop.,2025-08-02,20,45.19,903.8,En tránsito
O-002466,BR-00160,P-017966,PR-00194,Servicios GHVW S.L.N.E,2025-08-07,85,15.26,1297.1,Recibido
O-002467,BR-00160,P-017972,PR-00196,Finanzas Ramírez S.Coop.,2025-08-23,42,13.87,582.54,En tránsito
O-002468,BR-00160,P-017977,PR-00728,Catalina Bautista Maldonado S.A.D,2025-07-04,90,45.88,4129.2,En tránsito
O-002469,BR-00160,P-017982,PR-00728,Catalina Bautista Maldonado S.A.D,2025-07-19,58,54.59,3166.22,Recibido
O-002470,BR-00160,P-017983,PR-00974,Hnos Casares S.L.N.E,2025-07-12,95,69.42,6594.9,Recibido
O-002471,BR-00160,P-018001,PR-00651,Infraestructuras JTIR S.A.,2025-07-17,100,118.62,11862.0,Recibido
O-002472,BR-00160,P-018010,PR-01025,Instalaciones VA S.Com.,2025-08-25,29,12.07,350.03,Pendiente
O-002473,BR-00160,P-018031,PR-01410,Pera y Rivero S.Com.,2025-08-06,23,68.89,1584.47,Pendiente
O-002474,BR-00160,P-018037,PR-01447,Hnos Carreras S.L.,2025-07-21,82,32.93,2700.26,Recibido
O-002475,BR-00160,P-018038,PR-01447,Hnos Carreras S.L.,2025-07-17,80,115.15,9212.0,Pendiente
O-002476,BR-00160,P-018047,PR-01283,Olivera y asociados S.L.U.,2025-07-15,49,21.14,1035.86,En tránsito
O-002477,BR-00160,P-018053,PR-00206,Petrona Roca Juárez S.C.P,2025-08-27,44,51.88,2282.72,En tránsito
O-002478,BR-00160,P-018063,PR-01085,Infraestructuras DPOU S.L.N.E,2025-08-23,97,86.37,8377.89,Pendiente
O-002479,BR-00160,P-018065,PR-01093,Infraestructuras del Norte S.Com.,2025-08-13,96,43.41,4167.36,Pendiente
O-002480,BR-00161,P-018069,PR-01136,Distribuciones EXZ S.Com.,2025-08-03,27,78.16,2110.32,Recibido
O-002481,BR-00161,P-018076,PR-00232,Campos y Jerez S.A.,2025-08-06,42,102.81,4318.02,Recibido
O-002482,BR-00161,P-018078,PR-00233,Banca Privada Quirós y asociados S.L.U.,2025-07-16,84,48.54,4077.36,En tránsito
O-002483,BR-00161,P-018081,PR-00233,Banca Privada Quirós y asociados S.L.U.,2025-07-22,97,144.86,14051.42,Pendiente
O-002484,BR-00161,P-018099,PR-00222,Grupo Correa S.Com.,2025-07-08,25,100.56,2514.0,En tránsito
O-002485,BR-00161,P-018107,PR-00223,Hotel Abril S.Com.,2025-08-05,89,74.6,6639.4,Pendiente
O-002486,BR-00161,P-018109,PR-00224,Villaverde & Asociados S.Com.,2025-08-18,43,69.31,2980.33,En tránsito
O-002487,BR-00161,P-018118,PR-01473,Soluciones MT S.Coop.,2025-07-14,63,48.94,3083.22,En tránsito
O-002488,BR-00161,P-018121,PR-00194,Servicios GHVW S.L.N.E,2025-08-08,98,8.25,808.5,En tránsito
O-002489,BR-00161,P-018130,PR-00196,Finanzas Ramírez S.Coop.,2025-07-08,79,78.01,6162.79,Recibido
O-002490,BR-00161,P-018135,PR-00197,Familia Herrero S.A.T.,2025-07-01,51,97.75,4985.25,En tránsito
O-002491,BR-00161,P-018137,PR-00197,Familia Herrero S.A.T.,2025-07-15,81,17.05,1381.05,En tránsito
O-002492,BR-00161,P-018158,PR-00679,Herrera y Palomino S.A.,2025-08-26,68,54.14,3681.52,Pendiente
O-002493,BR-00161,P-018167,PR-00203,Comercial RWD S.A.,2025-07-11,33,147.81,4877.73,En tránsito
O-002494,BR-00161,P-018168,PR-00203,Comercial RWD S.A.,2025-08-09,40,97.14,3885.6,Pendiente
O-002495,BR-00161,P-018173,PR-00226,Inmobiliaria Globales S.Com.,2025-07-06,46,58.85,2707.1,Pendiente
O-002496,BR-00161,P-018181,PR-00992,Suministros WJ S.Com.,2025-07-28,82,88.59,7264.38,En tránsito
O-002497,BR-00161,P-018190,PR-01458,Banco Tudela y asociados S.L.U.,2025-07-05,77,99.25,7642.25,Pendiente
O-002498,BR-00161,P-018200,PR-00204,Farmaceútica Globales S.A.,2025-07-02,80,67.18,5374.4,Recibido
O-002499,BR-00161,P-018202,PR-00204,Farmaceútica Globales S.A.,2025-08-08,26,134.44,3495.44,Pendiente
O-002500,BR-00161,P-018203,PR-00204,Farmaceútica Globales S.A.,2025-08-01,85,140.97,11982.45,En tránsito
O-002501,BR-00162,P-018270,PR-01473,Soluciones MT S.Coop.,2025-07-04,86,71.43,6142.98,Pendiente
O-002502,BR-00162,P-018277,PR-00196,Finanzas Ramírez S.Coop.,2025-07-08,39,8.54,333.06,Pendiente
O-002503,BR-00162,P-018279,PR-00196,Finanzas Ramírez S.Coop.,2025-07-01,61,115.57,7049.77,En tránsito
O-002504,BR-00162,P-018282,PR-01307,Transportes Avanzadas S.L.U.,2025-08-08,26,14.57,378.82,Recibido
O-002505,BR-00162,P-018286,PR-00974,Hnos Casares S.L.N.E,2025-08-14,46,134.08,6167.68,Recibido
O-002506,BR-00162,P-018290,PR-00974,Hnos Casares S.L.N.E,2025-07-24,57,89.8,5118.6,Pendiente
O-002507,BR-00162,P-018294,PR-00199,Grupo Dominguez S.C.P,2025-08-08,46,31.17,1433.82,Recibido
O-002508,BR-00162,P-018298,PR-00200,Familia Menéndez S.Coop.,2025-07-15,30,53.44,1603.2,En tránsito
O-002509,BR-00162,P-018302,PR-00201,Hermanos Clemente S.A.,2025-07-26,64,51.72,3310.08,Pendiente
O-002510,BR-00162,P-018306,PR-00202,Restauración del Norte S.Coop.,2025-07-15,86,117.15,10074.9,Pendiente
O-002511,BR-00162,P-018309,PR-01025,Instalaciones VA S.Com.,2025-07-11,98,124.3,12181.4,Recibido
O-002512,BR-00162,P-018310,PR-00202,Restauración del Norte S.Coop.,2025-08-18,70,76.81,5376.7,En tránsito
O-002513,BR-00162,P-018322,PR-00228,Supermercados SH S.A.,2025-07-02,20,64.89,1297.8,Pendiente
O-002514,BR-00162,P-018340,PR-00991,Desarrollo del Sur S.A.,2025-08-11,63,52.55,3310.65,Pendiente
O-002515,BR-00162,P-018344,PR-00204,Farmaceútica Globales S.A.,2025-07-18,24,60.35,1448.4,Recibido
O-002516,BR-00162,P-018345,PR-00205,Salud Miguel Pinilla S.Coop.,2025-07-27,100,64.24,6424.0,En tránsito
O-002517,BR-00162,P-018346,PR-00205,Salud Miguel Pinilla S.Coop.,2025-07-29,64,10.77,689.28,Pendiente
O-002518,BR-00162,P-018361,PR-00745,Grupo Tejada S.Coop.,2025-07-22,20,138.15,2763.0,En tránsito
O-002519,BR-00163,P-018390,PR-00636,Compañía Rios S.Coop.,2025-07-29,100,20.11,2011.0,Recibido
O-002520,BR-00163,P-018391,PR-00636,Compañía Rios S.Coop.,2025-07-17,97,60.82,5899.54,Pendiente
O-002521,BR-00163,P-018392,PR-00636,Compañía Rios S.Coop.,2025-08-19,38,123.28,4684.64,En tránsito
O-002522,BR-00163,P-018399,PR-00755,Inmobiliaria Ríos S.Com.,2025-08-27,72,8.9,640.8,Recibido
O-002523,BR-00163,P-018414,PR-00976,Compañía Arce y asociados S.L.,2025-07-13,47,55.23,2595.81,Pendiente
O-002524,BR-00163,P-018416,PR-00225,Transportes del Mediterráneo S.L.N.E,2025-08-25,81,39.5,3199.5,En tránsito
O-002525,BR-00163,P-018425,PR-01473,Soluciones MT S.Coop.,2025-08-18,21,147.72,3102.12,Pendiente
O-002526,BR-00163,P-018430,PR-01294,Hermanos Salmerón S.L.,2025-08-16,94,128.99,12125.06,En tránsito
O-002527,BR-00163,P-018437,PR-00196,Finanzas Ramírez S.Coop.,2025-07-28,71,114.04,8096.84,Recibido
O-002528,BR-00163,P-018443,PR-01307,Transportes Avanzadas S.L.U.,2025-08-19,100,29.58,2958.0,En tránsito
O-002529,BR-00163,P-018447,PR-00198,Anselma Escobar Calderón S.L.,2025-07-07,48,68.84,3304.32,Recibido
O-002530,BR-00163,P-018453,PR-00200,Familia Menéndez S.Coop.,2025-08-26,48,141.75,6804.0,Pendiente
O-002531,BR-00163,P-018460,PR-00959,Talleres Sabater S.Coop.,2025-07-16,69,36.09,2490.21,Recibido
O-002532,BR-00163,P-018466,PR-00202,Restauración del Norte S.Coop.,2025-07-21,46,74.15,3410.9,Pendiente
O-002533,BR-00163,P-018472,PR-00203,Comercial RWD S.A.,2025-08-21,48,94.74,4547.52,Recibido
O-002534,BR-00164,P-018481,PR-00232,Campos y Jerez S.A.,2025-07-28,48,141.94,6813.12,Pendiente
O-002535,BR-00164,P-018484,PR-00233,Banca Privada Quirós y asociados S.L.U.,2025-08-13,26,118.02,3068.52,Pendiente
O-002536,BR-00164,P-018490,PR-00636,Compañía Rios S.Coop.,2025-07-03,40,55.58,2223.2,Pendiente
O-002537,BR-00164,P-018497,PR-01092,Comercializadora XVV S.L.,2025-07-14,57,124.33,7086.81,En tránsito
O-002538,BR-00164,P-018499,PR-00221,Hermanos Contreras S.Com.,2025-07-28,30,145.89,4376.7,En tránsito
O-002539,BR-00164,P-018504,PR-00222,Grupo Correa S.Com.,2025-08-15,98,63.77,6249.46,En tránsito
O-002540,BR-00164,P-018517,PR-00744,Elpidio Fortuny Toro S.Coop.,2025-08-17,29,118.56,3438.24,Recibido
O-002541,BR-00164,P-018520,PR-00687,Servicios VGKU S.A.,2025-07-22,82,106.24,8711.68,Pendiente
O-002542,BR-00164,P-018528,PR-01294,Hermanos Salmerón S.L.,2025-08-20,87,47.69,4149.03,Pendiente
O-002543,BR-00164,P-018529,PR-01302,Inmobiliaria YTT S.L.,2025-08-18,88,17.44,1534.72,Recibido
O-002544,BR-00164,P-018533,PR-00802,Fábrica Bonet y asociados S.L.N.E,2025-07-06,79,123.89,9787.31,En tránsito
O-002545,BR-00164,P-018537,PR-00728,Catalina Bautista Maldonado S.A.D,2025-08-26,91,32.76,2981.16,Pendiente
O-002546,BR-00164,P-018544,PR-01349,Restauración Gallego y asociados S.A.,2025-07-22,51,129.43,6600.93,En tránsito
O-002547,BR-00164,P-018564,PR-00203,Comercial RWD S.A.,2025-08-01,25,54.18,1354.5,En tránsito
O-002548,BR-00164,P-018566,PR-00203,Comercial RWD S.A.,2025-07-29,91,141.81,12904.71,En tránsito
O-002549,BR-00165,P-018569,PR-01136,Distribuciones EXZ S.Com.,2025-08-22,77,21.42,1649.34,En tránsito
O-002550,BR-00165,P-018570,PR-01136,Distribuciones EXZ S.Com.,2025-07-02,62,126.47,7841.14,En tránsito
O-002551,BR-00165,P-018574,PR-00232,Campos y Jerez S.A.,2025-07-26,29,134.64,3904.56,Pendiente
O-002552,BR-00165,P-018580,PR-00233,Banca Privada Quirós y asociados S.L.U.,2025-07-11,73,102.18,7459.14,Recibido
O-002553,BR-00165,P-018587,PR-00234,Gimeno y Amador S.A.,2025-07-12,64,108.42,6938.88,Recibido
O-002554,BR-00165,P-018589,PR-00234,Gimeno y Amador S.A.,2025-08-10,34,33.23,1129.82,Recibido
O-002555,BR-00165,P-018593,PR-00235,Servicios Vicente S.L.,2025-07-04,72,63.53,4574.16,En tránsito
O-002556,BR-00165,P-018596,PR-00636,Compañía Rios S.Coop.,2025-07-23,66,51.24,3381.84,Recibido
O-002557,BR-00165,P-018597,PR-01092,Comercializadora XVV S.L.,2025-06-30,100,69.37,6937.0,Pendiente
O-002558,BR-00165,P-018613,PR-00744,Elpidio Fortuny Toro S.Coop.,2025-08-11,83,12.24,1015.92,Recibido
O-002559,BR-00165,P-018615,PR-00224,Villaverde & Asociados S.Com.,2025-08-28,91,107.33,9767.03,En tránsito
O-002560,BR-00165,P-018623,PR-00976,Compañía Arce y asociados S.L.,2025-08-23,88,82.3,7242.4,Pendiente
O-002561,BR-00165,P-018647,PR-00198,Anselma Escobar Calderón S.L.,2025-07-15,20,2.63,52.6,Pendiente
O-002562,BR-00165,P-018651,PR-00199,Grupo Dominguez S.C.P,2025-07-18,33,120.43,3974.19,Pendiente
O-002563,BR-00165,P-018667,PR-00201,Hermanos Clemente S.A.,2025-08-11,36,91.68,3300.48,En tránsito
O-002564,BR-00165,P-018671,PR-01025,Instalaciones VA S.Com.,2025-07-04,89,56.26,5007.14,Recibido
O-002565,BR-00166,P-018688,PR-00859,Grupo Vilar S.L.N.E,2025-08-25,26,125.57,3264.82,En tránsito
O-002566,BR-00166,P-018693,PR-00234,Gimeno y Amador S.A.,2025-07-21,66,67.56,4458.96,Recibido
O-002567,BR-00166,P-018704,PR-00221,Hermanos Contreras S.Com.,2025-08-10,31,87.45,2710.95,Recibido
O-002568,BR-00166,P-018707,PR-01092,Comercializadora XVV S.L.,2025-07-15,32,104.11,3331.52,Recibido
O-002569,BR-00166,P-018713,PR-00223,Hotel Abril S.Com.,2025-07-29,89,133.7,11899.3,En tránsito
O-002570,BR-00166,P-018715,PR-00223,Hotel Abril S.Com.,2025-08-19,84,62.52,5251.68,En tránsito
O-002571,BR-00166,P-018718,PR-00224,Villaverde & Asociados S.Com.,2025-08-28,81,45.47,3683.07,Pendiente
O-002572,BR-00166,P-018732,PR-01473,Soluciones MT S.Coop.,2025-07-02,91,21.02,1912.82,En tránsito
O-002573,BR-00166,P-018733,PR-00194,Servicios GHVW S.L.N.E,2025-08-20,58,51.14,2966.12,Recibido
O-002574,BR-00166,P-018746,PR-01307,Transportes Avanzadas S.L.U.,2025-08-19,36,125.32,4511.52,En tránsito
O-002575,BR-00166,P-018757,PR-01349,Restauración Gallego y asociados S.A.,2025-07-24,58,96.35,5588.3,En tránsito
O-002576,BR-00167,P-018792,PR-00859,Grupo Vilar S.L.N.E,2025-07-29,51,103.8,5293.8,En tránsito
O-002577,BR-00167,P-018819,PR-00222,Grupo Correa S.Com.,2025-08-26,56,24.44,1368.64,En tránsito
O-002578,BR-00167,P-018837,PR-01473,Soluciones MT S.Coop.,2025-07-03,77,55.91,4305.07,Recibido
O-002579,BR-00167,P-018840,PR-01473,Soluciones MT S.Coop.,2025-07-24,59,99.57,5874.63,Pendiente
O-002580,BR-00167,P-018842,PR-01294,Hermanos Salmerón S.L.,2025-07-25,70,113.89,7972.3,Pendiente
O-002581,BR-00167,P-018843,PR-01302,Inmobiliaria YTT S.L.,2025-07-30,46,10.88,500.48,Recibido
O-002582,BR-00167,P-018849,PR-00196,Finanzas Ramírez S.Coop.,2025-07-26,93,118.23,10995.39,Recibido
O-002583,BR-00167,P-018851,PR-01223,Hnos Manrique S.Coop.,2025-07-05,56,109.95,6157.2,Pendiente
O-002584,BR-00167,P-018858,PR-00198,Anselma Escobar Calderón S.L.,2025-08-23,50,51.07,2553.5,Pendiente
O-002585,BR-00167,P-018861,PR-00974,Hnos Casares S.L.N.E,2025-08-24,96,147.67,14176.32,Recibido
O-002586,BR-00167,P-018876,PR-00651,Infraestructuras JTIR S.A.,2025-07-24,92,134.83,12404.36,Pendiente
O-002587,BR-00167,P-018881,PR-01025,Instalaciones VA S.Com.,2025-08-12,46,46.23,2126.58,Recibido
O-002588,BR-00167,P-018887,PR-00203,Comercial RWD S.A.,2025-07-03,78,31.64,2467.92,Pendiente
O-002589,BR-00168,P-018892,PR-01136,Distribuciones EXZ S.Com.,2025-08-13,62,53.3,3304.6,Recibido
O-002590,BR-00168,P-018901,PR-00232,Campos y Jerez S.A.,2025-08-11,85,138.0,11730.0,Pendiente
O-002591,BR-00168,P-018902,PR-00233,Banca Privada Quirós y asociados S.L.U.,2025-07-06,67,73.99,4957.33,En tránsito
O-002592,BR-00168,P-018935,PR-00224,Villaverde & Asociados S.Com.,2025-07-23,91,17.08,1554.28,En tránsito
O-002593,BR-00168,P-018946,PR-01473,Soluciones MT S.Coop.,2025-07-13,47,52.27,2456.69,En tránsito
O-002594,BR-00168,P-018956,PR-00802,Fábrica Bonet y asociados S.L.N.E,2025-07-22,26,85.67,2227.42,En tránsito
O-002595,BR-00168,P-018966,PR-01307,Transportes Avanzadas S.L.U.,2025-07-26,66,142.11,9379.26,En tránsito
O-002596,BR-00168,P-018982,PR-00199,Grupo Dominguez S.C.P,2025-08-19,51,149.99,7649.49,En tránsito
O-002597,BR-00168,P-018987,PR-00200,Familia Menéndez S.Coop.,2025-07-28,32,101.9,3260.8,Pendiente
O-002598,BR-00168,P-018989,PR-00679,Herrera y Palomino S.A.,2025-07-11,41,50.53,2071.73,Recibido
O-002599,BR-00168,P-018997,PR-01025,Instalaciones VA S.Com.,2025-07-14,61,34.36,2095.96,En tránsito
O-002600,BR-00169,P-019002,PR-01136,Distribuciones EXZ S.Com.,2025-08-02,46,54.2,2493.2,Pendiente
O-002601,BR-00169,P-019009,PR-00233,Banca Privada Quirós y asociados S.L.U.,2025-07-02,51,134.99,6884.49,En tránsito
O-002602,BR-00169,P-019014,PR-00233,Banca Privada Quirós y asociados S.L.U.,2025-08-13,74,30.58,2262.92,Pendiente
O-002603,BR-00169,P-019025,PR-00221,Hermanos Contreras S.Com.,2025-08-07,54,49.62,2679.48,Recibido
O-002604,BR-00169,P-019029,PR-00222,Grupo Correa S.Com.,2025-08-14,67,138.12,9254.04,Recibido
O-002605,BR-00169,P-019037,PR-00223,Hotel Abril S.Com.,2025-08-23,45,110.56,4975.2,En tránsito
O-002606,BR-00169,P-019059,PR-01302,Inmobiliaria YTT S.L.,2025-07-14,94,11.63,1093.22,En tránsito
O-002607,BR-00169,P-019062,PR-00802,Fábrica Bonet y asociados S.L.N.E,2025-07-17,51,63.05,3215.55,Pendiente
O-002608,BR-00169,P-019065,PR-00197,Familia Herrero S.A.T.,2025-07-13,40,95.22,3808.8,En tránsito
O-002609,BR-00169,P-019075,PR-00199,Grupo Dominguez S.C.P,2025-08-21,43,139.03,5978.29,Recibido
O-002610,BR-00169,P-019076,PR-00199,Grupo Dominguez S.C.P,2025-08-17,53,65.92,3493.76,Recibido
O-002611,BR-00169,P-019080,PR-00199,Grupo Dominguez S.C.P,2025-08-15,92,79.92,7352.64,Pendiente
O-002612,BR-00169,P-019085,PR-00200,Familia Menéndez S.Coop.,2025-08-10,36,129.74,4670.64,En tránsito
O-002613,BR-00169,P-019093,PR-00202,Restauración del Norte S.Coop.,2025-08-26,40,37.77,1510.8,En tránsito
O-002614,BR-00169,P-019102,PR-00874,Familia Marí S.A.,2025-08-23,90,6.36,572.4,Recibido
O-002615,BR-00170,P-019104,PR-01136,Distribuciones EXZ S.Com.,2025-07-29,58,81.78,4743.24,Pendiente
O-002616,BR-00170,P-019107,PR-00859,Grupo Vilar S.L.N.E,2025-08-21,52,90.88,4725.76,Recibido
O-002617,BR-00170,P-019113,PR-00233,Banca Privada Quirós y asociados S.L.U.,2025-07-25,32,108.85,3483.2,Pendiente
O-002618,BR-00170,P-019118,PR-00234,Gimeno y Amador S.A.,2025-07-20,95,50.36,4784.2,En tránsito
O-002619,BR-00170,P-019120,PR-00234,Gimeno y Amador S.A.,2025-08-23,29,14.65,424.85,Pendiente
O-002620,BR-00170,P-019125,PR-00636,Compañía Rios S.Coop.,2025-07-05,85,9.81,833.85,En tránsito
O-002621,BR-00170,P-019134,PR-00222,Grupo Correa S.Com.,2025-08-23,69,9.55,658.95,En tránsito
O-002622,BR-00170,P-019141,PR-00223,Hotel Abril S.Com.,2025-07-19,24,83.15,1995.6,Recibido
O-002623,BR-00170,P-019142,PR-00809,Fajardo y asociados S.Com.,2025-07-28,71,4.19,297.49,Pendiente
O-002624,BR-00170,P-019162,PR-00196,Finanzas Ramírez S.Coop.,2025-08-27,53,71.11,3768.83,Recibido
O-002625,BR-00170,P-019164,PR-00196,Finanzas Ramírez S.Coop.,2025-06-30,98,13.7,1342.6,Pendiente
O-002626,BR-00170,P-019165,PR-00802,Fábrica Bonet y asociados S.L.N.E,2025-07-28,40,19.49,779.6,Recibido
O-002627,BR-00170,P-019171,PR-00728,Catalina Bautista Maldonado S.A.D,2025-08-19,52,15.5,806.0,En tránsito
O-002628,BR-00170,P-019172,PR-00974,Hnos Casares S.L.N.E,2025-07-07,84,147.38,12379.92,Pendiente
O-002629,BR-00170,P-019174,PR-00974,Hnos Casares S.L.N.E,2025-06-30,98,75.78,7426.44,En tránsito
O-002630,BR-00170,P-019175,PR-00974,Hnos Casares S.L.N.E,2025-08-25,26,105.28,2737.28,Pendiente
O-002631,BR-00170,P-019176,PR-00974,Hnos Casares S.L.N.E,2025-08-06,42,45.77,1922.34,Recibido
O-002632,BR-00170,P-019177,PR-00974,Hnos Casares S.L.N.E,2025-08-01,90,18.7,1683.0,Recibido
O-002633,BR-00170,P-019182,PR-00200,Familia Menéndez S.Coop.,2025-08-14,35,140.0,4900.0,Pendiente
O-002634,BR-00171,P-019209,PR-00234,Gimeno y Amador S.A.,2025-07-30,88,94.79,8341.52,En tránsito
O-002635,BR-00171,P-019210,PR-00234,Gimeno y Amador S.A.,2025-08-15,51,94.46,4817.46,Pendiente
O-002636,BR-00171,P-019225,PR-00222,Grupo Correa S.Com.,2025-08-04,80,45.43,3634.4,En tránsito
O-002637,BR-00171,P-019227,PR-00223,Hotel Abril S.Com.,2025-08-13,35,7.72,270.2,Pendiente
O-002638,BR-00171,P-019231,PR-00223,Hotel Abril S.Com.,2025-07-24,26,94.07,2445.82,Recibido
O-002639,BR-00171,P-019259,PR-00196,Finanzas Ramírez S.Coop.,2025-08-15,21,33.01,693.21,Recibido
O-002640,BR-00171,P-019261,PR-00197,Familia Herrero S.A.T.,2025-07-28,41,19.57,802.37,Recibido
O-002641,BR-00171,P-019265,PR-00974,Hnos Casares S.L.N.E,2025-07-26,22,104.92,2308.24,Recibido
O-002642,BR-00171,P-019272,PR-00200,Familia Menéndez S.Coop.,2025-07-10,42,59.08,2481.36,Recibido
O-002643,BR-00171,P-019274,PR-00200,Familia Menéndez S.Coop.,2025-07-05,72,12.93,930.96,En tránsito
O-002644,BR-00171,P-019282,PR-00679,Herrera y Palomino S.A.,2025-07-22,37,110.31,4081.47,Recibido
O-002645,BR-00171,P-019286,PR-00202,Restauración del Norte S.Coop.,2025-07-24,55,11.8,649.0,Pendiente
O-002646,BR-00172,P-019320,PR-00222,Grupo Correa S.Com.,2025-07-31,54,25.28,1365.12,Recibido
O-002647,BR-00172,P-019323,PR-00222,Grupo Correa S.Com.,2025-08-27,21,3.45,72.45,En tránsito
O-002648,BR-00172,P-019324,PR-00222,Grupo Correa S.Com.,2025-08-15,79,64.0,5056.0,Pendiente
O-002649,BR-00172,P-019328,PR-00223,Hotel Abril S.Com.,2025-07-22,38,142.31,5407.78,Recibido
O-002650,BR-00172,P-019336,PR-00976,Compañía Arce y asociados S.L.,2025-08-21,53,105.04,5567.12,En tránsito
O-002651,BR-00172,P-019340,PR-00194,Servicios GHVW S.L.N.E,2025-08-15,75,98.26,7369.5,Recibido
O-002652,BR-00172,P-019342,PR-00194,Servicios GHVW S.L.N.E,2025-08-06,33,44.26,1460.58,Pendiente
O-002653,BR-00172,P-019351,PR-00195,Talleres GNUE S.Coop.,2025-07-05,75,101.71,7628.25,Recibido
O-002654,BR-00172,P-019353,PR-00802,Fábrica Bonet y asociados S.L.N.E,2025-08-23,35,79.97,2798.95,Recibido
O-002655,BR-00172,P-019355,PR-00196,Finanzas Ramírez S.Coop.,2025-07-12,24,45.02,1080.48,Pendiente
O-002656,BR-00172,P-019356,PR-00802,Fábrica Bonet y asociados S.L.N.E,2025-07-23,38,36.78,1397.64,Pendiente
O-002657,BR-00172,P-019357,PR-00802,Fábrica Bonet y asociados S.L.N.E,2025-07-16,43,28.18,1211.74,Pendiente
O-002658,BR-00172,P-019359,PR-00728,Catalina Bautista Maldonado S.A.D,2025-07-13,29,107.29,3111.41,Recibido
O-002659,BR-00172,P-019364,PR-00198,Anselma Escobar Calderón S.L.,2025-07-01,30,66.42,1992.6,Recibido
O-002660,BR-00172,P-019369,PR-01486,Grupo Villalba S.Com.,2025-08-19,21,29.77,625.17,Pendiente
O-002661,BR-00172,P-019373,PR-00200,Familia Menéndez S.Coop.,2025-07-24,96,113.12,10859.52,Recibido
O-002662,BR-00172,P-019375,PR-00200,Familia Menéndez S.Coop.,2025-07-19,70,73.14,5119.8,Recibido
O-002663,BR-00172,P-019384,PR-00202,Restauración del Norte S.Coop.,2025-08-16,50,21.04,1052.0,Recibido
O-002664,BR-00172,P-019389,PR-00874,Familia Marí S.A.,2025-08-24,95,129.66,12317.7,Recibido
O-002665,BR-00172,P-019390,PR-00203,Comercial RWD S.A.,2025-08-07,91,71.42,6499.22,En tránsito
O-002666,BR-00173,P-019397,PR-00232,Campos y Jerez S.A.,2025-08-08,67,28.64,1918.88,Pendiente
O-002667,BR-00173,P-019406,PR-00234,Gimeno y Amador S.A.,2025-07-07,49,88.86,4354.14,Pendiente
O-002668,BR-00173,P-019407,PR-00234,Gimeno y Amador S.A.,2025-07-01,88,147.74,13001.12,En tránsito
O-002669,BR-00173,P-019410,PR-00636,Compañía Rios S.Coop.,2025-08-17,77,54.14,4168.78,En tránsito
O-002670,BR-00173,P-019414,PR-00755,Inmobiliaria Ríos S.Com.,2025-07-20,92,108.09,9944.28,En tránsito
O-002671,BR-00173,P-019422,PR-00222,Grupo Correa S.Com.,2025-07-23,55,63.38,3485.9,Recibido
O-002672,BR-00173,P-019423,PR-00222,Grupo Correa S.Com.,2025-08-05,44,20.41,898.04,Recibido
O-002673,BR-00173,P-019430,PR-00223,Hotel Abril S.Com.,2025-08-25,93,67.12,6242.16,Recibido
O-002674,BR-00173,P-019459,PR-01307,Transportes Avanzadas S.L.U.,2025-07-20,37,29.2,1080.4,En tránsito
O-002675,BR-00173,P-019472,PR-00200,Familia Menéndez S.Coop.,2025-07-21,28,48.66,1362.48,Recibido
O-002676,BR-00173,P-019485,PR-01025,Instalaciones VA S.Com.,2025-07-16,52,128.13,6662.76,En tránsito
O-002677,BR-00173,P-019489,PR-00874,Familia Marí S.A.,2025-07-17,74,120.66,8928.84,Pendiente
O-002678,BR-00174,P-019499,PR-00232,Campos y Jerez S.A.,2025-07-24,95,141.68,13459.6,En tránsito
O-002679,BR-00174,P-019507,PR-00233,Banca Privada Quirós y asociados S.L.U.,2025-07-19,84,101.01,8484.84,Pendiente
O-002680,BR-00174,P-019516,PR-01404,Hermanos Gárate S.A.D,2025-07-30,85,137.32,11672.2,Pendiente
O-002681,BR-00174,P-019517,PR-01404,Hermanos Gárate S.A.D,2025-07-06,99,142.53,14110.47,Recibido
O-002682,BR-00174,P-019532,PR-00222,Grupo Correa S.Com.,2025-07-15,42,28.2,1184.4,Recibido
O-002683,BR-00174,P-019539,PR-00809,Fajardo y asociados S.Com.,2025-08-06,73,98.04,7156.92,En tránsito
O-002684,BR-00174,P-019554,PR-01294,Hermanos Salmerón S.L.,2025-08-27,39,73.04,2848.56,Pendiente
O-002685,BR-00174,P-019561,PR-00196,Finanzas Ramírez S.Coop.,2025-08-10,38,126.39,4802.82,Pendiente
O-002686,BR-00174,P-019564,PR-00728,Catalina Bautista Maldonado S.A.D,2025-08-03,40,36.43,1457.2,Recibido
O-002687,BR-00174,P-019566,PR-01223,Hnos Manrique S.Coop.,2025-07-12,94,55.04,5173.76,Recibido
O-002688,BR-00174,P-019570,PR-00198,Anselma Escobar Calderón S.L.,2025-06-30,79,14.13,1116.27,En tránsito
O-002689,BR-00174,P-019573,PR-00974,Hnos Casares S.L.N.E,2025-08-15,38,115.13,4374.94,En tránsito
O-002690,BR-00174,P-019574,PR-01486,Grupo Villalba S.Com.,2025-07-10,96,112.89,10837.44,Pendiente
O-002691,BR-00174,P-019575,PR-01486,Grupo Villalba S.Com.,2025-06-30,96,52.79,5067.84,En tránsito
O-002692,BR-00174,P-019578,PR-01486,Grupo Villalba S.Com.,2025-07-03,73,58.77,4290.21,Pendiente
O-002693,BR-00174,P-019580,PR-01349,Restauración Gallego y asociados S.A.,2025-07-27,36,139.86,5034.96,Recibido
O-002694,BR-00175,P-019607,PR-00232,Campos y Jerez S.A.,2025-08-14,32,99.62,3187.84,Pendiente
O-002695,BR-00175,P-019608,PR-00232,Campos y Jerez S.A.,2025-08-21,63,66.05,4161.15,Pendiente
O-002696,BR-00175,P-019617,PR-00233,Banca Privada Quirós y asociados S.L.U.,2025-07-13,30,39.31,1179.3,En tránsito
O-002697,BR-00175,P-019631,PR-01092,Comercializadora XVV S.L.,2025-07-29,79,73.95,5842.05,Recibido
O-002698,BR-00175,P-019658,PR-01294,Hermanos Salmerón S.L.,2025-06-30,90,148.42,13357.8,En tránsito
O-002699,BR-00175,P-019668,PR-00198,Anselma Escobar Calderón S.L.,2025-07-24,89,67.72,6027.08,En tránsito
O-002700,BR-00175,P-019671,PR-00974,Hnos Casares S.L.N.E,2025-06-30,61,54.38,3317.18,Pendiente
O-002701,BR-00175,P-019672,PR-00198,Anselma Escobar Calderón S.L.,2025-08-10,36,36.45,1312.2,En tránsito
O-002702,BR-00175,P-019674,PR-01486,Grupo Villalba S.Com.,2025-08-13,25,8.96,224.0,Pendiente
O-002703,BR-00175,P-019683,PR-00200,Familia Menéndez S.Coop.,2025-08-18,77,15.34,1181.18,Pendiente
O-002704,BR-00175,P-019694,PR-01025,Instalaciones VA S.Com.,2025-08-28,22,54.05,1189.1,Recibido
O-002705,BR-00175,P-019695,PR-01025,Instalaciones VA S.Com.,2025-08-23,39,16.16,630.24,Recibido
O-002706,BR-00176,P-019701,PR-00231,Minería Sanabria & Asociados S.A.,2025-07-03,84,78.61,6603.24,En tránsito
O-002707,BR-00176,P-019704,PR-01136,Distribuciones EXZ S.Com.,2025-08-13,100,80.19,8019.0,En tránsito
O-002708,BR-00176,P-019711,PR-00233,Banca Privada Quirós y asociados S.L.U.,2025-07-19,68,58.82,3999.76,En tránsito
O-002709,BR-00176,P-019712,PR-00233,Banca Privada Quirós y asociados S.L.U.,2025-07-04,58,21.71,1259.18,En tránsito
O-002710,BR-00176,P-019714,PR-00233,Banca Privada Quirós y asociados S.L.U.,2025-08-13,30,124.15,3724.5,Recibido
O-002711,BR-00176,P-019718,PR-00234,Gimeno y Amador S.A.,2025-07-04,41,84.06,3446.46,Pendiente
O-002712,BR-00176,P-019727,PR-00636,Compañía Rios S.Coop.,2025-07-28,52,51.07,2655.64,En tránsito
O-002713,BR-00176,P-019730,PR-00755,Inmobiliaria Ríos S.Com.,2025-08-08,82,39.21,3215.22,Recibido
O-002714,BR-00176,P-019735,PR-00222,Grupo Correa S.Com.,2025-07-30,88,81.45,7167.6,En tránsito
O-002715,BR-00176,P-019745,PR-00744,Elpidio Fortuny Toro S.Coop.,2025-07-25,49,132.73,6503.77,Pendiente
O-002716,BR-00176,P-019770,PR-00197,Familia Herrero S.A.T.,2025-07-04,54,107.57,5808.78,En tránsito
O-002717,BR-00176,P-019774,PR-00198,Anselma Escobar Calderón S.L.,2025-08-28,49,33.71,1651.79,Pendiente
O-002718,BR-00176,P-019778,PR-01349,Restauración Gallego y asociados S.A.,2025-07-26,33,119.09,3929.97,Pendiente
O-002719,BR-00176,P-019784,PR-00200,Familia Menéndez S.Coop.,2025-08-04,81,101.01,8181.81,En tránsito
O-002720,BR-00176,P-019789,PR-00201,Hermanos Clemente S.A.,2025-08-09,54,42.04,2270.16,Pendiente
O-002721,BR-00176,P-019790,PR-01025,Instalaciones VA S.Com.,2025-07-18,82,35.62,2920.84,Pendiente
O-002722,BR-00176,P-019792,PR-01025,Instalaciones VA S.Com.,2025-08-19,82,16.46,1349.72,Pendiente
O-002723,BR-00176,P-019793,PR-00202,Restauración del Norte S.Coop.,2025-08-27,79,142.91,11289.89,En tránsito
O-002724,BR-00177,P-019818,PR-00233,Banca Privada Quirós y asociados S.L.U.,2025-08-24,79,58.18,4596.22,Pendiente
O-002725,BR-00177,P-019823,PR-00636,Compañía Rios S.Coop.,2025-07-23,99,54.69,5414.31,Pendiente
O-002726,BR-00177,P-019837,PR-00222,Grupo Correa S.Com.,2025-07-24,75,149.96,11247.0,Pendiente
O-002727,BR-00177,P-019846,PR-00819,Finanzas Simó S.L.N.E,2025-08-15,45,98.85,4448.25,En tránsito
O-002728,BR-00177,P-019850,PR-00976,Compañía Arce y asociados S.L.,2025-08-11,68,47.35,3219.8,En tránsito
O-002729,BR-00177,P-019851,PR-00687,Servicios VGKU S.A.,2025-07-14,49,76.7,3758.3,Pendiente
O-002730,BR-00177,P-019862,PR-01294,Hermanos Salmerón S.L.,2025-08-27,38,52.57,1997.66,Pendiente
O-002731,BR-00177,P-019872,PR-00974,Hnos Casares S.L.N.E,2025-08-11,89,54.44,4845.16,Pendiente
O-002732,BR-00177,P-019875,PR-00198,Anselma Escobar Calderón S.L.,2025-08-04,44,96.01,4224.44,En tránsito
O-002733,BR-00177,P-019876,PR-00974,Hnos Casares S.L.N.E,2025-08-21,94,3.22,302.68,Recibido
O-002734,BR-00177,P-019891,PR-00959,Talleres Sabater S.Coop.,2025-08-05,83,63.78,5293.74,Recibido
O-002735,BR-00177,P-019896,PR-01025,Instalaciones VA S.Com.,2025-08-12,95,75.58,7180.1,Pendiente
O-002736,BR-00177,P-019905,PR-00203,Comercial RWD S.A.,2025-08-22,93,136.82,12724.26,Pendiente
O-002737,BR-00178,P-019906,PR-01136,Distribuciones EXZ S.Com.,2025-08-19,76,44.76,3401.76,Pendiente
O-002738,BR-00178,P-019907,PR-00231,Minería Sanabria & Asociados S.A.,2025-08-25,34,27.38,930.92,En tránsito
O-002739,BR-00178,P-019916,PR-00233,Banca Privada Quirós y asociados S.L.U.,2025-07-23,26,6.66,173.16,Recibido
O-002740,BR-00178,P-019917,PR-00233,Banca Privada Quirós y asociados S.L.U.,2025-08-19,70,31.14,2179.8,Recibido
O-002741,BR-00178,P-019918,PR-00233,Banca Privada Quirós y asociados S.L.U.,2025-08-16,46,31.28,1438.88,En tránsito
O-002742,BR-00178,P-019923,PR-00234,Gimeno y Amador S.A.,2025-07-14,73,99.63,7272.99,Pendiente
O-002743,BR-00178,P-019926,PR-00234,Gimeno y Amador S.A.,2025-06-30,38,47.54,1806.52,En tránsito
O-002744,BR-00178,P-019932,PR-00221,Hermanos Contreras S.Com.,2025-07-17,48,127.49,6119.52,En tránsito
O-002745,BR-00178,P-019945,PR-00223,Hotel Abril S.Com.,2025-07-17,64,45.23,2894.72,En tránsito
O-002746,BR-00178,P-019948,PR-00223,Hotel Abril S.Com.,2025-08-06,46,22.17,1019.82,Recibido
O-002747,BR-00178,P-019970,PR-01302,Inmobiliaria YTT S.L.,2025-08-03,57,37.38,2130.66,Pendiente
O-002748,BR-00178,P-019975,PR-00802,Fábrica Bonet y asociados S.L.N.E,2025-07-01,80,99.29,7943.2,Pendiente
O-002749,BR-00178,P-019986,PR-00974,Hnos Casares S.L.N.E,2025-08-26,66,66.11,4363.26,Recibido
O-002750,BR-00179,P-020001,PR-00233,Banca Privada Quirós y asociados S.L.U.,2025-07-10,90,23.26,2093.4,Pendiente
O-002751,BR-00179,P-020003,PR-00233,Banca Privada Quirós y asociados S.L.U.,2025-07-29,61,126.56,7720.16,En tránsito
O-002752,BR-00179,P-020005,PR-00234,Gimeno y Amador S.A.,2025-07-09,85,17.88,1519.8,En tránsito
O-002753,BR-00179,P-020023,PR-00223,Hotel Abril S.Com.,2025-08-01,40,52.97,2118.8,En tránsito
O-002754,BR-00179,P-020029,PR-00819,Finanzas Simó S.L.N.E,2025-07-06,50,34.01,1700.5,En tránsito
O-002755,BR-00179,P-020031,PR-00224,Villaverde & Asociados S.Com.,2025-07-24,76,106.83,8119.08,En tránsito
O-002756,BR-00179,P-020049,PR-01302,Inmobiliaria YTT S.L.,2025-08-21,50,19.06,953.0,Pendiente
O-002757,BR-00179,P-020050,PR-00802,Fábrica Bonet y asociados S.L.N.E,2025-07-01,63,147.61,9299.43,Recibido
O-002758,BR-00179,P-020056,PR-00728,Catalina Bautista Maldonado S.A.D,2025-07-23,38,68.84,2615.92,Recibido
O-002759,BR-00180,P-020079,PR-00233,Banca Privada Quirós y asociados S.L.U.,2025-08-05,77,110.05,8473.85,En tránsito
O-002760,BR-00180,P-020104,PR-00223,Hotel Abril S.Com.,2025-07-12,32,131.08,4194.56,En tránsito
O-002761,BR-00180,P-020111,PR-00809,Fajardo y asociados S.Com.,2025-08-05,92,74.97,6897.24,Recibido
O-002762,BR-00180,P-020118,PR-00976,Compañía Arce y asociados S.L.,2025-07-09,57,34.28,1953.96,En tránsito
O-002763,BR-00180,P-020119,PR-00976,Compañía Arce y asociados S.L.,2025-08-02,41,127.04,5208.64,Pendiente
O-002764,BR-00180,P-020123,PR-00195,Talleres GNUE S.Coop.,2025-07-21,70,113.27,7928.9,Recibido
O-002765,BR-00180,P-020127,PR-00802,Fábrica Bonet y asociados S.L.N.E,2025-08-15,96,71.52,6865.92,En tránsito
O-002766,BR-00180,P-020128,PR-00196,Finanzas Ramírez S.Coop.,2025-08-10,53,140.13,7426.89,En tránsito
O-002767,BR-00180,P-020134,PR-01307,Transportes Avanzadas S.L.U.,2025-08-21,93,72.72,6762.96,Pendiente
O-002768,BR-00180,P-020135,PR-01223,Hnos Manrique S.Coop.,2025-07-26,51,8.27,421.77,Recibido
O-002769,BR-00180,P-020136,PR-00198,Anselma Escobar Calderón S.L.,2025-07-01,79,109.16,8623.64,Recibido
O-002770,BR-00181,P-020141,PR-01136,Distribuciones EXZ S.Com.,2025-08-17,45,147.91,6655.95,Pendiente
O-002771,BR-00181,P-020148,PR-00232,Campos y Jerez S.A.,2025-07-28,73,142.29,10387.17,Pendiente
O-002772,BR-00181,P-020166,PR-00235,Servicios Vicente S.L.,2025-07-02,49,104.5,5120.5,Pendiente
O-002773,BR-00181,P-020169,PR-01092,Comercializadora XVV S.L.,2025-08-02,80,139.69,11175.2,Recibido
O-002774,BR-00181,P-020172,PR-00222,Grupo Correa S.Com.,2025-08-01,28,8.35,233.8,Pendiente
O-002775,BR-00181,P-020175,PR-00223,Hotel Abril S.Com.,2025-07-25,28,89.32,2500.96,Recibido
O-002776,BR-00181,P-020180,PR-00809,Fajardo y asociados S.Com.,2025-08-24,89,54.62,4861.18,En tránsito
O-002777,BR-00181,P-020182,PR-00809,Fajardo y asociados S.Com.,2025-08-24,28,21.36,598.08,En tránsito
O-002778,BR-00181,P-020187,PR-00976,Compañía Arce y asociados S.L.,2025-07-15,35,113.57,3974.95,Pendiente
O-002779,BR-00181,P-020210,PR-00198,Anselma Escobar Calderón S.L.,2025-07-01,90,61.22,5509.8,Pendiente
O-002780,BR-00182,P-020221,PR-00233,Banca Privada Quirós y asociados S.L.U.,2025-08-10,41,103.49,4243.09,Pendiente
O-002781,BR-00182,P-020239,PR-00222,Grupo Correa S.Com.,2025-08-20,75,98.83,7412.25,Pendiente
O-002782,BR-00182,P-020242,PR-00222,Grupo Correa S.Com.,2025-08-14,46,39.5,1817.0,Pendiente
O-002783,BR-00182,P-020261,PR-01302,Inmobiliaria YTT S.L.,2025-07-24,52,18.78,976.56,En tránsito
O-002784,BR-00182,P-020263,PR-00195,Talleres GNUE S.Coop.,2025-08-26,28,61.77,1729.56,Pendiente
O-002785,BR-00182,P-020272,PR-00196,Finanzas Ramírez S.Coop.,2025-08-19,28,26.9,753.2,Recibido
O-002786,BR-00182,P-020281,PR-00974,Hnos Casares S.L.N.E,2025-07-12,62,79.5,4929.0,En tránsito
O-002787,BR-00183,P-020287,PR-00232,Campos y Jerez S.A.,2025-08-04,37,35.1,1298.7,En tránsito
O-002788,BR-00183,P-020296,PR-00233,Banca Privada Quirós y asociados S.L.U.,2025-08-06,27,82.72,2233.44,Pendiente
O-002789,BR-00183,P-020309,PR-00755,Inmobiliaria Ríos S.Com.,2025-07-18,64,29.98,1918.72,En tránsito
O-002790,BR-00183,P-020312,PR-01092,Comercializadora XVV S.L.,2025-08-15,71,48.53,3445.63,Pendiente
O-002791,BR-00183,P-020313,PR-00222,Grupo Correa S.Com.,2025-08-23,44,31.65,1392.6,Pendiente
O-002792,BR-00183,P-020319,PR-00222,Grupo Correa S.Com.,2025-08-15,40,129.95,5198.0,Recibido
O-002793,BR-00183,P-020333,PR-00976,Compañía Arce y asociados S.L.,2025-08-17,43,45.65,1962.95,Pendiente
O-002794,BR-00183,P-020339,PR-00976,Compañía Arce y asociados S.L.,2025-07-17,87,57.4,4993.8,Pendiente
O-002795,BR-00183,P-020345,PR-01473,Soluciones MT S.Coop.,2025-07-28,67,69.03,4625.01,Recibido
O-002796,BR-00183,P-020351,PR-00196,Finanzas Ramírez S.Coop.,2025-07-02,29,56.21,1630.09,En tránsito
O-002797,BR-00183,P-020352,PR-00196,Finanzas Ramírez S.Coop.,2025-08-07,86,111.86,9619.96,En tránsito
O-002798,BR-00183,P-020353,PR-00196,Finanzas Ramírez S.Coop.,2025-08-09,20,114.44,2288.8,En tránsito
O-002799,BR-00183,P-020361,PR-00974,Hnos Casares S.L.N.E,2025-08-01,86,87.51,7525.86,Recibido
O-002800,BR-00184,P-020366,PR-01136,Distribuciones EXZ S.Com.,2025-08-06,58,140.59,8154.22,En tránsito
O-002801,BR-00184,P-020372,PR-00233,Banca Privada Quirós y asociados S.L.U.,2025-08-22,57,140.05,7982.85,En tránsito
O-002802,BR-00184,P-020380,PR-00234,Gimeno y Amador S.A.,2025-07-26,90,27.02,2431.8,Pendiente
O-002803,BR-00184,P-020383,PR-01404,Hermanos Gárate S.A.D,2025-07-02,65,30.46,1979.9,En tránsito
O-002804,BR-00184,P-020387,PR-00221,Hermanos Contreras S.Com.,2025-07-12,52,61.13,3178.76,Pendiente
O-002805,BR-00184,P-020393,PR-00222,Grupo Correa S.Com.,2025-07-25,47,143.15,6728.05,Pendiente
O-002806,BR-00184,P-020409,PR-00225,Transportes del Mediterráneo S.L.N.E,2025-08-28,36,131.96,4750.56,Recibido
O-002807,BR-00184,P-020416,PR-01294,Hermanos Salmerón S.L.,2025-08-27,33,101.03,3333.99,En tránsito
O-002808,BR-00185,P-020436,PR-01136,Distribuciones EXZ S.Com.,2025-08-05,27,89.37,2412.99,Pendiente
O-002809,BR-00185,P-020439,PR-00859,Grupo Vilar S.L.N.E,2025-08-04,96,14.18,1361.28,Recibido
O-002810,BR-00185,P-020442,PR-00233,Banca Privada Quirós y asociados S.L.U.,2025-08-19,62,110.47,6849.14,Pendiente
O-002811,BR-00185,P-020446,PR-00233,Banca Privada Quirós y asociados S.L.U.,2025-07-05,59,86.79,5120.61,Recibido
O-002812,BR-00185,P-020452,PR-00234,Gimeno y Amador S.A.,2025-07-19,80,92.0,7360.0,Pendiente
O-002813,BR-00185,P-020457,PR-00221,Hermanos Contreras S.Com.,2025-07-09,20,89.45,1789.0,Pendiente
O-002814,BR-00185,P-020481,PR-00194,Servicios GHVW S.L.N.E,2025-07-18,42,13.35,560.7,Pendiente
O-002815,BR-00185,P-020496,PR-00728,Catalina Bautista Maldonado S.A.D,2025-06-30,61,6.31,384.91,En tránsito
O-002816,BR-00186,P-020508,PR-00859,Grupo Vilar S.L.N.E,2025-07-27,56,65.13,3647.28,Recibido
O-002817,BR-00186,P-020512,PR-00232,Campos y Jerez S.A.,2025-08-24,63,66.13,4166.19,En tránsito
O-002818,BR-00186,P-020518,PR-00234,Gimeno y Amador S.A.,2025-07-31,54,71.75,3874.5,En tránsito
O-002819,BR-00186,P-020525,PR-00636,Compañía Rios S.Coop.,2025-07-06,87,76.76,6678.12,Recibido
O-002820,BR-00186,P-020528,PR-00221,Hermanos Contreras S.Com.,2025-07-28,70,53.72,3760.4,En tránsito
O-002821,BR-00186,P-020529,PR-01092,Comercializadora XVV S.L.,2025-08-22,53,17.67,936.51,En tránsito
O-002822,BR-00186,P-020550,PR-00744,Elpidio Fortuny Toro S.Coop.,2025-07-21,60,137.96,8277.6,En tránsito
O-002823,BR-00186,P-020559,PR-01473,Soluciones MT S.Coop.,2025-07-07,45,131.8,5931.0,En tránsito
O-002824,BR-00186,P-020574,PR-00974,Hnos Casares S.L.N.E,2025-08-15,64,107.67,6890.88,Recibido
O-002825,BR-00187,P-020579,PR-01136,Distribuciones EXZ S.Com.,2025-07-13,71,20.28,1439.88,Recibido
O-002826,BR-00187,P-020586,PR-00233,Banca Privada Quirós y asociados S.L.U.,2025-07-17,84,69.54,5841.36,Recibido
O-002827,BR-00187,P-020593,PR-00234,Gimeno y Amador S.A.,2025-08-02,52,55.29,2875.08,En tránsito
O-002828,BR-00187,P-020599,PR-01404,Hermanos Gárate S.A.D,2025-08-17,40,144.41,5776.4,Recibido
O-002829,BR-00187,P-020601,PR-01404,Hermanos Gárate S.A.D,2025-07-14,90,109.47,9852.3,Pendiente
O-002830,BR-00187,P-020609,PR-00222,Grupo Correa S.Com.,2025-07-06,23,26.71,614.33,Recibido
O-002831,BR-00187,P-020612,PR-00223,Hotel Abril S.Com.,2025-08-22,68,128.51,8738.68,Pendiente
O-002832,BR-00187,P-020623,PR-00225,Transportes del Mediterráneo S.L.N.E,2025-07-22,73,70.99,5182.27,En tránsito
O-002833,BR-00187,P-020624,PR-00687,Servicios VGKU S.A.,2025-08-28,60,53.02,3181.2,Pendiente
O-002834,BR-00187,P-020630,PR-01473,Soluciones MT S.Coop.,2025-08-23,28,59.59,1668.52,Pendiente
O-002835,BR-00187,P-020633,PR-01302,Inmobiliaria YTT S.L.,2025-08-13,20,7.45,149.0,Pendiente
O-002836,BR-00187,P-020636,PR-00196,Finanzas Ramírez S.Coop.,2025-08-28,43,54.99,2364.57,Recibido
O-002837,BR-00188,P-020647,PR-00231,Minería Sanabria & Asociados S.A.,2025-07-26,88,23.7,2085.6,Pendiente
O-002838,BR-00188,P-020648,PR-00231,Minería Sanabria & Asociados S.A.,2025-08-19,82,142.03,11646.46,En tránsito
O-002839,BR-00188,P-020650,PR-01136,Distribuciones EXZ S.Com.,2025-08-08,71,102.17,7254.07,En tránsito
O-002840,BR-00188,P-020663,PR-00234,Gimeno y Amador S.A.,2025-07-15,95,31.52,2994.4,Recibido
O-002841,BR-00188,P-020680,PR-00222,Grupo Correa S.Com.,2025-07-14,63,65.21,4108.23,En tránsito
O-002842,BR-00188,P-020682,PR-00223,Hotel Abril S.Com.,2025-07-04,77,107.29,8261.33,Pendiente
O-002843,BR-00188,P-020683,PR-00223,Hotel Abril S.Com.,2025-07-21,79,3.6,284.4,En tránsito
O-002844,BR-00188,P-020690,PR-00225,Transportes del Mediterráneo S.L.N.E,2025-07-11,86,55.33,4758.38,Pendiente
O-002845,BR-00188,P-020701,PR-00195,Talleres GNUE S.Coop.,2025-08-27,28,14.7,411.6,Pendiente
O-002846,BR-00188,P-020710,PR-01223,Hnos Manrique S.Coop.,2025-06-30,49,148.76,7289.24,Recibido
O-002847,BR-00188,P-020713,PR-00974,Hnos Casares S.L.N.E,2025-08-18,72,138.49,9971.28,Recibido
O-002848,BR-00188,P-020714,PR-00198,Anselma Escobar Calderón S.L.,2025-07-12,64,17.95,1148.8,Pendiente
O-002849,BR-00188,P-020715,PR-00198,Anselma Escobar Calderón S.L.,2025-08-14,91,75.81,6898.71,En tránsito
O-002850,BR-00189,P-020722,PR-00231,Minería Sanabria & Asociados S.A.,2025-07-05,64,27.82,1780.48,En tránsito
O-002851,BR-00189,P-020725,PR-00859,Grupo Vilar S.L.N.E,2025-08-19,23,8.57,197.11,Pendiente
O-002852,BR-00189,P-020726,PR-00232,Campos y Jerez S.A.,2025-08-19,85,34.88,2964.8,Pendiente
O-002853,BR-00189,P-020728,PR-00859,Grupo Vilar S.L.N.E,2025-07-19,26,22.13,575.38,Pendiente
O-002854,BR-00189,P-020731,PR-00233,Banca Privada Quirós y asociados S.L.U.,2025-07-04,45,45.02,2025.9,En tránsito
O-002855,BR-00189,P-020734,PR-00234,Gimeno y Amador S.A.,2025-07-23,59,60.23,3553.57,Recibido
O-002856,BR-00189,P-020735,PR-00234,Gimeno y Amador S.A.,2025-08-12,75,47.49,3561.75,Pendiente
O-002857,BR-00189,P-020736,PR-00234,Gimeno y Amador S.A.,2025-07-12,28,59.04,1653.12,Pendiente
O-002858,BR-00189,P-020739,PR-00636,Compañía Rios S.Coop.,2025-07-10,30,75.62,2268.6,Recibido
O-002859,BR-00189,P-020743,PR-00636,Compañía Rios S.Coop.,2025-07-12,39,47.43,1849.77,En tránsito
O-002860,BR-00189,P-020751,PR-00222,Grupo Correa S.Com.,2025-07-22,67,26.76,1792.92,En tránsito
O-002861,BR-00189,P-020752,PR-00222,Grupo Correa S.Com.,2025-07-05,85,3.65,310.25,Recibido
O-002862,BR-00189,P-020761,PR-00223,Hotel Abril S.Com.,2025-07-08,57,79.51,4532.07,Pendiente
O-002863,BR-00189,P-020766,PR-00687,Servicios VGKU S.A.,2025-08-27,51,63.52,3239.52,Pendiente
O-002864,BR-00189,P-020770,PR-00976,Compañía Arce y asociados S.L.,2025-08-04,29,79.47,2304.63,Pendiente
O-002865,BR-00189,P-020776,PR-00194,Servicios GHVW S.L.N.E,2025-08-04,77,18.25,1405.25,En tránsito
O-002866,BR-00189,P-020777,PR-00194,Servicios GHVW S.L.N.E,2025-08-08,67,67.08,4494.36,En tránsito
O-002867,BR-00189,P-020788,PR-00197,Familia Herrero S.A.T.,2025-07-13,80,96.02,7681.6,En tránsito
O-002868,BR-00189,P-020789,PR-01307,Transportes Avanzadas S.L.U.,2025-07-02,63,107.24,6756.12,Recibido
O-002869,BR-00190,P-020797,PR-01136,Distribuciones EXZ S.Com.,2025-07-25,77,14.08,1084.16,En tránsito
O-002870,BR-00190,P-020798,PR-01136,Distribuciones EXZ S.Com.,2025-07-15,77,89.52,6893.04,En tránsito
O-002871,BR-00190,P-020810,PR-00233,Banca Privada Quirós y asociados S.L.U.,2025-07-26,82,31.28,2564.96,Pendiente
O-002872,BR-00190,P-020838,PR-00223,Hotel Abril S.Com.,2025-07-30,31,3.69,114.39,Pendiente
O-002873,BR-00190,P-020851,PR-00194,Servicios GHVW S.L.N.E,2025-08-13,22,56.3,1238.6,Pendiente
O-002874,BR-00190,P-020852,PR-01473,Soluciones MT S.Coop.,2025-08-09,44,72.71,3199.24,Pendiente
O-002875,BR-00190,P-020854,PR-01302,Inmobiliaria YTT S.L.,2025-07-01,36,45.95,1654.2,Pendiente
O-002876,BR-00190,P-020862,PR-00196,Finanzas Ramírez S.Coop.,2025-07-31,28,90.65,2538.2,Recibido
O-002877,BR-00191,P-020883,PR-00279,合同会社斎藤食品,2025-07-29,78,79.55,6204.9,Recibido
O-002878,BR-00191,P-020889,PR-00280,佐々木ガス有限会社,2025-08-26,31,149.24,4626.44,Pendiente
O-002879,BR-00191,P-020890,PR-00280,佐々木ガス有限会社,2025-08-16,85,104.29,8864.65,Recibido
O-002880,BR-00191,P-020893,PR-00829,株式会社近藤電気,2025-07-28,88,51.79,4557.52,Recibido
O-002881,BR-00191,P-020905,PR-00652,藤原建設合同会社,2025-07-08,25,100.43,2510.75,En tránsito
O-002882,BR-00191,P-020912,PR-00270,株式会社山本運輸,2025-07-04,29,104.64,3034.56,Pendiente
O-002883,BR-00191,P-020917,PR-00771,山本情報株式会社,2025-08-12,95,39.83,3783.85,En tránsito
O-002884,BR-00191,P-020919,PR-00272,有限会社佐藤情報,2025-07-13,48,5.74,275.52,Pendiente
O-002885,BR-00191,P-020921,PR-00870,鈴木通信合同会社,2025-07-24,88,33.94,2986.72,Recibido
O-002886,BR-00191,P-020925,PR-00241,株式会社青木保険,2025-08-17,69,85.28,5884.32,Pendiente
O-002887,BR-00191,P-020932,PR-00767,有限会社木村食品,2025-07-12,83,20.56,1706.48,En tránsito
O-002888,BR-00191,P-020943,PR-01021,小林水産有限会社,2025-07-22,100,131.77,13177.0,Recibido
O-002889,BR-00191,P-020944,PR-00246,合同会社小川印刷,2025-07-12,62,61.06,3785.72,En tránsito
O-002890,BR-00191,P-020950,PR-01048,合同会社加藤保険,2025-08-18,72,81.06,5836.32,Pendiente
O-002891,BR-00191,P-020951,PR-00872,合同会社松本銀行,2025-07-07,62,63.81,3956.22,Pendiente
O-002892,BR-00191,P-020958,PR-00248,前田電気有限会社,2025-07-21,80,48.91,3912.8,Pendiente
O-002893,BR-00191,P-020959,PR-00248,前田電気有限会社,2025-07-04,27,76.06,2053.62,Recibido
O-002894,BR-00191,P-020972,PR-00273,有限会社井上食品,2025-07-29,53,53.23,2821.19,Recibido
O-002895,BR-00191,P-020985,PR-00276,加藤情報株式会社,2025-07-22,60,110.2,6612.0,Recibido
O-002896,BR-00191,P-020986,PR-01399,田中運輸株式会社,2025-07-26,91,138.18,12574.38,Recibido
O-002897,BR-00191,P-021026,PR-00238,株式会社高橋建設,2025-08-02,74,67.95,5028.3,Recibido
O-002898,BR-00191,P-021033,PR-00239,株式会社加藤運輸,2025-07-08,98,91.31,8948.38,Recibido
O-002899,BR-00191,P-021051,PR-00822,三浦銀行合同会社,2025-08-23,97,101.53,9848.41,Pendiente
O-002900,BR-00191,P-021068,PR-00262,近藤保険合同会社,2025-07-27,60,81.8,4908.0,Recibido
O-002901,BR-00191,P-021076,PR-00263,鈴木銀行有限会社,2025-07-16,66,18.25,1204.5,En tránsito
O-002902,BR-00191,P-021079,PR-00263,鈴木銀行有限会社,2025-08-15,57,8.45,481.65,Pendiente
O-002903,BR-00191,P-021083,PR-00264,渡辺水産株式会社,2025-07-14,31,61.27,1899.37,Pendiente
O-002904,BR-00192,P-021113,PR-00829,株式会社近藤電気,2025-07-14,21,115.85,2432.85,Pendiente
O-002905,BR-00192,P-021131,PR-01183,有限会社林情報,2025-07-17,36,49.21,1771.56,En tránsito
O-002906,BR-00192,P-021133,PR-01183,有限会社林情報,2025-07-13,41,7.73,316.93,Pendiente
O-002907,BR-00192,P-021161,PR-00242,鈴木鉱業株式会社,2025-07-12,79,52.8,4171.2,En tránsito
O-002908,BR-00192,P-021167,PR-00243,合同会社田中情報,2025-08-01,22,117.75,2590.5,En tránsito
O-002909,BR-00192,P-021172,PR-00244,福田運輸有限会社,2025-07-10,51,93.73,4780.23,Recibido
O-002910,BR-00192,P-021174,PR-00244,福田運輸有限会社,2025-08-13,37,84.7,3133.9,Recibido
O-002911,BR-00192,P-021184,PR-00247,高橋建設合同会社,2025-08-05,77,34.02,2619.54,Pendiente
O-002912,BR-00192,P-021192,PR-00248,前田電気有限会社,2025-07-28,39,12.01,468.39,Pendiente
O-002913,BR-00192,P-021193,PR-00248,前田電気有限会社,2025-07-15,53,47.76,2531.28,Recibido
O-002914,BR-00192,P-021229,PR-00259,佐藤銀行株式会社,2025-07-26,86,3.42,294.12,Recibido
O-002915,BR-00192,P-021237,PR-00252,株式会社山田印刷,2025-07-06,90,44.91,4041.9,Pendiente
O-002916,BR-00192,P-021241,PR-00861,有限会社高橋銀行,2025-07-08,97,6.47,627.59,Recibido
O-002917,BR-00192,P-021242,PR-00861,有限会社高橋銀行,2025-07-19,24,142.14,3411.36,Pendiente
O-002918,BR-00192,P-021246,PR-00637,株式会社青木ガス,2025-07-10,55,122.0,6710.0,En tránsito
O-002919,BR-00192,P-021248,PR-00254,中村運輸株式会社,2025-08-14,55,80.88,4448.4,Pendiente
O-002920,BR-00192,P-021260,PR-00962,合同会社井上銀行,2025-07-11,92,137.34,12635.28,Pendiente
O-002921,BR-00192,P-021261,PR-00962,合同会社井上銀行,2025-08-10,74,9.38,694.12,Pendiente
O-002922,BR-00192,P-021262,PR-00237,田中ガス株式会社,2025-07-15,92,67.2,6182.4,Pendiente
O-002923,BR-00192,P-021270,PR-00239,株式会社加藤運輸,2025-08-15,57,91.75,5229.75,En tránsito
O-002924,BR-00192,P-021273,PR-00240,井上建設合同会社,2025-08-07,24,104.04,2496.96,En tránsito
O-002925,BR-00192,P-021274,PR-00240,井上建設合同会社,2025-07-12,98,131.84,12920.32,Recibido
O-002926,BR-00192,P-021291,PR-00258,株式会社石川情報,2025-08-08,97,106.67,10346.99,Recibido
O-002927,BR-00192,P-021299,PR-01177,有限会社小川銀行,2025-07-17,90,106.23,9560.7,Pendiente
O-002928,BR-00192,P-021311,PR-00263,鈴木銀行有限会社,2025-08-13,70,18.14,1269.8,Recibido
O-002929,BR-00192,P-021324,PR-00900,佐藤運輸有限会社,2025-08-28,32,94.09,3010.88,En tránsito
O-002930,BR-00192,P-021330,PR-01409,阿部建設合同会社,2025-07-05,27,47.53,1283.31,En tránsito
O-002931,BR-00192,P-021334,PR-00624,有限会社太田鉱業,2025-08-03,66,111.4,7352.4,Pendiente
O-002932,BR-00193,P-021347,PR-00280,佐々木ガス有限会社,2025-07-29,65,42.94,2791.1,Pendiente
O-002933,BR-00193,P-021355,PR-00282,伊藤水産株式会社,2025-07-18,26,100.42,2610.92,Recibido
O-002934,BR-00193,P-021377,PR-00272,有限会社佐藤情報,2025-07-19,36,88.83,3197.88,Pendiente
O-002935,BR-00193,P-021378,PR-00870,鈴木通信合同会社,2025-06-30,23,131.11,3015.53,En tránsito
O-002936,BR-00193,P-021385,PR-00241,株式会社青木保険,2025-07-28,100,35.5,3550.0,En tránsito
O-002937,BR-00193,P-021400,PR-00244,福田運輸有限会社,2025-08-18,93,56.3,5235.9,En tránsito
O-002938,BR-00193,P-021411,PR-00736,合同会社小林印刷,2025-07-24,65,67.71,4401.15,Pendiente
O-002939,BR-00193,P-021414,PR-01413,株式会社吉田水産,2025-07-07,55,64.88,3568.4,Recibido
O-002940,BR-00193,P-021423,PR-00248,前田電気有限会社,2025-07-21,85,101.6,8636.0,Pendiente
O-002941,BR-00193,P-021430,PR-00249,合同会社吉田食品,2025-07-29,55,34.12,1876.6,En tránsito
O-002942,BR-00193,P-021439,PR-00273,有限会社井上食品,2025-07-24,59,7.43,438.37,Pendiente
O-002943,BR-00193,P-021447,PR-00275,佐藤通信株式会社,2025-08-07,41,44.65,1830.65,En tránsito
O-002944,BR-00193,P-021451,PR-01123,山田通信有限会社,2025-08-01,83,39.93,3314.19,En tránsito
O-002945,BR-00193,P-021453,PR-01399,田中運輸株式会社,2025-08-08,85,54.2,4607.0,Pendiente
O-002946,BR-00193,P-021456,PR-00650,渡辺通信合同会社,2025-07-19,52,37.68,1959.36,Pendiente
O-002947,BR-00193,P-021458,PR-00277,渡辺情報株式会社,2025-08-16,95,28.87,2742.65,En tránsito
O-002948,BR-00193,P-021461,PR-00650,渡辺通信合同会社,2025-07-24,77,87.23,6716.71,Recibido
O-002949,BR-00193,P-021464,PR-00251,株式会社佐藤情報,2025-07-03,63,106.96,6738.48,Pendiente
O-002950,BR-00193,P-021470,PR-00764,合同会社近藤ガス,2025-07-11,92,93.62,8613.04,En tránsito
O-002951,BR-00193,P-021471,PR-01160,合同会社小川ガス,2025-08-24,53,6.57,348.21,Pendiente
O-002952,BR-00193,P-021479,PR-00637,株式会社青木ガス,2025-08-16,25,109.52,2738.0,Recibido
O-002953,BR-00193,P-021481,PR-00637,株式会社青木ガス,2025-07-24,94,128.12,12043.28,En tránsito
O-002954,BR-00194,P-021497,PR-00279,合同会社斎藤食品,2025-07-18,65,58.85,3825.25,Pendiente
O-002955,BR-00194,P-021501,PR-00280,佐々木ガス有限会社,2025-07-03,28,100.99,2827.72,Pendiente
O-002956,BR-00194,P-021507,PR-00947,中島建設株式会社,2025-08-02,35,15.8,553.0,Pendiente
O-002957,BR-00194,P-021509,PR-00282,伊藤水産株式会社,2025-08-04,93,106.81,9933.33,Recibido
O-002958,BR-00194,P-021513,PR-00960,有限会社田中銀行,2025-07-08,80,123.8,9904.0,Recibido
O-002959,BR-00194,P-021525,PR-01055,佐藤保険株式会社,2025-08-21,29,18.89,547.81,En tránsito
O-002960,BR-00194,P-021530,PR-00271,小川鉱業合同会社,2025-08-21,94,93.22,8762.68,Recibido
O-002961,BR-00194,P-021535,PR-00870,鈴木通信合同会社,2025-08-23,23,80.03,1840.69,Pendiente
O-002962,BR-00194,P-021549,PR-00244,福田運輸有限会社,2025-08-11,39,99.73,3889.47,Recibido
O-002963,BR-00194,P-021553,PR-01398,有限会社近藤ガス,2025-08-15,56,57.14,3199.84,Recibido
O-002964,BR-00194,P-021563,PR-00248,前田電気有限会社,2025-07-19,51,112.74,5749.74,Pendiente
O-002965,BR-00194,P-021565,PR-00248,前田電気有限会社,2025-08-13,26,94.52,2457.52,Recibido
O-002966,BR-00194,P-021582,PR-00273,有限会社井上食品,2025-07-08,34,62.74,2133.16,Recibido
O-002967,BR-00194,P-021583,PR-00274,三浦鉱業有限会社,2025-07-20,82,109.17,8951.94,En tránsito
O-002968,BR-00194,P-021589,PR-01123,山田通信有限会社,2025-07-30,40,111.47,4458.8,En tránsito
O-002969,BR-00194,P-021590,PR-01123,山田通信有限会社,2025-07-30,51,129.34,6596.34,En tránsito
O-002970,BR-00194,P-021599,PR-00277,渡辺情報株式会社,2025-08-18,64,73.24,4687.36,Pendiente
O-002971,BR-00194,P-021608,PR-00251,株式会社佐藤情報,2025-07-28,94,29.48,2771.12,Pendiente
O-002972,BR-00194,P-021615,PR-00861,有限会社高橋銀行,2025-08-16,94,44.85,4215.9,Recibido
O-002973,BR-00194,P-021620,PR-00254,中村運輸株式会社,2025-08-09,31,33.5,1038.5,Recibido
O-002974,BR-00195,P-021639,PR-00279,合同会社斎藤食品,2025-07-03,55,125.42,6898.1,En tránsito
O-002975,BR-00195,P-021643,PR-00280,佐々木ガス有限会社,2025-08-08,72,143.83,10355.76,Pendiente
O-002976,BR-00195,P-021646,PR-00947,中島建設株式会社,2025-07-04,20,96.86,1937.2,En tránsito
O-002977,BR-00195,P-021650,PR-00281,村上印刷株式会社,2025-07-29,37,3.9,144.3,Recibido
O-002978,BR-00195,P-021660,PR-00268,山下保険株式会社,2025-07-16,29,85.94,2492.26,Recibido
O-002979,BR-00195,P-021661,PR-00268,山下保険株式会社,2025-07-14,34,147.43,5012.62,Pendiente
O-002980,BR-00195,P-021663,PR-00960,有限会社田中銀行,2025-07-18,52,20.76,1079.52,Pendiente
O-002981,BR-00195,P-021666,PR-00269,株式会社吉田印刷,2025-07-26,34,138.13,4696.42,Pendiente
O-002982,BR-00195,P-021672,PR-01055,佐藤保険株式会社,2025-08-16,84,98.77,8296.68,En tránsito
O-002983,BR-00195,P-021677,PR-00771,山本情報株式会社,2025-08-11,65,57.94,3766.1,En tránsito
O-002984,BR-00195,P-021681,PR-00870,鈴木通信合同会社,2025-07-31,95,141.41,13433.95,En tránsito
O-002985,BR-00195,P-021685,PR-01361,近藤食品有限会社,2025-07-01,56,135.36,7580.16,Recibido
O-002986,BR-00195,P-021688,PR-00242,鈴木鉱業株式会社,2025-07-02,77,22.89,1762.53,En tránsito
O-002987,BR-00195,P-021697,PR-00244,福田運輸有限会社,2025-08-01,95,101.43,9635.85,Recibido
O-002988,BR-00195,P-021701,PR-00244,福田運輸有限会社,2025-08-07,79,115.18,9099.22,En tránsito
O-002989,BR-00195,P-021717,PR-00247,高橋建設合同会社,2025-07-12,48,42.56,2042.88,Pendiente
O-002990,BR-00195,P-021722,PR-00248,前田電気有限会社,2025-07-20,43,87.98,3783.14,En tránsito
O-002991,BR-00195,P-021727,PR-00248,前田電気有限会社,2025-08-14,75,122.96,9222.0,Pendiente
O-002992,BR-00195,P-021731,PR-01335,佐々木印刷有限会社,2025-08-03,96,55.44,5322.24,Recibido
O-002993,BR-00195,P-021747,PR-00274,三浦鉱業有限会社,2025-07-07,28,138.97,3891.16,Pendiente
O-002994,BR-00195,P-021751,PR-00275,佐藤通信株式会社,2025-08-13,55,5.47,300.85,En tránsito
O-002995,BR-00195,P-021764,PR-00277,渡辺情報株式会社,2025-08-22,93,37.1,3450.3,Recibido
O-002996,BR-00195,P-021783,PR-00254,中村運輸株式会社,2025-08-08,76,101.75,7733.0,En tránsito
O-002997,BR-00195,P-021784,PR-00254,中村運輸株式会社,2025-07-17,43,147.5,6342.5,Recibido
O-002998,BR-00196,P-021794,PR-00885,渡辺通信合同会社,2025-08-19,74,50.54,3739.96,Pendiente
O-002999,BR-00196,P-021799,PR-00279,合同会社斎藤食品,2025-07-23,95,126.4,12008.0,En tránsito
O-003000,BR-00196,P-021813,PR-00947,中島建設株式会社,2025-08-11,78,145.56,11353.68,Recibido
O-003001,BR-00196,P-021821,PR-00960,有限会社田中銀行,2025-08-01,69,149.53,10317.57,Pendiente
O-003002,BR-00196,P-021823,PR-00960,有限会社田中銀行,2025-08-19,86,142.99,12297.14,Pendiente
O-003003,BR-00196,P-021834,PR-00271,小川鉱業合同会社,2025-08-23,100,119.53,11953.0,Recibido
O-003004,BR-00196,P-021842,PR-00870,鈴木通信合同会社,2025-07-04,72,123.85,8917.2,En tránsito
O-003005,BR-00196,P-021855,PR-01328,株式会社鈴木情報,2025-07-20,62,145.81,9040.22,Recibido
O-003006,BR-00196,P-021856,PR-00244,福田運輸有限会社,2025-07-27,44,16.09,707.96,En tránsito
O-003007,BR-00196,P-021864,PR-01021,小林水産有限会社,2025-08-03,63,55.32,3485.16,Recibido
O-003008,BR-00196,P-021866,PR-00246,合同会社小川印刷,2025-08-24,36,53.08,1910.88,En tránsito
O-003009,BR-00196,P-021876,PR-00249,合同会社吉田食品,2025-07-11,90,24.86,2237.4,En tránsito
O-003010,BR-00196,P-021886,PR-00273,有限会社井上食品,2025-08-09,39,123.09,4800.51,En tránsito
O-003011,BR-00196,P-021889,PR-00273,有限会社井上食品,2025-07-07,42,23.35,980.7,Pendiente
O-003012,BR-00196,P-021891,PR-00273,有限会社井上食品,2025-07-10,87,71.89,6254.43,En tránsito
O-003013,BR-00196,P-021894,PR-00274,三浦鉱業有限会社,2025-07-12,25,116.71,2917.75,En tránsito
O-003014,BR-00196,P-021899,PR-01123,山田通信有限会社,2025-08-07,63,83.18,5240.34,Pendiente
O-003015,BR-00196,P-021906,PR-00251,株式会社佐藤情報,2025-07-15,54,54.81,2959.74,Pendiente
O-003016,BR-00196,P-021912,PR-00252,株式会社山田印刷,2025-07-06,93,46.77,4349.61,Pendiente
O-003017,BR-00197,P-021943,PR-00279,合同会社斎藤食品,2025-07-29,66,99.15,6543.9,En tránsito
O-003018,BR-00197,P-021945,PR-00280,佐々木ガス有限会社,2025-07-11,81,90.87,7360.47,Recibido
O-003019,BR-00197,P-021953,PR-00947,中島建設株式会社,2025-08-17,90,26.81,2412.9,En tránsito
O-003020,BR-00197,P-021963,PR-00652,藤原建設合同会社,2025-07-24,38,98.47,3741.86,Recibido
O-003021,BR-00197,P-021973,PR-00753,株式会社岡田鉱業,2025-07-09,40,44.65,1786.0,Pendiente
O-003022,BR-00197,P-021978,PR-00753,株式会社岡田鉱業,2025-07-24,64,60.54,3874.56,Pendiente
O-003023,BR-00197,P-021980,PR-00771,山本情報株式会社,2025-07-16,68,39.69,2698.92,En tránsito
O-003024,BR-00197,P-021981,PR-00271,小川鉱業合同会社,2025-07-18,27,84.72,2287.44,Recibido
O-003025,BR-00197,P-021983,PR-00771,山本情報株式会社,2025-08-26,78,123.88,9662.64,Recibido
O-003026,BR-00197,P-021990,PR-00870,鈴木通信合同会社,2025-07-01,82,135.07,11075.74,Recibido
O-003027,BR-00197,P-022000,PR-00242,鈴木鉱業株式会社,2025-07-28,96,95.07,9126.72,Pendiente
O-003028,BR-00197,P-022010,PR-00938,株式会社高橋水産,2025-08-02,54,39.62,2139.48,En tránsito
O-003029,BR-00197,P-022018,PR-00246,合同会社小川印刷,2025-08-01,36,137.21,4939.56,En tránsito
O-003030,BR-00197,P-022024,PR-00248,前田電気有限会社,2025-07-20,69,114.48,7899.12,Recibido
O-003031,BR-00197,P-022026,PR-00248,前田電気有限会社,2025-07-04,64,77.15,4937.6,Pendiente
O-003032,BR-00197,P-022030,PR-00249,合同会社吉田食品,2025-07-15,79,128.24,10130.96,En tránsito
O-003033,BR-00197,P-022034,PR-00250,合同会社吉田食品,2025-07-30,53,69.6,3688.8,En tránsito
O-003034,BR-00197,P-022045,PR-00274,三浦鉱業有限会社,2025-07-21,93,48.87,4544.91,En tránsito
O-003035,BR-00197,P-022049,PR-00275,佐藤通信株式会社,2025-08-12,67,53.58,3589.86,Recibido
O-003036,BR-00197,P-022051,PR-00275,佐藤通信株式会社,2025-07-09,23,143.63,3303.49,Pendiente
O-003037,BR-00197,P-022065,PR-00277,渡辺情報株式会社,2025-08-13,34,83.34,2833.56,Recibido
O-003038,BR-00197,P-022069,PR-00259,佐藤銀行株式会社,2025-08-15,67,59.71,4000.57,En tránsito
O-003039,BR-00197,P-022073,PR-00252,株式会社山田印刷,2025-08-16,89,125.43,11163.27,Recibido
O-003040,BR-00198,P-022098,PR-00278,合同会社小林印刷,2025-08-04,40,95.7,3828.0,Recibido
O-003041,BR-00198,P-022115,PR-00281,村上印刷株式会社,2025-07-23,87,136.99,11918.13,Recibido
O-003042,BR-00198,P-022128,PR-00652,藤原建設合同会社,2025-08-25,64,74.65,4777.6,Recibido
O-003043,BR-00198,P-022136,PR-00753,株式会社岡田鉱業,2025-07-23,67,90.98,6095.66,En tránsito
O-003044,BR-00198,P-022147,PR-00272,有限会社佐藤情報,2025-08-19,39,90.85,3543.15,Recibido
O-003045,BR-00198,P-022151,PR-00870,鈴木通信合同会社,2025-08-01,63,87.89,5537.07,En tránsito
O-003046,BR-00198,P-022152,PR-00870,鈴木通信合同会社,2025-08-11,71,92.45,6563.95,Pendiente
O-003047,BR-00198,P-022159,PR-00242,鈴木鉱業株式会社,2025-07-18,76,41.25,3135.0,En tránsito
O-003048,BR-00198,P-022165,PR-01328,株式会社鈴木情報,2025-08-07,95,69.93,6643.35,En tránsito
O-003049,BR-00198,P-022173,PR-01398,有限会社近藤ガス,2025-07-21,90,99.67,8970.3,Pendiente
O-003050,BR-00198,P-022178,PR-00246,合同会社小川印刷,2025-07-15,64,102.83,6581.12,En tránsito
O-003051,BR-00198,P-022187,PR-00872,合同会社松本銀行,2025-07-17,95,108.01,10260.95,En tránsito
O-003052,BR-00198,P-022197,PR-01335,佐々木印刷有限会社,2025-07-25,30,60.15,1804.5,Recibido
O-003053,BR-00198,P-022206,PR-00273,有限会社井上食品,2025-07-20,88,149.43,13149.84,Recibido
O-003054,BR-00198,P-022207,PR-00273,有限会社井上食品,2025-07-26,79,5.48,432.92,Recibido
O-003055,BR-00198,P-022215,PR-01123,山田通信有限会社,2025-08-05,70,133.37,9335.9,En tránsito
O-003056,BR-00198,P-022219,PR-00276,加藤情報株式会社,2025-08-19,25,17.6,440.0,Recibido
O-003057,BR-00198,P-022220,PR-01399,田中運輸株式会社,2025-08-21,52,62.07,3227.64,Recibido
O-003058,BR-00198,P-022245,PR-00254,中村運輸株式会社,2025-07-27,86,89.97,7737.42,Recibido
O-003059,BR-00199,P-022262,PR-00279,合同会社斎藤食品,2025-07-29,25,53.45,1336.25,Recibido
O-003060,BR-00199,P-022263,PR-00279,合同会社斎藤食品,2025-08-28,92,59.96,5516.32,En tránsito
O-003061,BR-00199,P-022264,PR-00279,合同会社斎藤食品,2025-08-05,90,28.64,2577.6,En tránsito
O-003062,BR-00199,P-022266,PR-00279,合同会社斎藤食品,2025-08-04,43,138.74,5965.82,Pendiente
O-003063,BR-00199,P-022271,PR-00947,中島建設株式会社,2025-08-25,93,139.02,12928.86,En tránsito
O-003064,BR-00199,P-022281,PR-00282,伊藤水産株式会社,2025-08-10,70,67.34,4713.8,Recibido
O-003065,BR-00199,P-022288,PR-00652,藤原建設合同会社,2025-08-09,32,5.64,180.48,Pendiente
O-003066,BR-00199,P-022300,PR-00271,小川鉱業合同会社,2025-07-17,51,132.03,6733.53,Recibido
O-003067,BR-00199,P-022328,PR-01021,小林水産有限会社,2025-07-30,71,141.56,10050.76,Pendiente
O-003068,BR-00199,P-022336,PR-00736,合同会社小林印刷,2025-07-21,89,121.56,10818.84,Recibido
O-003069,BR-00199,P-022341,PR-01048,合同会社加藤保険,2025-08-27,69,61.93,4273.17,Recibido
O-003070,BR-00199,P-022355,PR-00249,合同会社吉田食品,2025-08-27,65,10.24,665.6,Pendiente
O-003071,BR-00199,P-022367,PR-00274,三浦鉱業有限会社,2025-07-07,39,59.5,2320.5,Pendiente
O-003072,BR-00199,P-022372,PR-00275,佐藤通信株式会社,2025-07-28,75,90.05,6753.75,En tránsito
O-003073,BR-00199,P-022373,PR-00275,佐藤通信株式会社,2025-08-05,25,38.56,964.0,En tránsito
O-003074,BR-00199,P-022376,PR-01399,田中運輸株式会社,2025-07-24,20,93.11,1862.2,Pendiente
O-003075,BR-00199,P-022385,PR-00259,佐藤銀行株式会社,2025-07-21,65,135.87,8831.55,Pendiente
O-003076,BR-00199,P-022388,PR-00251,株式会社佐藤情報,2025-07-06,82,15.64,1282.48,En tránsito
O-003077,BR-00199,P-022392,PR-00643,合同会社吉田鉱業,2025-08-24,43,92.96,3997.28,Pendiente
O-003078,BR-00199,P-022405,PR-00931,合同会社後藤建設,2025-07-23,95,141.28,13421.6,Recibido
O-003079,BR-00200,P-022413,PR-00279,合同会社斎藤食品,2025-08-10,27,38.45,1038.15,Pendiente
O-003080,BR-00200,P-022417,PR-00280,佐々木ガス有限会社,2025-07-16,47,138.05,6488.35,Recibido
O-003081,BR-00200,P-022423,PR-00850,加藤運輸有限会社,2025-08-14,97,87.62,8499.14,En tránsito
O-003082,BR-00200,P-022428,PR-00282,伊藤水産株式会社,2025-08-11,45,68.72,3092.4,Recibido
O-003083,BR-00200,P-022433,PR-00960,有限会社田中銀行,2025-08-18,20,122.66,2453.2,Recibido
O-003084,BR-00200,P-022436,PR-00268,山下保険株式会社,2025-07-12,77,91.92,7077.84,En tránsito
O-003085,BR-00200,P-022438,PR-00269,株式会社吉田印刷,2025-07-28,56,129.61,7258.16,Recibido
O-003086,BR-00200,P-022454,PR-00870,鈴木通信合同会社,2025-07-28,77,62.55,4816.35,Recibido
O-003087,BR-00200,P-022456,PR-00241,株式会社青木保険,2025-08-12,23,80.39,1848.97,Pendiente
O-003088,BR-00200,P-022469,PR-00244,福田運輸有限会社,2025-07-11,64,98.45,6300.8,Pendiente
O-003089,BR-00200,P-022480,PR-00736,合同会社小林印刷,2025-08-12,65,100.53,6534.45,En tránsito
O-003090,BR-00200,P-022505,PR-00273,有限会社井上食品,2025-08-03,58,110.09,6385.22,Recibido
O-003091,BR-00200,P-022507,PR-00274,三浦鉱業有限会社,2025-08-18,30,139.53,4185.9,Recibido
O-003092,BR-00200,P-022515,PR-01123,山田通信有限会社,2025-08-12,78,112.47,8772.66,Pendiente
O-003093,BR-00200,P-022519,PR-00276,加藤情報株式会社,2025-08-16,80,44.11,3528.8,Recibido
O-003094,BR-00200,P-022527,PR-00650,渡辺通信合同会社,2025-08-09,20,65.63,1312.6,En tránsito
O-003095,BR-00201,P-022562,PR-00280,佐々木ガス有限会社,2025-08-09,46,36.85,1695.1,En tránsito
O-003096,BR-00201,P-022566,PR-00281,村上印刷株式会社,2025-07-26,37,72.34,2676.58,Recibido
O-003097,BR-00201,P-022573,PR-00960,有限会社田中銀行,2025-08-24,100,50.59,5059.0,Pendiente
O-003098,BR-00201,P-022575,PR-00960,有限会社田中銀行,2025-07-04,49,112.44,5509.56,Pendiente
O-003099,BR-00201,P-022589,PR-00271,小川鉱業合同会社,2025-07-12,51,110.44,5632.44,En tránsito
O-003100,BR-00201,P-022597,PR-00272,有限会社佐藤情報,2025-07-09,69,38.8,2677.2,Pendiente
O-003101,BR-00201,P-022602,PR-00241,株式会社青木保険,2025-07-06,31,73.61,2281.91,Pendiente
O-003102,BR-00201,P-022604,PR-01361,近藤食品有限会社,2025-07-27,39,75.8,2956.2,Pendiente
O-003103,BR-00201,P-022609,PR-00767,有限会社木村食品,2025-07-06,51,134.41,6854.91,Pendiente
O-003104,BR-00201,P-022621,PR-00245,株式会社田中印刷,2025-08-14,91,118.74,10805.34,Pendiente
O-003105,BR-00201,P-022629,PR-00872,合同会社松本銀行,2025-07-08,34,82.45,2803.3,En tránsito
O-003106,BR-00201,P-022639,PR-01159,鈴木農林株式会社,2025-07-25,98,17.5,1715.0,Pendiente
O-003107,BR-00201,P-022649,PR-00250,合同会社吉田食品,2025-07-12,93,78.07,7260.51,Pendiente
O-003108,BR-00202,P-022653,PR-00278,合同会社小林印刷,2025-08-28,91,139.46,12690.86,Pendiente
O-003109,BR-00202,P-022672,PR-00282,伊藤水産株式会社,2025-08-12,29,62.75,1819.75,En tránsito
O-003110,BR-00202,P-022677,PR-00960,有限会社田中銀行,2025-08-11,32,138.74,4439.68,En tránsito
O-003111,BR-00202,P-022682,PR-00269,株式会社吉田印刷,2025-08-03,49,66.56,3261.44,Recibido
O-003112,BR-00202,P-022695,PR-00771,山本情報株式会社,2025-07-04,78,147.22,11483.16,Pendiente
O-003113,BR-00202,P-022697,PR-00272,有限会社佐藤情報,2025-08-26,61,138.95,8475.95,Recibido
O-003114,BR-00202,P-022702,PR-00870,鈴木通信合同会社,2025-07-03,57,134.59,7671.63,Pendiente
O-003115,BR-00202,P-022729,PR-01398,有限会社近藤ガス,2025-08-20,54,33.81,1825.74,En tránsito
O-003116,BR-00202,P-022744,PR-00248,前田電気有限会社,2025-08-12,97,111.76,10840.72,Pendiente
O-003117,BR-00202,P-022746,PR-00249,合同会社吉田食品,2025-08-26,51,27.18,1386.18,En tránsito
O-003118,BR-00202,P-022747,PR-01335,佐々木印刷有限会社,2025-07-11,85,118.83,10100.55,Pendiente
O-003119,BR-00203,P-022762,PR-00279,合同会社斎藤食品,2025-07-31,41,77.59,3181.19,En tránsito
O-003120,BR-00203,P-022770,PR-00850,加藤運輸有限会社,2025-08-13,99,89.85,8895.15,Pendiente
O-003121,BR-00203,P-022773,PR-00282,伊藤水産株式会社,2025-08-17,34,74.26,2524.84,Pendiente
O-003122,BR-00203,P-022783,PR-00269,株式会社吉田印刷,2025-07-06,58,29.08,1686.64,Recibido
O-003123,BR-00203,P-022806,PR-00242,鈴木鉱業株式会社,2025-08-06,83,23.98,1990.34,En tránsito
O-003124,BR-00203,P-022810,PR-00242,鈴木鉱業株式会社,2025-07-06,23,79.85,1836.55,Pendiente
O-003125,BR-00203,P-022813,PR-01328,株式会社鈴木情報,2025-08-10,85,33.37,2836.45,Pendiente
O-003126,BR-00203,P-022817,PR-00649,伊藤通信合同会社,2025-08-03,72,22.86,1645.92,Recibido
O-003127,BR-00203,P-022823,PR-01398,有限会社近藤ガス,2025-08-22,32,131.37,4203.84,Recibido
O-003128,BR-00203,P-022839,PR-00248,前田電気有限会社,2025-07-21,57,145.06,8268.42,En tránsito
O-003129,BR-00204,P-022858,PR-00279,合同会社斎藤食品,2025-07-10,40,138.83,5553.2,Recibido
O-003130,BR-00204,P-022871,PR-00282,伊藤水産株式会社,2025-08-06,43,35.03,1506.29,Pendiente
O-003131,BR-00204,P-022876,PR-00960,有限会社田中銀行,2025-08-04,48,18.96,910.08,En tránsito
O-003132,BR-00204,P-022883,PR-00270,株式会社山本運輸,2025-08-17,70,87.74,6141.8,Recibido
O-003133,BR-00204,P-022899,PR-00242,鈴木鉱業株式会社,2025-08-02,29,39.49,1145.21,En tránsito
O-003134,BR-00204,P-022903,PR-00767,有限会社木村食品,2025-08-03,42,43.59,1830.78,Recibido
O-003135,BR-00204,P-022910,PR-00938,株式会社高橋水産,2025-07-11,83,146.25,12138.75,Recibido
O-003136,BR-00204,P-022913,PR-00736,合同会社小林印刷,2025-07-11,67,65.34,4377.78,En tránsito
O-003137,BR-00204,P-022919,PR-00247,高橋建設合同会社,2025-07-03,31,122.32,3791.92,Pendiente
O-003138,BR-00204,P-022922,PR-00248,前田電気有限会社,2025-08-27,94,98.19,9229.86,Pendiente
O-003139,BR-00204,P-022925,PR-00249,合同会社吉田食品,2025-07-18,71,101.92,7236.32,En tránsito
O-003140,BR-00204,P-022931,PR-00250,合同会社吉田食品,2025-08-25,32,31.13,996.16,Pendiente
O-003141,BR-00205,P-022938,PR-00279,合同会社斎藤食品,2025-08-09,29,85.15,2469.35,En tránsito
O-003142,BR-00205,P-022945,PR-00829,株式会社近藤電気,2025-07-10,47,42.33,1989.51,Pendiente
O-003143,BR-00205,P-022958,PR-00652,藤原建設合同会社,2025-08-27,43,73.71,3169.53,En tránsito
O-003144,BR-00205,P-022987,PR-00242,鈴木鉱業株式会社,2025-07-12,27,49.57,1338.39,Pendiente
O-003145,BR-00205,P-023007,PR-01413,株式会社吉田水産,2025-07-02,49,11.19,548.31,En tránsito
O-003146,BR-00205,P-023011,PR-00872,合同会社松本銀行,2025-07-27,55,75.98,4178.9,Recibido
O-003147,BR-00205,P-023012,PR-00247,高橋建設合同会社,2025-07-26,32,4.37,139.84,En tránsito
O-003148,BR-00206,P-023032,PR-00885,渡辺通信合同会社,2025-07-18,69,13.41,925.29,Pendiente
O-003149,BR-00206,P-023035,PR-00279,合同会社斎藤食品,2025-06-30,45,68.67,3090.15,Recibido
O-003150,BR-00206,P-023041,PR-00280,佐々木ガス有限会社,2025-07-29,82,46.4,3804.8,Recibido
O-003151,BR-00206,P-023054,PR-00268,山下保険株式会社,2025-08-17,74,120.46,8914.04,Recibido
O-003152,BR-00206,P-023057,PR-00269,株式会社吉田印刷,2025-08-19,31,82.73,2564.63,Pendiente
O-003153,BR-00206,P-023061,PR-01282,橋本情報有限会社,2025-07-06,96,69.14,6637.44,Pendiente
O-003154,BR-00206,P-023066,PR-01055,佐藤保険株式会社,2025-07-22,98,27.72,2716.56,Recibido
O-003155,BR-00206,P-023070,PR-00753,株式会社岡田鉱業,2025-07-07,64,130.07,8324.48,Pendiente
O-003156,BR-00206,P-023071,PR-00271,小川鉱業合同会社,2025-08-15,99,92.93,9200.07,Pendiente
O-003157,BR-00206,P-023077,PR-00870,鈴木通信合同会社,2025-07-13,33,45.02,1485.66,En tránsito
O-003158,BR-00206,P-023084,PR-00241,株式会社青木保険,2025-07-24,56,61.79,3460.24,En tránsito
O-003159,BR-00206,P-023086,PR-00242,鈴木鉱業株式会社,2025-08-01,40,66.09,2643.6,Recibido
O-003160,BR-00206,P-023103,PR-00244,福田運輸有限会社,2025-07-25,90,86.84,7815.6,Pendiente
O-003161,BR-00206,P-023104,PR-00244,福田運輸有限会社,2025-08-21,79,66.27,5235.33,Pendiente
O-003162,BR-00206,P-023117,PR-00248,前田電気有限会社,2025-08-22,92,88.3,8123.6,Pendiente
O-003163,BR-00206,P-023119,PR-00248,前田電気有限会社,2025-07-26,42,85.35,3584.7,Recibido
O-003164,BR-00206,P-023124,PR-00249,合同会社吉田食品,2025-07-29,66,56.42,3723.72,En tránsito
O-003165,BR-00207,P-023143,PR-00280,佐々木ガス有限会社,2025-08-05,81,141.28,11443.68,Recibido
O-003166,BR-00207,P-023159,PR-00268,山下保険株式会社,2025-07-16,80,13.84,1107.2,Pendiente
O-003167,BR-00207,P-023182,PR-00241,株式会社青木保険,2025-08-01,44,148.57,6537.08,Recibido
O-003168,BR-00207,P-023185,PR-01361,近藤食品有限会社,2025-08-27,50,49.64,2482.0,En tránsito
O-003169,BR-00207,P-023197,PR-00244,福田運輸有限会社,2025-07-06,60,129.59,7775.4,Pendiente
O-003170,BR-00207,P-023202,PR-01398,有限会社近藤ガス,2025-07-24,71,133.29,9463.59,Recibido
O-003171,BR-00207,P-023210,PR-00247,高橋建設合同会社,2025-07-31,52,126.79,6593.08,Recibido
O-003172,BR-00207,P-023211,PR-01048,合同会社加藤保険,2025-07-02,38,62.52,2375.76,Pendiente
O-003173,BR-00207,P-023214,PR-00248,前田電気有限会社,2025-07-25,35,73.16,2560.6,Pendiente
O-003174,BR-00207,P-023225,PR-00889,有限会社藤田銀行,2025-07-11,47,48.09,2260.23,Recibido
O-003175,BR-00208,P-023260,PR-01282,橋本情報有限会社,2025-08-10,88,40.63,3575.44,Pendiente
O-003176,BR-00208,P-023261,PR-00269,株式会社吉田印刷,2025-08-22,87,37.45,3258.15,En tránsito
O-003177,BR-00208,P-023275,PR-00272,有限会社佐藤情報,2025-07-19,55,49.77,2737.35,Recibido
O-003178,BR-00208,P-023277,PR-00241,株式会社青木保険,2025-07-24,100,22.94,2294.0,En tránsito
O-003179,BR-00208,P-023295,PR-00244,福田運輸有限会社,2025-08-28,72,100.89,7264.08,Pendiente
O-003180,BR-00208,P-023298,PR-00244,福田運輸有限会社,2025-07-16,53,74.71,3959.63,En tránsito
O-003181,BR-00208,P-023306,PR-01413,株式会社吉田水産,2025-08-18,96,86.64,8317.44,En tránsito
O-003182,BR-00208,P-023307,PR-00246,合同会社小川印刷,2025-08-22,34,56.53,1922.02,En tránsito
O-003183,BR-00208,P-023308,PR-00247,高橋建設合同会社,2025-08-12,58,85.88,4981.04,Recibido
O-003184,BR-00208,P-023311,PR-01369,株式会社加藤電気,2025-08-09,54,106.32,5741.28,En tránsito
O-003185,BR-00209,P-023346,PR-00850,加藤運輸有限会社,2025-08-09,25,95.89,2397.25,En tránsito
O-003186,BR-00209,P-023365,PR-01055,佐藤保険株式会社,2025-07-04,77,131.25,10106.25,En tránsito
O-003187,BR-00209,P-023366,PR-00753,株式会社岡田鉱業,2025-07-20,93,26.61,2474.73,En tránsito
O-003188,BR-00209,P-023378,PR-00870,鈴木通信合同会社,2025-08-28,54,16.41,886.14,En tránsito
O-003189,BR-00209,P-023380,PR-00241,株式会社青木保険,2025-07-07,25,42.65,1066.25,Recibido
O-003190,BR-00209,P-023383,PR-00241,株式会社青木保険,2025-07-01,75,61.91,4643.25,En tránsito
O-003191,BR-00209,P-023384,PR-00242,鈴木鉱業株式会社,2025-07-19,54,38.61,2084.94,Pendiente
O-003192,BR-00209,P-023403,PR-01413,株式会社吉田水産,2025-07-23,84,55.52,4663.68,En tránsito
O-003193,BR-00209,P-023414,PR-00248,前田電気有限会社,2025-08-05,97,121.31,11767.07,Pendiente
O-003194,BR-00209,P-023418,PR-00249,合同会社吉田食品,2025-08-26,98,26.46,2593.08,Recibido
O-003195,BR-00209,P-023426,PR-00889,有限会社藤田銀行,2025-08-26,21,93.26,1958.46,Pendiente
O-003196,BR-00210,P-023432,PR-00885,渡辺通信合同会社,2025-07-22,81,87.32,7072.92,Pendiente
O-003197,BR-00210,P-023441,PR-00829,株式会社近藤電気,2025-08-25,58,30.35,1760.3,En tránsito
O-003198,BR-00210,P-023442,PR-00947,中島建設株式会社,2025-08-21,66,86.49,5708.34,En tránsito
O-003199,BR-00210,P-023452,PR-00652,藤原建設合同会社,2025-08-19,67,141.3,9467.1,En tránsito
O-003200,BR-00210,P-023456,PR-01183,有限会社林情報,2025-07-19,43,3.09,132.87,En tránsito
O-003201,BR-00210,P-023460,PR-00270,株式会社山本運輸,2025-08-24,44,73.7,3242.8,Recibido
O-003202,BR-00210,P-023463,PR-00271,小川鉱業合同会社,2025-07-02,94,13.09,1230.46,Recibido
O-003203,BR-00210,P-023480,PR-00242,鈴木鉱業株式会社,2025-07-08,59,36.2,2135.8,Recibido
O-003204,BR-00210,P-023482,PR-00242,鈴木鉱業株式会社,2025-08-15,40,142.61,5704.4,En tránsito
O-003205,BR-00210,P-023491,PR-00244,福田運輸有限会社,2025-07-10,36,109.96,3958.56,En tránsito
O-003206,BR-00210,P-023499,PR-00246,合同会社小川印刷,2025-08-08,44,40.96,1802.24,Recibido
O-003207,BR-00211,P-023524,PR-00937,合同会社藤井情報,2025-07-15,62,30.7,1903.4,Pendiente
O-003208,BR-00211,P-023525,PR-00278,合同会社小林印刷,2025-07-21,73,113.07,8254.11,En tránsito
O-003209,BR-00211,P-023540,PR-00281,村上印刷株式会社,2025-07-31,91,12.79,1163.89,Recibido
O-003210,BR-00211,P-023543,PR-00282,伊藤水産株式会社,2025-08-25,83,37.13,3081.79,En tránsito
O-003211,BR-00211,P-023544,PR-00282,伊藤水産株式会社,2025-07-31,78,58.83,4588.74,En tránsito
O-003212,BR-00211,P-023549,PR-00268,山下保険株式会社,2025-07-08,47,131.27,6169.69,Recibido
O-003213,BR-00211,P-023555,PR-01055,佐藤保険株式会社,2025-08-08,71,33.33,2366.43,Pendiente
O-003214,BR-00211,P-023557,PR-00771,山本情報株式会社,2025-07-26,57,95.83,5462.31,Recibido
O-003215,BR-00211,P-023558,PR-00771,山本情報株式会社,2025-07-13,24,81.35,1952.4,Recibido
O-003216,BR-00211,P-023585,PR-00244,福田運輸有限会社,2025-07-23,27,52.48,1416.96,Recibido
O-003217,BR-00211,P-023587,PR-00244,福田運輸有限会社,2025-08-28,39,67.84,2645.76,En tránsito
O-003218,BR-00211,P-023595,PR-00736,合同会社小林印刷,2025-07-03,77,127.59,9824.43,Recibido
O-003219,BR-00211,P-023597,PR-00246,合同会社小川印刷,2025-08-06,52,124.33,6465.16,En tránsito
O-003220,BR-00211,P-023614,PR-00889,有限会社藤田銀行,2025-08-01,100,132.15,13215.0,Pendiente
O-003221,BR-00212,P-023620,PR-00937,合同会社藤井情報,2025-08-02,41,142.37,5837.17,Recibido
O-003222,BR-00212,P-023621,PR-00279,合同会社斎藤食品,2025-07-27,86,102.28,8796.08,Recibido
O-003223,BR-00212,P-023643,PR-00960,有限会社田中銀行,2025-08-04,52,101.66,5286.32,En tránsito
O-003224,BR-00212,P-023652,PR-00771,山本情報株式会社,2025-08-01,51,55.55,2833.05,Pendiente
O-003225,BR-00212,P-023659,PR-00272,有限会社佐藤情報,2025-08-04,93,9.31,865.83,Pendiente
O-003226,BR-00212,P-023661,PR-01361,近藤食品有限会社,2025-07-01,66,126.95,8378.7,Recibido
O-003227,BR-00212,P-023662,PR-01361,近藤食品有限会社,2025-07-21,68,103.52,7039.36,En tránsito
O-003228,BR-00212,P-023673,PR-00958,前田食品株式会社,2025-07-23,26,49.24,1280.24,En tránsito
O-003229,BR-00212,P-023684,PR-00245,株式会社田中印刷,2025-08-18,62,49.01,3038.62,Recibido
O-003230,BR-00212,P-023688,PR-00246,合同会社小川印刷,2025-07-23,34,91.54,3112.36,En tránsito
O-003231,BR-00213,P-023730,PR-00280,佐々木ガス有限会社,2025-07-14,88,121.92,10728.96,Recibido
O-003232,BR-00213,P-023731,PR-00280,佐々木ガス有限会社,2025-07-14,92,8.71,801.32,Recibido
O-003233,BR-00213,P-023738,PR-00282,伊藤水産株式会社,2025-07-04,95,90.87,8632.65,Pendiente
O-003234,BR-00213,P-023745,PR-00960,有限会社田中銀行,2025-08-10,25,50.22,1255.5,Recibido
O-003235,BR-00213,P-023752,PR-01183,有限会社林情報,2025-08-19,46,116.06,5338.76,Pendiente
O-003236,BR-00213,P-023753,PR-00270,株式会社山本運輸,2025-08-10,25,41.45,1036.25,Pendiente
O-003237,BR-00213,P-023767,PR-00242,鈴木鉱業株式会社,2025-08-02,73,70.57,5151.61,En tránsito
O-003238,BR-00213,P-023787,PR-00736,合同会社小林印刷,2025-08-13,26,19.46,505.96,Recibido
O-003239,BR-00213,P-023790,PR-01048,合同会社加藤保険,2025-07-02,71,142.88,10144.48,Pendiente
O-003240,BR-00213,P-023798,PR-00248,前田電気有限会社,2025-08-06,60,79.83,4789.8,Pendiente
O-003241,BR-00213,P-023803,PR-01159,鈴木農林株式会社,2025-07-13,22,138.53,3047.66,En tránsito
O-003242,BR-00214,P-023816,PR-00937,合同会社藤井情報,2025-07-19,52,122.72,6381.44,Recibido
O-003243,BR-00214,P-023825,PR-00280,佐々木ガス有限会社,2025-08-14,36,41.31,1487.16,Recibido
O-003244,BR-00214,P-023834,PR-00850,加藤運輸有限会社,2025-08-11,73,115.2,8409.6,Recibido
O-003245,BR-00214,P-023836,PR-00282,伊藤水産株式会社,2025-07-31,88,65.59,5771.92,En tránsito
O-003246,BR-00214,P-023844,PR-00960,有限会社田中銀行,2025-07-29,97,8.98,871.06,Pendiente
O-003247,BR-00214,P-023848,PR-00269,株式会社吉田印刷,2025-07-16,74,110.35,8165.9,En tránsito
O-003248,BR-00214,P-023857,PR-00271,小川鉱業合同会社,2025-07-26,61,127.7,7789.7,Pendiente
O-003249,BR-00214,P-023859,PR-00271,小川鉱業合同会社,2025-08-22,58,63.02,3655.16,Pendiente
O-003250,BR-00214,P-023862,PR-00272,有限会社佐藤情報,2025-07-04,55,141.66,7791.3,Pendiente
O-003251,BR-00214,P-023882,PR-00244,福田運輸有限会社,2025-08-08,65,109.64,7126.6,Pendiente
O-003252,BR-00214,P-023890,PR-01398,有限会社近藤ガス,2025-07-03,85,109.45,9303.25,Pendiente
O-003253,BR-00214,P-023891,PR-00736,合同会社小林印刷,2025-07-08,76,49.81,3785.56,Pendiente
O-003254,BR-00214,P-023897,PR-01048,合同会社加藤保険,2025-08-12,21,22.74,477.54,Pendiente
O-003255,BR-00214,P-023904,PR-00248,前田電気有限会社,2025-08-15,87,123.08,10707.96,En tránsito
O-003256,BR-00215,P-023920,PR-00278,合同会社小林印刷,2025-07-10,70,35.23,2466.1,En tránsito
O-003257,BR-00215,P-023926,PR-00279,合同会社斎藤食品,2025-07-28,26,95.42,2480.92,Pendiente
O-003258,BR-00215,P-023929,PR-00280,佐々木ガス有限会社,2025-08-24,27,139.39,3763.53,Recibido
O-003259,BR-00215,P-023932,PR-00280,佐々木ガス有限会社,2025-08-24,24,127.21,3053.04,En tránsito
O-003260,BR-00215,P-023951,PR-01183,有限会社林情報,2025-07-26,55,45.56,2505.8,Recibido
O-003261,BR-00215,P-023967,PR-00241,株式会社青木保険,2025-08-21,69,57.53,3969.57,Pendiente
O-003262,BR-00215,P-023971,PR-00242,鈴木鉱業株式会社,2025-08-06,47,147.17,6916.99,Recibido
O-003263,BR-00215,P-023978,PR-00649,伊藤通信合同会社,2025-08-10,51,99.11,5054.61,Recibido
O-003264,BR-00215,P-023986,PR-01398,有限会社近藤ガス,2025-08-02,24,28.14,675.36,Pendiente
O-003265,BR-00215,P-023989,PR-00736,合同会社小林印刷,2025-07-24,30,56.24,1687.2,En tránsito
O-003266,BR-00215,P-023992,PR-01048,合同会社加藤保険,2025-08-19,33,148.59,4903.47,En tránsito
O-003267,BR-00215,P-023994,PR-00872,合同会社松本銀行,2025-07-22,21,21.73,456.33,En tránsito
O-003268,BR-00215,P-023998,PR-00248,前田電気有限会社,2025-07-01,99,98.48,9749.52,Pendiente
O-003269,BR-00215,P-024001,PR-00248,前田電気有限会社,2025-08-27,28,5.55,155.4,Recibido
O-003270,BR-00215,P-024009,PR-00889,有限会社藤田銀行,2025-07-05,78,146.18,11402.04,Recibido
O-003271,BR-00216,P-024038,PR-00282,伊藤水産株式会社,2025-07-16,85,26.1,2218.5,Recibido
O-003272,BR-00216,P-024051,PR-00270,株式会社山本運輸,2025-07-24,71,52.42,3721.82,Pendiente
O-003273,BR-00216,P-024065,PR-01361,近藤食品有限会社,2025-08-26,73,42.75,3120.75,Pendiente
O-003274,BR-00216,P-024075,PR-00928,池田農林株式会社,2025-07-22,59,25.7,1516.3,Pendiente
O-003275,BR-00216,P-024076,PR-00244,福田運輸有限会社,2025-07-19,56,90.62,5074.72,Pendiente
O-003276,BR-00216,P-024077,PR-00244,福田運輸有限会社,2025-06-30,51,102.04,5204.04,En tránsito
O-003277,BR-00216,P-024080,PR-01340,渡辺水産合同会社,2025-07-08,68,134.43,9141.24,Pendiente
O-003278,BR-00216,P-024083,PR-01398,有限会社近藤ガス,2025-08-11,51,16.54,843.54,Pendiente
O-003279,BR-00216,P-024084,PR-01398,有限会社近藤ガス,2025-07-24,79,25.05,1978.95,Recibido
O-003280,BR-00217,P-024087,PR-00885,渡辺通信合同会社,2025-08-09,92,98.74,9084.08,En tránsito
O-003281,BR-00217,P-024100,PR-00281,村上印刷株式会社,2025-07-25,88,35.29,3105.52,Pendiente
O-003282,BR-00217,P-024104,PR-00282,伊藤水産株式会社,2025-08-18,46,13.81,635.26,Recibido
O-003283,BR-00217,P-024106,PR-00282,伊藤水産株式会社,2025-08-21,80,75.46,6036.8,En tránsito
O-003284,BR-00217,P-024116,PR-00270,株式会社山本運輸,2025-08-17,42,5.02,210.84,Pendiente
O-003285,BR-00217,P-024123,PR-00771,山本情報株式会社,2025-07-23,92,100.38,9234.96,En tránsito
O-003286,BR-00217,P-024129,PR-00272,有限会社佐藤情報,2025-06-30,73,32.79,2393.67,Recibido
O-003287,BR-00217,P-024137,PR-00242,鈴木鉱業株式会社,2025-07-21,97,76.28,7399.16,Recibido
O-003288,BR-00217,P-024143,PR-01328,株式会社鈴木情報,2025-07-22,22,16.69,367.18,Pendiente
O-003289,BR-00217,P-024151,PR-00938,株式会社高橋水産,2025-08-16,38,48.46,1841.48,Recibido
O-003290,BR-00217,P-024153,PR-01340,渡辺水産合同会社,2025-07-30,58,96.36,5588.88,Recibido
O-003291,BR-00218,P-024171,PR-00829,株式会社近藤電気,2025-07-04,51,47.09,2401.59,Pendiente
O-003292,BR-00218,P-024172,PR-00850,加藤運輸有限会社,2025-08-28,69,58.26,4019.94,Recibido
O-003293,BR-00218,P-024173,PR-00281,村上印刷株式会社,2025-07-05,67,147.24,9865.08,Pendiente
O-003294,BR-00218,P-024177,PR-00282,伊藤水産株式会社,2025-08-10,78,134.04,10455.12,En tránsito
O-003295,BR-00218,P-024182,PR-00269,株式会社吉田印刷,2025-07-25,22,46.13,1014.86,Recibido
O-003296,BR-00218,P-024184,PR-01183,有限会社林情報,2025-08-23,29,149.26,4328.54,Recibido
O-003297,BR-00218,P-024186,PR-00269,株式会社吉田印刷,2025-07-28,83,76.12,6317.96,En tránsito
O-003298,BR-00218,P-024189,PR-00753,株式会社岡田鉱業,2025-07-29,95,117.99,11209.05,En tránsito
O-003299,BR-00218,P-024194,PR-00771,山本情報株式会社,2025-07-14,83,70.86,5881.38,Pendiente
O-003300,BR-00218,P-024200,PR-00272,有限会社佐藤情報,2025-08-27,63,88.15,5553.45,En tránsito
O-003301,BR-00218,P-024210,PR-01361,近藤食品有限会社,2025-08-01,23,71.89,1653.47,Pendiente
O-003302,BR-00218,P-024213,PR-00242,鈴木鉱業株式会社,2025-08-18,96,38.74,3719.04,Pendiente
O-003303,BR-00218,P-024214,PR-00242,鈴木鉱業株式会社,2025-08-17,84,79.75,6699.0,Pendiente
O-003304,BR-00219,P-024241,PR-00279,合同会社斎藤食品,2025-08-11,29,67.88,1968.52,Pendiente
O-003305,BR-00219,P-024248,PR-00850,加藤運輸有限会社,2025-07-13,58,56.38,3270.04,En tránsito
O-003306,BR-00219,P-024249,PR-00829,株式会社近藤電気,2025-06-30,75,95.46,7159.5,Recibido
O-003307,BR-00219,P-024257,PR-00652,藤原建設合同会社,2025-07-03,91,142.28,12947.48,En tránsito
O-003308,BR-00219,P-024260,PR-00652,藤原建設合同会社,2025-08-07,37,34.42,1273.54,Pendiente
O-003309,BR-00219,P-024279,PR-00272,有限会社佐藤情報,2025-08-07,31,22.21,688.51,En tránsito
O-003310,BR-00219,P-024291,PR-00242,鈴木鉱業株式会社,2025-07-31,97,48.23,4678.31,En tránsito
O-003311,BR-00219,P-024292,PR-00242,鈴木鉱業株式会社,2025-06-30,73,125.45,9157.85,En tránsito
O-003312,BR-00219,P-024303,PR-00244,福田運輸有限会社,2025-07-29,39,58.74,2290.86,Pendiente
O-003313,BR-00220,P-024313,PR-00885,渡辺通信合同会社,2025-08-09,29,95.66,2774.14,Pendiente
O-003314,BR-00220,P-024316,PR-00279,合同会社斎藤食品,2025-08-20,98,139.72,13692.56,En tránsito
O-003315,BR-00220,P-024317,PR-00279,合同会社斎藤食品,2025-08-01,100,115.08,11508.0,Pendiente
O-003316,BR-00220,P-024318,PR-00279,合同会社斎藤食品,2025-08-07,83,136.85,11358.55,En tránsito
O-003317,BR-00220,P-024319,PR-00279,合同会社斎藤食品,2025-08-01,28,138.42,3875.76,Recibido
O-003318,BR-00220,P-024330,PR-00850,加藤運輸有限会社,2025-07-25,55,24.62,1354.1,Pendiente
O-003319,BR-00220,P-024345,PR-01183,有限会社林情報,2025-08-13,81,66.14,5357.34,Recibido
O-003320,BR-00220,P-024353,PR-00270,株式会社山本運輸,2025-07-04,78,147.89,11535.42,Recibido
O-003321,BR-00220,P-024354,PR-00753,株式会社岡田鉱業,2025-07-06,44,59.03,2597.32,Recibido
O-003322,BR-00220,P-024359,PR-00870,鈴木通信合同会社,2025-08-11,39,5.8,226.2,Pendiente
O-003323,BR-00220,P-024361,PR-00272,有限会社佐藤情報,2025-08-23,38,52.22,1984.36,Recibido
O-003324,BR-00220,P-024362,PR-00870,鈴木通信合同会社,2025-07-29,54,73.38,3962.52,Recibido
O-003325,BR-00220,P-024366,PR-01361,近藤食品有限会社,2025-07-14,37,18.31,677.47,Pendiente
O-003326,BR-00220,P-024382,PR-01398,有限会社近藤ガス,2025-07-30,27,51.72,1396.44,Pendiente
O-003327,BR-00221,P-024393,PR-00280,佐々木ガス有限会社,2025-07-28,94,28.19,2649.86,Recibido
O-003328,BR-00221,P-024398,PR-00280,佐々木ガス有限会社,2025-07-29,83,20.6,1709.8,Pendiente
O-003329,BR-00221,P-024445,PR-01328,株式会社鈴木情報,2025-08-27,64,33.19,2124.16,En tránsito
O-003330,BR-00221,P-024449,PR-01328,株式会社鈴木情報,2025-07-03,37,40.06,1482.22,Recibido
O-003331,BR-00222,P-024467,PR-00279,合同会社斎藤食品,2025-08-10,70,55.11,3857.7,En tránsito
O-003332,BR-00222,P-024476,PR-00947,中島建設株式会社,2025-07-03,73,110.99,8102.27,En tránsito
O-003333,BR-00222,P-024480,PR-00282,伊藤水産株式会社,2025-07-17,46,118.71,5460.66,Pendiente
O-003334,BR-00222,P-024494,PR-01183,有限会社林情報,2025-08-18,36,73.1,2631.6,Recibido
O-003335,BR-00222,P-024503,PR-01055,佐藤保険株式会社,2025-07-28,85,143.0,12155.0,En tránsito
O-003336,BR-00222,P-024505,PR-00771,山本情報株式会社,2025-08-24,55,128.3,7056.5,Recibido
O-003337,BR-00222,P-024506,PR-00771,山本情報株式会社,2025-08-12,63,57.07,3595.41,Pendiente
O-003338,BR-00222,P-024507,PR-00272,有限会社佐藤情報,2025-08-15,48,3.32,159.36,Pendiente
O-003339,BR-00222,P-024527,PR-01328,株式会社鈴木情報,2025-07-06,66,131.14,8655.24,Recibido
O-003340,BR-00223,P-024542,PR-00279,合同会社斎藤食品,2025-07-10,95,77.02,7316.9,En tránsito
O-003341,BR-00223,P-024554,PR-00281,村上印刷株式会社,2025-08-19,44,144.41,6354.04,En tránsito
O-003342,BR-00223,P-024556,PR-00282,伊藤水産株式会社,2025-07-15,61,78.61,4795.21,En tránsito
O-003343,BR-00223,P-024577,PR-00753,株式会社岡田鉱業,2025-08-19,27,8.11,218.97,Pendiente
O-003344,BR-00223,P-024583,PR-00771,山本情報株式会社,2025-08-20,32,87.37,2795.84,Recibido
O-003345,BR-00224,P-024614,PR-00278,合同会社小林印刷,2025-08-03,91,52.55,4782.05,Pendiente
O-003346,BR-00224,P-024615,PR-01460,有限会社藤井建設,2025-08-25,73,21.47,1567.31,En tránsito
O-003347,BR-00224,P-024617,PR-00279,合同会社斎藤食品,2025-07-18,42,49.02,2058.84,Recibido
O-003348,BR-00224,P-024618,PR-00279,合同会社斎藤食品,2025-08-26,67,5.6,375.2,En tránsito
O-003349,BR-00224,P-024625,PR-00280,佐々木ガス有限会社,2025-08-20,59,77.56,4576.04,Recibido
O-003350,BR-00224,P-024626,PR-00280,佐々木ガス有限会社,2025-07-04,32,111.16,3557.12,En tránsito
O-003351,BR-00224,P-024640,PR-00268,山下保険株式会社,2025-07-10,72,56.92,4098.24,En tránsito
O-003352,BR-00224,P-024644,PR-00269,株式会社吉田印刷,2025-08-28,34,94.41,3209.94,Pendiente
O-003353,BR-00224,P-024645,PR-01282,橋本情報有限会社,2025-08-27,59,47.67,2812.53,Pendiente
O-003354,BR-00224,P-024656,PR-00870,鈴木通信合同会社,2025-08-25,96,14.27,1369.92,Pendiente
O-003355,BR-00224,P-024666,PR-00242,鈴木鉱業株式会社,2025-08-17,24,16.83,403.92,En tránsito
O-003356,BR-00224,P-024670,PR-00242,鈴木鉱業株式会社,2025-07-21,46,132.58,6098.68,Pendiente
O-003357,BR-00224,P-024672,PR-00649,伊藤通信合同会社,2025-07-20,24,81.32,1951.68,Recibido
O-003358,BR-00224,P-024676,PR-00244,福田運輸有限会社,2025-08-08,53,13.68,725.04,Recibido
O-003359,BR-00224,P-024684,PR-00938,株式会社高橋水産,2025-07-17,34,111.79,3800.86,Recibido
O-003360,BR-00225,P-024685,PR-01460,有限会社藤井建設,2025-08-22,21,133.01,2793.21,Recibido
O-003361,BR-00225,P-024691,PR-00279,合同会社斎藤食品,2025-07-20,22,149.55,3290.1,Pendiente
O-003362,BR-00225,P-024723,PR-00271,小川鉱業合同会社,2025-07-03,88,6.41,564.08,En tránsito
O-003363,BR-00225,P-024727,PR-00241,株式会社青木保険,2025-08-26,61,83.0,5063.0,En tránsito
O-003364,BR-00225,P-024729,PR-01361,近藤食品有限会社,2025-08-06,22,91.57,2014.54,Pendiente
O-003365,BR-00225,P-024733,PR-00242,鈴木鉱業株式会社,2025-08-15,73,69.03,5039.19,Pendiente
O-003366,BR-00225,P-024742,PR-00928,池田農林株式会社,2025-07-01,81,7.71,624.51,En tránsito
O-003367,BR-00225,P-024747,PR-00244,福田運輸有限会社,2025-08-25,34,73.26,2490.84,En tránsito
O-003368,BR-00226,P-024759,PR-00279,合同会社斎藤食品,2025-08-17,51,53.86,2746.86,Recibido
O-003369,BR-00226,P-024765,PR-00280,佐々木ガス有限会社,2025-08-04,50,126.37,6318.5,Recibido
O-003370,BR-00226,P-024771,PR-00829,株式会社近藤電気,2025-07-02,87,76.75,6677.25,Recibido
O-003371,BR-00226,P-024774,PR-00282,伊藤水産株式会社,2025-07-03,71,38.3,2719.3,Recibido
O-003372,BR-00226,P-024777,PR-00268,山下保険株式会社,2025-08-08,93,119.27,11092.11,Pendiente
O-003373,BR-00226,P-024787,PR-00270,株式会社山本運輸,2025-08-11,49,142.09,6962.41,Recibido
O-003374,BR-00226,P-024798,PR-00771,山本情報株式会社,2025-08-22,83,148.07,12289.81,Pendiente
O-003375,BR-00226,P-024799,PR-00272,有限会社佐藤情報,2025-07-17,75,15.64,1173.0,En tránsito
O-003376,BR-00226,P-024807,PR-01361,近藤食品有限会社,2025-08-11,81,103.18,8357.58,Pendiente
O-003377,BR-00226,P-024811,PR-00242,鈴木鉱業株式会社,2025-07-01,64,59.55,3811.2,En tránsito
O-003378,BR-00227,P-024832,PR-00937,合同会社藤井情報,2025-08-18,47,41.16,1934.52,Recibido
O-003379,BR-00227,P-024833,PR-00278,合同会社小林印刷,2025-07-29,66,134.53,8878.98,Pendiente
O-003380,BR-00227,P-024845,PR-00280,佐々木ガス有限会社,2025-08-01,51,72.7,3707.7,En tránsito
O-003381,BR-00227,P-024852,PR-00282,伊藤水産株式会社,2025-08-13,99,135.42,13406.58,Pendiente
O-003382,BR-00227,P-024856,PR-00282,伊藤水産株式会社,2025-08-11,67,81.31,5447.77,Recibido
O-003383,BR-00227,P-024859,PR-00652,藤原建設合同会社,2025-07-05,71,137.38,9753.98,En tránsito
O-003384,BR-00227,P-024866,PR-00753,株式会社岡田鉱業,2025-08-18,97,127.4,12357.8,Recibido
O-003385,BR-00227,P-024885,PR-01361,近藤食品有限会社,2025-07-04,96,96.86,9298.56,Recibido
O-003386,BR-00227,P-024893,PR-00242,鈴木鉱業株式会社,2025-07-01,80,57.93,4634.4,En tránsito
O-003387,BR-00227,P-024899,PR-00243,合同会社田中情報,2025-08-23,35,18.35,642.25,Recibido
O-003388,BR-00227,P-024902,PR-00244,福田運輸有限会社,2025-08-17,27,125.64,3392.28,Recibido
O-003389,BR-00227,P-024905,PR-00244,福田運輸有限会社,2025-07-27,91,66.81,6079.71,En tránsito
O-003390,BR-00228,P-024923,PR-00280,佐々木ガス有限会社,2025-07-24,53,5.65,299.45,Pendiente
O-003391,BR-00228,P-024924,PR-00280,佐々木ガス有限会社,2025-08-28,93,117.21,10900.53,Recibido
O-003392,BR-00228,P-024930,PR-00947,中島建設株式会社,2025-07-24,31,134.4,4166.4,En tránsito
O-003393,BR-00228,P-024942,PR-00268,山下保険株式会社,2025-08-23,90,145.03,13052.7,En tránsito
O-003394,BR-00228,P-024954,PR-00771,山本情報株式会社,2025-07-12,53,123.75,6558.75,Recibido
O-003395,BR-00228,P-024960,PR-00771,山本情報株式会社,2025-07-01,77,142.46,10969.42,En tránsito
O-003396,BR-00228,P-024962,PR-00272,有限会社佐藤情報,2025-07-04,34,90.31,3070.54,Recibido
O-003397,BR-00228,P-024979,PR-00649,伊藤通信合同会社,2025-08-04,54,82.43,4451.22,Pendiente
O-003398,BR-00228,P-024980,PR-00958,前田食品株式会社,2025-08-26,31,53.29,1651.99,Recibido
O-003399,BR-00228,P-024982,PR-00244,福田運輸有限会社,2025-08-03,80,48.83,3906.4,Recibido
O-003400,BR-00229,P-024991,PR-00325,Voisin S.A.,2025-08-03,30,57.64,1729.2,En tránsito
O-003401,BR-00229,P-024993,PR-00325,Voisin S.A.,2025-07-14,85,91.43,7771.55,Recibido
O-003402,BR-00229,P-024999,PR-00326,Colas Dupré S.A.R.L.,2025-07-05,41,7.32,300.12,En tránsito
O-003403,BR-00229,P-025004,PR-00973,Texier,2025-07-07,65,86.42,5617.3,Recibido
O-003404,BR-00229,P-025014,PR-01429,Bègue Neveu et Fils,2025-07-20,61,121.99,7441.39,Recibido
O-003405,BR-00229,P-025016,PR-00892,Merle Lamy S.A.R.L.,2025-08-16,79,133.25,10526.75,Pendiente
O-003406,BR-00229,P-025028,PR-00317,Moreau S.A.R.L.,2025-07-26,25,120.51,3012.75,En tránsito
O-003407,BR-00229,P-025036,PR-00318,Pascal De Oliveira S.A.R.L.,2025-07-18,42,21.08,885.36,Recibido
O-003408,BR-00229,P-025039,PR-00319,Toussaint,2025-08-26,44,144.23,6346.12,Recibido
O-003409,BR-00229,P-025040,PR-00319,Toussaint,2025-07-30,49,20.31,995.19,Pendiente
O-003410,BR-00229,P-025050,PR-00288,Weber SARL,2025-07-17,99,112.16,11103.84,Recibido
O-003411,BR-00229,P-025053,PR-00289,Pereira Bouvet S.A.R.L.,2025-08-14,20,11.0,220.0,Pendiente
O-003412,BR-00229,P-025055,PR-00289,Pereira Bouvet S.A.R.L.,2025-08-13,67,139.73,9361.91,Recibido
O-003413,BR-00229,P-025057,PR-01007,Menard S.A.R.L.,2025-08-16,85,22.0,1870.0,Recibido
O-003414,BR-00229,P-025058,PR-01007,Menard S.A.R.L.,2025-07-17,45,79.63,3583.35,En tránsito
O-003415,BR-00229,P-025060,PR-00786,Lejeune,2025-08-24,26,45.81,1191.06,En tránsito
O-003416,BR-00229,P-025062,PR-00786,Lejeune,2025-07-28,47,91.49,4300.03,Recibido
O-003417,BR-00229,P-025072,PR-01415,Dufour Leduc SA,2025-08-04,41,133.71,5482.11,Recibido
O-003418,BR-00229,P-025073,PR-00292,Dupuy,2025-06-30,100,3.97,397.0,Recibido
O-003419,BR-00229,P-025081,PR-00908,Roche Leclerc S.A.R.L.,2025-08-14,61,67.58,4122.38,Pendiente
O-003420,BR-00229,P-025086,PR-00295,Salmon et Fils,2025-08-13,46,144.35,6640.1,Pendiente
O-003421,BR-00229,P-025091,PR-01421,Jourdan,2025-08-25,37,19.77,731.49,Recibido
O-003422,BR-00229,P-025093,PR-01421,Jourdan,2025-07-02,23,138.11,3176.53,Recibido
O-003423,BR-00229,P-025094,PR-00296,Gautier SARL,2025-08-17,77,62.8,4835.6,Recibido
O-003424,BR-00229,P-025099,PR-00320,Munoz,2025-07-21,30,12.61,378.3,En tránsito
O-003425,BR-00229,P-025104,PR-00321,Pelletier SA,2025-07-22,47,79.08,3716.76,Recibido
O-003426,BR-00229,P-025105,PR-01360,Poulain Delahaye SARL,2025-08-15,34,33.37,1134.58,En tránsito
O-003427,BR-00229,P-025106,PR-00322,Chauvet,2025-08-17,27,142.51,3847.77,En tránsito
O-003428,BR-00229,P-025107,PR-00322,Chauvet,2025-07-05,52,69.67,3622.84,Recibido
O-003429,BR-00229,P-025114,PR-00323,Becker,2025-07-15,25,110.33,2758.25,Pendiente
O-003430,BR-00229,P-025115,PR-00323,Becker,2025-07-27,22,45.05,991.1,Pendiente
O-003431,BR-00229,P-025118,PR-00324,Gérard S.A.S.,2025-08-10,28,102.55,2871.4,Pendiente
O-003432,BR-00229,P-025127,PR-00769,Bruneau S.A.S.,2025-08-26,80,138.26,11060.8,Recibido
O-003433,BR-00229,P-025135,PR-01069,Duval,2025-08-15,79,95.76,7565.04,Pendiente
O-003434,BR-00229,P-025141,PR-00664,Leclerc,2025-08-23,84,24.2,2032.8,En tránsito
O-003435,BR-00229,P-025148,PR-01193,Gros,2025-07-16,45,31.85,1433.25,Recibido
O-003436,BR-00229,P-025150,PR-01193,Gros,2025-07-07,58,83.18,4824.44,Pendiente
O-003437,BR-00229,P-025155,PR-00285,Humbert,2025-08-15,70,148.38,10386.6,Pendiente
O-003438,BR-00229,P-025159,PR-00285,Humbert,2025-07-12,80,15.82,1265.6,En tránsito
O-003439,BR-00229,P-025160,PR-00285,Humbert,2025-08-10,97,142.88,13859.36,Recibido
O-003440,BR-00229,P-025162,PR-01224,Hernandez Simon S.A.R.L.,2025-08-15,40,60.87,2434.8,Pendiente
O-003441,BR-00229,P-025164,PR-01224,Hernandez Simon S.A.R.L.,2025-07-07,77,78.23,6023.71,En tránsito
O-003442,BR-00229,P-025177,PR-00803,Perrot,2025-07-07,28,100.26,2807.28,Recibido
O-003443,BR-00229,P-025178,PR-00748,Le Goff Bègue et Fils,2025-08-14,52,76.94,4000.88,Recibido
O-003444,BR-00229,P-025182,PR-00305,Tessier S.A.R.L.,2025-07-24,62,81.36,5044.32,Recibido
O-003445,BR-00229,P-025186,PR-01374,Jacquot SA,2025-07-10,66,117.11,7729.26,Pendiente
O-003446,BR-00229,P-025197,PR-01351,De Oliveira,2025-07-26,41,77.03,3158.23,Recibido
O-003447,BR-00229,P-025199,PR-01351,De Oliveira,2025-08-19,25,106.05,2651.25,En tránsito
O-003448,BR-00229,P-025200,PR-01035,Breton S.A.R.L.,2025-08-15,85,54.4,4624.0,Pendiente
O-003449,BR-00229,P-025203,PR-01090,Boulanger,2025-07-30,88,115.56,10169.28,Pendiente
O-003450,BR-00229,P-025217,PR-00724,Bernard Bailly et Fils,2025-08-21,91,77.6,7061.6,En tránsito
O-003451,BR-00229,P-025221,PR-00314,Renault Labbé S.A.,2025-07-27,40,96.45,3858.0,Recibido
O-003452,BR-00229,P-025222,PR-00314,Renault Labbé S.A.,2025-08-17,65,113.91,7404.15,Recibido
O-003453,BR-00230,P-025224,PR-01045,Valette S.A.S.,2025-07-01,73,41.42,3023.66,Recibido
O-003454,BR-00230,P-025252,PR-00892,Merle Lamy S.A.R.L.,2025-07-20,49,143.81,7046.69,Recibido
O-003455,BR-00230,P-025262,PR-00317,Moreau S.A.R.L.,2025-06-30,26,9.17,238.42,En tránsito
O-003456,BR-00230,P-025270,PR-00318,Pascal De Oliveira S.A.R.L.,2025-07-02,48,70.64,3390.72,Recibido
O-003457,BR-00230,P-025271,PR-00319,Toussaint,2025-08-04,45,140.71,6331.95,Recibido
O-003458,BR-00230,P-025272,PR-00319,Toussaint,2025-07-29,53,121.35,6431.55,En tránsito
O-003459,BR-00230,P-025279,PR-00675,Perez,2025-07-03,60,16.67,1000.2,En tránsito
O-003460,BR-00230,P-025280,PR-00675,Perez,2025-08-13,30,89.06,2671.8,En tránsito
O-003461,BR-00230,P-025285,PR-00786,Lejeune,2025-08-14,32,88.36,2827.52,En tránsito
O-003462,BR-00230,P-025288,PR-00291,Bailly SA,2025-07-29,93,4.8,446.4,Recibido
O-003463,BR-00230,P-025298,PR-00293,Jacob et Fils,2025-07-25,99,72.27,7154.73,Pendiente
O-003464,BR-00230,P-025300,PR-00844,Cohen,2025-07-23,89,70.71,6293.19,En tránsito
O-003465,BR-00230,P-025302,PR-01176,Vidal,2025-07-07,46,86.53,3980.38,Pendiente
O-003466,BR-00230,P-025314,PR-01421,Jourdan,2025-07-14,37,66.05,2443.85,Pendiente
O-003467,BR-00230,P-025321,PR-00297,Grondin Arnaud S.A.,2025-07-17,35,121.9,4266.5,Recibido
O-003468,BR-00230,P-025324,PR-01232,Lecomte Rousset SARL,2025-07-12,63,90.62,5709.06,Recibido
O-003469,BR-00230,P-025333,PR-00322,Chauvet,2025-07-22,87,60.8,5289.6,En tránsito
O-003470,BR-00230,P-025338,PR-00323,Becker,2025-08-21,94,102.32,9618.08,Pendiente
O-003471,BR-00230,P-025339,PR-00324,Gérard S.A.S.,2025-07-13,70,26.39,1847.3,Recibido
O-003472,BR-00230,P-025347,PR-00299,Texier S.A.R.L.,2025-08-20,76,146.46,11130.96,Recibido
O-003473,BR-00230,P-025350,PR-00299,Texier S.A.R.L.,2025-08-16,77,55.13,4245.01,En tránsito
O-003474,BR-00230,P-025351,PR-00299,Texier S.A.R.L.,2025-08-26,88,120.95,10643.6,Pendiente
O-003475,BR-00230,P-025352,PR-01155,Poirier,2025-07-30,61,55.75,3400.75,En tránsito
O-003476,BR-00230,P-025357,PR-01069,Duval,2025-08-09,21,114.78,2410.38,Pendiente
O-003477,BR-00230,P-025359,PR-00301,Dias Dias SA,2025-07-09,58,78.38,4546.04,Recibido
O-003478,BR-00230,P-025364,PR-00664,Leclerc,2025-07-23,79,86.17,6807.43,Pendiente
O-003479,BR-00230,P-025375,PR-00285,Humbert,2025-08-13,100,30.82,3082.0,Pendiente
O-003480,BR-00230,P-025384,PR-01224,Hernandez Simon S.A.R.L.,2025-07-03,61,21.72,1324.92,Pendiente
O-003481,BR-00230,P-025386,PR-01224,Hernandez Simon S.A.R.L.,2025-08-18,32,112.6,3603.2,Pendiente
O-003482,BR-00230,P-025391,PR-00287,Moreau S.A.R.L.,2025-07-21,52,39.7,2064.4,Pendiente
O-003483,BR-00230,P-025393,PR-00626,Lopez,2025-06-30,25,70.64,1766.0,Pendiente
O-003484,BR-00230,P-025403,PR-00305,Tessier S.A.R.L.,2025-07-09,60,18.22,1093.2,Pendiente
O-003485,BR-00230,P-025411,PR-01041,Picard SARL,2025-07-11,66,38.41,2535.06,En tránsito
O-003486,BR-00230,P-025417,PR-00623,Buisson Bernard S.A.,2025-07-27,65,46.91,3049.15,Recibido
O-003487,BR-00230,P-025418,PR-00308,Petitjean Antoine S.A.S.,2025-08-18,43,34.33,1476.19,En tránsito
O-003488,BR-00230,P-025426,PR-00309,Foucher S.A.,2025-07-24,96,66.83,6415.68,En tránsito
O-003489,BR-00230,P-025431,PR-01090,Boulanger,2025-07-03,39,141.67,5525.13,Recibido
O-003490,BR-00230,P-025435,PR-00832,Arnaud Mary S.A.S.,2025-07-15,58,99.94,5796.52,Recibido
O-003491,BR-00230,P-025444,PR-01433,Ramos,2025-08-21,69,39.1,2697.9,En tránsito
O-003492,BR-00230,P-025445,PR-00313,Loiseau,2025-08-18,100,59.4,5940.0,Pendiente
O-003493,BR-00231,P-025461,PR-01175,Boucher S.A.S.,2025-08-10,20,113.81,2276.2,En tránsito
O-003494,BR-00231,P-025477,PR-00315,Laurent S.A.S.,2025-08-27,72,40.1,2887.2,Pendiente
O-003495,BR-00231,P-025479,PR-01195,Blot,2025-07-31,41,103.07,4225.87,Pendiente
O-003496,BR-00231,P-025482,PR-01145,Coste Dupont SA,2025-08-11,78,7.2,561.6,En tránsito
O-003497,BR-00231,P-025508,PR-00893,Tessier Marie SARL,2025-08-11,53,55.29,2930.37,Pendiente
O-003498,BR-00231,P-025517,PR-00291,Bailly SA,2025-07-26,84,85.26,7161.84,Pendiente
O-003499,BR-00231,P-025537,PR-00908,Roche Leclerc S.A.R.L.,2025-07-15,83,14.6,1211.8,Pendiente
O-003500,BR-00231,P-025568,PR-01360,Poulain Delahaye SARL,2025-07-01,70,143.25,10027.5,En tránsito
O-003501,BR-00231,P-025577,PR-01153,Chauvet,2025-07-08,63,139.24,8772.12,Pendiente
O-003502,BR-00231,P-025578,PR-01468,Pierre Collet SARL,2025-08-14,98,104.77,10267.46,Pendiente
O-003503,BR-00231,P-025586,PR-01366,Benoit,2025-07-10,78,63.18,4928.04,Recibido
O-003504,BR-00231,P-025594,PR-01130,Millet Lecoq SARL,2025-08-14,89,90.79,8080.31,Pendiente
O-003505,BR-00231,P-025597,PR-01155,Poirier,2025-08-01,22,37.0,814.0,En tránsito
O-003506,BR-00231,P-025600,PR-01069,Duval,2025-07-01,27,136.5,3685.5,Pendiente
O-003507,BR-00231,P-025603,PR-01069,Duval,2025-07-02,45,56.7,2551.5,Pendiente
O-003508,BR-00231,P-025605,PR-01069,Duval,2025-07-18,46,115.57,5316.22,Pendiente
O-003509,BR-00231,P-025608,PR-00664,Leclerc,2025-07-07,50,38.3,1915.0,Pendiente
O-003510,BR-00231,P-025609,PR-00302,Lecomte Guillon S.A.R.L.,2025-07-24,69,34.31,2367.39,Recibido
O-003511,BR-00231,P-025610,PR-00664,Leclerc,2025-07-16,86,59.58,5123.88,Pendiente
O-003512,BR-00232,P-025615,PR-01469,Chevalier Robert et Fils,2025-07-13,25,15.08,377.0,En tránsito
O-003513,BR-00232,P-025626,PR-00328,Faure,2025-08-06,32,21.62,691.84,Pendiente
O-003514,BR-00232,P-025648,PR-01199,Renault Delannoy S.A.S.,2025-07-24,26,17.41,452.66,Pendiente
O-003515,BR-00232,P-025657,PR-00288,Weber SARL,2025-07-09,68,55.24,3756.32,Recibido
O-003516,BR-00232,P-025662,PR-00288,Weber SARL,2025-07-08,67,58.3,3906.1,Pendiente
O-003517,BR-00232,P-025673,PR-01007,Menard S.A.R.L.,2025-07-03,33,28.41,937.53,En tránsito
O-003518,BR-00232,P-025680,PR-00293,Jacob et Fils,2025-07-06,38,52.44,1992.72,En tránsito
O-003519,BR-00232,P-025683,PR-00908,Roche Leclerc S.A.R.L.,2025-07-02,96,96.54,9267.84,En tránsito
O-003520,BR-00232,P-025703,PR-01232,Lecomte Rousset SARL,2025-08-15,24,30.31,727.44,En tránsito
O-003521,BR-00232,P-025712,PR-00920,Gallet Roux S.A.,2025-08-09,32,98.86,3163.52,Pendiente
O-003522,BR-00232,P-025719,PR-00323,Becker,2025-08-16,77,68.65,5286.05,Pendiente
O-003523,BR-00232,P-025722,PR-00324,Gérard S.A.S.,2025-08-10,96,14.35,1377.6,Recibido
O-003524,BR-00232,P-025734,PR-00769,Bruneau S.A.S.,2025-07-30,68,58.61,3985.48,Pendiente
O-003525,BR-00232,P-025743,PR-00301,Dias Dias SA,2025-08-26,53,107.27,5685.31,Recibido
O-003526,BR-00232,P-025747,PR-01069,Duval,2025-07-28,96,75.39,7237.44,Pendiente
O-003527,BR-00232,P-025748,PR-01069,Duval,2025-07-31,71,7.42,526.82,Recibido
O-003528,BR-00233,P-025779,PR-00315,Laurent S.A.S.,2025-07-18,95,105.71,10042.45,En tránsito
O-003529,BR-00233,P-025780,PR-00315,Laurent S.A.S.,2025-08-17,77,148.58,11440.66,Recibido
O-003530,BR-00233,P-025787,PR-01070,Ribeiro Pruvost S.A.R.L.,2025-08-21,24,9.31,223.44,Pendiente
O-003531,BR-00233,P-025792,PR-00318,Pascal De Oliveira S.A.R.L.,2025-07-09,34,6.03,205.02,En tránsito
O-003532,BR-00233,P-025793,PR-00318,Pascal De Oliveira S.A.R.L.,2025-08-22,50,59.89,2994.5,En tránsito
O-003533,BR-00233,P-025798,PR-00319,Toussaint,2025-07-21,54,28.48,1537.92,En tránsito
O-003534,BR-00233,P-025799,PR-00319,Toussaint,2025-07-09,31,146.16,4530.96,Recibido
O-003535,BR-00233,P-025800,PR-00288,Weber SARL,2025-08-12,81,43.77,3545.37,Recibido
O-003536,BR-00233,P-025803,PR-00675,Perez,2025-07-26,82,124.18,10182.76,Pendiente
O-003537,BR-00233,P-025807,PR-00289,Pereira Bouvet S.A.R.L.,2025-08-06,82,79.61,6528.02,Recibido
O-003538,BR-00233,P-025811,PR-00786,Lejeune,2025-07-05,92,83.33,7666.36,Recibido
O-003539,BR-00233,P-025816,PR-01066,Roux,2025-08-13,45,106.39,4787.55,Pendiente
O-003540,BR-00233,P-025817,PR-00730,Pichon S.A.,2025-08-16,77,58.95,4539.15,Recibido
O-003541,BR-00233,P-025820,PR-01029,Wagner SA,2025-07-06,29,27.54,798.66,En tránsito
O-003542,BR-00233,P-025821,PR-01415,Dufour Leduc SA,2025-07-04,91,97.26,8850.66,En tránsito
O-003543,BR-00233,P-025827,PR-00844,Cohen,2025-07-29,33,127.01,4191.33,Recibido
O-003544,BR-00233,P-025834,PR-00908,Roche Leclerc S.A.R.L.,2025-08-02,32,131.41,4205.12,En tránsito
O-003545,BR-00233,P-025835,PR-00294,Blanchet,2025-08-21,77,80.24,6178.48,En tránsito
O-003546,BR-00233,P-025836,PR-01234,Mendès Bertin et Fils,2025-07-10,95,138.71,13177.45,Pendiente
O-003547,BR-00233,P-025840,PR-00295,Salmon et Fils,2025-07-15,36,48.49,1745.64,En tránsito
O-003548,BR-00233,P-025841,PR-00795,Deschamps Guyon et Fils,2025-07-03,88,104.76,9218.88,Pendiente
O-003549,BR-00233,P-025842,PR-01421,Jourdan,2025-08-18,58,71.2,4129.6,Recibido
O-003550,BR-00233,P-025843,PR-00296,Gautier SARL,2025-08-24,58,5.35,310.3,En tránsito
O-003551,BR-00233,P-025844,PR-00296,Gautier SARL,2025-07-15,86,74.17,6378.62,Recibido
O-003552,BR-00233,P-025846,PR-00297,Grondin Arnaud S.A.,2025-07-07,30,91.39,2741.7,Pendiente
O-003553,BR-00233,P-025848,PR-00297,Grondin Arnaud S.A.,2025-07-04,65,90.22,5864.3,Pendiente
O-003554,BR-00233,P-025849,PR-00320,Munoz,2025-07-25,92,127.83,11760.36,En tránsito
O-003555,BR-00233,P-025850,PR-00320,Munoz,2025-08-11,33,51.32,1693.56,En tránsito
O-003556,BR-00233,P-025866,PR-00323,Becker,2025-08-02,37,47.01,1739.37,Pendiente
O-003557,BR-00233,P-025872,PR-01468,Pierre Collet SARL,2025-07-20,46,36.04,1657.84,Recibido
O-003558,BR-00233,P-025873,PR-00324,Gérard S.A.S.,2025-07-05,59,61.68,3639.12,Recibido
O-003559,BR-00233,P-025882,PR-00299,Texier S.A.R.L.,2025-08-11,20,79.83,1596.6,Pendiente
O-003560,BR-00233,P-025883,PR-00961,Maréchal,2025-07-20,66,27.78,1833.48,En tránsito
O-003561,BR-00233,P-025888,PR-01155,Poirier,2025-08-18,54,59.94,3236.76,En tránsito
O-003562,BR-00233,P-025892,PR-01130,Millet Lecoq SARL,2025-07-05,61,120.66,7360.26,Recibido
O-003563,BR-00234,P-025915,PR-00973,Texier,2025-07-24,66,34.67,2288.22,En tránsito
O-003564,BR-00234,P-025927,PR-00329,Lagarde et Fils,2025-08-10,63,114.19,7193.97,Recibido
O-003565,BR-00234,P-025938,PR-01145,Coste Dupont SA,2025-07-16,77,61.33,4722.41,Recibido
O-003566,BR-00234,P-025941,PR-00316,Gimenez,2025-07-15,99,74.49,7374.51,En tránsito
O-003567,BR-00234,P-025957,PR-00288,Weber SARL,2025-08-02,29,140.21,4066.09,Recibido
O-003568,BR-00234,P-025958,PR-00675,Perez,2025-08-27,85,80.97,6882.45,En tránsito
O-003569,BR-00234,P-025963,PR-00786,Lejeune,2025-08-14,84,5.48,460.32,En tránsito
O-003570,BR-00234,P-025964,PR-01066,Roux,2025-07-30,40,93.48,3739.2,Recibido
O-003571,BR-00234,P-025968,PR-00291,Bailly SA,2025-08-21,76,34.13,2593.88,Pendiente
O-003572,BR-00234,P-025970,PR-00730,Pichon S.A.,2025-08-10,78,35.6,2776.8,Pendiente
O-003573,BR-00234,P-025978,PR-00293,Jacob et Fils,2025-07-21,83,122.47,10165.01,Recibido
O-003574,BR-00234,P-025982,PR-01176,Vidal,2025-08-05,63,21.75,1370.25,Recibido
O-003575,BR-00234,P-025985,PR-01234,Mendès Bertin et Fils,2025-08-24,26,111.46,2897.96,Pendiente
O-003576,BR-00234,P-025987,PR-01234,Mendès Bertin et Fils,2025-07-16,79,44.52,3517.08,Recibido
O-003577,BR-00234,P-025989,PR-00795,Deschamps Guyon et Fils,2025-08-05,43,17.07,734.01,Recibido
O-003578,BR-00234,P-025993,PR-00296,Gautier SARL,2025-07-11,66,104.59,6902.94,Pendiente
O-003579,BR-00234,P-025996,PR-01421,Jourdan,2025-08-22,29,64.77,1878.33,En tránsito
O-003580,BR-00234,P-026003,PR-01232,Lecomte Rousset SARL,2025-08-21,25,64.55,1613.75,En tránsito
O-003581,BR-00234,P-026026,PR-00298,Joseph S.A.R.L.,2025-07-19,36,64.5,2322.0,Pendiente
O-003582,BR-00234,P-026035,PR-01155,Poirier,2025-08-13,36,70.82,2549.52,En tránsito
O-003583,BR-00234,P-026036,PR-00300,Descamps,2025-08-15,46,71.07,3269.22,En tránsito
O-003584,BR-00235,P-026070,PR-00328,Faure,2025-07-23,79,20.15,1591.85,Pendiente
O-003585,BR-00235,P-026071,PR-00329,Lagarde et Fils,2025-08-24,40,73.14,2925.6,En tránsito
O-003586,BR-00235,P-026079,PR-01195,Blot,2025-07-22,28,121.6,3404.8,Pendiente
O-003587,BR-00235,P-026094,PR-00318,Pascal De Oliveira S.A.R.L.,2025-07-29,25,94.95,2373.75,En tránsito
O-003588,BR-00235,P-026113,PR-01066,Roux,2025-08-13,59,94.75,5590.25,En tránsito
O-003589,BR-00235,P-026114,PR-01066,Roux,2025-07-24,64,13.66,874.24,Pendiente
O-003590,BR-00235,P-026133,PR-00293,Jacob et Fils,2025-07-13,78,80.36,6268.08,Pendiente
O-003591,BR-00235,P-026146,PR-00795,Deschamps Guyon et Fils,2025-08-11,26,132.15,3435.9,En tránsito
O-003592,BR-00235,P-026151,PR-00296,Gautier SARL,2025-07-22,45,76.5,3442.5,Recibido
O-003593,BR-00235,P-026152,PR-00297,Grondin Arnaud S.A.,2025-07-25,58,14.11,818.38,Pendiente
O-003594,BR-00235,P-026155,PR-01232,Lecomte Rousset SARL,2025-07-14,57,140.46,8006.22,Recibido
O-003595,BR-00235,P-026159,PR-00320,Munoz,2025-08-27,62,4.08,252.96,Recibido
O-003596,BR-00235,P-026172,PR-00322,Chauvet,2025-08-27,37,65.79,2434.23,Pendiente
O-003597,BR-00235,P-026174,PR-00323,Becker,2025-07-16,81,128.0,10368.0,Pendiente
O-003598,BR-00235,P-026185,PR-01366,Benoit,2025-07-26,65,68.95,4481.75,En tránsito
O-003599,BR-00235,P-026199,PR-00300,Descamps,2025-08-05,24,29.97,719.28,Pendiente
O-003600,BR-00235,P-026202,PR-00301,Dias Dias SA,2025-08-05,33,50.74,1674.42,Pendiente
O-003601,BR-00235,P-026205,PR-01069,Duval,2025-08-27,54,76.74,4143.96,Pendiente
O-003602,BR-00236,P-026233,PR-00315,Laurent S.A.S.,2025-08-03,33,102.26,3374.58,Pendiente
O-003603,BR-00236,P-026236,PR-01145,Coste Dupont SA,2025-08-17,85,106.3,9035.5,Recibido
O-003604,BR-00236,P-026247,PR-00318,Pascal De Oliveira S.A.R.L.,2025-07-12,87,107.86,9383.82,En tránsito
O-003605,BR-00236,P-026248,PR-00318,Pascal De Oliveira S.A.R.L.,2025-07-20,100,100.03,10003.0,En tránsito
O-003606,BR-00236,P-026254,PR-00319,Toussaint,2025-08-10,64,127.69,8172.16,En tránsito
O-003607,BR-00236,P-026256,PR-00319,Toussaint,2025-07-15,96,95.74,9191.04,En tránsito
O-003608,BR-00236,P-026269,PR-00675,Perez,2025-08-08,25,88.58,2214.5,Pendiente
O-003609,BR-00236,P-026272,PR-01066,Roux,2025-07-26,51,132.85,6775.35,Recibido
O-003610,BR-00236,P-026292,PR-00629,Muller et Fils,2025-07-20,94,52.18,4904.92,Recibido
O-003611,BR-00236,P-026294,PR-00294,Blanchet,2025-08-19,90,17.08,1537.2,Pendiente
O-003612,BR-00236,P-026297,PR-01234,Mendès Bertin et Fils,2025-08-05,75,113.04,8478.0,En tránsito
O-003613,BR-00236,P-026298,PR-00295,Salmon et Fils,2025-07-01,74,60.35,4465.9,Recibido
O-003614,BR-00236,P-026312,PR-00297,Grondin Arnaud S.A.,2025-07-12,26,13.24,344.24,Recibido
O-003615,BR-00236,P-026333,PR-00323,Becker,2025-07-23,94,119.58,11240.52,Pendiente
O-003616,BR-00236,P-026359,PR-00300,Descamps,2025-07-30,76,113.61,8634.36,Recibido
O-003617,BR-00236,P-026368,PR-00664,Leclerc,2025-07-20,40,108.99,4359.6,Pendiente
O-003618,BR-00237,P-026375,PR-01175,Boucher S.A.S.,2025-08-20,24,93.55,2245.2,Recibido
O-003619,BR-00237,P-026379,PR-00973,Texier,2025-08-07,69,26.53,1830.57,Pendiente
O-003620,BR-00237,P-026388,PR-00328,Faure,2025-07-01,35,113.16,3960.6,En tránsito
O-003621,BR-00237,P-026402,PR-01070,Ribeiro Pruvost S.A.R.L.,2025-07-30,26,67.67,1759.42,Recibido
O-003622,BR-00237,P-026423,PR-00289,Pereira Bouvet S.A.R.L.,2025-08-21,31,75.17,2330.27,Recibido
O-003623,BR-00237,P-026440,PR-00292,Dupuy,2025-08-17,30,41.68,1250.4,Recibido
O-003624,BR-00237,P-026443,PR-00844,Cohen,2025-08-17,60,128.88,7732.8,Recibido
O-003625,BR-00237,P-026444,PR-00629,Muller et Fils,2025-07-12,39,41.9,1634.1,Recibido
O-003626,BR-00237,P-026470,PR-01232,Lecomte Rousset SARL,2025-08-08,87,50.46,4390.02,Pendiente
O-003627,BR-00237,P-026474,PR-00321,Pelletier SA,2025-07-05,98,7.24,709.52,Pendiente
O-003628,BR-00237,P-026489,PR-00324,Gérard S.A.S.,2025-08-07,58,44.12,2558.96,En tránsito
O-003629,BR-00237,P-026500,PR-00299,Texier S.A.R.L.,2025-07-17,30,144.05,4321.5,En tránsito
O-003630,BR-00237,P-026507,PR-01130,Millet Lecoq SARL,2025-07-25,60,56.0,3360.0,Pendiente
O-003631,BR-00237,P-026513,PR-01069,Duval,2025-07-13,93,32.56,3028.08,Pendiente
O-003632,BR-00238,P-026527,PR-01175,Boucher S.A.S.,2025-08-05,76,84.35,6410.6,En tránsito
O-003633,BR-00238,P-026546,PR-01195,Blot,2025-07-23,27,56.56,1527.12,En tránsito
O-003634,BR-00238,P-026547,PR-00315,Laurent S.A.S.,2025-07-09,92,123.03,11318.76,En tránsito
O-003635,BR-00238,P-026552,PR-01145,Coste Dupont SA,2025-07-16,97,111.95,10859.15,En tránsito
O-003636,BR-00238,P-026554,PR-01145,Coste Dupont SA,2025-07-01,49,12.74,624.26,Recibido
O-003637,BR-00238,P-026557,PR-00316,Gimenez,2025-07-15,34,77.73,2642.82,En tránsito
O-003638,BR-00238,P-026563,PR-01199,Renault Delannoy S.A.S.,2025-08-01,94,141.07,13260.58,Recibido
O-003639,BR-00238,P-026570,PR-00319,Toussaint,2025-07-07,65,41.27,2682.55,Pendiente
O-003640,BR-00238,P-026571,PR-00319,Toussaint,2025-08-07,99,114.95,11380.05,Pendiente
O-003641,BR-00238,P-026573,PR-00288,Weber SARL,2025-08-01,42,78.61,3301.62,Pendiente
O-003642,BR-00238,P-026580,PR-00893,Tessier Marie SARL,2025-08-04,23,26.02,598.46,En tránsito
O-003643,BR-00238,P-026583,PR-00786,Lejeune,2025-08-17,26,110.76,2879.76,Recibido
O-003644,BR-00238,P-026597,PR-00844,Cohen,2025-08-28,79,117.63,9292.77,Recibido
O-003645,BR-00238,P-026631,PR-00321,Pelletier SA,2025-07-03,34,99.97,3398.98,En tránsito
O-003646,BR-00238,P-026639,PR-00323,Becker,2025-07-02,36,47.06,1694.16,Pendiente
O-003647,BR-00238,P-026659,PR-01130,Millet Lecoq SARL,2025-08-19,35,117.17,4100.95,Recibido
O-003648,BR-00238,P-026664,PR-00301,Dias Dias SA,2025-08-17,31,70.37,2181.47,Pendiente
O-003649,BR-00239,P-026675,PR-01175,Boucher S.A.S.,2025-07-10,99,52.45,5192.55,Pendiente
O-003650,BR-00239,P-026695,PR-01195,Blot,2025-07-07,45,106.07,4773.15,Pendiente
O-003651,BR-00239,P-026700,PR-01145,Coste Dupont SA,2025-08-09,62,111.21,6895.02,Recibido
O-003652,BR-00239,P-026707,PR-00317,Moreau S.A.R.L.,2025-07-11,77,59.74,4599.98,Pendiente
O-003653,BR-00239,P-026710,PR-00317,Moreau S.A.R.L.,2025-08-26,38,12.09,459.42,Pendiente
O-003654,BR-00239,P-026720,PR-00319,Toussaint,2025-06-30,41,24.1,988.1,Pendiente
O-003655,BR-00239,P-026721,PR-00319,Toussaint,2025-08-01,77,136.1,10479.7,En tránsito
O-003656,BR-00239,P-026729,PR-00893,Tessier Marie SARL,2025-08-01,78,108.85,8490.3,Recibido
O-003657,BR-00239,P-026733,PR-00290,Rodriguez Nguyen SA,2025-07-09,84,26.47,2223.48,Recibido
O-003658,BR-00239,P-026761,PR-01234,Mendès Bertin et Fils,2025-08-11,93,49.19,4574.67,En tránsito
O-003659,BR-00239,P-026768,PR-00297,Grondin Arnaud S.A.,2025-08-15,68,71.73,4877.64,Pendiente
O-003660,BR-00239,P-026769,PR-00297,Grondin Arnaud S.A.,2025-07-28,97,4.16,403.52,En tránsito
O-003661,BR-00240,P-026775,PR-01175,Boucher S.A.S.,2025-07-16,89,44.36,3948.04,Recibido
O-003662,BR-00240,P-026783,PR-00973,Texier,2025-08-03,55,30.07,1653.85,Pendiente
O-003663,BR-00240,P-026784,PR-00328,Faure,2025-08-26,70,140.08,9805.6,Recibido
O-003664,BR-00240,P-026787,PR-00328,Faure,2025-07-19,68,85.35,5803.8,Pendiente
O-003665,BR-00240,P-026792,PR-01195,Blot,2025-07-25,68,134.73,9161.64,En tránsito
O-003666,BR-00240,P-026797,PR-00316,Gimenez,2025-07-27,40,12.72,508.8,Pendiente
O-003667,BR-00240,P-026804,PR-01199,Renault Delannoy S.A.S.,2025-08-20,31,135.15,4189.65,En tránsito
O-003668,BR-00240,P-026808,PR-00319,Toussaint,2025-08-05,49,76.07,3727.43,Recibido
O-003669,BR-00240,P-026812,PR-00319,Toussaint,2025-07-15,59,7.38,435.42,Recibido
O-003670,BR-00240,P-026822,PR-00675,Perez,2025-07-01,40,62.26,2490.4,En tránsito
O-003671,BR-00240,P-026824,PR-00675,Perez,2025-07-12,79,109.89,8681.31,Recibido
O-003672,BR-00240,P-026825,PR-00893,Tessier Marie SARL,2025-07-23,91,19.54,1778.14,Pendiente
O-003673,BR-00240,P-026828,PR-01066,Roux,2025-08-23,64,31.71,2029.44,Pendiente
O-003674,BR-00240,P-026837,PR-01415,Dufour Leduc SA,2025-06-30,86,116.16,9989.76,Recibido
O-003675,BR-00240,P-026843,PR-00293,Jacob et Fils,2025-08-22,73,37.89,2765.97,Pendiente
O-003676,BR-00240,P-026846,PR-00629,Muller et Fils,2025-07-06,64,142.28,9105.92,Recibido
O-003677,BR-00240,P-026852,PR-00294,Blanchet,2025-08-11,97,76.76,7445.72,Recibido
O-003678,BR-00241,P-026870,PR-00325,Voisin S.A.,2025-08-24,56,143.48,8034.88,Recibido
O-003679,BR-00241,P-026882,PR-01285,Petitjean S.A.,2025-08-26,21,3.45,72.45,En tránsito
O-003680,BR-00241,P-026885,PR-00973,Texier,2025-08-15,52,38.12,1982.24,Pendiente
O-003681,BR-00241,P-026886,PR-01285,Petitjean S.A.,2025-06-30,61,148.27,9044.47,En tránsito
O-003682,BR-00241,P-026899,PR-01195,Blot,2025-07-21,41,136.45,5594.45,Pendiente
O-003683,BR-00241,P-026900,PR-00315,Laurent S.A.S.,2025-08-27,36,147.18,5298.48,En tránsito
O-003684,BR-00241,P-026902,PR-00316,Gimenez,2025-07-05,97,119.04,11546.88,Recibido
O-003685,BR-00241,P-026905,PR-01145,Coste Dupont SA,2025-08-05,51,94.85,4837.35,En tránsito
O-003686,BR-00241,P-026924,PR-00288,Weber SARL,2025-08-17,61,133.62,8150.82,Recibido
O-003687,BR-00241,P-026930,PR-00675,Perez,2025-08-15,51,113.1,5768.1,Pendiente
O-003688,BR-00241,P-026936,PR-00290,Rodriguez Nguyen SA,2025-07-09,33,28.1,927.3,Recibido
O-003689,BR-00241,P-026941,PR-00291,Bailly SA,2025-08-03,51,119.35,6086.85,Recibido
O-003690,BR-00241,P-026942,PR-00730,Pichon S.A.,2025-07-04,83,120.9,10034.7,Pendiente
O-003691,BR-00241,P-026953,PR-00844,Cohen,2025-08-11,63,141.08,8888.04,Pendiente
O-003692,BR-00241,P-026955,PR-00629,Muller et Fils,2025-06-30,79,6.24,492.96,Pendiente
O-003693,BR-00241,P-026957,PR-00908,Roche Leclerc S.A.R.L.,2025-07-16,75,25.29,1896.75,Pendiente
O-003694,BR-00241,P-026959,PR-00294,Blanchet,2025-08-25,88,131.53,11574.64,Pendiente
O-003695,BR-00241,P-026960,PR-01234,Mendès Bertin et Fils,2025-08-14,74,70.75,5235.5,En tránsito
O-003696,BR-00241,P-026962,PR-00295,Salmon et Fils,2025-07-15,24,105.36,2528.64,En tránsito
O-003697,BR-00241,P-026970,PR-00297,Grondin Arnaud S.A.,2025-07-14,79,55.62,4393.98,En tránsito
O-003698,BR-00241,P-026974,PR-00297,Grondin Arnaud S.A.,2025-07-18,75,72.32,5424.0,Recibido
O-003699,BR-00242,P-026980,PR-01175,Boucher S.A.S.,2025-08-20,22,119.09,2619.98,Pendiente
O-003700,BR-00242,P-026995,PR-00892,Merle Lamy S.A.R.L.,2025-08-18,89,19.43,1729.27,Recibido
O-003701,BR-00242,P-027004,PR-01145,Coste Dupont SA,2025-08-01,40,85.95,3438.0,Recibido
O-003702,BR-00242,P-027006,PR-01145,Coste Dupont SA,2025-08-24,78,73.59,5740.02,En tránsito
O-003703,BR-00242,P-027008,PR-00316,Gimenez,2025-07-12,100,102.45,10245.0,Pendiente
O-003704,BR-00242,P-027014,PR-00318,Pascal De Oliveira S.A.R.L.,2025-08-20,33,64.49,2128.17,Pendiente
O-003705,BR-00242,P-027015,PR-00318,Pascal De Oliveira S.A.R.L.,2025-07-06,44,90.07,3963.08,Recibido
O-003706,BR-00242,P-027016,PR-00318,Pascal De Oliveira S.A.R.L.,2025-07-07,56,149.17,8353.52,Recibido
O-003707,BR-00242,P-027017,PR-00318,Pascal De Oliveira S.A.R.L.,2025-07-12,83,68.8,5710.4,Recibido
O-003708,BR-00242,P-027036,PR-00290,Rodriguez Nguyen SA,2025-08-13,59,86.77,5119.43,Pendiente
O-003709,BR-00242,P-027053,PR-00292,Dupuy,2025-08-01,25,11.9,297.5,En tránsito
O-003710,BR-00242,P-027054,PR-00629,Muller et Fils,2025-08-12,68,123.12,8372.16,En tránsito
O-003711,BR-00242,P-027066,PR-01234,Mendès Bertin et Fils,2025-07-21,31,53.38,1654.78,Recibido
O-003712,BR-00243,P-027075,PR-00325,Voisin S.A.,2025-07-28,99,42.31,4188.69,Pendiente
O-003713,BR-00243,P-027083,PR-00326,Colas Dupré S.A.R.L.,2025-07-16,93,63.97,5949.21,En tránsito
O-003714,BR-00243,P-027098,PR-00328,Faure,2025-07-14,99,47.15,4667.85,Recibido
O-003715,BR-00243,P-027108,PR-00315,Laurent S.A.S.,2025-08-14,34,28.14,956.76,Pendiente
O-003716,BR-00243,P-027122,PR-01199,Renault Delannoy S.A.S.,2025-08-06,28,45.69,1279.32,En tránsito
O-003717,BR-00243,P-027156,PR-01415,Dufour Leduc SA,2025-08-27,27,129.7,3501.9,Recibido
O-003718,BR-00243,P-027165,PR-00795,Deschamps Guyon et Fils,2025-07-13,86,74.07,6370.02,Pendiente
O-003719,BR-00243,P-027168,PR-00795,Deschamps Guyon et Fils,2025-07-22,68,78.04,5306.72,Recibido
O-003720,BR-00244,P-027191,PR-01285,Petitjean S.A.,2025-08-11,72,123.39,8884.08,Pendiente
O-003721,BR-00244,P-027193,PR-00328,Faure,2025-08-11,35,11.87,415.45,Pendiente
O-003722,BR-00244,P-027199,PR-00329,Lagarde et Fils,2025-07-21,52,106.01,5512.52,Pendiente
O-003723,BR-00244,P-027205,PR-00316,Gimenez,2025-08-23,75,106.38,7978.5,Pendiente
O-003724,BR-00244,P-027217,PR-00318,Pascal De Oliveira S.A.R.L.,2025-07-31,67,101.53,6802.51,Recibido
O-003725,BR-00244,P-027234,PR-00288,Weber SARL,2025-07-20,84,26.36,2214.24,En tránsito
O-003726,BR-00244,P-027236,PR-00289,Pereira Bouvet S.A.R.L.,2025-08-12,65,31.08,2020.2,Recibido
O-003727,BR-00244,P-027241,PR-00291,Bailly SA,2025-08-04,95,78.4,7448.0,En tránsito
O-003728,BR-00244,P-027255,PR-00629,Muller et Fils,2025-08-08,23,148.94,3425.62,En tránsito
O-003729,BR-00244,P-027268,PR-01234,Mendès Bertin et Fils,2025-08-20,70,40.36,2825.2,Pendiente
O-003730,BR-00244,P-027277,PR-00297,Grondin Arnaud S.A.,2025-08-13,79,9.71,767.09,Pendiente
O-003731,BR-00245,P-027279,PR-01469,Chevalier Robert et Fils,2025-08-26,41,5.04,206.64,Pendiente
O-003732,BR-00245,P-027284,PR-01175,Boucher S.A.S.,2025-07-02,46,105.24,4841.04,Pendiente
O-003733,BR-00245,P-027293,PR-00328,Faure,2025-07-25,78,149.27,11643.06,Pendiente
O-003734,BR-00245,P-027297,PR-00328,Faure,2025-08-28,90,53.03,4772.7,En tránsito
O-003735,BR-00245,P-027300,PR-00892,Merle Lamy S.A.R.L.,2025-08-03,73,81.32,5936.36,En tránsito
O-003736,BR-00245,P-027307,PR-00315,Laurent S.A.S.,2025-07-13,25,10.39,259.75,En tránsito
O-003737,BR-00245,P-027309,PR-00315,Laurent S.A.S.,2025-08-02,50,98.15,4907.5,Recibido
O-003738,BR-00245,P-027310,PR-01145,Coste Dupont SA,2025-07-24,47,40.58,1907.26,En tránsito
O-003739,BR-00245,P-027315,PR-01070,Ribeiro Pruvost S.A.R.L.,2025-08-10,59,112.71,6649.89,Recibido
O-003740,BR-00245,P-027331,PR-00288,Weber SARL,2025-07-12,54,126.23,6816.42,Recibido
O-003741,BR-00245,P-027335,PR-00288,Weber SARL,2025-08-22,57,47.47,2705.79,En tránsito
O-003742,BR-00245,P-027345,PR-01029,Wagner SA,2025-07-02,32,64.47,2063.04,En tránsito
O-003743,BR-00245,P-027356,PR-00844,Cohen,2025-08-22,26,76.43,1987.18,Pendiente
O-003744,BR-00245,P-027361,PR-00294,Blanchet,2025-08-20,76,28.77,2186.52,Pendiente
O-003745,BR-00245,P-027371,PR-00296,Gautier SARL,2025-08-27,50,81.33,4066.5,Pendiente
O-003746,BR-00246,P-027390,PR-01175,Boucher S.A.S.,2025-07-03,44,45.72,2011.68,Recibido
O-003747,BR-00246,P-027394,PR-00641,Roux,2025-07-20,63,94.37,5945.31,En tránsito
O-003748,BR-00246,P-027397,PR-00328,Faure,2025-07-07,93,96.01,8928.93,Recibido
O-003749,BR-00246,P-027398,PR-00328,Faure,2025-08-10,37,16.77,620.49,Pendiente
O-003750,BR-00246,P-027404,PR-00315,Laurent S.A.S.,2025-08-20,39,112.13,4373.07,En tránsito
O-003751,BR-00246,P-027419,PR-00318,Pascal De Oliveira S.A.R.L.,2025-07-07,34,39.1,1329.4,Pendiente
O-003752,BR-00246,P-027423,PR-00319,Toussaint,2025-07-01,42,84.63,3554.46,En tránsito
O-003753,BR-00246,P-027442,PR-00292,Dupuy,2025-07-01,68,148.5,10098.0,Recibido
O-003754,BR-00246,P-027448,PR-00629,Muller et Fils,2025-07-04,84,98.89,8306.76,Pendiente
O-003755,BR-00246,P-027466,PR-00297,Grondin Arnaud S.A.,2025-07-04,78,144.74,11289.72,Recibido
O-003756,BR-00247,P-027469,PR-01045,Valette S.A.S.,2025-06-30,93,18.56,1726.08,Recibido
O-003757,BR-00247,P-027478,PR-01285,Petitjean S.A.,2025-07-24,88,33.38,2937.44,Recibido
O-003758,BR-00247,P-027485,PR-00328,Faure,2025-07-24,73,104.22,7608.06,Recibido
O-003759,BR-00247,P-027493,PR-00892,Merle Lamy S.A.R.L.,2025-07-24,51,66.01,3366.51,Pendiente
O-003760,BR-00247,P-027495,PR-01195,Blot,2025-08-19,69,103.44,7137.36,Pendiente
O-003761,BR-00247,P-027504,PR-00317,Moreau S.A.R.L.,2025-08-10,41,144.8,5936.8,Recibido
O-003762,BR-00247,P-027507,PR-00317,Moreau S.A.R.L.,2025-07-29,20,37.74,754.8,Pendiente
O-003763,BR-00247,P-027508,PR-00318,Pascal De Oliveira S.A.R.L.,2025-08-21,89,117.12,10423.68,Recibido
O-003764,BR-00247,P-027542,PR-01029,Wagner SA,2025-08-14,69,127.09,8769.21,En tránsito
O-003765,BR-00247,P-027548,PR-00292,Dupuy,2025-07-18,94,137.92,12964.48,Pendiente
O-003766,BR-00247,P-027563,PR-00795,Deschamps Guyon et Fils,2025-07-21,32,19.02,608.64,Pendiente
O-003767,BR-00247,P-027567,PR-00295,Salmon et Fils,2025-08-27,94,129.39,12162.66,Recibido
O-003768,BR-00247,P-027569,PR-00296,Gautier SARL,2025-08-02,82,77.41,6347.62,En tránsito
O-003769,BR-00248,P-027577,PR-01045,Valette S.A.S.,2025-08-01,49,19.26,943.74,Pendiente
O-003770,BR-00248,P-027596,PR-00329,Lagarde et Fils,2025-08-14,80,51.31,4104.8,Recibido
O-003771,BR-00248,P-027601,PR-00315,Laurent S.A.S.,2025-08-01,32,136.18,4357.76,En tránsito
O-003772,BR-00248,P-027602,PR-01195,Blot,2025-08-23,37,82.72,3060.64,Recibido
O-003773,BR-00248,P-027604,PR-00315,Laurent S.A.S.,2025-08-02,95,37.83,3593.85,Pendiente
O-003774,BR-00248,P-027613,PR-01199,Renault Delannoy S.A.S.,2025-08-05,73,37.16,2712.68,Pendiente
O-003775,BR-00248,P-027628,PR-01066,Roux,2025-07-06,34,66.9,2274.6,En tránsito
O-003776,BR-00248,P-027632,PR-00786,Lejeune,2025-07-28,46,4.21,193.66,En tránsito
O-003777,BR-00248,P-027637,PR-01415,Dufour Leduc SA,2025-08-07,78,121.7,9492.6,Recibido
O-003778,BR-00248,P-027649,PR-00294,Blanchet,2025-08-24,83,72.53,6019.99,En tránsito
O-003779,BR-00249,P-027664,PR-01469,Chevalier Robert et Fils,2025-08-03,79,90.8,7173.2,Recibido
O-003780,BR-00249,P-027669,PR-00973,Texier,2025-07-17,29,120.26,3487.54,En tránsito
O-003781,BR-00249,P-027681,PR-00892,Merle Lamy S.A.R.L.,2025-08-18,100,66.39,6639.0,Pendiente
O-003782,BR-00249,P-027690,PR-00315,Laurent S.A.S.,2025-07-15,80,121.46,9716.8,Recibido
O-003783,BR-00249,P-027691,PR-01145,Coste Dupont SA,2025-08-20,99,22.3,2207.7,Recibido
O-003784,BR-00249,P-027695,PR-01070,Ribeiro Pruvost S.A.R.L.,2025-07-20,32,28.81,921.92,Pendiente
O-003785,BR-00249,P-027714,PR-00288,Weber SARL,2025-08-03,100,49.74,4974.0,En tránsito
O-003786,BR-00249,P-027722,PR-00290,Rodriguez Nguyen SA,2025-07-10,20,4.79,95.8,Recibido
O-003787,BR-00249,P-027739,PR-00293,Jacob et Fils,2025-08-07,87,146.47,12742.89,Recibido
O-003788,BR-00249,P-027742,PR-00294,Blanchet,2025-07-10,51,110.23,5621.73,Pendiente
O-003789,BR-00249,P-027748,PR-01234,Mendès Bertin et Fils,2025-06-30,94,53.8,5057.2,En tránsito
O-003790,BR-00249,P-027751,PR-01421,Jourdan,2025-07-26,78,97.68,7619.04,En tránsito
O-003791,BR-00249,P-027757,PR-00297,Grondin Arnaud S.A.,2025-08-12,28,17.39,486.92,Recibido
O-003792,BR-00250,P-027761,PR-01045,Valette S.A.S.,2025-08-05,22,30.33,667.26,Recibido
O-003793,BR-00250,P-027762,PR-01469,Chevalier Robert et Fils,2025-08-25,48,22.74,1091.52,En tránsito
O-003794,BR-00250,P-027764,PR-00326,Colas Dupré S.A.R.L.,2025-07-25,59,74.39,4389.01,Recibido
O-003795,BR-00250,P-027765,PR-00326,Colas Dupré S.A.R.L.,2025-07-03,29,105.48,3058.92,En tránsito
O-003796,BR-00250,P-027775,PR-00327,Alexandre,2025-07-15,34,18.95,644.3,Pendiente
O-003797,BR-00250,P-027786,PR-00892,Merle Lamy S.A.R.L.,2025-07-07,41,18.84,772.44,En tránsito
O-003798,BR-00250,P-027790,PR-01195,Blot,2025-07-22,74,137.51,10175.74,En tránsito
O-003799,BR-00250,P-027793,PR-01145,Coste Dupont SA,2025-06-30,42,103.19,4333.98,Recibido
O-003800,BR-00250,P-027797,PR-01070,Ribeiro Pruvost S.A.R.L.,2025-08-26,40,2.68,107.2,En tránsito
O-003801,BR-00250,P-027802,PR-00318,Pascal De Oliveira S.A.R.L.,2025-08-11,86,29.69,2553.34,En tránsito
O-003802,BR-00250,P-027811,PR-00288,Weber SARL,2025-08-03,99,46.86,4639.14,Recibido
O-003803,BR-00250,P-027819,PR-00291,Bailly SA,2025-07-27,81,64.65,5236.65,Recibido
O-003804,BR-00250,P-027830,PR-00908,Roche Leclerc S.A.R.L.,2025-07-09,67,105.99,7101.33,Pendiente
O-003805,BR-00250,P-027832,PR-00294,Blanchet,2025-08-10,70,13.57,949.9,Recibido
O-003806,BR-00250,P-027838,PR-01421,Jourdan,2025-08-17,45,121.99,5489.55,Recibido
O-003807,BR-00250,P-027842,PR-00297,Grondin Arnaud S.A.,2025-07-19,68,41.09,2794.12,Pendiente
O-003808,BR-00251,P-027859,PR-01175,Boucher S.A.S.,2025-07-02,50,89.33,4466.5,Recibido
O-003809,BR-00251,P-027875,PR-00329,Lagarde et Fils,2025-08-08,60,84.93,5095.8,Pendiente
O-003810,BR-00251,P-027880,PR-00315,Laurent S.A.S.,2025-08-17,56,118.25,6622.0,En tránsito
O-003811,BR-00251,P-027900,PR-00319,Toussaint,2025-08-06,31,105.86,3281.66,Pendiente
O-003812,BR-00251,P-027908,PR-00288,Weber SARL,2025-08-20,21,80.36,1687.56,Recibido
O-003813,BR-00251,P-027910,PR-00288,Weber SARL,2025-08-13,24,103.9,2493.6,Pendiente
O-003814,BR-00251,P-027911,PR-00289,Pereira Bouvet S.A.R.L.,2025-07-05,62,83.41,5171.42,Recibido
O-003815,BR-00251,P-027914,PR-00675,Perez,2025-08-28,95,73.05,6939.75,Recibido
O-003816,BR-00251,P-027918,PR-00290,Rodriguez Nguyen SA,2025-07-12,100,88.6,8860.0,En tránsito
O-003817,BR-00251,P-027919,PR-01066,Roux,2025-08-26,90,59.22,5329.8,Pendiente
O-003818,BR-00251,P-027933,PR-00293,Jacob et Fils,2025-08-15,25,120.51,3012.75,Recibido
O-003819,BR-00251,P-027935,PR-00844,Cohen,2025-07-11,45,9.59,431.55,Recibido
O-003820,BR-00251,P-027947,PR-01421,Jourdan,2025-08-12,59,8.01,472.59,Pendiente
O-003821,BR-00251,P-027950,PR-00296,Gautier SARL,2025-07-05,38,142.38,5410.44,En tránsito
O-003822,BR-00252,P-027973,PR-00892,Merle Lamy S.A.R.L.,2025-07-13,67,105.9,7095.3,Pendiente
O-003823,BR-00252,P-027974,PR-00329,Lagarde et Fils,2025-07-04,73,93.18,6802.14,En tránsito
O-003824,BR-00252,P-027984,PR-01145,Coste Dupont SA,2025-07-26,74,10.51,777.74,Recibido
O-003825,BR-00252,P-027993,PR-00318,Pascal De Oliveira S.A.R.L.,2025-08-06,23,97.8,2249.4,Pendiente
O-003826,BR-00252,P-028000,PR-00319,Toussaint,2025-08-12,75,87.97,6597.75,En tránsito
O-003827,BR-00252,P-028024,PR-00291,Bailly SA,2025-07-08,23,63.13,1451.99,Pendiente
O-003828,BR-00252,P-028025,PR-01029,Wagner SA,2025-07-03,98,83.39,8172.22,Pendiente
O-003829,BR-00252,P-028028,PR-01415,Dufour Leduc SA,2025-08-14,89,80.38,7153.82,En tránsito
O-003830,BR-00252,P-028030,PR-00844,Cohen,2025-07-05,74,81.05,5997.7,En tránsito
O-003831,BR-00252,P-028035,PR-00294,Blanchet,2025-08-25,84,59.25,4977.0,En tránsito
O-003832,BR-00252,P-028043,PR-00795,Deschamps Guyon et Fils,2025-07-22,78,40.03,3122.34,En tránsito
O-003833,BR-00252,P-028049,PR-00297,Grondin Arnaud S.A.,2025-08-26,56,107.56,6023.36,Pendiente
O-003834,BR-00253,P-028057,PR-01045,Valette S.A.S.,2025-07-04,29,86.64,2512.56,Pendiente
O-003835,BR-00253,P-028077,PR-00328,Faure,2025-07-10,74,97.76,7234.24,Pendiente
O-003836,BR-00253,P-028087,PR-01195,Blot,2025-08-18,31,110.61,3428.91,En tránsito
O-003837,BR-00253,P-028102,PR-00318,Pascal De Oliveira S.A.R.L.,2025-08-14,29,75.93,2201.97,Pendiente
O-003838,BR-00253,P-028104,PR-00318,Pascal De Oliveira S.A.R.L.,2025-07-11,81,70.25,5690.25,En tránsito
O-003839,BR-00253,P-028106,PR-00319,Toussaint,2025-08-09,60,71.37,4282.2,En tránsito
O-003840,BR-00253,P-028111,PR-00288,Weber SARL,2025-07-13,86,82.12,7062.32,Pendiente
O-003841,BR-00253,P-028121,PR-01007,Menard S.A.R.L.,2025-08-23,95,35.47,3369.65,En tránsito
O-003842,BR-00253,P-028147,PR-00297,Grondin Arnaud S.A.,2025-07-27,55,46.97,2583.35,En tránsito
O-003843,BR-00254,P-028151,PR-01045,Valette S.A.S.,2025-07-14,82,34.86,2858.52,En tránsito
O-003844,BR-00254,P-028167,PR-00973,Texier,2025-07-18,74,17.32,1281.68,Recibido
O-003845,BR-00254,P-028176,PR-00892,Merle Lamy S.A.R.L.,2025-08-16,29,10.62,307.98,Recibido
O-003846,BR-00254,P-028180,PR-01195,Blot,2025-08-06,81,119.29,9662.49,Pendiente
O-003847,BR-00254,P-028208,PR-00893,Tessier Marie SARL,2025-08-26,40,7.24,289.6,Recibido
O-003848,BR-00254,P-028210,PR-00289,Pereira Bouvet S.A.R.L.,2025-07-14,87,73.67,6409.29,En tránsito
O-003849,BR-00254,P-028211,PR-01066,Roux,2025-07-20,23,43.56,1001.88,En tránsito
O-003850,BR-00254,P-028216,PR-00730,Pichon S.A.,2025-07-15,28,40.47,1133.16,En tránsito
O-003851,BR-00255,P-028220,PR-01045,Valette S.A.S.,2025-07-07,85,94.75,8053.75,Pendiente
O-003852,BR-00255,P-028221,PR-01045,Valette S.A.S.,2025-07-24,28,117.54,3291.12,Pendiente
O-003853,BR-00255,P-028238,PR-00328,Faure,2025-08-21,21,57.17,1200.57,Recibido
O-003854,BR-00255,P-028241,PR-00892,Merle Lamy S.A.R.L.,2025-07-28,35,12.06,422.1,Pendiente
O-003855,BR-00255,P-028252,PR-01145,Coste Dupont SA,2025-08-16,65,109.06,7088.9,En tránsito
O-003856,BR-00255,P-028255,PR-01145,Coste Dupont SA,2025-07-06,48,26.87,1289.76,Pendiente
O-003857,BR-00255,P-028265,PR-00319,Toussaint,2025-07-04,97,93.73,9091.81,En tránsito
O-003858,BR-00255,P-028276,PR-00786,Lejeune,2025-08-25,85,24.9,2116.5,Pendiente
O-003859,BR-00255,P-028281,PR-00291,Bailly SA,2025-08-03,66,37.14,2451.24,Pendiente
O-003860,BR-00255,P-028282,PR-00730,Pichon S.A.,2025-07-04,67,122.26,8191.42,Pendiente
O-003861,BR-00255,P-028284,PR-01415,Dufour Leduc SA,2025-07-03,52,133.96,6965.92,Pendiente
O-003862,BR-00256,P-028288,PR-00325,Voisin S.A.,2025-08-18,21,59.76,1254.96,Recibido
O-003863,BR-00256,P-028295,PR-00327,Alexandre,2025-08-02,81,104.04,8427.24,Pendiente
O-003864,BR-00256,P-028309,PR-01195,Blot,2025-07-05,90,138.62,12475.8,Pendiente
O-003865,BR-00256,P-028310,PR-01195,Blot,2025-07-03,59,82.2,4849.8,En tránsito
O-003866,BR-00256,P-028314,PR-01145,Coste Dupont SA,2025-08-07,50,81.39,4069.5,En tránsito
O-003867,BR-00256,P-028317,PR-00316,Gimenez,2025-07-13,57,26.49,1509.93,En tránsito
O-003868,BR-00256,P-028323,PR-00318,Pascal De Oliveira S.A.R.L.,2025-07-10,98,50.17,4916.66,Pendiente
O-003869,BR-00256,P-028333,PR-00288,Weber SARL,2025-08-06,75,65.75,4931.25,En tránsito
O-003870,BR-00256,P-028339,PR-00893,Tessier Marie SARL,2025-08-16,23,12.77,293.71,Pendiente
O-003871,BR-00256,P-028340,PR-00893,Tessier Marie SARL,2025-08-11,53,6.69,354.57,En tránsito
O-003872,BR-00256,P-028341,PR-00675,Perez,2025-07-10,59,127.75,7537.25,En tránsito
O-003873,BR-00256,P-028342,PR-00675,Perez,2025-08-01,52,126.27,6566.04,Recibido
O-003874,BR-00256,P-028351,PR-00730,Pichon S.A.,2025-08-27,33,140.47,4635.51,Pendiente
O-003875,BR-00257,P-028366,PR-00325,Voisin S.A.,2025-07-16,81,52.41,4245.21,Pendiente
O-003876,BR-00257,P-028373,PR-00326,Colas Dupré S.A.R.L.,2025-08-09,34,62.52,2125.68,En tránsito
O-003877,BR-00257,P-028379,PR-00973,Texier,2025-07-22,43,55.34,2379.62,Pendiente
O-003878,BR-00257,P-028384,PR-00328,Faure,2025-07-05,24,129.01,3096.24,Recibido
O-003879,BR-00257,P-028396,PR-00315,Laurent S.A.S.,2025-08-21,59,93.0,5487.0,Pendiente
O-003880,BR-00257,P-028412,PR-01199,Renault Delannoy S.A.S.,2025-07-18,63,5.37,338.31,En tránsito
O-003881,BR-00257,P-028414,PR-00319,Toussaint,2025-08-21,77,111.53,8587.81,Recibido
O-003882,BR-00257,P-028417,PR-00288,Weber SARL,2025-07-25,58,58.77,3408.66,Recibido
O-003883,BR-00257,P-028419,PR-00288,Weber SARL,2025-07-09,98,20.08,1967.84,Recibido
O-003884,BR-00257,P-028425,PR-00290,Rodriguez Nguyen SA,2025-07-12,39,51.5,2008.5,En tránsito
O-003885,BR-00257,P-028431,PR-00730,Pichon S.A.,2025-08-08,39,49.3,1922.7,En tránsito
O-003886,BR-00257,P-028437,PR-00292,Dupuy,2025-07-19,98,124.26,12177.48,Pendiente
O-003887,BR-00258,P-028451,PR-00328,Faure,2025-07-02,28,69.36,1942.08,Recibido
O-003888,BR-00258,P-028462,PR-01195,Blot,2025-07-23,98,125.21,12270.58,Pendiente
O-003889,BR-00258,P-028465,PR-00316,Gimenez,2025-08-01,100,36.45,3645.0,Pendiente
O-003890,BR-00258,P-028502,PR-00786,Lejeune,2025-08-06,36,118.24,4256.64,Recibido
O-003891,BR-00258,P-028504,PR-01029,Wagner SA,2025-08-26,54,149.64,8080.56,En tránsito
O-003892,BR-00258,P-028508,PR-01415,Dufour Leduc SA,2025-07-06,95,53.16,5050.2,Recibido
O-003893,BR-00258,P-028509,PR-01415,Dufour Leduc SA,2025-08-09,98,140.3,13749.4,Recibido
O-003894,BR-00259,P-028534,PR-00329,Lagarde et Fils,2025-08-18,39,84.84,3308.76,Recibido
O-003895,BR-00259,P-028535,PR-00892,Merle Lamy S.A.R.L.,2025-07-19,90,119.35,10741.5,Recibido
O-003896,BR-00259,P-028542,PR-01145,Coste Dupont SA,2025-08-06,95,68.13,6472.35,En tránsito
O-003897,BR-00259,P-028543,PR-00316,Gimenez,2025-07-26,49,36.02,1764.98,Recibido
O-003898,BR-00259,P-028552,PR-00318,Pascal De Oliveira S.A.R.L.,2025-08-23,26,43.64,1134.64,Pendiente
O-003899,BR-00259,P-028564,PR-00288,Weber SARL,2025-08-11,43,56.22,2417.46,Pendiente
O-003900,BR-00259,P-028569,PR-00893,Tessier Marie SARL,2025-08-21,52,75.62,3932.24,En tránsito
O-003901,BR-00260,P-028587,PR-00325,Voisin S.A.,2025-07-24,81,19.08,1545.48,En tránsito
O-003902,BR-00260,P-028589,PR-01045,Valette S.A.S.,2025-08-13,36,80.15,2885.4,Pendiente
O-003903,BR-00260,P-028594,PR-00326,Colas Dupré S.A.R.L.,2025-07-30,80,62.77,5021.6,Recibido
O-003904,BR-00260,P-028598,PR-00326,Colas Dupré S.A.R.L.,2025-07-07,86,115.47,9930.42,En tránsito
O-003905,BR-00260,P-028606,PR-00328,Faure,2025-08-18,71,40.69,2888.99,Recibido
O-003906,BR-00260,P-028615,PR-00315,Laurent S.A.S.,2025-08-21,52,70.04,3642.08,Pendiente
O-003907,BR-00260,P-028625,PR-01145,Coste Dupont SA,2025-08-15,87,41.63,3621.81,Recibido
O-003908,BR-00260,P-028626,PR-00316,Gimenez,2025-07-04,67,66.56,4459.52,En tránsito
O-003909,BR-00260,P-028635,PR-00318,Pascal De Oliveira S.A.R.L.,2025-07-20,51,102.0,5202.0,Recibido
O-003910,BR-00260,P-028638,PR-00319,Toussaint,2025-08-15,91,11.22,1021.02,Pendiente
O-003911,BR-00260,P-028658,PR-01066,Roux,2025-08-13,59,124.82,7364.38,En tránsito
O-003912,BR-00260,P-028664,PR-00292,Dupuy,2025-07-26,92,53.49,4921.08,Recibido
O-003913,BR-00261,P-028687,PR-00892,Merle Lamy S.A.R.L.,2025-07-30,59,35.65,2103.35,En tránsito
O-003914,BR-00261,P-028689,PR-01429,Bègue Neveu et Fils,2025-07-25,42,145.15,6096.3,En tránsito
O-003915,BR-00261,P-028691,PR-01195,Blot,2025-08-04,35,105.45,3690.75,Pendiente
O-003916,BR-00261,P-028692,PR-01195,Blot,2025-07-27,62,38.94,2414.28,En tránsito
O-003917,BR-00261,P-028693,PR-01195,Blot,2025-08-24,80,86.01,6880.8,Recibido
O-003918,BR-00261,P-028707,PR-00318,Pascal De Oliveira S.A.R.L.,2025-08-01,88,112.54,9903.52,Pendiente
O-003919,BR-00261,P-028718,PR-00288,Weber SARL,2025-08-04,78,134.9,10522.2,En tránsito
O-003920,BR-00261,P-028732,PR-00730,Pichon S.A.,2025-08-03,82,63.94,5243.08,En tránsito
O-003921,BR-00261,P-028737,PR-00291,Bailly SA,2025-08-18,44,67.33,2962.52,Pendiente
O-003922,BR-00261,P-028739,PR-01415,Dufour Leduc SA,2025-07-23,27,31.81,858.87,Pendiente
O-003923,BR-00262,P-028747,PR-00326,Colas Dupré S.A.R.L.,2025-07-25,43,100.49,4321.07,En tránsito
O-003924,BR-00262,P-028751,PR-00326,Colas Dupré S.A.R.L.,2025-08-06,77,31.12,2396.24,En tránsito
O-003925,BR-00262,P-028754,PR-00641,Roux,2025-07-26,63,12.61,794.43,Recibido
O-003926,BR-00262,P-028765,PR-00329,Lagarde et Fils,2025-07-15,40,110.26,4410.4,Recibido
O-003927,BR-00262,P-028777,PR-00316,Gimenez,2025-08-13,80,47.36,3788.8,En tránsito
O-003928,BR-00262,P-028788,PR-01199,Renault Delannoy S.A.S.,2025-08-04,91,29.25,2661.75,Recibido
O-003929,BR-00262,P-028795,PR-00319,Toussaint,2025-07-31,50,35.88,1794.0,Recibido
O-003930,BR-00262,P-028813,PR-01029,Wagner SA,2025-07-18,52,34.75,1807.0,Pendiente
O-003931,BR-00263,P-028824,PR-00326,Colas Dupré S.A.R.L.,2025-08-14,62,70.72,4384.64,Recibido
O-003932,BR-00263,P-028826,PR-00326,Colas Dupré S.A.R.L.,2025-08-11,70,75.38,5276.6,Pendiente
O-003933,BR-00263,P-028830,PR-00641,Roux,2025-07-04,61,114.36,6975.96,En tránsito
O-003934,BR-00263,P-028831,PR-00973,Texier,2025-08-16,31,136.63,4235.53,Pendiente
O-003935,BR-00263,P-028833,PR-00328,Faure,2025-08-23,33,144.39,4764.87,Recibido
O-003936,BR-00263,P-028834,PR-00328,Faure,2025-08-01,81,9.78,792.18,Recibido
O-003937,BR-00263,P-028858,PR-01199,Renault Delannoy S.A.S.,2025-07-07,99,121.08,11986.92,Pendiente
O-003938,BR-00263,P-028861,PR-00319,Toussaint,2025-08-03,64,35.13,2248.32,Pendiente
O-003939,BR-00263,P-028864,PR-00319,Toussaint,2025-08-23,84,68.08,5718.72,Recibido
O-003940,BR-00263,P-028869,PR-00288,Weber SARL,2025-07-17,78,60.95,4754.1,En tránsito
O-003941,BR-00263,P-028875,PR-01007,Menard S.A.R.L.,2025-07-03,92,51.91,4775.72,En tránsito
O-003942,BR-00263,P-028877,PR-00786,Lejeune,2025-08-27,55,75.37,4145.35,Recibido
O-003943,BR-00264,P-028892,PR-01045,Valette S.A.S.,2025-07-26,40,4.98,199.2,Pendiente
O-003944,BR-00264,P-028894,PR-00325,Voisin S.A.,2025-08-22,58,62.34,3615.72,En tránsito
O-003945,BR-00264,P-028904,PR-00327,Alexandre,2025-08-17,33,52.19,1722.27,Pendiente
O-003946,BR-00264,P-028905,PR-00327,Alexandre,2025-07-26,27,52.54,1418.58,Pendiente
O-003947,BR-00264,P-028910,PR-00328,Faure,2025-07-20,59,18.06,1065.54,En tránsito
O-003948,BR-00264,P-028915,PR-00892,Merle Lamy S.A.R.L.,2025-07-01,54,136.7,7381.8,Recibido
O-003949,BR-00264,P-028916,PR-00329,Lagarde et Fils,2025-07-20,23,123.39,2837.97,En tránsito
O-003950,BR-00264,P-028919,PR-00315,Laurent S.A.S.,2025-07-15,98,146.35,14342.3,En tránsito
O-003951,BR-00264,P-028920,PR-01195,Blot,2025-08-21,98,18.93,1855.14,Pendiente
O-003952,BR-00264,P-028925,PR-01145,Coste Dupont SA,2025-07-20,95,20.15,1914.25,Recibido
O-003953,BR-00264,P-028941,PR-00318,Pascal De Oliveira S.A.R.L.,2025-08-03,75,37.73,2829.75,Recibido
O-003954,BR-00264,P-028942,PR-01199,Renault Delannoy S.A.S.,2025-08-24,93,90.15,8383.95,En tránsito
O-003955,BR-00264,P-028955,PR-00675,Perez,2025-07-07,66,22.33,1473.78,Pendiente
O-003956,BR-00264,P-028968,PR-01029,Wagner SA,2025-08-21,82,137.89,11306.98,En tránsito
O-003957,BR-00265,P-028973,PR-01469,Chevalier Robert et Fils,2025-07-20,98,54.63,5353.74,En tránsito
O-003958,BR-00265,P-028974,PR-00325,Voisin S.A.,2025-08-21,34,122.8,4175.2,En tránsito
O-003959,BR-00265,P-028975,PR-01045,Valette S.A.S.,2025-08-04,45,72.64,3268.8,En tránsito
O-003960,BR-00265,P-028976,PR-00326,Colas Dupré S.A.R.L.,2025-08-03,71,73.01,5183.71,En tránsito
O-003961,BR-00265,P-028986,PR-00328,Faure,2025-07-16,26,110.29,2867.54,Pendiente
O-003962,BR-00265,P-028993,PR-00329,Lagarde et Fils,2025-08-27,58,123.44,7159.52,En tránsito
O-003963,BR-00265,P-029004,PR-01145,Coste Dupont SA,2025-08-09,79,33.47,2644.13,Recibido
O-003964,BR-00265,P-029006,PR-00316,Gimenez,2025-07-21,25,110.74,2768.5,Pendiente
O-003965,BR-00265,P-029019,PR-00319,Toussaint,2025-08-11,67,20.45,1370.15,Recibido
O-003966,BR-00265,P-029034,PR-00290,Rodriguez Nguyen SA,2025-07-12,97,141.47,13722.59,Recibido
O-003967,BR-00265,P-029035,PR-01007,Menard S.A.R.L.,2025-08-10,37,78.59,2907.83,En tránsito
O-003968,BR-00265,P-029036,PR-00730,Pichon S.A.,2025-07-29,58,13.39,776.62,Pendiente
O-003969,BR-00266,P-029062,PR-00328,Faure,2025-07-20,72,117.89,8488.08,En tránsito
O-003970,BR-00266,P-029073,PR-00315,Laurent S.A.S.,2025-08-10,72,91.12,6560.64,Pendiente
O-003971,BR-00266,P-029091,PR-01070,Ribeiro Pruvost S.A.R.L.,2025-08-20,27,98.82,2668.14,Recibido
O-003972,BR-00266,P-029094,PR-00318,Pascal De Oliveira S.A.R.L.,2025-08-02,97,124.04,12031.88,Pendiente
O-003973,BR-00266,P-029120,PR-01029,Wagner SA,2025-07-17,70,61.03,4272.1,Recibido
O-003974,BR-00266,P-029125,PR-00292,Dupuy,2025-08-14,57,78.84,4493.88,Pendiente
O-003975,BR-00267,P-029129,PR-00372,"Scaramucci, Fischetti e Scalfaro Group",2025-07-31,95,128.54,12211.3,Recibido
O-003976,BR-00267,P-029147,PR-01489,Sansoni-Falier Group,2025-08-24,58,9.2,533.6,Pendiente
O-003977,BR-00267,P-029153,PR-00376,Doglioni-Pigafetta s.r.l.,2025-07-28,80,73.28,5862.4,En tránsito
O-003978,BR-00267,P-029173,PR-00903,Tropea-Trillini SPA,2025-08-06,41,84.37,3459.17,Recibido
O-003979,BR-00267,P-029187,PR-00876,Giannuzzi SPA,2025-08-21,89,99.85,8886.65,En tránsito
O-003980,BR-00267,P-029207,PR-00340,"Lancisi, Trevisan e Beccaria s.r.l.",2025-07-10,49,120.78,5918.22,Recibido
O-003981,BR-00267,P-029221,PR-01333,Ceravolo-Perozzo e figli,2025-07-22,83,74.91,6217.53,Pendiente
O-003982,BR-00267,P-029222,PR-00344,"Moresi, Dandolo e Lippomano SPA",2025-07-25,44,65.27,2871.88,En tránsito
O-003983,BR-00267,P-029223,PR-00344,"Moresi, Dandolo e Lippomano SPA",2025-08-20,30,56.44,1693.2,En tránsito
O-003984,BR-00267,P-029227,PR-00367,"Vasari, Farinelli e Aporti e figli",2025-08-14,47,108.92,5119.24,En tránsito
O-003985,BR-00267,P-029231,PR-00805,Grasso-Botta Group,2025-07-27,77,108.8,8377.6,Recibido
O-003986,BR-00267,P-029240,PR-00742,"Tirabassi, Aulenti e Pisano SPA",2025-08-03,42,49.44,2076.48,Recibido
O-003987,BR-00267,P-029246,PR-00371,Manolesso s.r.l.,2025-08-10,49,53.37,2615.13,En tránsito
O-003988,BR-00267,P-029251,PR-00996,"Camicione, Tacchini e Casellati e figli",2025-08-15,98,47.8,4684.4,Pendiente
O-003989,BR-00267,P-029252,PR-00345,"Zoppetti, Asmundo e Collina e figli",2025-07-02,95,45.46,4318.7,En tránsito
O-003990,BR-00267,P-029257,PR-01491,"Lercari, Vattimo e Segni SPA",2025-08-17,68,7.01,476.68,Recibido
O-003991,BR-00267,P-029262,PR-00346,"Vercelloni, Juvara e Gravina s.r.l.",2025-08-19,48,149.77,7188.96,Pendiente
O-003992,BR-00267,P-029276,PR-01102,Pergolesi-Varano e figli,2025-07-14,57,19.89,1133.73,En tránsito
O-003993,BR-00267,P-029298,PR-00936,"Anguillara, Russo e Pininfarina e figli",2025-07-30,50,91.51,4575.5,Pendiente
O-003994,BR-00267,P-029310,PR-00352,"Nitto, Baresi e Borgia s.r.l.",2025-07-10,33,27.15,895.95,Recibido
O-003995,BR-00267,P-029324,PR-00355,"Marrone, Redi e Baroffio s.r.l.",2025-08-26,34,63.6,2162.4,Pendiente
O-003996,BR-00267,P-029331,PR-00357,"Traetta, Guariento e Bodoni e figli",2025-08-25,92,14.96,1376.32,En tránsito
O-003997,BR-00267,P-029333,PR-00642,Fracci-Berengario e figli,2025-08-07,89,72.11,6417.79,En tránsito
O-003998,BR-00267,P-029336,PR-00642,Fracci-Berengario e figli,2025-08-20,78,81.92,6389.76,En tránsito
O-003999,BR-00267,P-029338,PR-01233,Ferragamo SPA,2025-07-19,93,58.37,5428.41,Recibido
O-004000,BR-00267,P-029339,PR-00358,Duse s.r.l.,2025-08-18,93,100.99,9392.07,En tránsito
O-004001,BR-00267,P-029341,PR-00358,Duse s.r.l.,2025-07-09,61,8.19,499.59,Recibido
O-004002,BR-00267,P-029349,PR-00360,Maderna-Granatelli Group,2025-07-25,77,19.95,1536.15,Recibido
O-004003,BR-00268,P-029356,PR-01276,Turrini e figli,2025-08-10,54,127.21,6869.34,En tránsito
O-004004,BR-00268,P-029364,PR-00374,Toscanini-Montecchi e figli,2025-08-01,89,31.96,2844.44,Recibido
O-004005,BR-00268,P-029371,PR-00375,Balbi-Cuda s.r.l.,2025-07-18,93,76.26,7092.18,Recibido
O-004006,BR-00268,P-029382,PR-00363,Segrè e figli,2025-06-30,85,61.92,5263.2,Pendiente
O-004007,BR-00268,P-029385,PR-01001,Ricciardi e figli,2025-07-08,41,32.79,1344.39,En tránsito
O-004008,BR-00268,P-029388,PR-01001,Ricciardi e figli,2025-08-21,62,26.2,1624.4,En tránsito
O-004009,BR-00268,P-029399,PR-00665,Gentilini s.r.l.,2025-07-10,36,36.47,1312.92,Pendiente
O-004010,BR-00268,P-029407,PR-00336,"Mazzeo, Giolitti e Modigliani e figli",2025-07-25,24,99.88,2397.12,En tránsito
O-004011,BR-00268,P-029411,PR-00337,Ravaglioli e figli,2025-07-14,43,73.55,3162.65,Pendiente
O-004012,BR-00268,P-029420,PR-01172,Cignaroli e figli,2025-07-04,79,108.7,8587.3,Recibido
O-004013,BR-00268,P-029428,PR-00340,"Lancisi, Trevisan e Beccaria s.r.l.",2025-07-05,97,106.84,10363.48,En tránsito
O-004014,BR-00268,P-029436,PR-00864,"Tarantino, Cocci e Foà e figli",2025-07-06,84,73.02,6133.68,Pendiente
O-004015,BR-00268,P-029452,PR-00344,"Moresi, Dandolo e Lippomano SPA",2025-07-03,35,116.57,4079.95,En tránsito
O-004016,BR-00268,P-029455,PR-00940,Emanuelli SPA,2025-08-05,22,24.38,536.36,Pendiente
O-004017,BR-00268,P-029461,PR-01412,Gemito-Faggiani Group,2025-08-17,71,13.19,936.49,Recibido
O-004018,BR-00268,P-029465,PR-00622,"Argentero, Pastine e Tanzini Group",2025-07-01,77,69.75,5370.75,Pendiente
O-004019,BR-00268,P-029468,PR-00370,Guidotti e figli,2025-07-17,23,77.34,1778.82,Recibido
O-004020,BR-00268,P-029486,PR-00733,"Garozzo, Gadda e Perozzo s.r.l.",2025-08-23,98,27.92,2736.16,Pendiente
O-004021,BR-00268,P-029490,PR-00348,"Contrafatto, Scalfaro e Cardano s.r.l.",2025-07-02,60,76.9,4614.0,En tránsito
O-004022,BR-00268,P-029495,PR-00747,"Filangieri, Gentili e Detti SPA",2025-07-15,63,92.42,5822.46,En tránsito
O-004023,BR-00268,P-029500,PR-00823,Rizzo Group,2025-08-27,65,128.79,8371.35,Recibido
O-004024,BR-00268,P-029506,PR-00332,"Paolini, Pirandello e Borromini Group",2025-07-17,39,21.43,835.77,Pendiente
O-004025,BR-00268,P-029508,PR-00332,"Paolini, Pirandello e Borromini Group",2025-07-18,93,92.58,8609.94,Pendiente
O-004026,BR-00268,P-029534,PR-00345,"Zoppetti, Asmundo e Collina e figli",2025-07-15,40,70.32,2812.8,Recibido
O-004027,BR-00268,P-029538,PR-00354,Correr-Giannini SPA,2025-07-17,85,29.58,2514.3,Pendiente
O-004028,BR-00268,P-029557,PR-00358,Duse s.r.l.,2025-07-03,89,135.09,12023.01,Recibido
O-004029,BR-00268,P-029558,PR-01233,Ferragamo SPA,2025-07-29,47,123.06,5783.82,Pendiente
O-004030,BR-00268,P-029564,PR-00360,Maderna-Granatelli Group,2025-07-26,93,129.94,12084.42,Pendiente
O-004031,BR-00269,P-029577,PR-00372,"Scaramucci, Fischetti e Scalfaro Group",2025-07-12,56,26.37,1476.72,En tránsito
O-004032,BR-00269,P-029580,PR-00373,"Murri, Alfonsi e Canali SPA",2025-08-09,28,83.34,2333.52,En tránsito
O-004033,BR-00269,P-029587,PR-01489,Sansoni-Falier Group,2025-08-07,39,62.55,2439.45,Pendiente
O-004034,BR-00269,P-029588,PR-00375,Balbi-Cuda s.r.l.,2025-07-02,54,101.98,5506.92,En tránsito
O-004035,BR-00269,P-029592,PR-01489,Sansoni-Falier Group,2025-07-09,64,7.25,464.0,En tránsito
O-004036,BR-00269,P-029596,PR-00376,Doglioni-Pigafetta s.r.l.,2025-07-30,94,70.89,6663.66,Recibido
O-004037,BR-00269,P-029598,PR-00376,Doglioni-Pigafetta s.r.l.,2025-07-18,22,30.46,670.12,Recibido
O-004038,BR-00269,P-029604,PR-00362,"Togliatti, Gatto e Sauli Group",2025-08-01,23,7.5,172.5,Pendiente
O-004039,BR-00269,P-029609,PR-00363,Segrè e figli,2025-07-16,53,97.03,5142.59,Recibido
O-004040,BR-00269,P-029620,PR-00903,Tropea-Trillini SPA,2025-07-23,77,144.55,11130.35,Pendiente
O-004041,BR-00269,P-029621,PR-00365,Balbo Group,2025-08-23,32,80.75,2584.0,En tránsito
O-004042,BR-00269,P-029629,PR-00932,Leopardi-Fermi Group,2025-08-06,41,111.35,4565.35,Recibido
O-004043,BR-00269,P-029631,PR-00657,Venier SPA,2025-08-11,33,131.61,4343.13,Pendiente
O-004044,BR-00269,P-029663,PR-01291,Beffa Group,2025-07-06,50,111.77,5588.5,Recibido
O-004045,BR-00269,P-029664,PR-00800,Vidoni-Pietrangeli SPA,2025-07-30,53,68.67,3639.51,Recibido
O-004046,BR-00269,P-029665,PR-00800,Vidoni-Pietrangeli SPA,2025-08-04,63,138.49,8724.87,Recibido
O-004047,BR-00269,P-029684,PR-00368,Badoglio e figli,2025-07-16,85,16.87,1433.95,En tránsito
O-004048,BR-00269,P-029687,PR-00978,Trentini-Antelami s.r.l.,2025-07-28,25,24.92,623.0,En tránsito
O-004049,BR-00269,P-029701,PR-01075,Casalodi-Depero s.r.l.,2025-07-08,98,113.03,11076.94,Recibido
O-004050,BR-00269,P-029706,PR-00371,Manolesso s.r.l.,2025-07-31,39,56.89,2218.71,Recibido
O-004051,BR-00269,P-029724,PR-00348,"Contrafatto, Scalfaro e Cardano s.r.l.",2025-07-10,45,145.41,6543.45,En tránsito
O-004052,BR-00270,P-029737,PR-00615,"Letta, Volterra e Vespucci s.r.l.",2025-07-25,55,10.72,589.6,Recibido
O-004053,BR-00270,P-029767,PR-01470,Beccheria s.r.l.,2025-07-08,64,37.76,2416.64,En tránsito
O-004054,BR-00270,P-029770,PR-01470,Beccheria s.r.l.,2025-08-02,58,102.81,5962.98,En tránsito
O-004055,BR-00270,P-029772,PR-00665,Gentilini s.r.l.,2025-08-28,57,77.65,4426.05,Pendiente
O-004056,BR-00270,P-029775,PR-00932,Leopardi-Fermi Group,2025-08-25,70,38.85,2719.5,Recibido
O-004057,BR-00270,P-029777,PR-00657,Venier SPA,2025-07-05,26,84.99,2209.74,Pendiente
O-004058,BR-00270,P-029781,PR-00657,Venier SPA,2025-08-10,88,94.03,8274.64,En tránsito
O-004059,BR-00270,P-029791,PR-00338,Malatesta-Comolli SPA,2025-08-28,50,17.96,898.0,Pendiente
O-004060,BR-00270,P-029804,PR-00340,"Lancisi, Trevisan e Beccaria s.r.l.",2025-07-03,33,97.82,3228.06,En tránsito
O-004061,BR-00270,P-029805,PR-00340,"Lancisi, Trevisan e Beccaria s.r.l.",2025-08-20,21,23.88,501.48,Recibido
O-004062,BR-00270,P-029812,PR-00342,Respighi-Bassi SPA,2025-08-22,60,136.96,8217.6,Recibido
O-004063,BR-00270,P-029826,PR-00978,Trentini-Antelami s.r.l.,2025-08-02,24,145.98,3503.52,Pendiente
O-004064,BR-00270,P-029829,PR-00978,Trentini-Antelami s.r.l.,2025-07-09,30,123.24,3697.2,Recibido
O-004065,BR-00270,P-029834,PR-01488,Pedersoli-Tacchini Group,2025-07-27,36,59.25,2133.0,Pendiente
O-004066,BR-00270,P-029835,PR-01488,Pedersoli-Tacchini Group,2025-07-10,80,2.76,220.8,Recibido
O-004067,BR-00270,P-029840,PR-01075,Casalodi-Depero s.r.l.,2025-08-17,90,80.59,7253.1,En tránsito
O-004068,BR-00270,P-029841,PR-00630,Foa-Giacometti SPA,2025-07-26,28,68.63,1921.64,Recibido
O-004069,BR-00270,P-029855,PR-00346,"Vercelloni, Juvara e Gravina s.r.l.",2025-07-27,21,57.8,1213.8,Pendiente
O-004070,BR-00270,P-029864,PR-00349,Ciani SPA,2025-08-01,89,103.67,9226.63,Pendiente
O-004071,BR-00271,P-029876,PR-00373,"Murri, Alfonsi e Canali SPA",2025-08-08,78,129.86,10129.08,En tránsito
O-004072,BR-00271,P-029880,PR-00374,Toscanini-Montecchi e figli,2025-08-26,71,18.34,1302.14,En tránsito
O-004073,BR-00271,P-029892,PR-00376,Doglioni-Pigafetta s.r.l.,2025-07-01,32,86.78,2776.96,En tránsito
O-004074,BR-00271,P-029921,PR-00335,"Scamarcio, Cappelli e Chiaramonte e figli",2025-07-28,26,11.53,299.78,Pendiente
O-004075,BR-00271,P-029932,PR-00337,Ravaglioli e figli,2025-08-01,73,44.26,3230.98,Pendiente
O-004076,BR-00271,P-029933,PR-00876,Giannuzzi SPA,2025-08-24,90,75.56,6800.4,Pendiente
O-004077,BR-00271,P-029942,PR-00339,"Gozzano, Baresi e Barcella SPA",2025-08-26,86,121.87,10480.82,Recibido
O-004078,BR-00271,P-029956,PR-00864,"Tarantino, Cocci e Foà e figli",2025-07-02,72,61.59,4434.48,Pendiente
O-004079,BR-00271,P-029976,PR-00940,Emanuelli SPA,2025-07-10,48,94.03,4513.44,Recibido
O-004080,BR-00271,P-029977,PR-00367,"Vasari, Farinelli e Aporti e figli",2025-07-24,45,117.84,5302.8,Recibido
O-004081,BR-00271,P-029982,PR-00368,Badoglio e figli,2025-07-30,94,2.92,274.48,En tránsito
O-004082,BR-00271,P-029987,PR-00622,"Argentero, Pastine e Tanzini Group",2025-08-20,69,94.13,6494.97,Pendiente
O-004083,BR-00271,P-029991,PR-00630,Foa-Giacometti SPA,2025-07-14,93,138.17,12849.81,Pendiente
O-004084,BR-00271,P-029993,PR-00630,Foa-Giacometti SPA,2025-07-15,38,131.27,4988.26,Pendiente
O-004085,BR-00271,P-030003,PR-00345,"Zoppetti, Asmundo e Collina e figli",2025-08-03,71,35.55,2524.05,En tránsito
O-004086,BR-00271,P-030005,PR-00346,"Vercelloni, Juvara e Gravina s.r.l.",2025-08-17,66,116.52,7690.32,En tránsito
O-004087,BR-00271,P-030010,PR-00346,"Vercelloni, Juvara e Gravina s.r.l.",2025-08-25,38,64.91,2466.58,En tránsito
O-004088,BR-00272,P-030034,PR-01257,"Albertini, Antonacci e Colletti Group",2025-08-04,52,149.31,7764.12,Recibido
O-004089,BR-00272,P-030042,PR-00362,"Togliatti, Gatto e Sauli Group",2025-07-14,63,49.83,3139.29,Pendiente
O-004090,BR-00272,P-030048,PR-00363,Segrè e figli,2025-08-01,98,62.79,6153.42,Pendiente
O-004091,BR-00272,P-030059,PR-00903,Tropea-Trillini SPA,2025-07-20,22,142.95,3144.9,Recibido
O-004092,BR-00272,P-030073,PR-00657,Venier SPA,2025-07-28,41,10.87,445.67,Pendiente
O-004093,BR-00272,P-030074,PR-00337,Ravaglioli e figli,2025-07-06,37,86.73,3209.01,En tránsito
O-004094,BR-00272,P-030075,PR-00876,Giannuzzi SPA,2025-07-05,99,61.68,6106.32,En tránsito
O-004095,BR-00272,P-030082,PR-00806,"Bernetti, Saffi e Pepe e figli",2025-07-04,47,91.59,4304.73,Recibido
O-004096,BR-00272,P-030083,PR-00338,Malatesta-Comolli SPA,2025-08-27,25,122.2,3055.0,En tránsito
O-004097,BR-00272,P-030084,PR-00338,Malatesta-Comolli SPA,2025-07-28,29,33.29,965.41,En tránsito
O-004098,BR-00272,P-030085,PR-00806,"Bernetti, Saffi e Pepe e figli",2025-07-31,30,108.49,3254.7,En tránsito
O-004099,BR-00272,P-030087,PR-00339,"Gozzano, Baresi e Barcella SPA",2025-07-25,34,95.86,3259.24,Pendiente
O-004100,BR-00272,P-030100,PR-00864,"Tarantino, Cocci e Foà e figli",2025-07-16,31,48.16,1492.96,En tránsito
O-004101,BR-00272,P-030106,PR-00342,Respighi-Bassi SPA,2025-08-04,99,64.18,6353.82,En tránsito
O-004102,BR-00272,P-030121,PR-00367,"Vasari, Farinelli e Aporti e figli",2025-08-13,42,139.21,5846.82,Recibido
O-004103,BR-00272,P-030123,PR-00940,Emanuelli SPA,2025-07-04,61,18.01,1098.61,Recibido
O-004104,BR-00272,P-030137,PR-00996,"Camicione, Tacchini e Casellati e figli",2025-08-25,34,85.92,2921.28,Pendiente
O-004105,BR-00272,P-030140,PR-00371,Manolesso s.r.l.,2025-07-08,98,36.73,3599.54,Pendiente
O-004106,BR-00272,P-030150,PR-00346,"Vercelloni, Juvara e Gravina s.r.l.",2025-07-03,62,24.79,1536.98,En tránsito
O-004107,BR-00272,P-030154,PR-01338,Cocci e figli,2025-07-16,50,7.72,386.0,En tránsito
O-004108,BR-00272,P-030167,PR-00349,Ciani SPA,2025-07-14,54,40.81,2203.74,Recibido
O-004109,BR-00273,P-030182,PR-00374,Toscanini-Montecchi e figli,2025-07-16,41,124.37,5099.17,Pendiente
O-004110,BR-00273,P-030194,PR-00362,"Togliatti, Gatto e Sauli Group",2025-08-11,54,105.63,5704.02,Pendiente
O-004111,BR-00273,P-030201,PR-00363,Segrè e figli,2025-08-22,38,129.52,4921.76,Recibido
O-004112,BR-00273,P-030211,PR-00903,Tropea-Trillini SPA,2025-08-06,72,123.82,8915.04,Recibido
O-004113,BR-00273,P-030220,PR-00335,"Scamarcio, Cappelli e Chiaramonte e figli",2025-07-13,25,75.4,1885.0,Recibido
O-004114,BR-00273,P-030235,PR-01172,Cignaroli e figli,2025-07-29,72,123.97,8925.84,En tránsito
O-004115,BR-00273,P-030241,PR-00339,"Gozzano, Baresi e Barcella SPA",2025-07-17,56,26.07,1459.92,En tránsito
O-004116,BR-00273,P-030242,PR-00340,"Lancisi, Trevisan e Beccaria s.r.l.",2025-07-10,75,23.75,1781.25,En tránsito
O-004117,BR-00273,P-030252,PR-00864,"Tarantino, Cocci e Foà e figli",2025-07-13,66,36.18,2387.88,En tránsito
O-004118,BR-00273,P-030264,PR-00343,Bulzoni-Tagliafierro s.r.l.,2025-07-28,49,122.79,6016.71,Recibido
O-004119,BR-00273,P-030281,PR-01412,Gemito-Faggiani Group,2025-07-01,74,121.18,8967.32,En tránsito
O-004120,BR-00273,P-030282,PR-00833,Pozzecco SPA,2025-07-05,26,117.55,3056.3,En tránsito
O-004121,BR-00273,P-030297,PR-00346,"Vercelloni, Juvara e Gravina s.r.l.",2025-06-30,71,76.88,5458.48,En tránsito
O-004122,BR-00273,P-030306,PR-00733,"Garozzo, Gadda e Perozzo s.r.l.",2025-07-17,32,99.65,3188.8,Recibido
O-004123,BR-00273,P-030308,PR-00348,"Contrafatto, Scalfaro e Cardano s.r.l.",2025-08-28,64,71.24,4559.36,En tránsito
O-004124,BR-00274,P-030330,PR-00374,Toscanini-Montecchi e figli,2025-07-18,36,48.04,1729.44,Pendiente
O-004125,BR-00274,P-030334,PR-00374,Toscanini-Montecchi e figli,2025-07-28,35,17.47,611.45,Pendiente
O-004126,BR-00274,P-030354,PR-00363,Segrè e figli,2025-08-25,42,45.83,1924.86,En tránsito
O-004127,BR-00274,P-030364,PR-00365,Balbo Group,2025-08-21,38,11.98,455.24,Pendiente
O-004128,BR-00274,P-030370,PR-00366,Pistoletto s.r.l.,2025-07-15,50,42.08,2104.0,Recibido
O-004129,BR-00274,P-030376,PR-00335,"Scamarcio, Cappelli e Chiaramonte e figli",2025-07-14,47,126.41,5941.27,Recibido
O-004130,BR-00274,P-030387,PR-00806,"Bernetti, Saffi e Pepe e figli",2025-07-22,68,124.19,8444.92,Recibido
O-004131,BR-00274,P-030388,PR-01172,Cignaroli e figli,2025-08-28,87,13.83,1203.21,Pendiente
O-004132,BR-00274,P-030404,PR-00341,"Disdero, Platini e Garrone SPA",2025-08-13,33,142.64,4707.12,En tránsito
O-004133,BR-00274,P-030409,PR-00800,Vidoni-Pietrangeli SPA,2025-08-07,45,54.48,2451.6,Pendiente
O-004134,BR-00274,P-030415,PR-00343,Bulzoni-Tagliafierro s.r.l.,2025-08-08,61,57.31,3495.91,Pendiente
O-004135,BR-00274,P-030420,PR-01333,Ceravolo-Perozzo e figli,2025-07-09,73,66.43,4849.39,Pendiente
O-004136,BR-00274,P-030426,PR-00940,Emanuelli SPA,2025-08-24,49,78.49,3846.01,En tránsito
O-004137,BR-00274,P-030429,PR-00978,Trentini-Antelami s.r.l.,2025-06-30,27,63.84,1723.68,Pendiente
O-004138,BR-00274,P-030430,PR-00368,Badoglio e figli,2025-07-07,33,47.97,1583.01,En tránsito
O-004139,BR-00274,P-030437,PR-00622,"Argentero, Pastine e Tanzini Group",2025-08-15,68,17.78,1209.04,Pendiente
O-004140,BR-00274,P-030439,PR-00369,Marini e figli,2025-08-04,32,4.02,128.64,Pendiente
O-004141,BR-00274,P-030464,PR-01338,Cocci e figli,2025-07-21,36,146.24,5264.64,Pendiente
O-004142,BR-00274,P-030468,PR-00348,"Contrafatto, Scalfaro e Cardano s.r.l.",2025-08-21,26,7.19,186.94,En tránsito
O-004143,BR-00274,P-030469,PR-00747,"Filangieri, Gentili e Detti SPA",2025-08-10,47,101.4,4765.8,En tránsito
O-004144,BR-00274,P-030474,PR-00349,Ciani SPA,2025-07-14,57,9.68,551.76,Pendiente
O-004145,BR-00275,P-030479,PR-00372,"Scaramucci, Fischetti e Scalfaro Group",2025-08-22,93,85.34,7936.62,En tránsito
O-004146,BR-00275,P-030481,PR-00373,"Murri, Alfonsi e Canali SPA",2025-08-12,67,109.28,7321.76,Pendiente
O-004147,BR-00275,P-030485,PR-00374,Toscanini-Montecchi e figli,2025-07-04,24,27.27,654.48,Pendiente
O-004148,BR-00275,P-030494,PR-00375,Balbi-Cuda s.r.l.,2025-07-30,90,71.43,6428.7,En tránsito
O-004149,BR-00275,P-030499,PR-00376,Doglioni-Pigafetta s.r.l.,2025-08-22,35,65.68,2298.8,Pendiente
O-004150,BR-00275,P-030503,PR-00362,"Togliatti, Gatto e Sauli Group",2025-08-12,71,7.91,561.61,Pendiente
O-004151,BR-00275,P-030514,PR-01001,Ricciardi e figli,2025-07-21,25,4.49,112.25,Recibido
O-004152,BR-00275,P-030532,PR-00335,"Scamarcio, Cappelli e Chiaramonte e figli",2025-07-23,74,62.85,4650.9,En tránsito
O-004153,BR-00275,P-030533,PR-00932,Leopardi-Fermi Group,2025-07-07,49,137.29,6727.21,En tránsito
O-004154,BR-00275,P-030547,PR-01172,Cignaroli e figli,2025-08-09,73,128.13,9353.49,Pendiente
O-004155,BR-00275,P-030570,PR-01291,Beffa Group,2025-07-29,69,87.26,6020.94,Recibido
O-004156,BR-00275,P-030572,PR-00343,Bulzoni-Tagliafierro s.r.l.,2025-07-28,22,121.41,2671.02,Recibido
O-004157,BR-00275,P-030574,PR-00343,Bulzoni-Tagliafierro s.r.l.,2025-07-09,54,80.51,4347.54,Pendiente
O-004158,BR-00275,P-030577,PR-01166,Vespucci s.r.l.,2025-07-20,43,142.51,6127.93,Recibido
O-004159,BR-00275,P-030591,PR-00368,Badoglio e figli,2025-06-30,79,116.03,9166.37,Pendiente
O-004160,BR-00275,P-030598,PR-00369,Marini e figli,2025-07-29,56,62.06,3475.36,Recibido
O-004161,BR-00275,P-030604,PR-00996,"Camicione, Tacchini e Casellati e figli",2025-06-30,96,14.82,1422.72,Pendiente
O-004162,BR-00275,P-030615,PR-00346,"Vercelloni, Juvara e Gravina s.r.l.",2025-07-24,85,7.88,669.8,Recibido
O-004163,BR-00275,P-030619,PR-01338,Cocci e figli,2025-07-06,65,69.76,4534.4,En tránsito
O-004164,BR-00275,P-030624,PR-01102,Pergolesi-Varano e figli,2025-07-11,61,80.19,4891.59,Recibido
O-004165,BR-00275,P-030627,PR-01102,Pergolesi-Varano e figli,2025-07-07,72,84.83,6107.76,Pendiente
O-004166,BR-00275,P-030628,PR-00747,"Filangieri, Gentili e Detti SPA",2025-08-04,47,107.21,5038.87,Pendiente
O-004167,BR-00276,P-030636,PR-00615,"Letta, Volterra e Vespucci s.r.l.",2025-08-07,49,7.99,391.51,Recibido
O-004168,BR-00276,P-030648,PR-01485,Carullo-Montanelli SPA,2025-08-03,95,119.17,11321.15,Pendiente
O-004169,BR-00276,P-030661,PR-00363,Segrè e figli,2025-08-17,62,87.07,5398.34,En tránsito
O-004170,BR-00276,P-030669,PR-01151,Perozzo-Iacobucci Group,2025-07-01,34,27.99,951.66,Pendiente
O-004171,BR-00276,P-030673,PR-00365,Balbo Group,2025-06-30,62,101.36,6284.32,Pendiente
O-004172,BR-00276,P-030691,PR-00337,Ravaglioli e figli,2025-08-27,47,66.24,3113.28,Recibido
O-004173,BR-00276,P-030705,PR-00339,"Gozzano, Baresi e Barcella SPA",2025-07-13,24,12.2,292.8,Recibido
O-004174,BR-00276,P-030715,PR-00341,"Disdero, Platini e Garrone SPA",2025-08-07,27,87.29,2356.83,En tránsito
O-004175,BR-00276,P-030726,PR-01166,Vespucci s.r.l.,2025-08-03,90,77.62,6985.8,Recibido
O-004176,BR-00276,P-030733,PR-00940,Emanuelli SPA,2025-06-30,95,69.26,6579.7,Pendiente
O-004177,BR-00276,P-030749,PR-01347,Nicoletti SPA,2025-08-08,24,87.34,2096.16,Pendiente
O-004178,BR-00276,P-030750,PR-01347,Nicoletti SPA,2025-07-07,93,69.93,6503.49,Recibido
O-004179,BR-00276,P-030752,PR-00345,"Zoppetti, Asmundo e Collina e figli",2025-07-27,90,100.08,9007.2,Pendiente
O-004180,BR-00276,P-030764,PR-01338,Cocci e figli,2025-08-14,78,57.57,4490.46,Pendiente
O-004181,BR-00276,P-030769,PR-00347,"Caccianemico, Busoni e Liverotti s.r.l.",2025-07-26,82,50.41,4133.62,Pendiente
O-004182,BR-00276,P-030770,PR-01191,Comboni s.r.l.,2025-07-04,90,43.66,3929.4,Recibido
O-004183,BR-00276,P-030776,PR-00747,"Filangieri, Gentili e Detti SPA",2025-07-23,73,42.85,3128.05,En tránsito
O-004184,BR-00276,P-030778,PR-00747,"Filangieri, Gentili e Detti SPA",2025-07-08,87,20.9,1818.3,Recibido
O-004185,BR-00277,P-030789,PR-00373,"Murri, Alfonsi e Canali SPA",2025-07-03,47,104.59,4915.73,Recibido
O-004186,BR-00277,P-030796,PR-00374,Toscanini-Montecchi e figli,2025-08-21,90,40.69,3662.1,Recibido
O-004187,BR-00277,P-030812,PR-00362,"Togliatti, Gatto e Sauli Group",2025-07-14,30,142.62,4278.6,En tránsito
O-004188,BR-00277,P-030815,PR-00363,Segrè e figli,2025-07-28,52,20.13,1046.76,Pendiente
O-004189,BR-00277,P-030829,PR-00665,Gentilini s.r.l.,2025-08-04,43,75.61,3251.23,En tránsito
O-004190,BR-00277,P-030838,PR-00336,"Mazzeo, Giolitti e Modigliani e figli",2025-08-23,40,36.84,1473.6,Recibido
O-004191,BR-00277,P-030841,PR-00876,Giannuzzi SPA,2025-07-12,44,89.83,3952.52,Recibido
O-004192,BR-00277,P-030850,PR-01172,Cignaroli e figli,2025-07-24,72,66.32,4775.04,Recibido
O-004193,BR-00277,P-030855,PR-01376,Stefanelli-Coppola e figli,2025-07-25,73,53.78,3925.94,Recibido
O-004194,BR-00277,P-030860,PR-00340,"Lancisi, Trevisan e Beccaria s.r.l.",2025-08-23,61,39.36,2400.96,Recibido
O-004195,BR-00277,P-030868,PR-00800,Vidoni-Pietrangeli SPA,2025-07-22,84,80.07,6725.88,Recibido
O-004196,BR-00277,P-030872,PR-00343,Bulzoni-Tagliafierro s.r.l.,2025-07-09,82,79.84,6546.88,Pendiente
O-004197,BR-00278,P-030880,PR-01276,Turrini e figli,2025-07-18,90,144.21,12978.9,Recibido
O-004198,BR-00278,P-030894,PR-00374,Toscanini-Montecchi e figli,2025-07-20,31,101.92,3159.52,Pendiente
O-004199,BR-00278,P-030903,PR-00376,Doglioni-Pigafetta s.r.l.,2025-07-31,48,89.85,4312.8,Recibido
O-004200,BR-00278,P-030905,PR-00362,"Togliatti, Gatto e Sauli Group",2025-07-07,88,88.8,7814.4,En tránsito
O-004201,BR-00278,P-030917,PR-01151,Perozzo-Iacobucci Group,2025-07-24,84,140.88,11833.92,Recibido
O-004202,BR-00278,P-030920,PR-00903,Tropea-Trillini SPA,2025-07-30,39,25.55,996.45,Pendiente
O-004203,BR-00278,P-030941,PR-00876,Giannuzzi SPA,2025-08-20,25,70.03,1750.75,En tránsito
O-004204,BR-00278,P-030944,PR-00806,"Bernetti, Saffi e Pepe e figli",2025-07-19,20,132.32,2646.4,Recibido
O-004205,BR-00278,P-030953,PR-00340,"Lancisi, Trevisan e Beccaria s.r.l.",2025-07-20,31,91.27,2829.37,En tránsito
O-004206,BR-00278,P-030974,PR-01166,Vespucci s.r.l.,2025-08-18,31,12.41,384.71,En tránsito
O-004207,BR-00279,P-030981,PR-00615,"Letta, Volterra e Vespucci s.r.l.",2025-07-01,46,8.14,374.44,En tránsito
O-004208,BR-00279,P-030984,PR-00374,Toscanini-Montecchi e figli,2025-07-01,45,16.82,756.9,Pendiente
O-004209,BR-00279,P-030985,PR-00374,Toscanini-Montecchi e figli,2025-08-03,91,40.54,3689.14,En tránsito
O-004210,BR-00279,P-031001,PR-00362,"Togliatti, Gatto e Sauli Group",2025-08-20,58,130.73,7582.34,En tránsito
O-004211,BR-00279,P-031006,PR-00363,Segrè e figli,2025-07-14,38,52.34,1988.92,Recibido
O-004212,BR-00279,P-031010,PR-01151,Perozzo-Iacobucci Group,2025-08-13,98,89.52,8772.96,En tránsito
O-004213,BR-00279,P-031028,PR-00657,Venier SPA,2025-08-28,93,52.03,4838.79,Recibido
O-004214,BR-00279,P-031029,PR-00336,"Mazzeo, Giolitti e Modigliani e figli",2025-07-19,42,144.0,6048.0,Pendiente
O-004215,BR-00279,P-031030,PR-00657,Venier SPA,2025-08-22,22,108.51,2387.22,En tránsito
O-004216,BR-00279,P-031055,PR-00864,"Tarantino, Cocci e Foà e figli",2025-08-13,71,124.85,8864.35,Pendiente
O-004217,BR-00279,P-031066,PR-00343,Bulzoni-Tagliafierro s.r.l.,2025-07-24,51,110.31,5625.81,Recibido
O-004218,BR-00279,P-031068,PR-00344,"Moresi, Dandolo e Lippomano SPA",2025-08-15,70,144.53,10117.1,Recibido
O-004219,BR-00280,P-031076,PR-00615,"Letta, Volterra e Vespucci s.r.l.",2025-08-11,90,81.01,7290.9,En tránsito
O-004220,BR-00280,P-031080,PR-00374,Toscanini-Montecchi e figli,2025-07-28,50,33.31,1665.5,Pendiente
O-004221,BR-00280,P-031098,PR-00363,Segrè e figli,2025-08-17,53,132.94,7045.82,Pendiente
O-004222,BR-00280,P-031100,PR-00363,Segrè e figli,2025-08-10,38,44.16,1678.08,En tránsito
O-004223,BR-00280,P-031102,PR-00363,Segrè e figli,2025-07-24,22,29.07,639.54,Recibido
O-004224,BR-00280,P-031106,PR-00364,Pagliaro-Magnani s.r.l.,2025-07-09,95,84.13,7992.35,Recibido
O-004225,BR-00280,P-031109,PR-00903,Tropea-Trillini SPA,2025-08-07,78,140.04,10923.12,Pendiente
O-004226,BR-00280,P-031110,PR-00903,Tropea-Trillini SPA,2025-08-08,100,90.28,9028.0,Recibido
O-004227,BR-00280,P-031114,PR-00845,Bragaglia-Opizzi SPA,2025-08-09,51,124.11,6329.61,Pendiente
O-004228,BR-00280,P-031122,PR-00932,Leopardi-Fermi Group,2025-07-11,89,101.29,9014.81,En tránsito
O-004229,BR-00280,P-031144,PR-00340,"Lancisi, Trevisan e Beccaria s.r.l.",2025-07-14,28,146.13,4091.64,Pendiente
O-004230,BR-00280,P-031153,PR-00341,"Disdero, Platini e Garrone SPA",2025-08-13,55,84.95,4672.25,Pendiente
O-004231,BR-00281,P-031167,PR-00372,"Scaramucci, Fischetti e Scalfaro Group",2025-06-30,63,109.76,6914.88,Recibido
O-004232,BR-00281,P-031171,PR-00373,"Murri, Alfonsi e Canali SPA",2025-07-21,51,87.01,4437.51,Pendiente
O-004233,BR-00281,P-031172,PR-00373,"Murri, Alfonsi e Canali SPA",2025-07-26,81,113.84,9221.04,Pendiente
O-004234,BR-00281,P-031177,PR-00374,Toscanini-Montecchi e figli,2025-07-25,54,120.02,6481.08,En tránsito
O-004235,BR-00281,P-031180,PR-00374,Toscanini-Montecchi e figli,2025-07-24,26,132.58,3447.08,En tránsito
O-004236,BR-00281,P-031181,PR-00374,Toscanini-Montecchi e figli,2025-08-07,50,11.92,596.0,Recibido
O-004237,BR-00281,P-031190,PR-00362,"Togliatti, Gatto e Sauli Group",2025-07-07,47,137.1,6443.7,Recibido
O-004238,BR-00281,P-031191,PR-00362,"Togliatti, Gatto e Sauli Group",2025-07-12,59,54.79,3232.61,Pendiente
O-004239,BR-00281,P-031223,PR-00336,"Mazzeo, Giolitti e Modigliani e figli",2025-08-21,94,78.65,7393.1,En tránsito
O-004240,BR-00281,P-031236,PR-01172,Cignaroli e figli,2025-07-06,38,135.24,5139.12,Pendiente
O-004241,BR-00281,P-031241,PR-01376,Stefanelli-Coppola e figli,2025-07-04,67,4.44,297.48,Recibido
O-004242,BR-00281,P-031246,PR-00340,"Lancisi, Trevisan e Beccaria s.r.l.",2025-07-07,71,84.57,6004.47,En tránsito
O-004243,BR-00281,P-031247,PR-00340,"Lancisi, Trevisan e Beccaria s.r.l.",2025-07-18,89,114.55,10194.95,Pendiente
O-004244,BR-00281,P-031268,PR-01166,Vespucci s.r.l.,2025-08-19,79,86.98,6871.42,Pendiente
O-004245,BR-00282,P-031278,PR-00373,"Murri, Alfonsi e Canali SPA",2025-07-13,44,46.97,2066.68,En tránsito
O-004246,BR-00282,P-031279,PR-00373,"Murri, Alfonsi e Canali SPA",2025-08-17,91,136.6,12430.6,Pendiente
O-004247,BR-00282,P-031284,PR-00374,Toscanini-Montecchi e figli,2025-08-15,45,79.39,3572.55,Recibido
O-004248,BR-00282,P-031295,PR-00376,Doglioni-Pigafetta s.r.l.,2025-06-30,87,30.34,2639.58,Pendiente
O-004249,BR-00282,P-031296,PR-00376,Doglioni-Pigafetta s.r.l.,2025-07-21,48,93.16,4471.68,En tránsito
O-004250,BR-00282,P-031301,PR-00362,"Togliatti, Gatto e Sauli Group",2025-08-01,84,38.83,3261.72,Recibido
O-004251,BR-00282,P-031303,PR-00362,"Togliatti, Gatto e Sauli Group",2025-08-10,24,92.73,2225.52,Recibido
O-004252,BR-00282,P-031309,PR-00363,Segrè e figli,2025-07-26,53,55.29,2930.37,En tránsito
O-004253,BR-00282,P-031313,PR-00364,Pagliaro-Magnani s.r.l.,2025-08-17,55,28.69,1577.95,En tránsito
O-004254,BR-00282,P-031319,PR-01470,Beccheria s.r.l.,2025-07-01,40,68.7,2748.0,Recibido
O-004255,BR-00282,P-031324,PR-00366,Pistoletto s.r.l.,2025-07-03,53,127.34,6749.02,Recibido
O-004256,BR-00282,P-031326,PR-00845,Bragaglia-Opizzi SPA,2025-06-30,99,75.33,7457.67,En tránsito
O-004257,BR-00282,P-031329,PR-00335,"Scamarcio, Cappelli e Chiaramonte e figli",2025-08-01,62,100.15,6209.3,En tránsito
O-004258,BR-00282,P-031338,PR-00876,Giannuzzi SPA,2025-07-22,92,22.51,2070.92,Pendiente
O-004259,BR-00282,P-031340,PR-00337,Ravaglioli e figli,2025-08-03,89,133.73,11901.97,En tránsito
O-004260,BR-00282,P-031345,PR-00338,Malatesta-Comolli SPA,2025-08-17,43,23.52,1011.36,Pendiente
O-004261,BR-00282,P-031347,PR-00806,"Bernetti, Saffi e Pepe e figli",2025-07-10,24,110.6,2654.4,Pendiente
O-004262,BR-00282,P-031369,PR-01291,Beffa Group,2025-07-09,22,85.19,1874.18,Pendiente
O-004263,BR-00282,P-031374,PR-00343,Bulzoni-Tagliafierro s.r.l.,2025-07-21,56,10.43,584.08,En tránsito
O-004264,BR-00282,P-031376,PR-00343,Bulzoni-Tagliafierro s.r.l.,2025-08-23,57,42.52,2423.64,En tránsito
O-004265,BR-00282,P-031378,PR-01166,Vespucci s.r.l.,2025-08-23,27,21.87,590.49,Recibido
O-004266,BR-00283,P-031389,PR-01276,Turrini e figli,2025-08-15,67,114.04,7640.68,Recibido
O-004267,BR-00283,P-031412,PR-00363,Segrè e figli,2025-07-28,58,80.88,4691.04,En tránsito
O-004268,BR-00283,P-031418,PR-00364,Pagliaro-Magnani s.r.l.,2025-08-26,25,20.83,520.75,Recibido
O-004269,BR-00283,P-031454,PR-00864,"Tarantino, Cocci e Foà e figli",2025-07-11,41,121.46,4979.86,En tránsito
O-004270,BR-00283,P-031461,PR-01291,Beffa Group,2025-07-08,80,74.1,5928.0,En tránsito
O-004271,BR-00283,P-031467,PR-00343,Bulzoni-Tagliafierro s.r.l.,2025-07-09,39,76.83,2996.37,En tránsito
O-004272,BR-00283,P-031470,PR-00343,Bulzoni-Tagliafierro s.r.l.,2025-07-21,53,79.58,4217.74,Recibido
O-004273,BR-00283,P-031475,PR-01333,Ceravolo-Perozzo e figli,2025-08-08,24,115.76,2778.24,Pendiente
O-004274,BR-00283,P-031476,PR-01333,Ceravolo-Perozzo e figli,2025-07-05,54,144.04,7778.16,Pendiente
O-004275,BR-00284,P-031482,PR-00615,"Letta, Volterra e Vespucci s.r.l.",2025-07-19,84,20.04,1683.36,En tránsito
O-004276,BR-00284,P-031492,PR-01485,Carullo-Montanelli SPA,2025-08-25,27,101.91,2751.57,En tránsito
O-004277,BR-00284,P-031507,PR-00363,Segrè e figli,2025-08-15,47,46.37,2179.39,Pendiente
O-004278,BR-00284,P-031508,PR-00363,Segrè e figli,2025-06-30,94,146.94,13812.36,Recibido
O-004279,BR-00284,P-031529,PR-00932,Leopardi-Fermi Group,2025-08-07,89,18.27,1626.03,En tránsito
O-004280,BR-00284,P-031534,PR-00932,Leopardi-Fermi Group,2025-08-04,37,133.65,4945.05,En tránsito
O-004281,BR-00284,P-031535,PR-00336,"Mazzeo, Giolitti e Modigliani e figli",2025-07-21,63,6.1,384.3,Recibido
O-004282,BR-00284,P-031539,PR-00336,"Mazzeo, Giolitti e Modigliani e figli",2025-08-12,88,65.16,5734.08,En tránsito
O-004283,BR-00284,P-031558,PR-01417,Curatoli-Venturi Group,2025-08-27,82,124.39,10199.98,Pendiente
O-004284,BR-00284,P-031564,PR-00341,"Disdero, Platini e Garrone SPA",2025-08-07,72,16.46,1185.12,En tránsito
O-004285,BR-00284,P-031575,PR-00343,Bulzoni-Tagliafierro s.r.l.,2025-07-24,71,24.68,1752.28,Pendiente
O-004286,BR-00285,P-031595,PR-00615,"Letta, Volterra e Vespucci s.r.l.",2025-08-22,90,111.64,10047.6,Recibido
O-004287,BR-00285,P-031599,PR-00374,Toscanini-Montecchi e figli,2025-07-08,44,12.85,565.4,En tránsito
O-004288,BR-00285,P-031607,PR-00376,Doglioni-Pigafetta s.r.l.,2025-08-06,28,59.04,1653.12,Pendiente
O-004289,BR-00285,P-031609,PR-00376,Doglioni-Pigafetta s.r.l.,2025-07-01,49,90.66,4442.34,Recibido
O-004290,BR-00285,P-031614,PR-00362,"Togliatti, Gatto e Sauli Group",2025-07-25,76,79.96,6076.96,Pendiente
O-004291,BR-00285,P-031616,PR-00363,Segrè e figli,2025-07-15,67,117.82,7893.94,En tránsito
O-004292,BR-00285,P-031634,PR-00335,"Scamarcio, Cappelli e Chiaramonte e figli",2025-07-23,83,32.8,2722.4,En tránsito
O-004293,BR-00285,P-031637,PR-00335,"Scamarcio, Cappelli e Chiaramonte e figli",2025-07-17,44,11.97,526.68,En tránsito
O-004294,BR-00285,P-031638,PR-00335,"Scamarcio, Cappelli e Chiaramonte e figli",2025-07-14,64,131.98,8446.72,Pendiente
O-004295,BR-00285,P-031639,PR-00335,"Scamarcio, Cappelli e Chiaramonte e figli",2025-07-19,28,136.38,3818.64,En tránsito
O-004296,BR-00285,P-031643,PR-00657,Venier SPA,2025-08-05,37,10.76,398.12,En tránsito
O-004297,BR-00285,P-031648,PR-00337,Ravaglioli e figli,2025-08-26,30,74.5,2235.0,En tránsito
O-004298,BR-00285,P-031649,PR-00337,Ravaglioli e figli,2025-08-08,64,94.37,6039.68,Recibido
O-004299,BR-00285,P-031652,PR-00338,Malatesta-Comolli SPA,2025-07-02,52,87.36,4542.72,Pendiente
O-004300,BR-00285,P-031655,PR-01376,Stefanelli-Coppola e figli,2025-08-09,41,103.26,4233.66,Pendiente
O-004301,BR-00285,P-031656,PR-00339,"Gozzano, Baresi e Barcella SPA",2025-06-30,20,101.03,2020.6,Recibido
O-004302,BR-00285,P-031660,PR-00340,"Lancisi, Trevisan e Beccaria s.r.l.",2025-08-24,54,47.26,2552.04,En tránsito
O-004303,BR-00285,P-031672,PR-01291,Beffa Group,2025-08-15,95,119.2,11324.0,En tránsito
O-004304,BR-00286,P-031680,PR-01276,Turrini e figli,2025-07-23,43,52.95,2276.85,Recibido
O-004305,BR-00286,P-031683,PR-00373,"Murri, Alfonsi e Canali SPA",2025-08-06,59,17.28,1019.52,Pendiente
O-004306,BR-00286,P-031693,PR-00374,Toscanini-Montecchi e figli,2025-07-07,92,125.45,11541.4,En tránsito
O-004307,BR-00286,P-031695,PR-01485,Carullo-Montanelli SPA,2025-07-10,26,136.45,3547.7,En tránsito
O-004308,BR-00286,P-031696,PR-00375,Balbi-Cuda s.r.l.,2025-07-26,55,6.54,359.7,En tránsito
O-004309,BR-00286,P-031697,PR-01257,"Albertini, Antonacci e Colletti Group",2025-07-23,31,143.59,4451.29,Recibido
O-004310,BR-00286,P-031707,PR-00362,"Togliatti, Gatto e Sauli Group",2025-07-22,47,19.53,917.91,Recibido
O-004311,BR-00286,P-031708,PR-00362,"Togliatti, Gatto e Sauli Group",2025-07-19,65,36.71,2386.15,Pendiente
O-004312,BR-00286,P-031720,PR-00364,Pagliaro-Magnani s.r.l.,2025-08-11,46,96.25,4427.5,En tránsito
O-004313,BR-00286,P-031722,PR-01470,Beccheria s.r.l.,2025-08-09,26,25.44,661.44,En tránsito
O-004314,BR-00286,P-031728,PR-00927,Curiel-Boccherini Group,2025-08-15,52,102.88,5349.76,Recibido
O-004315,BR-00286,P-031729,PR-00665,Gentilini s.r.l.,2025-07-25,54,36.4,1965.6,En tránsito
O-004316,BR-00286,P-031730,PR-00927,Curiel-Boccherini Group,2025-07-20,95,121.54,11546.3,En tránsito
O-004317,BR-00286,P-031743,PR-00337,Ravaglioli e figli,2025-08-03,42,20.83,874.86,Recibido
O-004318,BR-00286,P-031744,PR-00876,Giannuzzi SPA,2025-07-07,28,16.5,462.0,Recibido
O-004319,BR-00286,P-031756,PR-00340,"Lancisi, Trevisan e Beccaria s.r.l.",2025-07-05,29,123.89,3592.81,Recibido
O-004320,BR-00286,P-031769,PR-00343,Bulzoni-Tagliafierro s.r.l.,2025-07-03,41,10.77,441.57,Pendiente
O-004321,BR-00286,P-031771,PR-00343,Bulzoni-Tagliafierro s.r.l.,2025-08-27,95,83.43,7925.85,En tránsito
O-004322,BR-00286,P-031772,PR-00343,Bulzoni-Tagliafierro s.r.l.,2025-07-17,99,72.28,7155.72,Recibido
O-004323,BR-00286,P-031777,PR-00344,"Moresi, Dandolo e Lippomano SPA",2025-08-20,75,7.22,541.5,En tránsito
O-004324,BR-00287,P-031785,PR-00373,"Murri, Alfonsi e Canali SPA",2025-08-01,71,119.1,8456.1,Recibido
O-004325,BR-00287,P-031791,PR-00374,Toscanini-Montecchi e figli,2025-08-21,40,84.35,3374.0,Recibido
O-004326,BR-00287,P-031794,PR-00374,Toscanini-Montecchi e figli,2025-07-31,60,42.96,2577.6,Pendiente
O-004327,BR-00287,P-031804,PR-00376,Doglioni-Pigafetta s.r.l.,2025-07-24,27,103.6,2797.2,Pendiente
O-004328,BR-00287,P-031813,PR-00363,Segrè e figli,2025-07-21,47,149.74,7037.78,Recibido
O-004329,BR-00287,P-031822,PR-00365,Balbo Group,2025-08-22,39,111.21,4337.19,En tránsito
O-004330,BR-00287,P-031824,PR-00927,Curiel-Boccherini Group,2025-07-01,39,122.88,4792.32,Recibido
O-004331,BR-00287,P-031827,PR-00927,Curiel-Boccherini Group,2025-07-19,88,6.58,579.04,Recibido
O-004332,BR-00287,P-031839,PR-00336,"Mazzeo, Giolitti e Modigliani e figli",2025-08-01,71,33.91,2407.61,Recibido
O-004333,BR-00287,P-031846,PR-01172,Cignaroli e figli,2025-07-19,67,26.94,1804.98,Pendiente
O-004334,BR-00287,P-031858,PR-01417,Curatoli-Venturi Group,2025-08-20,41,51.13,2096.33,Pendiente
O-004335,BR-00287,P-031868,PR-00342,Respighi-Bassi SPA,2025-08-27,83,5.63,467.29,Pendiente
O-004336,BR-00287,P-031878,PR-00343,Bulzoni-Tagliafierro s.r.l.,2025-07-24,27,112.61,3040.47,Pendiente
O-004337,BR-00287,P-031879,PR-00343,Bulzoni-Tagliafierro s.r.l.,2025-08-23,56,8.03,449.68,Recibido
O-004338,BR-00287,P-031880,PR-01333,Ceravolo-Perozzo e figli,2025-07-20,20,78.06,1561.2,Recibido
O-004339,BR-00288,P-031897,PR-00374,Toscanini-Montecchi e figli,2025-08-27,26,35.29,917.54,Pendiente
O-004340,BR-00288,P-031898,PR-00374,Toscanini-Montecchi e figli,2025-07-02,44,126.78,5578.32,Pendiente
O-004341,BR-00288,P-031904,PR-00376,Doglioni-Pigafetta s.r.l.,2025-08-02,48,96.16,4615.68,En tránsito
O-004342,BR-00288,P-031906,PR-00376,Doglioni-Pigafetta s.r.l.,2025-07-17,45,65.7,2956.5,Pendiente
O-004343,BR-00288,P-031918,PR-00363,Segrè e figli,2025-08-24,35,116.07,4062.45,En tránsito
O-004344,BR-00288,P-031924,PR-01470,Beccheria s.r.l.,2025-08-26,46,79.4,3652.4,En tránsito
O-004345,BR-00288,P-031937,PR-00336,"Mazzeo, Giolitti e Modigliani e figli",2025-08-01,43,111.36,4788.48,Pendiente
O-004346,BR-00288,P-031938,PR-00336,"Mazzeo, Giolitti e Modigliani e figli",2025-08-09,33,87.8,2897.4,Pendiente
O-004347,BR-00288,P-031939,PR-00336,"Mazzeo, Giolitti e Modigliani e figli",2025-08-01,30,21.38,641.4,En tránsito
O-004348,BR-00288,P-031948,PR-00339,"Gozzano, Baresi e Barcella SPA",2025-08-04,87,41.21,3585.27,En tránsito
O-004349,BR-00288,P-031951,PR-00340,"Lancisi, Trevisan e Beccaria s.r.l.",2025-07-04,72,64.33,4631.76,Pendiente
O-004350,BR-00288,P-031970,PR-00344,"Moresi, Dandolo e Lippomano SPA",2025-08-27,46,6.12,281.52,Pendiente
O-004351,BR-00289,P-031976,PR-00615,"Letta, Volterra e Vespucci s.r.l.",2025-08-14,53,48.26,2557.78,Recibido
O-004352,BR-00289,P-031988,PR-01201,Cremonesi-Faranda SPA,2025-07-26,28,132.84,3719.52,En tránsito
O-004353,BR-00289,P-031992,PR-00376,Doglioni-Pigafetta s.r.l.,2025-08-13,66,97.43,6430.38,En tránsito
O-004354,BR-00289,P-032000,PR-00363,Segrè e figli,2025-07-12,86,3.62,311.32,Pendiente
O-004355,BR-00289,P-032001,PR-00363,Segrè e figli,2025-07-17,40,34.31,1372.4,En tránsito
O-004356,BR-00289,P-032018,PR-00335,"Scamarcio, Cappelli e Chiaramonte e figli",2025-08-15,67,28.91,1936.97,En tránsito
O-004357,BR-00289,P-032033,PR-00337,Ravaglioli e figli,2025-07-01,36,50.35,1812.6,En tránsito
O-004358,BR-00289,P-032034,PR-01172,Cignaroli e figli,2025-07-17,31,107.64,3336.84,En tránsito
O-004359,BR-00289,P-032038,PR-00338,Malatesta-Comolli SPA,2025-08-03,72,84.67,6096.24,En tránsito
O-004360,BR-00289,P-032047,PR-01376,Stefanelli-Coppola e figli,2025-07-24,37,71.29,2637.73,Pendiente
O-004361,BR-00289,P-032049,PR-01417,Curatoli-Venturi Group,2025-07-26,33,35.49,1171.17,Recibido
O-004362,BR-00289,P-032051,PR-00341,"Disdero, Platini e Garrone SPA",2025-07-31,25,84.54,2113.5,Pendiente
O-004363,BR-00289,P-032055,PR-00864,"Tarantino, Cocci e Foà e figli",2025-06-30,28,100.92,2825.76,Pendiente
O-004364,BR-00289,P-032065,PR-00344,"Moresi, Dandolo e Lippomano SPA",2025-07-30,61,14.05,857.05,En tránsito
O-004365,BR-00290,P-032075,PR-00372,"Scaramucci, Fischetti e Scalfaro Group",2025-08-23,57,139.76,7966.32,En tránsito
O-004366,BR-00290,P-032081,PR-00374,Toscanini-Montecchi e figli,2025-07-12,25,14.39,359.75,En tránsito
O-004367,BR-00290,P-032082,PR-00374,Toscanini-Montecchi e figli,2025-08-23,22,20.41,449.02,En tránsito
O-004368,BR-00290,P-032115,PR-00845,Bragaglia-Opizzi SPA,2025-07-13,50,77.66,3883.0,Pendiente
O-004369,BR-00290,P-032118,PR-00335,"Scamarcio, Cappelli e Chiaramonte e figli",2025-07-05,31,146.52,4542.12,Recibido
O-004370,BR-00290,P-032145,PR-00341,"Disdero, Platini e Garrone SPA",2025-07-03,69,76.74,5295.06,Pendiente
O-004371,BR-00290,P-032148,PR-00341,"Disdero, Platini e Garrone SPA",2025-07-04,53,145.15,7692.95,En tránsito
O-004372,BR-00290,P-032149,PR-00800,Vidoni-Pietrangeli SPA,2025-07-16,73,99.7,7278.1,Recibido
O-004373,BR-00290,P-032152,PR-01291,Beffa Group,2025-07-07,45,70.81,3186.45,Recibido
O-004374,BR-00290,P-032156,PR-00343,Bulzoni-Tagliafierro s.r.l.,2025-07-09,87,6.82,593.34,En tránsito
O-004375,BR-00290,P-032161,PR-00344,"Moresi, Dandolo e Lippomano SPA",2025-07-24,44,126.77,5577.88,Recibido
O-004376,BR-00291,P-032173,PR-00374,Toscanini-Montecchi e figli,2025-08-06,94,96.95,9113.3,En tránsito
O-004377,BR-00291,P-032176,PR-00374,Toscanini-Montecchi e figli,2025-08-08,47,54.33,2553.51,En tránsito
O-004378,BR-00291,P-032177,PR-00374,Toscanini-Montecchi e figli,2025-08-13,60,125.38,7522.8,Recibido
O-004379,BR-00291,P-032184,PR-00376,Doglioni-Pigafetta s.r.l.,2025-07-07,67,122.25,8190.75,En tránsito
O-004380,BR-00291,P-032196,PR-00363,Segrè e figli,2025-08-09,44,131.87,5802.28,Pendiente
O-004381,BR-00291,P-032204,PR-00365,Balbo Group,2025-07-19,29,12.32,357.28,Recibido
O-004382,BR-00291,P-032212,PR-00932,Leopardi-Fermi Group,2025-07-27,66,146.51,9669.66,En tránsito
O-004383,BR-00291,P-032213,PR-00932,Leopardi-Fermi Group,2025-08-24,62,119.21,7391.02,Pendiente
O-004384,BR-00291,P-032215,PR-00336,"Mazzeo, Giolitti e Modigliani e figli",2025-07-30,43,88.68,3813.24,En tránsito
O-004385,BR-00291,P-032220,PR-00876,Giannuzzi SPA,2025-07-29,88,104.59,9203.92,Pendiente
O-004386,BR-00291,P-032221,PR-00876,Giannuzzi SPA,2025-07-05,41,71.03,2912.23,En tránsito
O-004387,BR-00291,P-032224,PR-00806,"Bernetti, Saffi e Pepe e figli",2025-07-14,36,144.65,5207.4,Recibido
O-004388,BR-00291,P-032226,PR-00806,"Bernetti, Saffi e Pepe e figli",2025-08-26,78,113.85,8880.3,En tránsito
O-004389,BR-00291,P-032233,PR-01376,Stefanelli-Coppola e figli,2025-08-05,88,40.22,3539.36,Recibido
O-004390,BR-00291,P-032246,PR-00800,Vidoni-Pietrangeli SPA,2025-07-04,64,66.52,4257.28,En tránsito
O-004391,BR-00291,P-032247,PR-00342,Respighi-Bassi SPA,2025-08-04,65,112.05,7283.25,En tránsito
O-004392,BR-00292,P-032269,PR-00615,"Letta, Volterra e Vespucci s.r.l.",2025-07-17,42,21.92,920.64,En tránsito
O-004393,BR-00292,P-032275,PR-00374,Toscanini-Montecchi e figli,2025-08-22,38,5.16,196.08,Pendiente
O-004394,BR-00292,P-032276,PR-00374,Toscanini-Montecchi e figli,2025-08-08,24,34.34,824.16,Recibido
O-004395,BR-00292,P-032309,PR-00365,Balbo Group,2025-07-08,69,83.35,5751.15,Pendiente
O-004396,BR-00292,P-032323,PR-00932,Leopardi-Fermi Group,2025-07-03,66,149.39,9859.74,Pendiente
O-004397,BR-00292,P-032327,PR-00336,"Mazzeo, Giolitti e Modigliani e figli",2025-07-29,38,127.74,4854.12,Recibido
O-004398,BR-00292,P-032328,PR-00657,Venier SPA,2025-08-19,45,63.52,2858.4,En tránsito
O-004399,BR-00292,P-032330,PR-00876,Giannuzzi SPA,2025-08-28,85,103.0,8755.0,Recibido
O-004400,BR-00292,P-032345,PR-01376,Stefanelli-Coppola e figli,2025-08-14,55,132.64,7295.2,Pendiente
O-004401,BR-00293,P-032351,PR-00615,"Letta, Volterra e Vespucci s.r.l.",2025-08-06,82,58.46,4793.72,Recibido
O-004402,BR-00293,P-032367,PR-00376,Doglioni-Pigafetta s.r.l.,2025-08-15,30,62.45,1873.5,Recibido
O-004403,BR-00293,P-032369,PR-00376,Doglioni-Pigafetta s.r.l.,2025-07-02,58,129.56,7514.48,Pendiente
O-004404,BR-00293,P-032379,PR-00363,Segrè e figli,2025-08-11,61,95.53,5827.33,Recibido
O-004405,BR-00293,P-032380,PR-00363,Segrè e figli,2025-07-08,57,79.25,4517.25,Pendiente
O-004406,BR-00293,P-032383,PR-01151,Perozzo-Iacobucci Group,2025-08-04,99,57.13,5655.87,En tránsito
O-004407,BR-00293,P-032398,PR-00845,Bragaglia-Opizzi SPA,2025-07-23,61,111.34,6791.74,En tránsito
O-004408,BR-00293,P-032399,PR-00927,Curiel-Boccherini Group,2025-08-22,29,105.54,3060.66,Recibido
O-004409,BR-00293,P-032400,PR-00335,"Scamarcio, Cappelli e Chiaramonte e figli",2025-08-22,26,92.82,2413.32,En tránsito
O-004410,BR-00293,P-032403,PR-00932,Leopardi-Fermi Group,2025-08-06,43,63.58,2733.94,Recibido
O-004411,BR-00293,P-032416,PR-00806,"Bernetti, Saffi e Pepe e figli",2025-07-08,39,79.53,3101.67,Recibido
O-004412,BR-00294,P-032427,PR-00372,"Scaramucci, Fischetti e Scalfaro Group",2025-08-02,42,114.1,4792.2,Pendiente
O-004413,BR-00294,P-032430,PR-00372,"Scaramucci, Fischetti e Scalfaro Group",2025-08-10,43,110.29,4742.47,Pendiente
O-004414,BR-00294,P-032431,PR-00615,"Letta, Volterra e Vespucci s.r.l.",2025-07-07,37,57.93,2143.41,En tránsito
O-004415,BR-00294,P-032439,PR-01257,"Albertini, Antonacci e Colletti Group",2025-07-04,55,13.43,738.65,Pendiente
O-004416,BR-00294,P-032443,PR-00376,Doglioni-Pigafetta s.r.l.,2025-06-30,38,58.03,2205.14,Recibido
O-004417,BR-00294,P-032447,PR-00362,"Togliatti, Gatto e Sauli Group",2025-08-21,76,117.5,8930.0,Pendiente
O-004418,BR-00294,P-032458,PR-00364,Pagliaro-Magnani s.r.l.,2025-08-20,84,39.57,3323.88,Recibido
O-004419,BR-00294,P-032466,PR-00927,Curiel-Boccherini Group,2025-07-14,60,80.44,4826.4,Pendiente
O-004420,BR-00294,P-032474,PR-00932,Leopardi-Fermi Group,2025-08-10,82,30.31,2485.42,En tránsito
O-004421,BR-00294,P-032482,PR-00657,Venier SPA,2025-08-15,80,113.08,9046.4,Pendiente
O-004422,BR-00294,P-032485,PR-00876,Giannuzzi SPA,2025-08-24,71,145.21,10309.91,Recibido
O-004423,BR-00294,P-032493,PR-00339,"Gozzano, Baresi e Barcella SPA",2025-07-11,46,75.87,3490.02,En tránsito
O-004424,BR-00294,P-032494,PR-01376,Stefanelli-Coppola e figli,2025-07-27,22,45.66,1004.52,Pendiente
O-004425,BR-00294,P-032496,PR-00339,"Gozzano, Baresi e Barcella SPA",2025-07-17,96,58.74,5639.04,En tránsito
O-004426,BR-00295,P-032505,PR-00373,"Murri, Alfonsi e Canali SPA",2025-07-25,36,58.02,2088.72,Recibido
O-004427,BR-00295,P-032511,PR-01485,Carullo-Montanelli SPA,2025-07-03,96,89.7,8611.2,Pendiente
O-004428,BR-00295,P-032519,PR-00376,Doglioni-Pigafetta s.r.l.,2025-07-13,23,67.26,1546.98,Recibido
O-004429,BR-00295,P-032523,PR-00362,"Togliatti, Gatto e Sauli Group",2025-08-21,56,121.87,6824.72,Recibido
O-004430,BR-00295,P-032527,PR-00363,Segrè e figli,2025-08-12,57,117.24,6682.68,Pendiente
O-004431,BR-00295,P-032529,PR-00363,Segrè e figli,2025-07-12,38,116.47,4425.86,Recibido
O-004432,BR-00295,P-032530,PR-00364,Pagliaro-Magnani s.r.l.,2025-08-06,88,70.4,6195.2,Pendiente
O-004433,BR-00295,P-032546,PR-00845,Bragaglia-Opizzi SPA,2025-08-11,40,62.62,2504.8,Recibido
O-004434,BR-00295,P-032549,PR-00335,"Scamarcio, Cappelli e Chiaramonte e figli",2025-07-29,46,123.2,5667.2,Pendiente
O-004435,BR-00295,P-032551,PR-00932,Leopardi-Fermi Group,2025-07-19,75,104.33,7824.75,Recibido
O-004436,BR-00295,P-032554,PR-00657,Venier SPA,2025-07-25,22,2.65,58.3,En tránsito
O-004437,BR-00296,P-032575,PR-00373,"Murri, Alfonsi e Canali SPA",2025-07-18,23,45.02,1035.46,Recibido
O-004438,BR-00296,P-032576,PR-00615,"Letta, Volterra e Vespucci s.r.l.",2025-08-13,99,4.73,468.27,En tránsito
O-004439,BR-00296,P-032581,PR-00374,Toscanini-Montecchi e figli,2025-08-20,98,91.02,8919.96,En tránsito
O-004440,BR-00296,P-032584,PR-01485,Carullo-Montanelli SPA,2025-08-05,74,48.97,3623.78,Pendiente
O-004441,BR-00296,P-032589,PR-00376,Doglioni-Pigafetta s.r.l.,2025-06-30,63,126.23,7952.49,En tránsito
O-004442,BR-00296,P-032614,PR-00845,Bragaglia-Opizzi SPA,2025-07-02,34,81.0,2754.0,En tránsito
O-004443,BR-00296,P-032618,PR-00932,Leopardi-Fermi Group,2025-08-14,87,142.22,12373.14,Pendiente
O-004444,BR-00296,P-032626,PR-00337,Ravaglioli e figli,2025-07-02,33,11.91,393.03,En tránsito
O-004445,BR-00297,P-032653,PR-01485,Carullo-Montanelli SPA,2025-07-22,28,104.94,2938.32,Pendiente
O-004446,BR-00297,P-032657,PR-00376,Doglioni-Pigafetta s.r.l.,2025-07-08,77,87.08,6705.16,En tránsito
O-004447,BR-00297,P-032659,PR-00376,Doglioni-Pigafetta s.r.l.,2025-08-19,23,83.76,1926.48,En tránsito
O-004448,BR-00297,P-032677,PR-01151,Perozzo-Iacobucci Group,2025-08-04,95,95.42,9064.9,Recibido
O-004449,BR-00297,P-032684,PR-00927,Curiel-Boccherini Group,2025-07-21,54,97.46,5262.84,Pendiente
O-004450,BR-00297,P-032692,PR-00657,Venier SPA,2025-07-04,33,107.85,3559.05,Pendiente
O-004451,BR-00297,P-032698,PR-01172,Cignaroli e figli,2025-08-07,49,148.63,7282.87,En tránsito
O-004452,BR-00297,P-032700,PR-01172,Cignaroli e figli,2025-08-19,20,52.11,1042.2,En tránsito
O-004453,BR-00297,P-032708,PR-01376,Stefanelli-Coppola e figli,2025-07-08,33,106.43,3512.19,Pendiente
O-004454,BR-00298,P-032716,PR-00373,"Murri, Alfonsi e Canali SPA",2025-07-31,29,36.16,1048.64,Pendiente
O-004455,BR-00298,P-032728,PR-00376,Doglioni-Pigafetta s.r.l.,2025-07-22,83,48.24,4003.92,Recibido
O-004456,BR-00298,P-032733,PR-00362,"Togliatti, Gatto e Sauli Group",2025-08-18,22,135.39,2978.58,En tránsito
O-004457,BR-00298,P-032737,PR-00362,"Togliatti, Gatto e Sauli Group",2025-08-23,54,108.96,5883.84,Pendiente
O-004458,BR-00298,P-032742,PR-00363,Segrè e figli,2025-08-21,98,98.52,9654.96,Pendiente
O-004459,BR-00298,P-032746,PR-01001,Ricciardi e figli,2025-08-18,28,68.73,1924.44,En tránsito
O-004460,BR-00298,P-032754,PR-00365,Balbo Group,2025-07-30,28,130.45,3652.6,En tránsito
O-004461,BR-00298,P-032762,PR-00932,Leopardi-Fermi Group,2025-07-31,63,31.09,1958.67,En tránsito
O-004462,BR-00299,P-032788,PR-01276,Turrini e figli,2025-08-05,85,148.7,12639.5,En tránsito
O-004463,BR-00299,P-032795,PR-00374,Toscanini-Montecchi e figli,2025-08-18,31,63.07,1955.17,Pendiente
O-004464,BR-00299,P-032824,PR-00364,Pagliaro-Magnani s.r.l.,2025-08-09,60,92.82,5569.2,Pendiente
O-004465,BR-00299,P-032828,PR-00903,Tropea-Trillini SPA,2025-08-04,92,15.49,1425.08,Pendiente
O-004466,BR-00299,P-032853,PR-00337,Ravaglioli e figli,2025-08-22,20,141.26,2825.2,Pendiente
O-004467,BR-00299,P-032860,PR-01376,Stefanelli-Coppola e figli,2025-06-30,86,25.3,2175.8,Recibido
O-004468,BR-00300,P-032872,PR-00615,"Letta, Volterra e Vespucci s.r.l.",2025-08-24,55,10.61,583.55,Pendiente
O-004469,BR-00300,P-032878,PR-00374,Toscanini-Montecchi e figli,2025-07-29,59,6.05,356.95,Pendiente
O-004470,BR-00300,P-032884,PR-00376,Doglioni-Pigafetta s.r.l.,2025-07-02,22,83.67,1840.74,Pendiente
O-004471,BR-00300,P-032897,PR-01001,Ricciardi e figli,2025-07-30,73,106.38,7765.74,En tránsito
O-004472,BR-00300,P-032898,PR-01151,Perozzo-Iacobucci Group,2025-08-22,27,52.32,1412.64,Pendiente
O-004473,BR-00300,P-032899,PR-01001,Ricciardi e figli,2025-08-07,67,68.69,4602.23,En tránsito
O-004474,BR-00300,P-032904,PR-00365,Balbo Group,2025-08-14,51,16.07,819.57,Recibido
O-004475,BR-00300,P-032910,PR-00665,Gentilini s.r.l.,2025-07-21,82,88.87,7287.34,En tránsito
O-004476,BR-00300,P-032911,PR-00335,"Scamarcio, Cappelli e Chiaramonte e figli",2025-07-24,37,41.23,1525.51,En tránsito
O-004477,BR-00300,P-032913,PR-00932,Leopardi-Fermi Group,2025-08-02,64,77.07,4932.48,Recibido
O-004478,BR-00300,P-032921,PR-00336,"Mazzeo, Giolitti e Modigliani e figli",2025-07-30,78,107.85,8412.3,Recibido
O-004479,BR-00300,P-032923,PR-00337,Ravaglioli e figli,2025-07-14,43,103.29,4441.47,Recibido
O-004480,BR-00300,P-032933,PR-01172,Cignaroli e figli,2025-08-05,86,2.9,249.4,Recibido
O-004481,BR-00301,P-032939,PR-00372,"Scaramucci, Fischetti e Scalfaro Group",2025-07-30,92,20.56,1891.52,En tránsito
O-004482,BR-00301,P-032944,PR-00373,"Murri, Alfonsi e Canali SPA",2025-08-14,34,49.29,1675.86,Recibido
O-004483,BR-00301,P-032960,PR-00376,Doglioni-Pigafetta s.r.l.,2025-07-30,54,8.52,460.08,En tránsito
O-004484,BR-00301,P-032964,PR-00376,Doglioni-Pigafetta s.r.l.,2025-08-17,65,38.25,2486.25,Recibido
O-004485,BR-00301,P-032969,PR-00362,"Togliatti, Gatto e Sauli Group",2025-07-05,96,60.42,5800.32,Pendiente
O-004486,BR-00301,P-032979,PR-01001,Ricciardi e figli,2025-07-02,24,6.73,161.52,Pendiente
O-004487,BR-00301,P-032984,PR-00365,Balbo Group,2025-07-25,67,134.94,9040.98,Recibido
O-004488,BR-00301,P-032986,PR-00365,Balbo Group,2025-07-01,89,28.43,2530.27,Recibido
O-004489,BR-00301,P-032990,PR-00366,Pistoletto s.r.l.,2025-07-06,93,23.55,2190.15,En tránsito
O-004490,BR-00301,P-033003,PR-00336,"Mazzeo, Giolitti e Modigliani e figli",2025-08-07,26,18.91,491.66,Pendiente
O-004491,BR-00301,P-033009,PR-01172,Cignaroli e figli,2025-08-17,71,89.71,6369.41,Pendiente
O-004492,BR-00301,P-033010,PR-00806,"Bernetti, Saffi e Pepe e figli",2025-07-21,53,19.53,1035.09,Pendiente
O-004493,BR-00302,P-033041,PR-00376,Doglioni-Pigafetta s.r.l.,2025-08-23,80,148.22,11857.6,En tránsito
O-004494,BR-00302,P-033055,PR-00363,Segrè e figli,2025-07-12,89,35.93,3197.77,Recibido
O-004495,BR-00302,P-033057,PR-00364,Pagliaro-Magnani s.r.l.,2025-07-21,93,143.58,13352.94,Recibido
O-004496,BR-00302,P-033058,PR-00364,Pagliaro-Magnani s.r.l.,2025-08-27,85,90.58,7699.3,Recibido
O-004497,BR-00302,P-033073,PR-00657,Venier SPA,2025-08-22,52,35.52,1847.04,Pendiente
O-004498,BR-00303,P-033097,PR-00373,"Murri, Alfonsi e Canali SPA",2025-07-01,53,67.47,3575.91,En tránsito
O-004499,BR-00303,P-033101,PR-00374,Toscanini-Montecchi e figli,2025-08-20,59,115.4,6808.6,Pendiente
O-004500,BR-00303,P-033104,PR-00374,Toscanini-Montecchi e figli,2025-07-09,95,119.57,11359.15,En tránsito
O-004501,BR-00303,P-033113,PR-00376,Doglioni-Pigafetta s.r.l.,2025-07-05,22,109.99,2419.78,Pendiente
O-004502,BR-00303,P-033114,PR-00376,Doglioni-Pigafetta s.r.l.,2025-08-01,48,59.95,2877.6,En tránsito
O-004503,BR-00303,P-033121,PR-00363,Segrè e figli,2025-08-12,85,130.01,11050.85,Pendiente
O-004504,BR-00303,P-033134,PR-00903,Tropea-Trillini SPA,2025-08-16,90,57.08,5137.2,Pendiente
O-004505,BR-00303,P-033138,PR-00845,Bragaglia-Opizzi SPA,2025-07-16,65,130.97,8513.05,Recibido
O-004506,BR-00303,P-033140,PR-00665,Gentilini s.r.l.,2025-07-11,38,97.23,3694.74,Recibido
O-004507,BR-00303,P-033148,PR-00336,"Mazzeo, Giolitti e Modigliani e figli",2025-08-01,35,149.15,5220.25,Recibido
O-004508,BR-00303,P-033151,PR-00337,Ravaglioli e figli,2025-08-16,41,25.21,1033.61,Pendiente
O-004509,BR-00304,P-033169,PR-01276,Turrini e figli,2025-06-30,58,113.42,6578.36,Pendiente
O-004510,BR-00304,P-033170,PR-01276,Turrini e figli,2025-07-06,29,13.52,392.08,Recibido
O-004511,BR-00304,P-033171,PR-01276,Turrini e figli,2025-07-18,99,51.66,5114.34,Pendiente
O-004512,BR-00304,P-033179,PR-00615,"Letta, Volterra e Vespucci s.r.l.",2025-08-03,87,16.85,1465.95,En tránsito
O-004513,BR-00304,P-033185,PR-00374,Toscanini-Montecchi e figli,2025-06-30,47,35.76,1680.72,En tránsito
O-004514,BR-00304,P-033203,PR-01151,Perozzo-Iacobucci Group,2025-07-25,44,103.15,4538.6,Recibido
O-004515,BR-00304,P-033204,PR-01001,Ricciardi e figli,2025-08-15,70,128.62,9003.4,Pendiente
O-004516,BR-00304,P-033208,PR-01001,Ricciardi e figli,2025-07-12,99,55.84,5528.16,En tránsito
O-004517,BR-00304,P-033213,PR-00365,Balbo Group,2025-08-03,72,38.39,2764.08,Recibido
O-004518,BR-00304,P-033220,PR-00335,"Scamarcio, Cappelli e Chiaramonte e figli",2025-07-07,78,13.81,1077.18,Recibido
O-004519,BR-00304,P-033235,PR-00339,"Gozzano, Baresi e Barcella SPA",2025-06-30,92,23.97,2205.24,Recibido
O-004520,BR-00305,P-033241,PR-00419,Seifert Trommler GmbH,2025-07-29,84,54.32,4562.88,Pendiente
O-004521,BR-00305,P-033242,PR-00419,Seifert Trommler GmbH,2025-07-20,63,135.75,8552.25,En tránsito
O-004522,BR-00305,P-033252,PR-00422,Steuer,2025-08-27,72,108.06,7780.32,En tránsito
O-004523,BR-00305,P-033253,PR-00422,Steuer,2025-08-12,62,57.32,3553.84,Pendiente
O-004524,BR-00305,P-033254,PR-01065,Jüttner,2025-08-12,25,25.73,643.25,Recibido
O-004525,BR-00305,P-033265,PR-00409,Sorgatz Schinke AG,2025-08-01,91,116.76,10625.16,Pendiente
O-004526,BR-00305,P-033271,PR-01300,Löchel,2025-06-30,65,59.56,3871.4,Recibido
O-004527,BR-00305,P-033275,PR-00704,Hartung,2025-07-08,81,137.02,11098.62,Pendiente
O-004528,BR-00305,P-033281,PR-01026,Schmiedecke KGaA,2025-07-31,69,84.46,5827.74,En tránsito
O-004529,BR-00305,P-033284,PR-01026,Schmiedecke KGaA,2025-07-20,27,140.18,3784.86,En tránsito
O-004530,BR-00305,P-033291,PR-00413,Mülichen e.V.,2025-08-21,53,145.27,7699.31,Pendiente
O-004531,BR-00305,P-033333,PR-00389,Wulff Sauer Stiftung & Co. KG,2025-07-20,52,12.73,661.96,En tránsito
O-004532,BR-00305,P-033335,PR-00390,Haering OHG mbH,2025-07-15,90,115.65,10408.5,Recibido
O-004533,BR-00305,P-033342,PR-00391,Mies Stiftung & Co. KGaA,2025-07-17,91,124.89,11364.99,En tránsito
O-004534,BR-00305,P-033346,PR-00415,Beer,2025-07-05,52,64.98,3378.96,En tránsito
O-004535,BR-00305,P-033347,PR-00415,Beer,2025-08-19,54,49.69,2683.26,Recibido
O-004536,BR-00305,P-033353,PR-00417,Blümel GbR,2025-08-26,60,90.91,5454.6,Recibido
O-004537,BR-00305,P-033356,PR-00417,Blümel GbR,2025-07-08,87,102.55,8921.85,En tránsito
O-004538,BR-00305,P-033359,PR-00417,Blümel GbR,2025-06-30,54,137.57,7428.78,Recibido
O-004539,BR-00305,P-033362,PR-00418,Lehmann Stadelmann AG & Co. OHG,2025-08-02,92,69.43,6387.56,En tránsito
O-004540,BR-00305,P-033368,PR-00392,Mälzer AG,2025-08-28,41,48.21,1976.61,En tránsito
O-004541,BR-00305,P-033370,PR-00392,Mälzer AG,2025-07-12,61,102.72,6265.92,Recibido
O-004542,BR-00305,P-033371,PR-00400,Langern Steinberg KG,2025-08-26,26,128.41,3338.66,Recibido
O-004543,BR-00305,P-033375,PR-00923,Jockel,2025-07-15,93,106.04,9861.72,Recibido
O-004544,BR-00305,P-033380,PR-00923,Jockel,2025-07-10,95,78.06,7415.7,En tránsito
O-004545,BR-00305,P-033402,PR-00380,Huhn Segebahn GmbH & Co. OHG,2025-08-16,34,139.23,4733.82,En tránsito
O-004546,BR-00305,P-033403,PR-00380,Huhn Segebahn GmbH & Co. OHG,2025-07-15,93,132.97,12366.21,Recibido
O-004547,BR-00305,P-033432,PR-00401,Ackermann GbR,2025-07-02,31,43.51,1348.81,Pendiente
O-004548,BR-00305,P-033434,PR-01477,Kohl,2025-07-24,31,107.6,3335.6,En tránsito
O-004549,BR-00305,P-033447,PR-00403,Reuter,2025-07-26,75,91.03,6827.25,Pendiente
O-004550,BR-00305,P-033449,PR-00404,Hermighausen,2025-07-27,98,12.25,1200.5,Recibido
O-004551,BR-00305,P-033452,PR-00404,Hermighausen,2025-07-05,40,16.51,660.4,Recibido
O-004552,BR-00305,P-033456,PR-00405,Radisch Adolph AG & Co. KG,2025-08-25,24,18.35,440.4,En tránsito
O-004553,BR-00305,P-033458,PR-00406,Schomber GmbH & Co. KGaA,2025-08-01,91,16.56,1506.96,Recibido
O-004554,BR-00305,P-033466,PR-00741,Hettner GmbH,2025-07-30,69,36.9,2546.1,Pendiente
O-004555,BR-00306,P-033491,PR-00422,Steuer,2025-07-23,20,94.42,1888.4,Pendiente
O-004556,BR-00306,P-033500,PR-00957,Textor GmbH & Co. KG,2025-07-22,34,113.55,3860.7,Recibido
O-004557,BR-00306,P-033502,PR-00957,Textor GmbH & Co. KG,2025-07-04,80,105.81,8464.8,Pendiente
O-004558,BR-00306,P-033504,PR-01300,Löchel,2025-07-15,22,75.01,1650.22,Pendiente
O-004559,BR-00306,P-033509,PR-00704,Hartung,2025-08-05,47,83.84,3940.48,Recibido
O-004560,BR-00306,P-033512,PR-00412,Bolander Bärer GmbH & Co. KG,2025-07-17,98,29.8,2920.4,Pendiente
O-004561,BR-00306,P-033516,PR-00413,Mülichen e.V.,2025-07-23,99,90.34,8943.66,Pendiente
O-004562,BR-00306,P-033520,PR-00955,Noack,2025-07-25,79,37.06,2927.74,En tránsito
O-004563,BR-00306,P-033530,PR-00854,Heuser Bähr OHG mbH,2025-07-27,94,19.73,1854.62,Recibido
O-004564,BR-00306,P-033539,PR-00387,Weiß Gunpf GmbH & Co. OHG,2025-08-03,89,149.12,13271.68,Recibido
O-004565,BR-00306,P-033541,PR-00387,Weiß Gunpf GmbH & Co. OHG,2025-07-05,49,75.16,3682.84,En tránsito
O-004566,BR-00306,P-033543,PR-00388,Steckel,2025-08-04,80,139.67,11173.6,En tránsito
O-004567,BR-00306,P-033545,PR-00389,Wulff Sauer Stiftung & Co. KG,2025-07-07,84,81.32,6830.88,Recibido
O-004568,BR-00306,P-033547,PR-00389,Wulff Sauer Stiftung & Co. KG,2025-07-19,78,48.87,3811.86,Pendiente
O-004569,BR-00306,P-033548,PR-00616,Bruder e.G.,2025-07-25,95,90.21,8569.95,En tránsito
O-004570,BR-00306,P-033556,PR-00391,Mies Stiftung & Co. KGaA,2025-07-26,96,27.59,2648.64,En tránsito
O-004571,BR-00306,P-033563,PR-01332,Schmiedt,2025-07-26,21,22.7,476.7,Recibido
O-004572,BR-00306,P-033564,PR-01332,Schmiedt,2025-07-24,42,120.12,5045.04,Pendiente
O-004573,BR-00306,P-033571,PR-00415,Beer,2025-08-09,61,24.04,1466.44,En tránsito
O-004574,BR-00306,P-033575,PR-00787,Trubin e.V.,2025-08-05,27,76.76,2072.52,Pendiente
O-004575,BR-00306,P-033577,PR-00416,Patberg Geißler GbR,2025-08-06,90,98.82,8893.8,En tránsito
O-004576,BR-00306,P-033578,PR-00416,Patberg Geißler GbR,2025-07-22,22,25.93,570.46,Recibido
O-004577,BR-00306,P-033579,PR-00417,Blümel GbR,2025-07-31,61,81.38,4964.18,En tránsito
O-004578,BR-00306,P-033583,PR-00417,Blümel GbR,2025-07-02,55,64.61,3553.55,Pendiente
O-004579,BR-00306,P-033585,PR-00418,Lehmann Stadelmann AG & Co. OHG,2025-07-07,42,100.84,4235.28,Recibido
O-004580,BR-00306,P-033587,PR-00418,Lehmann Stadelmann AG & Co. OHG,2025-08-01,88,27.95,2459.6,En tránsito
O-004581,BR-00306,P-033595,PR-01148,Reinhardt GbR,2025-08-16,31,21.27,659.37,Pendiente
O-004582,BR-00306,P-033614,PR-00631,Sauer,2025-07-26,64,27.48,1758.72,Pendiente
O-004583,BR-00306,P-033618,PR-01319,Reinhardt,2025-07-09,74,85.2,6304.8,Pendiente
O-004584,BR-00306,P-033621,PR-00378,Losekann Gieß AG,2025-08-04,66,134.0,8844.0,En tránsito
O-004585,BR-00306,P-033626,PR-00379,Bloch Bolander AG,2025-07-15,95,113.49,10781.55,En tránsito
O-004586,BR-00306,P-033627,PR-00379,Bloch Bolander AG,2025-07-19,35,57.95,2028.25,Pendiente
O-004587,BR-00306,P-033634,PR-00670,Karz,2025-07-19,31,2.8,86.8,Recibido
O-004588,BR-00306,P-033639,PR-01416,Täsche Heuser GmbH,2025-08-11,50,60.46,3023.0,Pendiente
O-004589,BR-00306,P-033642,PR-00397,Gutknecht Grein Groth AG & Co. OHG,2025-08-24,92,67.09,6172.28,En tránsito
O-004590,BR-00306,P-033655,PR-00399,Ullmann AG & Co. KG,2025-07-06,86,59.96,5156.56,En tránsito
O-004591,BR-00306,P-033667,PR-01477,Kohl,2025-07-23,100,149.69,14969.0,En tránsito
O-004592,BR-00306,P-033684,PR-00406,Schomber GmbH & Co. KGaA,2025-07-01,23,37.82,869.86,En tránsito
O-004593,BR-00306,P-033685,PR-00406,Schomber GmbH & Co. KGaA,2025-08-06,93,74.23,6903.39,Pendiente
O-004594,BR-00306,P-033686,PR-00406,Schomber GmbH & Co. KGaA,2025-07-23,26,116.1,3018.6,Recibido
O-004595,BR-00306,P-033692,PR-00741,Hettner GmbH,2025-08-17,73,81.49,5948.77,Pendiente
O-004596,BR-00306,P-033693,PR-00408,Gröttner Jacobi Jäckel AG & Co. OHG,2025-07-05,94,74.35,6988.9,Recibido
O-004597,BR-00306,P-033697,PR-01303,Bohnbach Austermühle Stiftung & Co. KG,2025-07-05,99,71.99,7127.01,Recibido
O-004598,BR-00307,P-033701,PR-00419,Seifert Trommler GmbH,2025-08-05,100,117.79,11779.0,En tránsito
O-004599,BR-00307,P-033702,PR-00419,Seifert Trommler GmbH,2025-06-30,81,97.04,7860.24,Pendiente
O-004600,BR-00307,P-033705,PR-01339,Junck Döhn AG,2025-07-17,99,135.51,13415.49,Pendiente
O-004601,BR-00307,P-033707,PR-00420,Hartmann Pruschke KGaA,2025-07-03,26,18.83,489.58,En tránsito
O-004602,BR-00307,P-033716,PR-00422,Steuer,2025-08-11,55,90.75,4991.25,En tránsito
O-004603,BR-00307,P-033750,PR-00413,Mülichen e.V.,2025-08-19,30,42.95,1288.5,Pendiente
O-004604,BR-00307,P-033759,PR-00382,Fischer GbR,2025-07-06,30,97.12,2913.6,Pendiente
O-004605,BR-00307,P-033762,PR-00383,Kraushaar GbR,2025-07-07,27,139.3,3761.1,Recibido
O-004606,BR-00307,P-033780,PR-00387,Weiß Gunpf GmbH & Co. OHG,2025-07-30,86,86.8,7464.8,Pendiente
O-004607,BR-00307,P-033782,PR-00387,Weiß Gunpf GmbH & Co. OHG,2025-08-19,82,5.84,478.88,Recibido
O-004608,BR-00307,P-033789,PR-00799,Fröhlich GmbH,2025-08-06,77,145.57,11208.89,En tránsito
O-004609,BR-00307,P-033791,PR-01500,Neuschäfer Otto GmbH & Co. OHG,2025-08-21,82,109.79,9002.78,Recibido
O-004610,BR-00307,P-033800,PR-00391,Mies Stiftung & Co. KGaA,2025-07-11,38,94.75,3600.5,Recibido
O-004611,BR-00307,P-033814,PR-00416,Patberg Geißler GbR,2025-07-25,54,85.36,4609.44,Pendiente
O-004612,BR-00307,P-033819,PR-00416,Patberg Geißler GbR,2025-07-13,47,27.38,1286.86,Pendiente
O-004613,BR-00307,P-033820,PR-00417,Blümel GbR,2025-07-22,55,70.74,3890.7,En tránsito
O-004614,BR-00307,P-033835,PR-01148,Reinhardt GbR,2025-08-23,93,122.82,11422.26,Recibido
O-004615,BR-00307,P-033851,PR-00396,Gehringer Heser GmbH,2025-07-02,64,68.05,4355.2,Pendiente
O-004616,BR-00307,P-033853,PR-00711,Neuschäfer GmbH & Co. KGaA,2025-08-05,77,13.25,1020.25,Pendiente
O-004617,BR-00308,P-033860,PR-00419,Seifert Trommler GmbH,2025-07-11,27,90.66,2447.82,En tránsito
O-004618,BR-00308,P-033878,PR-00409,Sorgatz Schinke AG,2025-08-06,73,113.51,8286.23,Recibido
O-004619,BR-00308,P-033881,PR-00957,Textor GmbH & Co. KG,2025-07-06,68,147.62,10038.16,En tránsito
O-004620,BR-00308,P-033891,PR-00704,Hartung,2025-08-12,88,51.87,4564.56,En tránsito
O-004621,BR-00308,P-033893,PR-01169,Hövel,2025-07-04,77,24.68,1900.36,En tránsito
O-004622,BR-00308,P-033898,PR-00413,Mülichen e.V.,2025-07-04,97,72.92,7073.24,En tránsito
O-004623,BR-00308,P-033911,PR-00925,Schleich,2025-08-27,26,38.08,990.08,En tránsito
O-004624,BR-00308,P-033937,PR-00387,Weiß Gunpf GmbH & Co. OHG,2025-08-19,98,96.32,9439.36,Pendiente
O-004625,BR-00308,P-033942,PR-01247,Caspar KG,2025-07-07,78,72.64,5665.92,En tránsito
O-004626,BR-00308,P-033943,PR-01389,Hein Klemm AG & Co. OHG,2025-07-13,32,54.97,1759.04,En tránsito
O-004627,BR-00308,P-033950,PR-00390,Haering OHG mbH,2025-07-13,22,44.76,984.72,En tránsito
O-004628,BR-00308,P-033957,PR-01332,Schmiedt,2025-07-15,48,53.11,2549.28,En tránsito
O-004629,BR-00308,P-033966,PR-00416,Patberg Geißler GbR,2025-07-24,59,18.75,1106.25,Pendiente
O-004630,BR-00308,P-033975,PR-00418,Lehmann Stadelmann AG & Co. OHG,2025-08-19,62,42.2,2616.4,En tránsito
O-004631,BR-00308,P-033976,PR-00392,Mälzer AG,2025-07-04,27,25.12,678.24,Pendiente
O-004632,BR-00308,P-033980,PR-00392,Mälzer AG,2025-07-07,73,134.91,9848.43,Pendiente
O-004633,BR-00308,P-033989,PR-00923,Jockel,2025-07-28,54,75.69,4087.26,En tránsito
O-004634,BR-00308,P-033993,PR-00774,Rohleder AG & Co. KGaA,2025-07-16,84,33.59,2821.56,En tránsito
O-004635,BR-00308,P-033994,PR-01401,Stiffel GmbH,2025-07-27,43,141.55,6086.65,Pendiente
O-004636,BR-00308,P-033998,PR-00711,Neuschäfer GmbH & Co. KGaA,2025-07-26,94,128.34,12063.96,Pendiente
O-004637,BR-00308,P-033999,PR-00396,Gehringer Heser GmbH,2025-07-21,27,50.73,1369.71,En tránsito
O-004638,BR-00309,P-034001,PR-00419,Seifert Trommler GmbH,2025-08-03,85,149.02,12666.7,En tránsito
O-004639,BR-00309,P-034003,PR-00419,Seifert Trommler GmbH,2025-08-01,63,28.26,1780.38,En tránsito
O-004640,BR-00309,P-034004,PR-00419,Seifert Trommler GmbH,2025-07-13,40,5.87,234.8,Recibido
O-004641,BR-00309,P-034008,PR-00420,Hartmann Pruschke KGaA,2025-08-03,52,7.56,393.12,Recibido
O-004642,BR-00309,P-034010,PR-00420,Hartmann Pruschke KGaA,2025-07-27,71,56.31,3998.01,En tránsito
O-004643,BR-00309,P-034012,PR-00421,Finke,2025-07-04,66,5.35,353.1,En tránsito
O-004644,BR-00309,P-034022,PR-01495,Spieß,2025-08-07,76,91.9,6984.4,Pendiente
O-004645,BR-00309,P-034024,PR-00423,Säuberlich GmbH & Co. OHG,2025-07-15,94,126.56,11896.64,Recibido
O-004646,BR-00309,P-034026,PR-00409,Sorgatz Schinke AG,2025-08-17,92,108.31,9964.52,Recibido
O-004647,BR-00309,P-034039,PR-00704,Hartung,2025-08-20,93,131.87,12263.91,Recibido
O-004648,BR-00309,P-034041,PR-00412,Bolander Bärer GmbH & Co. KG,2025-08-22,96,22.59,2168.64,En tránsito
O-004649,BR-00309,P-034060,PR-00383,Kraushaar GbR,2025-07-02,26,70.1,1822.6,Recibido
O-004650,BR-00309,P-034068,PR-01258,Wagner GbR,2025-07-22,25,73.17,1829.25,En tránsito
O-004651,BR-00309,P-034078,PR-00658,Roskoth AG,2025-07-30,49,136.15,6671.35,En tránsito
O-004652,BR-00309,P-034079,PR-00658,Roskoth AG,2025-07-17,74,103.19,7636.06,Recibido
O-004653,BR-00309,P-034096,PR-00799,Fröhlich GmbH,2025-07-07,83,86.41,7172.03,Recibido
O-004654,BR-00309,P-034111,PR-00414,Meyer,2025-07-27,66,112.13,7400.58,Pendiente
O-004655,BR-00309,P-034128,PR-00417,Blümel GbR,2025-07-07,51,116.43,5937.93,En tránsito
O-004656,BR-00309,P-034133,PR-01371,Kostolzin AG & Co. KGaA,2025-08-05,33,93.93,3099.69,Recibido
O-004657,BR-00309,P-034139,PR-00393,Seip Pärtzelt GmbH & Co. KGaA,2025-08-06,52,107.21,5574.92,En tránsito
O-004658,BR-00309,P-034140,PR-00393,Seip Pärtzelt GmbH & Co. KGaA,2025-08-23,87,72.29,6289.23,Pendiente
O-004659,BR-00309,P-034151,PR-00923,Jockel,2025-07-09,52,136.4,7092.8,Recibido
O-004660,BR-00309,P-034161,PR-00711,Neuschäfer GmbH & Co. KGaA,2025-07-16,50,78.98,3949.0,Pendiente
O-004661,BR-00310,P-034164,PR-00419,Seifert Trommler GmbH,2025-07-31,53,64.23,3404.19,Recibido
O-004662,BR-00310,P-034169,PR-00420,Hartmann Pruschke KGaA,2025-07-28,73,136.82,9987.86,Pendiente
O-004663,BR-00310,P-034170,PR-00420,Hartmann Pruschke KGaA,2025-07-07,49,19.83,971.67,En tránsito
O-004664,BR-00310,P-034180,PR-01065,Jüttner,2025-07-10,99,67.52,6684.48,En tránsito
O-004665,BR-00310,P-034198,PR-00411,Rohleder,2025-08-19,77,100.11,7708.47,En tránsito
O-004666,BR-00310,P-034200,PR-01169,Hövel,2025-08-22,76,17.57,1335.32,En tránsito
O-004667,BR-00310,P-034239,PR-01389,Hein Klemm AG & Co. OHG,2025-08-16,39,110.04,4291.56,Pendiente
O-004668,BR-00310,P-034244,PR-01500,Neuschäfer Otto GmbH & Co. OHG,2025-08-09,21,64.18,1347.78,En tránsito
O-004669,BR-00310,P-034256,PR-00414,Meyer,2025-08-14,69,62.42,4306.98,En tránsito
O-004670,BR-00310,P-034257,PR-00414,Meyer,2025-08-01,37,127.48,4716.76,En tránsito
O-004671,BR-00310,P-034268,PR-00416,Patberg Geißler GbR,2025-08-05,26,70.09,1822.34,Pendiente
O-004672,BR-00310,P-034274,PR-01371,Kostolzin AG & Co. KGaA,2025-07-28,87,113.61,9884.07,En tránsito
O-004673,BR-00310,P-034282,PR-00400,Langern Steinberg KG,2025-07-14,87,66.86,5816.82,Pendiente
O-004674,BR-00310,P-034291,PR-00394,Wagenknecht Nette AG,2025-07-01,78,29.14,2272.92,Pendiente
O-004675,BR-00310,P-034292,PR-00394,Wagenknecht Nette AG,2025-07-12,52,138.16,7184.32,En tránsito
O-004676,BR-00310,P-034298,PR-00774,Rohleder AG & Co. KGaA,2025-08-26,83,65.61,5445.63,Pendiente
O-004677,BR-00311,P-034318,PR-00421,Finke,2025-08-22,72,100.67,7248.24,Pendiente
O-004678,BR-00311,P-034330,PR-00423,Säuberlich GmbH & Co. OHG,2025-08-25,83,117.02,9712.66,Recibido
O-004679,BR-00311,P-034332,PR-00957,Textor GmbH & Co. KG,2025-08-03,41,94.82,3887.62,Pendiente
O-004680,BR-00311,P-034343,PR-00411,Rohleder,2025-08-13,100,77.56,7756.0,En tránsito
O-004681,BR-00311,P-034355,PR-00413,Mülichen e.V.,2025-08-27,62,98.6,6113.2,Recibido
O-004682,BR-00311,P-034356,PR-00413,Mülichen e.V.,2025-07-28,96,124.94,11994.24,Pendiente
O-004683,BR-00311,P-034368,PR-00925,Schleich,2025-07-04,54,32.96,1779.84,En tránsito
O-004684,BR-00311,P-034371,PR-00383,Kraushaar GbR,2025-08-28,47,89.22,4193.34,Pendiente
O-004685,BR-00311,P-034374,PR-01230,Jäkel Kabus AG,2025-07-05,49,83.97,4114.53,Pendiente
O-004686,BR-00311,P-034376,PR-00854,Heuser Bähr OHG mbH,2025-07-10,30,114.94,3448.2,Recibido
O-004687,BR-00311,P-034377,PR-01258,Wagner GbR,2025-08-10,62,140.9,8735.8,Recibido
O-004688,BR-00311,P-034391,PR-00387,Weiß Gunpf GmbH & Co. OHG,2025-08-07,91,36.47,3318.77,Recibido
O-004689,BR-00311,P-034394,PR-01247,Caspar KG,2025-08-06,32,14.1,451.2,En tránsito
O-004690,BR-00311,P-034409,PR-01332,Schmiedt,2025-07-23,77,139.64,10752.28,Recibido
O-004691,BR-00311,P-034414,PR-01115,Reuter,2025-08-18,58,114.25,6626.5,Pendiente
O-004692,BR-00311,P-034424,PR-00417,Blümel GbR,2025-08-24,38,106.92,4062.96,Pendiente
O-004693,BR-00311,P-034425,PR-00417,Blümel GbR,2025-07-22,85,128.59,10930.15,Recibido
O-004694,BR-00311,P-034426,PR-00417,Blümel GbR,2025-07-09,49,42.4,2077.6,Recibido
O-004695,BR-00311,P-034443,PR-00394,Wagenknecht Nette AG,2025-08-03,33,99.36,3278.88,En tránsito
O-004696,BR-00311,P-034447,PR-00395,Hübel GmbH & Co. KG,2025-08-08,89,80.27,7144.03,En tránsito
O-004697,BR-00311,P-034450,PR-01259,Fröhlich Weller AG,2025-07-28,63,118.16,7444.08,Pendiente
O-004698,BR-00312,P-034466,PR-00421,Finke,2025-08-20,78,101.05,7881.9,Pendiente
O-004699,BR-00312,P-034468,PR-00421,Finke,2025-08-24,95,18.02,1711.9,En tránsito
O-004700,BR-00312,P-034483,PR-01495,Spieß,2025-08-23,21,143.81,3020.01,En tránsito
O-004701,BR-00312,P-034484,PR-00409,Sorgatz Schinke AG,2025-08-26,51,99.12,5055.12,Pendiente
O-004702,BR-00312,P-034488,PR-00409,Sorgatz Schinke AG,2025-08-03,70,8.89,622.3,En tránsito
O-004703,BR-00312,P-034503,PR-00412,Bolander Bärer GmbH & Co. KG,2025-08-15,28,149.78,4193.84,Recibido
O-004704,BR-00312,P-034512,PR-01154,Bohlander e.V.,2025-08-16,50,26.6,1330.0,Recibido
O-004705,BR-00312,P-034521,PR-01230,Jäkel Kabus AG,2025-07-12,65,149.7,9730.5,En tránsito
O-004706,BR-00312,P-034528,PR-01087,Kroker,2025-07-12,82,133.73,10965.86,Recibido
O-004707,BR-00312,P-034531,PR-00385,Täsche Schuchhardt KG,2025-08-15,37,20.45,756.65,Recibido
O-004708,BR-00312,P-034535,PR-00386,Haering,2025-08-13,60,103.69,6221.4,En tránsito
O-004709,BR-00312,P-034551,PR-00389,Wulff Sauer Stiftung & Co. KG,2025-07-05,20,22.84,456.8,Recibido
O-004710,BR-00312,P-034555,PR-00390,Haering OHG mbH,2025-08-18,95,33.74,3205.3,Recibido
O-004711,BR-00312,P-034556,PR-00390,Haering OHG mbH,2025-08-19,34,147.71,5022.14,En tránsito
O-004712,BR-00312,P-034557,PR-00390,Haering OHG mbH,2025-07-17,92,129.87,11948.04,En tránsito
O-004713,BR-00312,P-034574,PR-00787,Trubin e.V.,2025-07-28,26,111.47,2898.22,Recibido
O-004714,BR-00312,P-034605,PR-00394,Wagenknecht Nette AG,2025-08-28,73,140.11,10228.03,Pendiente
O-004715,BR-00312,P-034610,PR-00395,Hübel GmbH & Co. KG,2025-07-07,81,13.26,1074.06,Recibido
O-004716,BR-00312,P-034614,PR-00673,Girschner,2025-08-27,46,105.1,4834.6,Recibido
O-004717,BR-00313,P-034620,PR-01339,Junck Döhn AG,2025-08-28,59,9.37,552.83,En tránsito
O-004718,BR-00313,P-034640,PR-00423,Säuberlich GmbH & Co. OHG,2025-07-07,33,138.76,4579.08,Pendiente
O-004719,BR-00313,P-034641,PR-01495,Spieß,2025-08-11,97,59.66,5787.02,Recibido
O-004720,BR-00313,P-034647,PR-00409,Sorgatz Schinke AG,2025-08-01,35,135.29,4735.15,En tránsito
O-004721,BR-00313,P-034660,PR-01026,Schmiedecke KGaA,2025-06-30,53,129.65,6871.45,En tránsito
O-004722,BR-00313,P-034666,PR-01463,Schmiedt Schuster KG,2025-06-30,93,93.7,8714.1,Recibido
O-004723,BR-00313,P-034667,PR-00955,Noack,2025-08-19,60,139.11,8346.6,Recibido
O-004724,BR-00313,P-034682,PR-01087,Kroker,2025-07-31,89,62.3,5544.7,Recibido
O-004725,BR-00313,P-034700,PR-01389,Hein Klemm AG & Co. OHG,2025-07-25,86,41.03,3528.58,En tránsito
O-004726,BR-00313,P-034706,PR-00616,Bruder e.G.,2025-07-14,99,140.3,13889.7,En tránsito
O-004727,BR-00313,P-034711,PR-00391,Mies Stiftung & Co. KGaA,2025-07-05,59,111.78,6595.02,En tránsito
O-004728,BR-00313,P-034714,PR-00414,Meyer,2025-08-01,67,76.18,5104.06,Pendiente
O-004729,BR-00313,P-034715,PR-01332,Schmiedt,2025-08-05,24,118.03,2832.72,Recibido
O-004730,BR-00313,P-034725,PR-00416,Patberg Geißler GbR,2025-08-18,62,95.39,5914.18,En tránsito
O-004731,BR-00313,P-034741,PR-00392,Mälzer AG,2025-08-01,87,137.91,11998.17,Recibido
O-004732,BR-00313,P-034748,PR-01148,Reinhardt GbR,2025-08-22,55,50.45,2774.75,En tránsito
O-004733,BR-00313,P-034754,PR-00863,Kroker GmbH,2025-08-23,49,79.32,3886.68,Recibido
O-004734,BR-00313,P-034757,PR-00395,Hübel GmbH & Co. KG,2025-06-30,72,39.72,2859.84,Pendiente
O-004735,BR-00313,P-034763,PR-00396,Gehringer Heser GmbH,2025-07-29,73,76.56,5588.88,En tránsito
O-004736,BR-00314,P-034767,PR-00419,Seifert Trommler GmbH,2025-08-15,23,72.54,1668.42,Recibido
O-004737,BR-00314,P-034774,PR-00421,Finke,2025-08-25,30,43.37,1301.1,Recibido
O-004738,BR-00314,P-034776,PR-00421,Finke,2025-07-02,97,82.71,8022.87,En tránsito
O-004739,BR-00314,P-034791,PR-00957,Textor GmbH & Co. KG,2025-08-19,49,42.03,2059.47,Recibido
O-004740,BR-00314,P-034800,PR-00411,Rohleder,2025-07-14,55,6.57,361.35,En tránsito
O-004741,BR-00314,P-034812,PR-00413,Mülichen e.V.,2025-08-13,63,14.47,911.61,Pendiente
O-004742,BR-00314,P-034813,PR-00413,Mülichen e.V.,2025-07-15,87,42.14,3666.18,Recibido
O-004743,BR-00314,P-034816,PR-00382,Fischer GbR,2025-08-05,86,52.22,4490.92,En tránsito
O-004744,BR-00314,P-034822,PR-00925,Schleich,2025-07-03,70,138.48,9693.6,Recibido
O-004745,BR-00314,P-034832,PR-00385,Täsche Schuchhardt KG,2025-07-09,24,141.92,3406.08,Pendiente
O-004746,BR-00314,P-034841,PR-00387,Weiß Gunpf GmbH & Co. OHG,2025-06-30,77,81.66,6287.82,Recibido
O-004747,BR-00314,P-034845,PR-00388,Steckel,2025-07-16,46,75.17,3457.82,Pendiente
O-004748,BR-00314,P-034852,PR-00616,Bruder e.G.,2025-08-14,99,77.42,7664.58,En tránsito
O-004749,BR-00314,P-034853,PR-00799,Fröhlich GmbH,2025-08-20,24,55.69,1336.56,Recibido
O-004750,BR-00314,P-034861,PR-00390,Haering OHG mbH,2025-07-13,25,22.99,574.75,Recibido
O-004751,BR-00314,P-034864,PR-00391,Mies Stiftung & Co. KGaA,2025-08-09,79,64.41,5088.39,Recibido
O-004752,BR-00314,P-034866,PR-00391,Mies Stiftung & Co. KGaA,2025-08-22,82,90.2,7396.4,Pendiente
O-004753,BR-00314,P-034870,PR-00391,Mies Stiftung & Co. KGaA,2025-07-20,83,43.31,3594.73,En tránsito
O-004754,BR-00314,P-034885,PR-00417,Blümel GbR,2025-08-16,63,55.23,3479.49,Pendiente
O-004755,BR-00314,P-034889,PR-00418,Lehmann Stadelmann AG & Co. OHG,2025-07-01,37,115.88,4287.56,En tránsito
O-004756,BR-00314,P-034895,PR-00392,Mälzer AG,2025-08-09,69,109.41,7549.29,En tránsito
O-004757,BR-00314,P-034899,PR-00400,Langern Steinberg KG,2025-08-13,80,130.55,10444.0,Pendiente
O-004758,BR-00314,P-034909,PR-00394,Wagenknecht Nette AG,2025-07-30,85,11.72,996.2,Pendiente
O-004759,BR-00314,P-034920,PR-00396,Gehringer Heser GmbH,2025-07-09,69,137.67,9499.23,Pendiente
O-004760,BR-00314,P-034921,PR-00396,Gehringer Heser GmbH,2025-08-14,48,23.9,1147.2,Recibido
O-004761,BR-00314,P-034922,PR-01259,Fröhlich Weller AG,2025-07-14,78,11.64,907.92,En tránsito
O-004762,BR-00314,P-034923,PR-00711,Neuschäfer GmbH & Co. KGaA,2025-07-18,27,2.62,70.74,Pendiente
O-004763,BR-00315,P-034925,PR-00419,Seifert Trommler GmbH,2025-08-03,97,25.61,2484.17,Recibido
O-004764,BR-00315,P-034928,PR-00419,Seifert Trommler GmbH,2025-07-12,82,83.47,6844.54,Recibido
O-004765,BR-00315,P-034933,PR-01339,Junck Döhn AG,2025-08-03,97,48.45,4699.65,En tránsito
O-004766,BR-00315,P-034941,PR-00421,Finke,2025-07-29,69,24.5,1690.5,En tránsito
O-004767,BR-00315,P-034957,PR-00409,Sorgatz Schinke AG,2025-08-05,55,46.59,2562.45,Recibido
O-004768,BR-00315,P-034961,PR-01300,Löchel,2025-07-13,25,41.76,1044.0,Pendiente
O-004769,BR-00315,P-034968,PR-00704,Hartung,2025-08-03,77,65.93,5076.61,En tránsito
O-004770,BR-00315,P-034970,PR-00704,Hartung,2025-08-09,24,75.89,1821.36,Recibido
O-004771,BR-00315,P-034977,PR-00382,Fischer GbR,2025-07-22,82,117.06,9598.92,Recibido
O-004772,BR-00315,P-034988,PR-01258,Wagner GbR,2025-07-18,85,26.8,2278.0,Recibido
O-004773,BR-00315,P-035001,PR-00633,Speer,2025-07-10,95,92.99,8834.05,En tránsito
O-004774,BR-00315,P-035005,PR-00387,Weiß Gunpf GmbH & Co. OHG,2025-07-10,58,3.83,222.14,En tránsito
O-004775,BR-00315,P-035009,PR-01247,Caspar KG,2025-07-30,64,71.24,4559.36,Pendiente
O-004776,BR-00315,P-035018,PR-00390,Haering OHG mbH,2025-07-26,94,41.09,3862.46,En tránsito
O-004777,BR-00316,P-035031,PR-00419,Seifert Trommler GmbH,2025-07-30,97,46.02,4463.94,En tránsito
O-004778,BR-00316,P-035043,PR-01065,Jüttner,2025-07-12,68,129.53,8808.04,En tránsito
O-004779,BR-00316,P-035047,PR-00957,Textor GmbH & Co. KG,2025-08-03,63,23.81,1500.03,En tránsito
O-004780,BR-00316,P-035050,PR-00409,Sorgatz Schinke AG,2025-07-26,23,39.88,917.24,Pendiente
O-004781,BR-00316,P-035052,PR-00409,Sorgatz Schinke AG,2025-06-30,92,67.06,6169.52,Pendiente
O-004782,BR-00316,P-035053,PR-00957,Textor GmbH & Co. KG,2025-07-03,76,78.1,5935.6,En tránsito
O-004783,BR-00316,P-035070,PR-00412,Bolander Bärer GmbH & Co. KG,2025-07-28,53,119.25,6320.25,Recibido
O-004784,BR-00316,P-035099,PR-00385,Täsche Schuchhardt KG,2025-07-14,42,50.61,2125.62,En tránsito
O-004785,BR-00316,P-035101,PR-01087,Kroker,2025-07-02,55,101.44,5579.2,Pendiente
O-004786,BR-00316,P-035106,PR-00658,Roskoth AG,2025-07-16,83,128.02,10625.66,Pendiente
O-004787,BR-00316,P-035115,PR-00388,Steckel,2025-08-24,40,115.29,4611.6,Pendiente
O-004788,BR-00316,P-035118,PR-00388,Steckel,2025-08-28,91,144.57,13155.87,En tránsito
O-004789,BR-00316,P-035129,PR-00390,Haering OHG mbH,2025-08-05,38,85.34,3242.92,Recibido
O-004790,BR-00317,P-035138,PR-00419,Seifert Trommler GmbH,2025-07-31,42,111.68,4690.56,En tránsito
O-004791,BR-00317,P-035143,PR-00421,Finke,2025-07-31,78,118.63,9253.14,Pendiente
O-004792,BR-00317,P-035145,PR-00421,Finke,2025-08-26,63,33.43,2106.09,En tránsito
O-004793,BR-00317,P-035146,PR-00421,Finke,2025-08-05,79,32.69,2582.51,En tránsito
O-004794,BR-00317,P-035147,PR-00421,Finke,2025-08-14,83,76.56,6354.48,Pendiente
O-004795,BR-00317,P-035156,PR-01495,Spieß,2025-07-22,29,99.85,2895.65,En tránsito
O-004796,BR-00317,P-035161,PR-00957,Textor GmbH & Co. KG,2025-07-20,92,116.48,10716.16,En tránsito
O-004797,BR-00317,P-035164,PR-01427,Kade Weinhold AG,2025-07-20,53,81.04,4295.12,En tránsito
O-004798,BR-00317,P-035172,PR-00704,Hartung,2025-07-16,22,123.79,2723.38,Recibido
O-004799,BR-00317,P-035174,PR-00411,Rohleder,2025-07-27,45,98.29,4423.05,En tránsito
O-004800,BR-00317,P-035190,PR-00383,Kraushaar GbR,2025-07-02,83,96.3,7992.9,En tránsito
O-004801,BR-00317,P-035205,PR-00658,Roskoth AG,2025-07-02,77,46.91,3612.07,En tránsito
O-004802,BR-00317,P-035214,PR-00387,Weiß Gunpf GmbH & Co. OHG,2025-07-13,47,120.13,5646.11,Pendiente
O-004803,BR-00317,P-035226,PR-00390,Haering OHG mbH,2025-08-06,69,44.13,3044.97,Pendiente
O-004804,BR-00318,P-035238,PR-00419,Seifert Trommler GmbH,2025-07-16,38,15.21,577.98,En tránsito
O-004805,BR-00318,P-035256,PR-00422,Steuer,2025-08-01,71,43.87,3114.77,Recibido
O-004806,BR-00318,P-035262,PR-00409,Sorgatz Schinke AG,2025-08-20,59,41.65,2457.35,En tránsito
O-004807,BR-00318,P-035263,PR-00957,Textor GmbH & Co. KG,2025-08-20,60,81.28,4876.8,Pendiente
O-004808,BR-00318,P-035272,PR-01427,Kade Weinhold AG,2025-08-15,53,5.86,310.58,Pendiente
O-004809,BR-00318,P-035276,PR-00704,Hartung,2025-08-15,38,99.9,3796.2,Recibido
O-004810,BR-00318,P-035279,PR-01169,Hövel,2025-07-13,67,114.77,7689.59,Recibido
O-004811,BR-00318,P-035288,PR-01463,Schmiedt Schuster KG,2025-07-18,56,114.21,6395.76,En tránsito
O-004812,BR-00318,P-035289,PR-01463,Schmiedt Schuster KG,2025-07-07,58,74.71,4333.18,Recibido
O-004813,BR-00318,P-035300,PR-01258,Wagner GbR,2025-08-01,44,79.28,3488.32,Recibido
O-004814,BR-00318,P-035301,PR-00854,Heuser Bähr OHG mbH,2025-08-18,50,77.18,3859.0,Recibido
O-004815,BR-00318,P-035311,PR-00633,Speer,2025-07-31,44,29.15,1282.6,Recibido
O-004816,BR-00318,P-035332,PR-00390,Haering OHG mbH,2025-07-20,59,83.78,4943.02,En tránsito
O-004817,BR-00318,P-035334,PR-00390,Haering OHG mbH,2025-07-06,51,2.52,128.52,Pendiente
O-004818,BR-00318,P-035338,PR-00390,Haering OHG mbH,2025-07-31,79,110.43,8723.97,Recibido
O-004819,BR-00319,P-035345,PR-00419,Seifert Trommler GmbH,2025-07-10,89,89.75,7987.75,Recibido
O-004820,BR-00319,P-035351,PR-00421,Finke,2025-08-12,66,58.96,3891.36,Recibido
O-004821,BR-00319,P-035365,PR-00957,Textor GmbH & Co. KG,2025-08-10,37,36.78,1360.86,Recibido
O-004822,BR-00319,P-035367,PR-00409,Sorgatz Schinke AG,2025-06-30,38,4.52,171.76,Pendiente
O-004823,BR-00319,P-035387,PR-00413,Mülichen e.V.,2025-07-15,52,60.74,3158.48,Pendiente
O-004824,BR-00319,P-035395,PR-01126,Misicher e.V.,2025-08-19,42,134.59,5652.78,En tránsito
O-004825,BR-00319,P-035401,PR-01230,Jäkel Kabus AG,2025-08-03,37,7.77,287.49,Pendiente
O-004826,BR-00319,P-035410,PR-00385,Täsche Schuchhardt KG,2025-08-06,43,131.02,5633.86,En tránsito
O-004827,BR-00319,P-035411,PR-01087,Kroker,2025-07-27,25,30.25,756.25,Recibido
O-004828,BR-00319,P-035425,PR-01500,Neuschäfer Otto GmbH & Co. OHG,2025-07-26,58,59.73,3464.34,Recibido
O-004829,BR-00319,P-035427,PR-01500,Neuschäfer Otto GmbH & Co. OHG,2025-08-14,48,23.67,1136.16,En tránsito
O-004830,BR-00319,P-035430,PR-00390,Haering OHG mbH,2025-07-14,36,74.32,2675.52,En tránsito
O-004831,BR-00319,P-035431,PR-00390,Haering OHG mbH,2025-07-09,100,54.13,5413.0,Pendiente
O-004832,BR-00319,P-035433,PR-00390,Haering OHG mbH,2025-07-15,71,44.67,3171.57,Pendiente
O-004833,BR-00320,P-035443,PR-00420,Hartmann Pruschke KGaA,2025-08-05,60,13.92,835.2,En tránsito
O-004834,BR-00320,P-035451,PR-00422,Steuer,2025-08-13,68,113.47,7715.96,En tránsito
O-004835,BR-00320,P-035457,PR-01495,Spieß,2025-07-19,70,51.25,3587.5,Pendiente
O-004836,BR-00320,P-035459,PR-00423,Säuberlich GmbH & Co. OHG,2025-07-21,36,75.22,2707.92,En tránsito
O-004837,BR-00320,P-035483,PR-00413,Mülichen e.V.,2025-08-03,22,145.86,3208.92,Pendiente
O-004838,BR-00320,P-035498,PR-01258,Wagner GbR,2025-07-22,20,5.82,116.4,Pendiente
O-004839,BR-00320,P-035501,PR-01230,Jäkel Kabus AG,2025-06-30,83,132.7,11014.1,Recibido
O-004840,BR-00320,P-035502,PR-01087,Kroker,2025-08-21,64,37.02,2369.28,Recibido
O-004841,BR-00320,P-035513,PR-01389,Hein Klemm AG & Co. OHG,2025-07-21,38,83.92,3188.96,Recibido
O-004842,BR-00320,P-035527,PR-00390,Haering OHG mbH,2025-07-07,47,124.69,5860.43,Pendiente
O-004843,BR-00320,P-035533,PR-00391,Mies Stiftung & Co. KGaA,2025-08-04,93,7.81,726.33,En tránsito
O-004844,BR-00320,P-035535,PR-00391,Mies Stiftung & Co. KGaA,2025-08-03,66,145.75,9619.5,Recibido
O-004845,BR-00321,P-035540,PR-00419,Seifert Trommler GmbH,2025-08-09,43,94.52,4064.36,Pendiente
O-004846,BR-00321,P-035542,PR-01339,Junck Döhn AG,2025-08-17,48,49.7,2385.6,Recibido
O-004847,BR-00321,P-035548,PR-00421,Finke,2025-07-03,82,82.0,6724.0,En tránsito
O-004848,BR-00321,P-035550,PR-00421,Finke,2025-08-10,25,108.6,2715.0,En tránsito
O-004849,BR-00321,P-035555,PR-01065,Jüttner,2025-08-25,59,106.04,6256.36,Recibido
O-004850,BR-00321,P-035564,PR-00957,Textor GmbH & Co. KG,2025-08-26,58,45.63,2646.54,En tránsito
O-004851,BR-00321,P-035578,PR-00411,Rohleder,2025-07-14,57,75.53,4305.21,Pendiente
O-004852,BR-00321,P-035582,PR-00411,Rohleder,2025-08-19,58,145.06,8413.48,Recibido
O-004853,BR-00321,P-035589,PR-01169,Hövel,2025-08-09,30,139.86,4195.8,Pendiente
O-004854,BR-00321,P-035597,PR-01154,Bohlander e.V.,2025-07-07,59,69.31,4089.29,Pendiente
O-004855,BR-00321,P-035608,PR-00384,Sager,2025-07-28,83,114.98,9543.34,Pendiente
O-004856,BR-00321,P-035615,PR-00633,Speer,2025-08-13,35,99.97,3498.95,Recibido
O-004857,BR-00321,P-035627,PR-00388,Steckel,2025-07-29,52,145.14,7547.28,En tránsito
O-004858,BR-00322,P-035651,PR-00421,Finke,2025-08-10,61,66.95,4083.95,Recibido
O-004859,BR-00322,P-035660,PR-01495,Spieß,2025-08-01,75,80.58,6043.5,En tránsito
O-004860,BR-00322,P-035662,PR-00423,Säuberlich GmbH & Co. OHG,2025-06-30,29,16.92,490.68,Recibido
O-004861,BR-00322,P-035663,PR-01495,Spieß,2025-07-06,97,104.48,10134.56,En tránsito
O-004862,BR-00322,P-035680,PR-00412,Bolander Bärer GmbH & Co. KG,2025-08-28,57,89.77,5116.89,Pendiente
O-004863,BR-00322,P-035693,PR-00955,Noack,2025-07-27,44,63.56,2796.64,En tránsito
O-004864,BR-00322,P-035697,PR-00925,Schleich,2025-08-11,36,79.65,2867.4,Recibido
O-004865,BR-00322,P-035699,PR-00925,Schleich,2025-07-18,27,59.14,1596.78,Recibido
O-004866,BR-00322,P-035707,PR-00384,Sager,2025-08-21,23,108.85,2503.55,En tránsito
O-004867,BR-00322,P-035719,PR-00386,Haering,2025-08-12,43,16.84,724.12,En tránsito
O-004868,BR-00322,P-035720,PR-00633,Speer,2025-07-08,46,108.63,4996.98,Recibido
O-004869,BR-00322,P-035730,PR-01389,Hein Klemm AG & Co. OHG,2025-07-09,63,115.62,7284.06,Recibido
O-004870,BR-00322,P-035733,PR-00799,Fröhlich GmbH,2025-08-26,38,85.45,3247.1,Recibido
O-004871,BR-00322,P-035734,PR-00616,Bruder e.G.,2025-07-21,29,53.99,1565.71,En tránsito
O-004872,BR-00322,P-035737,PR-00390,Haering OHG mbH,2025-08-16,53,63.62,3371.86,Recibido
O-004873,BR-00322,P-035743,PR-00391,Mies Stiftung & Co. KGaA,2025-08-20,87,24.02,2089.74,Pendiente
O-004874,BR-00322,P-035746,PR-00391,Mies Stiftung & Co. KGaA,2025-07-30,59,100.18,5910.62,Pendiente
O-004875,BR-00323,P-035750,PR-00419,Seifert Trommler GmbH,2025-08-08,54,107.14,5785.56,Pendiente
O-004876,BR-00323,P-035761,PR-00421,Finke,2025-07-19,77,98.27,7566.79,Recibido
O-004877,BR-00323,P-035766,PR-01065,Jüttner,2025-08-25,55,13.06,718.3,Pendiente
O-004878,BR-00323,P-035775,PR-00409,Sorgatz Schinke AG,2025-07-20,62,41.79,2590.98,Recibido
O-004879,BR-00323,P-035776,PR-00957,Textor GmbH & Co. KG,2025-08-25,55,66.66,3666.3,En tránsito
O-004880,BR-00323,P-035789,PR-00704,Hartung,2025-08-20,24,35.22,845.28,En tránsito
O-004881,BR-00323,P-035792,PR-00412,Bolander Bärer GmbH & Co. KG,2025-07-31,46,104.57,4810.22,Recibido
O-004882,BR-00323,P-035815,PR-01087,Kroker,2025-08-22,57,21.52,1226.64,En tránsito
O-004883,BR-00323,P-035831,PR-00616,Bruder e.G.,2025-07-25,25,97.95,2448.75,Pendiente
O-004884,BR-00323,P-035839,PR-00390,Haering OHG mbH,2025-08-04,58,128.9,7476.2,En tránsito
O-004885,BR-00323,P-035842,PR-00391,Mies Stiftung & Co. KGaA,2025-07-15,40,36.88,1475.2,En tránsito
O-004886,BR-00324,P-035846,PR-00419,Seifert Trommler GmbH,2025-07-10,41,62.78,2573.98,En tránsito
O-004887,BR-00324,P-035854,PR-00420,Hartmann Pruschke KGaA,2025-08-23,27,90.79,2451.33,En tránsito
O-004888,BR-00324,P-035879,PR-01427,Kade Weinhold AG,2025-08-21,85,66.47,5649.95,En tránsito
O-004889,BR-00324,P-035897,PR-00413,Mülichen e.V.,2025-08-24,93,72.78,6768.54,En tránsito
O-004890,BR-00324,P-035898,PR-00413,Mülichen e.V.,2025-08-25,90,78.45,7060.5,Recibido
O-004891,BR-00324,P-035903,PR-00382,Fischer GbR,2025-07-02,42,42.07,1766.94,Pendiente
O-004892,BR-00324,P-035906,PR-01463,Schmiedt Schuster KG,2025-07-19,48,146.51,7032.48,En tránsito
O-004893,BR-00324,P-035910,PR-00383,Kraushaar GbR,2025-08-22,34,140.99,4793.66,Pendiente
O-004894,BR-00324,P-035914,PR-00854,Heuser Bähr OHG mbH,2025-08-09,91,52.06,4737.46,En tránsito
O-004895,BR-00324,P-035918,PR-00386,Haering,2025-08-07,80,144.68,11574.4,Pendiente
O-004896,BR-00324,P-035924,PR-00387,Weiß Gunpf GmbH & Co. OHG,2025-08-28,36,110.65,3983.4,Recibido
O-004897,BR-00324,P-035934,PR-00799,Fröhlich GmbH,2025-08-17,25,120.98,3024.5,En tránsito
O-004898,BR-00324,P-035937,PR-00799,Fröhlich GmbH,2025-07-14,84,81.87,6877.08,Recibido
O-004899,BR-00324,P-035947,PR-00391,Mies Stiftung & Co. KGaA,2025-08-24,75,56.04,4203.0,Pendiente
O-004900,BR-00325,P-035949,PR-00419,Seifert Trommler GmbH,2025-08-16,89,59.67,5310.63,Recibido
O-004901,BR-00325,P-035963,PR-00421,Finke,2025-07-12,77,107.41,8270.57,Pendiente
O-004902,BR-00325,P-035966,PR-01490,Jäntsch,2025-08-07,42,143.16,6012.72,Pendiente
O-004903,BR-00325,P-035977,PR-00957,Textor GmbH & Co. KG,2025-08-03,72,74.67,5376.24,Pendiente
O-004904,BR-00325,P-035984,PR-01427,Kade Weinhold AG,2025-08-27,22,124.74,2744.28,Pendiente
O-004905,BR-00325,P-035988,PR-00411,Rohleder,2025-08-18,37,34.42,1273.54,Recibido
O-004906,BR-00325,P-035996,PR-00412,Bolander Bärer GmbH & Co. KG,2025-07-24,23,47.93,1102.39,Pendiente
O-004907,BR-00325,P-036007,PR-00925,Schleich,2025-07-16,75,14.56,1092.0,En tránsito
O-004908,BR-00325,P-036010,PR-00925,Schleich,2025-08-10,51,70.6,3600.6,Pendiente
O-004909,BR-00325,P-036013,PR-00384,Sager,2025-07-23,28,100.85,2823.8,En tránsito
O-004910,BR-00325,P-036018,PR-01087,Kroker,2025-07-13,54,140.38,7580.52,Recibido
O-004911,BR-00325,P-036026,PR-00658,Roskoth AG,2025-08-23,51,107.01,5457.51,Recibido
O-004912,BR-00325,P-036032,PR-01389,Hein Klemm AG & Co. OHG,2025-08-16,23,114.83,2641.09,Recibido
O-004913,BR-00325,P-036038,PR-00799,Fröhlich GmbH,2025-07-20,82,101.11,8291.02,Pendiente
O-004914,BR-00325,P-036039,PR-00799,Fröhlich GmbH,2025-06-30,58,40.19,2331.02,Recibido
O-004915,BR-00325,P-036040,PR-01500,Neuschäfer Otto GmbH & Co. OHG,2025-07-14,69,98.51,6797.19,En tránsito
O-004916,BR-00325,P-036042,PR-00390,Haering OHG mbH,2025-08-03,52,67.72,3521.44,Pendiente
O-004917,BR-00325,P-036043,PR-00390,Haering OHG mbH,2025-08-08,25,64.8,1620.0,Recibido
O-004918,BR-00325,P-036044,PR-00390,Haering OHG mbH,2025-07-06,94,138.35,13004.9,Pendiente
O-004919,BR-00325,P-036046,PR-00391,Mies Stiftung & Co. KGaA,2025-08-20,63,127.66,8042.58,Recibido
O-004920,BR-00325,P-036048,PR-00391,Mies Stiftung & Co. KGaA,2025-08-28,32,79.8,2553.6,En tránsito
O-004921,BR-00326,P-036055,PR-00419,Seifert Trommler GmbH,2025-07-13,87,47.36,4120.32,En tránsito
O-004922,BR-00326,P-036057,PR-01339,Junck Döhn AG,2025-07-24,57,37.59,2142.63,Pendiente
O-004923,BR-00326,P-036060,PR-00421,Finke,2025-07-09,57,86.73,4943.61,Pendiente
O-004924,BR-00326,P-036069,PR-01495,Spieß,2025-08-13,27,27.61,745.47,Pendiente
O-004925,BR-00326,P-036083,PR-00410,Wirth,2025-08-17,38,10.59,402.42,Pendiente
O-004926,BR-00326,P-036091,PR-01026,Schmiedecke KGaA,2025-08-17,81,26.6,2154.6,Pendiente
O-004927,BR-00326,P-036094,PR-01169,Hövel,2025-08-11,96,148.93,14297.28,Pendiente
O-004928,BR-00326,P-036095,PR-00413,Mülichen e.V.,2025-08-12,23,91.39,2101.97,Recibido
O-004929,BR-00326,P-036100,PR-01154,Bohlander e.V.,2025-07-22,88,40.53,3566.64,Recibido
O-004930,BR-00326,P-036109,PR-01258,Wagner GbR,2025-07-06,80,112.38,8990.4,Recibido
O-004931,BR-00326,P-036116,PR-01087,Kroker,2025-08-10,49,72.42,3548.58,Recibido
O-004932,BR-00326,P-036117,PR-01087,Kroker,2025-07-10,65,117.54,7640.1,En tránsito
O-004933,BR-00326,P-036122,PR-00386,Haering,2025-08-18,76,107.23,8149.48,En tránsito
O-004934,BR-00326,P-036123,PR-00658,Roskoth AG,2025-08-24,61,89.13,5436.93,En tránsito
O-004935,BR-00326,P-036135,PR-01389,Hein Klemm AG & Co. OHG,2025-07-05,27,63.45,1713.15,Recibido
O-004936,BR-00326,P-036149,PR-00391,Mies Stiftung & Co. KGaA,2025-07-15,33,139.82,4614.06,Recibido
O-004937,BR-00326,P-036153,PR-00391,Mies Stiftung & Co. KGaA,2025-08-11,68,82.86,5634.48,Pendiente
O-004938,BR-00327,P-036157,PR-00419,Seifert Trommler GmbH,2025-07-07,62,13.97,866.14,En tránsito
O-004939,BR-00327,P-036165,PR-00421,Finke,2025-07-28,21,80.36,1687.56,En tránsito
O-004940,BR-00327,P-036171,PR-00422,Steuer,2025-08-08,61,25.68,1566.48,En tránsito
O-004941,BR-00327,P-036174,PR-01495,Spieß,2025-07-06,75,60.22,4516.5,Pendiente
O-004942,BR-00327,P-036176,PR-00423,Säuberlich GmbH & Co. OHG,2025-07-26,47,148.43,6976.21,Recibido
O-004943,BR-00327,P-036177,PR-00409,Sorgatz Schinke AG,2025-07-18,84,123.62,10384.08,Pendiente
O-004944,BR-00327,P-036190,PR-00412,Bolander Bärer GmbH & Co. KG,2025-08-12,45,86.23,3880.35,Recibido
O-004945,BR-00327,P-036195,PR-00413,Mülichen e.V.,2025-08-13,41,132.44,5430.04,Recibido
O-004946,BR-00327,P-036198,PR-01463,Schmiedt Schuster KG,2025-08-18,75,122.66,9199.5,Pendiente
O-004947,BR-00327,P-036204,PR-00384,Sager,2025-08-03,87,48.42,4212.54,Recibido
O-004948,BR-00327,P-036206,PR-01230,Jäkel Kabus AG,2025-08-12,64,41.13,2632.32,Pendiente
O-004949,BR-00327,P-036208,PR-00854,Heuser Bähr OHG mbH,2025-08-14,65,71.66,4657.9,Recibido
O-004950,BR-00327,P-036229,PR-00616,Bruder e.G.,2025-07-18,27,23.46,633.42,En tránsito
O-004951,BR-00327,P-036230,PR-01500,Neuschäfer Otto GmbH & Co. OHG,2025-08-04,21,13.64,286.44,Recibido
O-004952,BR-00328,P-036247,PR-01339,Junck Döhn AG,2025-08-09,64,25.63,1640.32,En tránsito
O-004953,BR-00328,P-036248,PR-01339,Junck Döhn AG,2025-08-24,24,14.74,353.76,En tránsito
O-004954,BR-00328,P-036255,PR-00421,Finke,2025-07-20,83,113.58,9427.14,Pendiente
O-004955,BR-00328,P-036263,PR-01065,Jüttner,2025-08-16,43,110.99,4772.57,Pendiente
O-004956,BR-00328,P-036267,PR-00423,Säuberlich GmbH & Co. OHG,2025-07-07,85,138.34,11758.9,Recibido
O-004957,BR-00328,P-036290,PR-01169,Hövel,2025-07-11,46,80.8,3716.8,En tránsito
O-004958,BR-00328,P-036291,PR-00412,Bolander Bärer GmbH & Co. KG,2025-08-03,78,45.31,3534.18,En tránsito
O-004959,BR-00328,P-036293,PR-00413,Mülichen e.V.,2025-07-21,46,59.14,2720.44,Recibido
O-004960,BR-00328,P-036299,PR-01463,Schmiedt Schuster KG,2025-07-07,58,92.75,5379.5,Recibido
O-004961,BR-00328,P-036301,PR-00925,Schleich,2025-08-07,90,70.28,6325.2,Pendiente
O-004962,BR-00328,P-036308,PR-01230,Jäkel Kabus AG,2025-07-25,71,78.3,5559.3,Pendiente
O-004963,BR-00328,P-036309,PR-01258,Wagner GbR,2025-08-27,72,68.54,4934.88,En tránsito
O-004964,BR-00328,P-036311,PR-01087,Kroker,2025-08-16,80,112.35,8988.0,Recibido
O-004965,BR-00328,P-036317,PR-00385,Täsche Schuchhardt KG,2025-07-25,67,25.2,1688.4,En tránsito
O-004966,BR-00328,P-036339,PR-00391,Mies Stiftung & Co. KGaA,2025-08-28,56,38.68,2166.08,Recibido
O-004967,BR-00328,P-036340,PR-00391,Mies Stiftung & Co. KGaA,2025-07-16,63,86.81,5469.03,Pendiente
O-004968,BR-00329,P-036346,PR-00419,Seifert Trommler GmbH,2025-07-07,45,117.46,5285.7,Pendiente
O-004969,BR-00329,P-036349,PR-00419,Seifert Trommler GmbH,2025-07-05,67,70.57,4728.19,Recibido
O-004970,BR-00329,P-036358,PR-00421,Finke,2025-07-09,68,103.19,7016.92,Recibido
O-004971,BR-00329,P-036362,PR-00421,Finke,2025-07-04,64,22.47,1438.08,En tránsito
O-004972,BR-00329,P-036375,PR-00957,Textor GmbH & Co. KG,2025-08-24,54,149.76,8087.04,Recibido
O-004973,BR-00329,P-036378,PR-00410,Wirth,2025-07-14,36,54.42,1959.12,Recibido
O-004974,BR-00329,P-036384,PR-01427,Kade Weinhold AG,2025-07-22,31,113.81,3528.11,En tránsito
O-004975,BR-00329,P-036388,PR-00704,Hartung,2025-08-09,71,136.78,9711.38,Pendiente
O-004976,BR-00329,P-036392,PR-01026,Schmiedecke KGaA,2025-07-14,84,138.93,11670.12,En tránsito
O-004977,BR-00329,P-036396,PR-00412,Bolander Bärer GmbH & Co. KG,2025-08-09,39,95.67,3731.13,Pendiente
O-004978,BR-00329,P-036413,PR-00925,Schleich,2025-07-27,42,11.87,498.54,Recibido
O-004979,BR-00329,P-036416,PR-01230,Jäkel Kabus AG,2025-07-15,36,14.92,537.12,En tránsito
O-004980,BR-00329,P-036417,PR-01258,Wagner GbR,2025-07-09,62,128.28,7953.36,Pendiente
O-004981,BR-00329,P-036421,PR-01087,Kroker,2025-06-30,99,105.2,10414.8,En tránsito
O-004982,BR-00329,P-036432,PR-00387,Weiß Gunpf GmbH & Co. OHG,2025-08-14,35,138.48,4846.8,Pendiente
O-004983,BR-00329,P-036440,PR-00799,Fröhlich GmbH,2025-07-30,91,131.24,11942.84,En tránsito
O-004984,BR-00329,P-036447,PR-00390,Haering OHG mbH,2025-08-15,38,12.11,460.18,Pendiente
O-004985,BR-00329,P-036451,PR-00390,Haering OHG mbH,2025-07-12,37,10.07,372.59,Pendiente
O-004986,BR-00329,P-036454,PR-00391,Mies Stiftung & Co. KGaA,2025-07-31,30,60.07,1802.1,Recibido
O-004987,BR-00329,P-036458,PR-00391,Mies Stiftung & Co. KGaA,2025-08-11,60,52.49,3149.4,Recibido
O-004988,BR-00330,P-036462,PR-01339,Junck Döhn AG,2025-08-24,75,22.83,1712.25,Pendiente
O-004989,BR-00330,P-036464,PR-01339,Junck Döhn AG,2025-08-15,74,94.58,6998.92,Pendiente
O-004990,BR-00330,P-036468,PR-00420,Hartmann Pruschke KGaA,2025-08-19,47,5.86,275.42,Recibido
O-004991,BR-00330,P-036469,PR-00421,Finke,2025-07-03,35,139.09,4868.15,Pendiente
O-004992,BR-00330,P-036479,PR-01490,Jäntsch,2025-07-14,64,11.49,735.36,Recibido
O-004993,BR-00330,P-036480,PR-01495,Spieß,2025-08-08,63,85.17,5365.71,Pendiente
O-004994,BR-00330,P-036485,PR-00423,Säuberlich GmbH & Co. OHG,2025-08-14,100,51.26,5126.0,Pendiente
O-004995,BR-00330,P-036486,PR-00409,Sorgatz Schinke AG,2025-07-07,99,66.2,6553.8,Recibido
O-004996,BR-00330,P-036490,PR-01300,Löchel,2025-07-26,74,4.05,299.7,Pendiente
O-004997,BR-00330,P-036514,PR-01463,Schmiedt Schuster KG,2025-08-28,100,12.02,1202.0,Recibido
O-004998,BR-00330,P-036515,PR-00382,Fischer GbR,2025-07-08,65,91.58,5952.7,Recibido
O-004999,BR-00330,P-036520,PR-00925,Schleich,2025-07-06,63,139.56,8792.28,Pendiente
O-005000,BR-00330,P-036525,PR-00854,Heuser Bähr OHG mbH,2025-07-06,64,10.24,655.36,En tránsito
O-005001,BR-00330,P-036527,PR-01087,Kroker,2025-08-23,75,50.77,3807.75,Pendiente
O-005002,BR-00330,P-036532,PR-00658,Roskoth AG,2025-07-04,61,50.28,3067.08,En tránsito
O-005003,BR-00330,P-036536,PR-00658,Roskoth AG,2025-07-11,62,80.6,4997.2,En tránsito
O-005004,BR-00331,P-036541,PR-00420,Hartmann Pruschke KGaA,2025-07-03,48,102.24,4907.52,En tránsito
O-005005,BR-00331,P-036549,PR-01065,Jüttner,2025-08-19,75,45.28,3396.0,Pendiente
O-005006,BR-00331,P-036558,PR-00409,Sorgatz Schinke AG,2025-08-11,30,23.02,690.6,Recibido
O-005007,BR-00331,P-036574,PR-00413,Mülichen e.V.,2025-07-07,86,95.57,8219.02,En tránsito
O-005008,BR-00331,P-036587,PR-00854,Heuser Bähr OHG mbH,2025-07-17,48,80.23,3851.04,En tránsito
O-005009,BR-00331,P-036596,PR-00386,Haering,2025-07-26,30,60.59,1817.7,Recibido
O-005010,BR-00332,P-036629,PR-00409,Sorgatz Schinke AG,2025-08-03,63,141.66,8924.58,En tránsito
O-005011,BR-00332,P-036633,PR-01427,Kade Weinhold AG,2025-07-29,51,78.29,3992.79,Recibido
O-005012,BR-00332,P-036641,PR-00412,Bolander Bärer GmbH & Co. KG,2025-07-18,87,47.86,4163.82,En tránsito
O-005013,BR-00332,P-036651,PR-01154,Bohlander e.V.,2025-08-01,59,47.42,2797.78,Pendiente
O-005014,BR-00332,P-036657,PR-00384,Sager,2025-08-01,78,125.18,9764.04,Recibido
O-005015,BR-00332,P-036659,PR-00384,Sager,2025-07-14,48,61.92,2972.16,Recibido
O-005016,BR-00332,P-036668,PR-00658,Roskoth AG,2025-08-10,67,29.11,1950.37,Recibido
O-005017,BR-00333,P-036702,PR-00410,Wirth,2025-07-02,47,84.94,3992.18,En tránsito
O-005018,BR-00333,P-036730,PR-00925,Schleich,2025-08-16,66,119.78,7905.48,En tránsito
O-005019,BR-00333,P-036738,PR-00854,Heuser Bähr OHG mbH,2025-07-26,54,46.88,2531.52,En tránsito
O-005020,BR-00334,P-036748,PR-00419,Seifert Trommler GmbH,2025-08-24,25,89.24,2231.0,Pendiente
O-005021,BR-00334,P-036758,PR-00422,Steuer,2025-08-26,69,115.83,7992.27,Recibido
O-005022,BR-00334,P-036786,PR-00413,Mülichen e.V.,2025-06-30,75,91.9,6892.5,Recibido
O-005023,BR-00334,P-036788,PR-00413,Mülichen e.V.,2025-07-07,57,70.07,3993.99,Pendiente
O-005024,BR-00334,P-036805,PR-01087,Kroker,2025-08-12,68,67.97,4621.96,En tránsito
O-005025,BR-00334,P-036807,PR-00386,Haering,2025-07-31,83,115.41,9579.03,Pendiente
O-005026,BR-00335,P-036825,PR-00421,Finke,2025-08-28,24,34.17,820.08,En tránsito
O-005027,BR-00335,P-036826,PR-00421,Finke,2025-08-23,37,118.48,4383.76,Pendiente
O-005028,BR-00335,P-036840,PR-00409,Sorgatz Schinke AG,2025-07-27,64,131.17,8394.88,Recibido
O-005029,BR-00335,P-036843,PR-00409,Sorgatz Schinke AG,2025-07-31,74,46.46,3438.04,Recibido
O-005030,BR-00335,P-036845,PR-00957,Textor GmbH & Co. KG,2025-07-23,52,43.51,2262.52,Pendiente
O-005031,BR-00335,P-036847,PR-00410,Wirth,2025-07-27,77,84.53,6508.81,Pendiente
O-005032,BR-00335,P-036857,PR-00412,Bolander Bärer GmbH & Co. KG,2025-07-02,51,22.22,1133.22,Recibido
O-005033,BR-00335,P-036865,PR-00413,Mülichen e.V.,2025-07-19,81,77.32,6262.92,Recibido
O-005034,BR-00335,P-036871,PR-01126,Misicher e.V.,2025-07-20,64,82.17,5258.88,Recibido
O-005035,BR-00335,P-036872,PR-00925,Schleich,2025-07-11,94,57.22,5378.68,Pendiente
O-005036,BR-00336,P-036901,PR-00421,Finke,2025-08-18,93,63.65,5919.45,Recibido
O-005037,BR-00336,P-036903,PR-00421,Finke,2025-08-22,62,31.37,1944.94,Pendiente
O-005038,BR-00336,P-036915,PR-00957,Textor GmbH & Co. KG,2025-08-18,51,27.1,1382.1,En tránsito
O-005039,BR-00336,P-036916,PR-01427,Kade Weinhold AG,2025-08-24,36,119.44,4299.84,Recibido
O-005040,BR-00336,P-036922,PR-00704,Hartung,2025-07-03,71,93.99,6673.29,Pendiente
O-005041,BR-00336,P-036923,PR-00411,Rohleder,2025-07-15,28,140.09,3922.52,Pendiente
O-005042,BR-00336,P-036927,PR-01026,Schmiedecke KGaA,2025-08-24,81,10.6,858.6,Pendiente
O-005043,BR-00336,P-036934,PR-00413,Mülichen e.V.,2025-07-22,44,38.21,1681.24,En tránsito
O-005044,BR-00336,P-036937,PR-00382,Fischer GbR,2025-08-19,61,44.85,2735.85,Recibido
O-005045,BR-00336,P-036940,PR-00383,Kraushaar GbR,2025-07-23,37,15.49,573.13,Pendiente
O-005046,BR-00336,P-036960,PR-00386,Haering,2025-07-05,84,71.62,6016.08,En tránsito
O-005047,BR-00337,P-036968,PR-00420,Hartmann Pruschke KGaA,2025-08-11,60,41.72,2503.2,Recibido
O-005048,BR-00337,P-036971,PR-00421,Finke,2025-08-26,85,50.12,4260.2,En tránsito
O-005049,BR-00337,P-036976,PR-01495,Spieß,2025-08-13,65,13.12,852.8,Recibido
O-005050,BR-00337,P-037002,PR-00955,Noack,2025-07-06,56,29.59,1657.04,Pendiente
O-005051,BR-00337,P-037004,PR-00955,Noack,2025-07-26,22,83.62,1839.64,En tránsito
O-005052,BR-00337,P-037009,PR-00384,Sager,2025-07-10,29,37.3,1081.7,Pendiente
O-005053,BR-00337,P-037019,PR-01087,Kroker,2025-07-14,100,89.05,8905.0,En tránsito
O-005054,BR-00337,P-037021,PR-00633,Speer,2025-07-19,98,125.49,12298.02,En tránsito
O-005055,BR-00338,P-037026,PR-00419,Seifert Trommler GmbH,2025-07-07,64,82.66,5290.24,Recibido
O-005056,BR-00338,P-037043,PR-00423,Säuberlich GmbH & Co. OHG,2025-08-07,64,115.41,7386.24,Pendiente
O-005057,BR-00338,P-037049,PR-00957,Textor GmbH & Co. KG,2025-07-20,47,123.07,5784.29,Recibido
O-005058,BR-00338,P-037057,PR-00410,Wirth,2025-08-14,20,67.47,1349.4,En tránsito
O-005059,BR-00338,P-037058,PR-00411,Rohleder,2025-07-24,35,109.34,3826.9,En tránsito
O-005060,BR-00338,P-037065,PR-00412,Bolander Bärer GmbH & Co. KG,2025-07-16,89,32.77,2916.53,Recibido
O-005061,BR-00338,P-037066,PR-01026,Schmiedecke KGaA,2025-07-17,60,10.55,633.0,En tránsito
O-005062,BR-00338,P-037067,PR-00413,Mülichen e.V.,2025-08-17,39,20.56,801.84,En tránsito
O-005063,BR-00338,P-037071,PR-00413,Mülichen e.V.,2025-08-01,96,42.17,4048.32,Pendiente
O-005064,BR-00338,P-037073,PR-01126,Misicher e.V.,2025-07-09,76,122.01,9272.76,En tránsito
O-005065,BR-00338,P-037074,PR-01126,Misicher e.V.,2025-08-05,74,133.01,9842.74,Pendiente
O-005066,BR-00338,P-037083,PR-01230,Jäkel Kabus AG,2025-07-08,73,88.38,6451.74,Pendiente
O-005067,BR-00339,P-037101,PR-00420,Hartmann Pruschke KGaA,2025-07-31,76,91.17,6928.92,En tránsito
O-005068,BR-00339,P-037104,PR-00421,Finke,2025-08-08,35,52.83,1849.05,En tránsito
O-005069,BR-00339,P-037106,PR-00421,Finke,2025-08-26,47,100.62,4729.14,Recibido
O-005070,BR-00339,P-037124,PR-00410,Wirth,2025-07-04,98,127.09,12454.82,Pendiente
O-005071,BR-00339,P-037129,PR-00704,Hartung,2025-08-07,27,77.98,2105.46,Recibido
O-005072,BR-00339,P-037149,PR-00925,Schleich,2025-08-27,85,31.6,2686.0,Pendiente
O-005073,BR-00339,P-037158,PR-01087,Kroker,2025-08-13,69,116.08,8009.52,Pendiente
O-005074,BR-00339,P-037160,PR-01087,Kroker,2025-07-21,73,17.87,1304.51,Recibido
O-005075,BR-00340,P-037176,PR-00420,Hartmann Pruschke KGaA,2025-07-15,83,87.84,7290.72,Recibido
O-005076,BR-00340,P-037179,PR-00421,Finke,2025-08-19,35,12.54,438.9,Pendiente
O-005077,BR-00340,P-037184,PR-00422,Steuer,2025-07-28,54,18.81,1015.74,Recibido
O-005078,BR-00340,P-037189,PR-01495,Spieß,2025-08-11,53,52.39,2776.67,En tránsito
O-005079,BR-00340,P-037202,PR-00411,Rohleder,2025-07-08,47,46.11,2167.17,En tránsito
O-005080,BR-00340,P-037208,PR-00413,Mülichen e.V.,2025-08-16,42,127.21,5342.82,En tránsito
O-005081,BR-00340,P-037225,PR-00385,Täsche Schuchhardt KG,2025-07-11,46,125.81,5787.26,Pendiente
O-005082,BR-00340,P-037228,PR-00658,Roskoth AG,2025-08-08,28,23.63,661.64,Recibido
O-005083,BR-00340,P-037232,PR-00633,Speer,2025-07-17,34,106.79,3630.86,Pendiente
O-005084,BR-00341,P-037246,PR-01339,Junck Döhn AG,2025-08-04,22,139.99,3079.78,En tránsito
O-005085,BR-00341,P-037255,PR-01490,Jäntsch,2025-07-12,22,20.02,440.44,Recibido
O-005086,BR-00341,P-037256,PR-01490,Jäntsch,2025-07-21,85,84.42,7175.7,Recibido
O-005087,BR-00341,P-037261,PR-00423,Säuberlich GmbH & Co. OHG,2025-07-29,64,128.87,8247.68,Recibido
O-005088,BR-00341,P-037266,PR-00409,Sorgatz Schinke AG,2025-07-16,96,121.84,11696.64,Pendiente
O-005089,BR-00341,P-037269,PR-01300,Löchel,2025-08-11,75,49.33,3699.75,Pendiente
O-005090,BR-00341,P-037275,PR-00704,Hartung,2025-08-19,43,132.25,5686.75,En tránsito
O-005091,BR-00341,P-037288,PR-00413,Mülichen e.V.,2025-08-15,88,138.87,12220.56,En tránsito
O-005092,BR-00341,P-037291,PR-01463,Schmiedt Schuster KG,2025-07-28,70,103.19,7223.3,Pendiente
O-005093,BR-00341,P-037312,PR-00385,Täsche Schuchhardt KG,2025-08-01,36,47.33,1703.88,Recibido
O-005094,BR-00341,P-037315,PR-00386,Haering,2025-07-27,39,57.37,2237.43,Recibido
O-005095,BR-00342,P-037333,PR-01490,Jäntsch,2025-07-01,32,44.74,1431.68,En tránsito
O-005096,BR-00342,P-037337,PR-00423,Säuberlich GmbH & Co. OHG,2025-07-01,27,102.93,2779.11,Recibido
O-005097,BR-00342,P-037344,PR-00409,Sorgatz Schinke AG,2025-07-04,99,105.82,10476.18,Pendiente
O-005098,BR-00342,P-037345,PR-00409,Sorgatz Schinke AG,2025-07-11,20,118.13,2362.6,En tránsito
O-005099,BR-00342,P-037358,PR-00412,Bolander Bärer GmbH & Co. KG,2025-07-14,71,51.14,3630.94,En tránsito
O-005100,BR-00342,P-037366,PR-00413,Mülichen e.V.,2025-07-19,83,121.58,10091.14,Recibido
O-005101,BR-00342,P-037371,PR-00955,Noack,2025-07-06,46,95.57,4396.22,Pendiente
O-005102,BR-00342,P-037375,PR-00925,Schleich,2025-08-28,70,26.43,1850.1,Recibido
O-005103,BR-00343,P-037405,PR-00468,ИП «Воронов»,2025-07-18,99,26.87,2660.13,Pendiente
O-005104,BR-00343,P-037407,PR-00468,ИП «Воронов»,2025-08-27,97,27.89,2705.33,Recibido
O-005105,BR-00343,P-037409,PR-00468,ИП «Воронов»,2025-07-21,56,122.89,6881.84,Pendiente
O-005106,BR-00343,P-037412,PR-00469,Пестова Лтд,2025-08-08,45,24.19,1088.55,Pendiente
O-005107,BR-00343,P-037427,PR-01170,Ачимгаз,2025-07-24,65,32.3,2099.5,Recibido
O-005108,BR-00343,P-037430,PR-00887,ИП «Зиновьев Захаров»,2025-07-07,79,29.97,2367.63,En tránsito
O-005109,BR-00343,P-037431,PR-01484,ООО «Михайлова»,2025-08-12,66,141.23,9321.18,En tránsito
O-005110,BR-00343,P-037439,PR-00681,Стрелков Инк,2025-08-28,96,28.39,2725.44,Recibido
O-005111,BR-00343,P-037445,PR-00757,ФортеИнвест,2025-07-18,47,35.25,1656.75,Recibido
O-005112,BR-00343,P-037447,PR-00430,Красильников Инк,2025-08-26,95,14.27,1355.65,Recibido
O-005113,BR-00343,P-037476,PR-01188,ИП «Романова-Шубин»,2025-08-11,95,95.73,9094.35,En tránsito
O-005114,BR-00343,P-037477,PR-01188,ИП «Романова-Шубин»,2025-08-20,64,148.67,9514.88,Pendiente
O-005115,BR-00343,P-037505,PR-00463,РАО «Сидорова Ситникова»,2025-07-14,57,20.83,1187.31,Recibido
O-005116,BR-00343,P-037511,PR-00463,РАО «Сидорова Ситникова»,2025-07-02,58,48.83,2832.14,Pendiente
O-005117,BR-00343,P-037513,PR-01228,"ЗАО «Семенов, Артемьев и Исакова»",2025-07-28,61,77.9,4751.9,Pendiente
O-005118,BR-00343,P-037514,PR-00464,Князев Лимитед,2025-07-27,99,135.14,13378.86,En tránsito
O-005119,BR-00343,P-037518,PR-00465,"ОАО «Фомина, Мельников и Дорофеев»",2025-08-01,80,147.06,11764.8,En tránsito
O-005120,BR-00343,P-037528,PR-00440,"ОАО «Молчанов, Савин и Галкин»",2025-07-26,69,75.52,5210.88,Pendiente
O-005121,BR-00343,P-037529,PR-00440,"ОАО «Молчанов, Савин и Галкин»",2025-08-04,43,66.76,2870.68,Recibido
O-005122,BR-00343,P-037549,PR-00424,НПО «Моисеева»,2025-07-29,92,136.71,12577.32,En tránsito
O-005123,BR-00343,P-037556,PR-00682,ОАО «Орехова»,2025-07-14,27,68.63,1853.01,Recibido
O-005124,BR-00343,P-037558,PR-00426,Терентьева Инк,2025-08-18,27,95.72,2584.44,En tránsito
O-005125,BR-00343,P-037562,PR-00426,Терентьева Инк,2025-08-02,25,118.35,2958.75,Pendiente
O-005126,BR-00343,P-037563,PR-00427,Кари,2025-07-28,75,89.64,6723.0,Recibido
O-005127,BR-00343,P-037564,PR-00427,Кари,2025-07-21,89,94.7,8428.3,Pendiente
O-005128,BR-00343,P-037577,PR-00760,ЗАО «Мясников»,2025-07-17,36,122.2,4399.2,Recibido
O-005129,BR-00343,P-037578,PR-00444,ОАО «Давыдов»,2025-08-09,64,63.8,4083.2,Recibido
O-005130,BR-00343,P-037579,PR-01321,РАО «Романов Петрова»,2025-07-17,67,75.34,5047.78,Recibido
O-005131,BR-00343,P-037589,PR-01318,"НПО «Одинцов, Одинцов и Дроздова»",2025-07-23,52,11.41,593.32,Recibido
O-005132,BR-00343,P-037590,PR-01107,АО «Прохорова Макаров»,2025-07-21,64,77.32,4948.48,En tránsito
O-005133,BR-00343,P-037593,PR-00816,"ИП «Ковалева, Попова и Федотов»",2025-07-19,27,51.52,1391.04,En tránsito
O-005134,BR-00343,P-037610,PR-00450,ООО «Денисов»,2025-07-18,62,144.32,8947.84,En tránsito
O-005135,BR-00343,P-037612,PR-01310,"ИП «Маркова, Быков и Чернов»",2025-06-30,68,100.29,6819.72,En tránsito
O-005136,BR-00343,P-037617,PR-01059,ИП «Павлова Осипов»,2025-08-02,66,147.44,9731.04,Pendiente
O-005137,BR-00343,P-037623,PR-00453,Кари,2025-07-25,55,8.5,467.5,En tránsito
O-005138,BR-00343,P-037629,PR-01316,Транслом,2025-08-12,21,131.85,2768.85,En tránsito
O-005139,BR-00344,P-037641,PR-00468,ИП «Воронов»,2025-07-07,85,46.21,3927.85,En tránsito
O-005140,BR-00344,P-037656,PR-00694,ПСМА Рус,2025-07-26,35,50.65,1772.75,Recibido
O-005141,BR-00344,P-037664,PR-00459,ЗАО «Зыков Белозеров»,2025-08-21,59,124.42,7340.78,Pendiente
O-005142,BR-00344,P-037701,PR-00435,ООО «Ермакова Лихачева»,2025-07-16,21,106.56,2237.76,En tránsito
O-005143,BR-00344,P-037710,PR-00437,АО «Власов Иванова»,2025-07-28,69,144.41,9964.29,En tránsito
O-005144,BR-00344,P-037718,PR-01213,"НПО «Попова, Власов и Сорокина»",2025-08-15,27,76.73,2071.71,Recibido
O-005145,BR-00344,P-037724,PR-00462,ООО «Пахомова-Кузнецов»,2025-08-27,53,63.92,3387.76,Pendiente
O-005146,BR-00344,P-037725,PR-00463,РАО «Сидорова Ситникова»,2025-08-24,51,129.66,6612.66,Pendiente
O-005147,BR-00344,P-037740,PR-00465,"ОАО «Фомина, Мельников и Дорофеев»",2025-08-12,42,146.83,6166.86,En tránsito
O-005148,BR-00344,P-037742,PR-01462,АО «Костин Куликов»,2025-07-29,32,145.24,4647.68,Recibido
O-005149,BR-00344,P-037743,PR-00935,"ЗАО «Белозеров, Артемьев и Лапин»",2025-07-11,45,90.09,4054.05,Pendiente
O-005150,BR-00344,P-037751,PR-00441,НПО «Лапин Яковлев»,2025-07-30,36,110.42,3975.12,En tránsito
O-005151,BR-00344,P-037762,PR-00750,ООО «Крюкова»,2025-08-03,23,60.14,1383.22,Recibido
O-005152,BR-00344,P-037769,PR-00689,НПО «Мухина-Лобанов»,2025-07-04,60,126.66,7599.6,Pendiente
O-005153,BR-00344,P-037776,PR-00425,ИП «Соколов-Титов»,2025-07-08,51,117.1,5972.1,Pendiente
O-005154,BR-00344,P-037779,PR-00426,Терентьева Инк,2025-08-09,72,72.7,5234.4,Pendiente
O-005155,BR-00344,P-037781,PR-00426,Терентьева Инк,2025-07-23,79,20.74,1638.46,Recibido
O-005156,BR-00344,P-037785,PR-00427,Кари,2025-08-21,34,149.17,5071.78,Recibido
O-005157,BR-00344,P-037795,PR-00686,Элко Рус (Elko),2025-06-30,36,33.53,1207.08,En tránsito
O-005158,BR-00344,P-037798,PR-01397,Мессояханефтегаз,2025-07-29,85,141.92,12063.2,Recibido
O-005159,BR-00344,P-037800,PR-01241,Росжелдорпроект,2025-07-14,92,116.07,10678.44,Recibido
O-005160,BR-00344,P-037810,PR-01318,"НПО «Одинцов, Одинцов и Дроздова»",2025-08-16,99,46.76,4629.24,En tránsito
O-005161,BR-00344,P-037818,PR-00448,"ОАО «Константинов, Мясникова и Лазарев»",2025-08-24,24,85.23,2045.52,En tránsito
O-005162,BR-00344,P-037819,PR-00448,"ОАО «Константинов, Мясникова и Лазарев»",2025-08-03,66,18.55,1224.3,Recibido
O-005163,BR-00344,P-037828,PR-00450,ООО «Денисов»,2025-08-14,93,127.68,11874.24,Recibido
O-005164,BR-00344,P-037829,PR-01368,АО «Буров Карпова»,2025-08-25,100,31.07,3107.0,Recibido
O-005165,BR-00344,P-037838,PR-00452,"НПО «Кабанов, Калинина и Маслов»",2025-07-07,36,63.42,2283.12,En tránsito
O-005166,BR-00344,P-037839,PR-01120,"ОАО «Ларионова, Суворов и Рожков»",2025-07-15,52,85.69,4455.88,Pendiente
O-005167,BR-00344,P-037840,PR-01120,"ОАО «Ларионова, Суворов и Рожков»",2025-08-28,36,51.48,1853.28,Pendiente
O-005168,BR-00344,P-037848,PR-00454,Зимина Лимитед,2025-08-28,22,115.04,2530.88,Pendiente
O-005169,BR-00344,P-037852,PR-01316,Транслом,2025-07-27,51,23.04,1175.04,En tránsito
O-005170,BR-00345,P-037853,PR-01040,Металлсервис,2025-07-17,100,34.01,3401.0,Pendiente
O-005171,BR-00345,P-037854,PR-00638,НПО «Попова»,2025-07-02,44,116.72,5135.68,Pendiente
O-005172,BR-00345,P-037859,PR-00467,Соллерс,2025-07-09,77,114.29,8800.33,Recibido
O-005173,BR-00345,P-037877,PR-01077,РАО «Наумова»,2025-07-22,33,60.46,1995.18,Recibido
O-005174,BR-00345,P-037894,PR-00459,ЗАО «Зыков Белозеров»,2025-08-02,74,9.7,717.8,En tránsito
O-005175,BR-00345,P-037917,PR-01476,РАО «Прохоров»,2025-08-09,32,26.7,854.4,Recibido
O-005176,BR-00345,P-037939,PR-00435,ООО «Ермакова Лихачева»,2025-07-07,25,136.46,3411.5,En tránsito
O-005177,BR-00345,P-037978,PR-00465,"ОАО «Фомина, Мельников и Дорофеев»",2025-07-31,77,49.68,3825.36,Pendiente
O-005178,BR-00345,P-037983,PR-00789,ОАО «Гусев Копылов»,2025-07-15,33,69.03,2277.99,En tránsito
O-005179,BR-00345,P-037997,PR-00442,Ермакова Лтд,2025-08-13,53,141.81,7515.93,Pendiente
O-005180,BR-00345,P-037998,PR-01180,АО «Кошелев-Семенова»,2025-07-24,20,117.71,2354.2,Pendiente
O-005181,BR-00346,P-038008,PR-01040,Металлсервис,2025-07-19,42,85.96,3610.32,Recibido
O-005182,BR-00346,P-038013,PR-00468,ИП «Воронов»,2025-07-04,83,83.64,6942.12,Pendiente
O-005183,BR-00346,P-038018,PR-00469,Пестова Лтд,2025-08-18,41,100.74,4130.34,Pendiente
O-005184,BR-00346,P-038026,PR-01058,НПО «Кондратьева Абрамова»,2025-07-04,28,148.73,4164.44,Recibido
O-005185,BR-00346,P-038045,PR-01484,ООО «Михайлова»,2025-08-15,95,89.02,8456.9,En tránsito
O-005186,BR-00346,P-038054,PR-00681,Стрелков Инк,2025-07-14,30,94.25,2827.5,Recibido
O-005187,BR-00346,P-038055,PR-00681,Стрелков Инк,2025-07-15,60,96.12,5767.2,Pendiente
O-005188,BR-00346,P-038067,PR-00431,Квадра,2025-08-15,64,130.93,8379.52,En tránsito
O-005189,BR-00346,P-038071,PR-01476,РАО «Прохоров»,2025-07-19,40,41.97,1678.8,Recibido
O-005190,BR-00346,P-038098,PR-01089,РАО «Молчанов-Шилова»,2025-08-24,53,4.41,233.73,Pendiente
O-005191,BR-00346,P-038117,PR-00463,РАО «Сидорова Ситникова»,2025-07-20,46,93.05,4280.3,En tránsito
O-005192,BR-00346,P-038126,PR-00439,Фомина и партнеры,2025-08-02,41,14.72,603.52,Recibido
O-005193,BR-00346,P-038136,PR-00441,НПО «Лапин Яковлев»,2025-08-15,43,121.11,5207.73,Recibido
O-005194,BR-00346,P-038144,PR-01180,АО «Кошелев-Семенова»,2025-08-10,51,96.76,4934.76,Recibido
O-005195,BR-00346,P-038151,PR-00443,ОАО «Воробьев»,2025-08-28,42,66.66,2799.72,Pendiente
O-005196,BR-00347,P-038164,PR-00468,ИП «Воронов»,2025-08-22,78,59.05,4605.9,Recibido
O-005197,BR-00347,P-038183,PR-01077,РАО «Наумова»,2025-08-10,27,24.25,654.75,Pendiente
O-005198,BR-00347,P-038188,PR-00458,"ИП «Ильина, Селезнева и Быкова»",2025-08-21,28,121.97,3415.16,Pendiente
O-005199,BR-00347,P-038207,PR-00431,Квадра,2025-07-30,32,65.06,2081.92,En tránsito
O-005200,BR-00347,P-038222,PR-00433,"НПО «Лапин, Зиновьев и Гришин»",2025-08-22,33,113.42,3742.86,Recibido
O-005201,BR-00347,P-038226,PR-01229,РАО «Михайлова Казакова»,2025-07-17,72,35.74,2573.28,En tránsito
O-005202,BR-00347,P-038227,PR-00434,НПО «Владимирова»,2025-07-06,69,31.37,2164.53,Recibido
O-005203,BR-00347,P-038233,PR-01188,ИП «Романова-Шубин»,2025-07-19,100,148.01,14801.0,Recibido
O-005204,BR-00347,P-038240,PR-00723,РАО «Артемьев»,2025-08-04,40,124.08,4963.2,En tránsito
O-005205,BR-00347,P-038245,PR-00437,АО «Власов Иванова»,2025-08-07,24,3.32,79.68,Pendiente
O-005206,BR-00347,P-038250,PR-00438,"АО «Молчанова, Ширяева и Аксенов»",2025-07-30,75,32.3,2422.5,Pendiente
O-005207,BR-00347,P-038260,PR-00461,"НПО «Мамонтов, Морозова и Калашников»",2025-07-29,71,100.75,7153.25,En tránsito
O-005208,BR-00347,P-038262,PR-00462,ООО «Пахомова-Кузнецов»,2025-07-19,49,59.72,2926.28,Pendiente
O-005209,BR-00347,P-038279,PR-00465,"ОАО «Фомина, Мельников и Дорофеев»",2025-07-11,33,105.17,3470.61,Pendiente
O-005210,BR-00347,P-038280,PR-00465,"ОАО «Фомина, Мельников и Дорофеев»",2025-08-20,48,108.11,5189.28,Recibido
O-005211,BR-00347,P-038302,PR-00922,"РАО «Виноградов, Миронова и Федоров»",2025-07-24,36,33.46,1204.56,En tránsito
O-005212,BR-00348,P-038311,PR-00467,Соллерс,2025-08-15,72,102.67,7392.24,En tránsito
O-005213,BR-00348,P-038313,PR-00467,Соллерс,2025-07-05,88,84.38,7425.44,Recibido
O-005214,BR-00348,P-038315,PR-00468,ИП «Воронов»,2025-07-29,49,31.58,1547.42,Recibido
O-005215,BR-00348,P-038323,PR-00617,"ИП «Беспалов, Исаков и Власов»",2025-08-02,75,50.82,3811.5,Pendiente
O-005216,BR-00348,P-038324,PR-01248,НПО «Евдокимов»,2025-08-28,31,124.64,3863.84,Recibido
O-005217,BR-00348,P-038327,PR-00470,РАО «Лазарев Устинова»,2025-07-15,52,110.35,5738.2,Recibido
O-005218,BR-00348,P-038332,PR-00456,Жукова Лимитед,2025-08-01,55,47.66,2621.3,Pendiente
O-005219,BR-00348,P-038337,PR-00457,ОАО «Абрамова-Соболева»,2025-07-02,48,32.58,1563.84,Recibido
O-005220,BR-00348,P-038342,PR-00457,ОАО «Абрамова-Соболева»,2025-08-03,57,103.89,5921.73,En tránsito
O-005221,BR-00348,P-038343,PR-01286,АО «Тетерина»,2025-07-19,52,26.88,1397.76,Recibido
O-005222,BR-00348,P-038347,PR-00887,ИП «Зиновьев Захаров»,2025-08-09,98,59.27,5808.46,Recibido
O-005223,BR-00348,P-038350,PR-00459,ЗАО «Зыков Белозеров»,2025-08-13,67,146.27,9800.09,En tránsito
O-005224,BR-00348,P-038363,PR-01144,"ИП «Киселева, Попов и Бобылев»",2025-07-12,79,59.38,4691.02,Recibido
O-005225,BR-00348,P-038383,PR-00432,АО «Калинин»,2025-08-10,45,18.1,814.5,Pendiente
O-005226,BR-00348,P-038385,PR-00433,"НПО «Лапин, Зиновьев и Гришин»",2025-08-20,86,43.2,3715.2,Pendiente
O-005227,BR-00348,P-038386,PR-00433,"НПО «Лапин, Зиновьев и Гришин»",2025-08-08,60,73.31,4398.6,Recibido
O-005228,BR-00348,P-038412,PR-00438,"АО «Молчанова, Ширяева и Аксенов»",2025-08-20,44,124.29,5468.76,Recibido
O-005229,BR-00348,P-038416,PR-01213,"НПО «Попова, Власов и Сорокина»",2025-08-05,60,94.22,5653.2,Recibido
O-005230,BR-00348,P-038421,PR-01074,"РАО «Алексеева, Самсонов и Силина»",2025-07-03,68,139.18,9464.24,Recibido
O-005231,BR-00348,P-038424,PR-00463,РАО «Сидорова Ситникова»,2025-07-20,40,137.6,5504.0,En tránsito
O-005232,BR-00348,P-038428,PR-00463,РАО «Сидорова Ситникова»,2025-08-17,74,101.36,7500.64,Pendiente
O-005233,BR-00348,P-038435,PR-00465,"ОАО «Фомина, Мельников и Дорофеев»",2025-08-11,36,125.62,4522.32,Pendiente
O-005234,BR-00348,P-038442,PR-01462,АО «Костин Куликов»,2025-08-25,48,126.03,6049.44,Pendiente
O-005235,BR-00348,P-038448,PR-00440,"ОАО «Молчанов, Савин и Галкин»",2025-08-09,77,105.81,8147.37,Recibido
O-005236,BR-00348,P-038454,PR-00441,НПО «Лапин Яковлев»,2025-07-19,70,50.79,3555.3,Pendiente
O-005237,BR-00348,P-038456,PR-00441,НПО «Лапин Яковлев»,2025-08-06,30,58.64,1759.2,Pendiente
O-005238,BR-00348,P-038461,PR-00922,"РАО «Виноградов, Миронова и Федоров»",2025-07-25,48,122.08,5859.84,Pendiente
O-005239,BR-00349,P-038466,PR-01370,ООО «Афанасьева Владимирова»,2025-08-16,40,20.0,800.0,Recibido
O-005240,BR-00349,P-038468,PR-00638,НПО «Попова»,2025-07-20,50,104.22,5211.0,Recibido
O-005241,BR-00349,P-038470,PR-00638,НПО «Попова»,2025-07-03,69,148.77,10265.13,Pendiente
O-005242,BR-00349,P-038476,PR-00467,Соллерс,2025-08-10,55,115.97,6378.35,Pendiente
O-005243,BR-00349,P-038480,PR-00468,ИП «Воронов»,2025-08-04,71,45.35,3219.85,Recibido
O-005244,BR-00349,P-038481,PR-00468,ИП «Воронов»,2025-08-06,43,71.84,3089.12,Pendiente
O-005245,BR-00349,P-038484,PR-00469,Пестова Лтд,2025-07-05,31,138.07,4280.17,Recibido
O-005246,BR-00349,P-038488,PR-01058,НПО «Кондратьева Абрамова»,2025-07-25,64,85.66,5482.24,Recibido
O-005247,BR-00349,P-038496,PR-00694,ПСМА Рус,2025-08-07,88,93.99,8271.12,En tránsito
O-005248,BR-00349,P-038503,PR-00458,"ИП «Ильина, Селезнева и Быкова»",2025-08-01,23,14.87,342.01,Pendiente
O-005249,BR-00349,P-038508,PR-00459,ЗАО «Зыков Белозеров»,2025-07-26,65,130.75,8498.75,Recibido
O-005250,BR-00349,P-038527,PR-00431,Квадра,2025-07-01,57,80.94,4613.58,En tránsito
O-005251,BR-00349,P-038532,PR-01476,РАО «Прохоров»,2025-08-13,32,134.2,4294.4,Pendiente
O-005252,BR-00349,P-038535,PR-01476,РАО «Прохоров»,2025-08-14,25,90.2,2255.0,Pendiente
O-005253,BR-00349,P-038537,PR-00433,"НПО «Лапин, Зиновьев и Гришин»",2025-08-28,71,32.86,2333.06,En tránsito
O-005254,BR-00349,P-038545,PR-01229,РАО «Михайлова Казакова»,2025-07-10,46,44.4,2042.4,Pendiente
O-005255,BR-00349,P-038552,PR-01254,ООО «Бирюков-Ефремова»,2025-07-20,84,93.59,7861.56,Recibido
O-005256,BR-00349,P-038557,PR-00437,АО «Власов Иванова»,2025-07-30,41,52.02,2132.82,En tránsito
O-005257,BR-00349,P-038567,PR-00461,"НПО «Мамонтов, Морозова и Калашников»",2025-08-03,67,90.86,6087.62,Pendiente
O-005258,BR-00349,P-038568,PR-01074,"РАО «Алексеева, Самсонов и Силина»",2025-08-23,35,128.86,4510.1,Recibido
O-005259,BR-00349,P-038572,PR-00463,РАО «Сидорова Ситникова»,2025-08-16,35,49.51,1732.85,Pendiente
O-005260,BR-00349,P-038580,PR-01228,"ЗАО «Семенов, Артемьев и Исакова»",2025-08-07,99,121.62,12040.38,Recibido
O-005261,BR-00349,P-038584,PR-00465,"ОАО «Фомина, Мельников и Дорофеев»",2025-07-24,87,139.2,12110.4,En tránsito
O-005262,BR-00349,P-038594,PR-01044,ЗАО «Жукова Князева»,2025-08-08,97,137.9,13376.3,En tránsito
O-005263,BR-00349,P-038609,PR-00443,ОАО «Воробьев»,2025-08-16,33,34.15,1126.95,Pendiente
O-005264,BR-00350,P-038615,PR-00638,НПО «Попова»,2025-07-15,85,29.45,2503.25,Recibido
O-005265,BR-00350,P-038632,PR-00469,Пестова Лтд,2025-07-11,70,123.65,8655.5,En tránsito
O-005266,BR-00350,P-038636,PR-00470,РАО «Лазарев Устинова»,2025-07-02,21,99.92,2098.32,Recibido
O-005267,BR-00350,P-038655,PR-00459,ЗАО «Зыков Белозеров»,2025-07-04,27,122.85,3316.95,Pendiente
O-005268,BR-00350,P-038656,PR-00459,ЗАО «Зыков Белозеров»,2025-07-20,73,110.65,8077.45,Recibido
O-005269,BR-00350,P-038665,PR-00757,ФортеИнвест,2025-07-04,50,49.64,2482.0,En tránsito
O-005270,BR-00350,P-038673,PR-00873,ИП «Фомичева-Александров»,2025-08-10,53,54.18,2871.54,Pendiente
O-005271,BR-00350,P-038676,PR-00432,АО «Калинин»,2025-08-14,30,61.76,1852.8,Recibido
O-005272,BR-00350,P-038687,PR-00435,ООО «Ермакова Лихачева»,2025-07-25,90,18.09,1628.1,Pendiente
O-005273,BR-00350,P-038688,PR-01188,ИП «Романова-Шубин»,2025-07-20,48,133.66,6415.68,En tránsito
O-005274,BR-00350,P-038690,PR-00435,ООО «Ермакова Лихачева»,2025-07-18,52,13.63,708.76,En tránsito
O-005275,BR-00350,P-038700,PR-00790,Фадеев Инк,2025-07-25,20,106.77,2135.4,En tránsito
O-005276,BR-00350,P-038703,PR-00437,АО «Власов Иванова»,2025-08-03,52,66.82,3474.64,En tránsito
O-005277,BR-00350,P-038710,PR-00438,"АО «Молчанова, Ширяева и Аксенов»",2025-08-19,37,19.39,717.43,En tránsito
O-005278,BR-00350,P-038735,PR-00808,ФСК Лидер,2025-08-23,73,118.99,8686.27,Recibido
O-005279,BR-00350,P-038739,PR-00440,"ОАО «Молчанов, Савин и Галкин»",2025-07-21,24,60.67,1456.08,En tránsito
O-005280,BR-00350,P-038749,PR-00441,НПО «Лапин Яковлев»,2025-07-01,58,53.55,3105.9,Recibido
O-005281,BR-00350,P-038761,PR-00922,"РАО «Виноградов, Миронова и Федоров»",2025-08-14,24,88.22,2117.28,En tránsito
O-005282,BR-00351,P-038773,PR-00467,Соллерс,2025-07-06,83,126.59,10506.97,En tránsito
O-005283,BR-00351,P-038778,PR-00468,ИП «Воронов»,2025-08-19,93,104.35,9704.55,En tránsito
O-005284,BR-00351,P-038789,PR-00729,ОАО «Емельянов-Зайцев»,2025-07-13,77,34.21,2634.17,Pendiente
O-005285,BR-00351,P-038801,PR-01484,ООО «Михайлова»,2025-07-18,57,138.15,7874.55,En tránsito
O-005286,BR-00351,P-038810,PR-00459,ЗАО «Зыков Белозеров»,2025-07-27,29,98.1,2844.9,En tránsito
O-005287,BR-00351,P-038817,PR-00460,Сазонов Групп,2025-07-21,29,99.35,2881.15,En tránsito
O-005288,BR-00351,P-038829,PR-00757,ФортеИнвест,2025-08-22,92,21.61,1988.12,Pendiente
O-005289,BR-00351,P-038830,PR-00757,ФортеИнвест,2025-07-05,85,82.0,6970.0,Recibido
O-005290,BR-00351,P-038839,PR-00873,ИП «Фомичева-Александров»,2025-07-29,47,33.08,1554.76,Recibido
O-005291,BR-00351,P-038844,PR-00432,АО «Калинин»,2025-08-10,88,68.85,6058.8,Pendiente
O-005292,BR-00351,P-038848,PR-00433,"НПО «Лапин, Зиновьев и Гришин»",2025-07-27,96,123.66,11871.36,En tránsito
O-005293,BR-00351,P-038855,PR-01229,РАО «Михайлова Казакова»,2025-07-07,54,69.78,3768.12,En tránsito
O-005294,BR-00351,P-038864,PR-01254,ООО «Бирюков-Ефремова»,2025-06-30,38,149.15,5667.7,Recibido
O-005295,BR-00351,P-038870,PR-00437,АО «Власов Иванова»,2025-08-07,57,111.57,6359.49,Pendiente
O-005296,BR-00351,P-038876,PR-00438,"АО «Молчанова, Ширяева и Аксенов»",2025-07-21,22,141.2,3106.4,Recibido
O-005297,BR-00351,P-038877,PR-00438,"АО «Молчанова, Ширяева и Аксенов»",2025-08-03,42,43.78,1838.76,En tránsito
O-005298,BR-00351,P-038892,PR-01228,"ЗАО «Семенов, Артемьев и Исакова»",2025-07-22,23,21.81,501.63,Recibido
O-005299,BR-00351,P-038901,PR-00789,ОАО «Гусев Копылов»,2025-07-07,28,31.13,871.64,Recibido
O-005300,BR-00351,P-038903,PR-00440,"ОАО «Молчанов, Савин и Галкин»",2025-08-26,65,135.48,8806.2,Recibido
O-005301,BR-00351,P-038905,PR-00440,"ОАО «Молчанов, Савин и Галкин»",2025-08-24,52,60.95,3169.4,Pendiente
O-005302,BR-00351,P-038906,PR-00441,НПО «Лапин Яковлев»,2025-07-12,69,37.41,2581.29,Pendiente
O-005303,BR-00351,P-038917,PR-00922,"РАО «Виноградов, Миронова и Федоров»",2025-07-19,100,13.52,1352.0,Pendiente
O-005304,BR-00352,P-038921,PR-01040,Металлсервис,2025-07-12,37,56.69,2097.53,Pendiente
O-005305,BR-00352,P-038922,PR-00466,"ИП «Афанасьев, Молчанов и Никифоров»",2025-07-17,93,65.71,6111.03,Recibido
O-005306,BR-00352,P-038934,PR-00468,ИП «Воронов»,2025-07-16,98,44.05,4316.9,Recibido
O-005307,BR-00352,P-038936,PR-00469,Пестова Лтд,2025-07-06,78,3.54,276.12,Recibido
O-005308,BR-00352,P-038940,PR-00469,Пестова Лтд,2025-08-03,81,29.07,2354.67,Pendiente
O-005309,BR-00352,P-038944,PR-00729,ОАО «Емельянов-Зайцев»,2025-08-11,27,70.79,1911.33,Recibido
O-005310,BR-00352,P-038955,PR-00887,ИП «Зиновьев Захаров»,2025-08-18,31,83.17,2578.27,Recibido
O-005311,BR-00352,P-038963,PR-00460,Сазонов Групп,2025-08-01,44,80.02,3520.88,En tránsito
O-005312,BR-00352,P-038964,PR-01003,"АО «Копылов, Дорофеева и Гурьев»",2025-08-21,53,117.99,6253.47,Recibido
O-005313,BR-00352,P-038966,PR-00460,Сазонов Групп,2025-06-30,73,61.16,4464.68,Recibido
O-005314,BR-00352,P-038967,PR-01020,АО «Тарасов Гущина»,2025-07-04,96,60.49,5807.04,En tránsito
O-005315,BR-00352,P-038970,PR-01020,АО «Тарасов Гущина»,2025-07-10,27,25.51,688.77,Recibido
O-005316,BR-00352,P-038972,PR-00757,ФортеИнвест,2025-06-30,72,85.78,6176.16,En tránsito
O-005317,BR-00352,P-038983,PR-00431,Квадра,2025-08-08,52,42.52,2211.04,En tránsito
O-005318,BR-00352,P-038996,PR-00433,"НПО «Лапин, Зиновьев и Гришин»",2025-08-13,98,84.11,8242.78,En tránsito
O-005319,BR-00352,P-039001,PR-01229,РАО «Михайлова Казакова»,2025-07-15,94,88.85,8351.9,Recibido
O-005320,BR-00352,P-039017,PR-00438,"АО «Молчанова, Ширяева и Аксенов»",2025-07-02,78,138.39,10794.42,Pendiente
O-005321,BR-00352,P-039028,PR-00462,ООО «Пахомова-Кузнецов»,2025-07-10,69,28.58,1972.02,Pendiente
O-005322,BR-00352,P-039037,PR-01205,МУМТ (BAT),2025-07-09,72,134.41,9677.52,Pendiente
O-005323,BR-00352,P-039039,PR-00464,Князев Лимитед,2025-08-22,55,20.16,1108.8,Pendiente
O-005324,BR-00352,P-039040,PR-00465,"ОАО «Фомина, Мельников и Дорофеев»",2025-07-28,33,62.69,2068.77,Pendiente
O-005325,BR-00352,P-039058,PR-00441,НПО «Лапин Яковлев»,2025-07-31,76,13.95,1060.2,Pendiente
O-005326,BR-00353,P-039068,PR-01370,ООО «Афанасьева Владимирова»,2025-07-09,68,33.13,2252.84,En tránsito
O-005327,BR-00353,P-039070,PR-00467,Соллерс,2025-07-02,88,65.19,5736.72,En tránsito
O-005328,BR-00353,P-039073,PR-00467,Соллерс,2025-07-16,22,20.6,453.2,En tránsito
O-005329,BR-00353,P-039081,PR-00468,ИП «Воронов»,2025-07-22,82,70.59,5788.38,Pendiente
O-005330,BR-00353,P-039099,PR-01031,РАО «Крюков»,2025-07-05,84,141.86,11916.24,Recibido
O-005331,BR-00353,P-039104,PR-01031,РАО «Крюков»,2025-07-09,83,82.1,6814.3,Pendiente
O-005332,BR-00353,P-039109,PR-00887,ИП «Зиновьев Захаров»,2025-07-01,52,97.61,5075.72,Recibido
O-005333,BR-00353,P-039110,PR-00459,ЗАО «Зыков Белозеров»,2025-08-10,62,69.6,4315.2,En tránsito
O-005334,BR-00353,P-039118,PR-00681,Стрелков Инк,2025-08-13,47,107.19,5037.93,En tránsito
O-005335,BR-00353,P-039124,PR-00952,ООО «Иванова Кононова»,2025-08-01,68,112.15,7626.2,En tránsito
O-005336,BR-00353,P-039142,PR-00432,АО «Калинин»,2025-08-15,79,96.56,7628.24,Pendiente
O-005337,BR-00353,P-039144,PR-00433,"НПО «Лапин, Зиновьев и Гришин»",2025-08-27,52,21.04,1094.08,Pendiente
O-005338,BR-00353,P-039148,PR-00434,НПО «Владимирова»,2025-07-13,41,92.62,3797.42,Recibido
O-005339,BR-00353,P-039150,PR-00434,НПО «Владимирова»,2025-07-19,27,128.32,3464.64,En tránsito
O-005340,BR-00353,P-039168,PR-00438,"АО «Молчанова, Ширяева и Аксенов»",2025-08-04,87,103.06,8966.22,Pendiente
O-005341,BR-00354,P-039197,PR-00694,ПСМА Рус,2025-08-12,93,117.23,10902.39,Recibido
O-005342,BR-00354,P-039198,PR-01170,Ачимгаз,2025-08-18,81,91.63,7422.03,Pendiente
O-005343,BR-00354,P-039201,PR-00887,ИП «Зиновьев Захаров»,2025-07-10,36,36.64,1319.04,Pendiente
O-005344,BR-00354,P-039210,PR-00681,Стрелков Инк,2025-08-16,36,79.57,2864.52,Pendiente
O-005345,BR-00354,P-039218,PR-00757,ФортеИнвест,2025-08-20,83,134.41,11156.03,Pendiente
O-005346,BR-00354,P-039219,PR-00757,ФортеИнвест,2025-07-16,58,97.07,5630.06,En tránsito
O-005347,BR-00354,P-039221,PR-00873,ИП «Фомичева-Александров»,2025-07-16,59,123.98,7314.82,En tránsito
O-005348,BR-00354,P-039224,PR-01476,РАО «Прохоров»,2025-08-16,87,72.57,6313.59,En tránsito
O-005349,BR-00354,P-039234,PR-00433,"НПО «Лапин, Зиновьев и Гришин»",2025-07-28,92,42.15,3877.8,En tránsito
O-005350,BR-00354,P-039235,PR-00434,НПО «Владимирова»,2025-08-12,80,47.68,3814.4,Pendiente
O-005351,BR-00354,P-039241,PR-00435,ООО «Ермакова Лихачева»,2025-08-25,86,11.04,949.44,Pendiente
O-005352,BR-00354,P-039244,PR-01089,РАО «Молчанов-Шилова»,2025-07-23,79,56.76,4484.04,Pendiente
O-005353,BR-00354,P-039256,PR-00438,"АО «Молчанова, Ширяева и Аксенов»",2025-07-17,100,148.49,14849.0,En tránsito
O-005354,BR-00355,P-039264,PR-01370,ООО «Афанасьева Владимирова»,2025-07-10,95,5.15,489.25,Pendiente
O-005355,BR-00355,P-039268,PR-00467,Соллерс,2025-07-06,41,111.5,4571.5,Recibido
O-005356,BR-00355,P-039269,PR-00467,Соллерс,2025-07-23,63,71.63,4512.69,Pendiente
O-005357,BR-00355,P-039271,PR-00468,ИП «Воронов»,2025-07-31,98,117.73,11537.54,Recibido
O-005358,BR-00355,P-039272,PR-00468,ИП «Воронов»,2025-08-23,76,114.67,8714.92,Pendiente
O-005359,BR-00355,P-039279,PR-00469,Пестова Лтд,2025-07-03,91,71.04,6464.64,Recibido
O-005360,BR-00355,P-039284,PR-00470,РАО «Лазарев Устинова»,2025-07-13,32,48.39,1548.48,Pendiente
O-005361,BR-00355,P-039294,PR-00456,Жукова Лимитед,2025-07-26,65,92.07,5984.55,Recibido
O-005362,BR-00355,P-039297,PR-01170,Ачимгаз,2025-07-06,24,145.45,3490.8,En tránsito
O-005363,BR-00355,P-039298,PR-01031,РАО «Крюков»,2025-08-27,37,128.79,4765.23,Pendiente
O-005364,BR-00355,P-039300,PR-01031,РАО «Крюков»,2025-07-17,81,91.06,7375.86,Pendiente
O-005365,BR-00355,P-039307,PR-00459,ЗАО «Зыков Белозеров»,2025-08-24,78,20.69,1613.82,En tránsito
O-005366,BR-00355,P-039311,PR-01003,"АО «Копылов, Дорофеева и Гурьев»",2025-07-08,46,71.14,3272.44,En tránsito
O-005367,BR-00355,P-039313,PR-00681,Стрелков Инк,2025-07-16,86,125.84,10822.24,Pendiente
O-005368,BR-00355,P-039335,PR-00433,"НПО «Лапин, Зиновьев и Гришин»",2025-08-09,63,53.83,3391.29,En tránsito
O-005369,BR-00355,P-039338,PR-00434,НПО «Владимирова»,2025-08-25,24,64.69,1552.56,Recibido
O-005370,BR-00355,P-039344,PR-01188,ИП «Романова-Шубин»,2025-07-19,46,74.51,3427.46,Recibido
O-005371,BR-00355,P-039345,PR-00435,ООО «Ермакова Лихачева»,2025-08-19,86,98.1,8436.6,Recibido
O-005372,BR-00355,P-039357,PR-00790,Фадеев Инк,2025-07-25,38,6.21,235.98,Pendiente
O-005373,BR-00355,P-039359,PR-00437,АО «Власов Иванова»,2025-07-29,62,52.58,3259.96,Pendiente
O-005374,BR-00356,P-039388,PR-00469,Пестова Лтд,2025-08-25,42,90.14,3785.88,En tránsito
O-005375,BR-00356,P-039398,PR-01077,РАО «Наумова»,2025-08-22,88,78.15,6877.2,Recibido
O-005376,BR-00356,P-039403,PR-01170,Ачимгаз,2025-08-09,33,67.72,2234.76,Pendiente
O-005377,BR-00356,P-039418,PR-00460,Сазонов Групп,2025-07-20,52,14.55,756.6,En tránsito
O-005378,BR-00356,P-039422,PR-00952,ООО «Иванова Кононова»,2025-07-01,57,51.15,2915.55,Pendiente
O-005379,BR-00356,P-039423,PR-01020,АО «Тарасов Гущина»,2025-07-18,46,85.52,3933.92,Recibido
O-005380,BR-00356,P-039424,PR-00430,Красильников Инк,2025-08-19,65,136.6,8879.0,Recibido
O-005381,BR-00356,P-039426,PR-00757,ФортеИнвест,2025-07-23,26,33.16,862.16,En tránsito
O-005382,BR-00356,P-039440,PR-01229,РАО «Михайлова Казакова»,2025-07-08,58,57.13,3313.54,Pendiente
O-005383,BR-00356,P-039443,PR-01188,ИП «Романова-Шубин»,2025-07-25,62,12.22,757.64,Pendiente
O-005384,BR-00356,P-039452,PR-01089,РАО «Молчанов-Шилова»,2025-08-07,72,81.93,5898.96,En tránsito
O-005385,BR-00356,P-039463,PR-00438,"АО «Молчанова, Ширяева и Аксенов»",2025-07-16,50,59.74,2987.0,En tránsito
O-005386,BR-00357,P-039466,PR-00466,"ИП «Афанасьев, Молчанов и Никифоров»",2025-08-01,31,26.23,813.13,Pendiente
O-005387,BR-00357,P-039468,PR-01370,ООО «Афанасьева Владимирова»,2025-07-28,49,20.79,1018.71,Recibido
O-005388,BR-00357,P-039469,PR-00466,"ИП «Афанасьев, Молчанов и Никифоров»",2025-08-26,37,114.58,4239.46,Pendiente
O-005389,BR-00357,P-039471,PR-00467,Соллерс,2025-08-15,25,51.26,1281.5,En tránsito
O-005390,BR-00357,P-039472,PR-00467,Соллерс,2025-08-27,30,129.09,3872.7,Recibido
O-005391,BR-00357,P-039484,PR-00469,Пестова Лтд,2025-07-27,45,23.36,1051.2,Pendiente
O-005392,BR-00357,P-039497,PR-01077,РАО «Наумова»,2025-08-07,74,132.88,9833.12,Pendiente
O-005393,BR-00357,P-039499,PR-01170,Ачимгаз,2025-07-12,23,90.98,2092.54,Pendiente
O-005394,BR-00357,P-039509,PR-01003,"АО «Копылов, Дорофеева и Гурьев»",2025-07-12,71,23.17,1645.07,En tránsito
O-005395,BR-00357,P-039510,PR-01003,"АО «Копылов, Дорофеева и Гурьев»",2025-08-19,98,82.95,8129.1,En tránsito
O-005396,BR-00357,P-039519,PR-01020,АО «Тарасов Гущина»,2025-08-02,93,101.49,9438.57,Recibido
O-005397,BR-00357,P-039542,PR-00433,"НПО «Лапин, Зиновьев и Гришин»",2025-07-29,80,137.68,11014.4,En tránsito
O-005398,BR-00357,P-039550,PR-00435,ООО «Ермакова Лихачева»,2025-08-25,99,136.16,13479.84,En tránsito
O-005399,BR-00357,P-039560,PR-00438,"АО «Молчанова, Ширяева и Аксенов»",2025-07-10,76,6.57,499.32,Pendiente
O-005400,BR-00358,P-039572,PR-00468,ИП «Воронов»,2025-07-27,77,120.53,9280.81,Pendiente
O-005401,BR-00358,P-039576,PR-00469,Пестова Лтд,2025-07-02,53,26.48,1403.44,En tránsito
O-005402,BR-00358,P-039587,PR-01077,РАО «Наумова»,2025-08-08,55,126.15,6938.25,En tránsito
O-005403,BR-00358,P-039599,PR-00459,ЗАО «Зыков Белозеров»,2025-08-20,81,114.4,9266.4,En tránsito
O-005404,BR-00358,P-039609,PR-01020,АО «Тарасов Гущина»,2025-07-01,33,73.26,2417.58,Pendiente
O-005405,BR-00358,P-039623,PR-00433,"НПО «Лапин, Зиновьев и Гришин»",2025-08-20,27,134.4,3628.8,En tránsito
O-005406,BR-00358,P-039641,PR-00436,ЗАО «Лихачев-Цветков»,2025-07-20,68,38.29,2603.72,Recibido
O-005407,BR-00359,P-039659,PR-01040,Металлсервис,2025-07-30,32,87.55,2801.6,Recibido
O-005408,BR-00359,P-039666,PR-00467,Соллерс,2025-08-15,97,30.95,3002.15,En tránsito
O-005409,BR-00359,P-039669,PR-00468,ИП «Воронов»,2025-08-20,30,9.21,276.3,En tránsito
O-005410,BR-00359,P-039672,PR-00468,ИП «Воронов»,2025-08-05,30,76.39,2291.7,En tránsito
O-005411,BR-00359,P-039673,PR-00468,ИП «Воронов»,2025-07-07,70,50.25,3517.5,En tránsito
O-005412,BR-00359,P-039684,PR-00456,Жукова Лимитед,2025-08-28,85,35.21,2992.85,Recibido
O-005413,BR-00359,P-039692,PR-00458,"ИП «Ильина, Селезнева и Быкова»",2025-07-23,75,24.1,1807.5,Recibido
O-005414,BR-00359,P-039697,PR-00459,ЗАО «Зыков Белозеров»,2025-07-15,44,103.03,4533.32,Recibido
O-005415,BR-00359,P-039729,PR-00433,"НПО «Лапин, Зиновьев и Гришин»",2025-08-01,76,72.28,5493.28,En tránsito
O-005416,BR-00359,P-039734,PR-01229,РАО «Михайлова Казакова»,2025-08-08,49,132.51,6492.99,Pendiente
O-005417,BR-00360,P-039760,PR-01040,Металлсервис,2025-08-02,85,52.91,4497.35,En tránsito
O-005418,BR-00360,P-039762,PR-00638,НПО «Попова»,2025-07-08,59,134.04,7908.36,Pendiente
O-005419,BR-00360,P-039768,PR-00468,ИП «Воронов»,2025-08-22,91,87.87,7996.17,En tránsito
O-005420,BR-00360,P-039776,PR-00469,Пестова Лтд,2025-07-15,97,114.6,11116.2,Pendiente
O-005421,BR-00360,P-039780,PR-00470,РАО «Лазарев Устинова»,2025-08-03,74,86.54,6403.96,Pendiente
O-005422,BR-00360,P-039788,PR-01170,Ачимгаз,2025-06-30,87,86.94,7563.78,Recibido
O-005423,BR-00360,P-039797,PR-00459,ЗАО «Зыков Белозеров»,2025-08-09,25,112.64,2816.0,Pendiente
O-005424,BR-00360,P-039818,PR-01476,РАО «Прохоров»,2025-08-20,28,70.04,1961.12,En tránsito
O-005425,BR-00360,P-039830,PR-01229,РАО «Михайлова Казакова»,2025-07-18,50,127.45,6372.5,En tránsito
O-005426,BR-00360,P-039837,PR-00435,ООО «Ермакова Лихачева»,2025-08-12,21,13.14,275.94,En tránsito
O-005427,BR-00360,P-039845,PR-00790,Фадеев Инк,2025-08-28,56,70.92,3971.52,Pendiente
O-005428,BR-00361,P-039853,PR-01370,ООО «Афанасьева Владимирова»,2025-07-10,90,74.8,6732.0,Recibido
O-005429,BR-00361,P-039859,PR-00467,Соллерс,2025-07-10,79,17.16,1355.64,Pendiente
O-005430,BR-00361,P-039861,PR-00467,Соллерс,2025-08-01,100,14.66,1466.0,En tránsito
O-005431,BR-00361,P-039862,PR-00467,Соллерс,2025-07-14,27,118.53,3200.31,En tránsito
O-005432,BR-00361,P-039878,PR-01248,НПО «Евдокимов»,2025-08-08,69,5.84,402.96,Pendiente
O-005433,BR-00361,P-039883,PR-00456,Жукова Лимитед,2025-08-11,61,52.56,3206.16,Pendiente
O-005434,BR-00361,P-039884,PR-01077,РАО «Наумова»,2025-08-05,20,79.98,1599.6,En tránsito
O-005435,BR-00361,P-039890,PR-01286,АО «Тетерина»,2025-07-02,95,80.01,7600.95,Pendiente
O-005436,BR-00361,P-039892,PR-00458,"ИП «Ильина, Селезнева и Быкова»",2025-07-25,62,37.04,2296.48,En tránsito
O-005437,BR-00361,P-039896,PR-00459,ЗАО «Зыков Белозеров»,2025-07-09,43,24.99,1074.57,Pendiente
O-005438,BR-00361,P-039910,PR-00757,ФортеИнвест,2025-08-02,67,114.73,7686.91,Pendiente
O-005439,BR-00361,P-039913,PR-00757,ФортеИнвест,2025-07-10,69,137.51,9488.19,Recibido
O-005440,BR-00361,P-039920,PR-00873,ИП «Фомичева-Александров»,2025-07-21,72,72.56,5224.32,Recibido
O-005441,BR-00361,P-039921,PR-00431,Квадра,2025-07-31,66,108.76,7178.16,Pendiente
O-005442,BR-00361,P-039927,PR-00433,"НПО «Лапин, Зиновьев и Гришин»",2025-07-24,51,11.45,583.95,Pendiente
O-005443,BR-00361,P-039928,PR-00433,"НПО «Лапин, Зиновьев и Гришин»",2025-08-25,76,132.1,10039.6,Pendiente
O-005444,BR-00361,P-039935,PR-01188,ИП «Романова-Шубин»,2025-08-01,93,129.58,12050.94,En tránsito
O-005445,BR-00361,P-039947,PR-00790,Фадеев Инк,2025-07-25,35,48.13,1684.55,Recibido
O-005446,BR-00361,P-039948,PR-00437,АО «Власов Иванова»,2025-08-05,83,22.07,1831.81,Recibido
O-005447,BR-00361,P-039949,PR-00437,АО «Власов Иванова»,2025-08-25,73,65.95,4814.35,En tránsito
O-005448,BR-00361,P-039950,PR-00437,АО «Власов Иванова»,2025-08-01,65,48.3,3139.5,En tránsito
O-005449,BR-00361,P-039952,PR-00438,"АО «Молчанова, Ширяева и Аксенов»",2025-08-20,95,116.85,11100.75,Recibido
O-005450,BR-00361,P-039955,PR-00438,"АО «Молчанова, Ширяева и Аксенов»",2025-07-20,93,81.84,7611.12,En tránsito
O-005451,BR-00362,P-039957,PR-00638,НПО «Попова»,2025-08-25,37,148.91,5509.67,Pendiente
O-005452,BR-00362,P-039960,PR-01040,Металлсервис,2025-08-24,56,106.01,5936.56,Recibido
O-005453,BR-00362,P-039972,PR-00469,Пестова Лтд,2025-07-26,22,115.18,2533.96,En tránsito
O-005454,BR-00362,P-039985,PR-00458,"ИП «Ильина, Селезнева и Быкова»",2025-08-12,70,98.14,6869.8,Pendiente
O-005455,BR-00362,P-039987,PR-00887,ИП «Зиновьев Захаров»,2025-07-03,31,141.61,4389.91,En tránsito
O-005456,BR-00362,P-039992,PR-00459,ЗАО «Зыков Белозеров»,2025-08-16,85,94.23,8009.55,En tránsito
O-005457,BR-00362,P-040021,PR-00433,"НПО «Лапин, Зиновьев и Гришин»",2025-07-10,57,6.3,359.1,En tránsito
O-005458,BR-00362,P-040023,PR-00433,"НПО «Лапин, Зиновьев и Гришин»",2025-08-14,69,77.59,5353.71,Recibido
O-005459,BR-00362,P-040025,PR-00433,"НПО «Лапин, Зиновьев и Гришин»",2025-07-02,48,3.1,148.8,En tránsito
O-005460,BR-00363,P-040055,PR-01370,ООО «Афанасьева Владимирова»,2025-08-04,33,66.37,2190.21,Pendiente
O-005461,BR-00363,P-040059,PR-01040,Металлсервис,2025-08-12,55,21.43,1178.65,Recibido
O-005462,BR-00363,P-040070,PR-00469,Пестова Лтд,2025-08-05,47,27.18,1277.46,Recibido
O-005463,BR-00363,P-040074,PR-00470,РАО «Лазарев Устинова»,2025-07-16,34,11.64,395.76,Pendiente
O-005464,BR-00363,P-040075,PR-01248,НПО «Евдокимов»,2025-07-27,74,75.98,5622.52,Recibido
O-005465,BR-00363,P-040081,PR-00456,Жукова Лимитед,2025-08-19,29,35.8,1038.2,Pendiente
O-005466,BR-00363,P-040091,PR-00459,ЗАО «Зыков Белозеров»,2025-07-10,94,16.9,1588.6,En tránsito
O-005467,BR-00363,P-040096,PR-00460,Сазонов Групп,2025-07-17,33,102.34,3377.22,Recibido
O-005468,BR-00363,P-040105,PR-00952,ООО «Иванова Кононова»,2025-07-03,48,141.77,6804.96,Recibido
O-005469,BR-00363,P-040110,PR-00757,ФортеИнвест,2025-07-21,88,56.93,5009.84,Pendiente
O-005470,BR-00363,P-040129,PR-00434,НПО «Владимирова»,2025-07-05,43,112.74,4847.82,Pendiente
O-005471,BR-00364,P-040165,PR-00468,ИП «Воронов»,2025-07-01,67,129.86,8700.62,En tránsito
O-005472,BR-00364,P-040167,PR-00468,ИП «Воронов»,2025-07-02,52,59.09,3072.68,En tránsito
O-005473,BR-00364,P-040179,PR-01077,РАО «Наумова»,2025-08-15,97,41.29,4005.13,En tránsito
O-005474,BR-00364,P-040182,PR-01077,РАО «Наумова»,2025-07-11,64,104.88,6712.32,Recibido
O-005475,BR-00364,P-040196,PR-00458,"ИП «Ильина, Селезнева и Быкова»",2025-07-26,53,50.64,2683.92,En tránsito
O-005476,BR-00364,P-040233,PR-00433,"НПО «Лапин, Зиновьев и Гришин»",2025-08-17,60,80.38,4822.8,Pendiente
O-005477,BR-00364,P-040238,PR-01229,РАО «Михайлова Казакова»,2025-08-02,97,40.66,3944.02,En tránsito
O-005478,BR-00364,P-040243,PR-01188,ИП «Романова-Шубин»,2025-08-01,99,123.27,12203.73,Pendiente
O-005479,BR-00364,P-040251,PR-00436,ЗАО «Лихачев-Цветков»,2025-07-31,25,96.2,2405.0,En tránsito
O-005480,BR-00364,P-040258,PR-00437,АО «Власов Иванова»,2025-07-30,95,79.45,7547.75,Pendiente
O-005481,BR-00364,P-040259,PR-00438,"АО «Молчанова, Ширяева и Аксенов»",2025-08-19,54,120.96,6531.84,En tránsito
O-005482,BR-00365,P-040276,PR-00467,Соллерс,2025-07-14,40,9.38,375.2,En tránsito
O-005483,BR-00365,P-040278,PR-00468,ИП «Воронов»,2025-08-18,64,96.67,6186.88,En tránsito
O-005484,BR-00365,P-040282,PR-00469,Пестова Лтд,2025-07-03,20,28.85,577.0,Pendiente
O-005485,BR-00365,P-040284,PR-00469,Пестова Лтд,2025-07-03,81,33.54,2716.74,Recibido
O-005486,BR-00365,P-040294,PR-01077,РАО «Наумова»,2025-07-16,31,89.69,2780.39,Recibido
O-005487,BR-00365,P-040296,PR-01077,РАО «Наумова»,2025-08-26,29,25.7,745.3,Recibido
O-005488,BR-00365,P-040337,PR-00432,АО «Калинин»,2025-07-30,56,38.49,2155.44,Pendiente
O-005489,BR-00365,P-040343,PR-00433,"НПО «Лапин, Зиновьев и Гришин»",2025-08-15,60,32.26,1935.6,Pendiente
O-005490,BR-00365,P-040347,PR-01229,РАО «Михайлова Казакова»,2025-07-03,83,140.05,11624.15,Recibido
O-005491,BR-00365,P-040350,PR-01229,РАО «Михайлова Казакова»,2025-08-23,87,143.92,12521.04,Recibido
O-005492,BR-00366,P-040375,PR-00467,Соллерс,2025-08-26,75,33.68,2526.0,En tránsito
O-005493,BR-00366,P-040404,PR-00887,ИП «Зиновьев Захаров»,2025-06-30,97,46.42,4502.74,Recibido
O-005494,BR-00366,P-040406,PR-00887,ИП «Зиновьев Захаров»,2025-08-04,61,112.82,6882.02,En tránsito
O-005495,BR-00366,P-040407,PR-01484,ООО «Михайлова»,2025-08-03,78,3.55,276.9,En tránsito
O-005496,BR-00366,P-040429,PR-00432,АО «Калинин»,2025-06-30,67,130.45,8740.15,Pendiente
O-005497,BR-00366,P-040447,PR-01188,ИП «Романова-Шубин»,2025-08-17,42,26.07,1094.94,Recibido
O-005498,BR-00367,P-040463,PR-01370,ООО «Афанасьева Владимирова»,2025-08-12,85,14.9,1266.5,Recibido
O-005499,BR-00367,P-040466,PR-00467,Соллерс,2025-07-02,20,67.25,1345.0,En tránsito
O-005500,BR-00367,P-040469,PR-00467,Соллерс,2025-08-24,50,115.14,5757.0,En tránsito
O-005501,BR-00367,P-040471,PR-00468,ИП «Воронов»,2025-08-21,97,69.74,6764.78,Pendiente
O-005502,BR-00367,P-040480,PR-01058,НПО «Кондратьева Абрамова»,2025-07-16,26,48.29,1255.54,Recibido
O-005503,BR-00367,P-040484,PR-00729,ОАО «Емельянов-Зайцев»,2025-07-01,59,145.52,8585.68,En tránsito
O-005504,BR-00367,P-040486,PR-00456,Жукова Лимитед,2025-07-08,78,108.66,8475.48,Pendiente
O-005505,BR-00367,P-040488,PR-00456,Жукова Лимитед,2025-08-09,56,136.99,7671.44,Pendiente
O-005506,BR-00367,P-040489,PR-00456,Жукова Лимитед,2025-08-27,56,59.47,3330.32,Pendiente
O-005507,BR-00367,P-040496,PR-00694,ПСМА Рус,2025-07-16,38,139.68,5307.84,Recibido
O-005508,BR-00367,P-040505,PR-00459,ЗАО «Зыков Белозеров»,2025-07-14,48,14.46,694.08,Recibido
O-005509,BR-00367,P-040506,PR-00459,ЗАО «Зыков Белозеров»,2025-08-27,96,52.73,5062.08,Recibido
O-005510,BR-00367,P-040508,PR-00459,ЗАО «Зыков Белозеров»,2025-08-15,25,121.18,3029.5,Pendiente
O-005511,BR-00367,P-040510,PR-01098,ИП «Морозов-Пономарев»,2025-07-31,53,60.9,3227.7,En tránsito
O-005512,BR-00367,P-040517,PR-00429,Марков Лимитед,2025-08-10,66,24.94,1646.04,En tránsito
O-005513,BR-00367,P-040528,PR-00430,Красильников Инк,2025-08-21,100,118.2,11820.0,Pendiente
O-005514,BR-00367,P-040532,PR-00873,ИП «Фомичева-Александров»,2025-07-10,84,91.19,7659.96,Recibido
O-005515,BR-00367,P-040536,PR-00432,АО «Калинин»,2025-08-24,69,77.58,5353.02,En tránsito
O-005516,BR-00367,P-040543,PR-00433,"НПО «Лапин, Зиновьев и Гришин»",2025-07-27,81,12.96,1049.76,En tránsito
O-005517,BR-00367,P-040547,PR-00434,НПО «Владимирова»,2025-07-31,68,102.8,6990.4,Pendiente
O-005518,BR-00368,P-040585,PR-01104,Лапин и партнеры,2025-07-12,97,23.27,2257.19,Recibido
O-005519,BR-00368,P-040587,PR-01077,РАО «Наумова»,2025-07-30,92,70.09,6448.28,Pendiente
O-005520,BR-00368,P-040591,PR-00457,ОАО «Абрамова-Соболева»,2025-08-06,58,84.06,4875.48,Pendiente
O-005521,BR-00368,P-040592,PR-01170,Ачимгаз,2025-08-25,23,102.69,2361.87,Recibido
O-005522,BR-00368,P-040593,PR-01286,АО «Тетерина»,2025-07-08,78,102.97,8031.66,Recibido
O-005523,BR-00368,P-040603,PR-00459,ЗАО «Зыков Белозеров»,2025-07-01,35,13.07,457.45,Pendiente
O-005524,BR-00368,P-040619,PR-00757,ФортеИнвест,2025-08-19,98,138.61,13583.78,En tránsito
O-005525,BR-00368,P-040631,PR-00433,"НПО «Лапин, Зиновьев и Гришин»",2025-07-02,84,124.67,10472.28,En tránsito
O-005526,BR-00368,P-040632,PR-00433,"НПО «Лапин, Зиновьев и Гришин»",2025-07-10,87,63.44,5519.28,Recibido
O-005527,BR-00369,P-040634,PR-00466,"ИП «Афанасьев, Молчанов и Никифоров»",2025-07-17,66,147.73,9750.18,Pendiente
O-005528,BR-00369,P-040641,PR-00467,Соллерс,2025-08-17,77,89.95,6926.15,Pendiente
O-005529,BR-00369,P-040648,PR-00468,ИП «Воронов»,2025-07-15,22,63.93,1406.46,Pendiente
O-005530,BR-00369,P-040653,PR-00469,Пестова Лтд,2025-08-25,52,145.1,7545.2,En tránsito
O-005531,BR-00369,P-040663,PR-00456,Жукова Лимитед,2025-08-06,63,138.44,8721.72,En tránsito
O-005532,BR-00369,P-040666,PR-01077,РАО «Наумова»,2025-07-23,78,64.8,5054.4,En tránsito
O-005533,BR-00369,P-040674,PR-00887,ИП «Зиновьев Захаров»,2025-07-30,61,147.14,8975.54,Pendiente
O-005534,BR-00369,P-040678,PR-00459,ЗАО «Зыков Белозеров»,2025-08-09,97,85.08,8252.76,Recibido
O-005535,BR-00369,P-040682,PR-00460,Сазонов Групп,2025-07-24,55,55.27,3039.85,Recibido
O-005536,BR-00369,P-040686,PR-00429,Марков Лимитед,2025-08-20,95,32.65,3101.75,Pendiente
O-005537,BR-00369,P-040688,PR-01020,АО «Тарасов Гущина»,2025-08-10,86,114.14,9816.04,En tránsito
O-005538,BR-00369,P-040690,PR-00430,Красильников Инк,2025-08-04,62,90.97,5640.14,En tránsito
O-005539,BR-00369,P-040694,PR-00873,ИП «Фомичева-Александров»,2025-07-28,26,2.95,76.7,Recibido
O-005540,BR-00369,P-040697,PR-00873,ИП «Фомичева-Александров»,2025-06-30,44,114.7,5046.8,En tránsito
O-005541,BR-00369,P-040699,PR-01476,РАО «Прохоров»,2025-07-01,92,45.81,4214.52,En tránsito
O-005542,BR-00369,P-040703,PR-00433,"НПО «Лапин, Зиновьев и Гришин»",2025-08-12,58,38.99,2261.42,Pendiente
O-005543,BR-00369,P-040707,PR-00433,"НПО «Лапин, Зиновьев и Гришин»",2025-08-16,45,6.24,280.8,En tránsito
O-005544,BR-00370,P-040708,PR-00466,"ИП «Афанасьев, Молчанов и Никифоров»",2025-08-25,33,11.66,384.78,En tránsito
O-005545,BR-00370,P-040716,PR-00467,Соллерс,2025-08-08,65,61.74,4013.1,Pendiente
O-005546,BR-00370,P-040736,PR-00456,Жукова Лимитед,2025-07-28,77,104.45,8042.65,En tránsito
O-005547,BR-00370,P-040749,PR-00458,"ИП «Ильина, Селезнева и Быкова»",2025-08-05,34,89.52,3043.68,En tránsito
O-005548,BR-00370,P-040755,PR-01003,"АО «Копылов, Дорофеева и Гурьев»",2025-07-02,59,117.49,6931.91,Recibido
O-005549,BR-00370,P-040757,PR-01144,"ИП «Киселева, Попов и Бобылев»",2025-07-12,73,118.32,8637.36,En tránsito
O-005550,BR-00370,P-040765,PR-00430,Красильников Инк,2025-07-09,82,27.36,2243.52,Recibido
O-005551,BR-00370,P-040766,PR-00873,ИП «Фомичева-Александров»,2025-07-16,35,43.03,1506.05,Recibido
O-005552,BR-00370,P-040774,PR-01476,РАО «Прохоров»,2025-08-20,83,80.85,6710.55,En tránsito
O-005553,BR-00371,P-040786,PR-00466,"ИП «Афанасьев, Молчанов и Никифоров»",2025-07-08,77,39.97,3077.69,En tránsito
O-005554,BR-00371,P-040791,PR-00467,Соллерс,2025-07-12,92,117.58,10817.36,Pendiente
O-005555,BR-00371,P-040804,PR-00729,ОАО «Емельянов-Зайцев»,2025-07-13,78,52.61,4103.58,Pendiente
O-005556,BR-00371,P-040811,PR-01077,РАО «Наумова»,2025-08-21,23,96.4,2217.2,Pendiente
O-005557,BR-00371,P-040814,PR-01286,АО «Тетерина»,2025-07-07,37,120.6,4462.2,Pendiente
O-005558,BR-00371,P-040819,PR-00457,ОАО «Абрамова-Соболева»,2025-08-17,26,88.01,2288.26,Pendiente
O-005559,BR-00371,P-040829,PR-00459,ЗАО «Зыков Белозеров»,2025-07-02,93,128.71,11970.03,Recibido
O-005560,BR-00371,P-040839,PR-00952,ООО «Иванова Кононова»,2025-07-23,81,54.46,4411.26,Pendiente
O-005561,BR-00371,P-040844,PR-00430,Красильников Инк,2025-07-18,33,7.68,253.44,En tránsito
O-005562,BR-00371,P-040849,PR-00431,Квадра,2025-07-06,61,111.01,6771.61,En tránsito
O-005563,BR-00371,P-040862,PR-00433,"НПО «Лапин, Зиновьев и Гришин»",2025-08-02,40,65.52,2620.8,Pendiente
O-005564,BR-00371,P-040863,PR-00433,"НПО «Лапин, Зиновьев и Гришин»",2025-07-20,45,78.36,3526.2,En tránsito
O-005565,BR-00372,P-040891,PR-00456,Жукова Лимитед,2025-07-16,74,98.76,7308.24,En tránsito
O-005566,BR-00372,P-040900,PR-00887,ИП «Зиновьев Захаров»,2025-08-14,56,39.74,2225.44,Pendiente
O-005567,BR-00372,P-040922,PR-00757,ФортеИнвест,2025-07-16,84,109.15,9168.6,Pendiente
O-005568,BR-00372,P-040926,PR-00431,Квадра,2025-08-05,34,9.75,331.5,En tránsito
O-005569,BR-00372,P-040933,PR-00433,"НПО «Лапин, Зиновьев и Гришин»",2025-07-08,21,120.24,2525.04,Pendiente
O-005570,BR-00373,P-040936,PR-01370,ООО «Афанасьева Владимирова»,2025-08-03,36,71.27,2565.72,Pendiente
O-005571,BR-00373,P-040939,PR-00467,Соллерс,2025-08-01,78,96.94,7561.32,En tránsito
O-005572,BR-00373,P-040942,PR-00468,ИП «Воронов»,2025-08-18,23,140.55,3232.65,Recibido
O-005573,BR-00373,P-040951,PR-00617,"ИП «Беспалов, Исаков и Власов»",2025-07-03,43,77.58,3335.94,Recibido
O-005574,BR-00373,P-040978,PR-00429,Марков Лимитед,2025-07-23,85,18.37,1561.45,En tránsito
O-005575,BR-00373,P-040979,PR-01020,АО «Тарасов Гущина»,2025-08-17,32,102.8,3289.6,En tránsito
O-005576,BR-00373,P-040983,PR-00430,Красильников Инк,2025-07-31,70,87.16,6101.2,En tránsito
O-005577,BR-00373,P-040990,PR-00431,Квадра,2025-08-16,70,122.1,8547.0,Recibido
O-005578,BR-00374,P-041009,PR-00466,"ИП «Афанасьев, Молчанов и Никифоров»",2025-08-16,37,82.89,3066.93,Pendiente
O-005579,BR-00374,P-041014,PR-00467,Соллерс,2025-08-12,93,79.05,7351.65,Recibido
O-005580,BR-00374,P-041046,PR-00459,ЗАО «Зыков Белозеров»,2025-07-02,37,39.58,1464.46,Recibido
O-005581,BR-00374,P-041051,PR-00681,Стрелков Инк,2025-06-30,55,49.16,2703.8,Pendiente
O-005582,BR-00374,P-041052,PR-01020,АО «Тарасов Гущина»,2025-08-22,66,10.91,720.06,Pendiente
O-005583,BR-00374,P-041053,PR-01020,АО «Тарасов Гущина»,2025-07-30,69,136.67,9430.23,Pendiente
O-005584,BR-00374,P-041054,PR-00429,Марков Лимитед,2025-07-30,31,106.6,3304.6,En tránsito
O-005585,BR-00374,P-041077,PR-00433,"НПО «Лапин, Зиновьев и Гришин»",2025-07-24,33,46.3,1527.9,En tránsito
O-005586,BR-00375,P-041082,PR-00466,"ИП «Афанасьев, Молчанов и Никифоров»",2025-07-31,44,10.91,480.04,En tránsito
O-005587,BR-00375,P-041088,PR-00467,Соллерс,2025-07-14,42,84.33,3541.86,En tránsito
O-005588,BR-00375,P-041096,PR-00469,Пестова Лтд,2025-07-28,82,96.92,7947.44,En tránsito
O-005589,BR-00375,P-041102,PR-00470,РАО «Лазарев Устинова»,2025-08-19,88,17.82,1568.16,Recibido
O-005590,BR-00375,P-041132,PR-00429,Марков Лимитед,2025-07-15,99,100.01,9900.99,En tránsito
O-005591,BR-00375,P-041137,PR-00429,Марков Лимитед,2025-07-28,22,110.42,2429.24,Pendiente
O-005592,BR-00375,P-041153,PR-01476,РАО «Прохоров»,2025-07-06,51,43.09,2197.59,Recibido
O-005593,BR-00376,P-041163,PR-01370,ООО «Афанасьева Владимирова»,2025-08-26,83,127.47,10580.01,Pendiente
O-005594,BR-00376,P-041167,PR-00638,НПО «Попова»,2025-08-15,26,19.27,501.02,En tránsito
O-005595,BR-00376,P-041172,PR-00467,Соллерс,2025-08-03,43,17.28,743.04,Recibido
O-005596,BR-00376,P-041175,PR-00468,ИП «Воронов»,2025-08-04,44,65.46,2880.24,En tránsito
O-005597,BR-00376,P-041179,PR-00469,Пестова Лтд,2025-07-26,31,20.87,646.97,Pendiente
O-005598,BR-00376,P-041180,PR-00469,Пестова Лтд,2025-07-04,86,59.84,5146.24,Recibido
O-005599,BR-00376,P-041195,PR-00458,"ИП «Ильина, Селезнева и Быкова»",2025-07-10,41,124.1,5088.1,Recibido
O-005600,BR-00376,P-041198,PR-00887,ИП «Зиновьев Захаров»,2025-07-11,87,65.65,5711.55,Recibido
O-005601,BR-00376,P-041200,PR-00887,ИП «Зиновьев Захаров»,2025-07-27,28,89.65,2510.2,Pendiente
O-005602,BR-00376,P-041214,PR-01144,"ИП «Киселева, Попов и Бобылев»",2025-08-27,43,79.55,3420.65,En tránsito
O-005603,BR-00376,P-041215,PR-00430,Красильников Инк,2025-08-24,21,100.9,2118.9,En tránsito
O-005604,BR-00376,P-041223,PR-00873,ИП «Фомичева-Александров»,2025-07-19,57,10.77,613.89,Pendiente
O-005605,BR-00376,P-041231,PR-00432,АО «Калинин»,2025-07-16,76,80.14,6090.64,En tránsito
O-005606,BR-00376,P-041232,PR-00433,"НПО «Лапин, Зиновьев и Гришин»",2025-08-17,76,149.92,11393.92,Pendiente
O-005607,BR-00377,P-041242,PR-00467,Соллерс,2025-08-17,36,82.75,2979.0,En tránsito
O-005608,BR-00377,P-041244,PR-00467,Соллерс,2025-08-16,83,6.24,517.92,Pendiente
O-005609,BR-00377,P-041246,PR-00468,ИП «Воронов»,2025-07-20,51,63.35,3230.85,Pendiente
O-005610,BR-00377,P-041251,PR-00469,Пестова Лтд,2025-07-13,27,70.16,1894.32,Recibido
O-005611,BR-00377,P-041252,PR-00469,Пестова Лтд,2025-07-06,52,130.56,6789.12,Recibido
O-005612,BR-00377,P-041255,PR-01104,Лапин и партнеры,2025-08-26,86,42.82,3682.52,En tránsito
O-005613,BR-00377,P-041264,PR-01077,РАО «Наумова»,2025-07-31,100,34.47,3447.0,Recibido
O-005614,BR-00377,P-041267,PR-01286,АО «Тетерина»,2025-08-19,32,13.91,445.12,Recibido
O-005615,BR-00377,P-041291,PR-00757,ФортеИнвест,2025-07-11,53,28.27,1498.31,En tránsito
O-005616,BR-00377,P-041298,PR-00431,Квадра,2025-07-25,93,90.15,8383.95,Pendiente
O-005617,BR-00377,P-041301,PR-00431,Квадра,2025-07-04,74,73.59,5445.66,Recibido
O-005618,BR-00377,P-041306,PR-01476,РАО «Прохоров»,2025-08-24,58,26.6,1542.8,En tránsito
O-005619,BR-00378,P-041321,PR-00467,Соллерс,2025-07-30,84,81.62,6856.08,En tránsito
O-005620,BR-00378,P-041333,PR-00469,Пестова Лтд,2025-07-06,38,95.79,3640.02,Pendiente
O-005621,BR-00378,P-041352,PR-00887,ИП «Зиновьев Захаров»,2025-07-15,54,102.89,5556.06,Recibido
O-005622,BR-00378,P-041364,PR-00429,Марков Лимитед,2025-07-14,37,98.71,3652.27,En tránsito
O-005623,BR-00378,P-041384,PR-01476,РАО «Прохоров»,2025-07-22,92,28.03,2578.76,Recibido
O-005624,BR-00378,P-041385,PR-01476,РАО «Прохоров»,2025-07-15,52,30.13,1566.76,Pendiente
O-005625,BR-00378,P-041393,PR-00433,"НПО «Лапин, Зиновьев и Гришин»",2025-07-10,74,106.7,7895.8,En tránsito
O-005626,BR-00379,P-041408,PR-00468,ИП «Воронов»,2025-08-28,86,131.7,11326.2,Pendiente
O-005627,BR-00379,P-041414,PR-00469,Пестова Лтд,2025-07-07,93,3.93,365.49,En tránsito
O-005628,BR-00379,P-041415,PR-00469,Пестова Лтд,2025-07-24,88,143.08,12591.04,Pendiente
O-005629,BR-00379,P-041426,PR-01077,РАО «Наумова»,2025-07-11,95,99.58,9460.1,Pendiente
O-005630,BR-00379,P-041432,PR-00694,ПСМА Рус,2025-08-24,35,3.3,115.5,Pendiente
O-005631,BR-00379,P-041434,PR-01484,ООО «Михайлова»,2025-07-15,26,14.32,372.32,Pendiente
O-005632,BR-00379,P-041437,PR-01484,ООО «Михайлова»,2025-07-03,22,57.07,1255.54,En tránsito
O-005633,BR-00379,P-041452,PR-00757,ФортеИнвест,2025-08-11,84,9.4,789.6,En tránsito
O-005634,BR-00380,P-041481,PR-00468,ИП «Воронов»,2025-08-06,86,89.5,7697.0,Pendiente
O-005635,BR-00380,P-041482,PR-00468,ИП «Воронов»,2025-08-27,54,116.88,6311.52,Pendiente
O-005636,BR-00380,P-041497,PR-01286,АО «Тетерина»,2025-08-03,24,13.21,317.04,Pendiente
O-005637,BR-00380,P-041499,PR-00457,ОАО «Абрамова-Соболева»,2025-08-22,72,42.47,3057.84,Recibido
O-005638,BR-00380,P-041501,PR-01286,АО «Тетерина»,2025-08-07,77,142.65,10984.05,En tránsito
O-005639,BR-00380,P-041502,PR-00458,"ИП «Ильина, Селезнева и Быкова»",2025-08-26,62,70.04,4342.48,Recibido
O-005640,BR-00380,P-041504,PR-01484,ООО «Михайлова»,2025-07-06,69,111.87,7719.03,Recibido
O-005641,BR-00380,P-041508,PR-00887,ИП «Зиновьев Захаров»,2025-08-06,38,13.78,523.64,Pendiente
O-005642,BR-00380,P-041515,PR-00460,Сазонов Групп,2025-07-27,79,55.13,4355.27,En tránsito
O-005643,BR-00380,P-041530,PR-00757,ФортеИнвест,2025-08-18,65,50.27,3267.55,Pendiente
O-005644,BR-00380,P-041544,PR-00433,"НПО «Лапин, Зиновьев и Гришин»",2025-07-23,35,11.42,399.7,En tránsito
O-005645,BR-00381,P-041560,PR-00514,"Rodriguez, Contreras and Mclean",2025-08-09,49,17.11,838.39,En tránsito
O-005646,BR-00381,P-041562,PR-00514,"Rodriguez, Contreras and Mclean",2025-07-02,35,49.82,1743.7,Pendiente
O-005647,BR-00381,P-041564,PR-00514,"Rodriguez, Contreras and Mclean",2025-07-13,23,130.91,3010.93,Recibido
O-005648,BR-00381,P-041570,PR-00516,Kramer LLC,2025-07-16,61,57.21,3489.81,En tránsito
O-005649,BR-00381,P-041580,PR-00517,"Klein, Boyd and Martinez",2025-06-30,68,4.13,280.84,Recibido
O-005650,BR-00381,P-041587,PR-00503,Castro-Estrada,2025-08-16,67,121.35,8130.45,Pendiente
O-005651,BR-00381,P-041596,PR-00505,Decker-Howell,2025-07-04,27,124.02,3348.54,Pendiente
O-005652,BR-00381,P-041597,PR-01150,"Reyes, Wood and Martinez",2025-08-09,65,111.51,7248.15,Recibido
O-005653,BR-00381,P-041599,PR-00722,Walker-Mendoza,2025-08-17,77,69.72,5368.44,Pendiente
O-005654,BR-00381,P-041622,PR-00479,Jackson LLC,2025-07-19,56,75.68,4238.08,Recibido
O-005655,BR-00381,P-041648,PR-00484,"Burton, Sullivan and Garrett",2025-07-04,56,41.42,2319.52,Pendiente
O-005656,BR-00381,P-041649,PR-00484,"Burton, Sullivan and Garrett",2025-07-04,80,56.3,4504.0,Recibido
O-005657,BR-00381,P-041650,PR-01482,"Jones, Patterson and Anderson",2025-08-09,96,91.61,8794.56,En tránsito
O-005658,BR-00381,P-041654,PR-01083,Banks Ltd,2025-08-11,96,17.33,1663.68,Recibido
O-005659,BR-00381,P-041656,PR-01083,Banks Ltd,2025-07-05,29,110.41,3201.89,Recibido
O-005660,BR-00381,P-041659,PR-01036,Sweeney-Rivas,2025-07-09,24,23.12,554.88,Recibido
O-005661,BR-00381,P-041664,PR-00510,Mejia Inc,2025-08-11,55,146.57,8061.35,Pendiente
O-005662,BR-00381,P-041671,PR-00756,"Anderson, Morgan and Garcia",2025-07-31,45,88.37,3976.65,Recibido
O-005663,BR-00381,P-041679,PR-00486,Perez Ltd,2025-08-20,55,17.58,966.9,En tránsito
O-005664,BR-00381,P-041704,PR-00472,Jensen LLC,2025-07-13,21,131.43,2760.03,Recibido
O-005665,BR-00381,P-041714,PR-00474,Jones-Pierce,2025-07-28,66,130.63,8621.58,Pendiente
O-005666,BR-00381,P-041715,PR-00820,Pruitt-Coffey,2025-07-29,62,90.15,5589.3,Pendiente
O-005667,BR-00381,P-041720,PR-00475,"Smith, Perez and Acosta",2025-08-14,68,120.65,8204.2,Pendiente
O-005668,BR-00381,P-041737,PR-00494,Short PLC,2025-08-24,47,87.79,4126.13,En tránsito
O-005669,BR-00381,P-041743,PR-00495,Ellis Inc,2025-07-09,40,19.25,770.0,Recibido
O-005670,BR-00381,P-041746,PR-01076,Jarvis-Lewis,2025-08-02,85,85.85,7297.25,En tránsito
O-005671,BR-00381,P-041747,PR-01076,Jarvis-Lewis,2025-07-08,49,33.59,1645.91,Recibido
O-005672,BR-00381,P-041749,PR-01076,Jarvis-Lewis,2025-07-09,87,90.16,7843.92,Pendiente
O-005673,BR-00381,P-041750,PR-00496,Morales-Brown,2025-08-08,33,88.93,2934.69,Pendiente
O-005674,BR-00381,P-041753,PR-00775,Cruz and Sons,2025-08-15,57,87.02,4960.14,En tránsito
O-005675,BR-00381,P-041760,PR-00498,Bentley-Brady,2025-07-29,48,57.83,2775.84,En tránsito
O-005676,BR-00381,P-041765,PR-00499,Young Ltd,2025-07-09,80,122.91,9832.8,Recibido
O-005677,BR-00381,P-041771,PR-01124,"Gibbs, Webster and Walker",2025-08-26,38,122.25,4645.5,Pendiente
O-005678,BR-00381,P-041773,PR-01124,"Gibbs, Webster and Walker",2025-07-12,89,70.87,6307.43,Pendiente
O-005679,BR-00381,P-041777,PR-00501,Nguyen Ltd,2025-08-10,63,149.83,9439.29,Pendiente
O-005680,BR-00382,P-041788,PR-00982,"Fuller, Gray and Jennings",2025-07-29,48,55.83,2679.84,Recibido
O-005681,BR-00382,P-041796,PR-00514,"Rodriguez, Contreras and Mclean",2025-07-22,38,102.28,3886.64,Recibido
O-005682,BR-00382,P-041805,PR-00517,"Klein, Boyd and Martinez",2025-08-02,71,62.76,4455.96,En tránsito
O-005683,BR-00382,P-041812,PR-00503,Castro-Estrada,2025-08-13,46,117.85,5421.1,Recibido
O-005684,BR-00382,P-041814,PR-00504,"Reyes, Wade and Campbell",2025-08-15,43,68.51,2945.93,Recibido
O-005685,BR-00382,P-041822,PR-00722,Walker-Mendoza,2025-08-01,52,108.91,5663.32,En tránsito
O-005686,BR-00382,P-041844,PR-00477,Hoover-Gentry,2025-08-27,63,34.46,2170.98,Pendiente
O-005687,BR-00382,P-041847,PR-00478,Collins-Bailey,2025-07-13,63,10.95,689.85,En tránsito
O-005688,BR-00382,P-041862,PR-00482,"Richards, Smith and Buck",2025-07-03,24,32.25,774.0,Recibido
O-005689,BR-00382,P-041863,PR-01139,Whitehead LLC,2025-08-08,83,94.88,7875.04,Recibido
O-005690,BR-00382,P-041867,PR-00482,"Richards, Smith and Buck",2025-07-23,62,111.81,6932.22,En tránsito
O-005691,BR-00382,P-041884,PR-00804,Parrish-Gonzalez,2025-07-06,100,33.01,3301.0,En tránsito
O-005692,BR-00382,P-041896,PR-00667,"Beard, Black and Williams",2025-08-25,37,10.28,380.36,En tránsito
O-005693,BR-00382,P-041901,PR-01235,Davidson Ltd,2025-07-14,27,47.47,1281.69,Recibido
O-005694,BR-00382,P-041907,PR-00486,Perez Ltd,2025-07-28,42,15.73,660.66,En tránsito
O-005695,BR-00382,P-041913,PR-00488,"Ortega, Acosta and Martin",2025-08-06,98,137.94,13518.12,Recibido
O-005696,BR-00382,P-041924,PR-00490,Huffman-Kane,2025-08-03,98,140.74,13792.52,En tránsito
O-005697,BR-00382,P-041926,PR-00471,"Griffith, Wood and Campbell",2025-08-17,60,106.11,6366.6,En tránsito
O-005698,BR-00382,P-041933,PR-00472,Jensen LLC,2025-08-05,98,30.14,2953.72,En tránsito
O-005699,BR-00382,P-041943,PR-00475,"Smith, Perez and Acosta",2025-07-27,91,143.7,13076.7,En tránsito
O-005700,BR-00382,P-041944,PR-00475,"Smith, Perez and Acosta",2025-08-27,29,114.69,3326.01,En tránsito
O-005701,BR-00382,P-041953,PR-00948,"Gutierrez, Stephens and Buck",2025-08-23,74,116.94,8653.56,Pendiente
O-005702,BR-00382,P-041954,PR-00491,Jones-Patel,2025-08-12,89,140.5,12504.5,Recibido
O-005703,BR-00382,P-041968,PR-00486,Perez Ltd,2025-07-03,73,39.47,2881.31,En tránsito
O-005704,BR-00382,P-041969,PR-01235,Davidson Ltd,2025-08-16,37,139.51,5161.87,En tránsito
O-005705,BR-00382,P-041972,PR-00486,Perez Ltd,2025-07-01,73,98.64,7200.72,Pendiente
O-005706,BR-00382,P-041977,PR-00495,Ellis Inc,2025-07-15,33,67.81,2237.73,Recibido
O-005707,BR-00382,P-041986,PR-00775,Cruz and Sons,2025-07-19,98,123.89,12141.22,En tránsito
O-005708,BR-00382,P-041995,PR-00498,Bentley-Brady,2025-08-06,51,85.9,4380.9,Recibido
O-005709,BR-00382,P-041998,PR-00499,Young Ltd,2025-08-08,68,106.4,7235.2,En tránsito
O-005710,BR-00382,P-041999,PR-01330,"Foley, Freeman and Miller",2025-07-30,71,15.68,1113.28,Pendiente
O-005711,BR-00382,P-042002,PR-01124,"Gibbs, Webster and Walker",2025-08-22,86,54.22,4662.92,En tránsito
O-005712,BR-00382,P-042003,PR-01124,"Gibbs, Webster and Walker",2025-08-21,77,52.47,4040.19,Pendiente
O-005713,BR-00382,P-042005,PR-00500,Camacho and Sons,2025-07-21,66,147.32,9723.12,Pendiente
O-005714,BR-00382,P-042009,PR-00501,Nguyen Ltd,2025-07-09,31,2.84,88.04,Pendiente
O-005715,BR-00383,P-042024,PR-00514,"Rodriguez, Contreras and Mclean",2025-08-22,44,31.69,1394.36,Recibido
O-005716,BR-00383,P-042025,PR-00515,"Williams, Perez and Mathews",2025-07-28,43,17.53,753.79,Recibido
O-005717,BR-00383,P-042026,PR-00712,"Robertson, Bishop and Burke",2025-08-05,46,128.01,5888.46,Pendiente
O-005718,BR-00383,P-042027,PR-00515,"Williams, Perez and Mathews",2025-07-29,69,59.49,4104.81,Recibido
O-005719,BR-00383,P-042033,PR-00516,Kramer LLC,2025-07-13,71,141.75,10064.25,En tránsito
O-005720,BR-00383,P-042037,PR-01204,Mann Inc,2025-08-12,33,80.05,2641.65,Recibido
O-005721,BR-00383,P-042046,PR-00503,Castro-Estrada,2025-08-21,84,77.13,6478.92,Recibido
O-005722,BR-00383,P-042048,PR-01270,Krause PLC,2025-08-19,49,112.15,5495.35,Recibido
O-005723,BR-00383,P-042049,PR-00504,"Reyes, Wade and Campbell",2025-08-13,75,72.26,5419.5,En tránsito
O-005724,BR-00383,P-042077,PR-01168,Petersen-Sullivan,2025-07-03,56,81.19,4546.64,Pendiente
O-005725,BR-00383,P-042088,PR-01187,"Ho, Mendez and Smith",2025-08-26,24,63.38,1521.12,En tránsito
O-005726,BR-00383,P-042098,PR-01139,Whitehead LLC,2025-08-07,41,87.27,3578.07,Pendiente
O-005727,BR-00383,P-042102,PR-00483,"Hall, Garcia and Farley",2025-07-02,58,58.22,3376.76,En tránsito
O-005728,BR-00383,P-042105,PR-01173,Wilson-Booth,2025-08-12,66,12.96,855.36,Recibido
O-005729,BR-00383,P-042109,PR-00484,"Burton, Sullivan and Garrett",2025-08-20,97,54.57,5293.29,En tránsito
O-005730,BR-00383,P-042112,PR-00485,Wright-Freeman,2025-08-09,43,56.67,2436.81,Pendiente
O-005731,BR-00383,P-042127,PR-00511,Cruz Group,2025-08-01,70,130.59,9141.3,En tránsito
O-005732,BR-00383,P-042130,PR-00511,Cruz Group,2025-08-08,30,136.81,4104.3,Recibido
O-005733,BR-00383,P-042139,PR-00494,Short PLC,2025-07-31,76,62.04,4715.04,Recibido
O-005734,BR-00383,P-042143,PR-00486,Perez Ltd,2025-08-08,32,142.4,4556.8,En tránsito
O-005735,BR-00383,P-042147,PR-01308,Wood LLC,2025-08-04,53,120.96,6410.88,Recibido
O-005736,BR-00383,P-042150,PR-00487,Mullins-Johnson,2025-07-23,40,101.52,4060.8,En tránsito
O-005737,BR-00383,P-042161,PR-00777,Robinson-Smith,2025-07-23,65,62.56,4066.4,Pendiente
O-005738,BR-00383,P-042164,PR-01449,Bartlett-Chandler,2025-07-26,49,139.01,6811.49,En tránsito
O-005739,BR-00383,P-042165,PR-01449,Bartlett-Chandler,2025-08-07,53,103.16,5467.48,Recibido
O-005740,BR-00383,P-042166,PR-00490,Huffman-Kane,2025-07-07,94,77.15,7252.1,Recibido
O-005741,BR-00384,P-042204,PR-01150,"Reyes, Wood and Martinez",2025-07-24,44,109.39,4813.16,En tránsito
O-005742,BR-00384,P-042213,PR-00506,Rowe-Woods,2025-07-25,42,55.09,2313.78,Recibido
O-005743,BR-00384,P-042216,PR-01105,Moore-Weber,2025-08-26,54,30.44,1643.76,Pendiente
O-005744,BR-00384,P-042223,PR-00476,Combs-Giles,2025-08-16,72,4.64,334.08,En tránsito
O-005745,BR-00384,P-042226,PR-01271,Nelson-Torres,2025-07-22,94,148.47,13956.18,Pendiente
O-005746,BR-00384,P-042228,PR-00477,Hoover-Gentry,2025-07-05,47,120.6,5668.2,Pendiente
O-005747,BR-00384,P-042231,PR-01323,Parker-Walsh,2025-07-31,23,19.17,440.91,Pendiente
O-005748,BR-00384,P-042240,PR-00479,Jackson LLC,2025-08-25,71,19.43,1379.53,En tránsito
O-005749,BR-00384,P-042258,PR-01438,Schmidt Ltd,2025-08-11,26,5.24,136.24,Recibido
O-005750,BR-00384,P-042264,PR-01173,Wilson-Booth,2025-07-13,91,76.29,6942.39,En tránsito
O-005751,BR-00384,P-042266,PR-01482,"Jones, Patterson and Anderson",2025-07-06,44,149.24,6566.56,En tránsito
O-005752,BR-00384,P-042269,PR-01359,"Olson, Rose and Roberts",2025-07-19,86,120.6,10371.6,En tránsito
O-005753,BR-00384,P-042272,PR-01362,"Robertson, Mitchell and Morgan",2025-08-16,68,98.02,6665.36,Recibido
O-005754,BR-00384,P-042297,PR-00487,Mullins-Johnson,2025-08-27,75,35.7,2677.5,Recibido
O-005755,BR-00384,P-042299,PR-01308,Wood LLC,2025-08-23,65,23.84,1549.6,Recibido
O-005756,BR-00384,P-042303,PR-01392,"Matthews, Dixon and Patterson",2025-07-09,73,68.28,4984.44,En tránsito
O-005757,BR-00384,P-042308,PR-01444,Chapman and Sons,2025-07-05,50,83.22,4161.0,Recibido
O-005758,BR-00385,P-042320,PR-00982,"Fuller, Gray and Jennings",2025-08-20,51,31.27,1594.77,En tránsito
O-005759,BR-00385,P-042328,PR-00514,"Rodriguez, Contreras and Mclean",2025-07-25,24,43.83,1051.92,Recibido
O-005760,BR-00385,P-042357,PR-00505,Decker-Howell,2025-08-26,96,11.92,1144.32,Pendiente
O-005761,BR-00385,P-042363,PR-00722,Walker-Mendoza,2025-07-23,83,18.01,1494.83,Pendiente
O-005762,BR-00385,P-042374,PR-00476,Combs-Giles,2025-07-24,60,66.34,3980.4,Recibido
O-005763,BR-00385,P-042380,PR-01271,Nelson-Torres,2025-07-13,21,118.35,2485.35,Pendiente
O-005764,BR-00385,P-042396,PR-00480,"Huang, Moore and Powell",2025-07-03,99,83.66,8282.34,Recibido
O-005765,BR-00385,P-042398,PR-00480,"Huang, Moore and Powell",2025-07-19,23,45.68,1050.64,En tránsito
O-005766,BR-00385,P-042432,PR-01450,Lopez Inc,2025-07-19,50,129.46,6473.0,Pendiente
O-005767,BR-00385,P-042444,PR-00512,"Barber, King and Morris",2025-07-31,56,6.56,367.36,Recibido
O-005768,BR-00385,P-042446,PR-00486,Perez Ltd,2025-07-24,66,58.25,3844.5,Recibido
O-005769,BR-00385,P-042449,PR-00486,Perez Ltd,2025-07-17,95,144.97,13772.15,Pendiente
O-005770,BR-00385,P-042450,PR-00766,Osborne and Sons,2025-07-19,79,132.03,10430.37,Pendiente
O-005771,BR-00385,P-042464,PR-00489,Bell PLC,2025-08-14,81,46.76,3787.56,Recibido
O-005772,BR-00385,P-042470,PR-01449,Bartlett-Chandler,2025-08-16,90,119.21,10728.9,Recibido
O-005773,BR-00386,P-042480,PR-00712,"Robertson, Bishop and Burke",2025-08-03,52,100.9,5246.8,Pendiente
O-005774,BR-00386,P-042481,PR-00515,"Williams, Perez and Mathews",2025-07-11,42,138.09,5799.78,Pendiente
O-005775,BR-00386,P-042482,PR-00712,"Robertson, Bishop and Burke",2025-07-01,63,54.88,3457.44,Pendiente
O-005776,BR-00386,P-042486,PR-00516,Kramer LLC,2025-07-18,78,135.78,10590.84,Pendiente
O-005777,BR-00386,P-042490,PR-00517,"Klein, Boyd and Martinez",2025-07-22,39,105.29,4106.31,En tránsito
O-005778,BR-00386,P-042492,PR-00503,Castro-Estrada,2025-08-23,63,20.72,1305.36,Pendiente
O-005779,BR-00386,P-042493,PR-00503,Castro-Estrada,2025-07-14,37,102.46,3791.02,Pendiente
O-005780,BR-00386,P-042495,PR-00503,Castro-Estrada,2025-07-16,66,105.11,6937.26,Recibido
O-005781,BR-00386,P-042502,PR-00505,Decker-Howell,2025-07-14,33,26.14,862.62,En tránsito
O-005782,BR-00386,P-042505,PR-00506,Rowe-Woods,2025-07-01,43,10.93,469.99,En tránsito
O-005783,BR-00386,P-042510,PR-00507,Ward-Nelson,2025-07-26,43,82.93,3565.99,Pendiente
O-005784,BR-00386,P-042511,PR-00507,Ward-Nelson,2025-07-11,60,85.23,5113.8,En tránsito
O-005785,BR-00386,P-042515,PR-00476,Combs-Giles,2025-07-06,38,117.77,4475.26,En tránsito
O-005786,BR-00386,P-042530,PR-01249,"Dixon, Benitez and Serrano",2025-07-22,26,34.47,896.22,En tránsito
O-005787,BR-00386,P-042546,PR-00482,"Richards, Smith and Buck",2025-07-26,47,52.69,2476.43,Pendiente
O-005788,BR-00386,P-042547,PR-00482,"Richards, Smith and Buck",2025-08-15,48,110.9,5323.2,Pendiente
O-005789,BR-00386,P-042561,PR-00485,Wright-Freeman,2025-08-11,43,139.48,5997.64,En tránsito
O-005790,BR-00386,P-042563,PR-01482,"Jones, Patterson and Anderson",2025-07-30,100,131.62,13162.0,Pendiente
O-005791,BR-00386,P-042567,PR-01362,"Robertson, Mitchell and Morgan",2025-07-06,97,133.91,12989.27,En tránsito
O-005792,BR-00386,P-042583,PR-00756,"Anderson, Morgan and Garcia",2025-08-23,46,13.92,640.32,En tránsito
O-005793,BR-00386,P-042591,PR-01235,Davidson Ltd,2025-07-30,66,30.3,1999.8,Pendiente
O-005794,BR-00386,P-042598,PR-00487,Mullins-Johnson,2025-07-11,42,6.62,278.04,En tránsito
O-005795,BR-00387,P-042618,PR-00982,"Fuller, Gray and Jennings",2025-07-21,57,129.69,7392.33,En tránsito
O-005796,BR-00387,P-042624,PR-00514,"Rodriguez, Contreras and Mclean",2025-07-27,45,84.09,3784.05,En tránsito
O-005797,BR-00387,P-042625,PR-00514,"Rodriguez, Contreras and Mclean",2025-07-26,31,39.65,1229.15,Pendiente
O-005798,BR-00387,P-042626,PR-00514,"Rodriguez, Contreras and Mclean",2025-08-13,21,11.9,249.9,Pendiente
O-005799,BR-00387,P-042627,PR-00514,"Rodriguez, Contreras and Mclean",2025-08-01,39,69.93,2727.27,Recibido
O-005800,BR-00387,P-042637,PR-00826,"Bell, Johnson and Mcbride",2025-07-05,71,58.92,4183.32,Pendiente
O-005801,BR-00387,P-042640,PR-00826,"Bell, Johnson and Mcbride",2025-07-20,40,36.02,1440.8,En tránsito
O-005802,BR-00387,P-042642,PR-00826,"Bell, Johnson and Mcbride",2025-07-15,74,99.82,7386.68,Recibido
O-005803,BR-00387,P-042660,PR-01150,"Reyes, Wood and Martinez",2025-07-12,48,122.09,5860.32,Pendiente
O-005804,BR-00387,P-042673,PR-01105,Moore-Weber,2025-08-14,56,36.71,2055.76,Pendiente
O-005805,BR-00387,P-042681,PR-00476,Combs-Giles,2025-07-11,74,31.16,2305.84,En tránsito
O-005806,BR-00387,P-042682,PR-01271,Nelson-Torres,2025-08-28,90,44.48,4003.2,Pendiente
O-005807,BR-00387,P-042695,PR-01114,Palmer Ltd,2025-08-13,29,105.84,3069.36,Pendiente
O-005808,BR-00387,P-042706,PR-00481,"Morris, Johnson and Silva",2025-07-04,32,7.58,242.56,En tránsito
O-005809,BR-00387,P-042710,PR-00481,"Morris, Johnson and Silva",2025-08-15,88,70.37,6192.56,En tránsito
O-005810,BR-00387,P-042711,PR-01139,Whitehead LLC,2025-07-26,39,129.13,5036.07,Pendiente
O-005811,BR-00387,P-042715,PR-00482,"Richards, Smith and Buck",2025-08-28,64,138.3,8851.2,Pendiente
O-005812,BR-00387,P-042730,PR-01411,Thomas Group,2025-08-03,79,61.75,4878.25,Recibido
O-005813,BR-00387,P-042763,PR-00801,"Williams, Carson and Sawyer",2025-07-01,66,146.38,9661.08,Pendiente
O-005814,BR-00387,P-042764,PR-00766,Osborne and Sons,2025-08-16,77,130.18,10023.86,En tránsito
O-005815,BR-00387,P-042765,PR-01235,Davidson Ltd,2025-07-02,57,32.42,1847.94,Pendiente
O-005816,BR-00387,P-042775,PR-01392,"Matthews, Dixon and Patterson",2025-08-01,95,13.99,1329.05,Pendiente
O-005817,BR-00387,P-042776,PR-01392,"Matthews, Dixon and Patterson",2025-08-09,48,41.31,1982.88,Recibido
O-005818,BR-00387,P-042782,PR-00490,Huffman-Kane,2025-07-22,72,23.28,1676.16,En tránsito
O-005819,BR-00387,P-042784,PR-01094,Sanchez PLC,2025-07-11,39,25.06,977.34,En tránsito
O-005820,BR-00388,P-042788,PR-00982,"Fuller, Gray and Jennings",2025-07-24,22,94.7,2083.4,Pendiente
O-005821,BR-00388,P-042805,PR-01204,Mann Inc,2025-07-01,37,59.16,2188.92,Pendiente
O-005822,BR-00388,P-042818,PR-01270,Krause PLC,2025-07-02,99,107.58,10650.42,En tránsito
O-005823,BR-00388,P-042822,PR-00505,Decker-Howell,2025-07-10,48,58.21,2794.08,Pendiente
O-005824,BR-00388,P-042833,PR-00507,Ward-Nelson,2025-08-12,38,122.35,4649.3,En tránsito
O-005825,BR-00388,P-042844,PR-01271,Nelson-Torres,2025-07-17,77,9.21,709.17,En tránsito
O-005826,BR-00388,P-042849,PR-00478,Collins-Bailey,2025-07-26,45,149.51,6727.95,Pendiente
O-005827,BR-00388,P-042854,PR-00480,"Huang, Moore and Powell",2025-08-02,53,105.64,5598.92,Pendiente
O-005828,BR-00388,P-042858,PR-01187,"Ho, Mendez and Smith",2025-08-13,98,81.9,8026.2,Recibido
O-005829,BR-00388,P-042860,PR-00481,"Morris, Johnson and Silva",2025-08-28,67,66.49,4454.83,Pendiente
O-005830,BR-00388,P-042875,PR-01438,Schmidt Ltd,2025-07-29,23,55.03,1265.69,En tránsito
O-005831,BR-00388,P-042882,PR-00484,"Burton, Sullivan and Garrett",2025-08-25,91,59.83,5444.53,Pendiente
O-005832,BR-00388,P-042905,PR-00720,Anderson-Owens,2025-07-19,100,129.52,12952.0,En tránsito
O-005833,BR-00388,P-042907,PR-00510,Mejia Inc,2025-08-01,81,106.04,8589.24,Recibido
O-005834,BR-00388,P-042921,PR-00875,Santos-Lopez,2025-07-22,87,140.09,12187.83,Pendiente
O-005835,BR-00388,P-042924,PR-00487,Mullins-Johnson,2025-07-30,41,97.57,4000.37,Pendiente
O-005836,BR-00388,P-042925,PR-00487,Mullins-Johnson,2025-07-01,66,10.89,718.74,En tránsito
O-005837,BR-00388,P-042928,PR-00487,Mullins-Johnson,2025-07-31,50,68.36,3418.0,Pendiente
O-005838,BR-00388,P-042940,PR-01094,Sanchez PLC,2025-07-31,26,66.73,1734.98,En tránsito
O-005839,BR-00389,P-042956,PR-00712,"Robertson, Bishop and Burke",2025-07-07,65,73.62,4785.3,Pendiente
O-005840,BR-00389,P-042957,PR-00515,"Williams, Perez and Mathews",2025-08-17,61,144.72,8827.92,Recibido
O-005841,BR-00389,P-042968,PR-00517,"Klein, Boyd and Martinez",2025-08-22,48,7.67,368.16,En tránsito
O-005842,BR-00389,P-042972,PR-00503,Castro-Estrada,2025-07-17,60,5.57,334.2,Recibido
O-005843,BR-00389,P-042976,PR-00504,"Reyes, Wade and Campbell",2025-07-05,70,117.32,8212.4,Recibido
O-005844,BR-00389,P-042982,PR-01150,"Reyes, Wood and Martinez",2025-07-13,23,134.38,3090.74,Recibido
O-005845,BR-00389,P-042994,PR-00476,Combs-Giles,2025-08-21,94,104.2,9794.8,Pendiente
O-005846,BR-00389,P-043004,PR-01271,Nelson-Torres,2025-07-21,63,111.56,7028.28,En tránsito
O-005847,BR-00389,P-043009,PR-01278,Garcia Ltd,2025-07-30,97,112.2,10883.4,Pendiente
O-005848,BR-00389,P-043013,PR-01187,"Ho, Mendez and Smith",2025-07-28,69,11.76,811.44,En tránsito
O-005849,BR-00389,P-043030,PR-00483,"Hall, Garcia and Farley",2025-08-07,29,31.96,926.84,Recibido
O-005850,BR-00389,P-043032,PR-01438,Schmidt Ltd,2025-07-11,57,73.87,4210.59,Recibido
O-005851,BR-00389,P-043033,PR-01438,Schmidt Ltd,2025-08-24,60,141.6,8496.0,Pendiente
O-005852,BR-00389,P-043061,PR-00779,Patterson Inc,2025-07-09,48,56.06,2690.88,En tránsito
O-005853,BR-00389,P-043062,PR-00511,Cruz Group,2025-07-26,64,109.64,7016.96,Recibido
O-005854,BR-00389,P-043070,PR-00667,"Beard, Black and Williams",2025-08-23,89,12.5,1112.5,Recibido
O-005855,BR-00389,P-043072,PR-00512,"Barber, King and Morris",2025-08-06,82,23.12,1895.84,Recibido
O-005856,BR-00389,P-043078,PR-00487,Mullins-Johnson,2025-07-24,58,113.09,6559.22,Pendiente
O-005857,BR-00389,P-043086,PR-00488,"Ortega, Acosta and Martin",2025-08-13,39,146.16,5700.24,Pendiente
O-005858,BR-00390,P-043099,PR-00513,"Hernandez, Davidson and Lopez",2025-07-19,72,148.64,10702.08,Pendiente
O-005859,BR-00390,P-043102,PR-00513,"Hernandez, Davidson and Lopez",2025-08-25,96,139.94,13434.24,En tránsito
O-005860,BR-00390,P-043104,PR-00514,"Rodriguez, Contreras and Mclean",2025-07-06,98,90.85,8903.3,Recibido
O-005861,BR-00390,P-043105,PR-00514,"Rodriguez, Contreras and Mclean",2025-08-06,65,32.92,2139.8,Recibido
O-005862,BR-00390,P-043106,PR-00515,"Williams, Perez and Mathews",2025-08-10,31,141.39,4383.09,En tránsito
O-005863,BR-00390,P-043109,PR-00826,"Bell, Johnson and Mcbride",2025-07-23,42,51.04,2143.68,Pendiente
O-005864,BR-00390,P-043112,PR-01204,Mann Inc,2025-07-11,53,135.53,7183.09,Pendiente
O-005865,BR-00390,P-043122,PR-00503,Castro-Estrada,2025-08-17,38,52.23,1984.74,Pendiente
O-005866,BR-00390,P-043124,PR-00503,Castro-Estrada,2025-08-11,73,50.73,3703.29,Pendiente
O-005867,BR-00390,P-043125,PR-01270,Krause PLC,2025-08-05,85,55.79,4742.15,Pendiente
O-005868,BR-00390,P-043129,PR-01270,Krause PLC,2025-08-19,81,148.1,11996.1,Pendiente
O-005869,BR-00390,P-043134,PR-01150,"Reyes, Wood and Martinez",2025-08-05,59,36.58,2158.22,Pendiente
O-005870,BR-00390,P-043137,PR-01150,"Reyes, Wood and Martinez",2025-07-31,56,53.38,2989.28,Recibido
O-005871,BR-00390,P-043143,PR-01105,Moore-Weber,2025-08-24,44,4.72,207.68,En tránsito
O-005872,BR-00390,P-043149,PR-00476,Combs-Giles,2025-07-22,47,26.87,1262.89,En tránsito
O-005873,BR-00390,P-043175,PR-01187,"Ho, Mendez and Smith",2025-07-11,51,148.67,7582.17,En tránsito
O-005874,BR-00390,P-043176,PR-00480,"Huang, Moore and Powell",2025-08-13,56,62.88,3521.28,Recibido
O-005875,BR-00390,P-043185,PR-00481,"Morris, Johnson and Silva",2025-07-05,66,67.02,4423.32,Recibido
O-005876,BR-00390,P-043203,PR-00508,Potter LLC,2025-07-25,57,80.99,4616.43,Recibido
O-005877,BR-00390,P-043230,PR-00801,"Williams, Carson and Sawyer",2025-07-16,69,94.52,6521.88,Pendiente
O-005878,BR-00390,P-043231,PR-00494,Short PLC,2025-07-14,52,17.91,931.32,Recibido
O-005879,BR-00390,P-043232,PR-00494,Short PLC,2025-08-16,77,36.5,2810.5,Recibido
O-005880,BR-00390,P-043238,PR-00487,Mullins-Johnson,2025-08-12,28,30.33,849.24,Recibido
O-005881,BR-00390,P-043239,PR-00488,"Ortega, Acosta and Martin",2025-08-01,28,97.12,2719.36,Recibido
O-005882,BR-00390,P-043242,PR-01392,"Matthews, Dixon and Patterson",2025-08-25,43,148.95,6404.85,Pendiente
O-005883,BR-00390,P-043245,PR-01392,"Matthews, Dixon and Patterson",2025-07-10,34,148.94,5063.96,Recibido
O-005884,BR-00390,P-043248,PR-01444,Chapman and Sons,2025-07-05,33,84.43,2786.19,Pendiente
O-005885,BR-00390,P-043249,PR-01444,Chapman and Sons,2025-08-13,28,91.39,2558.92,Recibido
O-005886,BR-00390,P-043253,PR-00490,Huffman-Kane,2025-08-25,62,36.49,2262.38,Pendiente
O-005887,BR-00391,P-043258,PR-00898,Garrison LLC,2025-08-12,23,52.53,1208.19,Pendiente
O-005888,BR-00391,P-043259,PR-00898,Garrison LLC,2025-07-18,48,141.36,6785.28,Recibido
O-005889,BR-00391,P-043260,PR-00514,"Rodriguez, Contreras and Mclean",2025-07-06,87,127.7,11109.9,Recibido
O-005890,BR-00391,P-043261,PR-00514,"Rodriguez, Contreras and Mclean",2025-07-10,81,54.16,4386.96,Recibido
O-005891,BR-00391,P-043263,PR-00514,"Rodriguez, Contreras and Mclean",2025-07-23,36,148.86,5358.96,Pendiente
O-005892,BR-00391,P-043268,PR-00515,"Williams, Perez and Mathews",2025-07-08,89,16.24,1445.36,En tránsito
O-005893,BR-00391,P-043272,PR-01204,Mann Inc,2025-07-17,93,16.44,1528.92,En tránsito
O-005894,BR-00391,P-043284,PR-00517,"Klein, Boyd and Martinez",2025-08-13,84,104.23,8755.32,Pendiente
O-005895,BR-00391,P-043291,PR-00504,"Reyes, Wade and Campbell",2025-07-17,70,28.06,1964.2,Recibido
O-005896,BR-00391,P-043298,PR-01150,"Reyes, Wood and Martinez",2025-07-01,100,62.15,6215.0,En tránsito
O-005897,BR-00391,P-043306,PR-00507,Ward-Nelson,2025-07-19,75,48.4,3630.0,En tránsito
O-005898,BR-00391,P-043307,PR-00507,Ward-Nelson,2025-07-02,61,132.77,8098.97,Recibido
O-005899,BR-00391,P-043326,PR-00479,Jackson LLC,2025-07-06,44,4.34,190.96,Pendiente
O-005900,BR-00391,P-043333,PR-01187,"Ho, Mendez and Smith",2025-08-08,84,121.99,10247.16,En tránsito
O-005901,BR-00391,P-043345,PR-00482,"Richards, Smith and Buck",2025-07-23,54,79.37,4285.98,En tránsito
O-005902,BR-00391,P-043352,PR-00484,"Burton, Sullivan and Garrett",2025-07-04,57,82.66,4711.62,Pendiente
O-005903,BR-00391,P-043356,PR-01173,Wilson-Booth,2025-07-09,36,122.71,4417.56,En tránsito
O-005904,BR-00392,P-043361,PR-00898,Garrison LLC,2025-07-14,21,39.47,828.87,En tránsito
O-005905,BR-00392,P-043362,PR-00982,"Fuller, Gray and Jennings",2025-07-17,52,137.98,7174.96,Recibido
O-005906,BR-00392,P-043363,PR-00513,"Hernandez, Davidson and Lopez",2025-07-23,20,31.87,637.4,En tránsito
O-005907,BR-00392,P-043367,PR-00514,"Rodriguez, Contreras and Mclean",2025-08-09,94,96.6,9080.4,En tránsito
O-005908,BR-00392,P-043381,PR-00503,Castro-Estrada,2025-07-15,86,46.46,3995.56,Pendiente
O-005909,BR-00392,P-043382,PR-01270,Krause PLC,2025-07-27,82,82.11,6733.02,Recibido
O-005910,BR-00392,P-043384,PR-00504,"Reyes, Wade and Campbell",2025-07-03,84,27.38,2299.92,En tránsito
O-005911,BR-00392,P-043393,PR-00722,Walker-Mendoza,2025-08-14,20,130.51,2610.2,Pendiente
O-005912,BR-00392,P-043407,PR-00476,Combs-Giles,2025-07-04,74,134.17,9928.58,Pendiente
O-005913,BR-00392,P-043419,PR-01323,Parker-Walsh,2025-08-13,89,78.85,7017.65,En tránsito
O-005914,BR-00392,P-043421,PR-00478,Collins-Bailey,2025-08-02,40,95.53,3821.2,Pendiente
O-005915,BR-00392,P-043429,PR-01187,"Ho, Mendez and Smith",2025-08-28,64,38.66,2474.24,En tránsito
O-005916,BR-00392,P-043437,PR-00481,"Morris, Johnson and Silva",2025-08-18,58,63.52,3684.16,En tránsito
O-005917,BR-00392,P-043442,PR-01438,Schmidt Ltd,2025-06-30,31,50.29,1558.99,En tránsito
O-005918,BR-00392,P-043443,PR-00483,"Hall, Garcia and Farley",2025-08-10,94,11.6,1090.4,Recibido
O-005919,BR-00392,P-043453,PR-01411,Thomas Group,2025-07-22,22,47.7,1049.4,Recibido
O-005920,BR-00393,P-043457,PR-00898,Garrison LLC,2025-08-15,80,131.46,10516.8,Recibido
O-005921,BR-00393,P-043458,PR-00513,"Hernandez, Davidson and Lopez",2025-08-13,58,15.8,916.4,Pendiente
O-005922,BR-00393,P-043467,PR-00712,"Robertson, Bishop and Burke",2025-08-12,55,127.67,7021.85,Recibido
O-005923,BR-00393,P-043474,PR-01204,Mann Inc,2025-08-19,53,120.71,6397.63,En tránsito
O-005924,BR-00393,P-043476,PR-00516,Kramer LLC,2025-07-08,44,65.1,2864.4,En tránsito
O-005925,BR-00393,P-043478,PR-00517,"Klein, Boyd and Martinez",2025-08-21,72,28.53,2054.16,Pendiente
O-005926,BR-00393,P-043482,PR-00517,"Klein, Boyd and Martinez",2025-07-24,99,87.85,8697.15,En tránsito
O-005927,BR-00393,P-043495,PR-01150,"Reyes, Wood and Martinez",2025-07-19,75,105.22,7891.5,Recibido
O-005928,BR-00393,P-043499,PR-01150,"Reyes, Wood and Martinez",2025-08-09,89,84.37,7508.93,Pendiente
O-005929,BR-00393,P-043502,PR-00722,Walker-Mendoza,2025-07-07,73,22.15,1616.95,Pendiente
O-005930,BR-00393,P-043508,PR-01105,Moore-Weber,2025-08-02,33,147.25,4859.25,Pendiente
O-005931,BR-00393,P-043511,PR-01105,Moore-Weber,2025-07-21,87,70.59,6141.33,Recibido
O-005932,BR-00393,P-043514,PR-00476,Combs-Giles,2025-07-30,87,19.1,1661.7,En tránsito
O-005933,BR-00393,P-043517,PR-00477,Hoover-Gentry,2025-08-03,35,53.64,1877.4,En tránsito
O-005934,BR-00393,P-043521,PR-01168,Petersen-Sullivan,2025-08-12,37,77.35,2861.95,En tránsito
O-005935,BR-00393,P-043523,PR-00478,Collins-Bailey,2025-06-30,84,73.17,6146.28,Pendiente
O-005936,BR-00393,P-043526,PR-01114,Palmer Ltd,2025-07-24,70,11.07,774.9,Recibido
O-005937,BR-00393,P-043531,PR-01187,"Ho, Mendez and Smith",2025-07-10,39,6.72,262.08,Recibido
O-005938,BR-00393,P-043548,PR-01438,Schmidt Ltd,2025-08-09,45,35.71,1606.95,Pendiente
O-005939,BR-00393,P-043552,PR-00484,"Burton, Sullivan and Garrett",2025-07-20,44,52.82,2324.08,Recibido
O-005940,BR-00393,P-043553,PR-00484,"Burton, Sullivan and Garrett",2025-08-04,38,80.18,3046.84,Pendiente
O-005941,BR-00394,P-043563,PR-00513,"Hernandez, Davidson and Lopez",2025-07-14,70,123.16,8621.2,Recibido
O-005942,BR-00394,P-043564,PR-00513,"Hernandez, Davidson and Lopez",2025-08-27,72,112.15,8074.8,En tránsito
O-005943,BR-00394,P-043567,PR-00514,"Rodriguez, Contreras and Mclean",2025-08-22,39,87.73,3421.47,En tránsito
O-005944,BR-00394,P-043569,PR-00514,"Rodriguez, Contreras and Mclean",2025-07-16,39,3.06,119.34,Pendiente
O-005945,BR-00394,P-043573,PR-00515,"Williams, Perez and Mathews",2025-08-21,52,41.66,2166.32,En tránsito
O-005946,BR-00394,P-043575,PR-00712,"Robertson, Bishop and Burke",2025-07-27,44,71.54,3147.76,En tránsito
O-005947,BR-00394,P-043581,PR-00516,Kramer LLC,2025-07-07,69,138.84,9579.96,Pendiente
O-005948,BR-00394,P-043590,PR-00503,Castro-Estrada,2025-08-27,75,25.53,1914.75,En tránsito
O-005949,BR-00394,P-043593,PR-00504,"Reyes, Wade and Campbell",2025-07-28,50,30.9,1545.0,En tránsito
O-005950,BR-00394,P-043598,PR-00504,"Reyes, Wade and Campbell",2025-07-02,26,18.42,478.92,Pendiente
O-005951,BR-00394,P-043600,PR-01150,"Reyes, Wood and Martinez",2025-07-16,29,68.85,1996.65,Recibido
O-005952,BR-00394,P-043611,PR-00507,Ward-Nelson,2025-07-25,42,68.71,2885.82,Recibido
O-005953,BR-00394,P-043615,PR-00476,Combs-Giles,2025-08-08,66,27.64,1824.24,Recibido
O-005954,BR-00394,P-043616,PR-00476,Combs-Giles,2025-07-29,100,10.27,1027.0,En tránsito
O-005955,BR-00394,P-043620,PR-00477,Hoover-Gentry,2025-08-21,92,122.71,11289.32,Pendiente
O-005956,BR-00394,P-043631,PR-00479,Jackson LLC,2025-07-09,74,64.84,4798.16,Pendiente
O-005957,BR-00394,P-043640,PR-00481,"Morris, Johnson and Silva",2025-08-11,81,36.89,2988.09,En tránsito
O-005958,BR-00394,P-043646,PR-00482,"Richards, Smith and Buck",2025-07-28,57,111.05,6329.85,Recibido
O-005959,BR-00394,P-043647,PR-00482,"Richards, Smith and Buck",2025-08-27,66,12.75,841.5,En tránsito
O-005960,BR-00394,P-043648,PR-01139,Whitehead LLC,2025-07-09,83,106.89,8871.87,Pendiente
O-005961,BR-00394,P-043653,PR-01438,Schmidt Ltd,2025-08-05,65,116.48,7571.2,Recibido
O-005962,BR-00394,P-043661,PR-01411,Thomas Group,2025-07-16,39,149.52,5831.28,Recibido
O-005963,BR-00394,P-043663,PR-01411,Thomas Group,2025-07-06,49,43.75,2143.75,En tránsito
O-005964,BR-00395,P-043676,PR-00514,"Rodriguez, Contreras and Mclean",2025-07-16,89,45.98,4092.22,En tránsito
O-005965,BR-00395,P-043677,PR-00712,"Robertson, Bishop and Burke",2025-07-11,77,38.66,2976.82,En tránsito
O-005966,BR-00395,P-043678,PR-00515,"Williams, Perez and Mathews",2025-08-01,75,27.36,2052.0,En tránsito
O-005967,BR-00395,P-043679,PR-00712,"Robertson, Bishop and Burke",2025-07-09,74,32.05,2371.7,En tránsito
O-005968,BR-00395,P-043680,PR-00826,"Bell, Johnson and Mcbride",2025-07-01,83,2.81,233.23,En tránsito
O-005969,BR-00395,P-043695,PR-01270,Krause PLC,2025-08-26,46,75.23,3460.58,Recibido
O-005970,BR-00395,P-043699,PR-00505,Decker-Howell,2025-08-06,87,122.5,10657.5,Pendiente
O-005971,BR-00395,P-043702,PR-01150,"Reyes, Wood and Martinez",2025-07-08,31,125.83,3900.73,En tránsito
O-005972,BR-00395,P-043706,PR-00722,Walker-Mendoza,2025-07-06,91,17.95,1633.45,Pendiente
O-005973,BR-00395,P-043710,PR-00722,Walker-Mendoza,2025-07-26,32,91.69,2934.08,En tránsito
O-005974,BR-00395,P-043717,PR-00476,Combs-Giles,2025-07-11,31,140.67,4360.77,Pendiente
O-005975,BR-00395,P-043719,PR-00476,Combs-Giles,2025-07-10,20,120.16,2403.2,Pendiente
O-005976,BR-00395,P-043729,PR-01114,Palmer Ltd,2025-07-12,38,87.36,3319.68,En tránsito
O-005977,BR-00395,P-043744,PR-00482,"Richards, Smith and Buck",2025-07-01,42,126.71,5321.82,Recibido
O-005978,BR-00395,P-043751,PR-00483,"Hall, Garcia and Farley",2025-08-18,21,100.95,2119.95,En tránsito
O-005979,BR-00395,P-043760,PR-01411,Thomas Group,2025-08-18,75,12.08,906.0,Recibido
O-005980,BR-00396,P-043761,PR-00898,Garrison LLC,2025-08-12,35,93.91,3286.85,En tránsito
O-005981,BR-00396,P-043762,PR-00982,"Fuller, Gray and Jennings",2025-07-14,58,65.41,3793.78,Pendiente
O-005982,BR-00396,P-043788,PR-00503,Castro-Estrada,2025-07-25,61,147.13,8974.93,En tránsito
O-005983,BR-00396,P-043794,PR-01270,Krause PLC,2025-07-29,79,62.67,4950.93,En tránsito
O-005984,BR-00396,P-043796,PR-01150,"Reyes, Wood and Martinez",2025-08-10,88,8.52,749.76,Pendiente
O-005985,BR-00396,P-043799,PR-01150,"Reyes, Wood and Martinez",2025-08-16,91,51.32,4670.12,Pendiente
O-005986,BR-00396,P-043804,PR-00506,Rowe-Woods,2025-08-20,55,132.09,7264.95,Pendiente
O-005987,BR-00396,P-043811,PR-01105,Moore-Weber,2025-07-07,70,114.54,8017.8,En tránsito
O-005988,BR-00396,P-043812,PR-01105,Moore-Weber,2025-08-10,37,121.75,4504.75,Recibido
O-005989,BR-00396,P-043813,PR-00476,Combs-Giles,2025-08-09,66,13.85,914.1,Recibido
O-005990,BR-00396,P-043830,PR-00478,Collins-Bailey,2025-07-18,22,32.34,711.48,Recibido
O-005991,BR-00396,P-043832,PR-01168,Petersen-Sullivan,2025-08-22,59,7.98,470.82,Pendiente
O-005992,BR-00396,P-043836,PR-01249,"Dixon, Benitez and Serrano",2025-08-24,55,41.27,2269.85,Recibido
O-005993,BR-00396,P-043838,PR-01278,Garcia Ltd,2025-07-17,81,87.7,7103.7,Recibido
O-005994,BR-00396,P-043839,PR-01114,Palmer Ltd,2025-08-14,94,93.57,8795.58,Recibido
O-005995,BR-00396,P-043842,PR-00480,"Huang, Moore and Powell",2025-08-12,78,139.96,10916.88,En tránsito
O-005996,BR-00396,P-043844,PR-00481,"Morris, Johnson and Silva",2025-07-21,96,89.78,8618.88,En tránsito
O-005997,BR-00396,P-043848,PR-00482,"Richards, Smith and Buck",2025-07-10,95,117.64,11175.8,Recibido
O-005998,BR-00397,P-043886,PR-00517,"Klein, Boyd and Martinez",2025-08-14,82,136.19,11167.58,En tránsito
O-005999,BR-00397,P-043888,PR-00517,"Klein, Boyd and Martinez",2025-08-20,52,50.29,2615.08,Pendiente
O-006000,BR-00397,P-043893,PR-00503,Castro-Estrada,2025-08-14,80,5.74,459.2,En tránsito
O-006001,BR-00397,P-043902,PR-00505,Decker-Howell,2025-07-10,53,100.29,5315.37,Recibido
O-006002,BR-00397,P-043907,PR-00722,Walker-Mendoza,2025-07-14,96,134.72,12933.12,En tránsito
O-006003,BR-00397,P-043914,PR-00476,Combs-Giles,2025-08-13,78,24.5,1911.0,Recibido
O-006004,BR-00397,P-043923,PR-00478,Collins-Bailey,2025-08-09,71,129.21,9173.91,En tránsito
O-006005,BR-00397,P-043928,PR-01323,Parker-Walsh,2025-08-23,58,129.1,7487.8,Recibido
O-006006,BR-00397,P-043947,PR-00482,"Richards, Smith and Buck",2025-08-03,52,4.02,209.04,En tránsito
O-006007,BR-00397,P-043951,PR-01438,Schmidt Ltd,2025-08-18,81,100.05,8104.05,En tránsito
O-006008,BR-00397,P-043967,PR-01132,Walters Group,2025-08-14,42,51.02,2142.84,En tránsito
O-006009,BR-00398,P-043969,PR-00513,"Hernandez, Davidson and Lopez",2025-08-20,94,101.66,9556.04,Pendiente
O-006010,BR-00398,P-043971,PR-00898,Garrison LLC,2025-08-11,47,55.49,2608.03,Recibido
O-006011,BR-00398,P-043988,PR-00517,"Klein, Boyd and Martinez",2025-07-04,56,35.08,1964.48,Pendiente
O-006012,BR-00398,P-044027,PR-00476,Combs-Giles,2025-08-26,49,136.44,6685.56,En tránsito
O-006013,BR-00398,P-044039,PR-00478,Collins-Bailey,2025-08-09,55,20.07,1103.85,Recibido
O-006014,BR-00398,P-044046,PR-01249,"Dixon, Benitez and Serrano",2025-07-21,56,44.78,2507.68,Pendiente
O-006015,BR-00398,P-044048,PR-01187,"Ho, Mendez and Smith",2025-08-06,51,85.85,4378.35,Pendiente
O-006016,BR-00398,P-044050,PR-00480,"Huang, Moore and Powell",2025-07-25,27,33.73,910.71,En tránsito
O-006017,BR-00398,P-044059,PR-00482,"Richards, Smith and Buck",2025-08-24,63,80.76,5087.88,Recibido
O-006018,BR-00398,P-044069,PR-00484,"Burton, Sullivan and Garrett",2025-07-09,84,87.93,7386.12,En tránsito
O-006019,BR-00399,P-044080,PR-00898,Garrison LLC,2025-08-16,82,22.59,1852.38,En tránsito
O-006020,BR-00399,P-044083,PR-00982,"Fuller, Gray and Jennings",2025-07-05,54,143.16,7730.64,Recibido
O-006021,BR-00399,P-044103,PR-00517,"Klein, Boyd and Martinez",2025-07-13,38,105.97,4026.86,Pendiente
O-006022,BR-00399,P-044104,PR-00517,"Klein, Boyd and Martinez",2025-07-17,37,8.44,312.28,Recibido
O-006023,BR-00399,P-044107,PR-00503,Castro-Estrada,2025-08-17,47,90.93,4273.71,Pendiente
O-006024,BR-00399,P-044108,PR-00503,Castro-Estrada,2025-08-19,85,132.69,11278.65,Recibido
O-006025,BR-00399,P-044115,PR-00504,"Reyes, Wade and Campbell",2025-08-09,82,69.15,5670.3,En tránsito
O-006026,BR-00399,P-044119,PR-00505,Decker-Howell,2025-08-27,67,8.37,560.79,Recibido
O-006027,BR-00399,P-044121,PR-00722,Walker-Mendoza,2025-07-19,60,66.68,4000.8,Recibido
O-006028,BR-00399,P-044122,PR-00506,Rowe-Woods,2025-07-07,57,108.17,6165.69,Pendiente
O-006029,BR-00399,P-044128,PR-01105,Moore-Weber,2025-08-09,40,26.38,1055.2,En tránsito
O-006030,BR-00399,P-044131,PR-01105,Moore-Weber,2025-08-23,82,149.17,12231.94,En tránsito
O-006031,BR-00399,P-044135,PR-00476,Combs-Giles,2025-08-24,51,37.0,1887.0,Pendiente
O-006032,BR-00399,P-044142,PR-01271,Nelson-Torres,2025-08-24,38,66.43,2524.34,En tránsito
O-006033,BR-00399,P-044144,PR-01323,Parker-Walsh,2025-08-25,50,145.61,7280.5,Pendiente
O-006034,BR-00399,P-044147,PR-01323,Parker-Walsh,2025-07-19,81,88.48,7166.88,Pendiente
O-006035,BR-00399,P-044161,PR-00482,"Richards, Smith and Buck",2025-07-11,59,100.91,5953.69,Pendiente
O-006036,BR-00399,P-044165,PR-01438,Schmidt Ltd,2025-07-28,74,115.87,8574.38,En tránsito
O-006037,BR-00399,P-044169,PR-00484,"Burton, Sullivan and Garrett",2025-07-17,75,140.0,10500.0,Pendiente
O-006038,BR-00400,P-044188,PR-00514,"Rodriguez, Contreras and Mclean",2025-08-02,20,6.03,120.6,En tránsito
O-006039,BR-00400,P-044189,PR-00514,"Rodriguez, Contreras and Mclean",2025-08-12,75,40.26,3019.5,Pendiente
O-006040,BR-00400,P-044198,PR-00826,"Bell, Johnson and Mcbride",2025-07-19,78,136.09,10615.02,Pendiente
O-006041,BR-00400,P-044203,PR-00517,"Klein, Boyd and Martinez",2025-08-13,82,60.39,4951.98,Pendiente
O-006042,BR-00400,P-044204,PR-00503,Castro-Estrada,2025-07-20,66,120.44,7949.04,En tránsito
O-006043,BR-00400,P-044209,PR-01270,Krause PLC,2025-07-17,91,121.63,11068.33,En tránsito
O-006044,BR-00400,P-044221,PR-00505,Decker-Howell,2025-08-23,40,130.66,5226.4,Pendiente
O-006045,BR-00400,P-044233,PR-00476,Combs-Giles,2025-08-04,62,17.03,1055.86,Pendiente
O-006046,BR-00400,P-044235,PR-00476,Combs-Giles,2025-08-11,90,8.11,729.9,Recibido
O-006047,BR-00400,P-044243,PR-01271,Nelson-Torres,2025-08-21,31,102.33,3172.23,Pendiente
O-006048,BR-00400,P-044252,PR-00480,"Huang, Moore and Powell",2025-08-20,36,132.74,4778.64,Pendiente
O-006049,BR-00400,P-044268,PR-01438,Schmidt Ltd,2025-07-01,66,16.8,1108.8,Pendiente
O-006050,BR-00401,P-044287,PR-00514,"Rodriguez, Contreras and Mclean",2025-08-02,90,60.1,5409.0,Recibido
O-006051,BR-00401,P-044293,PR-00712,"Robertson, Bishop and Burke",2025-08-05,22,18.69,411.18,Recibido
O-006052,BR-00401,P-044298,PR-00712,"Robertson, Bishop and Burke",2025-08-28,72,83.15,5986.8,Pendiente
O-006053,BR-00401,P-044302,PR-00826,"Bell, Johnson and Mcbride",2025-07-20,55,36.36,1999.8,Recibido
O-006054,BR-00401,P-044305,PR-01204,Mann Inc,2025-08-24,86,134.07,11530.02,Recibido
O-006055,BR-00401,P-044309,PR-00517,"Klein, Boyd and Martinez",2025-08-10,52,133.84,6959.68,Recibido
O-006056,BR-00401,P-044334,PR-01105,Moore-Weber,2025-07-24,33,6.71,221.43,Recibido
O-006057,BR-00401,P-044338,PR-00476,Combs-Giles,2025-08-12,78,113.2,8829.6,Recibido
O-006058,BR-00401,P-044343,PR-00477,Hoover-Gentry,2025-08-25,84,31.53,2648.52,Recibido
O-006059,BR-00401,P-044346,PR-01271,Nelson-Torres,2025-07-31,38,36.62,1391.56,Recibido
O-006060,BR-00401,P-044350,PR-01168,Petersen-Sullivan,2025-08-13,29,53.58,1553.82,En tránsito
O-006061,BR-00401,P-044353,PR-00478,Collins-Bailey,2025-08-08,51,37.02,1888.02,Pendiente
O-006062,BR-00401,P-044357,PR-01249,"Dixon, Benitez and Serrano",2025-08-28,23,68.82,1582.86,Pendiente
O-006063,BR-00401,P-044362,PR-00480,"Huang, Moore and Powell",2025-08-23,78,134.54,10494.12,En tránsito
O-006064,BR-00401,P-044365,PR-00481,"Morris, Johnson and Silva",2025-08-06,29,3.1,89.9,Pendiente
O-006065,BR-00401,P-044370,PR-00481,"Morris, Johnson and Silva",2025-07-24,91,53.53,4871.23,Recibido
O-006066,BR-00401,P-044377,PR-01438,Schmidt Ltd,2025-07-23,41,39.62,1624.42,Recibido
O-006067,BR-00401,P-044381,PR-01173,Wilson-Booth,2025-07-08,68,37.49,2549.32,Recibido
O-006068,BR-00401,P-044382,PR-01173,Wilson-Booth,2025-08-09,46,121.65,5595.9,Pendiente
O-006069,BR-00401,P-044387,PR-01132,Walters Group,2025-08-04,63,4.0,252.0,Recibido
O-006070,BR-00402,P-044399,PR-00514,"Rodriguez, Contreras and Mclean",2025-07-13,35,51.01,1785.35,En tránsito
O-006071,BR-00402,P-044407,PR-01204,Mann Inc,2025-08-03,38,26.63,1011.94,Pendiente
O-006072,BR-00402,P-044423,PR-01150,"Reyes, Wood and Martinez",2025-07-14,79,3.27,258.33,En tránsito
O-006073,BR-00402,P-044425,PR-01150,"Reyes, Wood and Martinez",2025-08-23,30,148.01,4440.3,Recibido
O-006074,BR-00402,P-044426,PR-00505,Decker-Howell,2025-08-22,95,67.89,6449.55,Pendiente
O-006075,BR-00402,P-044441,PR-00476,Combs-Giles,2025-07-13,77,20.12,1549.24,En tránsito
O-006076,BR-00402,P-044450,PR-00477,Hoover-Gentry,2025-08-25,86,12.53,1077.58,Recibido
O-006077,BR-00402,P-044453,PR-01323,Parker-Walsh,2025-07-30,96,129.92,12472.32,En tránsito
O-006078,BR-00402,P-044459,PR-01187,"Ho, Mendez and Smith",2025-07-03,36,87.52,3150.72,Recibido
O-006079,BR-00402,P-044461,PR-00480,"Huang, Moore and Powell",2025-08-27,100,109.55,10955.0,Pendiente
O-006080,BR-00402,P-044468,PR-00482,"Richards, Smith and Buck",2025-08-07,84,27.8,2335.2,Recibido
O-006081,BR-00402,P-044470,PR-00482,"Richards, Smith and Buck",2025-07-23,86,140.13,12051.18,Recibido
O-006082,BR-00402,P-044472,PR-01438,Schmidt Ltd,2025-08-09,42,85.58,3594.36,Pendiente
O-006083,BR-00402,P-044477,PR-00484,"Burton, Sullivan and Garrett",2025-07-17,73,91.12,6651.76,Recibido
O-006084,BR-00402,P-044479,PR-00484,"Burton, Sullivan and Garrett",2025-08-06,26,127.53,3315.78,En tránsito
O-006085,BR-00403,P-044485,PR-00513,"Hernandez, Davidson and Lopez",2025-08-18,51,43.86,2236.86,En tránsito
O-006086,BR-00403,P-044505,PR-00826,"Bell, Johnson and Mcbride",2025-07-13,20,32.12,642.4,Pendiente
O-006087,BR-00403,P-044509,PR-00517,"Klein, Boyd and Martinez",2025-08-08,100,125.97,12597.0,Recibido
O-006088,BR-00403,P-044519,PR-00504,"Reyes, Wade and Campbell",2025-07-20,63,78.41,4939.83,Recibido
O-006089,BR-00403,P-044520,PR-01270,Krause PLC,2025-08-28,34,32.02,1088.68,Recibido
O-006090,BR-00403,P-044526,PR-00722,Walker-Mendoza,2025-08-19,73,129.25,9435.25,En tránsito
O-006091,BR-00403,P-044527,PR-00506,Rowe-Woods,2025-08-24,76,15.04,1143.04,En tránsito
O-006092,BR-00403,P-044534,PR-01105,Moore-Weber,2025-07-20,60,39.64,2378.4,En tránsito
O-006093,BR-00403,P-044535,PR-00476,Combs-Giles,2025-07-06,69,62.53,4314.57,Recibido
O-006094,BR-00403,P-044539,PR-00476,Combs-Giles,2025-07-11,100,66.93,6693.0,En tránsito
O-006095,BR-00403,P-044554,PR-01249,"Dixon, Benitez and Serrano",2025-08-01,37,139.47,5160.39,En tránsito
O-006096,BR-00403,P-044565,PR-00482,"Richards, Smith and Buck",2025-07-20,74,34.67,2565.58,Pendiente
O-006097,BR-00403,P-044568,PR-00482,"Richards, Smith and Buck",2025-08-11,95,125.35,11908.25,En tránsito
O-006098,BR-00403,P-044569,PR-00482,"Richards, Smith and Buck",2025-07-03,96,3.33,319.68,En tránsito
O-006099,BR-00403,P-044572,PR-00483,"Hall, Garcia and Farley",2025-08-06,100,127.54,12754.0,Recibido
O-006100,BR-00403,P-044574,PR-01438,Schmidt Ltd,2025-08-25,78,36.54,2850.12,Recibido
O-006101,BR-00403,P-044576,PR-00483,"Hall, Garcia and Farley",2025-08-26,83,28.74,2385.42,Pendiente
O-006102,BR-00403,P-044577,PR-00483,"Hall, Garcia and Farley",2025-07-16,64,74.85,4790.4,En tránsito
O-006103,BR-00403,P-044581,PR-01482,"Jones, Patterson and Anderson",2025-08-14,70,70.55,4938.5,En tránsito
O-006104,BR-00404,P-044588,PR-00982,"Fuller, Gray and Jennings",2025-08-26,94,15.39,1446.66,Recibido
O-006105,BR-00404,P-044611,PR-00503,Castro-Estrada,2025-08-05,69,37.5,2587.5,Recibido
O-006106,BR-00404,P-044614,PR-01270,Krause PLC,2025-07-05,42,37.03,1555.26,Recibido
O-006107,BR-00404,P-044620,PR-00722,Walker-Mendoza,2025-08-12,68,87.52,5951.36,Pendiente
O-006108,BR-00404,P-044622,PR-00722,Walker-Mendoza,2025-08-12,91,125.71,11439.61,En tránsito
O-006109,BR-00404,P-044642,PR-00478,Collins-Bailey,2025-07-06,45,43.67,1965.15,Recibido
O-006110,BR-00404,P-044649,PR-01114,Palmer Ltd,2025-08-25,44,24.5,1078.0,En tránsito
O-006111,BR-00404,P-044666,PR-01139,Whitehead LLC,2025-08-23,81,39.85,3227.85,Pendiente
O-006112,BR-00404,P-044678,PR-01173,Wilson-Booth,2025-07-02,74,60.5,4477.0,Pendiente
O-006113,BR-00404,P-044681,PR-01132,Walters Group,2025-07-08,82,25.58,2097.56,En tránsito
O-006114,BR-00405,P-044690,PR-00982,"Fuller, Gray and Jennings",2025-07-18,48,53.11,2549.28,Recibido
O-006115,BR-00405,P-044695,PR-00515,"Williams, Perez and Mathews",2025-07-21,46,99.74,4588.04,En tránsito
O-006116,BR-00405,P-044697,PR-00515,"Williams, Perez and Mathews",2025-07-17,53,62.19,3296.07,Recibido
O-006117,BR-00405,P-044698,PR-00515,"Williams, Perez and Mathews",2025-07-27,36,92.25,3321.0,Pendiente
O-006118,BR-00405,P-044705,PR-00517,"Klein, Boyd and Martinez",2025-08-19,88,54.42,4788.96,Pendiente
O-006119,BR-00405,P-044709,PR-00517,"Klein, Boyd and Martinez",2025-07-02,30,149.16,4474.8,En tránsito
O-006120,BR-00405,P-044714,PR-00503,Castro-Estrada,2025-07-22,78,140.07,10925.46,Recibido
O-006121,BR-00405,P-044715,PR-00504,"Reyes, Wade and Campbell",2025-08-02,22,9.96,219.12,Pendiente
O-006122,BR-00405,P-044748,PR-00478,Collins-Bailey,2025-07-23,40,5.23,209.2,Recibido
O-006123,BR-00405,P-044750,PR-00479,Jackson LLC,2025-07-25,52,125.18,6509.36,En tránsito
O-006124,BR-00405,P-044754,PR-00480,"Huang, Moore and Powell",2025-07-14,93,120.49,11205.57,Recibido
O-006125,BR-00405,P-044756,PR-01187,"Ho, Mendez and Smith",2025-08-09,57,129.16,7362.12,Recibido
O-006126,BR-00405,P-044758,PR-00481,"Morris, Johnson and Silva",2025-06-30,64,51.77,3313.28,Recibido
O-006127,BR-00405,P-044771,PR-00484,"Burton, Sullivan and Garrett",2025-07-09,100,140.21,14021.0,En tránsito
O-006128,BR-00405,P-044778,PR-01411,Thomas Group,2025-07-02,22,147.77,3250.94,Pendiente
O-006129,BR-00406,P-044783,PR-00514,"Rodriguez, Contreras and Mclean",2025-07-15,37,125.99,4661.63,Recibido
O-006130,BR-00406,P-044794,PR-00826,"Bell, Johnson and Mcbride",2025-07-15,69,73.78,5090.82,Pendiente
O-006131,BR-00406,P-044797,PR-00516,Kramer LLC,2025-08-08,35,80.46,2816.1,Recibido
O-006132,BR-00406,P-044810,PR-01270,Krause PLC,2025-08-20,51,47.29,2411.79,Pendiente
O-006133,BR-00406,P-044811,PR-00504,"Reyes, Wade and Campbell",2025-07-07,28,77.82,2178.96,En tránsito
O-006134,BR-00406,P-044827,PR-00476,Combs-Giles,2025-08-24,88,85.73,7544.24,Recibido
O-006135,BR-00406,P-044833,PR-00477,Hoover-Gentry,2025-08-01,38,71.51,2717.38,Pendiente
O-006136,BR-00406,P-044837,PR-01271,Nelson-Torres,2025-07-07,92,73.22,6736.24,Pendiente
O-006137,BR-00407,P-044850,PR-00982,"Fuller, Gray and Jennings",2025-07-11,48,12.81,614.88,Recibido
O-006138,BR-00407,P-044869,PR-00517,"Klein, Boyd and Martinez",2025-07-14,88,131.93,11609.84,Pendiente
O-006139,BR-00407,P-044870,PR-00517,"Klein, Boyd and Martinez",2025-07-11,69,31.06,2143.14,En tránsito
O-006140,BR-00407,P-044871,PR-00517,"Klein, Boyd and Martinez",2025-07-03,36,6.04,217.44,Pendiente
O-006141,BR-00407,P-044873,PR-00503,Castro-Estrada,2025-08-11,78,115.39,9000.42,Pendiente
O-006142,BR-00407,P-044875,PR-00503,Castro-Estrada,2025-08-23,50,37.04,1852.0,Recibido
O-006143,BR-00407,P-044879,PR-00503,Castro-Estrada,2025-07-08,70,48.25,3377.5,En tránsito
O-006144,BR-00407,P-044883,PR-01270,Krause PLC,2025-07-01,77,17.23,1326.71,En tránsito
O-006145,BR-00407,P-044887,PR-00505,Decker-Howell,2025-07-07,43,112.36,4831.48,En tránsito
O-006146,BR-00407,P-044888,PR-01150,"Reyes, Wood and Martinez",2025-08-18,93,24.52,2280.36,En tránsito
O-006147,BR-00407,P-044898,PR-00476,Combs-Giles,2025-08-08,94,134.91,12681.54,Recibido
O-006148,BR-00407,P-044903,PR-01271,Nelson-Torres,2025-08-18,20,69.8,1396.0,En tránsito
O-006149,BR-00407,P-044924,PR-01187,"Ho, Mendez and Smith",2025-07-09,37,125.78,4653.86,Pendiente
O-006150,BR-00408,P-044929,PR-00982,"Fuller, Gray and Jennings",2025-08-15,99,101.26,10024.74,Recibido
O-006151,BR-00408,P-044937,PR-00514,"Rodriguez, Contreras and Mclean",2025-08-24,44,81.17,3571.48,Pendiente
O-006152,BR-00408,P-044939,PR-00712,"Robertson, Bishop and Burke",2025-07-28,89,115.88,10313.32,Pendiente
O-006153,BR-00408,P-044949,PR-01204,Mann Inc,2025-08-16,56,14.26,798.56,Pendiente
O-006154,BR-00408,P-044950,PR-00517,"Klein, Boyd and Martinez",2025-07-28,74,142.66,10556.84,En tránsito
O-006155,BR-00408,P-044951,PR-00517,"Klein, Boyd and Martinez",2025-08-03,71,94.18,6686.78,Pendiente
O-006156,BR-00408,P-044976,PR-00722,Walker-Mendoza,2025-06-30,35,54.11,1893.85,Pendiente
O-006157,BR-00408,P-044996,PR-00478,Collins-Bailey,2025-08-10,77,7.15,550.55,En tránsito
O-006158,BR-00408,P-044999,PR-00479,Jackson LLC,2025-08-20,88,49.59,4363.92,Recibido
O-006159,BR-00408,P-045000,PR-01187,"Ho, Mendez and Smith",2025-07-23,70,135.96,9517.2,Recibido
O-006160,BR-00409,P-045014,PR-00515,"Williams, Perez and Mathews",2025-07-05,28,94.74,2652.72,Recibido
O-006161,BR-00409,P-045017,PR-00712,"Robertson, Bishop and Burke",2025-07-24,79,19.02,1502.58,Recibido
O-006162,BR-00409,P-045029,PR-00517,"Klein, Boyd and Martinez",2025-08-08,93,99.21,9226.53,Pendiente
O-006163,BR-00409,P-045036,PR-00503,Castro-Estrada,2025-08-10,82,100.51,8241.82,En tránsito
O-006164,BR-00409,P-045039,PR-00504,"Reyes, Wade and Campbell",2025-08-24,74,21.98,1626.52,Pendiente
O-006165,BR-00409,P-045045,PR-00505,Decker-Howell,2025-07-29,22,94.61,2081.42,Recibido
O-006166,BR-00410,P-045093,PR-00712,"Robertson, Bishop and Burke",2025-07-05,67,113.51,7605.17,En tránsito
O-006167,BR-00410,P-045100,PR-00517,"Klein, Boyd and Martinez",2025-07-02,26,34.52,897.52,Pendiente
O-006168,BR-00410,P-045101,PR-00517,"Klein, Boyd and Martinez",2025-08-20,33,73.79,2435.07,Pendiente
O-006169,BR-00410,P-045102,PR-00517,"Klein, Boyd and Martinez",2025-07-29,68,24.29,1651.72,Pendiente
O-006170,BR-00410,P-045111,PR-01270,Krause PLC,2025-06-30,64,115.63,7400.32,Pendiente
O-006171,BR-00410,P-045153,PR-01187,"Ho, Mendez and Smith",2025-07-14,28,33.89,948.92,Pendiente
O-006172,BR-00411,P-045160,PR-00898,Garrison LLC,2025-08-22,89,94.3,8392.7,Pendiente
O-006173,BR-00411,P-045171,PR-01204,Mann Inc,2025-07-02,92,77.8,7157.6,En tránsito
O-006174,BR-00411,P-045176,PR-00517,"Klein, Boyd and Martinez",2025-08-02,21,107.28,2252.88,Pendiente
O-006175,BR-00411,P-045189,PR-00505,Decker-Howell,2025-07-08,25,125.75,3143.75,Pendiente
O-006176,BR-00411,P-045198,PR-01105,Moore-Weber,2025-08-10,58,84.95,4927.1,En tránsito
O-006177,BR-00411,P-045205,PR-00477,Hoover-Gentry,2025-07-24,69,140.33,9682.77,Recibido
O-006178,BR-00411,P-045210,PR-01168,Petersen-Sullivan,2025-08-14,94,74.18,6972.92,Recibido
O-006179,BR-00411,P-045219,PR-01114,Palmer Ltd,2025-08-15,30,46.21,1386.3,Pendiente
O-006180,BR-00412,P-045240,PR-00515,"Williams, Perez and Mathews",2025-07-14,48,43.04,2065.92,En tránsito
O-006181,BR-00412,P-045260,PR-00504,"Reyes, Wade and Campbell",2025-08-17,83,120.77,10023.91,Recibido
O-006182,BR-00412,P-045273,PR-00722,Walker-Mendoza,2025-07-26,91,24.66,2244.06,Pendiente
O-006183,BR-00412,P-045287,PR-00477,Hoover-Gentry,2025-07-14,20,111.66,2233.2,En tránsito
O-006184,BR-00412,P-045289,PR-01168,Petersen-Sullivan,2025-07-15,93,49.43,4596.99,Pendiente
O-006185,BR-00412,P-045292,PR-01278,Garcia Ltd,2025-08-05,80,122.88,9830.4,Pendiente
O-006186,BR-00412,P-045300,PR-01187,"Ho, Mendez and Smith",2025-08-17,75,78.17,5862.75,Pendiente
O-006187,BR-00413,P-045306,PR-00982,"Fuller, Gray and Jennings",2025-08-13,34,131.02,4454.68,Recibido
O-006188,BR-00413,P-045307,PR-00898,Garrison LLC,2025-07-09,95,57.52,5464.4,En tránsito
O-006189,BR-00413,P-045310,PR-00514,"Rodriguez, Contreras and Mclean",2025-07-27,32,58.05,1857.6,Pendiente
O-006190,BR-00413,P-045316,PR-00712,"Robertson, Bishop and Burke",2025-08-21,43,117.78,5064.54,Pendiente
O-006191,BR-00413,P-045350,PR-01105,Moore-Weber,2025-08-07,74,80.55,5960.7,Pendiente
O-006192,BR-00413,P-045351,PR-01105,Moore-Weber,2025-06-30,94,5.33,501.02,Recibido
O-006193,BR-00413,P-045354,PR-00476,Combs-Giles,2025-08-18,76,107.11,8140.36,Pendiente
O-006194,BR-00413,P-045358,PR-00476,Combs-Giles,2025-08-02,99,104.76,10371.24,Pendiente
O-006195,BR-00413,P-045366,PR-01323,Parker-Walsh,2025-07-05,78,70.81,5523.18,Pendiente
O-006196,BR-00413,P-045370,PR-01249,"Dixon, Benitez and Serrano",2025-07-18,67,11.72,785.24,Pendiente
O-006197,BR-00413,P-045376,PR-00480,"Huang, Moore and Powell",2025-07-30,25,128.67,3216.75,En tránsito
O-006198,BR-00413,P-045377,PR-01187,"Ho, Mendez and Smith",2025-08-27,84,138.56,11639.04,En tránsito
O-006199,BR-00414,P-045384,PR-00982,"Fuller, Gray and Jennings",2025-08-04,71,141.52,10047.92,En tránsito
O-006200,BR-00414,P-045385,PR-00513,"Hernandez, Davidson and Lopez",2025-08-12,83,102.78,8530.74,Pendiente
O-006201,BR-00414,P-045388,PR-00514,"Rodriguez, Contreras and Mclean",2025-08-19,100,109.74,10974.0,Pendiente
O-006202,BR-00414,P-045391,PR-00712,"Robertson, Bishop and Burke",2025-08-18,48,82.24,3947.52,Recibido
O-006203,BR-00414,P-045395,PR-00516,Kramer LLC,2025-08-03,86,87.24,7502.64,En tránsito
O-006204,BR-00414,P-045402,PR-00517,"Klein, Boyd and Martinez",2025-07-30,47,31.19,1465.93,Pendiente
O-006205,BR-00414,P-045405,PR-00503,Castro-Estrada,2025-08-08,78,53.57,4178.46,Recibido
O-006206,BR-00414,P-045406,PR-00503,Castro-Estrada,2025-07-26,90,93.94,8454.6,En tránsito
O-006207,BR-00414,P-045413,PR-00505,Decker-Howell,2025-07-08,87,107.04,9312.48,Pendiente
O-006208,BR-00414,P-045427,PR-00476,Combs-Giles,2025-08-17,76,146.02,11097.52,Pendiente
O-006209,BR-00414,P-045446,PR-01187,"Ho, Mendez and Smith",2025-07-24,26,147.58,3837.08,En tránsito
O-006210,BR-00415,P-045465,PR-00516,Kramer LLC,2025-07-12,94,60.48,5685.12,Pendiente
O-006211,BR-00415,P-045466,PR-01204,Mann Inc,2025-07-04,74,139.43,10317.82,Pendiente
O-006212,BR-00415,P-045474,PR-00517,"Klein, Boyd and Martinez",2025-07-31,97,90.3,8759.1,En tránsito
O-006213,BR-00415,P-045485,PR-00505,Decker-Howell,2025-07-04,27,8.81,237.87,Recibido
O-006214,BR-00415,P-045491,PR-00506,Rowe-Woods,2025-07-18,82,33.2,2722.4,Recibido
O-006215,BR-00415,P-045501,PR-00476,Combs-Giles,2025-07-09,55,55.05,3027.75,En tránsito
O-006216,BR-00415,P-045503,PR-01271,Nelson-Torres,2025-07-29,63,51.78,3262.14,Pendiente
O-006217,BR-00415,P-045512,PR-00480,"Huang, Moore and Powell",2025-08-19,92,111.96,10300.32,Pendiente
O-006218,BR-00415,P-045513,PR-01187,"Ho, Mendez and Smith",2025-07-24,76,92.78,7051.28,En tránsito
O-006219,BR-00415,P-045515,PR-01187,"Ho, Mendez and Smith",2025-07-22,95,106.76,10142.2,Recibido
O-006220,BR-00416,P-045531,PR-00712,"Robertson, Bishop and Burke",2025-07-03,72,88.05,6339.6,En tránsito
O-006221,BR-00416,P-045533,PR-00516,Kramer LLC,2025-08-28,39,75.36,2939.04,En tránsito
O-006222,BR-00416,P-045548,PR-00504,"Reyes, Wade and Campbell",2025-07-30,43,59.13,2542.59,Recibido
O-006223,BR-00416,P-045549,PR-00504,"Reyes, Wade and Campbell",2025-08-09,98,65.58,6426.84,Pendiente
O-006224,BR-00416,P-045559,PR-00506,Rowe-Woods,2025-07-07,42,56.53,2374.26,Pendiente
O-006225,BR-00416,P-045569,PR-01105,Moore-Weber,2025-07-16,100,43.66,4366.0,Pendiente
O-006226,BR-00416,P-045572,PR-00476,Combs-Giles,2025-07-10,99,98.26,9727.74,En tránsito
O-006227,BR-00417,P-045595,PR-00514,"Rodriguez, Contreras and Mclean",2025-07-01,75,16.6,1245.0,Pendiente
O-006228,BR-00417,P-045597,PR-00514,"Rodriguez, Contreras and Mclean",2025-08-22,38,69.4,2637.2,Pendiente
O-006229,BR-00417,P-045605,PR-00515,"Williams, Perez and Mathews",2025-07-01,75,11.0,825.0,Recibido
O-006230,BR-00417,P-045612,PR-00517,"Klein, Boyd and Martinez",2025-07-05,29,124.41,3607.89,En tránsito
O-006231,BR-00417,P-045618,PR-00503,Castro-Estrada,2025-07-13,98,81.32,7969.36,Recibido
O-006232,BR-00417,P-045621,PR-01270,Krause PLC,2025-07-17,32,73.55,2353.6,Pendiente
O-006233,BR-00417,P-045644,PR-01168,Petersen-Sullivan,2025-07-25,80,129.84,10387.2,En tránsito
O-006234,BR-00417,P-045648,PR-01114,Palmer Ltd,2025-08-01,75,137.14,10285.5,Pendiente
O-006235,BR-00417,P-045649,PR-00479,Jackson LLC,2025-08-13,78,90.26,7040.28,En tránsito
O-006236,BR-00417,P-045652,PR-01249,"Dixon, Benitez and Serrano",2025-08-07,22,121.66,2676.52,Pendiente
O-006237,BR-00418,P-045671,PR-00514,"Rodriguez, Contreras and Mclean",2025-08-09,25,58.92,1473.0,En tránsito
O-006238,BR-00418,P-045677,PR-00516,Kramer LLC,2025-08-03,90,66.64,5997.6,En tránsito
O-006239,BR-00418,P-045684,PR-00517,"Klein, Boyd and Martinez",2025-07-08,43,85.68,3684.24,Pendiente
O-006240,BR-00418,P-045702,PR-00722,Walker-Mendoza,2025-08-08,93,31.31,2911.83,En tránsito
O-006241,BR-00418,P-045711,PR-00476,Combs-Giles,2025-07-10,69,93.71,6465.99,En tránsito
O-006242,BR-00418,P-045720,PR-01323,Parker-Walsh,2025-08-24,23,87.96,2023.08,Recibido
O-006243,BR-00418,P-045723,PR-01323,Parker-Walsh,2025-08-06,98,90.39,8858.22,Pendiente
O-006244,BR-00418,P-045724,PR-01323,Parker-Walsh,2025-08-18,90,145.27,13074.3,Recibido
O-006245,BR-00418,P-045729,PR-01249,"Dixon, Benitez and Serrano",2025-07-14,40,16.64,665.6,Recibido
O-006246,BR-00419,P-045737,PR-01251,Viana,2025-07-21,76,19.19,1458.44,Recibido
O-006247,BR-00419,P-045755,PR-01269,Nunes,2025-08-26,99,56.95,5638.05,En tránsito
O-006248,BR-00419,P-045758,PR-00725,Silveira,2025-07-07,25,53.28,1332.0,Pendiente
O-006249,BR-00419,P-045760,PR-00725,Silveira,2025-07-22,58,7.8,452.4,En tránsito
O-006250,BR-00419,P-045763,PR-00550,Barbosa,2025-08-22,28,99.09,2774.52,Recibido
O-006251,BR-00419,P-045771,PR-00784,Souza Leão Ltda.,2025-07-15,50,75.84,3792.0,Recibido
O-006252,BR-00419,P-045772,PR-00715,Cardoso,2025-06-30,87,107.62,9362.94,En tránsito
O-006253,BR-00419,P-045796,PR-00888,Peixoto,2025-07-12,87,91.26,7939.62,Recibido
O-006254,BR-00419,P-045806,PR-01298,Câmara Sampaio Ltda.,2025-07-06,93,80.17,7455.81,Recibido
O-006255,BR-00419,P-045810,PR-00527,Vieira S/A,2025-08-11,81,19.86,1608.66,Pendiente
O-006256,BR-00419,P-045839,PR-00646,Pastor Duarte S.A.,2025-08-18,48,135.66,6511.68,En tránsito
O-006257,BR-00419,P-045840,PR-00532,Gomes,2025-08-16,73,144.73,10565.29,Recibido
O-006258,BR-00419,P-045856,PR-00558,Moreira,2025-08-17,46,144.3,6637.8,En tránsito
O-006259,BR-00419,P-045861,PR-00953,Caldeira,2025-07-14,98,112.02,10977.96,Recibido
O-006260,BR-00419,P-045890,PR-00537,Moura,2025-07-15,36,140.25,5049.0,Pendiente
O-006261,BR-00419,P-045902,PR-00836,Cassiano,2025-07-02,67,120.19,8052.73,En tránsito
O-006262,BR-00419,P-045907,PR-00520,Machado,2025-07-29,76,116.82,8878.32,Pendiente
O-006263,BR-00419,P-045908,PR-00788,Sales,2025-07-21,92,140.34,12911.28,En tránsito
O-006264,BR-00419,P-045911,PR-00521,Sousa,2025-07-22,38,88.61,3367.18,Pendiente
O-006265,BR-00419,P-045921,PR-00538,Ferreira S.A.,2025-07-20,50,90.03,4501.5,Pendiente
O-006266,BR-00419,P-045922,PR-01189,Sousa Ltda.,2025-07-02,73,131.77,9619.21,Pendiente
O-006267,BR-00419,P-045925,PR-01196,Azevedo,2025-07-06,88,146.24,12869.12,Pendiente
O-006268,BR-00419,P-045938,PR-00542,Rodrigues - EI,2025-07-02,43,80.41,3457.63,Pendiente
O-006269,BR-00419,P-045943,PR-01381,Câmara,2025-08-02,22,85.66,1884.52,En tránsito
O-006270,BR-00419,P-045945,PR-00543,Casa Grande S/A,2025-08-20,62,135.02,8371.24,En tránsito
O-006271,BR-00419,P-045949,PR-00544,Caldeira,2025-08-19,77,84.06,6472.62,En tránsito
O-006272,BR-00419,P-045962,PR-01165,Viana,2025-08-26,60,121.57,7294.2,En tránsito
O-006273,BR-00419,P-045963,PR-01165,Viana,2025-07-30,86,77.4,6656.4,Recibido
O-006274,BR-00419,P-045966,PR-00547,Teixeira,2025-08-02,70,72.22,5055.4,Recibido
O-006275,BR-00419,P-045970,PR-00548,Nascimento,2025-07-09,25,95.11,2377.75,Pendiente
O-006276,BR-00420,P-045980,PR-00560,Pacheco - EI,2025-07-17,48,9.08,435.84,Recibido
O-006277,BR-00420,P-045982,PR-01028,Peixoto Costa e Filhos,2025-08-21,48,26.73,1283.04,Pendiente
O-006278,BR-00420,P-046021,PR-00707,Moraes,2025-07-17,36,130.98,4715.28,Recibido
O-006279,BR-00420,P-046022,PR-01406,Rodrigues S/A,2025-08-20,63,75.05,4728.15,En tránsito
O-006280,BR-00420,P-046025,PR-01406,Rodrigues S/A,2025-07-07,28,3.57,99.96,En tránsito
O-006281,BR-00420,P-046027,PR-00837,Martins,2025-07-30,37,70.59,2611.83,Pendiente
O-006282,BR-00420,P-046028,PR-01053,Ramos da Rosa Ltda.,2025-07-12,34,52.74,1793.16,Pendiente
O-006283,BR-00420,P-046048,PR-01298,Câmara Sampaio Ltda.,2025-07-22,70,90.3,6321.0,Recibido
O-006284,BR-00420,P-046050,PR-01018,Cirino da Costa - ME,2025-07-17,21,23.72,498.12,Recibido
O-006285,BR-00420,P-046054,PR-00527,Vieira S/A,2025-08-04,76,82.9,6300.4,Recibido
O-006286,BR-00420,P-046057,PR-01216,Gomes Mendonça e Filhos,2025-07-26,79,7.37,582.23,Pendiente
O-006287,BR-00420,P-046059,PR-01216,Gomes Mendonça e Filhos,2025-07-28,34,84.52,2873.68,En tránsito
O-006288,BR-00420,P-046060,PR-00529,Gonçalves Ltda.,2025-07-08,43,2.85,122.55,Pendiente
O-006289,BR-00420,P-046062,PR-00529,Gonçalves Ltda.,2025-08-07,97,61.44,5959.68,En tránsito
O-006290,BR-00420,P-046076,PR-00646,Pastor Duarte S.A.,2025-07-06,57,8.28,471.96,Pendiente
O-006291,BR-00420,P-046081,PR-00555,Dias e Filhos,2025-08-06,22,92.57,2036.54,Recibido
O-006292,BR-00420,P-046086,PR-00556,Leão,2025-08-17,68,47.47,3227.96,Recibido
O-006293,BR-00420,P-046104,PR-00533,Pimenta,2025-08-15,48,133.02,6384.96,Recibido
O-006294,BR-00420,P-046106,PR-00703,Alves,2025-08-03,29,8.84,256.36,Recibido
O-006295,BR-00420,P-046107,PR-00541,Ferreira,2025-07-19,99,122.95,12172.05,En tránsito
O-006296,BR-00420,P-046108,PR-01043,Ferreira - ME,2025-07-25,77,105.63,8133.51,En tránsito
O-006297,BR-00420,P-046118,PR-00986,da Mata,2025-08-26,37,99.24,3671.88,Pendiente
O-006298,BR-00420,P-046123,PR-00926,da Mota,2025-07-12,77,88.07,6781.39,Recibido
O-006299,BR-00420,P-046125,PR-00537,Moura,2025-08-03,63,116.72,7353.36,En tránsito
O-006300,BR-00420,P-046132,PR-01378,Camargo,2025-07-08,62,73.68,4568.16,Pendiente
O-006301,BR-00420,P-046133,PR-01378,Camargo,2025-07-11,67,22.3,1494.1,Recibido
O-006302,BR-00420,P-046135,PR-01378,Camargo,2025-08-21,36,26.62,958.32,En tránsito
O-006303,BR-00420,P-046144,PR-01221,Brito Ltda.,2025-08-13,41,110.13,4515.33,Recibido
O-006304,BR-00420,P-046145,PR-01260,Sampaio Fogaça - ME,2025-07-08,100,97.51,9751.0,Recibido
O-006305,BR-00420,P-046151,PR-00522,da Cruz S/A,2025-07-25,51,82.51,4208.01,En tránsito
O-006306,BR-00420,P-046159,PR-01196,Azevedo,2025-07-25,30,75.53,2265.9,En tránsito
O-006307,BR-00420,P-046176,PR-00543,Casa Grande S/A,2025-08-08,68,107.45,7306.6,Pendiente
O-006308,BR-00420,P-046185,PR-00544,Caldeira,2025-08-16,51,74.61,3805.11,Recibido
O-006309,BR-00420,P-046188,PR-00545,Rezende Rodrigues Ltda.,2025-07-19,75,126.82,9511.5,En tránsito
O-006310,BR-00420,P-046191,PR-01165,Viana,2025-07-16,39,6.62,258.18,Pendiente
O-006311,BR-00420,P-046194,PR-00547,Teixeira,2025-06-30,88,4.15,365.2,Pendiente
O-006312,BR-00420,P-046195,PR-00547,Teixeira,2025-08-05,89,91.93,8181.77,En tránsito
O-006313,BR-00421,P-046210,PR-01146,Silva,2025-07-31,81,112.33,9098.73,En tránsito
O-006314,BR-00421,P-046213,PR-00562,Cassiano da Paz - EI,2025-07-02,60,17.89,1073.4,Pendiente
O-006315,BR-00421,P-046219,PR-01269,Nunes,2025-07-10,99,87.75,8687.25,Pendiente
O-006316,BR-00421,P-046220,PR-01312,Oliveira Marques S/A,2025-07-28,20,31.0,620.0,En tránsito
O-006317,BR-00421,P-046224,PR-00691,Aragão Sousa S/A,2025-07-12,70,39.93,2795.1,En tránsito
O-006318,BR-00421,P-046240,PR-00784,Souza Leão Ltda.,2025-08-09,28,28.73,804.44,En tránsito
O-006319,BR-00421,P-046250,PR-01053,Ramos da Rosa Ltda.,2025-08-04,68,121.98,8294.64,Pendiente
O-006320,BR-00421,P-046266,PR-00526,Dias,2025-07-08,25,9.01,225.25,Recibido
O-006321,BR-00421,P-046270,PR-01018,Cirino da Costa - ME,2025-07-16,91,76.25,6938.75,Pendiente
O-006322,BR-00421,P-046275,PR-00529,Gonçalves Ltda.,2025-07-29,53,50.81,2692.93,Pendiente
O-006323,BR-00421,P-046276,PR-00529,Gonçalves Ltda.,2025-08-11,30,146.44,4393.2,Pendiente
O-006324,BR-00421,P-046281,PR-00531,Mendes S.A.,2025-07-05,36,68.93,2481.48,Recibido
O-006325,BR-00421,P-046316,PR-00533,Pimenta,2025-07-30,36,39.77,1431.72,Recibido
O-006326,BR-00421,P-046325,PR-00535,Pastor,2025-07-28,46,17.6,809.6,En tránsito
O-006327,BR-00421,P-046329,PR-00536,Rodrigues da Costa S.A.,2025-07-01,93,72.73,6763.89,Recibido
O-006328,BR-00421,P-046336,PR-01434,da Conceição,2025-07-06,79,56.4,4455.6,Pendiente
O-006329,BR-00421,P-046338,PR-01434,da Conceição,2025-07-15,78,114.47,8928.66,Recibido
O-006330,BR-00422,P-046354,PR-00647,da Mata,2025-07-08,91,9.21,838.11,Pendiente
O-006331,BR-00422,P-046355,PR-00647,da Mata,2025-07-22,34,27.13,922.42,En tránsito
O-006332,BR-00422,P-046372,PR-00783,Caldeira da Rocha - ME,2025-08-03,77,3.27,251.79,Pendiente
O-006333,BR-00422,P-046374,PR-00550,Barbosa,2025-08-19,42,132.1,5548.2,Pendiente
O-006334,BR-00422,P-046381,PR-00715,Cardoso,2025-08-03,56,125.91,7050.96,En tránsito
O-006335,BR-00422,P-046391,PR-01080,Novais,2025-07-31,95,103.96,9876.2,Recibido
O-006336,BR-00422,P-046394,PR-00554,Albuquerque da Mata S/A,2025-08-05,82,3.97,325.54,Recibido
O-006337,BR-00422,P-046403,PR-00524,Pinto S.A.,2025-07-04,23,96.95,2229.85,Recibido
O-006338,BR-00422,P-046406,PR-00888,Peixoto,2025-08-27,76,121.89,9263.64,Pendiente
O-006339,BR-00422,P-046414,PR-00525,Ribeiro Jesus S/A,2025-08-04,51,32.56,1660.56,En tránsito
O-006340,BR-00422,P-046415,PR-00525,Ribeiro Jesus S/A,2025-07-29,22,103.42,2275.24,Recibido
O-006341,BR-00422,P-046434,PR-00530,Sá Ltda.,2025-07-10,99,89.84,8894.16,Recibido
O-006342,BR-00422,P-046435,PR-00530,Sá Ltda.,2025-07-09,45,27.62,1242.9,Pendiente
O-006343,BR-00422,P-046443,PR-01033,Abreu e Filhos,2025-08-25,51,29.91,1525.41,En tránsito
O-006344,BR-00422,P-046453,PR-00555,Dias e Filhos,2025-08-07,87,135.84,11818.08,Pendiente
O-006345,BR-00422,P-046460,PR-00856,Aragão - EI,2025-08-12,59,121.87,7190.33,En tránsito
O-006346,BR-00422,P-046477,PR-00559,Moreira Azevedo e Filhos,2025-07-14,58,45.36,2630.88,Recibido
O-006347,BR-00422,P-046489,PR-00910,Cavalcante,2025-07-03,34,33.52,1139.68,Pendiente
O-006348,BR-00422,P-046490,PR-00534,Pires Araújo - ME,2025-07-02,38,100.86,3832.68,En tránsito
O-006349,BR-00422,P-046493,PR-00535,Pastor,2025-08-07,42,148.93,6255.06,En tránsito
O-006350,BR-00422,P-046495,PR-00986,da Mata,2025-07-28,86,45.03,3872.58,Recibido
O-006351,BR-00422,P-046503,PR-00975,Borges,2025-07-19,75,13.29,996.75,En tránsito
O-006352,BR-00423,P-046522,PR-01395,Cardoso,2025-07-20,84,106.45,8941.8,Pendiente
O-006353,BR-00423,P-046531,PR-01312,Oliveira Marques S/A,2025-08-03,52,37.71,1960.92,En tránsito
O-006354,BR-00423,P-046533,PR-01269,Nunes,2025-07-18,38,26.66,1013.08,En tránsito
O-006355,BR-00423,P-046536,PR-00564,Cardoso,2025-08-12,83,89.56,7433.48,En tránsito
O-006356,BR-00423,P-046562,PR-00554,Albuquerque da Mata S/A,2025-07-18,32,127.63,4084.16,Recibido
O-006357,BR-00423,P-046563,PR-00554,Albuquerque da Mata S/A,2025-07-31,57,134.71,7678.47,En tránsito
O-006358,BR-00423,P-046568,PR-00523,Cardoso e Filhos,2025-07-21,31,125.56,3892.36,Pendiente
O-006359,BR-00423,P-046608,PR-00531,Mendes S.A.,2025-07-14,86,109.53,9419.58,Pendiente
O-006360,BR-00423,P-046613,PR-01315,Barbosa,2025-07-05,28,135.72,3800.16,Pendiente
O-006361,BR-00423,P-046618,PR-00532,Gomes,2025-08-22,65,131.99,8579.35,En tránsito
O-006362,BR-00423,P-046621,PR-00555,Dias e Filhos,2025-08-01,22,85.17,1873.74,Pendiente
O-006363,BR-00423,P-046632,PR-01167,da Conceição das Neves - EI,2025-07-07,55,97.64,5370.2,Recibido
O-006364,BR-00423,P-046633,PR-00558,Moreira,2025-08-11,29,117.75,3414.75,Recibido
O-006365,BR-00423,P-046641,PR-00559,Moreira Azevedo e Filhos,2025-07-03,35,146.26,5119.1,Pendiente
O-006366,BR-00423,P-046646,PR-00541,Ferreira,2025-07-04,68,80.97,5505.96,Pendiente
O-006367,BR-00423,P-046654,PR-00986,da Mata,2025-07-22,63,72.8,4586.4,Recibido
O-006368,BR-00423,P-046655,PR-00535,Pastor,2025-07-09,45,10.12,455.4,Recibido
O-006369,BR-00423,P-046666,PR-01434,da Conceição,2025-07-03,39,27.05,1054.95,Recibido
O-006370,BR-00424,P-046674,PR-00560,Pacheco - EI,2025-08-25,22,67.05,1475.1,Recibido
O-006371,BR-00424,P-046681,PR-01146,Silva,2025-07-26,66,58.37,3852.42,Recibido
O-006372,BR-00424,P-046693,PR-01312,Oliveira Marques S/A,2025-07-04,21,11.78,247.38,Recibido
O-006373,BR-00424,P-046697,PR-00564,Cardoso,2025-08-08,36,64.97,2338.92,En tránsito
O-006374,BR-00424,P-046701,PR-00550,Barbosa,2025-07-16,49,16.4,803.6,Pendiente
O-006375,BR-00424,P-046709,PR-00553,Costa Gomes Ltda.,2025-08-05,61,115.08,7019.88,En tránsito
O-006376,BR-00424,P-046714,PR-00553,Costa Gomes Ltda.,2025-08-23,94,114.08,10723.52,En tránsito
O-006377,BR-00424,P-046718,PR-00707,Moraes,2025-08-04,45,42.25,1901.25,Recibido
O-006378,BR-00424,P-046721,PR-00837,Martins,2025-07-13,40,103.39,4135.6,Pendiente
O-006379,BR-00424,P-046730,PR-00525,Ribeiro Jesus S/A,2025-07-11,80,33.68,2694.4,Recibido
O-006380,BR-00424,P-046731,PR-00525,Ribeiro Jesus S/A,2025-07-25,38,139.04,5283.52,Recibido
O-006381,BR-00424,P-046733,PR-00525,Ribeiro Jesus S/A,2025-08-21,78,71.09,5545.02,En tránsito
O-006382,BR-00424,P-046735,PR-00526,Dias,2025-07-03,56,32.13,1799.28,Pendiente
O-006383,BR-00424,P-046736,PR-00526,Dias,2025-08-12,47,106.48,5004.56,En tránsito
O-006384,BR-00424,P-046740,PR-01018,Cirino da Costa - ME,2025-08-09,33,142.39,4698.87,Recibido
O-006385,BR-00424,P-046746,PR-00528,Barros S.A.,2025-08-01,32,85.35,2731.2,En tránsito
O-006386,BR-00424,P-046777,PR-00635,Abreu Almeida - ME,2025-07-19,43,119.38,5133.34,Recibido
O-006387,BR-00424,P-046780,PR-00558,Moreira,2025-06-30,56,81.58,4568.48,Pendiente
O-006388,BR-00424,P-046802,PR-01253,Alves - ME,2025-07-10,36,54.52,1962.72,En tránsito
O-006389,BR-00425,P-046814,PR-00918,da Mota Ltda.,2025-08-09,50,129.72,6486.0,En tránsito
O-006390,BR-00425,P-046822,PR-01395,Cardoso,2025-07-14,26,115.36,2999.36,Recibido
O-006391,BR-00425,P-046823,PR-01395,Cardoso,2025-07-10,65,65.8,4277.0,Pendiente
O-006392,BR-00425,P-046831,PR-01269,Nunes,2025-08-27,72,137.1,9871.2,Recibido
O-006393,BR-00425,P-046833,PR-00691,Aragão Sousa S/A,2025-07-23,42,8.97,376.74,Recibido
O-006394,BR-00425,P-046852,PR-01080,Novais,2025-08-11,34,110.32,3750.88,Pendiente
O-006395,BR-00425,P-046856,PR-01406,Rodrigues S/A,2025-07-08,75,89.58,6718.5,Pendiente
O-006396,BR-00425,P-046872,PR-00525,Ribeiro Jesus S/A,2025-07-28,91,9.75,887.25,Recibido
O-006397,BR-00425,P-046876,PR-00525,Ribeiro Jesus S/A,2025-07-25,24,133.04,3192.96,En tránsito
O-006398,BR-00425,P-046877,PR-00526,Dias,2025-08-26,35,90.46,3166.1,En tránsito
O-006399,BR-00425,P-046878,PR-00526,Dias,2025-08-19,84,103.49,8693.16,Pendiente
O-006400,BR-00425,P-046888,PR-00831,Albuquerque,2025-07-06,22,15.95,350.9,Recibido
O-006401,BR-00425,P-046895,PR-00529,Gonçalves Ltda.,2025-08-02,57,42.89,2444.73,Pendiente
O-006402,BR-00425,P-046897,PR-00529,Gonçalves Ltda.,2025-08-03,87,99.12,8623.44,Pendiente
O-006403,BR-00425,P-046898,PR-00529,Gonçalves Ltda.,2025-07-15,51,93.58,4772.58,Pendiente
O-006404,BR-00425,P-046907,PR-01033,Abreu e Filhos,2025-07-02,36,128.25,4617.0,Recibido
O-006405,BR-00425,P-046908,PR-01033,Abreu e Filhos,2025-07-13,87,67.21,5847.27,Pendiente
O-006406,BR-00425,P-046910,PR-01315,Barbosa,2025-08-07,31,137.68,4268.08,En tránsito
O-006407,BR-00425,P-046914,PR-00646,Pastor Duarte S.A.,2025-08-11,82,4.46,365.72,En tránsito
O-006408,BR-00425,P-046915,PR-01315,Barbosa,2025-07-02,59,97.79,5769.61,En tránsito
O-006409,BR-00425,P-046916,PR-00555,Dias e Filhos,2025-07-19,22,143.68,3160.96,Pendiente
O-006410,BR-00425,P-046917,PR-00555,Dias e Filhos,2025-07-29,27,8.42,227.34,Pendiente
O-006411,BR-00425,P-046927,PR-00666,Marques,2025-08-05,87,140.32,12207.84,En tránsito
O-006412,BR-00425,P-046936,PR-01167,da Conceição das Neves - EI,2025-08-06,61,104.55,6377.55,En tránsito
O-006413,BR-00425,P-046938,PR-00953,Caldeira,2025-07-19,61,123.34,7523.74,Recibido
O-006414,BR-00425,P-046946,PR-00714,Costa Castro - EI,2025-07-20,20,137.4,2748.0,Pendiente
O-006415,BR-00425,P-046949,PR-00535,Pastor,2025-06-30,92,45.94,4226.48,Recibido
O-006416,BR-00425,P-046960,PR-01434,da Conceição,2025-07-01,28,106.48,2981.44,Pendiente
O-006417,BR-00426,P-046965,PR-01028,Peixoto Costa e Filhos,2025-07-21,28,149.81,4194.68,Pendiente
O-006418,BR-00426,P-046967,PR-01028,Peixoto Costa e Filhos,2025-08-13,68,117.81,8011.08,Pendiente
O-006419,BR-00426,P-046970,PR-00918,da Mota Ltda.,2025-07-26,23,128.73,2960.79,Pendiente
O-006420,BR-00426,P-046982,PR-01269,Nunes,2025-07-10,80,68.08,5446.4,Pendiente
O-006421,BR-00426,P-046988,PR-00783,Caldeira da Rocha - ME,2025-08-23,28,126.71,3547.88,Recibido
O-006422,BR-00426,P-046990,PR-00783,Caldeira da Rocha - ME,2025-07-26,25,14.14,353.5,Pendiente
O-006423,BR-00426,P-047012,PR-00707,Moraes,2025-08-25,27,101.5,2740.5,En tránsito
O-006424,BR-00426,P-047015,PR-00837,Martins,2025-07-18,65,27.76,1804.4,Recibido
O-006425,BR-00426,P-047016,PR-00524,Pinto S.A.,2025-08-22,99,128.75,12746.25,En tránsito
O-006426,BR-00426,P-047018,PR-00524,Pinto S.A.,2025-07-27,72,68.76,4950.72,Recibido
O-006427,BR-00426,P-047036,PR-00527,Vieira S/A,2025-07-29,44,146.23,6434.12,Pendiente
O-006428,BR-00426,P-047050,PR-00529,Gonçalves Ltda.,2025-07-29,45,56.07,2523.15,Recibido
O-006429,BR-00426,P-047065,PR-01033,Abreu e Filhos,2025-08-26,93,88.36,8217.48,En tránsito
O-006430,BR-00426,P-047074,PR-01315,Barbosa,2025-07-08,80,14.42,1153.6,Pendiente
O-006431,BR-00426,P-047078,PR-00555,Dias e Filhos,2025-07-27,83,42.73,3546.59,Recibido
O-006432,BR-00426,P-047079,PR-00555,Dias e Filhos,2025-08-02,59,140.19,8271.21,Recibido
O-006433,BR-00426,P-047080,PR-00555,Dias e Filhos,2025-07-14,33,19.42,640.86,En tránsito
O-006434,BR-00426,P-047086,PR-00856,Aragão - EI,2025-07-16,66,101.95,6728.7,Pendiente
O-006435,BR-00426,P-047094,PR-00559,Moreira Azevedo e Filhos,2025-07-11,66,56.14,3705.24,En tránsito
O-006436,BR-00426,P-047104,PR-00534,Pires Araújo - ME,2025-07-03,34,33.65,1144.1,Recibido
O-006437,BR-00426,P-047110,PR-00534,Pires Araújo - ME,2025-07-01,77,75.46,5810.42,Recibido
O-006438,BR-00427,P-047136,PR-01395,Cardoso,2025-08-14,53,113.26,6002.78,Pendiente
O-006439,BR-00427,P-047145,PR-00550,Barbosa,2025-07-13,52,53.4,2776.8,En tránsito
O-006440,BR-00427,P-047147,PR-00783,Caldeira da Rocha - ME,2025-07-29,95,103.95,9875.25,Pendiente
O-006441,BR-00427,P-047150,PR-00551,Dias S.A.,2025-08-21,24,122.21,2933.04,En tránsito
O-006442,BR-00427,P-047159,PR-00552,Farias Ltda.,2025-08-02,34,77.94,2649.96,Recibido
O-006443,BR-00427,P-047171,PR-00523,Cardoso e Filhos,2025-07-05,71,133.27,9462.17,Pendiente
O-006444,BR-00427,P-047175,PR-01053,Ramos da Rosa Ltda.,2025-07-03,73,136.89,9992.97,En tránsito
O-006445,BR-00427,P-047182,PR-00525,Ribeiro Jesus S/A,2025-07-13,81,105.73,8564.13,En tránsito
O-006446,BR-00427,P-047194,PR-00528,Barros S.A.,2025-07-04,85,6.35,539.75,Recibido
O-006447,BR-00427,P-047216,PR-00531,Mendes S.A.,2025-08-09,44,72.53,3191.32,Recibido
O-006448,BR-00427,P-047226,PR-01267,Rodrigues e Filhos,2025-08-26,37,133.91,4954.67,Recibido
O-006449,BR-00427,P-047227,PR-01267,Rodrigues e Filhos,2025-08-16,21,32.42,680.82,En tránsito
O-006450,BR-00427,P-047257,PR-00535,Pastor,2025-08-11,21,77.5,1627.5,Recibido
O-006451,BR-00428,P-047269,PR-00560,Pacheco - EI,2025-07-13,30,115.6,3468.0,En tránsito
O-006452,BR-00428,P-047273,PR-00561,Casa Grande,2025-07-04,96,42.16,4047.36,En tránsito
O-006453,BR-00428,P-047279,PR-00647,da Mata,2025-07-25,75,136.75,10256.25,Pendiente
O-006454,BR-00428,P-047290,PR-00783,Caldeira da Rocha - ME,2025-07-23,44,84.84,3732.96,Recibido
O-006455,BR-00428,P-047303,PR-00715,Cardoso,2025-07-07,69,146.93,10138.17,En tránsito
O-006456,BR-00428,P-047307,PR-01080,Novais,2025-07-29,46,6.57,302.22,Recibido
O-006457,BR-00428,P-047310,PR-01080,Novais,2025-07-03,70,115.65,8095.5,En tránsito
O-006458,BR-00428,P-047323,PR-00888,Peixoto,2025-08-12,75,5.35,401.25,Recibido
O-006459,BR-00428,P-047336,PR-00528,Barros S.A.,2025-07-18,34,119.79,4072.86,Recibido
O-006460,BR-00428,P-047337,PR-00528,Barros S.A.,2025-07-26,91,101.29,9217.39,En tránsito
O-006461,BR-00428,P-047362,PR-00555,Dias e Filhos,2025-08-16,63,10.16,640.08,Recibido
O-006462,BR-00428,P-047398,PR-00986,da Mata,2025-07-27,27,110.69,2988.63,En tránsito
O-006463,BR-00428,P-047400,PR-00535,Pastor,2025-07-06,62,63.69,3948.78,Pendiente
O-006464,BR-00429,P-047412,PR-00897,Moreira S/A,2025-07-10,47,113.24,5322.28,En tránsito
O-006465,BR-00429,P-047422,PR-00647,da Mata,2025-08-16,32,111.85,3579.2,Recibido
O-006466,BR-00429,P-047423,PR-01312,Oliveira Marques S/A,2025-07-14,72,96.89,6976.08,Pendiente
O-006467,BR-00429,P-047427,PR-00691,Aragão Sousa S/A,2025-07-27,71,133.34,9467.14,Pendiente
O-006468,BR-00429,P-047433,PR-00783,Caldeira da Rocha - ME,2025-08-19,81,78.7,6374.7,Pendiente
O-006469,BR-00429,P-047436,PR-00783,Caldeira da Rocha - ME,2025-06-30,47,11.72,550.84,En tránsito
O-006470,BR-00429,P-047439,PR-00551,Dias S.A.,2025-08-20,84,25.3,2125.2,En tránsito
O-006471,BR-00429,P-047444,PR-00759,Fernandes,2025-07-21,32,70.36,2251.52,Pendiente
O-006472,BR-00429,P-047450,PR-00553,Costa Gomes Ltda.,2025-08-24,20,6.96,139.2,Recibido
O-006473,BR-00429,P-047455,PR-00554,Albuquerque da Mata S/A,2025-07-22,93,34.32,3191.76,Recibido
O-006474,BR-00429,P-047476,PR-01018,Cirino da Costa - ME,2025-08-16,37,69.58,2574.46,Pendiente
O-006475,BR-00429,P-047481,PR-00528,Barros S.A.,2025-08-06,23,143.12,3291.76,Pendiente
O-006476,BR-00429,P-047490,PR-00529,Gonçalves Ltda.,2025-07-11,44,35.29,1552.76,Recibido
O-006477,BR-00429,P-047491,PR-00530,Sá Ltda.,2025-07-12,42,52.54,2206.68,Pendiente
O-006478,BR-00429,P-047500,PR-01315,Barbosa,2025-06-30,64,89.8,5747.2,En tránsito
O-006479,BR-00429,P-047505,PR-01315,Barbosa,2025-08-12,83,133.39,11071.37,Recibido
O-006480,BR-00430,P-047507,PR-01028,Peixoto Costa e Filhos,2025-08-24,85,88.82,7549.7,Pendiente
O-006481,BR-00430,P-047508,PR-01028,Peixoto Costa e Filhos,2025-08-28,39,52.34,2041.26,Recibido
O-006482,BR-00430,P-047546,PR-00552,Farias Ltda.,2025-08-06,100,93.77,9377.0,Recibido
O-006483,BR-00430,P-047553,PR-00554,Albuquerque da Mata S/A,2025-08-06,52,56.85,2956.2,Pendiente
O-006484,BR-00430,P-047558,PR-00523,Cardoso e Filhos,2025-08-16,61,47.45,2894.45,Pendiente
O-006485,BR-00430,P-047561,PR-01053,Ramos da Rosa Ltda.,2025-07-21,44,74.07,3259.08,Recibido
O-006486,BR-00430,P-047565,PR-00524,Pinto S.A.,2025-07-02,94,85.1,7999.4,En tránsito
O-006487,BR-00430,P-047578,PR-01298,Câmara Sampaio Ltda.,2025-07-04,47,126.56,5948.32,Pendiente
O-006488,BR-00430,P-047579,PR-00526,Dias,2025-08-07,99,133.88,13254.12,Recibido
O-006489,BR-00430,P-047581,PR-00527,Vieira S/A,2025-06-30,52,63.1,3281.2,En tránsito
O-006490,BR-00430,P-047586,PR-00527,Vieira S/A,2025-08-22,35,92.85,3249.75,Pendiente
O-006491,BR-00430,P-047596,PR-00529,Gonçalves Ltda.,2025-08-20,33,107.86,3559.38,Pendiente
O-006492,BR-00430,P-047597,PR-00529,Gonçalves Ltda.,2025-07-09,65,134.55,8745.75,Pendiente
O-006493,BR-00430,P-047602,PR-00530,Sá Ltda.,2025-08-02,69,8.76,604.44,En tránsito
O-006494,BR-00430,P-047605,PR-00531,Mendes S.A.,2025-08-23,56,4.82,269.92,En tránsito
O-006495,BR-00430,P-047608,PR-01033,Abreu e Filhos,2025-08-21,54,30.69,1657.26,Pendiente
O-006496,BR-00431,P-047613,PR-01028,Peixoto Costa e Filhos,2025-07-06,63,19.47,1226.61,En tránsito
O-006497,BR-00431,P-047615,PR-01251,Viana,2025-07-10,66,52.21,3445.86,Pendiente
O-006498,BR-00431,P-047621,PR-01146,Silva,2025-08-03,29,61.55,1784.95,En tránsito
O-006499,BR-00431,P-047629,PR-01312,Oliveira Marques S/A,2025-08-07,78,80.53,6281.34,Recibido
O-006500,BR-00431,P-047630,PR-01312,Oliveira Marques S/A,2025-07-22,47,76.01,3572.47,Recibido
O-006501,BR-00431,P-047640,PR-00783,Caldeira da Rocha - ME,2025-07-01,68,129.44,8801.92,Recibido
O-006502,BR-00431,P-047641,PR-00783,Caldeira da Rocha - ME,2025-07-03,78,52.63,4105.14,En tránsito
O-006503,BR-00431,P-047647,PR-00552,Farias Ltda.,2025-08-25,93,147.8,13745.4,Pendiente
O-006504,BR-00431,P-047657,PR-01406,Rodrigues S/A,2025-07-24,20,4.41,88.2,Recibido
O-006505,BR-00431,P-047669,PR-00525,Ribeiro Jesus S/A,2025-07-22,93,103.41,9617.13,Recibido
O-006506,BR-00431,P-047679,PR-01298,Câmara Sampaio Ltda.,2025-08-25,76,6.19,470.44,Recibido
O-006507,BR-00431,P-047700,PR-01315,Barbosa,2025-07-04,58,139.51,8091.58,Pendiente
O-006508,BR-00432,P-047724,PR-01395,Cardoso,2025-07-14,81,25.71,2082.51,En tránsito
O-006509,BR-00432,P-047725,PR-00647,da Mata,2025-07-13,29,144.85,4200.65,En tránsito
O-006510,BR-00432,P-047741,PR-00550,Barbosa,2025-07-28,65,53.54,3480.1,Pendiente
O-006511,BR-00432,P-047744,PR-00551,Dias S.A.,2025-07-19,65,84.53,5494.45,En tránsito
O-006512,BR-00432,P-047766,PR-00888,Peixoto,2025-08-24,62,72.39,4488.18,Recibido
O-006513,BR-00432,P-047769,PR-00888,Peixoto,2025-07-12,85,26.19,2226.15,En tránsito
O-006514,BR-00432,P-047779,PR-01018,Cirino da Costa - ME,2025-07-11,66,5.63,371.58,En tránsito
O-006515,BR-00432,P-047783,PR-01018,Cirino da Costa - ME,2025-07-02,73,121.32,8856.36,En tránsito
O-006516,BR-00432,P-047788,PR-00529,Gonçalves Ltda.,2025-08-13,22,57.55,1266.1,En tránsito
O-006517,BR-00432,P-047801,PR-01315,Barbosa,2025-08-19,93,39.54,3677.22,Pendiente
O-006518,BR-00433,P-047809,PR-00560,Pacheco - EI,2025-08-16,97,21.6,2095.2,Recibido
O-006519,BR-00433,P-047810,PR-00897,Moreira S/A,2025-07-11,46,78.45,3608.7,Pendiente
O-006520,BR-00433,P-047814,PR-00561,Casa Grande,2025-08-12,43,32.74,1407.82,En tránsito
O-006521,BR-00433,P-047816,PR-00561,Casa Grande,2025-07-26,81,85.79,6948.99,Pendiente
O-006522,BR-00433,P-047818,PR-00562,Cassiano da Paz - EI,2025-07-30,25,6.99,174.75,Pendiente
O-006523,BR-00433,P-047826,PR-01269,Nunes,2025-08-12,85,112.6,9571.0,En tránsito
O-006524,BR-00433,P-047827,PR-00725,Silveira,2025-08-26,24,37.61,902.64,En tránsito
O-006525,BR-00433,P-047828,PR-00691,Aragão Sousa S/A,2025-08-07,26,68.46,1779.96,En tránsito
O-006526,BR-00433,P-047835,PR-00550,Barbosa,2025-08-09,40,134.05,5362.0,En tránsito
O-006527,BR-00433,P-047874,PR-00528,Barros S.A.,2025-07-19,99,125.36,12410.64,Recibido
O-006528,BR-00433,P-047877,PR-00831,Albuquerque,2025-07-09,63,38.47,2423.61,Recibido
O-006529,BR-00434,P-047909,PR-00918,da Mota Ltda.,2025-08-05,57,36.6,2086.2,En tránsito
O-006530,BR-00434,P-047910,PR-00918,da Mota Ltda.,2025-07-15,82,63.25,5186.5,En tránsito
O-006531,BR-00434,P-047925,PR-00783,Caldeira da Rocha - ME,2025-08-02,71,115.41,8194.11,Pendiente
O-006532,BR-00434,P-047929,PR-00551,Dias S.A.,2025-07-12,40,97.94,3917.6,En tránsito
O-006533,BR-00434,P-047939,PR-00715,Cardoso,2025-08-23,52,146.74,7630.48,En tránsito
O-006534,BR-00434,P-047948,PR-00554,Albuquerque da Mata S/A,2025-07-11,74,106.95,7914.3,Recibido
O-006535,BR-00434,P-047971,PR-01018,Cirino da Costa - ME,2025-07-14,77,118.44,9119.88,En tránsito
O-006536,BR-00434,P-047983,PR-00529,Gonçalves Ltda.,2025-08-14,88,90.47,7961.36,En tránsito
O-006537,BR-00434,P-047998,PR-00532,Gomes,2025-08-23,25,26.39,659.75,Recibido
O-006538,BR-00435,P-048003,PR-00897,Moreira S/A,2025-07-11,73,62.71,4577.83,Recibido
O-006539,BR-00435,P-048005,PR-00897,Moreira S/A,2025-08-18,37,89.88,3325.56,En tránsito
O-006540,BR-00435,P-048007,PR-00561,Casa Grande,2025-08-04,22,9.48,208.56,Recibido
O-006541,BR-00435,P-048009,PR-01146,Silva,2025-07-04,37,37.18,1375.66,Recibido
O-006542,BR-00435,P-048036,PR-00551,Dias S.A.,2025-08-09,35,13.0,455.0,En tránsito
O-006543,BR-00435,P-048040,PR-00715,Cardoso,2025-07-15,42,21.35,896.7,Pendiente
O-006544,BR-00435,P-048047,PR-00553,Costa Gomes Ltda.,2025-07-26,65,14.83,963.95,Pendiente
O-006545,BR-00435,P-048059,PR-00524,Pinto S.A.,2025-08-20,43,123.53,5311.79,Recibido
O-006546,BR-00435,P-048068,PR-01298,Câmara Sampaio Ltda.,2025-07-23,87,45.37,3947.19,En tránsito
O-006547,BR-00435,P-048073,PR-00527,Vieira S/A,2025-07-01,78,77.59,6052.02,Recibido
O-006548,BR-00436,P-048106,PR-01146,Silva,2025-08-08,73,5.8,423.4,Recibido
O-006549,BR-00436,P-048107,PR-01146,Silva,2025-08-20,90,82.51,7425.9,Pendiente
O-006550,BR-00436,P-048114,PR-01269,Nunes,2025-07-08,32,25.79,825.28,En tránsito
O-006551,BR-00436,P-048117,PR-00563,Macedo,2025-08-09,63,95.83,6037.29,Recibido
O-006552,BR-00436,P-048150,PR-00523,Cardoso e Filhos,2025-08-15,33,17.79,587.07,Pendiente
O-006553,BR-00436,P-048161,PR-00525,Ribeiro Jesus S/A,2025-07-06,38,9.05,343.9,En tránsito
O-006554,BR-00436,P-048168,PR-01018,Cirino da Costa - ME,2025-07-22,66,109.38,7219.08,Pendiente
O-006555,BR-00436,P-048180,PR-00530,Sá Ltda.,2025-08-15,93,137.94,12828.42,Recibido
O-006556,BR-00436,P-048183,PR-00530,Sá Ltda.,2025-07-01,90,79.19,7127.1,Pendiente
O-006557,BR-00437,P-048206,PR-00647,da Mata,2025-07-20,24,93.18,2236.32,Pendiente
O-006558,BR-00437,P-048216,PR-00564,Cardoso,2025-07-12,33,30.36,1001.88,Pendiente
O-006559,BR-00437,P-048223,PR-00783,Caldeira da Rocha - ME,2025-07-25,91,72.18,6568.38,En tránsito
O-006560,BR-00437,P-048226,PR-00783,Caldeira da Rocha - ME,2025-07-30,94,129.08,12133.52,Recibido
O-006561,BR-00437,P-048234,PR-00551,Dias S.A.,2025-08-10,86,148.24,12748.64,Recibido
O-006562,BR-00437,P-048244,PR-00554,Albuquerque da Mata S/A,2025-08-16,25,62.27,1556.75,En tránsito
O-006563,BR-00437,P-048269,PR-00528,Barros S.A.,2025-07-21,39,134.0,5226.0,En tránsito
O-006564,BR-00437,P-048278,PR-00529,Gonçalves Ltda.,2025-08-14,21,30.37,637.77,Pendiente
O-006565,BR-00437,P-048290,PR-00646,Pastor Duarte S.A.,2025-07-22,99,120.45,11924.55,Pendiente
O-006566,BR-00437,P-048291,PR-00532,Gomes,2025-07-16,32,86.31,2761.92,En tránsito
O-006567,BR-00438,P-048296,PR-01251,Viana,2025-07-13,64,64.03,4097.92,En tránsito
O-006568,BR-00438,P-048298,PR-01146,Silva,2025-08-18,39,107.07,4175.73,Recibido
O-006569,BR-00438,P-048311,PR-01269,Nunes,2025-07-09,84,25.95,2179.8,Pendiente
O-006570,BR-00438,P-048316,PR-00725,Silveira,2025-07-08,50,20.29,1014.5,Pendiente
O-006571,BR-00438,P-048328,PR-00551,Dias S.A.,2025-08-24,35,96.21,3367.35,Recibido
O-006572,BR-00438,P-048330,PR-00552,Farias Ltda.,2025-07-23,60,89.71,5382.6,Pendiente
O-006573,BR-00438,P-048338,PR-00553,Costa Gomes Ltda.,2025-08-15,21,32.14,674.94,En tránsito
O-006574,BR-00438,P-048349,PR-00837,Martins,2025-07-11,37,43.22,1599.14,En tránsito
O-006575,BR-00438,P-048353,PR-00524,Pinto S.A.,2025-07-08,47,73.92,3474.24,Recibido
O-006576,BR-00438,P-048361,PR-00527,Vieira S/A,2025-08-11,40,73.09,2923.6,Pendiente
O-006577,BR-00438,P-048362,PR-00527,Vieira S/A,2025-07-23,55,29.24,1608.2,En tránsito
O-006578,BR-00438,P-048363,PR-01018,Cirino da Costa - ME,2025-08-09,92,83.59,7690.28,Recibido
O-006579,BR-00438,P-048367,PR-00528,Barros S.A.,2025-08-11,54,145.14,7837.56,Recibido
O-006580,BR-00438,P-048369,PR-00528,Barros S.A.,2025-08-25,67,117.36,7863.12,Recibido
O-006581,BR-00438,P-048377,PR-00529,Gonçalves Ltda.,2025-07-30,62,125.17,7760.54,En tránsito
O-006582,BR-00438,P-048379,PR-00530,Sá Ltda.,2025-08-17,55,55.52,3053.6,En tránsito
O-006583,BR-00439,P-048400,PR-00647,da Mata,2025-07-06,71,29.32,2081.72,Pendiente
O-006584,BR-00439,P-048401,PR-00562,Cassiano da Paz - EI,2025-07-22,46,136.38,6273.48,Pendiente
O-006585,BR-00439,P-048402,PR-00647,da Mata,2025-08-04,46,100.86,4639.56,En tránsito
O-006586,BR-00439,P-048404,PR-00563,Macedo,2025-08-26,90,56.78,5110.2,Recibido
O-006587,BR-00439,P-048411,PR-00564,Cardoso,2025-07-01,25,147.45,3686.25,En tránsito
O-006588,BR-00439,P-048412,PR-00564,Cardoso,2025-08-23,47,141.86,6667.42,En tránsito
O-006589,BR-00439,P-048421,PR-00551,Dias S.A.,2025-08-21,100,147.23,14723.0,Pendiente
O-006590,BR-00439,P-048423,PR-00784,Souza Leão Ltda.,2025-08-15,64,77.84,4981.76,Pendiente
O-006591,BR-00439,P-048436,PR-00554,Albuquerque da Mata S/A,2025-07-18,23,3.54,81.42,Pendiente
O-006592,BR-00439,P-048437,PR-01406,Rodrigues S/A,2025-07-18,50,60.39,3019.5,Recibido
O-006593,BR-00439,P-048441,PR-01053,Ramos da Rosa Ltda.,2025-07-14,95,38.61,3667.95,Pendiente
O-006594,BR-00439,P-048449,PR-00524,Pinto S.A.,2025-08-09,39,138.18,5389.02,Recibido
O-006595,BR-00439,P-048454,PR-00525,Ribeiro Jesus S/A,2025-08-18,86,137.13,11793.18,Pendiente
O-006596,BR-00439,P-048457,PR-00525,Ribeiro Jesus S/A,2025-07-23,52,63.73,3313.96,Pendiente
O-006597,BR-00439,P-048478,PR-00530,Sá Ltda.,2025-08-02,38,30.17,1146.46,En tránsito
O-006598,BR-00439,P-048484,PR-01033,Abreu e Filhos,2025-07-23,47,8.85,415.95,Pendiente
O-006599,BR-00439,P-048487,PR-00531,Mendes S.A.,2025-08-07,64,48.92,3130.88,Pendiente
O-006600,BR-00440,P-048500,PR-01146,Silva,2025-07-24,37,107.72,3985.64,Recibido
O-006601,BR-00440,P-048507,PR-00562,Cassiano da Paz - EI,2025-07-02,52,115.05,5982.6,En tránsito
O-006602,BR-00440,P-048510,PR-01312,Oliveira Marques S/A,2025-07-07,46,53.71,2470.66,Recibido
O-006603,BR-00440,P-048523,PR-00550,Barbosa,2025-07-15,68,135.82,9235.76,Pendiente
O-006604,BR-00440,P-048530,PR-00551,Dias S.A.,2025-07-08,25,115.05,2876.25,Pendiente
O-006605,BR-00440,P-048564,PR-00527,Vieira S/A,2025-08-04,81,62.35,5050.35,Pendiente
O-006606,BR-00440,P-048579,PR-00530,Sá Ltda.,2025-08-21,41,129.69,5317.29,Recibido
O-006607,BR-00440,P-048587,PR-00532,Gomes,2025-07-04,35,25.81,903.35,Pendiente
O-006608,BR-00440,P-048588,PR-01315,Barbosa,2025-08-19,78,88.94,6937.32,En tránsito
O-006609,BR-00441,P-048617,PR-00783,Caldeira da Rocha - ME,2025-08-21,41,64.18,2631.38,Pendiente
O-006610,BR-00441,P-048642,PR-00837,Martins,2025-07-02,54,38.98,2104.92,En tránsito
O-006611,BR-00441,P-048656,PR-00525,Ribeiro Jesus S/A,2025-07-17,53,8.56,453.68,En tránsito
O-006612,BR-00441,P-048658,PR-00525,Ribeiro Jesus S/A,2025-08-11,82,26.43,2167.26,Recibido
O-006613,BR-00441,P-048662,PR-01298,Câmara Sampaio Ltda.,2025-08-10,51,126.98,6475.98,Pendiente
O-006614,BR-00441,P-048673,PR-00528,Barros S.A.,2025-08-12,22,54.44,1197.68,Recibido
O-006615,BR-00441,P-048674,PR-00528,Barros S.A.,2025-08-15,35,88.16,3085.6,En tránsito
O-006616,BR-00441,P-048684,PR-00531,Mendes S.A.,2025-07-14,52,142.76,7423.52,Recibido
O-006617,BR-00441,P-048685,PR-00531,Mendes S.A.,2025-08-14,94,76.36,7177.84,En tránsito
O-006618,BR-00441,P-048691,PR-01315,Barbosa,2025-08-05,78,97.52,7606.56,Pendiente
O-006619,BR-00442,P-048694,PR-01251,Viana,2025-07-22,83,14.02,1163.66,Recibido
O-006620,BR-00442,P-048705,PR-01395,Cardoso,2025-08-06,51,58.05,2960.55,Pendiente
O-006621,BR-00442,P-048712,PR-01269,Nunes,2025-08-20,43,77.0,3311.0,Recibido
O-006622,BR-00442,P-048713,PR-00564,Cardoso,2025-07-26,25,113.41,2835.25,En tránsito
O-006623,BR-00442,P-048721,PR-00783,Caldeira da Rocha - ME,2025-08-10,98,32.44,3179.12,Recibido
O-006624,BR-00442,P-048724,PR-00551,Dias S.A.,2025-07-30,63,13.49,849.87,Pendiente
O-006625,BR-00442,P-048729,PR-00552,Farias Ltda.,2025-07-02,66,58.05,3831.3,Pendiente
O-006626,BR-00442,P-048742,PR-00523,Cardoso e Filhos,2025-07-14,34,26.5,901.0,Pendiente
O-006627,BR-00442,P-048748,PR-00888,Peixoto,2025-08-07,34,13.49,458.66,En tránsito
O-006628,BR-00442,P-048757,PR-00525,Ribeiro Jesus S/A,2025-07-11,68,131.99,8975.32,Pendiente
O-006629,BR-00442,P-048758,PR-01298,Câmara Sampaio Ltda.,2025-08-05,27,37.98,1025.46,Recibido
O-006630,BR-00442,P-048760,PR-01298,Câmara Sampaio Ltda.,2025-08-21,77,104.53,8048.81,Pendiente
O-006631,BR-00442,P-048775,PR-00529,Gonçalves Ltda.,2025-07-21,85,60.15,5112.75,En tránsito
O-006632,BR-00442,P-048789,PR-01033,Abreu e Filhos,2025-07-27,51,108.04,5510.04,Recibido
O-006633,BR-00443,P-048813,PR-01312,Oliveira Marques S/A,2025-07-05,77,107.77,8298.29,Pendiente
O-006634,BR-00443,P-048837,PR-01080,Novais,2025-08-26,32,53.29,1705.28,En tránsito
O-006635,BR-00443,P-048860,PR-00526,Dias,2025-07-17,58,73.32,4252.56,Pendiente
O-006636,BR-00443,P-048879,PR-01033,Abreu e Filhos,2025-08-17,34,21.57,733.38,En tránsito
O-006637,BR-00443,P-048881,PR-01033,Abreu e Filhos,2025-08-14,58,25.63,1486.54,Pendiente
O-006638,BR-00443,P-048885,PR-00646,Pastor Duarte S.A.,2025-07-21,56,101.68,5694.08,En tránsito
O-006639,BR-00444,P-048942,PR-00525,Ribeiro Jesus S/A,2025-07-25,73,18.78,1370.94,Pendiente
O-006640,BR-00444,P-048952,PR-01298,Câmara Sampaio Ltda.,2025-08-12,77,59.41,4574.57,Pendiente
O-006641,BR-00444,P-048954,PR-00526,Dias,2025-08-02,89,6.01,534.89,Recibido
O-006642,BR-00445,P-048980,PR-00564,Cardoso,2025-08-12,83,26.71,2216.93,En tránsito
O-006643,BR-00445,P-048986,PR-00783,Caldeira da Rocha - ME,2025-07-18,40,125.68,5027.2,Recibido
O-006644,BR-00445,P-048987,PR-00783,Caldeira da Rocha - ME,2025-07-23,93,117.92,10966.56,En tránsito
O-006645,BR-00445,P-048999,PR-01080,Novais,2025-07-16,99,67.35,6667.65,Pendiente
O-006646,BR-00445,P-049017,PR-00525,Ribeiro Jesus S/A,2025-08-06,87,71.09,6184.83,Pendiente
O-006647,BR-00445,P-049018,PR-00525,Ribeiro Jesus S/A,2025-07-05,89,45.89,4084.21,Recibido
O-006648,BR-00445,P-049029,PR-00527,Vieira S/A,2025-07-16,40,123.73,4949.2,En tránsito
O-006649,BR-00446,P-049034,PR-01028,Peixoto Costa e Filhos,2025-07-04,27,117.9,3183.3,Recibido
O-006650,BR-00446,P-049041,PR-00562,Cassiano da Paz - EI,2025-07-18,84,119.03,9998.52,Recibido
O-006651,BR-00446,P-049049,PR-00691,Aragão Sousa S/A,2025-07-14,40,16.12,644.8,En tránsito
O-006652,BR-00446,P-049053,PR-00783,Caldeira da Rocha - ME,2025-08-27,87,76.03,6614.61,En tránsito
O-006653,BR-00446,P-049068,PR-00707,Moraes,2025-07-22,23,68.26,1569.98,Recibido
O-006654,BR-00446,P-049070,PR-00554,Albuquerque da Mata S/A,2025-08-14,90,24.41,2196.9,En tránsito
O-006655,BR-00446,P-049074,PR-01053,Ramos da Rosa Ltda.,2025-08-19,21,57.66,1210.86,En tránsito
O-006656,BR-00446,P-049075,PR-00888,Peixoto,2025-08-01,33,124.7,4115.1,Pendiente
O-006657,BR-00446,P-049085,PR-00526,Dias,2025-07-23,57,65.95,3759.15,En tránsito
O-006658,BR-00446,P-049093,PR-00527,Vieira S/A,2025-08-21,80,10.21,816.8,En tránsito
O-006659,BR-00447,P-049107,PR-01395,Cardoso,2025-07-09,78,76.78,5988.84,Pendiente
O-006660,BR-00447,P-049111,PR-01312,Oliveira Marques S/A,2025-07-12,63,99.78,6286.14,Recibido
O-006661,BR-00447,P-049115,PR-00783,Caldeira da Rocha - ME,2025-07-18,68,71.39,4854.52,En tránsito
O-006662,BR-00447,P-049116,PR-00783,Caldeira da Rocha - ME,2025-07-11,87,129.25,11244.75,Recibido
O-006663,BR-00447,P-049122,PR-00551,Dias S.A.,2025-08-23,59,11.49,677.91,En tránsito
O-006664,BR-00447,P-049124,PR-00715,Cardoso,2025-07-25,25,12.04,301.0,Pendiente
O-006665,BR-00447,P-049132,PR-01406,Rodrigues S/A,2025-08-17,46,108.01,4968.46,En tránsito
O-006666,BR-00447,P-049142,PR-00523,Cardoso e Filhos,2025-08-05,49,108.08,5295.92,En tránsito
O-006667,BR-00447,P-049143,PR-00837,Martins,2025-07-19,20,138.26,2765.2,Recibido
O-006668,BR-00447,P-049146,PR-00888,Peixoto,2025-08-06,94,27.33,2569.02,En tránsito
O-006669,BR-00447,P-049147,PR-00524,Pinto S.A.,2025-08-23,29,93.91,2723.39,En tránsito
O-006670,BR-00447,P-049154,PR-00525,Ribeiro Jesus S/A,2025-08-01,98,108.15,10598.7,Pendiente
O-006671,BR-00447,P-049159,PR-01298,Câmara Sampaio Ltda.,2025-08-24,75,86.29,6471.75,En tránsito
O-006672,BR-00448,P-049169,PR-01251,Viana,2025-08-22,54,4.82,260.28,Pendiente
O-006673,BR-00448,P-049176,PR-00918,da Mota Ltda.,2025-07-20,90,136.51,12285.9,Recibido
O-006674,BR-00448,P-049177,PR-00561,Casa Grande,2025-07-04,66,88.19,5820.54,Pendiente
O-006675,BR-00448,P-049187,PR-01269,Nunes,2025-08-01,35,71.52,2503.2,Pendiente
O-006676,BR-00448,P-049199,PR-00783,Caldeira da Rocha - ME,2025-08-11,37,92.68,3429.16,En tránsito
O-006677,BR-00448,P-049222,PR-00554,Albuquerque da Mata S/A,2025-08-12,98,113.14,11087.72,Pendiente
O-006678,BR-00448,P-049223,PR-00554,Albuquerque da Mata S/A,2025-08-02,67,116.51,7806.17,Pendiente
O-006679,BR-00448,P-049228,PR-00523,Cardoso e Filhos,2025-08-04,77,131.25,10106.25,Recibido
O-006680,BR-00448,P-049234,PR-00525,Ribeiro Jesus S/A,2025-08-24,66,94.94,6266.04,Pendiente
O-006681,BR-00448,P-049241,PR-01298,Câmara Sampaio Ltda.,2025-08-02,100,28.81,2881.0,Pendiente
O-006682,BR-00448,P-049246,PR-00527,Vieira S/A,2025-08-06,53,77.47,4105.91,Recibido
O-006683,BR-00448,P-049247,PR-00527,Vieira S/A,2025-07-12,65,41.91,2724.15,Pendiente
O-006684,BR-00449,P-049252,PR-00897,Moreira S/A,2025-08-28,39,79.64,3105.96,Pendiente
O-006685,BR-00449,P-049253,PR-00897,Moreira S/A,2025-07-04,48,91.94,4413.12,En tránsito
O-006686,BR-00449,P-049275,PR-00550,Barbosa,2025-07-08,79,112.12,8857.48,Recibido
O-006687,BR-00449,P-049279,PR-00551,Dias S.A.,2025-07-20,91,37.15,3380.65,En tránsito
O-006688,BR-00449,P-049289,PR-00553,Costa Gomes Ltda.,2025-08-01,64,55.55,3555.2,Recibido
O-006689,BR-00449,P-049315,PR-00525,Ribeiro Jesus S/A,2025-07-15,95,141.27,13420.65,En tránsito
O-006690,BR-00449,P-049322,PR-00527,Vieira S/A,2025-08-10,29,27.78,805.62,Recibido
O-006691,BR-00449,P-049324,PR-01018,Cirino da Costa - ME,2025-07-21,30,102.52,3075.6,Recibido
O-006692,BR-00450,P-049333,PR-00561,Casa Grande,2025-08-18,61,101.02,6162.22,Recibido
O-006693,BR-00450,P-049340,PR-01395,Cardoso,2025-07-28,46,12.2,561.2,Pendiente
O-006694,BR-00450,P-049357,PR-00551,Dias S.A.,2025-07-14,93,99.38,9242.34,Pendiente
O-006695,BR-00450,P-049358,PR-00551,Dias S.A.,2025-08-10,77,90.68,6982.36,En tránsito
O-006696,BR-00450,P-049363,PR-00784,Souza Leão Ltda.,2025-07-24,42,91.28,3833.76,En tránsito
O-006697,BR-00450,P-049364,PR-00715,Cardoso,2025-07-01,64,37.31,2387.84,Recibido
O-006698,BR-00450,P-049365,PR-00552,Farias Ltda.,2025-08-15,95,46.2,4389.0,En tránsito
O-006699,BR-00450,P-049366,PR-00759,Fernandes,2025-07-28,92,112.35,10336.2,Pendiente
O-006700,BR-00450,P-049373,PR-00554,Albuquerque da Mata S/A,2025-07-06,68,84.91,5773.88,En tránsito
O-006701,BR-00450,P-049382,PR-00888,Peixoto,2025-08-06,84,90.41,7594.44,En tránsito
O-006702,BR-00451,P-049402,PR-00897,Moreira S/A,2025-07-26,80,104.64,8371.2,Pendiente
O-006703,BR-00451,P-049406,PR-00918,da Mota Ltda.,2025-08-08,29,146.15,4238.35,Recibido
O-006704,BR-00451,P-049413,PR-01269,Nunes,2025-08-02,34,74.21,2523.14,Pendiente
O-006705,BR-00451,P-049417,PR-00725,Silveira,2025-07-29,53,134.27,7116.31,Recibido
O-006706,BR-00451,P-049420,PR-00564,Cardoso,2025-07-05,55,96.52,5308.6,En tránsito
O-006707,BR-00451,P-049423,PR-00783,Caldeira da Rocha - ME,2025-08-11,98,45.76,4484.48,Pendiente
O-006708,BR-00451,P-049428,PR-00551,Dias S.A.,2025-06-30,30,82.98,2489.4,Pendiente
O-006709,BR-00451,P-049436,PR-00715,Cardoso,2025-08-23,39,100.73,3928.47,Recibido
O-006710,BR-00451,P-049446,PR-01406,Rodrigues S/A,2025-07-28,57,145.81,8311.17,Recibido
O-006711,BR-00451,P-049448,PR-00837,Martins,2025-08-08,30,149.88,4496.4,Pendiente
O-006712,BR-00451,P-049449,PR-00523,Cardoso e Filhos,2025-08-27,45,39.96,1798.2,Pendiente
O-006713,BR-00451,P-049453,PR-00837,Martins,2025-07-26,71,145.78,10350.38,En tránsito
O-006714,BR-00451,P-049456,PR-00888,Peixoto,2025-08-15,65,74.89,4867.85,Pendiente
O-006715,BR-00451,P-049467,PR-01298,Câmara Sampaio Ltda.,2025-08-02,63,69.87,4401.81,En tránsito
O-006716,BR-00451,P-049469,PR-00527,Vieira S/A,2025-06-30,76,79.59,6048.84,En tránsito
O-006717,BR-00452,P-049486,PR-00562,Cassiano da Paz - EI,2025-07-26,70,17.09,1196.3,Pendiente
O-006718,BR-00452,P-049494,PR-00691,Aragão Sousa S/A,2025-07-13,76,6.11,464.36,Recibido
O-006719,BR-00452,P-049498,PR-00550,Barbosa,2025-07-22,95,123.57,11739.15,Pendiente
O-006720,BR-00452,P-049511,PR-00552,Farias Ltda.,2025-08-23,26,89.83,2335.58,Recibido
O-006721,BR-00452,P-049522,PR-01053,Ramos da Rosa Ltda.,2025-07-29,38,10.93,415.34,Recibido
O-006722,BR-00452,P-049529,PR-00888,Peixoto,2025-08-16,74,80.58,5962.92,En tránsito
O-006723,BR-00452,P-049541,PR-01018,Cirino da Costa - ME,2025-08-19,99,97.39,9641.61,Recibido
O-006724,BR-00453,P-049561,PR-01269,Nunes,2025-07-08,86,23.0,1978.0,En tránsito
O-006725,BR-00453,P-049566,PR-01269,Nunes,2025-07-16,82,30.53,2503.46,Recibido
O-006726,BR-00453,P-049568,PR-00725,Silveira,2025-08-08,49,131.85,6460.65,En tránsito
O-006727,BR-00453,P-049574,PR-00783,Caldeira da Rocha - ME,2025-07-07,36,62.25,2241.0,Recibido
O-006728,BR-00453,P-049580,PR-00783,Caldeira da Rocha - ME,2025-07-12,46,54.52,2507.92,En tránsito
O-006729,BR-00453,P-049587,PR-00552,Farias Ltda.,2025-07-20,62,142.29,8821.98,Recibido
O-006730,BR-00453,P-049591,PR-01080,Novais,2025-07-29,52,82.03,4265.56,En tránsito
O-006731,BR-00453,P-049595,PR-00553,Costa Gomes Ltda.,2025-08-08,61,60.92,3716.12,Recibido
O-006732,BR-00453,P-049597,PR-01406,Rodrigues S/A,2025-08-19,37,92.08,3406.96,En tránsito
O-006733,BR-00453,P-049598,PR-00707,Moraes,2025-07-04,42,144.61,6073.62,En tránsito
O-006734,BR-00453,P-049607,PR-00525,Ribeiro Jesus S/A,2025-07-03,45,145.35,6540.75,Recibido
O-006735,BR-00453,P-049608,PR-00525,Ribeiro Jesus S/A,2025-08-14,68,84.99,5779.32,Pendiente
O-006736,BR-00454,P-049626,PR-00647,da Mata,2025-07-19,48,73.49,3527.52,En tránsito
O-006737,BR-00454,P-049630,PR-00647,da Mata,2025-07-03,32,47.49,1519.68,En tránsito
O-006738,BR-00454,P-049637,PR-00691,Aragão Sousa S/A,2025-07-28,94,108.45,10194.3,Pendiente
O-006739,BR-00454,P-049639,PR-00691,Aragão Sousa S/A,2025-07-19,100,66.6,6660.0,Recibido
O-006740,BR-00454,P-049641,PR-00783,Caldeira da Rocha - ME,2025-08-04,38,11.7,444.6,En tránsito
O-006741,BR-00454,P-049653,PR-00759,Fernandes,2025-08-18,91,6.77,616.07,En tránsito
O-006742,BR-00454,P-049657,PR-00553,Costa Gomes Ltda.,2025-08-06,94,139.06,13071.64,Recibido
O-006743,BR-00454,P-049661,PR-01406,Rodrigues S/A,2025-08-15,77,145.57,11208.89,Pendiente
O-006744,BR-00454,P-049686,PR-00527,Vieira S/A,2025-07-18,20,102.75,2055.0,En tránsito
O-006745,BR-00455,P-049698,PR-01395,Cardoso,2025-08-25,48,135.05,6482.4,En tránsito
O-006746,BR-00455,P-049701,PR-00562,Cassiano da Paz - EI,2025-07-25,41,98.26,4028.66,En tránsito
O-006747,BR-00455,P-049728,PR-00552,Farias Ltda.,2025-08-12,53,122.59,6497.27,Pendiente
O-006748,BR-00455,P-049738,PR-01406,Rodrigues S/A,2025-08-01,58,106.09,6153.22,Recibido
O-006749,BR-00455,P-049739,PR-01406,Rodrigues S/A,2025-07-16,40,116.02,4640.8,Pendiente
O-006750,BR-00455,P-049742,PR-00707,Moraes,2025-07-26,72,142.97,10293.84,Pendiente
O-006751,BR-00455,P-049745,PR-01053,Ramos da Rosa Ltda.,2025-07-05,61,69.94,4266.34,En tránsito
O-006752,BR-00455,P-049763,PR-00527,Vieira S/A,2025-07-06,64,46.41,2970.24,En tránsito
O-006753,BR-00455,P-049764,PR-00527,Vieira S/A,2025-08-20,82,58.15,4768.3,Pendiente
O-006754,BR-00456,P-049777,PR-00561,Casa Grande,2025-08-07,43,16.87,725.41,Recibido
O-006755,BR-00456,P-049789,PR-00725,Silveira,2025-08-25,37,95.04,3516.48,Recibido
O-006756,BR-00456,P-049797,PR-00783,Caldeira da Rocha - ME,2025-08-16,27,75.57,2040.39,Pendiente
O-006757,BR-00456,P-049807,PR-00715,Cardoso,2025-07-22,98,137.92,13516.16,Pendiente
O-006758,BR-00456,P-049814,PR-00553,Costa Gomes Ltda.,2025-08-06,57,80.71,4600.47,Recibido
O-006759,BR-00456,P-049821,PR-01406,Rodrigues S/A,2025-07-08,38,67.69,2572.22,Pendiente
O-006760,BR-00456,P-049823,PR-01406,Rodrigues S/A,2025-08-26,53,83.26,4412.78,Pendiente
O-006761,BR-00456,P-049825,PR-00523,Cardoso e Filhos,2025-08-23,76,94.33,7169.08,Pendiente
O-006762,BR-00456,P-049827,PR-00837,Martins,2025-08-08,93,113.83,10586.19,Recibido
O-006763,BR-00456,P-049832,PR-00888,Peixoto,2025-06-30,53,71.36,3782.08,En tránsito
O-006764,BR-00456,P-049833,PR-00524,Pinto S.A.,2025-07-23,22,53.99,1187.78,Pendiente
O-006765,BR-00456,P-049837,PR-00525,Ribeiro Jesus S/A,2025-08-15,96,28.68,2753.28,En tránsito
O-006766,BR-00456,P-049839,PR-00525,Ribeiro Jesus S/A,2025-07-15,36,82.71,2977.56,Pendiente
O-006767,BR-00456,P-049842,PR-01298,Câmara Sampaio Ltda.,2025-07-07,69,82.55,5695.95,En tránsito
O-006768,BR-00456,P-049844,PR-01298,Câmara Sampaio Ltda.,2025-07-12,40,81.66,3266.4,En tránsito
O-006769,BR-00456,P-049847,PR-01018,Cirino da Costa - ME,2025-08-05,61,69.41,4234.01,Recibido
O-006770,BR-00457,P-049868,PR-00610,联通时科科技有限公司,2025-08-21,89,87.71,7806.19,En tránsito
O-006771,BR-00457,P-049875,PR-00597,银嘉科技有限公司,2025-07-31,84,77.02,6469.68,En tránsito
O-006772,BR-00457,P-049878,PR-00597,银嘉科技有限公司,2025-08-17,22,94.61,2081.42,Pendiente
O-006773,BR-00457,P-049887,PR-00782,毕博诚传媒有限公司,2025-08-15,55,62.13,3417.15,Pendiente
O-006774,BR-00457,P-049895,PR-00600,图龙信息网络有限公司,2025-08-21,59,63.46,3744.14,Pendiente
O-006775,BR-00457,P-049902,PR-00739,诺依曼软件科技有限公司,2025-07-02,64,27.84,1781.76,En tránsito
O-006776,BR-00457,P-049903,PR-01219,四通科技有限公司,2025-07-26,60,4.42,265.2,En tránsito
O-006777,BR-00457,P-049904,PR-01219,四通科技有限公司,2025-07-23,55,86.75,4771.25,Pendiente
O-006778,BR-00457,P-049908,PR-00697,盟新科技有限公司,2025-07-04,53,128.44,6807.32,Pendiente
O-006779,BR-00457,P-049921,PR-00574,海创信息有限公司,2025-07-19,76,24.29,1846.04,Pendiente
O-006780,BR-00457,P-049932,PR-01336,网新恒天传媒有限公司,2025-07-31,49,95.23,4666.27,Recibido
O-006781,BR-00457,P-049949,PR-00602,七喜网络有限公司,2025-08-02,86,134.3,11549.8,En tránsito
O-006782,BR-00457,P-049953,PR-01240,双敏电子科技有限公司,2025-08-16,65,100.73,6547.45,Recibido
O-006783,BR-00457,P-049960,PR-00997,东方峻景科技有限公司,2025-07-23,56,16.58,928.48,Recibido
O-006784,BR-00457,P-049967,PR-00605,立信电子科技有限公司,2025-08-12,56,116.81,6541.36,En tránsito
O-006785,BR-00457,P-049980,PR-01313,新宇龙信息网络有限公司,2025-07-05,78,113.24,8832.72,En tránsito
O-006786,BR-00457,P-049981,PR-01010,联软信息有限公司,2025-07-17,93,121.25,11276.25,Pendiente
O-006787,BR-00457,P-049991,PR-01019,华成育卓网络有限公司,2025-08-13,65,149.42,9712.3,Pendiente
O-006788,BR-00457,P-050004,PR-00855,快讯网络有限公司,2025-08-21,81,148.22,12005.82,Pendiente
O-006789,BR-00457,P-050017,PR-01390,商软冠联信息有限公司,2025-08-19,38,64.72,2459.36,Recibido
O-006790,BR-00457,P-050026,PR-00568,迪摩信息有限公司,2025-08-06,70,85.8,6006.0,Pendiente
O-006791,BR-00457,P-050040,PR-00585,巨奥传媒有限公司,2025-06-30,45,38.07,1713.15,Recibido
O-006792,BR-00457,P-050044,PR-00586,通际名联传媒有限公司,2025-08-06,71,53.98,3832.58,Recibido
O-006793,BR-00457,P-050047,PR-00586,通际名联传媒有限公司,2025-07-13,76,20.98,1594.48,Pendiente
O-006794,BR-00457,P-050049,PR-00924,维涛传媒有限公司,2025-07-06,72,56.32,4055.04,Pendiente
O-006795,BR-00457,P-050055,PR-01010,联软信息有限公司,2025-08-23,35,80.42,2814.7,Recibido
O-006796,BR-00457,P-050059,PR-00580,晖来计算机科技有限公司,2025-08-08,39,96.49,3763.11,Recibido
O-006797,BR-00457,P-050074,PR-00590,黄石金承传媒有限公司,2025-07-13,40,58.55,2342.0,En tránsito
O-006798,BR-00457,P-050077,PR-00591,鸿睿思博信息有限公司,2025-08-28,57,37.59,2142.63,En tránsito
O-006799,BR-00457,P-050078,PR-00591,鸿睿思博信息有限公司,2025-07-31,50,119.1,5955.0,Recibido
O-006800,BR-00457,P-050092,PR-00594,迪摩网络有限公司,2025-08-20,83,8.72,723.76,Pendiente
O-006801,BR-00457,P-050101,PR-00596,群英传媒有限公司,2025-07-26,36,61.53,2215.08,Pendiente
O-006802,BR-00457,P-050104,PR-00596,群英传媒有限公司,2025-08-16,32,17.37,555.84,En tránsito
O-006803,BR-00458,P-050114,PR-00608,同兴万点网络有限公司,2025-07-12,49,135.8,6654.2,Recibido
O-006804,BR-00458,P-050126,PR-00611,恒聪百汇传媒有限公司,2025-08-06,50,124.24,6212.0,Pendiente
O-006805,BR-00458,P-050129,PR-00611,恒聪百汇传媒有限公司,2025-07-15,47,139.59,6560.73,Pendiente
O-006806,BR-00458,P-050131,PR-00597,银嘉科技有限公司,2025-07-27,48,136.72,6562.56,Recibido
O-006807,BR-00458,P-050142,PR-00599,思优科技有限公司,2025-07-09,90,73.93,6653.7,En tránsito
O-006808,BR-00458,P-050145,PR-00782,毕博诚传媒有限公司,2025-07-03,60,6.0,360.0,Recibido
O-006809,BR-00458,P-050147,PR-00600,图龙信息网络有限公司,2025-07-31,67,81.98,5492.66,En tránsito
O-006810,BR-00458,P-050154,PR-00913,诺依曼软件传媒有限公司,2025-08-16,42,149.12,6263.04,En tránsito
O-006811,BR-00458,P-050155,PR-00913,诺依曼软件传媒有限公司,2025-08-09,71,52.62,3736.02,Pendiente
O-006812,BR-00458,P-050156,PR-01219,四通科技有限公司,2025-07-23,33,79.6,2626.8,Pendiente
O-006813,BR-00458,P-050157,PR-00570,商软冠联信息有限公司,2025-07-21,77,10.99,846.23,Pendiente
O-006814,BR-00458,P-050158,PR-00570,商软冠联信息有限公司,2025-07-15,43,91.85,3949.55,Recibido
O-006815,BR-00458,P-050168,PR-00573,华成育卓信息有限公司,2025-07-18,75,89.65,6723.75,En tránsito
O-006816,BR-00458,P-050172,PR-00732,凌云信息有限公司,2025-07-20,56,70.12,3926.72,Recibido
O-006817,BR-00458,P-050174,PR-01171,浙大万朋网络有限公司,2025-08-25,100,119.48,11948.0,En tránsito
O-006818,BR-00458,P-050177,PR-01266,易动力网络有限公司,2025-08-11,52,81.89,4258.28,En tránsito
O-006819,BR-00458,P-050178,PR-01171,浙大万朋网络有限公司,2025-07-29,57,112.34,6403.38,Pendiente
O-006820,BR-00458,P-050183,PR-01336,网新恒天传媒有限公司,2025-07-07,98,72.34,7089.32,Pendiente
O-006821,BR-00458,P-050189,PR-00577,东方峻景网络有限公司,2025-08-04,100,8.97,897.0,Pendiente
O-006822,BR-00458,P-050193,PR-00578,开发区世创网络有限公司,2025-08-09,64,118.5,7584.0,Recibido
O-006823,BR-00458,P-050199,PR-01288,凌云网络有限公司,2025-08-18,43,134.8,5796.4,Pendiente
O-006824,BR-00458,P-050219,PR-00605,立信电子科技有限公司,2025-07-20,51,8.04,410.04,Recibido
O-006825,BR-00458,P-050221,PR-00606,晖来计算机信息有限公司,2025-07-10,65,45.91,2984.15,Recibido
O-006826,BR-00458,P-050233,PR-01443,维旺明科技有限公司,2025-07-12,73,79.45,5799.85,En tránsito
O-006827,BR-00458,P-050238,PR-01443,维旺明科技有限公司,2025-07-03,70,34.33,2403.1,En tránsito
O-006828,BR-00458,P-050265,PR-01426,飞利信信息有限公司,2025-08-06,24,101.98,2447.52,Pendiente
O-006829,BR-00458,P-050270,PR-00700,数字100网络有限公司,2025-07-04,83,138.72,11513.76,Recibido
O-006830,BR-00458,P-050273,PR-01314,超艺科技有限公司,2025-07-01,44,59.21,2605.24,En tránsito
O-006831,BR-00458,P-050274,PR-00700,数字100网络有限公司,2025-07-15,51,55.21,2815.71,En tránsito
O-006832,BR-00458,P-050277,PR-00751,恩悌信息有限公司,2025-08-24,61,102.23,6236.03,En tránsito
O-006833,BR-00458,P-050284,PR-01000,襄樊地球村科技有限公司,2025-08-14,70,75.96,5317.2,En tránsito
O-006834,BR-00458,P-050287,PR-01313,新宇龙信息网络有限公司,2025-07-06,35,50.76,1776.6,Recibido
O-006835,BR-00458,P-050293,PR-00721,襄樊地球村传媒有限公司,2025-07-11,48,115.14,5526.72,En tránsito
O-006836,BR-00458,P-050315,PR-00798,浙大万朋科技有限公司,2025-07-02,99,125.46,12420.54,Pendiente
O-006837,BR-00458,P-050324,PR-00595,时空盒数字信息有限公司,2025-08-16,53,58.1,3079.3,En tránsito
O-006838,BR-00459,P-050336,PR-00607,彩虹信息有限公司,2025-07-12,64,27.86,1783.04,En tránsito
O-006839,BR-00459,P-050340,PR-00835,思优传媒有限公司,2025-08-03,50,43.3,2165.0,Pendiente
O-006840,BR-00459,P-050352,PR-00610,联通时科科技有限公司,2025-08-24,21,79.21,1663.41,Recibido
O-006841,BR-00459,P-050354,PR-00610,联通时科科技有限公司,2025-08-16,69,116.02,8005.38,En tránsito
O-006842,BR-00459,P-050355,PR-00611,恒聪百汇传媒有限公司,2025-07-30,34,68.07,2314.38,En tránsito
O-006843,BR-00459,P-050369,PR-00598,菊风公司传媒有限公司,2025-07-06,65,92.13,5988.45,Recibido
O-006844,BR-00459,P-050377,PR-00600,图龙信息网络有限公司,2025-07-08,83,136.74,11349.42,Recibido
O-006845,BR-00459,P-050428,PR-01050,开发区世创网络有限公司,2025-07-18,69,65.35,4509.15,Recibido
O-006846,BR-00459,P-050434,PR-00578,开发区世创网络有限公司,2025-08-07,84,137.81,11576.04,En tránsito
O-006847,BR-00459,P-050436,PR-01358,兰金电子科技有限公司,2025-08-01,94,62.85,5907.9,En tránsito
O-006848,BR-00459,P-050440,PR-00579,泰麒麟科技有限公司,2025-07-11,53,133.91,7097.23,Pendiente
O-006849,BR-00459,P-050442,PR-00579,泰麒麟科技有限公司,2025-07-06,20,106.13,2122.6,Pendiente
O-006850,BR-00459,P-050444,PR-00579,泰麒麟科技有限公司,2025-07-28,92,3.8,349.6,Recibido
O-006851,BR-00459,P-050453,PR-01240,双敏电子科技有限公司,2025-08-12,77,72.74,5600.98,En tránsito
O-006852,BR-00459,P-050463,PR-00605,立信电子科技有限公司,2025-07-27,94,91.03,8556.82,En tránsito
O-006853,BR-00459,P-050468,PR-01068,良诺传媒有限公司,2025-07-27,100,139.23,13923.0,Recibido
O-006854,BR-00459,P-050470,PR-01068,良诺传媒有限公司,2025-08-04,80,78.15,6252.0,Pendiente
O-006855,BR-00459,P-050471,PR-01313,新宇龙信息网络有限公司,2025-07-26,24,61.96,1487.04,Recibido
O-006856,BR-00459,P-050481,PR-00582,新宇龙信息网络有限公司,2025-07-03,85,57.13,4856.05,Pendiente
O-006857,BR-00459,P-050485,PR-00583,图龙信息传媒有限公司,2025-07-18,46,14.14,650.44,Pendiente
O-006858,BR-00459,P-050493,PR-00584,联软信息有限公司,2025-07-13,72,117.69,8473.68,Recibido
O-006859,BR-00460,P-050500,PR-00608,同兴万点网络有限公司,2025-07-05,46,10.65,489.9,En tránsito
O-006860,BR-00460,P-050502,PR-01117,新格林耐特传媒有限公司,2025-08-14,53,9.05,479.65,Recibido
O-006861,BR-00460,P-050507,PR-00609,浦华众城科技有限公司,2025-08-09,82,71.81,5888.42,Recibido
O-006862,BR-00460,P-050511,PR-00869,浦华众城网络有限公司,2025-07-09,77,94.28,7259.56,Recibido
O-006863,BR-00460,P-050512,PR-00610,联通时科科技有限公司,2025-07-28,28,78.13,2187.64,Recibido
O-006864,BR-00460,P-050522,PR-00792,天开信息有限公司,2025-08-07,29,14.03,406.87,En tránsito
O-006865,BR-00460,P-050529,PR-00599,思优科技有限公司,2025-08-19,76,140.81,10701.56,Recibido
O-006866,BR-00460,P-050533,PR-00600,图龙信息网络有限公司,2025-07-22,52,20.87,1085.24,Recibido
O-006867,BR-00460,P-050537,PR-01265,精芯网络有限公司,2025-07-03,75,143.55,10766.25,Recibido
O-006868,BR-00460,P-050538,PR-00601,MBP软件信息有限公司,2025-08-28,84,129.39,10868.76,Recibido
O-006869,BR-00460,P-050584,PR-00578,开发区世创网络有限公司,2025-08-13,57,118.17,6735.69,En tránsito
O-006870,BR-00460,P-050589,PR-00579,泰麒麟科技有限公司,2025-08-21,52,102.92,5351.84,En tránsito
O-006871,BR-00460,P-050590,PR-01264,济南亿次元科技有限公司,2025-07-09,91,111.37,10134.67,Pendiente
O-006872,BR-00460,P-050593,PR-00602,七喜网络有限公司,2025-08-22,34,116.42,3958.28,En tránsito
O-006873,BR-00460,P-050600,PR-00604,四通科技有限公司,2025-07-02,45,103.48,4656.6,En tránsito
O-006874,BR-00460,P-050604,PR-00605,立信电子科技有限公司,2025-07-18,51,131.78,6720.78,Recibido
O-006875,BR-00460,P-050605,PR-00605,立信电子科技有限公司,2025-07-26,57,42.86,2443.02,En tránsito
O-006876,BR-00460,P-050617,PR-01068,良诺传媒有限公司,2025-07-13,65,25.1,1631.5,En tránsito
O-006877,BR-00460,P-050624,PR-00581,开发区世创传媒有限公司,2025-08-19,36,105.71,3805.56,Pendiente
O-006878,BR-00460,P-050633,PR-00583,图龙信息传媒有限公司,2025-08-16,91,57.4,5223.4,En tránsito
O-006879,BR-00461,P-050644,PR-01436,浦华众城网络有限公司,2025-07-21,23,45.11,1037.53,Pendiente
O-006880,BR-00461,P-050657,PR-01420,商软冠联科技有限公司,2025-07-18,73,27.46,2004.58,Pendiente
O-006881,BR-00461,P-050663,PR-00610,联通时科科技有限公司,2025-08-03,81,119.34,9666.54,En tránsito
O-006882,BR-00461,P-050668,PR-00611,恒聪百汇传媒有限公司,2025-07-05,33,89.16,2942.28,Pendiente
O-006883,BR-00461,P-050674,PR-00597,银嘉科技有限公司,2025-08-12,59,146.06,8617.54,Pendiente
O-006884,BR-00461,P-050692,PR-00601,MBP软件信息有限公司,2025-07-18,65,61.9,4023.5,En tránsito
O-006885,BR-00461,P-050719,PR-00574,海创信息有限公司,2025-08-02,75,108.43,8132.25,Recibido
O-006886,BR-00461,P-050720,PR-00772,明腾网络有限公司,2025-07-05,47,28.84,1355.48,Pendiente
O-006887,BR-00461,P-050729,PR-00576,恒聪百汇网络有限公司,2025-08-21,45,56.8,2556.0,Pendiente
O-006888,BR-00461,P-050739,PR-00578,开发区世创网络有限公司,2025-08-01,87,47.89,4166.43,Pendiente
O-006889,BR-00461,P-050758,PR-00603,银嘉传媒有限公司,2025-07-08,51,56.22,2867.22,Pendiente
O-006890,BR-00461,P-050761,PR-01200,和泰传媒有限公司,2025-07-19,69,136.0,9384.0,Recibido
O-006891,BR-00461,P-050767,PR-00605,立信电子科技有限公司,2025-07-04,65,76.67,4983.55,Recibido
O-006892,BR-00461,P-050768,PR-00605,立信电子科技有限公司,2025-07-16,21,57.37,1204.77,En tránsito
O-006893,BR-00461,P-050784,PR-01017,通际名联信息有限公司,2025-08-26,49,58.61,2871.89,En tránsito
O-006894,BR-00462,P-050820,PR-00611,恒聪百汇传媒有限公司,2025-07-15,52,14.97,778.44,Recibido
O-006895,BR-00462,P-050833,PR-00598,菊风公司传媒有限公司,2025-07-21,57,37.05,2111.85,En tránsito
O-006896,BR-00462,P-050841,PR-00791,创汇信息有限公司,2025-07-10,46,45.99,2115.54,En tránsito
O-006897,BR-00462,P-050842,PR-00600,图龙信息网络有限公司,2025-08-01,91,88.2,8026.2,Recibido
O-006898,BR-00462,P-050856,PR-00739,诺依曼软件科技有限公司,2025-08-22,44,124.89,5495.16,En tránsito
O-006899,BR-00462,P-050891,PR-01050,开发区世创网络有限公司,2025-08-15,60,15.26,915.6,Recibido
O-006900,BR-00462,P-050899,PR-00579,泰麒麟科技有限公司,2025-08-17,78,83.45,6509.1,Pendiente
O-006901,BR-00462,P-050902,PR-00579,泰麒麟科技有限公司,2025-07-04,62,111.22,6895.64,En tránsito
O-006902,BR-00462,P-050912,PR-00603,银嘉传媒有限公司,2025-07-28,81,39.98,3238.38,En tránsito
O-006903,BR-00462,P-050913,PR-01240,双敏电子科技有限公司,2025-08-15,21,102.2,2146.2,En tránsito
O-006904,BR-00462,P-050947,PR-00583,图龙信息传媒有限公司,2025-08-14,78,98.51,7683.78,Recibido
O-006905,BR-00462,P-050950,PR-01049,诺依曼软件网络有限公司,2025-07-08,57,91.05,5189.85,En tránsito
O-006906,BR-00462,P-050952,PR-00855,快讯网络有限公司,2025-07-13,59,53.0,3127.0,Pendiente
O-006907,BR-00462,P-050955,PR-00584,联软信息有限公司,2025-07-12,37,55.86,2066.82,En tránsito
O-006908,BR-00463,P-050960,PR-01436,浦华众城网络有限公司,2025-07-20,64,112.58,7205.12,Recibido
O-006909,BR-00463,P-050965,PR-01117,新格林耐特传媒有限公司,2025-08-24,24,62.65,1503.6,Recibido
O-006910,BR-00463,P-050968,PR-01117,新格林耐特传媒有限公司,2025-08-14,21,146.32,3072.72,En tránsito
O-006911,BR-00463,P-050969,PR-01117,新格林耐特传媒有限公司,2025-07-03,47,125.22,5885.34,Recibido
O-006912,BR-00463,P-050974,PR-00869,浦华众城网络有限公司,2025-07-06,53,42.99,2278.47,En tránsito
O-006913,BR-00463,P-050975,PR-00609,浦华众城科技有限公司,2025-07-04,81,135.38,10965.78,Pendiente
O-006914,BR-00463,P-050978,PR-00610,联通时科科技有限公司,2025-07-22,41,149.76,6140.16,Recibido
O-006915,BR-00463,P-050999,PR-00600,图龙信息网络有限公司,2025-07-28,58,127.55,7397.9,En tránsito
O-006916,BR-00463,P-051000,PR-00600,图龙信息网络有限公司,2025-07-24,56,16.83,942.48,Recibido
O-006917,BR-00463,P-051006,PR-00913,诺依曼软件传媒有限公司,2025-07-13,79,95.58,7550.82,En tránsito
O-006918,BR-00463,P-051023,PR-00573,华成育卓信息有限公司,2025-08-05,67,54.51,3652.17,Pendiente
O-006919,BR-00463,P-051030,PR-01266,易动力网络有限公司,2025-07-13,67,41.7,2793.9,En tránsito
O-006920,BR-00463,P-051032,PR-01171,浙大万朋网络有限公司,2025-07-10,67,92.46,6194.82,Pendiente
O-006921,BR-00463,P-051049,PR-00579,泰麒麟科技有限公司,2025-08-28,52,104.78,5448.56,Pendiente
O-006922,BR-00463,P-051052,PR-00602,七喜网络有限公司,2025-07-21,31,109.37,3390.47,Recibido
O-006923,BR-00463,P-051054,PR-00602,七喜网络有限公司,2025-08-11,29,88.77,2574.33,Recibido
O-006924,BR-00463,P-051060,PR-01240,双敏电子科技有限公司,2025-08-16,70,22.33,1563.1,Recibido
O-006925,BR-00463,P-051062,PR-00997,东方峻景科技有限公司,2025-07-11,65,47.15,3064.75,Pendiente
O-006926,BR-00463,P-051070,PR-00605,立信电子科技有限公司,2025-07-30,54,5.2,280.8,Pendiente
O-006927,BR-00463,P-051071,PR-00605,立信电子科技有限公司,2025-08-05,82,24.9,2041.8,Recibido
O-006928,BR-00463,P-051075,PR-00606,晖来计算机信息有限公司,2025-07-10,43,143.61,6175.23,En tránsito
O-006929,BR-00463,P-051080,PR-00606,晖来计算机信息有限公司,2025-07-01,62,66.49,4122.38,Pendiente
O-006930,BR-00463,P-051081,PR-01313,新宇龙信息网络有限公司,2025-08-25,21,88.58,1860.18,Recibido
O-006931,BR-00463,P-051083,PR-00580,晖来计算机科技有限公司,2025-07-27,72,90.12,6488.64,Recibido
O-006932,BR-00463,P-051095,PR-01443,维旺明科技有限公司,2025-07-08,49,29.51,1445.99,Pendiente
O-006933,BR-00463,P-051106,PR-00584,联软信息有限公司,2025-07-18,43,39.33,1691.19,En tránsito
O-006934,BR-00464,P-051112,PR-01117,新格林耐特传媒有限公司,2025-08-16,94,114.1,10725.4,Pendiente
O-006935,BR-00464,P-051124,PR-00610,联通时科科技有限公司,2025-07-09,61,107.0,6527.0,Pendiente
O-006936,BR-00464,P-051143,PR-00791,创汇信息有限公司,2025-07-10,79,25.34,2001.86,En tránsito
O-006937,BR-00464,P-051150,PR-00600,图龙信息网络有限公司,2025-08-15,50,13.52,676.0,Pendiente
O-006938,BR-00464,P-051157,PR-01219,四通科技有限公司,2025-07-09,67,129.11,8650.37,En tránsito
O-006939,BR-00464,P-051172,PR-00573,华成育卓信息有限公司,2025-08-06,22,63.93,1406.46,Pendiente
O-006940,BR-00464,P-051173,PR-00573,华成育卓信息有限公司,2025-07-04,45,35.11,1579.95,Recibido
O-006941,BR-00464,P-051195,PR-00577,东方峻景网络有限公司,2025-07-29,28,26.45,740.6,En tránsito
O-006942,BR-00464,P-051201,PR-00578,开发区世创网络有限公司,2025-08-11,80,119.01,9520.8,Recibido
O-006943,BR-00464,P-051204,PR-01264,济南亿次元科技有限公司,2025-08-10,85,28.04,2383.4,En tránsito
O-006944,BR-00464,P-051206,PR-00579,泰麒麟科技有限公司,2025-07-31,57,46.19,2632.83,Pendiente
O-006945,BR-00464,P-051217,PR-00603,银嘉传媒有限公司,2025-07-26,93,52.09,4844.37,Recibido
O-006946,BR-00464,P-051219,PR-00604,四通科技有限公司,2025-07-17,64,104.03,6657.92,Pendiente
O-006947,BR-00464,P-051225,PR-00606,晖来计算机信息有限公司,2025-07-21,43,96.77,4161.11,Pendiente
O-006948,BR-00464,P-051226,PR-00606,晖来计算机信息有限公司,2025-08-23,33,135.92,4485.36,En tránsito
O-006949,BR-00464,P-051235,PR-00581,开发区世创传媒有限公司,2025-07-24,34,13.35,453.9,En tránsito
O-006950,BR-00464,P-051249,PR-01049,诺依曼软件网络有限公司,2025-06-30,59,97.01,5723.59,Recibido
O-006951,BR-00465,P-051253,PR-01436,浦华众城网络有限公司,2025-08-09,92,100.82,9275.44,En tránsito
O-006952,BR-00465,P-051284,PR-00597,银嘉科技有限公司,2025-07-21,66,68.17,4499.22,Recibido
O-006953,BR-00465,P-051287,PR-00597,银嘉科技有限公司,2025-08-25,38,92.55,3516.9,Pendiente
O-006954,BR-00465,P-051290,PR-00598,菊风公司传媒有限公司,2025-07-17,43,38.03,1635.29,Recibido
O-006955,BR-00465,P-051297,PR-00782,毕博诚传媒有限公司,2025-07-11,22,144.02,3168.44,Recibido
O-006956,BR-00465,P-051298,PR-00782,毕博诚传媒有限公司,2025-08-08,82,108.07,8861.74,Recibido
O-006957,BR-00465,P-051316,PR-00570,商软冠联信息有限公司,2025-07-24,53,136.63,7241.39,En tránsito
O-006958,BR-00465,P-051317,PR-00570,商软冠联信息有限公司,2025-08-08,84,46.3,3889.2,Pendiente
O-006959,BR-00465,P-051321,PR-00655,创亿科技有限公司,2025-07-23,60,37.21,2232.6,En tránsito
O-006960,BR-00465,P-051324,PR-00573,华成育卓信息有限公司,2025-08-07,94,82.38,7743.72,En tránsito
O-006961,BR-00465,P-051326,PR-00573,华成育卓信息有限公司,2025-08-13,39,124.59,4859.01,En tránsito
O-006962,BR-00465,P-051331,PR-00772,明腾网络有限公司,2025-07-15,71,17.54,1245.34,Recibido
O-006963,BR-00465,P-051336,PR-01336,网新恒天传媒有限公司,2025-07-12,29,49.83,1445.07,Pendiente
O-006964,BR-00465,P-051337,PR-00576,恒聪百汇网络有限公司,2025-07-15,84,36.84,3094.56,En tránsito
O-006965,BR-00465,P-051339,PR-00577,东方峻景网络有限公司,2025-07-13,21,137.48,2887.08,Pendiente
O-006966,BR-00465,P-051357,PR-00602,七喜网络有限公司,2025-07-07,87,121.1,10535.7,Recibido
O-006967,BR-00465,P-051367,PR-00605,立信电子科技有限公司,2025-08-05,83,43.54,3613.82,Pendiente
O-006968,BR-00465,P-051387,PR-01019,华成育卓网络有限公司,2025-08-09,73,111.81,8162.13,Pendiente
O-006969,BR-00465,P-051388,PR-01019,华成育卓网络有限公司,2025-07-11,32,85.41,2733.12,Pendiente
O-006970,BR-00465,P-051390,PR-01443,维旺明科技有限公司,2025-08-20,88,24.23,2132.24,Pendiente
O-006971,BR-00466,P-051399,PR-01011,易动力科技有限公司,2025-08-22,65,142.08,9235.2,En tránsito
O-006972,BR-00466,P-051405,PR-00608,同兴万点网络有限公司,2025-08-02,30,84.83,2544.9,En tránsito
O-006973,BR-00466,P-051408,PR-00869,浦华众城网络有限公司,2025-08-18,45,94.24,4240.8,Recibido
O-006974,BR-00466,P-051411,PR-01420,商软冠联科技有限公司,2025-08-02,85,134.5,11432.5,Recibido
O-006975,BR-00466,P-051421,PR-00597,银嘉科技有限公司,2025-08-07,62,64.03,3969.86,Pendiente
O-006976,BR-00466,P-051440,PR-00600,图龙信息网络有限公司,2025-08-22,43,83.35,3584.05,En tránsito
O-006977,BR-00466,P-051449,PR-00913,诺依曼软件传媒有限公司,2025-08-06,20,69.1,1382.0,Recibido
O-006978,BR-00466,P-051455,PR-00697,盟新科技有限公司,2025-08-07,34,107.9,3668.6,Pendiente
O-006979,BR-00466,P-051458,PR-00662,凌颖信息科技有限公司,2025-07-03,70,139.31,9751.7,Pendiente
O-006980,BR-00466,P-051459,PR-00697,盟新科技有限公司,2025-07-26,69,113.08,7802.52,Recibido
O-006981,BR-00466,P-051510,PR-00606,晖来计算机信息有限公司,2025-07-18,78,47.18,3680.04,Pendiente
O-006982,BR-00466,P-051535,PR-00848,银嘉科技有限公司,2025-07-28,21,71.9,1509.9,Recibido
O-006983,BR-00467,P-051538,PR-01436,浦华众城网络有限公司,2025-07-08,48,124.52,5976.96,Pendiente
O-006984,BR-00467,P-051551,PR-00610,联通时科科技有限公司,2025-07-16,49,26.46,1296.54,Pendiente
O-006985,BR-00467,P-051565,PR-00597,银嘉科技有限公司,2025-08-26,43,125.38,5391.34,Pendiente
O-006986,BR-00467,P-051567,PR-00792,天开信息有限公司,2025-08-03,56,134.81,7549.36,En tránsito
O-006987,BR-00467,P-051569,PR-00598,菊风公司传媒有限公司,2025-08-25,35,50.61,1771.35,Recibido
O-006988,BR-00467,P-051584,PR-00913,诺依曼软件传媒有限公司,2025-08-12,82,50.49,4140.18,Pendiente
O-006989,BR-00467,P-051598,PR-00849,济南亿次元信息有限公司,2025-08-16,31,28.86,894.66,En tránsito
O-006990,BR-00467,P-051611,PR-00575,襄樊地球村科技有限公司,2025-07-05,92,83.48,7680.16,Pendiente
O-006991,BR-00467,P-051614,PR-01336,网新恒天传媒有限公司,2025-08-23,75,36.91,2768.25,Recibido
O-006992,BR-00468,P-051634,PR-00607,彩虹信息有限公司,2025-08-02,23,20.2,464.6,En tránsito
O-006993,BR-00468,P-051646,PR-01420,商软冠联科技有限公司,2025-08-12,96,15.62,1499.52,Pendiente
O-006994,BR-00468,P-051659,PR-00597,银嘉科技有限公司,2025-07-09,78,108.01,8424.78,Recibido
O-006995,BR-00468,P-051662,PR-00792,天开信息有限公司,2025-08-19,42,5.02,210.84,Pendiente
O-006996,BR-00468,P-051671,PR-00782,毕博诚传媒有限公司,2025-08-28,57,87.59,4992.63,Pendiente
O-006997,BR-00468,P-051679,PR-00913,诺依曼软件传媒有限公司,2025-08-11,30,118.08,3542.4,Pendiente
O-006998,BR-00468,P-051690,PR-00662,凌颖信息科技有限公司,2025-07-17,76,51.61,3922.36,En tránsito
O-006999,BR-00468,P-051729,PR-01358,兰金电子科技有限公司,2025-08-17,73,141.07,10298.11,En tránsito
O-007000,BR-00468,P-051730,PR-00578,开发区世创网络有限公司,2025-08-16,41,27.5,1127.5,Pendiente
O-007001,BR-00469,P-051742,PR-01436,浦华众城网络有限公司,2025-08-14,88,129.23,11372.24,En tránsito
O-007002,BR-00469,P-051765,PR-00792,天开信息有限公司,2025-08-01,100,120.52,12052.0,Recibido
O-007003,BR-00469,P-051767,PR-00598,菊风公司传媒有限公司,2025-07-23,83,62.92,5222.36,Pendiente
O-007004,BR-00469,P-051777,PR-00791,创汇信息有限公司,2025-07-04,76,132.37,10060.12,En tránsito
O-007005,BR-00469,P-051781,PR-00600,图龙信息网络有限公司,2025-08-19,58,103.05,5976.9,Pendiente
O-007006,BR-00469,P-051782,PR-00913,诺依曼软件传媒有限公司,2025-08-27,40,111.55,4462.0,Recibido
O-007007,BR-00469,P-051792,PR-00662,凌颖信息科技有限公司,2025-07-11,24,48.16,1155.84,Pendiente
O-007008,BR-00469,P-051807,PR-00772,明腾网络有限公司,2025-07-01,47,122.59,5761.73,Pendiente
O-007009,BR-00469,P-051816,PR-00575,襄樊地球村科技有限公司,2025-07-05,94,71.77,6746.38,Pendiente
O-007010,BR-00469,P-051826,PR-01358,兰金电子科技有限公司,2025-07-10,49,26.36,1291.64,Pendiente
O-007011,BR-00469,P-051834,PR-01264,济南亿次元科技有限公司,2025-07-31,91,103.78,9443.98,En tránsito
O-007012,BR-00469,P-051836,PR-00579,泰麒麟科技有限公司,2025-08-07,41,127.86,5242.26,En tránsito
O-007013,BR-00470,P-051839,PR-01011,易动力科技有限公司,2025-07-29,91,103.21,9392.11,Recibido
O-007014,BR-00470,P-051842,PR-00607,彩虹信息有限公司,2025-07-10,95,81.07,7701.65,En tránsito
O-007015,BR-00470,P-051853,PR-00869,浦华众城网络有限公司,2025-08-24,29,141.2,4094.8,Pendiente
O-007016,BR-00470,P-051864,PR-00611,恒聪百汇传媒有限公司,2025-07-29,93,59.66,5548.38,Pendiente
O-007017,BR-00470,P-051874,PR-00598,菊风公司传媒有限公司,2025-08-07,51,113.83,5805.33,En tránsito
O-007018,BR-00470,P-051879,PR-00782,毕博诚传媒有限公司,2025-07-23,78,77.4,6037.2,Pendiente
O-007019,BR-00470,P-051881,PR-00600,图龙信息网络有限公司,2025-07-19,93,113.58,10562.94,En tránsito
O-007020,BR-00470,P-051882,PR-00600,图龙信息网络有限公司,2025-07-13,93,13.48,1253.64,En tránsito
O-007021,BR-00470,P-051886,PR-00739,诺依曼软件科技有限公司,2025-06-30,29,74.01,2146.29,En tránsito
O-007022,BR-00470,P-051893,PR-00697,盟新科技有限公司,2025-08-01,41,144.24,5913.84,En tránsito
O-007023,BR-00470,P-051901,PR-00573,华成育卓信息有限公司,2025-06-30,25,36.62,915.5,Recibido
O-007024,BR-00470,P-051907,PR-00575,襄樊地球村科技有限公司,2025-08-18,71,124.98,8873.58,Recibido
O-007025,BR-00470,P-051908,PR-01266,易动力网络有限公司,2025-08-16,99,145.44,14398.56,En tránsito
O-007026,BR-00470,P-051909,PR-00575,襄樊地球村科技有限公司,2025-08-22,66,51.91,3426.06,En tránsito
O-007027,BR-00470,P-051913,PR-01336,网新恒天传媒有限公司,2025-08-23,91,16.02,1457.82,Pendiente
O-007028,BR-00470,P-051917,PR-00576,恒聪百汇网络有限公司,2025-07-07,38,67.78,2575.64,En tránsito
O-007029,BR-00470,P-051918,PR-00576,恒聪百汇网络有限公司,2025-08-03,78,19.48,1519.44,En tránsito
O-007030,BR-00470,P-051921,PR-00577,东方峻景网络有限公司,2025-07-29,68,45.79,3113.72,Recibido
O-007031,BR-00470,P-051923,PR-01050,开发区世创网络有限公司,2025-08-27,67,75.55,5061.85,Pendiente
O-007032,BR-00470,P-051924,PR-01050,开发区世创网络有限公司,2025-08-21,99,17.22,1704.78,Recibido
O-007033,BR-00470,P-051930,PR-01288,凌云网络有限公司,2025-08-11,30,148.17,4445.1,Recibido
O-007034,BR-00470,P-051934,PR-01288,凌云网络有限公司,2025-07-09,99,15.96,1580.04,Recibido
O-007035,BR-00471,P-051942,PR-00608,同兴万点网络有限公司,2025-07-26,61,55.57,3389.77,Pendiente
O-007036,BR-00471,P-051950,PR-00610,联通时科科技有限公司,2025-08-25,90,127.82,11503.8,En tránsito
O-007037,BR-00471,P-051958,PR-00597,银嘉科技有限公司,2025-07-20,27,130.5,3523.5,Pendiente
O-007038,BR-00471,P-051973,PR-00600,图龙信息网络有限公司,2025-07-23,21,55.42,1163.82,Pendiente
O-007039,BR-00471,P-051974,PR-00600,图龙信息网络有限公司,2025-07-23,49,39.69,1944.81,Pendiente
O-007040,BR-00471,P-051977,PR-01265,精芯网络有限公司,2025-07-25,62,33.54,2079.48,Recibido
O-007041,BR-00471,P-051984,PR-01219,四通科技有限公司,2025-08-18,24,126.9,3045.6,Recibido
O-007042,BR-00471,P-051995,PR-00573,华成育卓信息有限公司,2025-07-06,88,89.94,7914.72,Recibido
O-007043,BR-00471,P-052005,PR-01266,易动力网络有限公司,2025-08-04,96,53.35,5121.6,En tránsito
O-007044,BR-00471,P-052006,PR-00575,襄樊地球村科技有限公司,2025-07-25,80,103.19,8255.2,En tránsito
O-007045,BR-00471,P-052011,PR-00576,恒聪百汇网络有限公司,2025-07-29,31,116.58,3613.98,Pendiente
O-007046,BR-00471,P-052018,PR-01358,兰金电子科技有限公司,2025-08-18,50,40.06,2003.0,Pendiente
O-007047,BR-00471,P-052023,PR-00579,泰麒麟科技有限公司,2025-08-08,70,134.5,9415.0,Pendiente
O-007048,BR-00472,P-052027,PR-00607,彩虹信息有限公司,2025-08-14,65,140.48,9131.2,En tránsito
O-007049,BR-00472,P-052033,PR-00835,思优传媒有限公司,2025-07-11,44,99.37,4372.28,En tránsito
O-007050,BR-00472,P-052035,PR-00869,浦华众城网络有限公司,2025-07-03,59,36.95,2180.05,En tránsito
O-007051,BR-00472,P-052037,PR-00609,浦华众城科技有限公司,2025-08-08,70,95.69,6698.3,Pendiente
O-007052,BR-00472,P-052045,PR-00611,恒聪百汇传媒有限公司,2025-07-12,69,100.82,6956.58,Pendiente
O-007053,BR-00472,P-052063,PR-00791,创汇信息有限公司,2025-08-19,76,82.89,6299.64,Pendiente
O-007054,BR-00472,P-052066,PR-00600,图龙信息网络有限公司,2025-08-20,22,66.74,1468.28,Pendiente
O-007055,BR-00472,P-052075,PR-01265,精芯网络有限公司,2025-08-24,74,128.13,9481.62,Recibido
O-007056,BR-00472,P-052084,PR-00697,盟新科技有限公司,2025-08-01,89,27.55,2451.95,Pendiente
O-007057,BR-00472,P-052089,PR-00572,四通信息有限公司,2025-08-21,85,149.08,12671.8,Recibido
O-007058,BR-00472,P-052092,PR-00573,华成育卓信息有限公司,2025-07-19,29,113.17,3281.93,Recibido
O-007059,BR-00472,P-052107,PR-01336,网新恒天传媒有限公司,2025-08-07,99,42.66,4223.34,En tránsito
O-007060,BR-00472,P-052117,PR-00579,泰麒麟科技有限公司,2025-08-17,73,19.24,1404.52,Recibido
O-007061,BR-00472,P-052119,PR-01288,凌云网络有限公司,2025-08-05,32,7.53,240.96,Recibido
O-007062,BR-00473,P-052123,PR-01436,浦华众城网络有限公司,2025-08-25,63,127.24,8016.12,Pendiente
O-007063,BR-00473,P-052126,PR-00608,同兴万点网络有限公司,2025-07-21,59,149.41,8815.19,En tránsito
O-007064,BR-00473,P-052136,PR-00610,联通时科科技有限公司,2025-08-15,61,59.24,3613.64,Pendiente
O-007065,BR-00473,P-052137,PR-00610,联通时科科技有限公司,2025-08-07,35,65.02,2275.7,En tránsito
O-007066,BR-00473,P-052140,PR-00610,联通时科科技有限公司,2025-08-04,70,15.8,1106.0,En tránsito
O-007067,BR-00473,P-052151,PR-00598,菊风公司传媒有限公司,2025-08-02,78,148.18,11558.04,Pendiente
O-007068,BR-00473,P-052167,PR-00739,诺依曼软件科技有限公司,2025-07-02,96,146.97,14109.12,Pendiente
O-007069,BR-00473,P-052178,PR-00655,创亿科技有限公司,2025-07-15,69,101.33,6991.77,En tránsito
O-007070,BR-00473,P-052179,PR-00661,创联世纪传媒有限公司,2025-07-18,40,99.07,3962.8,Recibido
O-007071,BR-00473,P-052187,PR-00772,明腾网络有限公司,2025-08-28,44,97.34,4282.96,Pendiente
O-007072,BR-00473,P-052189,PR-01471,富罳信息有限公司,2025-07-11,59,67.72,3995.48,Recibido
O-007073,BR-00473,P-052199,PR-01336,网新恒天传媒有限公司,2025-07-28,91,40.0,3640.0,En tránsito
O-007074,BR-00473,P-052200,PR-01336,网新恒天传媒有限公司,2025-07-30,64,53.89,3448.96,Pendiente
O-007075,BR-00473,P-052205,PR-01050,开发区世创网络有限公司,2025-08-10,27,112.87,3047.49,Recibido
O-007076,BR-00473,P-052215,PR-01288,凌云网络有限公司,2025-07-12,57,122.05,6956.85,Recibido
O-007077,BR-00473,P-052217,PR-00579,泰麒麟科技有限公司,2025-07-18,45,4.77,214.65,Pendiente
O-007078,BR-00474,P-052225,PR-01436,浦华众城网络有限公司,2025-07-17,95,20.81,1976.95,Pendiente
O-007079,BR-00474,P-052238,PR-00611,恒聪百汇传媒有限公司,2025-07-12,35,147.8,5173.0,Recibido
O-007080,BR-00474,P-052248,PR-00792,天开信息有限公司,2025-07-07,38,75.29,2861.02,Recibido
O-007081,BR-00474,P-052258,PR-00600,图龙信息网络有限公司,2025-08-20,56,19.33,1082.48,Recibido
O-007082,BR-00474,P-052265,PR-00601,MBP软件信息有限公司,2025-07-27,32,146.45,4686.4,En tránsito
O-007083,BR-00474,P-052271,PR-00571,黄石金承网络有限公司,2025-07-08,83,11.56,959.48,En tránsito
O-007084,BR-00474,P-052276,PR-00849,济南亿次元信息有限公司,2025-06-30,49,110.24,5401.76,Pendiente
O-007085,BR-00474,P-052282,PR-00573,华成育卓信息有限公司,2025-07-28,42,20.33,853.86,Pendiente
O-007086,BR-00474,P-052284,PR-01471,富罳信息有限公司,2025-07-18,85,30.3,2575.5,Recibido
O-007087,BR-00474,P-052291,PR-01266,易动力网络有限公司,2025-08-26,58,94.51,5481.58,Pendiente
O-007088,BR-00474,P-052292,PR-01336,网新恒天传媒有限公司,2025-07-21,44,132.66,5837.04,Pendiente
O-007089,BR-00474,P-052300,PR-00577,东方峻景网络有限公司,2025-08-25,82,128.62,10546.84,En tránsito
O-007090,BR-00474,P-052301,PR-01358,兰金电子科技有限公司,2025-08-20,86,105.91,9108.26,En tránsito
O-007091,BR-00474,P-052304,PR-01358,兰金电子科技有限公司,2025-07-22,44,7.82,344.08,Pendiente
O-007092,BR-00475,P-052312,PR-01436,浦华众城网络有限公司,2025-07-27,53,129.9,6884.7,Pendiente
O-007093,BR-00475,P-052329,PR-00610,联通时科科技有限公司,2025-08-21,78,108.7,8478.6,Pendiente
O-007094,BR-00475,P-052344,PR-00600,图龙信息网络有限公司,2025-08-28,58,116.31,6745.98,En tránsito
O-007095,BR-00475,P-052347,PR-00600,图龙信息网络有限公司,2025-08-01,68,109.44,7441.92,Recibido
O-007096,BR-00475,P-052348,PR-00600,图龙信息网络有限公司,2025-07-27,77,62.15,4785.55,Recibido
O-007097,BR-00475,P-052373,PR-00575,襄樊地球村科技有限公司,2025-08-03,78,18.31,1428.18,Pendiente
O-007098,BR-00475,P-052383,PR-01050,开发区世创网络有限公司,2025-08-10,91,40.67,3700.97,Pendiente
O-007099,BR-00475,P-052386,PR-00577,东方峻景网络有限公司,2025-08-06,23,44.46,1022.58,Recibido
O-007100,BR-00476,P-052404,PR-00869,浦华众城网络有限公司,2025-07-08,46,127.29,5855.34,En tránsito
O-007101,BR-00476,P-052424,PR-00597,银嘉科技有限公司,2025-07-16,100,16.04,1604.0,Pendiente
O-007102,BR-00476,P-052444,PR-00739,诺依曼软件科技有限公司,2025-08-22,26,40.93,1064.18,Pendiente
O-007103,BR-00476,P-052445,PR-00739,诺依曼软件科技有限公司,2025-08-08,97,73.46,7125.62,En tránsito
O-007104,BR-00476,P-052449,PR-00662,凌颖信息科技有限公司,2025-07-17,36,99.1,3567.6,Recibido
O-007105,BR-00476,P-052452,PR-00655,创亿科技有限公司,2025-08-04,39,32.23,1256.97,Pendiente
O-007106,BR-00476,P-052455,PR-00655,创亿科技有限公司,2025-07-24,49,106.22,5204.78,Recibido
O-007107,BR-00476,P-052458,PR-00573,华成育卓信息有限公司,2025-07-24,55,28.28,1555.4,Pendiente
O-007108,BR-00476,P-052471,PR-01336,网新恒天传媒有限公司,2025-07-06,36,52.87,1903.32,Pendiente
O-007109,BR-00476,P-052477,PR-00578,开发区世创网络有限公司,2025-08-15,88,101.42,8924.96,Pendiente
O-007110,BR-00476,P-052482,PR-00579,泰麒麟科技有限公司,2025-07-01,77,123.02,9472.54,Recibido
O-007111,BR-00476,P-052484,PR-01288,凌云网络有限公司,2025-08-27,95,77.73,7384.35,En tránsito
O-007112,BR-00477,P-052492,PR-00835,思优传媒有限公司,2025-08-12,87,130.76,11376.12,Pendiente
O-007113,BR-00477,P-052500,PR-00610,联通时科科技有限公司,2025-07-22,32,94.54,3025.28,Pendiente
O-007114,BR-00477,P-052505,PR-00611,恒聪百汇传媒有限公司,2025-08-07,78,103.93,8106.54,En tránsito
O-007115,BR-00477,P-052523,PR-00792,天开信息有限公司,2025-08-05,66,148.52,9802.32,En tránsito
O-007116,BR-00477,P-052537,PR-01265,精芯网络有限公司,2025-08-10,77,122.33,9419.41,En tránsito
O-007117,BR-00477,P-052544,PR-00570,商软冠联信息有限公司,2025-07-25,50,69.89,3494.5,Pendiente
O-007118,BR-00477,P-052553,PR-00662,凌颖信息科技有限公司,2025-08-20,57,113.08,6445.56,Recibido
O-007119,BR-00477,P-052554,PR-00849,济南亿次元信息有限公司,2025-08-18,100,116.69,11669.0,Recibido
O-007120,BR-00477,P-052567,PR-00772,明腾网络有限公司,2025-07-05,65,85.28,5543.2,Recibido
O-007121,BR-00477,P-052571,PR-01266,易动力网络有限公司,2025-08-27,21,85.53,1796.13,Recibido
O-007122,BR-00477,P-052573,PR-00576,恒聪百汇网络有限公司,2025-08-20,35,128.43,4495.05,Pendiente
O-007123,BR-00477,P-052579,PR-00577,东方峻景网络有限公司,2025-08-03,64,60.44,3868.16,Recibido
O-007124,BR-00477,P-052591,PR-01264,济南亿次元科技有限公司,2025-08-02,53,11.96,633.88,Recibido
O-007125,BR-00478,P-052597,PR-00607,彩虹信息有限公司,2025-08-02,73,73.88,5393.24,Recibido
O-007126,BR-00478,P-052618,PR-00597,银嘉科技有限公司,2025-07-18,30,126.64,3799.2,Pendiente
O-007127,BR-00478,P-052622,PR-00598,菊风公司传媒有限公司,2025-08-20,38,30.32,1152.16,Recibido
O-007128,BR-00478,P-052628,PR-00791,创汇信息有限公司,2025-08-22,69,70.94,4894.86,Pendiente
O-007129,BR-00478,P-052631,PR-00600,图龙信息网络有限公司,2025-07-08,98,121.84,11940.32,En tránsito
O-007130,BR-00478,P-052638,PR-00913,诺依曼软件传媒有限公司,2025-07-03,91,69.21,6298.11,Pendiente
O-007131,BR-00478,P-052640,PR-01219,四通科技有限公司,2025-07-11,77,63.14,4861.78,En tránsito
O-007132,BR-00478,P-052641,PR-00570,商软冠联信息有限公司,2025-07-17,53,149.86,7942.58,Recibido
O-007133,BR-00478,P-052647,PR-00661,创联世纪传媒有限公司,2025-08-10,37,14.89,550.93,En tránsito
O-007134,BR-00478,P-052650,PR-00849,济南亿次元信息有限公司,2025-08-17,20,87.52,1750.4,Pendiente
O-007135,BR-00478,P-052657,PR-00772,明腾网络有限公司,2025-08-18,64,123.31,7891.84,Pendiente
O-007136,BR-00478,P-052658,PR-00732,凌云信息有限公司,2025-07-04,55,106.14,5837.7,Recibido
O-007137,BR-00478,P-052659,PR-00772,明腾网络有限公司,2025-08-07,30,46.08,1382.4,Recibido
O-007138,BR-00478,P-052665,PR-01171,浙大万朋网络有限公司,2025-07-11,97,53.48,5187.56,Recibido
O-007139,BR-00478,P-052672,PR-00578,开发区世创网络有限公司,2025-07-18,66,122.8,8104.8,En tránsito
O-007140,BR-00478,P-052677,PR-01358,兰金电子科技有限公司,2025-08-20,73,127.56,9311.88,Pendiente
O-007141,BR-00478,P-052680,PR-00579,泰麒麟科技有限公司,2025-07-10,39,74.07,2888.73,Pendiente
O-007142,BR-00478,P-052682,PR-01264,济南亿次元科技有限公司,2025-08-28,61,101.76,6207.36,Recibido
O-007143,BR-00479,P-052693,PR-01420,商软冠联科技有限公司,2025-07-30,85,70.7,6009.5,En tránsito
O-007144,BR-00479,P-052704,PR-00611,恒聪百汇传媒有限公司,2025-07-26,57,8.83,503.31,Recibido
O-007145,BR-00479,P-052705,PR-00611,恒聪百汇传媒有限公司,2025-08-27,90,16.42,1477.8,En tránsito
O-007146,BR-00479,P-052708,PR-00597,银嘉科技有限公司,2025-07-17,20,128.18,2563.6,En tránsito
O-007147,BR-00479,P-052714,PR-00597,银嘉科技有限公司,2025-08-21,48,79.64,3822.72,Recibido
O-007148,BR-00479,P-052727,PR-00600,图龙信息网络有限公司,2025-08-07,30,112.31,3369.3,Pendiente
O-007149,BR-00479,P-052734,PR-00570,商软冠联信息有限公司,2025-08-03,39,17.67,689.13,En tránsito
O-007150,BR-00479,P-052735,PR-01219,四通科技有限公司,2025-07-31,88,85.75,7546.0,Pendiente
O-007151,BR-00479,P-052740,PR-00662,凌颖信息科技有限公司,2025-08-07,41,137.4,5633.4,En tránsito
O-007152,BR-00479,P-052745,PR-00697,盟新科技有限公司,2025-07-25,43,87.96,3782.28,En tránsito
O-007153,BR-00479,P-052750,PR-00572,四通信息有限公司,2025-07-21,98,84.75,8305.5,Pendiente
O-007154,BR-00479,P-052751,PR-00573,华成育卓信息有限公司,2025-08-04,68,11.63,790.84,En tránsito
O-007155,BR-00479,P-052757,PR-00574,海创信息有限公司,2025-07-29,99,32.84,3251.16,Pendiente
O-007156,BR-00479,P-052773,PR-00577,东方峻景网络有限公司,2025-07-19,46,57.83,2660.18,Recibido
O-007157,BR-00479,P-052778,PR-01358,兰金电子科技有限公司,2025-08-21,36,49.06,1766.16,Recibido
O-007158,BR-00479,P-052780,PR-00578,开发区世创网络有限公司,2025-08-01,56,40.35,2259.6,En tránsito
O-007159,BR-00480,P-052786,PR-01436,浦华众城网络有限公司,2025-08-17,88,135.61,11933.68,Pendiente
O-007160,BR-00480,P-052788,PR-00607,彩虹信息有限公司,2025-07-24,69,95.83,6612.27,Pendiente
O-007161,BR-00480,P-052797,PR-01420,商软冠联科技有限公司,2025-07-01,75,138.85,10413.75,Pendiente
O-007162,BR-00480,P-052808,PR-00611,恒聪百汇传媒有限公司,2025-07-11,88,131.43,11565.84,En tránsito
O-007163,BR-00480,P-052813,PR-00597,银嘉科技有限公司,2025-07-27,48,131.26,6300.48,En tránsito
O-007164,BR-00480,P-052818,PR-00597,银嘉科技有限公司,2025-08-01,81,68.6,5556.6,Pendiente
O-007165,BR-00480,P-052821,PR-00792,天开信息有限公司,2025-07-24,45,96.59,4346.55,En tránsito
O-007166,BR-00480,P-052849,PR-00661,创联世纪传媒有限公司,2025-07-02,37,25.59,946.83,Recibido
O-007167,BR-00480,P-052855,PR-00573,华成育卓信息有限公司,2025-07-29,77,142.82,10997.14,Recibido
O-007168,BR-00480,P-052861,PR-00732,凌云信息有限公司,2025-08-19,24,138.22,3317.28,Pendiente
O-007169,BR-00480,P-052871,PR-00576,恒聪百汇网络有限公司,2025-07-02,83,106.7,8856.1,Recibido
O-007170,BR-00480,P-052873,PR-01336,网新恒天传媒有限公司,2025-08-07,29,138.79,4024.91,En tránsito
O-007171,BR-00480,P-052877,PR-00577,东方峻景网络有限公司,2025-08-03,76,122.15,9283.4,Pendiente
O-007172,BR-00480,P-052886,PR-01264,济南亿次元科技有限公司,2025-07-10,36,101.0,3636.0,Recibido
O-007173,BR-00481,P-052898,PR-00608,同兴万点网络有限公司,2025-08-06,59,57.98,3420.82,En tránsito
O-007174,BR-00481,P-052900,PR-00835,思优传媒有限公司,2025-07-03,76,87.55,6653.8,Recibido
O-007175,BR-00481,P-052911,PR-00610,联通时科科技有限公司,2025-07-21,65,93.45,6074.25,Recibido
O-007176,BR-00481,P-052912,PR-00611,恒聪百汇传媒有限公司,2025-07-18,70,137.06,9594.2,Pendiente
O-007177,BR-00481,P-052917,PR-00597,银嘉科技有限公司,2025-07-24,69,122.22,8433.18,Recibido
O-007178,BR-00481,P-052927,PR-00791,创汇信息有限公司,2025-08-09,96,140.76,13512.96,Pendiente
O-007179,BR-00481,P-052937,PR-00600,图龙信息网络有限公司,2025-08-08,32,59.91,1917.12,En tránsito
O-007180,BR-00481,P-052951,PR-01219,四通科技有限公司,2025-07-25,69,133.09,9183.21,Pendiente
O-007181,BR-00481,P-052954,PR-00662,凌颖信息科技有限公司,2025-07-10,37,126.13,4666.81,En tránsito
O-007182,BR-00481,P-052959,PR-00655,创亿科技有限公司,2025-07-11,43,30.0,1290.0,Recibido
O-007183,BR-00481,P-052969,PR-00573,华成育卓信息有限公司,2025-07-11,74,88.29,6533.46,Recibido
O-007184,BR-00481,P-052979,PR-00575,襄樊地球村科技有限公司,2025-07-31,20,128.1,2562.0,Pendiente
O-007185,BR-00481,P-052984,PR-00576,恒聪百汇网络有限公司,2025-07-22,61,11.2,683.2,Pendiente
O-007186,BR-00481,P-052993,PR-00578,开发区世创网络有限公司,2025-08-05,94,10.29,967.26,Recibido
O-007187,BR-00481,P-052995,PR-01358,兰金电子科技有限公司,2025-07-22,72,145.93,10506.96,Recibido
O-007188,BR-00481,P-053003,PR-01288,凌云网络有限公司,2025-07-12,40,129.65,5186.0,Recibido
O-007189,BR-00482,P-053016,PR-00609,浦华众城科技有限公司,2025-07-31,86,16.21,1394.06,En tránsito
O-007190,BR-00482,P-053017,PR-00869,浦华众城网络有限公司,2025-07-04,83,80.08,6646.64,En tránsito
O-007191,BR-00482,P-053031,PR-00611,恒聪百汇传媒有限公司,2025-08-09,32,16.38,524.16,Recibido
O-007192,BR-00482,P-053053,PR-00739,诺依曼软件科技有限公司,2025-07-07,43,118.99,5116.57,Recibido
O-007193,BR-00482,P-053056,PR-00570,商软冠联信息有限公司,2025-08-11,26,126.54,3290.04,Recibido
O-007194,BR-00482,P-053057,PR-00662,凌颖信息科技有限公司,2025-07-23,27,113.18,3055.86,En tránsito
O-007195,BR-00482,P-053064,PR-00572,四通信息有限公司,2025-07-10,59,77.48,4571.32,Pendiente
O-007196,BR-00482,P-053065,PR-00661,创联世纪传媒有限公司,2025-08-18,60,46.27,2776.2,Pendiente
O-007197,BR-00482,P-053072,PR-00772,明腾网络有限公司,2025-07-28,41,104.8,4296.8,En tránsito
O-007198,BR-00483,P-053076,PR-01011,易动力科技有限公司,2025-08-19,65,106.97,6953.05,En tránsito
O-007199,BR-00483,P-053089,PR-00610,联通时科科技有限公司,2025-08-09,43,106.89,4596.27,Recibido
O-007200,BR-00483,P-053093,PR-00610,联通时科科技有限公司,2025-08-11,56,52.14,2919.84,En tránsito
O-007201,BR-00483,P-053099,PR-00611,恒聪百汇传媒有限公司,2025-07-23,35,123.95,4338.25,Recibido
O-007202,BR-00483,P-053104,PR-00597,银嘉科技有限公司,2025-07-20,36,117.19,4218.84,Recibido
O-007203,BR-00483,P-053142,PR-00573,华成育卓信息有限公司,2025-07-01,27,43.74,1180.98,Recibido
O-007204,BR-00483,P-053144,PR-01471,富罳信息有限公司,2025-07-31,22,90.52,1991.44,Recibido
O-007205,BR-00484,P-053153,PR-00835,思优传媒有限公司,2025-08-01,85,70.5,5992.5,En tránsito
O-007206,BR-00484,P-053155,PR-00835,思优传媒有限公司,2025-08-22,56,121.58,6808.48,Pendiente
O-007207,BR-00484,P-053164,PR-01420,商软冠联科技有限公司,2025-07-04,79,141.0,11139.0,En tránsito
O-007208,BR-00484,P-053167,PR-00610,联通时科科技有限公司,2025-08-19,20,124.43,2488.6,Pendiente
O-007209,BR-00484,P-053171,PR-00611,恒聪百汇传媒有限公司,2025-06-30,70,35.32,2472.4,Recibido
O-007210,BR-00484,P-053174,PR-00597,银嘉科技有限公司,2025-08-24,33,51.13,1687.29,Pendiente
O-007211,BR-00484,P-053185,PR-00600,图龙信息网络有限公司,2025-08-02,62,139.34,8639.08,En tránsito
O-007212,BR-00484,P-053187,PR-00600,图龙信息网络有限公司,2025-07-12,99,54.08,5353.92,Pendiente
O-007213,BR-00484,P-053193,PR-00601,MBP软件信息有限公司,2025-08-17,55,140.63,7734.65,Pendiente
O-007214,BR-00484,P-053203,PR-00571,黄石金承网络有限公司,2025-08-08,39,110.88,4324.32,En tránsito
O-007215,BR-00484,P-053204,PR-00571,黄石金承网络有限公司,2025-08-22,49,114.67,5618.83,Pendiente
O-007216,BR-00484,P-053210,PR-00573,华成育卓信息有限公司,2025-07-20,41,90.35,3704.35,Pendiente
O-007217,BR-00484,P-053211,PR-00573,华成育卓信息有限公司,2025-08-15,23,93.7,2155.1,Recibido
O-007218,BR-00485,P-053287,PR-00661,创联世纪传媒有限公司,2025-07-17,40,46.51,1860.4,Recibido
O-007219,BR-00486,P-053317,PR-00611,恒聪百汇传媒有限公司,2025-07-05,34,132.8,4515.2,En tránsito
O-007220,BR-00486,P-053323,PR-00597,银嘉科技有限公司,2025-07-16,20,143.96,2879.2,Recibido
O-007221,BR-00486,P-053325,PR-00792,天开信息有限公司,2025-08-03,95,95.21,9044.95,En tránsito
O-007222,BR-00486,P-053349,PR-00601,MBP软件信息有限公司,2025-07-15,67,88.98,5961.66,En tránsito
O-007223,BR-00486,P-053351,PR-00570,商软冠联信息有限公司,2025-07-25,50,94.69,4734.5,En tránsito
O-007224,BR-00486,P-053357,PR-00662,凌颖信息科技有限公司,2025-07-08,47,17.39,817.33,Pendiente
O-007225,BR-00486,P-053370,PR-00573,华成育卓信息有限公司,2025-07-08,46,131.05,6028.3,Pendiente
O-007226,BR-00487,P-053375,PR-01436,浦华众城网络有限公司,2025-07-01,27,148.44,4007.88,Pendiente
O-007227,BR-00487,P-053393,PR-00611,恒聪百汇传媒有限公司,2025-07-01,45,9.84,442.8,Pendiente
O-007228,BR-00487,P-053399,PR-00597,银嘉科技有限公司,2025-07-02,55,93.47,5140.85,En tránsito
O-007229,BR-00487,P-053400,PR-00597,银嘉科技有限公司,2025-07-02,42,43.46,1825.32,En tránsito
O-007230,BR-00487,P-053406,PR-00792,天开信息有限公司,2025-07-23,52,22.16,1152.32,Recibido
O-007231,BR-00487,P-053407,PR-00792,天开信息有限公司,2025-08-20,78,109.28,8523.84,En tránsito
O-007232,BR-00487,P-053408,PR-00599,思优科技有限公司,2025-07-14,31,112.74,3494.94,Recibido
O-007233,BR-00487,P-053426,PR-00570,商软冠联信息有限公司,2025-07-05,59,6.94,409.46,En tránsito
O-007234,BR-00487,P-053435,PR-00572,四通信息有限公司,2025-07-01,27,146.79,3963.33,En tránsito
O-007235,BR-00487,P-053451,PR-00574,海创信息有限公司,2025-08-20,67,142.79,9566.93,Pendiente
O-007236,BR-00488,P-053471,PR-00610,联通时科科技有限公司,2025-07-27,31,61.86,1917.66,Recibido
O-007237,BR-00488,P-053474,PR-00611,恒聪百汇传媒有限公司,2025-08-20,59,106.55,6286.45,Pendiente
O-007238,BR-00488,P-053477,PR-00611,恒聪百汇传媒有限公司,2025-08-19,87,52.32,4551.84,En tránsito
O-007239,BR-00488,P-053489,PR-00782,毕博诚传媒有限公司,2025-08-08,82,122.28,10026.96,Pendiente
O-007240,BR-00488,P-053510,PR-00571,黄石金承网络有限公司,2025-07-22,78,83.26,6494.28,Recibido
O-007241,BR-00488,P-053518,PR-00573,华成育卓信息有限公司,2025-08-13,44,122.89,5407.16,Recibido
O-007242,BR-00489,P-053532,PR-00607,彩虹信息有限公司,2025-08-24,20,27.3,546.0,En tránsito
O-007243,BR-00489,P-053557,PR-00792,天开信息有限公司,2025-07-02,24,34.39,825.36,En tránsito
O-007244,BR-00489,P-053562,PR-00782,毕博诚传媒有限公司,2025-08-11,38,50.13,1904.94,Pendiente
O-007245,BR-00489,P-053568,PR-00600,图龙信息网络有限公司,2025-08-28,41,5.02,205.82,Recibido
O-007246,BR-00489,P-053570,PR-01265,精芯网络有限公司,2025-08-08,28,61.33,1717.24,En tránsito
O-007247,BR-00489,P-053574,PR-01265,精芯网络有限公司,2025-08-28,78,29.63,2311.14,En tránsito
O-007248,BR-00489,P-053580,PR-01219,四通科技有限公司,2025-08-10,50,122.85,6142.5,En tránsito
O-007249,BR-00489,P-053583,PR-00571,黄石金承网络有限公司,2025-08-17,37,49.88,1845.56,En tránsito
O-007250,BR-00489,P-053589,PR-00697,盟新科技有限公司,2025-08-08,59,126.75,7478.25,En tránsito
O-007251,BR-00489,P-053596,PR-00573,华成育卓信息有限公司,2025-08-19,23,48.21,1108.83,Pendiente
O-007252,BR-00489,P-053597,PR-00573,华成育卓信息有限公司,2025-08-19,76,38.44,2921.44,En tránsito
O-007253,BR-00489,P-053603,PR-00574,海创信息有限公司,2025-08-21,27,55.63,1502.01,Recibido
O-007254,BR-00490,P-053606,PR-01436,浦华众城网络有限公司,2025-07-05,20,133.51,2670.2,Recibido
O-007255,BR-00490,P-053615,PR-00835,思优传媒有限公司,2025-08-26,54,144.93,7826.22,Pendiente
O-007256,BR-00490,P-053620,PR-00610,联通时科科技有限公司,2025-08-19,77,93.03,7163.31,Recibido
O-007257,BR-00490,P-053632,PR-00597,银嘉科技有限公司,2025-06-30,32,141.6,4531.2,Recibido
O-007258,BR-00490,P-053633,PR-00597,银嘉科技有限公司,2025-08-15,42,18.32,769.44,En tránsito
O-007259,BR-00490,P-053637,PR-00598,菊风公司传媒有限公司,2025-08-05,95,116.27,11045.65,Pendiente
O-007260,BR-00490,P-053647,PR-00600,图龙信息网络有限公司,2025-07-04,69,115.24,7951.56,Recibido
O-007261,BR-00490,P-053657,PR-01219,四通科技有限公司,2025-07-27,67,95.03,6367.01,Recibido
O-007262,BR-00490,P-053660,PR-00739,诺依曼软件科技有限公司,2025-07-15,81,99.41,8052.21,En tránsito
O-007263,BR-00490,P-053666,PR-00571,黄石金承网络有限公司,2025-07-04,50,58.58,2929.0,En tránsito
O-007264,BR-00490,P-053671,PR-00572,四通信息有限公司,2025-07-30,78,116.78,9108.84,Recibido
O-007265,BR-00491,P-053708,PR-00597,银嘉科技有限公司,2025-07-17,45,77.24,3475.8,En tránsito
O-007266,BR-00491,P-053710,PR-00597,银嘉科技有限公司,2025-08-17,44,29.8,1311.2,Pendiente
O-007267,BR-00491,P-053726,PR-00913,诺依曼软件传媒有限公司,2025-08-09,70,112.41,7868.7,Recibido
O-007268,BR-00491,P-053733,PR-00697,盟新科技有限公司,2025-08-18,33,23.61,779.13,Pendiente
O-007269,BR-00491,P-053734,PR-00571,黄石金承网络有限公司,2025-08-18,56,99.51,5572.56,Pendiente
O-007270,BR-00491,P-053736,PR-00661,创联世纪传媒有限公司,2025-07-11,91,139.24,12670.84,Pendiente
O-007271,BR-00491,P-053747,PR-00772,明腾网络有限公司,2025-08-19,71,141.92,10076.32,En tránsito
O-007272,BR-00491,P-053751,PR-00772,明腾网络有限公司,2025-07-11,98,15.92,1560.16,Recibido
O-007273,BR-00492,P-053756,PR-01436,浦华众城网络有限公司,2025-07-12,26,15.15,393.9,En tránsito
O-007274,BR-00492,P-053763,PR-00869,浦华众城网络有限公司,2025-07-23,35,24.22,847.7,Pendiente
O-007275,BR-00492,P-053765,PR-00869,浦华众城网络有限公司,2025-07-31,44,83.87,3690.28,Pendiente
O-007276,BR-00492,P-053775,PR-00611,恒聪百汇传媒有限公司,2025-07-01,78,142.72,11132.16,En tránsito
O-007277,BR-00492,P-053778,PR-00597,银嘉科技有限公司,2025-06-30,69,48.95,3377.55,Recibido
O-007278,BR-00492,P-053781,PR-00597,银嘉科技有限公司,2025-08-23,44,63.16,2779.04,Recibido
O-007279,BR-00492,P-053797,PR-00601,MBP软件信息有限公司,2025-08-25,69,79.58,5491.02,En tránsito
O-007280,BR-00492,P-053804,PR-00662,凌颖信息科技有限公司,2025-07-23,46,20.18,928.28,Pendiente
O-007281,BR-00492,P-053816,PR-00573,华成育卓信息有限公司,2025-08-25,28,83.94,2350.32,En tránsito
O-007282,BR-00492,P-053824,PR-00574,海创信息有限公司,2025-07-20,58,60.42,3504.36,En tránsito
O-007283,BR-00493,P-053827,PR-00607,彩虹信息有限公司,2025-07-25,58,116.61,6763.38,En tránsito
O-007284,BR-00493,P-053832,PR-00869,浦华众城网络有限公司,2025-07-06,83,66.66,5532.78,Recibido
O-007285,BR-00493,P-053838,PR-00609,浦华众城科技有限公司,2025-08-22,33,58.96,1945.68,En tránsito
O-007286,BR-00493,P-053840,PR-00610,联通时科科技有限公司,2025-07-07,35,134.6,4711.0,Recibido
O-007287,BR-00493,P-053842,PR-00611,恒聪百汇传媒有限公司,2025-08-27,27,23.77,641.79,En tránsito
O-007288,BR-00493,P-053848,PR-00597,银嘉科技有限公司,2025-07-07,86,37.8,3250.8,Pendiente
O-007289,BR-00493,P-053851,PR-00597,银嘉科技有限公司,2025-07-24,63,117.38,7394.94,Recibido
O-007290,BR-00493,P-053852,PR-00597,银嘉科技有限公司,2025-08-27,74,85.24,6307.76,En tránsito
O-007291,BR-00493,P-053858,PR-00791,创汇信息有限公司,2025-07-17,35,73.75,2581.25,En tránsito
O-007292,BR-00493,P-053873,PR-00697,盟新科技有限公司,2025-07-27,87,83.29,7246.23,Recibido
O-007293,BR-00493,P-053880,PR-00849,济南亿次元信息有限公司,2025-08-16,25,134.55,3363.75,Recibido
O-007294,BR-00493,P-053882,PR-00849,济南亿次元信息有限公司,2025-08-08,31,121.01,3751.31,Recibido
O-007295,BR-00493,P-053885,PR-00661,创联世纪传媒有限公司,2025-06-30,97,117.38,11385.86,Recibido
O-007296,BR-00494,P-053914,PR-00611,恒聪百汇传媒有限公司,2025-07-26,39,107.37,4187.43,En tránsito
O-007297,BR-00494,P-053918,PR-00597,银嘉科技有限公司,2025-06-30,85,50.01,4250.85,En tránsito
O-007298,BR-00494,P-053923,PR-00598,菊风公司传媒有限公司,2025-08-06,71,85.06,6039.26,Pendiente
O-007299,BR-00494,P-053927,PR-00600,图龙信息网络有限公司,2025-08-15,66,10.62,700.92,Recibido
O-007300,BR-00494,P-053929,PR-00600,图龙信息网络有限公司,2025-08-23,51,50.2,2560.2,En tránsito
O-007301,BR-00494,P-053936,PR-00913,诺依曼软件传媒有限公司,2025-07-06,30,109.73,3291.9,En tránsito
O-007302,BR-00494,P-053937,PR-00570,商软冠联信息有限公司,2025-07-18,79,95.23,7523.17,En tránsito
O-007303,BR-00494,P-053939,PR-00739,诺依曼软件科技有限公司,2025-07-27,67,97.97,6563.99,Recibido
O-007304,BR-00494,P-053948,PR-00849,济南亿次元信息有限公司,2025-07-05,84,111.71,9383.64,Recibido
O-007305,BR-00494,P-053957,PR-00772,明腾网络有限公司,2025-07-05,99,42.29,4186.71,Pendiente
