pago_id,order_proveedor_id,provider_id,provider_name,fecha_orden,condicion_pago,fecha_vencimiento,fecha_pago,monto_total,estado_pago
PP-000001,O-000001,PR-00044,Hnos Nebot S.L.N.E,2025-08-24,60 días,2025-10-23,2025-09-20,117.3,Pagado
PP-000002,O-000002,PR-00033,Despacho LDRM S.A.,2025-08-27,90 días,2025-11-25,,2137.2,Pendiente
PP-000003,O-000003,PR-01456,Comercial RN S.A.,2025-08-19,90 días,2025-11-17,2025-09-17,958.1,Pagado
PP-000004,O-000004,PR-00699,Cano y asociados S.L.,2025-07-04,60 días,2025-09-02,,740.4,Pendiente
PP-000005,O-000005,PR-00738,Suministros Heredia S.L.,2025-08-09,30 días,2025-09-08,2025-08-16,1764.2,Pagado
PP-000006,O-000006,PR-00738,Suministros Heredia S.L.,2025-08-11,30 días,2025-09-10,2025-08-29,8912.8,Pagado
PP-000007,O-000007,PR-00749,Hnos Cañas S.A.,2025-07-20,60 días,2025-09-18,,4263.0,Pendiente
PP-000008,O-000008,PR-01156,Despacho Españolas S.Com.,2025-07-14,90 días,2025-10-12,,3690.5,Pendiente
PP-000009,O-000009,PR-01245,Suministros Arenas S.L.,2025-07-19,Contado,2025-07-19,,2911.56,Retrasado
PP-000010,O-000010,PR-00794,Construcción NZMQ S.L.N.E,2025-08-21,60 días,2025-10-20,,7256.04,Pendiente
PP-000011,O-000011,PR-01152,Casado y asociados S.L.,2025-08-01,90 días,2025-10-30,,1637.46,Pendiente
PP-000012,O-000012,PR-00627,Infraestructuras WXJ S.L.,2025-07-12,90 días,2025-10-10,,784.3,Pendiente
PP-000013,O-000013,PR-00041,Familia Vaquero S.Coop.,2025-08-25,60 días,2025-10-24,2025-09-21,1362.9,Pagado
PP-000014,O-000014,PR-00041,Familia Vaquero S.Coop.,2025-08-15,60 días,2025-10-14,,1456.36,Pendiente
PP-000015,O-000015,PR-00871,Orozco y Cardona S.A.,2025-07-21,60 días,2025-09-19,,3474.36,Pendiente
PP-000016,O-000016,PR-00024,Manufacturas DVS S.A.,2025-07-28,60 días,2025-09-26,2025-08-31,2579.8,Pagado
PP-000017,O-000017,PR-01394,Transportes HKAN S.Com.,2025-07-30,90 días,2025-10-28,2025-09-15,2792.1,Pagado
PP-000018,O-000018,PR-00020,Goñi & Asociados S.L.L.,2025-06-30,60 días,2025-08-29,2025-07-17,2616.4,Pagado
PP-000019,O-000019,PR-00002,Construcción Inteligentes S.C.P,2025-07-03,60 días,2025-09-01,,4522.72,Pendiente
PP-000020,O-000020,PR-00004,Logística Pazos S.A.,2025-07-17,30 días,2025-08-16,2025-07-22,4841.46,Pagado
PP-000021,O-000021,PR-00005,Soluciones Torre S.Coop.,2025-07-28,60 días,2025-09-26,,11115.45,Pendiente
PP-000022,O-000022,PR-00005,Soluciones Torre S.Coop.,2025-07-04,60 días,2025-09-02,2025-07-13,3400.9,Pagado
PP-000023,O-000023,PR-00005,Soluciones Torre S.Coop.,2025-07-16,60 días,2025-09-14,,2349.4,Pendiente
PP-000024,O-000024,PR-01367,Compañía del Norte S.L.,2025-08-16,90 días,2025-11-14,,4312.05,Pendiente
PP-000025,O-000025,PR-01239,Roura y asociados S.Coop.,2025-08-28,30 días,2025-09-27,2025-09-22,5530.68,Pagado
PP-000026,O-000026,PR-00025,Rosa María Verdejo Rozas S.L.N.E,2025-08-10,90 días,2025-11-08,,2535.41,Pendiente
PP-000027,O-000027,PR-00026,Banca Privada Nogués & Asociados S.Coop.,2025-07-09,60 días,2025-09-07,,2855.8,Pendiente
PP-000028,O-000028,PR-00628,Sanmiguel y Escrivá S.Coop.,2025-08-26,60 días,2025-10-25,2025-10-01,7831.63,Pagado
PP-000029,O-000029,PR-00028,Alimentación Internacionales S.A.,2025-07-09,90 días,2025-10-07,,1949.2,Pendiente
PP-000030,O-000030,PR-01197,Zaragoza & Asociados S.Coop.,2025-07-15,90 días,2025-10-13,,9991.15,Pendiente
PP-000031,O-000031,PR-01197,Zaragoza & Asociados S.Coop.,2025-08-17,90 días,2025-11-15,2025-10-24,742.2,Pagado
PP-000032,O-000032,PR-00904,Soluciones SS S.A.,2025-08-02,30 días,2025-09-01,,4791.04,Pendiente
PP-000033,O-000033,PR-00972,Finanzas Valcárcel & Asociados S.Coop.,2025-08-01,90 días,2025-10-30,2025-09-27,2837.64,Pagado
PP-000034,O-000034,PR-00047,Logística Bermudez S.L.,2025-07-25,30 días,2025-08-24,2025-08-13,1337.05,Pagado
PP-000035,O-000035,PR-00880,Evelia Madrid Pardo S.A.,2025-08-21,60 días,2025-10-20,2025-09-14,7687.71,Pagado
PP-000036,O-000036,PR-00034,Blanes y Cañizares S.A.,2025-07-15,30 días,2025-08-14,,3564.22,Retrasado
PP-000037,O-000037,PR-01042,Hnos Moll S.Coop.,2025-07-08,60 días,2025-09-06,2025-08-28,7826.51,Pagado
PP-000038,O-000038,PR-00035,Banca Privada Salvador S.Com.,2025-08-06,60 días,2025-10-05,2025-10-03,425.27,Pagado
PP-000039,O-000039,PR-01456,Comercial RN S.A.,2025-08-25,90 días,2025-11-23,,1961.28,Pendiente
PP-000040,O-000040,PR-00956,Desarrollo Integrales S.L.,2025-07-04,90 días,2025-10-02,2025-07-04,10325.96,Pagado
PP-000041,O-000041,PR-00943,Grupo Fernández S.L.,2025-07-28,90 días,2025-10-26,2025-09-10,8250.2,Pagado
PP-000042,O-000042,PR-01119,Familia Roldan S.L.,2025-07-17,60 días,2025-09-15,,8272.64,Pendiente
PP-000043,O-000043,PR-01156,Despacho Españolas S.Com.,2025-07-09,90 días,2025-10-07,2025-10-05,2363.76,Pagado
PP-000044,O-000044,PR-00012,Grupo Mascaró S.Coop.,2025-08-28,90 días,2025-11-26,,5255.03,Pendiente
PP-000045,O-000045,PR-00012,Grupo Mascaró S.Coop.,2025-07-25,90 días,2025-10-23,,1614.14,Pendiente
PP-000046,O-000046,PR-00013,Industrias del Noroeste S.L.N.E,2025-08-06,30 días,2025-09-05,,6798.6,Pendiente
PP-000047,O-000047,PR-01459,Construcción Pallarès S.Com.,2025-08-10,90 días,2025-11-08,2025-08-22,6003.46,Pagado
PP-000048,O-000048,PR-00014,Linares y Macías S.L.L.,2025-07-25,90 días,2025-10-23,,7878.98,Pendiente
PP-000049,O-000049,PR-00683,Comercializadora DOH S.A.,2025-08-20,30 días,2025-09-19,,7650.96,Pendiente
PP-000050,O-000050,PR-00015,Plinio Paniagua Folch S.L.,2025-07-10,60 días,2025-09-08,2025-09-05,3804.94,Pagado
PP-000051,O-000051,PR-00627,Infraestructuras WXJ S.L.,2025-08-21,90 días,2025-11-19,2025-11-06,2778.0,Pagado
PP-000052,O-000052,PR-01432,Familia Garzón S.L.,2025-08-05,90 días,2025-11-03,2025-10-31,4291.95,Pagado
PP-000053,O-000053,PR-00041,Familia Vaquero S.Coop.,2025-07-26,60 días,2025-09-24,,1939.86,Pendiente
PP-000054,O-000054,PR-00042,Compañía Moya y asociados S.Coop.,2025-08-22,60 días,2025-10-21,,7018.05,Pendiente
PP-000055,O-000055,PR-00016,Manufacturas Palacios S.L.,2025-07-25,90 días,2025-10-23,,3004.89,Pendiente
PP-000056,O-000056,PR-01350,Luciana Álvarez Belmonte S.A.,2025-08-07,90 días,2025-11-05,2025-10-24,1108.24,Pagado
PP-000057,O-000057,PR-01261,Virgilio Prieto Marti S.L.N.E,2025-07-14,90 días,2025-10-12,,2538.8,Pendiente
PP-000058,O-000058,PR-00018,Servicios Flor & Asociados S.L.U.,2025-07-18,60 días,2025-09-16,,1076.29,Pendiente
PP-000059,O-000059,PR-00648,Josefa Rodriguez Machado S.A.T.,2025-08-10,Contado,2025-08-10,,4290.71,Retrasado
PP-000060,O-000060,PR-01101,Corominas & Asociados S.L.,2025-08-12,60 días,2025-10-11,,10657.6,Pendiente
PP-000061,O-000061,PR-01024,Hotel Pablo y asociados S.A.,2025-07-20,90 días,2025-10-18,,5085.04,Pendiente
PP-000062,O-000062,PR-00002,Construcción Inteligentes S.C.P,2025-08-09,60 días,2025-10-08,2025-08-24,816.3,Pagado
PP-000063,O-000063,PR-00004,Logística Pazos S.A.,2025-08-23,30 días,2025-09-22,2025-08-24,3321.12,Pagado
PP-000064,O-000064,PR-01236,Promociones Cepeda S.L.U.,2025-07-03,90 días,2025-10-01,2025-08-22,216.48,Pagado
PP-000065,O-000065,PR-00005,Soluciones Torre S.Coop.,2025-07-28,60 días,2025-09-26,2025-07-30,3890.75,Pagado
PP-000066,O-000066,PR-00005,Soluciones Torre S.Coop.,2025-07-26,60 días,2025-09-24,,5371.38,Pendiente
PP-000067,O-000067,PR-00776,Nieves Hurtado Fiol S.Com.,2025-07-25,Contado,2025-07-25,2025-07-25,1666.25,Pagado
PP-000068,O-000068,PR-00776,Nieves Hurtado Fiol S.Com.,2025-07-10,Contado,2025-07-10,2025-07-10,2580.8,Pagado
PP-000069,O-000069,PR-00023,Distribuciones Inteligentes S.Com.,2025-07-03,90 días,2025-10-01,,756.84,Pendiente
PP-000070,O-000070,PR-01239,Roura y asociados S.Coop.,2025-07-18,30 días,2025-08-17,2025-07-27,3475.72,Pagado
PP-000071,O-000071,PR-00628,Sanmiguel y Escrivá S.Coop.,2025-07-06,60 días,2025-09-04,,2899.47,Pendiente
PP-000072,O-000072,PR-00028,Alimentación Internacionales S.A.,2025-07-17,90 días,2025-10-15,,7230.72,Pendiente
PP-000073,O-000073,PR-01197,Zaragoza & Asociados S.Coop.,2025-08-01,90 días,2025-10-30,2025-10-21,3254.64,Pagado
PP-000074,O-000074,PR-01197,Zaragoza & Asociados S.Coop.,2025-08-27,90 días,2025-11-25,,7989.6,Pendiente
PP-000075,O-000075,PR-01425,Talleres del Mediterráneo S.L.,2025-08-08,90 días,2025-11-06,2025-10-09,7107.3,Pagado
PP-000076,O-000076,PR-00904,Soluciones SS S.A.,2025-08-03,30 días,2025-09-02,,341.31,Pendiente
PP-000077,O-000077,PR-00904,Soluciones SS S.A.,2025-08-05,30 días,2025-09-04,,5432.83,Pendiente
PP-000078,O-000078,PR-00043,Perelló y Lorenzo S.L.,2025-07-13,60 días,2025-09-11,,3976.56,Pendiente
PP-000079,O-000079,PR-00045,Desarrollo Pedrero & Asociados S.L.U.,2025-08-10,60 días,2025-10-09,2025-09-02,6789.78,Pagado
PP-000080,O-000080,PR-01342,Soluciones Ibéricos S.L.L.,2025-08-26,90 días,2025-11-24,2025-10-27,8823.6,Pagado
PP-000081,O-000081,PR-00033,Despacho LDRM S.A.,2025-07-24,90 días,2025-10-22,2025-07-30,168.6,Pagado
PP-000082,O-000082,PR-00708,Tecnologías Ibéricos S.Coop.,2025-08-13,90 días,2025-11-11,2025-10-28,2764.26,Pagado
PP-000083,O-000083,PR-00034,Blanes y Cañizares S.A.,2025-08-07,30 días,2025-09-06,2025-08-30,6362.66,Pagado
PP-000084,O-000084,PR-00035,Banca Privada Salvador S.Com.,2025-07-03,60 días,2025-09-01,2025-08-12,2283.27,Pagado
PP-000085,O-000085,PR-00035,Banca Privada Salvador S.Com.,2025-08-06,60 días,2025-10-05,,8112.38,Pendiente
PP-000086,O-000086,PR-00037,María José Bellido Serna S.A.,2025-08-06,60 días,2025-10-05,2025-08-11,3364.3,Pagado
PP-000087,O-000087,PR-00006,Consultoría Teruel y asociados S.A.,2025-07-22,90 días,2025-10-20,2025-09-10,614.42,Pagado
PP-000088,O-000088,PR-00007,Hermanos Corbacho S.A.,2025-06-30,90 días,2025-09-28,,7963.98,Pendiente
PP-000089,O-000089,PR-00738,Suministros Heredia S.L.,2025-08-14,30 días,2025-09-13,2025-08-19,8387.9,Pagado
PP-000090,O-000090,PR-01156,Despacho Españolas S.Com.,2025-08-25,90 días,2025-11-23,,7389.78,Pendiente
PP-000091,O-000091,PR-01245,Suministros Arenas S.L.,2025-07-07,Contado,2025-07-07,2025-07-07,858.13,Pagado
PP-000092,O-000092,PR-00013,Industrias del Noroeste S.L.N.E,2025-07-22,30 días,2025-08-21,,445.5,Pendiente
PP-000093,O-000093,PR-01432,Familia Garzón S.L.,2025-08-19,90 días,2025-11-17,,6324.51,Pendiente
PP-000094,O-000094,PR-01383,Familia Falcón S.L.L.,2025-07-04,60 días,2025-09-02,,12256.2,Pendiente
PP-000095,O-000095,PR-00645,Hnos Barriga S.L.L.,2025-07-24,30 días,2025-08-23,2025-08-13,5876.28,Pagado
PP-000096,O-000096,PR-00017,Samper y Cabanillas S.Coop.,2025-07-19,90 días,2025-10-17,,1955.52,Pendiente
PP-000097,O-000097,PR-00044,Hnos Nebot S.L.N.E,2025-07-09,60 días,2025-09-07,2025-08-02,152.72,Pagado
PP-000098,O-000098,PR-00868,Hermanos Fernández S.Com.,2025-08-25,30 días,2025-09-24,,8942.4,Pendiente
PP-000099,O-000099,PR-00045,Desarrollo Pedrero & Asociados S.L.U.,2025-07-01,60 días,2025-08-30,,8469.85,Pendiente
PP-000100,O-000100,PR-00047,Logística Bermudez S.L.,2025-08-27,30 días,2025-09-26,,4450.5,Pendiente
PP-000101,O-000101,PR-00708,Tecnologías Ibéricos S.Coop.,2025-07-20,90 días,2025-10-18,,1835.4,Pendiente
PP-000102,O-000102,PR-01064,Distribuciones Saura S.A.,2025-07-06,60 días,2025-09-04,2025-07-12,5020.84,Pagado
PP-000103,O-000103,PR-00035,Banca Privada Salvador S.Com.,2025-07-25,60 días,2025-09-23,,795.57,Pendiente
PP-000104,O-000104,PR-00036,Infraestructuras Niño S.Coop.,2025-07-22,60 días,2025-09-20,,3072.96,Pendiente
PP-000105,O-000105,PR-00036,Infraestructuras Niño S.Coop.,2025-07-06,60 días,2025-09-04,,1513.94,Pendiente
PP-000106,O-000106,PR-00699,Cano y asociados S.L.,2025-07-08,60 días,2025-09-06,2025-08-21,3588.0,Pagado
PP-000107,O-000107,PR-00943,Grupo Fernández S.L.,2025-07-09,90 días,2025-10-07,,1041.1,Pendiente
PP-000108,O-000108,PR-01156,Despacho Españolas S.Com.,2025-07-12,90 días,2025-10-10,,6083.64,Pendiente
PP-000109,O-000109,PR-00794,Construcción NZMQ S.L.N.E,2025-07-24,60 días,2025-09-22,2025-07-29,8973.13,Pagado
PP-000110,O-000110,PR-01437,Construcción Montes y asociados S.Com.,2025-08-20,30 días,2025-09-19,2025-08-22,2686.91,Pagado
PP-000111,O-000111,PR-01383,Familia Falcón S.L.L.,2025-07-02,60 días,2025-08-31,2025-07-27,5567.64,Pagado
PP-000112,O-000112,PR-01437,Construcción Montes y asociados S.Com.,2025-07-06,30 días,2025-08-05,,2863.0,Retrasado
PP-000113,O-000113,PR-01383,Familia Falcón S.L.L.,2025-06-30,60 días,2025-08-29,2025-08-09,2311.92,Pagado
PP-000114,O-000114,PR-00042,Compañía Moya y asociados S.Coop.,2025-08-28,60 días,2025-10-27,2025-09-22,470.88,Pagado
PP-000115,O-000115,PR-00645,Hnos Barriga S.L.L.,2025-07-21,30 días,2025-08-20,2025-08-09,1374.33,Pagado
PP-000116,O-000116,PR-00018,Servicios Flor & Asociados S.L.U.,2025-07-13,60 días,2025-09-11,,7702.24,Pendiente
PP-000117,O-000117,PR-01101,Corominas & Asociados S.L.,2025-08-16,60 días,2025-10-15,2025-09-24,5339.04,Pagado
PP-000118,O-000118,PR-01101,Corominas & Asociados S.L.,2025-08-15,60 días,2025-10-14,2025-09-01,4966.08,Pagado
PP-000119,O-000119,PR-00043,Perelló y Lorenzo S.L.,2025-08-18,60 días,2025-10-17,,3922.92,Pendiente
PP-000120,O-000120,PR-00868,Hermanos Fernández S.Com.,2025-07-04,30 días,2025-08-03,2025-08-02,5272.92,Pagado
PP-000121,O-000121,PR-01116,Grupo Morán S.A.,2025-07-26,30 días,2025-08-25,,1150.09,Retrasado
PP-000122,O-000122,PR-00033,Despacho LDRM S.A.,2025-07-22,90 días,2025-10-20,,12286.75,Pendiente
PP-000123,O-000123,PR-01042,Hnos Moll S.Coop.,2025-08-25,60 días,2025-10-24,2025-09-26,5514.32,Pagado
PP-000124,O-000124,PR-00738,Suministros Heredia S.L.,2025-08-02,30 días,2025-09-01,,6256.0,Pendiente
PP-000125,O-000125,PR-01156,Despacho Españolas S.Com.,2025-08-01,90 días,2025-10-30,,827.66,Pendiente
PP-000126,O-000126,PR-00011,Buendía y Oller S.L.,2025-08-19,90 días,2025-11-17,,7385.72,Pendiente
PP-000127,O-000127,PR-00012,Grupo Mascaró S.Coop.,2025-08-07,90 días,2025-11-05,2025-09-14,2250.9,Pagado
PP-000128,O-000128,PR-00012,Grupo Mascaró S.Coop.,2025-07-16,90 días,2025-10-14,,6436.44,Pendiente
PP-000129,O-000129,PR-00761,Finanzas TH S.A.,2025-07-02,60 días,2025-08-31,,5290.56,Pendiente
PP-000130,O-000130,PR-00627,Infraestructuras WXJ S.L.,2025-07-31,90 días,2025-10-29,2025-10-16,8205.8,Pagado
PP-000131,O-000131,PR-01432,Familia Garzón S.L.,2025-07-10,90 días,2025-10-08,,3802.68,Pendiente
PP-000132,O-000132,PR-01432,Familia Garzón S.L.,2025-07-30,90 días,2025-10-28,,4967.9,Pendiente
PP-000133,O-000133,PR-01394,Transportes HKAN S.Com.,2025-07-15,90 días,2025-10-13,2025-07-18,4698.26,Pagado
PP-000134,O-000134,PR-01350,Luciana Álvarez Belmonte S.A.,2025-07-20,90 días,2025-10-18,,4798.46,Pendiente
PP-000135,O-000135,PR-00017,Samper y Cabanillas S.Coop.,2025-08-25,90 días,2025-11-23,2025-11-13,3384.18,Pagado
PP-000136,O-000136,PR-01487,Minería Pagès y asociados S.L.,2025-07-30,90 días,2025-10-28,2025-10-21,4705.17,Pagado
PP-000137,O-000137,PR-00018,Servicios Flor & Asociados S.L.U.,2025-08-24,60 días,2025-10-23,,4935.84,Pendiente
PP-000138,O-000138,PR-01487,Minería Pagès y asociados S.L.,2025-08-01,90 días,2025-10-30,,11269.46,Pendiente
PP-000139,O-000139,PR-00648,Josefa Rodriguez Machado S.A.T.,2025-07-07,Contado,2025-07-07,2025-07-07,6115.2,Pagado
PP-000140,O-000140,PR-00020,Goñi & Asociados S.L.L.,2025-07-08,60 días,2025-09-06,2025-07-12,3306.0,Pagado
PP-000141,O-000141,PR-00047,Logística Bermudez S.L.,2025-08-20,30 días,2025-09-19,,1706.2,Pendiente
PP-000142,O-000142,PR-00047,Logística Bermudez S.L.,2025-07-25,30 días,2025-08-24,,5286.4,Retrasado
PP-000143,O-000143,PR-00708,Tecnologías Ibéricos S.Coop.,2025-08-07,90 días,2025-11-05,,3467.7,Pendiente
PP-000144,O-000144,PR-00033,Despacho LDRM S.A.,2025-08-13,90 días,2025-11-11,2025-10-28,8908.68,Pagado
PP-000145,O-000145,PR-01042,Hnos Moll S.Coop.,2025-08-18,60 días,2025-10-17,2025-08-23,3105.96,Pagado
PP-000146,O-000146,PR-01456,Comercial RN S.A.,2025-07-24,90 días,2025-10-22,2025-09-27,3900.48,Pagado
PP-000147,O-000147,PR-00036,Infraestructuras Niño S.Coop.,2025-07-13,60 días,2025-09-11,,959.1,Pendiente
PP-000148,O-000148,PR-00037,María José Bellido Serna S.A.,2025-08-28,60 días,2025-10-27,2025-09-29,5256.72,Pagado
PP-000149,O-000149,PR-01097,Albano Cervantes Palacio S.L.,2025-07-03,Contado,2025-07-03,,11072.0,Pendiente
PP-000150,O-000150,PR-00006,Consultoría Teruel y asociados S.A.,2025-08-25,90 días,2025-11-23,2025-11-03,3877.71,Pagado
PP-000151,O-000151,PR-00007,Hermanos Corbacho S.A.,2025-08-11,90 días,2025-11-09,,7951.5,Pendiente
PP-000152,O-000152,PR-00943,Grupo Fernández S.L.,2025-07-10,90 días,2025-10-08,2025-08-23,2703.36,Pagado
PP-000153,O-000153,PR-00773,Ángel Merino Escribano S.Coop.,2025-07-19,60 días,2025-09-17,,8337.84,Pendiente
PP-000154,O-000154,PR-00009,Sotelo y asociados S.A.T.,2025-08-26,90 días,2025-11-24,2025-09-08,1523.8,Pagado
PP-000155,O-000155,PR-00012,Grupo Mascaró S.Coop.,2025-07-27,90 días,2025-10-25,2025-10-22,3926.67,Pagado
PP-000156,O-000156,PR-00968,Pascual Lladó Soria S.Coop.,2025-08-16,60 días,2025-10-15,,5426.19,Pendiente
PP-000157,O-000157,PR-00038,Talleres QPJJ S.A.,2025-08-23,90 días,2025-11-21,,1439.3,Pendiente
PP-000158,O-000158,PR-01383,Familia Falcón S.L.L.,2025-07-10,60 días,2025-09-08,,12754.66,Pendiente
PP-000159,O-000159,PR-01437,Construcción Montes y asociados S.Com.,2025-07-16,30 días,2025-08-15,2025-07-21,865.53,Pagado
PP-000160,O-000160,PR-00041,Familia Vaquero S.Coop.,2025-07-31,60 días,2025-09-29,,2431.62,Pendiente
PP-000161,O-000161,PR-00676,Minería Sacristán y asociados S.Com.,2025-08-13,60 días,2025-10-12,2025-09-12,10235.4,Pagado
PP-000162,O-000162,PR-00016,Manufacturas Palacios S.L.,2025-07-26,90 días,2025-10-24,,6294.18,Pendiente
PP-000163,O-000163,PR-00017,Samper y Cabanillas S.Coop.,2025-08-01,90 días,2025-10-30,,4279.5,Pendiente
PP-000164,O-000164,PR-00648,Josefa Rodriguez Machado S.A.T.,2025-07-02,Contado,2025-07-02,2025-07-02,3501.44,Pagado
PP-000165,O-000165,PR-00020,Goñi & Asociados S.L.L.,2025-07-24,60 días,2025-09-22,2025-08-15,1176.4,Pagado
PP-000166,O-000166,PR-01096,Banca Privada Salamanca y asociados S.L.,2025-07-13,30 días,2025-08-12,,9723.25,Retrasado
PP-000167,O-000167,PR-01418,Hnos Gaya S.A.,2025-08-16,30 días,2025-09-15,,6413.4,Pendiente
PP-000168,O-000168,PR-00868,Hermanos Fernández S.Com.,2025-07-07,30 días,2025-08-06,2025-07-08,2247.0,Pagado
PP-000169,O-000169,PR-00047,Logística Bermudez S.L.,2025-07-21,30 días,2025-08-20,,4854.6,Pendiente
PP-000170,O-000170,PR-00034,Blanes y Cañizares S.A.,2025-07-01,30 días,2025-07-31,,1479.0,Retrasado
PP-000171,O-000171,PR-01042,Hnos Moll S.Coop.,2025-07-01,60 días,2025-08-30,2025-08-23,3523.2,Pagado
PP-000172,O-000172,PR-01064,Distribuciones Saura S.A.,2025-07-21,60 días,2025-09-19,2025-07-24,899.76,Pagado
PP-000173,O-000173,PR-00035,Banca Privada Salvador S.Com.,2025-07-17,60 días,2025-09-15,,3822.3,Pendiente
PP-000174,O-000174,PR-00006,Consultoría Teruel y asociados S.A.,2025-08-24,90 días,2025-11-22,,1157.2,Pendiente
PP-000175,O-000175,PR-00006,Consultoría Teruel y asociados S.A.,2025-07-13,90 días,2025-10-11,,2576.32,Pendiente
PP-000176,O-000176,PR-00007,Hermanos Corbacho S.A.,2025-07-12,90 días,2025-10-10,,7404.88,Pendiente
PP-000177,O-000177,PR-00008,Industrias Jaume y asociados S.L.,2025-07-29,90 días,2025-10-27,,3860.19,Pendiente
PP-000178,O-000178,PR-01178,Iniesta & Asociados S.A.T.,2025-08-14,Contado,2025-08-14,2025-08-14,12697.9,Pagado
PP-000179,O-000179,PR-00015,Plinio Paniagua Folch S.L.,2025-08-11,60 días,2025-10-10,2025-08-22,4983.64,Pagado
PP-000180,O-000180,PR-00041,Familia Vaquero S.Coop.,2025-08-22,60 días,2025-10-21,,3581.6,Pendiente
PP-000181,O-000181,PR-00042,Compañía Moya y asociados S.Coop.,2025-08-04,60 días,2025-10-03,2025-09-22,8985.34,Pagado
PP-000182,O-000182,PR-00042,Compañía Moya y asociados S.Coop.,2025-08-02,60 días,2025-10-01,2025-09-17,844.92,Pagado
PP-000183,O-000183,PR-00016,Manufacturas Palacios S.L.,2025-07-28,90 días,2025-10-26,2025-08-08,6100.2,Pagado
PP-000184,O-000184,PR-01487,Minería Pagès y asociados S.L.,2025-07-20,90 días,2025-10-18,,301.94,Pendiente
PP-000185,O-000185,PR-00020,Goñi & Asociados S.L.L.,2025-08-09,60 días,2025-10-08,2025-08-25,6123.79,Pagado
PP-000186,O-000186,PR-00868,Hermanos Fernández S.Com.,2025-08-02,30 días,2025-09-01,,6525.56,Pendiente
PP-000187,O-000187,PR-00035,Banca Privada Salvador S.Com.,2025-07-13,60 días,2025-09-11,2025-07-31,2217.6,Pagado
PP-000188,O-000188,PR-01097,Albano Cervantes Palacio S.L.,2025-08-16,Contado,2025-08-16,2025-08-16,4524.04,Pagado
PP-000189,O-000189,PR-00037,María José Bellido Serna S.A.,2025-07-14,60 días,2025-09-12,2025-08-22,9716.21,Pagado
PP-000190,O-000190,PR-00956,Desarrollo Integrales S.L.,2025-08-24,90 días,2025-11-22,2025-11-06,3658.34,Pagado
PP-000191,O-000191,PR-01062,Suministros Montes S.Com.,2025-07-13,90 días,2025-10-11,2025-08-30,13231.68,Pagado
PP-000192,O-000192,PR-00994,Supermercados Yuste S.Coop.,2025-08-22,90 días,2025-11-20,2025-09-02,3864.54,Pagado
PP-000193,O-000193,PR-00014,Linares y Macías S.L.L.,2025-07-20,90 días,2025-10-18,2025-07-27,7194.75,Pagado
PP-000194,O-000194,PR-00039,Manu Chico Beltrán S.A.U,2025-07-25,30 días,2025-08-24,2025-08-19,296.57,Pagado
PP-000195,O-000195,PR-00039,Manu Chico Beltrán S.A.U,2025-08-13,30 días,2025-09-12,2025-08-13,8364.42,Pagado
PP-000196,O-000196,PR-00041,Familia Vaquero S.Coop.,2025-07-30,60 días,2025-09-28,,7290.54,Pendiente
PP-000197,O-000197,PR-01101,Corominas & Asociados S.L.,2025-07-24,60 días,2025-09-22,,5486.62,Pendiente
PP-000198,O-000198,PR-00020,Goñi & Asociados S.L.L.,2025-08-27,60 días,2025-10-26,,2111.4,Pendiente
PP-000199,O-000199,PR-00043,Perelló y Lorenzo S.L.,2025-08-28,60 días,2025-10-27,2025-10-05,2867.4,Pagado
PP-000200,O-000200,PR-01418,Hnos Gaya S.A.,2025-07-09,30 días,2025-08-08,2025-08-07,1693.22,Pagado
PP-000201,O-000201,PR-00045,Desarrollo Pedrero & Asociados S.L.U.,2025-07-08,60 días,2025-09-06,2025-07-10,695.31,Pagado
PP-000202,O-000202,PR-01342,Soluciones Ibéricos S.L.L.,2025-08-14,90 días,2025-11-12,,2626.47,Pendiente
PP-000203,O-000203,PR-00046,Priscila Pujadas Navarrete S.A.T.,2025-07-03,90 días,2025-10-01,2025-08-19,5858.1,Pagado
PP-000204,O-000204,PR-01456,Comercial RN S.A.,2025-08-26,90 días,2025-11-24,,240.48,Pendiente
PP-000205,O-000205,PR-01456,Comercial RN S.A.,2025-07-26,90 días,2025-10-24,2025-09-08,6922.4,Pagado
PP-000206,O-000206,PR-00036,Infraestructuras Niño S.Coop.,2025-08-19,60 días,2025-10-18,,667.0,Pendiente
PP-000207,O-000207,PR-01097,Albano Cervantes Palacio S.L.,2025-07-27,Contado,2025-07-27,2025-07-27,1411.17,Pagado
PP-000208,O-000208,PR-00006,Consultoría Teruel y asociados S.A.,2025-07-21,90 días,2025-10-19,,3699.3,Pendiente
PP-000209,O-000209,PR-00009,Sotelo y asociados S.A.T.,2025-07-21,90 días,2025-10-19,,10272.03,Pendiente
PP-000210,O-000210,PR-01119,Familia Roldan S.L.,2025-07-28,60 días,2025-09-26,2025-09-11,2806.65,Pagado
PP-000211,O-000211,PR-01156,Despacho Españolas S.Com.,2025-07-08,90 días,2025-10-06,,1322.4,Pendiente
PP-000212,O-000212,PR-00013,Industrias del Noroeste S.L.N.E,2025-08-02,30 días,2025-09-01,,519.82,Pendiente
PP-000213,O-000213,PR-00794,Construcción NZMQ S.L.N.E,2025-08-20,60 días,2025-10-19,,6879.8,Pendiente
PP-000214,O-000214,PR-00038,Talleres QPJJ S.A.,2025-07-12,90 días,2025-10-10,2025-08-02,1532.55,Pagado
PP-000215,O-000215,PR-01437,Construcción Montes y asociados S.Com.,2025-07-12,30 días,2025-08-11,,2600.73,Retrasado
PP-000216,O-000216,PR-00040,Promociones Española S.Coop.,2025-08-24,Contado,2025-08-24,2025-08-24,2796.15,Pagado
PP-000217,O-000217,PR-00041,Familia Vaquero S.Coop.,2025-07-07,60 días,2025-09-05,2025-07-09,7232.28,Pagado
PP-000218,O-000218,PR-00042,Compañía Moya y asociados S.Coop.,2025-08-10,60 días,2025-10-09,2025-08-20,4907.68,Pagado
PP-000219,O-000219,PR-00024,Manufacturas DVS S.A.,2025-07-08,60 días,2025-09-06,,2873.64,Pendiente
PP-000220,O-000220,PR-01261,Virgilio Prieto Marti S.L.N.E,2025-07-18,90 días,2025-10-16,2025-08-06,8590.99,Pagado
PP-000221,O-000221,PR-00735,Infraestructuras CZIU S.Coop.,2025-08-27,60 días,2025-10-26,2025-09-26,603.33,Pagado
PP-000222,O-000222,PR-00019,Valencia y asociados S.L.,2025-07-01,30 días,2025-07-31,2025-07-04,3319.29,Pagado
PP-000223,O-000223,PR-00043,Perelló y Lorenzo S.L.,2025-07-02,60 días,2025-08-31,2025-07-24,281.88,Pagado
PP-000224,O-000224,PR-00919,Mesa y Izaguirre S.Coop.,2025-08-16,60 días,2025-10-15,2025-09-16,2695.14,Pagado
PP-000225,O-000225,PR-00045,Desarrollo Pedrero & Asociados S.L.U.,2025-07-05,60 días,2025-09-03,,2114.1,Pendiente
PP-000226,O-000226,PR-00868,Hermanos Fernández S.Com.,2025-07-10,30 días,2025-08-09,,7284.75,Retrasado
PP-000227,O-000227,PR-01116,Grupo Morán S.A.,2025-08-01,30 días,2025-08-31,,8335.89,Pendiente
PP-000228,O-000228,PR-00047,Logística Bermudez S.L.,2025-08-23,30 días,2025-09-22,,1605.56,Pendiente
PP-000229,O-000229,PR-00033,Despacho LDRM S.A.,2025-07-23,90 días,2025-10-21,,5959.8,Pendiente
PP-000230,O-000230,PR-00033,Despacho LDRM S.A.,2025-08-13,90 días,2025-11-11,,2218.32,Pendiente
PP-000231,O-000231,PR-00035,Banca Privada Salvador S.Com.,2025-07-24,60 días,2025-09-22,,7755.15,Pendiente
PP-000232,O-000232,PR-00035,Banca Privada Salvador S.Com.,2025-08-06,60 días,2025-10-05,2025-09-15,3919.37,Pagado
PP-000233,O-000233,PR-00037,María José Bellido Serna S.A.,2025-08-21,60 días,2025-10-20,2025-10-18,8631.36,Pagado
PP-000234,O-000234,PR-00006,Consultoría Teruel y asociados S.A.,2025-07-09,90 días,2025-10-07,2025-09-30,2078.24,Pagado
PP-000235,O-000235,PR-00006,Consultoría Teruel y asociados S.A.,2025-07-07,90 días,2025-10-05,2025-09-15,1120.5,Pagado
PP-000236,O-000236,PR-00699,Cano y asociados S.L.,2025-08-21,60 días,2025-10-20,2025-09-12,6789.86,Pagado
PP-000237,O-000237,PR-00749,Hnos Cañas S.A.,2025-07-23,60 días,2025-09-21,,3799.16,Pendiente
PP-000238,O-000238,PR-01178,Iniesta & Asociados S.A.T.,2025-08-06,Contado,2025-08-06,2025-08-06,6002.88,Pagado
PP-000239,O-000239,PR-01119,Familia Roldan S.L.,2025-07-10,60 días,2025-09-08,2025-09-06,1577.79,Pagado
PP-000240,O-000240,PR-01156,Despacho Españolas S.Com.,2025-08-17,90 días,2025-11-15,,4973.54,Pendiente
PP-000241,O-000241,PR-01372,Agullo & Asociados S.Com.,2025-08-22,60 días,2025-10-21,2025-09-24,1872.42,Pagado
PP-000242,O-000242,PR-00968,Pascual Lladó Soria S.Coop.,2025-07-14,60 días,2025-09-12,,6812.8,Pendiente
PP-000243,O-000243,PR-00994,Supermercados Yuste S.Coop.,2025-07-19,90 días,2025-10-17,,421.74,Pendiente
PP-000244,O-000244,PR-00794,Construcción NZMQ S.L.N.E,2025-08-05,60 días,2025-10-04,2025-08-12,3662.24,Pagado
PP-000245,O-000245,PR-00627,Infraestructuras WXJ S.L.,2025-07-16,90 días,2025-10-14,2025-08-22,4683.84,Pagado
PP-000246,O-000246,PR-01432,Familia Garzón S.L.,2025-07-23,90 días,2025-10-21,2025-08-02,226.82,Pagado
PP-000247,O-000247,PR-01437,Construcción Montes y asociados S.Com.,2025-07-23,30 días,2025-08-22,2025-07-28,5014.08,Pagado
PP-000248,O-000248,PR-01394,Transportes HKAN S.Com.,2025-08-12,90 días,2025-11-10,,308.94,Pendiente
PP-000249,O-000249,PR-01487,Minería Pagès y asociados S.L.,2025-07-02,90 días,2025-09-30,2025-09-25,6852.7,Pagado
PP-000250,O-000250,PR-00018,Servicios Flor & Asociados S.L.U.,2025-07-16,60 días,2025-09-14,,3932.4,Pendiente
PP-000251,O-000251,PR-00648,Josefa Rodriguez Machado S.A.T.,2025-08-13,Contado,2025-08-13,2025-08-13,7991.1,Pagado
PP-000252,O-000252,PR-00659,Iglesia y asociados S.L.U.,2025-07-07,90 días,2025-10-05,,4565.95,Pendiente
PP-000253,O-000253,PR-00972,Finanzas Valcárcel & Asociados S.Coop.,2025-08-10,90 días,2025-11-08,,2208.63,Pendiente
PP-000254,O-000254,PR-00919,Mesa y Izaguirre S.Coop.,2025-08-17,60 días,2025-10-16,,5244.96,Pendiente
PP-000255,O-000255,PR-00046,Priscila Pujadas Navarrete S.A.T.,2025-08-13,90 días,2025-11-11,2025-09-14,5163.75,Pagado
PP-000256,O-000256,PR-01116,Grupo Morán S.A.,2025-07-19,30 días,2025-08-18,2025-08-14,1237.68,Pagado
PP-000257,O-000257,PR-00033,Despacho LDRM S.A.,2025-07-26,90 días,2025-10-24,,331.52,Pendiente
PP-000258,O-000258,PR-01456,Comercial RN S.A.,2025-07-05,90 días,2025-10-03,2025-08-08,4910.4,Pagado
PP-000259,O-000259,PR-00037,María José Bellido Serna S.A.,2025-08-11,60 días,2025-10-10,2025-08-13,2737.98,Pagado
PP-000260,O-000260,PR-01097,Albano Cervantes Palacio S.L.,2025-07-31,Contado,2025-07-31,2025-07-31,336.6,Pagado
PP-000261,O-000261,PR-01097,Albano Cervantes Palacio S.L.,2025-08-11,Contado,2025-08-11,,4991.48,Pendiente
PP-000262,O-000262,PR-00943,Grupo Fernández S.L.,2025-08-10,90 días,2025-11-08,,85.89,Pendiente
PP-000263,O-000263,PR-01156,Despacho Españolas S.Com.,2025-08-03,90 días,2025-11-01,,1052.8,Pendiente
PP-000264,O-000264,PR-01156,Despacho Españolas S.Com.,2025-07-29,90 días,2025-10-27,2025-08-25,11001.0,Pagado
PP-000265,O-000265,PR-01245,Suministros Arenas S.L.,2025-07-05,Contado,2025-07-05,2025-07-05,5158.79,Pagado
PP-000266,O-000266,PR-00012,Grupo Mascaró S.Coop.,2025-08-09,90 días,2025-11-07,,2773.16,Pendiente
PP-000267,O-000267,PR-00969,Soluciones del Norte S.A.,2025-07-26,60 días,2025-09-24,2025-09-17,10557.36,Pagado
PP-000268,O-000268,PR-01428,Madrigal & Asociados S.L.N.E,2025-08-02,90 días,2025-10-31,,2701.56,Pendiente
PP-000269,O-000269,PR-00794,Construcción NZMQ S.L.N.E,2025-08-14,60 días,2025-10-13,2025-08-21,3093.04,Pagado
PP-000270,O-000270,PR-01096,Banca Privada Salamanca y asociados S.L.,2025-07-26,30 días,2025-08-25,2025-08-06,5812.95,Pagado
PP-000271,O-000271,PR-00868,Hermanos Fernández S.Com.,2025-07-09,30 días,2025-08-08,2025-07-25,2087.04,Pagado
PP-000272,O-000272,PR-01064,Distribuciones Saura S.A.,2025-07-08,60 días,2025-09-06,,2784.62,Pendiente
PP-000273,O-000273,PR-01064,Distribuciones Saura S.A.,2025-07-28,60 días,2025-09-26,,5777.2,Pendiente
PP-000274,O-000274,PR-00035,Banca Privada Salvador S.Com.,2025-07-27,60 días,2025-09-25,2025-09-22,4435.08,Pagado
PP-000275,O-000275,PR-00035,Banca Privada Salvador S.Com.,2025-07-08,60 días,2025-09-06,,7176.68,Pendiente
PP-000276,O-000276,PR-00007,Hermanos Corbacho S.A.,2025-08-13,90 días,2025-11-11,2025-10-03,1887.64,Pagado
PP-000277,O-000277,PR-00010,Construcción Muñoz S.L.,2025-07-20,90 días,2025-10-18,,7064.75,Pendiente
PP-000278,O-000278,PR-00683,Comercializadora DOH S.A.,2025-08-03,30 días,2025-09-02,,1412.4,Pendiente
PP-000279,O-000279,PR-00015,Plinio Paniagua Folch S.L.,2025-08-10,60 días,2025-10-09,2025-09-19,2674.95,Pagado
PP-000280,O-000280,PR-00659,Iglesia y asociados S.L.U.,2025-08-06,90 días,2025-11-04,2025-09-10,7738.9,Pagado
PP-000281,O-000281,PR-00868,Hermanos Fernández S.Com.,2025-07-04,30 días,2025-08-03,2025-07-04,6711.6,Pagado
PP-000282,O-000282,PR-00868,Hermanos Fernández S.Com.,2025-08-01,30 días,2025-08-31,2025-08-17,1721.85,Pagado
PP-000283,O-000283,PR-00047,Logística Bermudez S.L.,2025-07-21,30 días,2025-08-20,2025-08-14,3280.32,Pagado
PP-000284,O-000284,PR-00033,Despacho LDRM S.A.,2025-07-30,90 días,2025-10-28,2025-08-23,6473.38,Pagado
PP-000285,O-000285,PR-00034,Blanes y Cañizares S.A.,2025-07-24,30 días,2025-08-23,2025-08-14,6137.19,Pagado
PP-000286,O-000286,PR-00034,Blanes y Cañizares S.A.,2025-07-26,30 días,2025-08-25,,14696.08,Retrasado
PP-000287,O-000287,PR-00036,Infraestructuras Niño S.Coop.,2025-07-20,60 días,2025-09-18,2025-08-10,8423.65,Pagado
PP-000288,O-000288,PR-01097,Albano Cervantes Palacio S.L.,2025-07-24,Contado,2025-07-24,,1793.28,Retrasado
PP-000289,O-000289,PR-00006,Consultoría Teruel y asociados S.A.,2025-07-27,90 días,2025-10-25,2025-08-19,1032.96,Pagado
PP-000290,O-000290,PR-00943,Grupo Fernández S.L.,2025-07-24,90 días,2025-10-22,2025-09-02,1667.5,Pagado
PP-000291,O-000291,PR-00773,Ángel Merino Escribano S.Coop.,2025-08-08,60 días,2025-10-07,,433.44,Pendiente
PP-000292,O-000292,PR-01119,Familia Roldan S.L.,2025-07-27,60 días,2025-09-25,2025-09-20,1079.32,Pagado
PP-000293,O-000293,PR-01178,Iniesta & Asociados S.A.T.,2025-08-04,Contado,2025-08-04,2025-08-04,4802.98,Pagado
PP-000294,O-000294,PR-01245,Suministros Arenas S.L.,2025-08-08,Contado,2025-08-08,,5012.48,Retrasado
PP-000295,O-000295,PR-00011,Buendía y Oller S.L.,2025-07-06,90 días,2025-10-04,,695.6,Pendiente
PP-000296,O-000296,PR-00012,Grupo Mascaró S.Coop.,2025-07-13,90 días,2025-10-11,2025-08-12,3584.7,Pagado
PP-000297,O-000297,PR-00013,Industrias del Noroeste S.L.N.E,2025-06-30,30 días,2025-07-30,,3702.4,Retrasado
PP-000298,O-000298,PR-00013,Industrias del Noroeste S.L.N.E,2025-07-30,30 días,2025-08-29,2025-08-26,3712.95,Pagado
PP-000299,O-000299,PR-00659,Iglesia y asociados S.L.U.,2025-08-18,90 días,2025-11-16,2025-10-13,5144.18,Pagado
PP-000300,O-000300,PR-01116,Grupo Morán S.A.,2025-08-16,30 días,2025-09-15,,6554.24,Pendiente
PP-000301,O-000301,PR-00047,Logística Bermudez S.L.,2025-08-04,30 días,2025-09-03,,11752.29,Pendiente
PP-000302,O-000302,PR-00047,Logística Bermudez S.L.,2025-07-22,30 días,2025-08-21,2025-07-27,11501.0,Pagado
PP-000303,O-000303,PR-00047,Logística Bermudez S.L.,2025-07-13,30 días,2025-08-12,,3693.71,Pendiente
PP-000304,O-000304,PR-01064,Distribuciones Saura S.A.,2025-07-21,60 días,2025-09-19,,3612.0,Pendiente
PP-000305,O-000305,PR-00035,Banca Privada Salvador S.Com.,2025-07-14,60 días,2025-09-12,,3324.88,Pendiente
PP-000306,O-000306,PR-00035,Banca Privada Salvador S.Com.,2025-08-09,60 días,2025-10-08,,6177.36,Pendiente
PP-000307,O-000307,PR-00037,María José Bellido Serna S.A.,2025-07-05,60 días,2025-09-03,,12567.24,Pendiente
PP-000308,O-000308,PR-00037,María José Bellido Serna S.A.,2025-07-12,60 días,2025-09-10,,6993.84,Pendiente
PP-000309,O-000309,PR-00006,Consultoría Teruel y asociados S.A.,2025-08-09,90 días,2025-11-07,2025-08-18,2303.6,Pagado
PP-000310,O-000310,PR-00007,Hermanos Corbacho S.A.,2025-08-02,90 días,2025-10-31,,4771.13,Pendiente
PP-000311,O-000311,PR-00009,Sotelo y asociados S.A.T.,2025-08-19,90 días,2025-11-17,2025-09-21,4425.6,Pagado
PP-000312,O-000312,PR-00773,Ángel Merino Escribano S.Coop.,2025-08-09,60 días,2025-10-08,,2302.04,Pendiente
PP-000313,O-000313,PR-01245,Suministros Arenas S.L.,2025-08-16,Contado,2025-08-16,2025-08-16,7182.85,Pagado
PP-000314,O-000314,PR-00011,Buendía y Oller S.L.,2025-08-14,90 días,2025-11-12,2025-09-04,8158.58,Pagado
PP-000315,O-000315,PR-00013,Industrias del Noroeste S.L.N.E,2025-07-28,30 días,2025-08-27,2025-08-05,2022.66,Pagado
PP-000316,O-000316,PR-00013,Industrias del Noroeste S.L.N.E,2025-07-20,30 días,2025-08-19,2025-08-04,11239.62,Pagado
PP-000317,O-000317,PR-00880,Evelia Madrid Pardo S.A.,2025-07-17,60 días,2025-09-15,,1310.4,Pendiente
PP-000318,O-000318,PR-01097,Albano Cervantes Palacio S.L.,2025-07-04,Contado,2025-07-04,2025-07-04,3247.0,Pagado
PP-000319,O-000319,PR-00037,María José Bellido Serna S.A.,2025-07-08,60 días,2025-09-06,,3294.61,Pendiente
PP-000320,O-000320,PR-00006,Consultoría Teruel y asociados S.A.,2025-07-14,90 días,2025-10-12,2025-08-29,2154.25,Pagado
PP-000321,O-000321,PR-00008,Industrias Jaume y asociados S.L.,2025-07-23,90 días,2025-10-21,,752.47,Pendiente
PP-000322,O-000322,PR-00009,Sotelo y asociados S.A.T.,2025-07-04,90 días,2025-10-02,,7358.96,Pendiente
PP-000323,O-000323,PR-00011,Buendía y Oller S.L.,2025-08-25,90 días,2025-11-23,,2142.0,Pendiente
PP-000324,O-000324,PR-01345,Gil y Vidal S.L.,2025-08-07,90 días,2025-11-05,2025-10-31,3145.5,Pagado
PP-000325,O-000325,PR-00014,Linares y Macías S.L.L.,2025-08-08,90 días,2025-11-06,2025-08-14,5742.77,Pagado
PP-000326,O-000326,PR-00014,Linares y Macías S.L.L.,2025-07-08,90 días,2025-10-06,,2432.43,Pendiente
PP-000327,O-000327,PR-00994,Supermercados Yuste S.Coop.,2025-07-26,90 días,2025-10-24,,1061.41,Pendiente
PP-000328,O-000328,PR-01096,Banca Privada Salamanca y asociados S.L.,2025-07-02,30 días,2025-08-01,2025-07-18,6736.73,Pagado
PP-000329,O-000329,PR-00919,Mesa y Izaguirre S.Coop.,2025-08-05,60 días,2025-10-04,,5648.76,Pendiente
PP-000330,O-000330,PR-01342,Soluciones Ibéricos S.L.L.,2025-08-27,90 días,2025-11-25,2025-09-21,3138.03,Pagado
PP-000331,O-000331,PR-00047,Logística Bermudez S.L.,2025-06-30,30 días,2025-07-30,2025-07-23,4129.3,Pagado
PP-000332,O-000332,PR-00034,Blanes y Cañizares S.A.,2025-07-10,30 días,2025-08-09,2025-08-08,3900.0,Pagado
PP-000333,O-000333,PR-00006,Consultoría Teruel y asociados S.A.,2025-07-23,90 días,2025-10-21,,11636.55,Pendiente
PP-000334,O-000334,PR-01178,Iniesta & Asociados S.A.T.,2025-07-09,Contado,2025-07-09,2025-07-09,1212.96,Pagado
PP-000335,O-000335,PR-01345,Gil y Vidal S.L.,2025-07-06,90 días,2025-10-04,,7735.77,Pendiente
PP-000336,O-000336,PR-00761,Finanzas TH S.A.,2025-07-05,60 días,2025-09-03,,696.74,Pendiente
PP-000337,O-000337,PR-00043,Perelló y Lorenzo S.L.,2025-07-29,60 días,2025-09-27,,6946.5,Pendiente
PP-000338,O-000338,PR-00044,Hnos Nebot S.L.N.E,2025-07-21,60 días,2025-09-19,,243.0,Pendiente
PP-000339,O-000339,PR-00045,Desarrollo Pedrero & Asociados S.L.U.,2025-08-10,60 días,2025-10-09,,6063.96,Pendiente
PP-000340,O-000340,PR-01342,Soluciones Ibéricos S.L.L.,2025-08-01,90 días,2025-10-30,,8414.32,Pendiente
PP-000341,O-000341,PR-01116,Grupo Morán S.A.,2025-07-24,30 días,2025-08-23,2025-08-06,8345.52,Pagado
PP-000342,O-000342,PR-01116,Grupo Morán S.A.,2025-07-08,30 días,2025-08-07,,10695.1,Retrasado
PP-000343,O-000343,PR-00047,Logística Bermudez S.L.,2025-07-14,30 días,2025-08-13,2025-07-23,5671.97,Pagado
PP-000344,O-000344,PR-01456,Comercial RN S.A.,2025-08-07,90 días,2025-11-05,2025-10-03,8389.21,Pagado
PP-000345,O-000345,PR-00037,María José Bellido Serna S.A.,2025-07-21,60 días,2025-09-19,,3832.16,Pendiente
PP-000346,O-000346,PR-00006,Consultoría Teruel y asociados S.A.,2025-08-26,90 días,2025-11-24,,2374.24,Pendiente
PP-000347,O-000347,PR-00749,Hnos Cañas S.A.,2025-08-22,60 días,2025-10-21,,3425.04,Pendiente
PP-000348,O-000348,PR-00008,Industrias Jaume y asociados S.L.,2025-08-04,90 días,2025-11-02,2025-10-19,4776.66,Pagado
PP-000349,O-000349,PR-00010,Construcción Muñoz S.L.,2025-08-05,90 días,2025-11-03,2025-08-12,2418.69,Pagado
PP-000350,O-000350,PR-00969,Soluciones del Norte S.A.,2025-07-12,60 días,2025-09-10,,2122.0,Pendiente
PP-000351,O-000351,PR-01428,Madrigal & Asociados S.L.N.E,2025-07-16,90 días,2025-10-14,2025-08-07,3414.26,Pagado
PP-000352,O-000352,PR-00794,Construcción NZMQ S.L.N.E,2025-08-22,60 días,2025-10-21,2025-09-27,1349.1,Pagado
PP-000353,O-000353,PR-00919,Mesa y Izaguirre S.Coop.,2025-07-02,60 días,2025-08-31,,295.64,Pendiente
PP-000354,O-000354,PR-00919,Mesa y Izaguirre S.Coop.,2025-07-30,60 días,2025-09-28,,2081.04,Pendiente
PP-000355,O-000355,PR-01342,Soluciones Ibéricos S.L.L.,2025-08-09,90 días,2025-11-07,2025-09-02,1925.28,Pagado
PP-000356,O-000356,PR-00035,Banca Privada Salvador S.Com.,2025-08-09,60 días,2025-10-08,2025-08-25,1659.28,Pagado
PP-000357,O-000357,PR-01456,Comercial RN S.A.,2025-07-21,90 días,2025-10-19,,7000.16,Pendiente
PP-000358,O-000358,PR-00037,María José Bellido Serna S.A.,2025-07-20,60 días,2025-09-18,2025-08-15,1604.0,Pagado
PP-000359,O-000359,PR-00956,Desarrollo Integrales S.L.,2025-07-05,90 días,2025-10-03,2025-07-12,9468.3,Pagado
PP-000360,O-000360,PR-00699,Cano y asociados S.L.,2025-07-14,60 días,2025-09-12,,9494.5,Pendiente
PP-000361,O-000361,PR-00738,Suministros Heredia S.L.,2025-06-30,30 días,2025-07-30,2025-07-12,2304.0,Pagado
PP-000362,O-000362,PR-00749,Hnos Cañas S.A.,2025-08-03,60 días,2025-10-02,2025-10-01,118.32,Pagado
PP-000363,O-000363,PR-01062,Suministros Montes S.Com.,2025-08-12,90 días,2025-11-10,2025-10-16,523.64,Pagado
PP-000364,O-000364,PR-00012,Grupo Mascaró S.Coop.,2025-07-29,90 días,2025-10-27,,5985.59,Pendiente
PP-000365,O-000365,PR-00013,Industrias del Noroeste S.L.N.E,2025-07-17,30 días,2025-08-16,2025-07-23,8206.1,Pagado
PP-000366,O-000366,PR-01428,Madrigal & Asociados S.L.N.E,2025-08-10,90 días,2025-11-08,2025-10-17,3359.0,Pagado
PP-000367,O-000367,PR-01428,Madrigal & Asociados S.L.N.E,2025-08-26,90 días,2025-11-24,,4869.2,Pendiente
PP-000368,O-000368,PR-00014,Linares y Macías S.L.L.,2025-08-02,90 días,2025-10-31,,5044.5,Pendiente
PP-000369,O-000369,PR-00014,Linares y Macías S.L.L.,2025-08-18,90 días,2025-11-16,2025-09-24,7191.0,Pagado
PP-000370,O-000370,PR-00015,Plinio Paniagua Folch S.L.,2025-07-01,60 días,2025-08-30,,2409.0,Pendiente
PP-000371,O-000371,PR-00047,Logística Bermudez S.L.,2025-07-25,30 días,2025-08-24,2025-08-21,317.13,Pagado
PP-000372,O-000372,PR-00033,Despacho LDRM S.A.,2025-08-16,90 días,2025-11-14,2025-08-24,1372.95,Pagado
PP-000373,O-000373,PR-01456,Comercial RN S.A.,2025-07-31,90 días,2025-10-29,2025-09-09,2083.44,Pagado
PP-000374,O-000374,PR-00738,Suministros Heredia S.L.,2025-07-31,30 días,2025-08-30,,1397.93,Pendiente
PP-000375,O-000375,PR-00009,Sotelo y asociados S.A.T.,2025-07-31,90 días,2025-10-29,,315.18,Pendiente
PP-000376,O-000376,PR-01178,Iniesta & Asociados S.A.T.,2025-07-11,Contado,2025-07-11,2025-07-11,6360.42,Pagado
PP-000377,O-000377,PR-01062,Suministros Montes S.Com.,2025-07-10,90 días,2025-10-08,2025-08-29,3491.37,Pagado
PP-000378,O-000378,PR-01156,Despacho Españolas S.Com.,2025-07-06,90 días,2025-10-04,,5597.6,Pendiente
PP-000379,O-000379,PR-00012,Grupo Mascaró S.Coop.,2025-08-27,90 días,2025-11-25,2025-10-06,4513.6,Pagado
PP-000380,O-000380,PR-00013,Industrias del Noroeste S.L.N.E,2025-07-27,30 días,2025-08-26,2025-08-05,6928.3,Pagado
PP-000381,O-000381,PR-00994,Supermercados Yuste S.Coop.,2025-08-21,90 días,2025-11-19,2025-10-20,4626.74,Pagado
PP-000382,O-000382,PR-00683,Comercializadora DOH S.A.,2025-07-28,30 días,2025-08-27,,4704.98,Retrasado
PP-000383,O-000383,PR-00794,Construcción NZMQ S.L.N.E,2025-07-18,60 días,2025-09-16,,10716.75,Pendiente
PP-000384,O-000384,PR-00015,Plinio Paniagua Folch S.L.,2025-07-17,60 días,2025-09-15,2025-08-07,1890.46,Pagado
PP-000385,O-000385,PR-00683,Comercializadora DOH S.A.,2025-07-24,30 días,2025-08-23,2025-08-07,1087.73,Pagado
PP-000386,O-000386,PR-00043,Perelló y Lorenzo S.L.,2025-08-22,60 días,2025-10-21,2025-10-05,5809.44,Pagado
PP-000387,O-000387,PR-00919,Mesa y Izaguirre S.Coop.,2025-07-23,60 días,2025-09-21,2025-08-04,6711.0,Pagado
PP-000388,O-000388,PR-00044,Hnos Nebot S.L.N.E,2025-08-19,60 días,2025-10-18,2025-10-16,11858.54,Pagado
PP-000389,O-000389,PR-00046,Priscila Pujadas Navarrete S.A.T.,2025-08-14,90 días,2025-11-12,,9835.56,Pendiente
PP-000390,O-000390,PR-00880,Evelia Madrid Pardo S.A.,2025-07-17,60 días,2025-09-15,,5125.12,Pendiente
PP-000391,O-000391,PR-01042,Hnos Moll S.Coop.,2025-07-06,60 días,2025-09-04,2025-07-11,6689.65,Pagado
PP-000392,O-000392,PR-01456,Comercial RN S.A.,2025-08-07,90 días,2025-11-05,,1071.15,Pendiente
PP-000393,O-000393,PR-00006,Consultoría Teruel y asociados S.A.,2025-07-04,90 días,2025-10-02,,6834.96,Pendiente
PP-000394,O-000394,PR-00956,Desarrollo Integrales S.L.,2025-07-04,90 días,2025-10-02,2025-08-24,3702.6,Pagado
PP-000395,O-000395,PR-00008,Industrias Jaume y asociados S.L.,2025-08-05,90 días,2025-11-03,2025-10-10,4442.16,Pagado
PP-000396,O-000396,PR-01178,Iniesta & Asociados S.A.T.,2025-07-16,Contado,2025-07-16,,1035.84,Retrasado
PP-000397,O-000397,PR-01062,Suministros Montes S.Com.,2025-07-09,90 días,2025-10-07,,5132.63,Pendiente
PP-000398,O-000398,PR-00014,Linares y Macías S.L.L.,2025-08-15,90 días,2025-11-13,2025-09-22,6071.22,Pagado
PP-000399,O-000399,PR-00043,Perelló y Lorenzo S.L.,2025-07-13,60 días,2025-09-11,,1422.8,Pendiente
PP-000400,O-000400,PR-00919,Mesa y Izaguirre S.Coop.,2025-07-08,60 días,2025-09-06,,11706.22,Pendiente
PP-000401,O-000401,PR-01342,Soluciones Ibéricos S.L.L.,2025-08-15,90 días,2025-11-13,,8408.73,Pendiente
PP-000402,O-000402,PR-01116,Grupo Morán S.A.,2025-07-16,30 días,2025-08-15,2025-08-02,2926.4,Pagado
PP-000403,O-000403,PR-00035,Banca Privada Salvador S.Com.,2025-08-13,60 días,2025-10-12,2025-09-23,5415.38,Pagado
PP-000404,O-000404,PR-00036,Infraestructuras Niño S.Coop.,2025-07-17,60 días,2025-09-15,2025-08-21,6944.52,Pagado
PP-000405,O-000405,PR-00956,Desarrollo Integrales S.L.,2025-08-01,90 días,2025-10-30,,6135.75,Pendiente
PP-000406,O-000406,PR-00007,Hermanos Corbacho S.A.,2025-08-19,90 días,2025-11-17,,1932.39,Pendiente
PP-000407,O-000407,PR-01147,Banco Julián S.L.,2025-07-26,90 días,2025-10-24,,8546.4,Pendiente
PP-000408,O-000408,PR-00012,Grupo Mascaró S.Coop.,2025-07-17,90 días,2025-10-15,2025-10-09,4044.05,Pagado
PP-000409,O-000409,PR-00761,Finanzas TH S.A.,2025-08-24,60 días,2025-10-23,2025-08-25,959.45,Pagado
PP-000410,O-000410,PR-00994,Supermercados Yuste S.Coop.,2025-08-07,90 días,2025-11-05,,4598.59,Pendiente
PP-000411,O-000411,PR-00046,Priscila Pujadas Navarrete S.A.T.,2025-07-11,90 días,2025-10-09,,323.73,Pendiente
PP-000412,O-000412,PR-01064,Distribuciones Saura S.A.,2025-07-29,60 días,2025-09-27,2025-09-07,429.64,Pagado
PP-000413,O-000413,PR-00037,María José Bellido Serna S.A.,2025-07-29,60 días,2025-09-27,,2671.15,Pendiente
PP-000414,O-000414,PR-00006,Consultoría Teruel y asociados S.A.,2025-07-11,90 días,2025-10-09,2025-08-26,10916.22,Pagado
PP-000415,O-000415,PR-00956,Desarrollo Integrales S.L.,2025-07-23,90 días,2025-10-21,,1591.7,Pendiente
PP-000416,O-000416,PR-00699,Cano y asociados S.L.,2025-08-10,60 días,2025-10-09,2025-08-15,1325.94,Pagado
PP-000417,O-000417,PR-00699,Cano y asociados S.L.,2025-07-22,60 días,2025-09-20,2025-08-31,9620.65,Pagado
PP-000418,O-000418,PR-00738,Suministros Heredia S.L.,2025-07-12,30 días,2025-08-11,,3931.59,Retrasado
PP-000419,O-000419,PR-01119,Familia Roldan S.L.,2025-08-04,60 días,2025-10-03,2025-10-02,6204.64,Pagado
PP-000420,O-000420,PR-00009,Sotelo y asociados S.A.T.,2025-07-08,90 días,2025-10-06,2025-10-05,9871.78,Pagado
PP-000421,O-000421,PR-00009,Sotelo y asociados S.A.T.,2025-08-09,90 días,2025-11-07,,3016.02,Pendiente
PP-000422,O-000422,PR-00015,Plinio Paniagua Folch S.L.,2025-08-02,60 días,2025-10-01,,3847.48,Pendiente
PP-000423,O-000423,PR-01418,Hnos Gaya S.A.,2025-07-09,30 días,2025-08-08,2025-07-09,2750.94,Pagado
PP-000424,O-000424,PR-00868,Hermanos Fernández S.Com.,2025-08-25,30 días,2025-09-24,2025-08-28,4346.56,Pagado
PP-000425,O-000425,PR-00045,Desarrollo Pedrero & Asociados S.L.U.,2025-07-24,60 días,2025-09-22,,945.19,Pendiente
PP-000426,O-000426,PR-01342,Soluciones Ibéricos S.L.L.,2025-08-19,90 días,2025-11-17,2025-10-03,2028.37,Pagado
PP-000427,O-000427,PR-00047,Logística Bermudez S.L.,2025-07-09,30 días,2025-08-08,2025-08-03,8569.94,Pagado
PP-000428,O-000428,PR-00047,Logística Bermudez S.L.,2025-08-02,30 días,2025-09-01,,3885.18,Pendiente
PP-000429,O-000429,PR-00047,Logística Bermudez S.L.,2025-08-02,30 días,2025-09-01,,4182.3,Pendiente
PP-000430,O-000430,PR-01042,Hnos Moll S.Coop.,2025-07-02,60 días,2025-08-31,2025-08-18,6276.48,Pagado
PP-000431,O-000431,PR-01064,Distribuciones Saura S.A.,2025-07-05,60 días,2025-09-03,2025-08-30,450.12,Pagado
PP-000432,O-000432,PR-00035,Banca Privada Salvador S.Com.,2025-07-31,60 días,2025-09-29,2025-08-12,6600.0,Pagado
PP-000433,O-000433,PR-00035,Banca Privada Salvador S.Com.,2025-06-30,60 días,2025-08-29,,10563.87,Pendiente
PP-000434,O-000434,PR-00037,María José Bellido Serna S.A.,2025-08-19,60 días,2025-10-18,,1223.64,Pendiente
PP-000435,O-000435,PR-00006,Consultoría Teruel y asociados S.A.,2025-08-07,90 días,2025-11-05,2025-10-15,14239.4,Pagado
PP-000436,O-000436,PR-00006,Consultoría Teruel y asociados S.A.,2025-08-10,90 días,2025-11-08,2025-10-07,4156.62,Pagado
PP-000437,O-000437,PR-00738,Suministros Heredia S.L.,2025-07-21,30 días,2025-08-20,2025-08-04,7983.42,Pagado
PP-000438,O-000438,PR-00749,Hnos Cañas S.A.,2025-07-01,60 días,2025-08-30,,11600.45,Pendiente
PP-000439,O-000439,PR-00738,Suministros Heredia S.L.,2025-07-24,30 días,2025-08-23,2025-08-19,2586.22,Pagado
PP-000440,O-000440,PR-01178,Iniesta & Asociados S.A.T.,2025-07-31,Contado,2025-07-31,2025-07-31,857.1,Pagado
PP-000441,O-000441,PR-01156,Despacho Españolas S.Com.,2025-07-21,90 días,2025-10-19,,3418.88,Pendiente
PP-000442,O-000442,PR-00011,Buendía y Oller S.L.,2025-08-26,90 días,2025-11-24,2025-11-18,5227.92,Pagado
PP-000443,O-000443,PR-00683,Comercializadora DOH S.A.,2025-07-04,30 días,2025-08-03,2025-07-22,2258.04,Pagado
PP-000444,O-000444,PR-00919,Mesa y Izaguirre S.Coop.,2025-08-06,60 días,2025-10-05,,3399.8,Pendiente
PP-000445,O-000445,PR-00045,Desarrollo Pedrero & Asociados S.L.U.,2025-08-28,60 días,2025-10-27,2025-10-26,12768.21,Pagado
PP-000446,O-000446,PR-00046,Priscila Pujadas Navarrete S.A.T.,2025-07-12,90 días,2025-10-10,2025-10-03,5636.69,Pagado
PP-000447,O-000447,PR-01456,Comercial RN S.A.,2025-07-04,90 días,2025-10-02,2025-08-07,10081.36,Pagado
PP-000448,O-000448,PR-00037,María José Bellido Serna S.A.,2025-08-16,60 días,2025-10-15,,4071.94,Pendiente
PP-000449,O-000449,PR-00037,María José Bellido Serna S.A.,2025-07-07,60 días,2025-09-05,,7581.52,Pendiente
PP-000450,O-000450,PR-01097,Albano Cervantes Palacio S.L.,2025-08-19,Contado,2025-08-19,2025-08-19,10630.1,Pagado
PP-000451,O-000451,PR-00006,Consultoría Teruel y asociados S.A.,2025-07-31,90 días,2025-10-29,,3397.55,Pendiente
PP-000452,O-000452,PR-00012,Grupo Mascaró S.Coop.,2025-07-29,90 días,2025-10-27,2025-08-21,13745.4,Pagado
PP-000453,O-000453,PR-00868,Hermanos Fernández S.Com.,2025-08-14,30 días,2025-09-13,,3720.34,Pendiente
PP-000454,O-000454,PR-01116,Grupo Morán S.A.,2025-07-07,30 días,2025-08-06,,6581.6,Retrasado
PP-000455,O-000455,PR-01456,Comercial RN S.A.,2025-08-23,90 días,2025-11-21,2025-10-20,2520.06,Pagado
PP-000456,O-000456,PR-01456,Comercial RN S.A.,2025-07-15,90 días,2025-10-13,,5111.91,Pendiente
PP-000457,O-000457,PR-00738,Suministros Heredia S.L.,2025-08-05,30 días,2025-09-04,,2594.43,Pendiente
PP-000458,O-000458,PR-00009,Sotelo y asociados S.A.T.,2025-07-02,90 días,2025-09-30,,787.61,Pendiente
PP-000459,O-000459,PR-01345,Gil y Vidal S.L.,2025-08-07,90 días,2025-11-05,,1940.94,Pendiente
PP-000460,O-000460,PR-00968,Pascual Lladó Soria S.Coop.,2025-07-04,60 días,2025-09-02,2025-07-25,12956.76,Pagado
PP-000461,O-000461,PR-01459,Construcción Pallarès S.Com.,2025-07-10,90 días,2025-10-08,2025-08-29,4400.25,Pagado
PP-000462,O-000462,PR-00043,Perelló y Lorenzo S.L.,2025-07-25,60 días,2025-09-23,,3433.5,Pendiente
PP-000463,O-000463,PR-00919,Mesa y Izaguirre S.Coop.,2025-07-12,60 días,2025-09-10,,2379.78,Pendiente
PP-000464,O-000464,PR-00868,Hermanos Fernández S.Com.,2025-07-04,30 días,2025-08-03,2025-07-26,8910.27,Pagado
PP-000465,O-000465,PR-01116,Grupo Morán S.A.,2025-08-08,30 días,2025-09-07,,3208.59,Pendiente
PP-000466,O-000466,PR-01042,Hnos Moll S.Coop.,2025-07-01,60 días,2025-08-30,,6765.85,Pendiente
PP-000467,O-000467,PR-00036,Infraestructuras Niño S.Coop.,2025-07-22,60 días,2025-09-20,,3580.71,Pendiente
PP-000468,O-000468,PR-01097,Albano Cervantes Palacio S.L.,2025-08-05,Contado,2025-08-05,2025-08-05,10378.06,Pagado
PP-000469,O-000469,PR-01097,Albano Cervantes Palacio S.L.,2025-07-29,Contado,2025-07-29,2025-07-29,5022.16,Pagado
PP-000470,O-000470,PR-00037,María José Bellido Serna S.A.,2025-08-09,60 días,2025-10-08,,3536.85,Pendiente
PP-000471,O-000471,PR-00699,Cano y asociados S.L.,2025-08-18,60 días,2025-10-17,2025-10-08,2584.77,Pagado
PP-000472,O-000472,PR-00956,Desarrollo Integrales S.L.,2025-07-08,90 días,2025-10-06,2025-09-15,837.31,Pagado
PP-000473,O-000473,PR-00943,Grupo Fernández S.L.,2025-08-21,90 días,2025-11-19,,7697.12,Pendiente
PP-000474,O-000474,PR-01119,Familia Roldan S.L.,2025-07-28,60 días,2025-09-26,,4288.8,Pendiente
PP-000475,O-000475,PR-01178,Iniesta & Asociados S.A.T.,2025-08-22,Contado,2025-08-22,2025-08-22,1576.96,Pagado
PP-000476,O-000476,PR-00047,Logística Bermudez S.L.,2025-07-01,30 días,2025-07-31,2025-07-09,997.12,Pagado
PP-000477,O-000477,PR-00708,Tecnologías Ibéricos S.Coop.,2025-08-07,90 días,2025-11-05,,7384.35,Pendiente
PP-000478,O-000478,PR-00035,Banca Privada Salvador S.Com.,2025-07-01,60 días,2025-08-30,,6513.4,Pendiente
PP-000479,O-000479,PR-00006,Consultoría Teruel y asociados S.A.,2025-08-24,90 días,2025-11-22,,2191.2,Pendiente
PP-000480,O-000480,PR-00749,Hnos Cañas S.A.,2025-08-19,60 días,2025-10-18,2025-09-23,3162.24,Pagado
PP-000481,O-000481,PR-01119,Familia Roldan S.L.,2025-07-10,60 días,2025-09-08,,4016.26,Pendiente
PP-000482,O-000482,PR-01418,Hnos Gaya S.A.,2025-08-02,30 días,2025-09-01,2025-08-13,6373.36,Pagado
PP-000483,O-000483,PR-00868,Hermanos Fernández S.Com.,2025-07-03,30 días,2025-08-02,2025-07-28,4596.1,Pagado
PP-000484,O-000484,PR-00708,Tecnologías Ibéricos S.Coop.,2025-07-16,90 días,2025-10-14,,1645.78,Pendiente
PP-000485,O-000485,PR-01456,Comercial RN S.A.,2025-07-30,90 días,2025-10-28,,4442.02,Pendiente
PP-000486,O-000486,PR-00956,Desarrollo Integrales S.L.,2025-07-15,90 días,2025-10-13,,1007.76,Pendiente
PP-000487,O-000487,PR-00009,Sotelo y asociados S.A.T.,2025-08-10,90 días,2025-11-08,,2678.4,Pendiente
PP-000488,O-000488,PR-01418,Hnos Gaya S.A.,2025-07-01,30 días,2025-07-31,2025-07-12,9736.17,Pagado
PP-000489,O-000489,PR-00045,Desarrollo Pedrero & Asociados S.L.U.,2025-08-16,60 días,2025-10-15,2025-09-08,4757.22,Pagado
PP-000490,O-000490,PR-00046,Priscila Pujadas Navarrete S.A.T.,2025-07-15,90 días,2025-10-13,,930.03,Pendiente
PP-000491,O-000491,PR-00046,Priscila Pujadas Navarrete S.A.T.,2025-07-01,90 días,2025-09-29,2025-07-19,14487.92,Pagado
PP-000492,O-000492,PR-00047,Logística Bermudez S.L.,2025-08-14,30 días,2025-09-13,,11583.35,Pendiente
PP-000493,O-000493,PR-00880,Evelia Madrid Pardo S.A.,2025-07-28,60 días,2025-09-26,,2528.4,Pendiente
PP-000494,O-000494,PR-01456,Comercial RN S.A.,2025-07-13,90 días,2025-10-11,,3750.72,Pendiente
PP-000495,O-000495,PR-01456,Comercial RN S.A.,2025-08-09,90 días,2025-11-07,,8445.64,Pendiente
PP-000496,O-000496,PR-00006,Consultoría Teruel y asociados S.A.,2025-08-08,90 días,2025-11-06,2025-08-21,4586.26,Pagado
PP-000497,O-000497,PR-00006,Consultoría Teruel y asociados S.A.,2025-08-13,90 días,2025-11-11,,2486.75,Pendiente
PP-000498,O-000498,PR-00008,Industrias Jaume y asociados S.L.,2025-07-27,90 días,2025-10-25,,678.6,Pendiente
PP-000499,O-000499,PR-00749,Hnos Cañas S.A.,2025-08-14,60 días,2025-10-13,,2333.2,Pendiente
PP-000500,O-000500,PR-00972,Finanzas Valcárcel & Asociados S.Coop.,2025-07-12,90 días,2025-10-10,,8234.25,Pendiente
PP-000501,O-000501,PR-00919,Mesa y Izaguirre S.Coop.,2025-07-27,60 días,2025-09-25,,9584.79,Pendiente
PP-000502,O-000502,PR-00044,Hnos Nebot S.L.N.E,2025-08-22,60 días,2025-10-21,,520.26,Pendiente
PP-000503,O-000503,PR-00868,Hermanos Fernández S.Com.,2025-07-09,30 días,2025-08-08,,1670.98,Retrasado
PP-000504,O-000504,PR-00047,Logística Bermudez S.L.,2025-07-23,30 días,2025-08-22,2025-08-01,3406.7,Pagado
PP-000505,O-000505,PR-00047,Logística Bermudez S.L.,2025-08-07,30 días,2025-09-06,2025-08-09,7255.82,Pagado
PP-000506,O-000506,PR-00943,Grupo Fernández S.L.,2025-07-18,90 días,2025-10-16,,2282.12,Pendiente
PP-000507,O-000507,PR-01178,Iniesta & Asociados S.A.T.,2025-07-07,Contado,2025-07-07,2025-07-07,4428.6,Pagado
PP-000508,O-000508,PR-00043,Perelló y Lorenzo S.L.,2025-07-15,60 días,2025-09-13,2025-07-18,11163.42,Pagado
PP-000509,O-000509,PR-00972,Finanzas Valcárcel & Asociados S.Coop.,2025-08-13,90 días,2025-11-11,2025-08-24,11056.08,Pagado
PP-000510,O-000510,PR-00045,Desarrollo Pedrero & Asociados S.L.U.,2025-08-10,60 días,2025-10-09,,9289.02,Pendiente
PP-000511,O-000511,PR-01342,Soluciones Ibéricos S.L.L.,2025-08-17,90 días,2025-11-15,,872.55,Pendiente
PP-000512,O-000512,PR-00035,Banca Privada Salvador S.Com.,2025-07-03,60 días,2025-09-01,,2461.86,Pendiente
PP-000513,O-000513,PR-01456,Comercial RN S.A.,2025-08-08,90 días,2025-11-06,2025-10-12,845.06,Pagado
PP-000514,O-000514,PR-00006,Consultoría Teruel y asociados S.A.,2025-07-28,90 días,2025-10-26,2025-10-17,2608.03,Pagado
PP-000515,O-000515,PR-00956,Desarrollo Integrales S.L.,2025-07-23,90 días,2025-10-21,2025-08-04,9397.29,Pagado
PP-000516,O-000516,PR-00943,Grupo Fernández S.L.,2025-08-26,90 días,2025-11-24,2025-09-30,8817.27,Pagado
PP-000517,O-000517,PR-01119,Familia Roldan S.L.,2025-08-06,60 días,2025-10-05,2025-09-01,4409.66,Pagado
PP-000518,O-000518,PR-01062,Suministros Montes S.Com.,2025-08-24,90 días,2025-11-22,2025-11-03,2955.28,Pagado
PP-000519,O-000519,PR-00010,Construcción Muñoz S.L.,2025-07-15,90 días,2025-10-13,,3749.35,Pendiente
PP-000520,O-000520,PR-00043,Perelló y Lorenzo S.L.,2025-07-28,60 días,2025-09-26,,1327.32,Pendiente
PP-000521,O-000521,PR-01418,Hnos Gaya S.A.,2025-08-22,30 días,2025-09-21,,5494.4,Pendiente
PP-000522,O-000522,PR-00047,Logística Bermudez S.L.,2025-07-28,30 días,2025-08-27,2025-08-17,998.64,Pagado
PP-000523,O-000523,PR-00047,Logística Bermudez S.L.,2025-07-21,30 días,2025-08-20,2025-07-22,2730.7,Pagado
PP-000524,O-000524,PR-00880,Evelia Madrid Pardo S.A.,2025-08-28,60 días,2025-10-27,2025-08-29,1254.54,Pagado
PP-000525,O-000525,PR-01456,Comercial RN S.A.,2025-07-12,90 días,2025-10-10,2025-08-30,1877.46,Pagado
PP-000526,O-000526,PR-01456,Comercial RN S.A.,2025-07-12,90 días,2025-10-10,,160.0,Pendiente
PP-000527,O-000527,PR-00037,María José Bellido Serna S.A.,2025-07-21,60 días,2025-09-19,,4772.88,Pendiente
PP-000528,O-000528,PR-00037,María José Bellido Serna S.A.,2025-07-30,60 días,2025-09-28,2025-07-30,10659.6,Pagado
PP-000529,O-000529,PR-00006,Consultoría Teruel y asociados S.A.,2025-07-16,90 días,2025-10-14,,7022.68,Pendiente
PP-000530,O-000530,PR-00943,Grupo Fernández S.L.,2025-08-12,90 días,2025-11-10,2025-10-20,786.24,Pagado
PP-000531,O-000531,PR-00749,Hnos Cañas S.A.,2025-08-11,60 días,2025-10-10,,2801.0,Pendiente
PP-000532,O-000532,PR-00047,Logística Bermudez S.L.,2025-08-26,30 días,2025-09-25,,5945.5,Pendiente
PP-000533,O-000533,PR-00035,Banca Privada Salvador S.Com.,2025-07-30,60 días,2025-09-28,,10830.67,Pendiente
PP-000534,O-000534,PR-00035,Banca Privada Salvador S.Com.,2025-08-12,60 días,2025-10-11,2025-08-25,1841.07,Pagado
PP-000535,O-000535,PR-00699,Cano y asociados S.L.,2025-08-11,60 días,2025-10-10,,3140.94,Pendiente
PP-000536,O-000536,PR-00699,Cano y asociados S.L.,2025-07-26,60 días,2025-09-24,,1124.07,Pendiente
PP-000537,O-000537,PR-00008,Industrias Jaume y asociados S.L.,2025-07-21,90 días,2025-10-19,,2096.68,Pendiente
PP-000538,O-000538,PR-00773,Ángel Merino Escribano S.Coop.,2025-07-02,60 días,2025-08-31,2025-07-14,2821.0,Pagado
PP-000539,O-000539,PR-00773,Ángel Merino Escribano S.Coop.,2025-06-30,60 días,2025-08-29,,1882.3,Pendiente
PP-000540,O-000540,PR-00972,Finanzas Valcárcel & Asociados S.Coop.,2025-07-25,90 días,2025-10-23,,677.25,Pendiente
PP-000541,O-000541,PR-01342,Soluciones Ibéricos S.L.L.,2025-07-29,90 días,2025-10-27,,244.8,Pendiente
PP-000542,O-000542,PR-00047,Logística Bermudez S.L.,2025-07-12,30 días,2025-08-11,2025-07-16,438.06,Pagado
PP-000543,O-000543,PR-00047,Logística Bermudez S.L.,2025-08-04,30 días,2025-09-03,2025-08-09,347.38,Pagado
PP-000544,O-000544,PR-00047,Logística Bermudez S.L.,2025-07-15,30 días,2025-08-14,2025-07-23,10037.52,Pagado
PP-000545,O-000545,PR-00880,Evelia Madrid Pardo S.A.,2025-07-27,60 días,2025-09-25,2025-09-02,3964.73,Pagado
PP-000546,O-000546,PR-01064,Distribuciones Saura S.A.,2025-07-12,60 días,2025-09-10,2025-09-01,3330.6,Pagado
PP-000547,O-000547,PR-01064,Distribuciones Saura S.A.,2025-07-16,60 días,2025-09-14,,3139.37,Pendiente
PP-000548,O-000548,PR-00036,Infraestructuras Niño S.Coop.,2025-07-22,60 días,2025-09-20,,1566.04,Pendiente
PP-000549,O-000549,PR-00036,Infraestructuras Niño S.Coop.,2025-08-06,60 días,2025-10-05,,4195.38,Pendiente
PP-000550,O-000550,PR-00956,Desarrollo Integrales S.L.,2025-08-20,90 días,2025-11-18,2025-09-14,2081.48,Pagado
PP-000551,O-000551,PR-00007,Hermanos Corbacho S.A.,2025-08-18,90 días,2025-11-16,,251.72,Pendiente
PP-000552,O-000552,PR-00749,Hnos Cañas S.A.,2025-08-03,60 días,2025-10-02,,1128.25,Pendiente
PP-000553,O-000553,PR-00009,Sotelo y asociados S.A.T.,2025-07-17,90 días,2025-10-15,2025-07-21,967.5,Pagado
PP-000554,O-000554,PR-00919,Mesa y Izaguirre S.Coop.,2025-07-28,60 días,2025-09-26,,10773.22,Pendiente
PP-000555,O-000555,PR-00919,Mesa y Izaguirre S.Coop.,2025-08-11,60 días,2025-10-10,,1044.9,Pendiente
PP-000556,O-000556,PR-00972,Finanzas Valcárcel & Asociados S.Coop.,2025-08-24,90 días,2025-11-22,2025-09-11,2928.6,Pagado
PP-000557,O-000557,PR-00045,Desarrollo Pedrero & Asociados S.L.U.,2025-08-10,60 días,2025-10-09,2025-10-02,5476.76,Pagado
PP-000558,O-000558,PR-00033,Despacho LDRM S.A.,2025-08-28,90 días,2025-11-26,,4774.34,Pendiente
PP-000559,O-000559,PR-00034,Blanes y Cañizares S.A.,2025-06-30,30 días,2025-07-30,2025-07-21,4133.36,Pagado
PP-000560,O-000560,PR-01064,Distribuciones Saura S.A.,2025-07-21,60 días,2025-09-19,,5019.0,Pendiente
PP-000561,O-000561,PR-00943,Grupo Fernández S.L.,2025-07-22,90 días,2025-10-20,,6536.16,Pendiente
PP-000562,O-000562,PR-00943,Grupo Fernández S.L.,2025-07-20,90 días,2025-10-18,2025-07-26,834.21,Pagado
PP-000563,O-000563,PR-00010,Construcción Muñoz S.L.,2025-07-30,90 días,2025-10-28,2025-08-28,8593.92,Pagado
PP-000564,O-000564,PR-00659,Iglesia y asociados S.L.U.,2025-06-30,90 días,2025-09-28,2025-08-05,4999.75,Pagado
PP-000565,O-000565,PR-00972,Finanzas Valcárcel & Asociados S.Coop.,2025-08-10,90 días,2025-11-08,,5119.36,Pendiente
PP-000566,O-000566,PR-00044,Hnos Nebot S.L.N.E,2025-08-05,60 días,2025-10-04,2025-10-01,5724.45,Pagado
PP-000567,O-000567,PR-00868,Hermanos Fernández S.Com.,2025-07-06,30 días,2025-08-05,2025-07-27,5575.32,Pagado
PP-000568,O-000568,PR-01342,Soluciones Ibéricos S.L.L.,2025-07-21,90 días,2025-10-19,,1288.8,Pendiente
PP-000569,O-000569,PR-00047,Logística Bermudez S.L.,2025-07-25,30 días,2025-08-24,2025-07-28,2096.64,Pagado
PP-000570,O-000570,PR-00037,María José Bellido Serna S.A.,2025-08-22,60 días,2025-10-21,2025-09-09,943.6,Pagado
PP-000571,O-000571,PR-00006,Consultoría Teruel y asociados S.A.,2025-07-29,90 días,2025-10-27,,1661.64,Pendiente
PP-000572,O-000572,PR-00007,Hermanos Corbacho S.A.,2025-07-11,90 días,2025-10-09,2025-08-21,9394.38,Pagado
PP-000573,O-000573,PR-00943,Grupo Fernández S.L.,2025-08-17,90 días,2025-11-15,2025-11-04,8560.02,Pagado
PP-000574,O-000574,PR-00773,Ángel Merino Escribano S.Coop.,2025-07-16,60 días,2025-09-14,2025-08-07,6307.2,Pagado
PP-000575,O-000575,PR-00773,Ángel Merino Escribano S.Coop.,2025-08-17,60 días,2025-10-16,2025-10-10,1988.28,Pagado
PP-000576,O-000576,PR-00045,Desarrollo Pedrero & Asociados S.L.U.,2025-08-03,60 días,2025-10-02,2025-09-28,7481.76,Pagado
PP-000577,O-000577,PR-00047,Logística Bermudez S.L.,2025-07-11,30 días,2025-08-10,2025-08-01,13034.34,Pagado
PP-000578,O-000578,PR-00034,Blanes y Cañizares S.A.,2025-08-17,30 días,2025-09-16,2025-09-13,922.56,Pagado
PP-000579,O-000579,PR-00037,María José Bellido Serna S.A.,2025-08-01,60 días,2025-09-30,,7878.2,Pendiente
PP-000580,O-000580,PR-01097,Albano Cervantes Palacio S.L.,2025-07-03,Contado,2025-07-03,,544.04,Retrasado
PP-000581,O-000581,PR-00956,Desarrollo Integrales S.L.,2025-08-26,90 días,2025-11-24,2025-09-06,1545.48,Pagado
PP-000582,O-000582,PR-00007,Hermanos Corbacho S.A.,2025-08-23,90 días,2025-11-21,,4512.55,Pendiente
PP-000583,O-000583,PR-00956,Desarrollo Integrales S.L.,2025-07-20,90 días,2025-10-18,2025-09-21,643.62,Pagado
PP-000584,O-000584,PR-00773,Ángel Merino Escribano S.Coop.,2025-07-10,60 días,2025-09-08,2025-07-16,877.54,Pagado
PP-000585,O-000585,PR-00972,Finanzas Valcárcel & Asociados S.Coop.,2025-07-15,90 días,2025-10-13,2025-09-05,2442.22,Pagado
PP-000586,O-000586,PR-01342,Soluciones Ibéricos S.L.L.,2025-07-23,90 días,2025-10-21,2025-09-28,6388.02,Pagado
PP-000587,O-000587,PR-00047,Logística Bermudez S.L.,2025-08-10,30 días,2025-09-09,,736.02,Pendiente
PP-000588,O-000588,PR-00047,Logística Bermudez S.L.,2025-07-23,30 días,2025-08-22,2025-08-18,2657.92,Pagado
PP-000589,O-000589,PR-01097,Albano Cervantes Palacio S.L.,2025-07-18,Contado,2025-07-18,,1450.02,Pendiente
PP-000590,O-000590,PR-00006,Consultoría Teruel y asociados S.A.,2025-08-03,90 días,2025-11-01,,4520.66,Pendiente
PP-000591,O-000591,PR-00094,Laguna y Pellicer S.L.,2025-08-28,90 días,2025-11-26,2025-08-31,5595.21,Pagado
PP-000592,O-000592,PR-00980,Despacho Ibéricos S.L.,2025-07-07,60 días,2025-09-05,2025-08-16,1280.71,Pagado
PP-000593,O-000593,PR-00081,Cardona y Pelayo S.L.,2025-07-14,Contado,2025-07-14,2025-07-14,710.94,Pagado
PP-000594,O-000594,PR-00993,Familia Bilbao S.L.,2025-07-18,60 días,2025-09-16,,7793.52,Pendiente
PP-000595,O-000595,PR-00083,Fábrica Navas S.Com.,2025-07-18,Contado,2025-07-18,2025-07-18,7115.29,Pagado
PP-000596,O-000596,PR-00654,Hermanos Cervantes S.Coop.,2025-08-14,90 días,2025-11-12,,3850.5,Pendiente
PP-000597,O-000597,PR-00055,Grupo Sevillano S.L.U.,2025-08-28,Contado,2025-08-28,2025-08-28,3418.5,Pagado
PP-000598,O-000598,PR-00056,Hermanos Sanz S.Com.,2025-08-08,60 días,2025-10-07,2025-10-01,8195.6,Pagado
PP-000599,O-000599,PR-00056,Hermanos Sanz S.Com.,2025-07-20,60 días,2025-09-18,2025-09-10,2877.38,Pagado
PP-000600,O-000600,PR-00815,Comercial IOIH S.Com.,2025-07-24,Contado,2025-07-24,2025-07-24,3694.45,Pagado
PP-000601,O-000601,PR-00061,Hnos Calderon S.Com.,2025-07-28,90 días,2025-10-26,,4737.81,Pendiente
PP-000602,O-000602,PR-01231,Distribuciones Avanzadas S.A.,2025-07-20,90 días,2025-10-18,,3255.63,Pendiente
PP-000603,O-000603,PR-00770,Comercializadora Avanzadas S.L.N.E,2025-07-25,Contado,2025-07-25,,220.32,Pendiente
PP-000604,O-000604,PR-00086,Reyes Azorin Albero S.L.N.E,2025-08-13,30 días,2025-09-12,,9269.44,Pendiente
PP-000605,O-000605,PR-01499,Coll y asociados S.L.N.E,2025-08-01,90 días,2025-10-30,,4304.45,Pendiente
PP-000606,O-000606,PR-00089,Mur y Colomer S.L.,2025-08-25,90 días,2025-11-23,2025-10-24,6134.92,Pagado
PP-000607,O-000607,PR-00071,Farmaceútica Montoya & Asociados S.L.L.,2025-07-02,Contado,2025-07-02,,10085.68,Pendiente
PP-000608,O-000608,PR-00894,Otero y Coll S.Coop.,2025-08-15,60 días,2025-10-14,,960.78,Pendiente
PP-000609,O-000609,PR-01422,Familia Elías S.C.P,2025-08-13,90 días,2025-11-11,2025-09-12,10050.47,Pagado
PP-000610,O-000610,PR-00065,Consultoría Exposito S.Com.,2025-07-17,60 días,2025-09-15,2025-08-13,4682.4,Pagado
PP-000611,O-000611,PR-01324,Villalobos y Mate S.L.,2025-07-25,Contado,2025-07-25,,1110.74,Retrasado
PP-000612,O-000612,PR-00718,Angelina Narváez Miralles S.L.U.,2025-07-16,30 días,2025-08-15,,4618.8,Pendiente
PP-000613,O-000613,PR-00821,Saura y Camps S.Com.,2025-07-14,30 días,2025-08-13,,5775.83,Retrasado
PP-000614,O-000614,PR-00051,Restauración del Norte S.A.,2025-08-24,60 días,2025-10-23,,561.29,Pendiente
PP-000615,O-000615,PR-01046,Manufacturas Miró S.L.,2025-08-15,60 días,2025-10-14,,6889.59,Pendiente
PP-000616,O-000616,PR-00063,Hermanos Alcázar S.L.,2025-07-14,Contado,2025-07-14,2025-07-14,3252.93,Pagado
PP-000617,O-000617,PR-01208,Valcárcel y asociados S.Com.,2025-08-26,90 días,2025-11-24,,6285.56,Pendiente
PP-000618,O-000618,PR-00072,Manufacturas ZN S.C.P,2025-08-27,60 días,2025-10-26,2025-09-02,3357.64,Pagado
PP-000619,O-000619,PR-00072,Manufacturas ZN S.C.P,2025-07-22,60 días,2025-09-20,,6603.48,Pendiente
PP-000620,O-000620,PR-00072,Manufacturas ZN S.C.P,2025-08-06,60 días,2025-10-05,2025-09-29,7036.0,Pagado
PP-000621,O-000621,PR-00074,Amor y Burgos S.L.N.E,2025-07-09,60 días,2025-09-07,2025-07-18,2113.98,Pagado
PP-000622,O-000622,PR-00076,Banca Privada XTQ S.Com.,2025-08-25,60 días,2025-10-24,,6421.0,Pendiente
PP-000623,O-000623,PR-00076,Banca Privada XTQ S.Com.,2025-07-06,60 días,2025-09-04,,7085.26,Pendiente
PP-000624,O-000624,PR-01022,Crespo & Asociados S.C.P,2025-07-13,90 días,2025-10-11,2025-08-10,2878.02,Pagado
PP-000625,O-000625,PR-01466,Rozas y asociados S.Coop.,2025-08-02,60 días,2025-10-01,2025-09-25,5545.98,Pagado
PP-000626,O-000626,PR-00079,Despacho Goicoechea S.A.,2025-07-10,90 días,2025-10-08,2025-07-26,2793.12,Pagado
PP-000627,O-000627,PR-00079,Despacho Goicoechea S.A.,2025-07-31,90 días,2025-10-29,2025-08-02,1262.8,Pagado
PP-000628,O-000628,PR-00090,Construcción Mate S.A.,2025-07-07,30 días,2025-08-06,2025-07-30,3722.4,Pagado
PP-000629,O-000629,PR-00091,Banco ZCIR S.L.,2025-08-17,90 días,2025-11-15,,2754.96,Pendiente
PP-000630,O-000630,PR-00091,Banco ZCIR S.L.,2025-07-04,90 días,2025-10-02,2025-09-08,2686.86,Pagado
PP-000631,O-000631,PR-01060,Construcción Rius S.Com.,2025-07-13,90 días,2025-10-11,2025-08-27,7623.0,Pagado
PP-000632,O-000632,PR-01478,María Manuela Cabello Ramón S.Coop.,2025-07-24,30 días,2025-08-23,2025-08-21,5965.29,Pagado
PP-000633,O-000633,PR-01478,María Manuela Cabello Ramón S.Coop.,2025-08-09,30 días,2025-09-08,,4098.93,Pendiente
PP-000634,O-000634,PR-01478,María Manuela Cabello Ramón S.Coop.,2025-07-29,30 días,2025-08-28,,3427.05,Retrasado
PP-000635,O-000635,PR-00083,Fábrica Navas S.Com.,2025-07-15,Contado,2025-07-15,2025-07-15,5853.76,Pagado
PP-000636,O-000636,PR-01158,Grupo Torrijos S.L.,2025-08-08,30 días,2025-09-07,2025-08-08,3199.5,Pagado
PP-000637,O-000637,PR-00054,Inmobiliaria Sans S.L.,2025-08-06,30 días,2025-09-05,2025-08-16,243.18,Pagado
PP-000638,O-000638,PR-00056,Hermanos Sanz S.Com.,2025-07-31,60 días,2025-09-29,2025-09-11,7469.28,Pagado
PP-000639,O-000639,PR-00056,Hermanos Sanz S.Com.,2025-08-14,60 días,2025-10-13,2025-09-15,2114.6,Pagado
PP-000640,O-000640,PR-01255,Díez y Collado S.Com.,2025-07-27,90 días,2025-10-25,2025-10-05,881.02,Pagado
PP-000641,O-000641,PR-00058,Prieto y Iriarte S.L.N.E,2025-08-15,60 días,2025-10-14,2025-08-28,4899.4,Pagado
PP-000642,O-000642,PR-00061,Hnos Calderon S.Com.,2025-08-17,90 días,2025-11-15,2025-08-22,12937.1,Pagado
PP-000643,O-000643,PR-01334,Abad y Marquez S.Com.,2025-08-18,30 días,2025-09-17,,10007.57,Pendiente
PP-000644,O-000644,PR-00062,Sala & Asociados S.Coop.,2025-07-24,60 días,2025-09-22,,2427.6,Pendiente
PP-000645,O-000645,PR-00085,Comercial Navarrete S.Com.,2025-07-16,30 días,2025-08-15,,3165.49,Retrasado
PP-000646,O-000646,PR-00087,Infraestructuras Española S.Com.,2025-07-23,60 días,2025-09-21,,4793.54,Pendiente
PP-000647,O-000647,PR-00088,Asensio y Figuerola S.Coop.,2025-07-13,60 días,2025-09-11,,1199.22,Pendiente
PP-000648,O-000648,PR-00064,Supermercados Ródenas & Asociados S.A.T.,2025-08-05,30 días,2025-09-04,,1237.63,Pendiente
PP-000649,O-000649,PR-00065,Consultoría Exposito S.Com.,2025-07-19,60 días,2025-09-17,,10128.8,Pendiente
PP-000650,O-000650,PR-01194,Amorós & Asociados S.Coop.,2025-07-08,60 días,2025-09-06,,3189.6,Pendiente
PP-000651,O-000651,PR-00066,Lucía Carranza Peñalver S.L.,2025-07-02,30 días,2025-08-01,2025-07-24,959.7,Pagado
PP-000652,O-000652,PR-00067,Alberola y Gomis S.Coop.,2025-07-30,90 días,2025-10-28,,1567.23,Pendiente
PP-000653,O-000653,PR-00048,Jordán Alcázar Ortuño S.C.P,2025-07-05,60 días,2025-09-03,2025-07-13,6222.24,Pagado
PP-000654,O-000654,PR-01005,Logística del Sur S.L.N.E,2025-08-14,90 días,2025-11-12,2025-08-30,4734.22,Pagado
PP-000655,O-000655,PR-00984,Ruperto Palomar Marín S.Coop.,2025-08-04,60 días,2025-10-03,2025-08-27,2198.0,Pagado
PP-000656,O-000656,PR-01157,Hnos Múgica S.L.,2025-07-02,Contado,2025-07-02,2025-07-02,12330.0,Pagado
PP-000657,O-000657,PR-00050,Cleto Manuel Lluch S.A.,2025-07-30,90 días,2025-10-28,,5616.79,Pendiente
PP-000658,O-000658,PR-01262,Inmobiliaria ZCH S.Coop.,2025-07-16,30 días,2025-08-15,2025-08-12,182.28,Pagado
PP-000659,O-000659,PR-00070,Industrias Iniesta y asociados S.A.,2025-07-29,Contado,2025-07-29,2025-07-29,2263.68,Pagado
PP-000660,O-000660,PR-00071,Farmaceútica Montoya & Asociados S.L.L.,2025-07-02,Contado,2025-07-02,,6140.4,Retrasado
PP-000661,O-000661,PR-00674,Sol Palomino Artigas S.A.,2025-08-10,30 días,2025-09-09,,3548.16,Pendiente
PP-000662,O-000662,PR-00977,Ulises Nogueira Belda S.A.,2025-08-14,30 días,2025-09-13,2025-08-30,10268.72,Pagado
PP-000663,O-000663,PR-01354,Matías Bonet Paz S.Com.,2025-08-21,90 días,2025-11-19,2025-09-08,5715.36,Pagado
PP-000664,O-000664,PR-00076,Banca Privada XTQ S.Com.,2025-07-14,60 días,2025-09-12,2025-08-14,5871.0,Pagado
PP-000665,O-000665,PR-00091,Banco ZCIR S.L.,2025-08-09,90 días,2025-11-07,2025-08-18,10000.9,Pagado
PP-000666,O-000666,PR-00091,Banco ZCIR S.L.,2025-07-22,90 días,2025-10-20,,2857.6,Pendiente
PP-000667,O-000667,PR-01344,Transportes Gallo y asociados S.A.,2025-07-12,Contado,2025-07-12,2025-07-12,11439.0,Pagado
PP-000668,O-000668,PR-00082,Otero & Asociados S.A.U,2025-08-21,60 días,2025-10-20,,1213.39,Pendiente
PP-000669,O-000669,PR-01158,Grupo Torrijos S.L.,2025-07-24,30 días,2025-08-23,,7567.92,Pendiente
PP-000670,O-000670,PR-00053,Hermanos Arana S.L.,2025-08-05,60 días,2025-10-04,2025-08-23,1744.4,Pagado
PP-000671,O-000671,PR-00054,Inmobiliaria Sans S.L.,2025-08-10,30 días,2025-09-09,,2354.45,Pendiente
PP-000672,O-000672,PR-00054,Inmobiliaria Sans S.L.,2025-08-20,30 días,2025-09-19,,3803.81,Pendiente
PP-000673,O-000673,PR-00055,Grupo Sevillano S.L.U.,2025-07-20,Contado,2025-07-20,2025-07-20,2471.7,Pagado
PP-000674,O-000674,PR-00056,Hermanos Sanz S.Com.,2025-08-07,60 días,2025-10-06,,4713.28,Pendiente
PP-000675,O-000675,PR-01255,Díez y Collado S.Com.,2025-08-06,90 días,2025-11-04,2025-09-10,11840.8,Pagado
PP-000676,O-000676,PR-01255,Díez y Collado S.Com.,2025-07-20,90 días,2025-10-18,,2706.92,Pendiente
PP-000677,O-000677,PR-00060,Rozas y Patiño S.C.P,2025-08-11,90 días,2025-11-09,2025-09-12,6544.26,Pagado
PP-000678,O-000678,PR-00060,Rozas y Patiño S.C.P,2025-07-14,90 días,2025-10-12,,10789.9,Pendiente
PP-000679,O-000679,PR-00085,Comercial Navarrete S.Com.,2025-08-27,30 días,2025-09-26,,4097.56,Pendiente
PP-000680,O-000680,PR-00087,Infraestructuras Española S.Com.,2025-07-20,60 días,2025-09-18,,3528.98,Pendiente
PP-000681,O-000681,PR-01142,Falcó y Lucas S.L.N.E,2025-07-05,Contado,2025-07-05,,9608.43,Retrasado
PP-000682,O-000682,PR-01034,Prado y Palau S.Coop.,2025-08-23,30 días,2025-09-22,,7965.36,Pendiente
PP-000683,O-000683,PR-01034,Prado y Palau S.Coop.,2025-07-28,30 días,2025-08-27,2025-08-22,4440.76,Pagado
PP-000684,O-000684,PR-00065,Consultoría Exposito S.Com.,2025-07-28,60 días,2025-09-26,,2456.32,Pendiente
PP-000685,O-000685,PR-01194,Amorós & Asociados S.Coop.,2025-08-22,60 días,2025-10-21,,7158.19,Pendiente
PP-000686,O-000686,PR-00066,Lucía Carranza Peñalver S.L.,2025-07-11,30 días,2025-08-10,2025-08-07,816.4,Pagado
PP-000687,O-000687,PR-00718,Angelina Narváez Miralles S.L.U.,2025-08-18,30 días,2025-09-17,2025-08-28,1157.0,Pagado
PP-000688,O-000688,PR-00091,Banco ZCIR S.L.,2025-07-27,90 días,2025-10-25,2025-10-01,2191.64,Pagado
PP-000689,O-000689,PR-00091,Banco ZCIR S.L.,2025-08-14,90 días,2025-11-12,,3618.09,Pendiente
PP-000690,O-000690,PR-01431,Hermanos Monreal S.L.N.E,2025-07-22,90 días,2025-10-20,,7318.8,Pendiente
PP-000691,O-000691,PR-01203,Banca Privada ZRQ S.L.,2025-08-13,60 días,2025-10-12,2025-08-19,10275.75,Pagado
PP-000692,O-000692,PR-01419,Hnos Casal S.Coop.,2025-08-08,Contado,2025-08-08,,8874.0,Retrasado
PP-000693,O-000693,PR-00080,Parra y Bilbao S.Coop.,2025-07-15,30 días,2025-08-14,2025-08-02,1489.32,Pagado
PP-000694,O-000694,PR-00081,Cardona y Pelayo S.L.,2025-07-10,Contado,2025-07-10,2025-07-10,5308.6,Pagado
PP-000695,O-000695,PR-01479,Ariadna Ortiz Carlos S.Com.,2025-07-29,Contado,2025-07-29,2025-07-29,11704.66,Pagado
PP-000696,O-000696,PR-01012,Industrias Naranjo S.L.L.,2025-08-26,90 días,2025-11-24,,6761.3,Pendiente
PP-000697,O-000697,PR-01255,Díez y Collado S.Com.,2025-08-25,90 días,2025-11-23,,5442.04,Pendiente
PP-000698,O-000698,PR-00656,Hermanos Ferrera S.L.N.E,2025-08-18,30 días,2025-09-17,2025-08-23,991.8,Pagado
PP-000699,O-000699,PR-01056,Aurelia Díez Amorós S.Coop.,2025-07-28,90 días,2025-10-26,,3290.63,Pendiente
PP-000700,O-000700,PR-01325,Alimentación Internacionales S.Coop.,2025-07-12,60 días,2025-09-10,2025-07-14,216.96,Pagado
PP-000701,O-000701,PR-00062,Sala & Asociados S.Coop.,2025-08-23,60 días,2025-10-22,2025-09-03,1216.6,Pagado
PP-000702,O-000702,PR-00087,Infraestructuras Española S.Com.,2025-07-07,60 días,2025-09-05,2025-09-03,6702.08,Pagado
PP-000703,O-000703,PR-00088,Asensio y Figuerola S.Coop.,2025-07-14,60 días,2025-09-12,,4304.38,Pendiente
PP-000704,O-000704,PR-01142,Falcó y Lucas S.L.N.E,2025-06-30,Contado,2025-06-30,,2011.23,Retrasado
PP-000705,O-000705,PR-00894,Otero y Coll S.Coop.,2025-07-06,60 días,2025-09-04,2025-07-21,520.08,Pagado
PP-000706,O-000706,PR-00064,Supermercados Ródenas & Asociados S.A.T.,2025-07-23,30 días,2025-08-22,2025-08-09,600.14,Pagado
PP-000707,O-000707,PR-00634,Infraestructuras Calvo S.Coop.,2025-08-03,60 días,2025-10-02,,3039.96,Pendiente
PP-000708,O-000708,PR-00066,Lucía Carranza Peñalver S.L.,2025-08-13,30 días,2025-09-12,,10374.48,Pendiente
PP-000709,O-000709,PR-00718,Angelina Narváez Miralles S.L.U.,2025-07-04,30 días,2025-08-03,2025-07-27,3282.8,Pagado
PP-000710,O-000710,PR-00067,Alberola y Gomis S.Coop.,2025-07-26,90 días,2025-10-24,2025-09-23,3312.4,Pagado
PP-000711,O-000711,PR-00090,Construcción Mate S.A.,2025-07-12,30 días,2025-08-11,,3010.56,Pendiente
PP-000712,O-000712,PR-01419,Hnos Casal S.Coop.,2025-08-20,Contado,2025-08-20,2025-08-20,5808.39,Pagado
PP-000713,O-000713,PR-00081,Cardona y Pelayo S.L.,2025-08-27,Contado,2025-08-27,,3899.6,Pendiente
PP-000714,O-000714,PR-00081,Cardona y Pelayo S.L.,2025-08-15,Contado,2025-08-15,2025-08-15,2581.6,Pagado
PP-000715,O-000715,PR-00082,Otero & Asociados S.A.U,2025-07-25,60 días,2025-09-23,2025-08-18,3564.4,Pagado
PP-000716,O-000716,PR-00654,Hermanos Cervantes S.Coop.,2025-08-12,90 días,2025-11-10,2025-10-25,2757.47,Pagado
PP-000717,O-000717,PR-00053,Hermanos Arana S.L.,2025-08-05,60 días,2025-10-04,2025-08-19,1743.0,Pagado
PP-000718,O-000718,PR-00654,Hermanos Cervantes S.Coop.,2025-07-27,90 días,2025-10-25,2025-10-10,3802.14,Pagado
PP-000719,O-000719,PR-00059,Moliner y asociados S.L.L.,2025-08-01,60 días,2025-09-30,2025-09-17,2577.2,Pagado
PP-000720,O-000720,PR-01231,Distribuciones Avanzadas S.A.,2025-08-11,90 días,2025-11-09,,1508.57,Pendiente
PP-000721,O-000721,PR-01326,Tecnologías Integrales S.L.N.E,2025-08-27,90 días,2025-11-25,,8031.67,Pendiente
PP-000722,O-000722,PR-00088,Asensio y Figuerola S.Coop.,2025-07-05,60 días,2025-09-03,2025-07-06,1933.47,Pagado
PP-000723,O-000723,PR-00634,Infraestructuras Calvo S.Coop.,2025-07-30,60 días,2025-09-28,2025-08-24,1187.2,Pagado
PP-000724,O-000724,PR-01422,Familia Elías S.C.P,2025-07-03,90 días,2025-10-01,,9316.6,Pendiente
PP-000725,O-000725,PR-00634,Infraestructuras Calvo S.Coop.,2025-08-22,60 días,2025-10-21,2025-09-25,9315.0,Pagado
PP-000726,O-000726,PR-01431,Hermanos Monreal S.L.N.E,2025-07-12,90 días,2025-10-10,,4614.33,Pendiente
PP-000727,O-000727,PR-00092,Tudela y Juárez S.Coop.,2025-08-18,60 días,2025-10-17,,6105.12,Pendiente
PP-000728,O-000728,PR-01008,Restauración DPS S.Coop.,2025-08-25,60 días,2025-10-24,,2181.96,Pendiente
PP-000729,O-000729,PR-00094,Laguna y Pellicer S.L.,2025-07-11,90 días,2025-10-09,,4271.4,Pendiente
PP-000730,O-000730,PR-01060,Construcción Rius S.Com.,2025-07-03,90 días,2025-10-01,,2924.38,Pendiente
PP-000731,O-000731,PR-00934,Banca Privada Ferrando S.L.L.,2025-08-21,90 días,2025-11-19,,3061.45,Pendiente
PP-000732,O-000732,PR-00082,Otero & Asociados S.A.U,2025-07-19,60 días,2025-09-17,,3921.75,Pendiente
PP-000733,O-000733,PR-00084,Finanzas Mariño y asociados S.A.T.,2025-07-24,60 días,2025-09-22,,3463.92,Pendiente
PP-000734,O-000734,PR-00055,Grupo Sevillano S.L.U.,2025-08-27,Contado,2025-08-27,2025-08-27,5441.96,Pagado
PP-000735,O-000735,PR-00999,Instalaciones Solano y asociados S.L.,2025-07-31,30 días,2025-08-30,2025-08-15,3151.12,Pagado
PP-000736,O-000736,PR-00999,Instalaciones Solano y asociados S.L.,2025-08-05,30 días,2025-09-04,,9537.6,Pendiente
PP-000737,O-000737,PR-00060,Rozas y Patiño S.C.P,2025-08-04,90 días,2025-11-02,,2726.92,Pendiente
PP-000738,O-000738,PR-00060,Rozas y Patiño S.C.P,2025-07-01,90 días,2025-09-29,2025-07-15,9264.04,Pagado
PP-000739,O-000739,PR-00061,Hnos Calderon S.Com.,2025-07-24,90 días,2025-10-22,,3299.1,Pendiente
PP-000740,O-000740,PR-00062,Sala & Asociados S.Coop.,2025-08-19,60 días,2025-10-18,2025-09-26,1300.07,Pagado
PP-000741,O-000741,PR-00085,Comercial Navarrete S.Com.,2025-07-11,30 días,2025-08-10,,4017.78,Retrasado
PP-000742,O-000742,PR-00088,Asensio y Figuerola S.Coop.,2025-08-20,60 días,2025-10-19,2025-08-20,3636.0,Pagado
PP-000743,O-000743,PR-01142,Falcó y Lucas S.L.N.E,2025-08-04,Contado,2025-08-04,2025-08-04,2288.97,Pagado
PP-000744,O-000744,PR-00071,Farmaceútica Montoya & Asociados S.L.L.,2025-07-11,Contado,2025-07-11,2025-07-11,6068.37,Pagado
PP-000745,O-000745,PR-00980,Despacho Ibéricos S.L.,2025-08-02,60 días,2025-10-01,2025-08-28,9709.47,Pagado
PP-000746,O-000746,PR-00081,Cardona y Pelayo S.L.,2025-07-28,Contado,2025-07-28,2025-07-28,2877.76,Pagado
PP-000747,O-000747,PR-01479,Ariadna Ortiz Carlos S.Com.,2025-08-27,Contado,2025-08-27,2025-08-27,377.0,Pagado
PP-000748,O-000748,PR-00056,Hermanos Sanz S.Com.,2025-08-03,60 días,2025-10-02,2025-08-13,2489.4,Pagado
PP-000749,O-000749,PR-01255,Díez y Collado S.Com.,2025-07-15,90 días,2025-10-13,,2367.21,Pendiente
PP-000750,O-000750,PR-01255,Díez y Collado S.Com.,2025-07-25,90 días,2025-10-23,2025-09-07,2745.05,Pagado
PP-000751,O-000751,PR-00061,Hnos Calderon S.Com.,2025-07-18,90 días,2025-10-16,2025-08-06,4244.76,Pagado
PP-000752,O-000752,PR-01326,Tecnologías Integrales S.L.N.E,2025-08-20,90 días,2025-11-18,,253.4,Pendiente
PP-000753,O-000753,PR-00086,Reyes Azorin Albero S.L.N.E,2025-08-02,30 días,2025-09-01,2025-08-22,1044.63,Pagado
PP-000754,O-000754,PR-01226,Sola y asociados S.A.,2025-06-30,30 días,2025-07-30,,6387.92,Retrasado
PP-000755,O-000755,PR-01405,Hnos Rebollo S.A.D,2025-07-27,60 días,2025-09-25,2025-09-02,1690.92,Pagado
PP-000756,O-000756,PR-01324,Villalobos y Mate S.L.,2025-08-04,Contado,2025-08-04,2025-08-04,8972.02,Pagado
PP-000757,O-000757,PR-00067,Alberola y Gomis S.Coop.,2025-08-01,90 días,2025-10-30,2025-09-25,6003.04,Pagado
PP-000758,O-000758,PR-00091,Banco ZCIR S.L.,2025-07-09,90 días,2025-10-07,,90.2,Pendiente
PP-000759,O-000759,PR-01478,María Manuela Cabello Ramón S.Coop.,2025-08-11,30 días,2025-09-10,2025-08-31,2322.9,Pagado
PP-000760,O-000760,PR-01497,Sosa y Anglada S.A.,2025-07-07,30 días,2025-08-06,2025-07-26,5256.96,Pagado
PP-000761,O-000761,PR-01479,Ariadna Ortiz Carlos S.Com.,2025-08-17,Contado,2025-08-17,,7731.45,Pendiente
PP-000762,O-000762,PR-00654,Hermanos Cervantes S.Coop.,2025-08-21,90 días,2025-11-19,,7980.22,Pendiente
PP-000763,O-000763,PR-00053,Hermanos Arana S.L.,2025-08-21,60 días,2025-10-20,,6046.75,Pendiente
PP-000764,O-000764,PR-00054,Inmobiliaria Sans S.L.,2025-08-12,30 días,2025-09-11,2025-08-13,8689.66,Pagado
PP-000765,O-000765,PR-00055,Grupo Sevillano S.L.U.,2025-08-24,Contado,2025-08-24,2025-08-24,939.42,Pagado
PP-000766,O-000766,PR-00055,Grupo Sevillano S.L.U.,2025-08-07,Contado,2025-08-07,2025-08-07,282.66,Pagado
PP-000767,O-000767,PR-01391,Hotel Iberia S.Com.,2025-08-23,90 días,2025-11-21,,6761.16,Pendiente
PP-000768,O-000768,PR-01255,Díez y Collado S.Com.,2025-08-07,90 días,2025-11-05,2025-08-19,2286.08,Pagado
PP-000769,O-000769,PR-00057,Herrera y Recio S.A.,2025-08-19,90 días,2025-11-17,2025-08-30,5629.26,Pagado
PP-000770,O-000770,PR-00999,Instalaciones Solano y asociados S.L.,2025-07-03,30 días,2025-08-02,2025-07-22,5648.91,Pagado
PP-000771,O-000771,PR-00059,Moliner y asociados S.L.L.,2025-08-06,60 días,2025-10-05,,9233.62,Pendiente
PP-000772,O-000772,PR-00059,Moliner y asociados S.L.L.,2025-08-15,60 días,2025-10-14,2025-08-22,11771.76,Pagado
PP-000773,O-000773,PR-00060,Rozas y Patiño S.C.P,2025-08-01,90 días,2025-10-30,,4654.08,Pendiente
PP-000774,O-000774,PR-00060,Rozas y Patiño S.C.P,2025-07-28,90 días,2025-10-26,2025-08-23,415.34,Pagado
PP-000775,O-000775,PR-01325,Alimentación Internacionales S.Coop.,2025-07-04,60 días,2025-09-02,2025-08-18,1526.2,Pagado
PP-000776,O-000776,PR-00087,Infraestructuras Española S.Com.,2025-08-04,60 días,2025-10-03,2025-08-08,1088.1,Pagado
PP-000777,O-000777,PR-01499,Coll y asociados S.L.N.E,2025-08-08,90 días,2025-11-06,2025-08-14,1572.2,Pagado
PP-000778,O-000778,PR-00063,Hermanos Alcázar S.L.,2025-07-23,Contado,2025-07-23,,432.6,Retrasado
PP-000779,O-000779,PR-00894,Otero y Coll S.Coop.,2025-07-29,60 días,2025-09-27,2025-08-25,2793.71,Pagado
PP-000780,O-000780,PR-00894,Otero y Coll S.Coop.,2025-08-27,60 días,2025-10-26,2025-09-08,5576.34,Pagado
PP-000781,O-000781,PR-01422,Familia Elías S.C.P,2025-08-22,90 días,2025-11-20,,541.44,Pendiente
PP-000782,O-000782,PR-00066,Lucía Carranza Peñalver S.L.,2025-07-11,30 días,2025-08-10,2025-08-09,5764.8,Pagado
PP-000783,O-000783,PR-00934,Banca Privada Ferrando S.L.L.,2025-08-13,90 días,2025-11-11,,4370.02,Pendiente
PP-000784,O-000784,PR-00080,Parra y Bilbao S.Coop.,2025-08-15,30 días,2025-09-14,,6561.6,Pendiente
PP-000785,O-000785,PR-00081,Cardona y Pelayo S.L.,2025-08-10,Contado,2025-08-10,,3625.76,Retrasado
PP-000786,O-000786,PR-00083,Fábrica Navas S.Com.,2025-08-20,Contado,2025-08-20,,6570.27,Pendiente
PP-000787,O-000787,PR-00083,Fábrica Navas S.Com.,2025-08-18,Contado,2025-08-18,2025-08-18,4458.8,Pagado
PP-000788,O-000788,PR-00654,Hermanos Cervantes S.Coop.,2025-07-04,90 días,2025-10-02,,13468.5,Pendiente
PP-000789,O-000789,PR-00053,Hermanos Arana S.L.,2025-07-17,60 días,2025-09-15,2025-07-26,5456.32,Pagado
PP-000790,O-000790,PR-00654,Hermanos Cervantes S.Coop.,2025-08-10,90 días,2025-11-08,,1715.61,Pendiente
PP-000791,O-000791,PR-00054,Inmobiliaria Sans S.L.,2025-08-22,30 días,2025-09-21,,1979.04,Pendiente
PP-000792,O-000792,PR-01255,Díez y Collado S.Com.,2025-07-19,90 días,2025-10-17,,10131.75,Pendiente
PP-000793,O-000793,PR-00770,Comercializadora Avanzadas S.L.N.E,2025-08-12,Contado,2025-08-12,2025-08-12,3189.41,Pagado
PP-000794,O-000794,PR-00062,Sala & Asociados S.Coop.,2025-08-09,60 días,2025-10-08,,4727.6,Pendiente
PP-000795,O-000795,PR-00062,Sala & Asociados S.Coop.,2025-08-19,60 días,2025-10-18,,7647.42,Pendiente
PP-000796,O-000796,PR-01326,Tecnologías Integrales S.L.N.E,2025-07-31,90 días,2025-10-29,2025-08-29,7275.52,Pagado
PP-000797,O-000797,PR-00087,Infraestructuras Española S.Com.,2025-07-13,60 días,2025-09-11,2025-08-06,268.75,Pagado
PP-000798,O-000798,PR-00064,Supermercados Ródenas & Asociados S.A.T.,2025-07-19,30 días,2025-08-18,,1655.72,Retrasado
PP-000799,O-000799,PR-00065,Consultoría Exposito S.Com.,2025-08-19,60 días,2025-10-18,,11490.52,Pendiente
PP-000800,O-000800,PR-00065,Consultoría Exposito S.Com.,2025-07-24,60 días,2025-09-22,2025-08-29,2215.62,Pagado
PP-000801,O-000801,PR-01422,Familia Elías S.C.P,2025-07-09,90 días,2025-10-07,2025-08-14,6628.23,Pagado
PP-000802,O-000802,PR-00067,Alberola y Gomis S.Coop.,2025-08-15,90 días,2025-11-13,2025-10-05,11617.76,Pagado
PP-000803,O-000803,PR-00718,Angelina Narváez Miralles S.L.U.,2025-08-23,30 días,2025-09-22,,9618.7,Pendiente
PP-000804,O-000804,PR-01095,Instalaciones Barberá & Asociados S.A.,2025-07-31,60 días,2025-09-29,,3487.0,Pendiente
PP-000805,O-000805,PR-01203,Banca Privada ZRQ S.L.,2025-07-25,60 días,2025-09-23,,10856.7,Pendiente
PP-000806,O-000806,PR-00080,Parra y Bilbao S.Coop.,2025-07-28,30 días,2025-08-27,,2105.73,Retrasado
PP-000807,O-000807,PR-00934,Banca Privada Ferrando S.L.L.,2025-07-16,90 días,2025-10-14,,508.2,Pendiente
PP-000808,O-000808,PR-00980,Despacho Ibéricos S.L.,2025-08-10,60 días,2025-10-09,,9154.2,Pendiente
PP-000809,O-000809,PR-00778,Logística Casals S.A.,2025-07-24,90 días,2025-10-22,2025-08-28,3856.32,Pagado
PP-000810,O-000810,PR-00654,Hermanos Cervantes S.Coop.,2025-07-15,90 días,2025-10-13,2025-07-28,1057.68,Pagado
PP-000811,O-000811,PR-01391,Hotel Iberia S.Com.,2025-08-23,90 días,2025-11-21,2025-09-07,869.86,Pagado
PP-000812,O-000812,PR-00862,Dorotea Posada Pallarès S.A.,2025-07-20,60 días,2025-09-18,,484.59,Pendiente
PP-000813,O-000813,PR-00060,Rozas y Patiño S.C.P,2025-07-08,90 días,2025-10-06,2025-08-15,3767.4,Pagado
PP-000814,O-000814,PR-00770,Comercializadora Avanzadas S.L.N.E,2025-08-26,Contado,2025-08-26,2025-08-26,12265.68,Pagado
PP-000815,O-000815,PR-00770,Comercializadora Avanzadas S.L.N.E,2025-07-13,Contado,2025-07-13,,7131.0,Pendiente
PP-000816,O-000816,PR-00770,Comercializadora Avanzadas S.L.N.E,2025-07-26,Contado,2025-07-26,2025-07-26,2642.2,Pagado
PP-000817,O-000817,PR-00061,Hnos Calderon S.Com.,2025-08-08,90 días,2025-11-06,,2839.76,Pendiente
PP-000818,O-000818,PR-00062,Sala & Asociados S.Coop.,2025-07-26,60 días,2025-09-24,,8338.05,Pendiente
PP-000819,O-000819,PR-00086,Reyes Azorin Albero S.L.N.E,2025-08-26,30 días,2025-09-25,2025-09-12,2735.52,Pagado
PP-000820,O-000820,PR-01499,Coll y asociados S.L.N.E,2025-07-04,90 días,2025-10-02,2025-07-16,1899.04,Pagado
PP-000821,O-000821,PR-00089,Mur y Colomer S.L.,2025-08-16,90 días,2025-11-14,,2829.12,Pendiente
PP-000822,O-000822,PR-01142,Falcó y Lucas S.L.N.E,2025-08-14,Contado,2025-08-14,2025-08-14,142.56,Pagado
PP-000823,O-000823,PR-00894,Otero y Coll S.Coop.,2025-07-15,60 días,2025-09-13,2025-07-26,3621.34,Pagado
PP-000824,O-000824,PR-00067,Alberola y Gomis S.Coop.,2025-07-31,90 días,2025-10-29,2025-10-08,2242.2,Pagado
PP-000825,O-000825,PR-00092,Tudela y Juárez S.Coop.,2025-07-10,60 días,2025-09-08,2025-08-12,4022.9,Pagado
PP-000826,O-000826,PR-01008,Restauración DPS S.Coop.,2025-07-02,60 días,2025-08-31,,6438.53,Pendiente
PP-000827,O-000827,PR-01203,Banca Privada ZRQ S.L.,2025-07-05,60 días,2025-09-03,2025-08-29,6063.12,Pagado
PP-000828,O-000828,PR-00081,Cardona y Pelayo S.L.,2025-08-06,Contado,2025-08-06,,143.52,Retrasado
PP-000829,O-000829,PR-01478,María Manuela Cabello Ramón S.Coop.,2025-08-11,30 días,2025-09-10,,2335.5,Pendiente
PP-000830,O-000830,PR-01481,Comercializadora Mena & Asociados S.C.P,2025-07-17,60 días,2025-09-15,2025-07-30,11177.25,Pagado
PP-000831,O-000831,PR-00053,Hermanos Arana S.L.,2025-08-10,60 días,2025-10-09,2025-08-30,8647.9,Pagado
PP-000832,O-000832,PR-01255,Díez y Collado S.Com.,2025-07-05,90 días,2025-10-03,,3542.0,Pendiente
PP-000833,O-000833,PR-01364,Larrañaga & Asociados S.A.,2025-08-23,90 días,2025-11-21,,6016.4,Pendiente
PP-000834,O-000834,PR-01215,Tecnologías Aragonés S.L.L.,2025-08-22,30 días,2025-09-21,,3973.12,Pendiente
PP-000835,O-000835,PR-00091,Banco ZCIR S.L.,2025-08-07,90 días,2025-11-05,2025-08-23,2865.24,Pagado
PP-000836,O-000836,PR-00091,Banco ZCIR S.L.,2025-07-31,90 días,2025-10-29,2025-08-04,2829.33,Pagado
PP-000837,O-000837,PR-01263,Hnos Esteban S.A.,2025-08-03,60 días,2025-10-02,2025-08-13,488.07,Pagado
PP-000838,O-000838,PR-01008,Restauración DPS S.Coop.,2025-07-11,60 días,2025-09-09,,7169.96,Pendiente
PP-000839,O-000839,PR-00094,Laguna y Pellicer S.L.,2025-08-19,90 días,2025-11-17,,9416.64,Pendiente
PP-000840,O-000840,PR-00934,Banca Privada Ferrando S.L.L.,2025-08-16,90 días,2025-11-14,2025-10-22,4015.6,Pagado
PP-000841,O-000841,PR-00080,Parra y Bilbao S.Coop.,2025-08-06,30 días,2025-09-05,,4452.27,Pendiente
PP-000842,O-000842,PR-00980,Despacho Ibéricos S.L.,2025-07-25,60 días,2025-09-23,,2866.54,Pendiente
PP-000843,O-000843,PR-01158,Grupo Torrijos S.L.,2025-08-27,30 días,2025-09-26,2025-09-03,4252.16,Pagado
PP-000844,O-000844,PR-01299,Grupo Lladó S.L.,2025-08-05,60 días,2025-10-04,2025-09-17,2520.72,Pagado
PP-000845,O-000845,PR-01012,Industrias Naranjo S.L.L.,2025-08-22,90 días,2025-11-20,,4411.4,Pendiente
PP-000846,O-000846,PR-00054,Inmobiliaria Sans S.L.,2025-07-28,30 días,2025-08-27,2025-08-09,1820.58,Pagado
PP-000847,O-000847,PR-00056,Hermanos Sanz S.Com.,2025-08-28,60 días,2025-10-27,,2872.17,Pendiente
PP-000848,O-000848,PR-00057,Herrera y Recio S.A.,2025-07-30,90 días,2025-10-28,2025-10-06,2651.0,Pagado
PP-000849,O-000849,PR-01255,Díez y Collado S.Com.,2025-08-28,90 días,2025-11-26,2025-11-11,4690.44,Pagado
PP-000850,O-000850,PR-01056,Aurelia Díez Amorós S.Coop.,2025-08-08,90 días,2025-11-06,2025-10-22,12001.35,Pagado
PP-000851,O-000851,PR-01263,Hnos Esteban S.A.,2025-07-23,60 días,2025-09-21,,6677.04,Pendiente
PP-000852,O-000852,PR-00980,Despacho Ibéricos S.L.,2025-08-19,60 días,2025-10-18,2025-09-18,251.68,Pagado
PP-000853,O-000853,PR-01478,María Manuela Cabello Ramón S.Coop.,2025-08-20,30 días,2025-09-19,,1527.6,Pendiente
PP-000854,O-000854,PR-00082,Otero & Asociados S.A.U,2025-07-04,60 días,2025-09-02,,8954.4,Pendiente
PP-000855,O-000855,PR-01481,Comercializadora Mena & Asociados S.C.P,2025-07-06,60 días,2025-09-04,,6446.4,Pendiente
PP-000856,O-000856,PR-00053,Hermanos Arana S.L.,2025-07-04,60 días,2025-09-02,,1927.8,Pendiente
PP-000857,O-000857,PR-01391,Hotel Iberia S.Com.,2025-08-09,90 días,2025-11-07,2025-10-05,9431.52,Pagado
PP-000858,O-000858,PR-01391,Hotel Iberia S.Com.,2025-07-24,90 días,2025-10-22,,10335.5,Pendiente
PP-000859,O-000859,PR-00060,Rozas y Patiño S.C.P,2025-07-05,90 días,2025-10-03,,10709.77,Pendiente
PP-000860,O-000860,PR-00062,Sala & Asociados S.Coop.,2025-07-09,60 días,2025-09-07,,208.56,Pendiente
PP-000861,O-000861,PR-00090,Construcción Mate S.A.,2025-08-26,30 días,2025-09-25,,9766.4,Pendiente
PP-000862,O-000862,PR-01478,María Manuela Cabello Ramón S.Coop.,2025-07-17,30 días,2025-08-16,,3719.1,Pendiente
PP-000863,O-000863,PR-01479,Ariadna Ortiz Carlos S.Com.,2025-08-10,Contado,2025-08-10,2025-08-10,7602.88,Pagado
PP-000864,O-000864,PR-01158,Grupo Torrijos S.L.,2025-08-10,30 días,2025-09-09,2025-08-21,11211.26,Pagado
PP-000865,O-000865,PR-01299,Grupo Lladó S.L.,2025-08-23,60 días,2025-10-22,2025-09-30,1641.28,Pagado
PP-000866,O-000866,PR-00053,Hermanos Arana S.L.,2025-08-26,60 días,2025-10-25,,4826.0,Pendiente
PP-000867,O-000867,PR-00054,Inmobiliaria Sans S.L.,2025-07-29,30 días,2025-08-28,2025-08-13,2995.92,Pagado
PP-000868,O-000868,PR-00055,Grupo Sevillano S.L.U.,2025-07-07,Contado,2025-07-07,2025-07-07,11711.51,Pagado
PP-000869,O-000869,PR-01255,Díez y Collado S.Com.,2025-07-09,90 días,2025-10-07,2025-07-21,333.2,Pagado
PP-000870,O-000870,PR-00815,Comercial IOIH S.Com.,2025-08-24,Contado,2025-08-24,2025-08-24,1342.53,Pagado
PP-000871,O-000871,PR-00656,Hermanos Ferrera S.L.N.E,2025-08-12,30 días,2025-09-11,2025-09-08,1179.75,Pagado
PP-000872,O-000872,PR-01056,Aurelia Díez Amorós S.Coop.,2025-08-20,90 días,2025-11-18,,1950.72,Pendiente
PP-000873,O-000873,PR-00770,Comercializadora Avanzadas S.L.N.E,2025-07-25,Contado,2025-07-25,,8223.6,Pendiente
PP-000874,O-000874,PR-00090,Construcción Mate S.A.,2025-08-26,30 días,2025-09-25,2025-09-05,10400.79,Pagado
PP-000875,O-000875,PR-00091,Banco ZCIR S.L.,2025-08-08,90 días,2025-11-06,2025-08-28,940.23,Pagado
PP-000876,O-000876,PR-00092,Tudela y Juárez S.Coop.,2025-08-17,60 días,2025-10-16,2025-10-06,126.17,Pagado
PP-000877,O-000877,PR-00081,Cardona y Pelayo S.L.,2025-08-24,Contado,2025-08-24,,2044.5,Pendiente
PP-000878,O-000878,PR-01479,Ariadna Ortiz Carlos S.Com.,2025-07-12,Contado,2025-07-12,2025-07-12,2466.06,Pagado
PP-000879,O-000879,PR-00054,Inmobiliaria Sans S.L.,2025-08-23,30 días,2025-09-22,2025-08-28,3368.96,Pagado
PP-000880,O-000880,PR-01391,Hotel Iberia S.Com.,2025-07-03,90 días,2025-10-01,,5681.34,Pendiente
PP-000881,O-000881,PR-01215,Tecnologías Aragonés S.L.L.,2025-08-02,30 días,2025-09-01,2025-08-02,1832.04,Pagado
PP-000882,O-000882,PR-00862,Dorotea Posada Pallarès S.A.,2025-07-30,60 días,2025-09-28,,1538.31,Pendiente
PP-000883,O-000883,PR-00062,Sala & Asociados S.Coop.,2025-07-03,60 días,2025-09-01,,5817.98,Pendiente
PP-000884,O-000884,PR-00090,Construcción Mate S.A.,2025-08-04,30 días,2025-09-03,2025-08-10,740.25,Pagado
PP-000885,O-000885,PR-00094,Laguna y Pellicer S.L.,2025-08-27,90 días,2025-11-25,,12115.62,Pendiente
PP-000886,O-000886,PR-00081,Cardona y Pelayo S.L.,2025-08-22,Contado,2025-08-22,,1655.28,Retrasado
PP-000887,O-000887,PR-00081,Cardona y Pelayo S.L.,2025-08-18,Contado,2025-08-18,,1408.16,Pendiente
PP-000888,O-000888,PR-01012,Industrias Naranjo S.L.L.,2025-08-07,90 días,2025-11-05,,899.64,Pendiente
PP-000889,O-000889,PR-01481,Comercializadora Mena & Asociados S.C.P,2025-07-22,60 días,2025-09-20,2025-09-09,3755.66,Pagado
PP-000890,O-000890,PR-01481,Comercializadora Mena & Asociados S.C.P,2025-08-20,60 días,2025-10-19,,6127.62,Pendiente
PP-000891,O-000891,PR-00053,Hermanos Arana S.L.,2025-08-07,60 días,2025-10-06,,10210.66,Pendiente
PP-000892,O-000892,PR-00054,Inmobiliaria Sans S.L.,2025-08-05,30 días,2025-09-04,2025-09-02,9751.56,Pagado
PP-000893,O-000893,PR-01391,Hotel Iberia S.Com.,2025-07-27,90 días,2025-10-25,2025-09-15,3958.47,Pagado
PP-000894,O-000894,PR-00815,Comercial IOIH S.Com.,2025-07-12,Contado,2025-07-12,,4082.04,Pendiente
PP-000895,O-000895,PR-00656,Hermanos Ferrera S.L.N.E,2025-08-24,30 días,2025-09-23,,783.42,Pendiente
PP-000896,O-000896,PR-01056,Aurelia Díez Amorós S.Coop.,2025-07-25,90 días,2025-10-23,2025-07-30,7707.32,Pagado
PP-000897,O-000897,PR-00770,Comercializadora Avanzadas S.L.N.E,2025-07-26,Contado,2025-07-26,,9524.43,Pendiente
PP-000898,O-000898,PR-00090,Construcción Mate S.A.,2025-08-21,30 días,2025-09-20,,6466.32,Pendiente
PP-000899,O-000899,PR-00090,Construcción Mate S.A.,2025-08-05,30 días,2025-09-04,,1475.59,Pendiente
PP-000900,O-000900,PR-01263,Hnos Esteban S.A.,2025-07-14,60 días,2025-09-12,,5901.0,Pendiente
PP-000901,O-000901,PR-00093,Infraestructuras Segovia & Asociados S.Com.,2025-07-19,90 días,2025-10-17,,1691.67,Pendiente
PP-000902,O-000902,PR-00093,Infraestructuras Segovia & Asociados S.Com.,2025-08-02,90 días,2025-10-31,,1845.2,Pendiente
PP-000903,O-000903,PR-01060,Construcción Rius S.Com.,2025-08-04,90 días,2025-11-02,2025-10-02,2672.0,Pagado
PP-000904,O-000904,PR-00080,Parra y Bilbao S.Coop.,2025-07-15,30 días,2025-08-14,2025-08-06,5004.56,Pagado
PP-000905,O-000905,PR-00083,Fábrica Navas S.Com.,2025-07-02,Contado,2025-07-02,2025-07-02,6992.0,Pagado
PP-000906,O-000906,PR-01479,Ariadna Ortiz Carlos S.Com.,2025-08-05,Contado,2025-08-05,,8299.29,Pendiente
PP-000907,O-000907,PR-00834,Hermanos Cabrera S.L.N.E,2025-08-26,90 días,2025-11-24,,12441.1,Pendiente
PP-000908,O-000908,PR-00056,Hermanos Sanz S.Com.,2025-08-06,60 días,2025-10-05,,2271.3,Pendiente
PP-000909,O-000909,PR-00815,Comercial IOIH S.Com.,2025-07-11,Contado,2025-07-11,2025-07-11,925.83,Pagado
PP-000910,O-000910,PR-00060,Rozas y Patiño S.C.P,2025-07-20,90 días,2025-10-18,2025-09-29,8094.06,Pagado
PP-000911,O-000911,PR-00062,Sala & Asociados S.Coop.,2025-07-22,60 días,2025-09-20,,3730.0,Pendiente
PP-000912,O-000912,PR-01478,María Manuela Cabello Ramón S.Coop.,2025-08-13,30 días,2025-09-12,,12865.85,Pendiente
PP-000913,O-000913,PR-00081,Cardona y Pelayo S.L.,2025-07-19,Contado,2025-07-19,2025-07-19,5171.88,Pagado
PP-000914,O-000914,PR-01478,María Manuela Cabello Ramón S.Coop.,2025-07-27,30 días,2025-08-26,2025-08-15,7955.01,Pagado
PP-000915,O-000915,PR-00778,Logística Casals S.A.,2025-08-12,90 días,2025-11-10,2025-11-05,6272.0,Pagado
PP-000916,O-000916,PR-01479,Ariadna Ortiz Carlos S.Com.,2025-07-22,Contado,2025-07-22,2025-07-22,1107.43,Pagado
PP-000917,O-000917,PR-01299,Grupo Lladó S.L.,2025-08-25,60 días,2025-10-24,2025-09-22,9733.38,Pagado
PP-000918,O-000918,PR-00654,Hermanos Cervantes S.Coop.,2025-08-13,90 días,2025-11-11,2025-10-20,3564.88,Pagado
PP-000919,O-000919,PR-00054,Inmobiliaria Sans S.L.,2025-08-13,30 días,2025-09-12,,6464.04,Pendiente
PP-000920,O-000920,PR-00055,Grupo Sevillano S.L.U.,2025-07-02,Contado,2025-07-02,,5266.61,Pendiente
PP-000921,O-000921,PR-00056,Hermanos Sanz S.Com.,2025-08-24,60 días,2025-10-23,,3431.7,Pendiente
PP-000922,O-000922,PR-00656,Hermanos Ferrera S.L.N.E,2025-07-06,30 días,2025-08-05,,2507.92,Retrasado
PP-000923,O-000923,PR-00059,Moliner y asociados S.L.L.,2025-08-07,60 días,2025-10-06,2025-08-08,3441.09,Pagado
PP-000924,O-000924,PR-01056,Aurelia Díez Amorós S.Coop.,2025-08-21,90 días,2025-11-19,2025-09-30,4536.2,Pagado
PP-000925,O-000925,PR-00770,Comercializadora Avanzadas S.L.N.E,2025-08-22,Contado,2025-08-22,2025-08-22,4620.61,Pagado
PP-000926,O-000926,PR-00062,Sala & Asociados S.Coop.,2025-07-14,60 días,2025-09-12,,11557.55,Pendiente
PP-000927,O-000927,PR-00062,Sala & Asociados S.Coop.,2025-08-12,60 días,2025-10-11,2025-09-30,8284.14,Pagado
PP-000928,O-000928,PR-01431,Hermanos Monreal S.L.N.E,2025-08-16,90 días,2025-11-14,2025-11-07,9863.92,Pagado
PP-000929,O-000929,PR-00092,Tudela y Juárez S.Coop.,2025-07-22,60 días,2025-09-20,,7316.31,Pendiente
PP-000930,O-000930,PR-00080,Parra y Bilbao S.Coop.,2025-08-08,30 días,2025-09-07,,6692.0,Pendiente
PP-000931,O-000931,PR-00081,Cardona y Pelayo S.L.,2025-08-24,Contado,2025-08-24,2025-08-24,8101.54,Pagado
PP-000932,O-000932,PR-00082,Otero & Asociados S.A.U,2025-08-26,60 días,2025-10-25,2025-09-03,7002.24,Pagado
PP-000933,O-000933,PR-00993,Familia Bilbao S.L.,2025-07-28,60 días,2025-09-26,2025-09-17,11396.16,Pagado
PP-000934,O-000934,PR-00084,Finanzas Mariño y asociados S.A.T.,2025-06-30,60 días,2025-08-29,2025-07-11,4098.16,Pagado
PP-000935,O-000935,PR-00056,Hermanos Sanz S.Com.,2025-07-30,60 días,2025-09-28,2025-09-14,4163.85,Pagado
PP-000936,O-000936,PR-00057,Herrera y Recio S.A.,2025-08-23,90 días,2025-11-21,2025-09-09,5590.62,Pagado
PP-000937,O-000937,PR-01255,Díez y Collado S.Com.,2025-08-13,90 días,2025-11-11,,8788.53,Pendiente
PP-000938,O-000938,PR-00754,Zaira Cabañas Vega S.Coop.,2025-08-12,30 días,2025-09-11,,2889.09,Pendiente
PP-000939,O-000939,PR-01056,Aurelia Díez Amorós S.Coop.,2025-06-30,90 días,2025-09-28,,7641.96,Pendiente
PP-000940,O-000940,PR-01325,Alimentación Internacionales S.Coop.,2025-07-06,60 días,2025-09-04,,9297.36,Pendiente
PP-000941,O-000941,PR-01431,Hermanos Monreal S.L.N.E,2025-08-25,90 días,2025-11-23,,4540.5,Pendiente
PP-000942,O-000942,PR-00080,Parra y Bilbao S.Coop.,2025-07-16,30 días,2025-08-15,,5951.86,Retrasado
PP-000943,O-000943,PR-00081,Cardona y Pelayo S.L.,2025-08-23,Contado,2025-08-23,2025-08-23,2396.7,Pagado
PP-000944,O-000944,PR-00083,Fábrica Navas S.Com.,2025-07-16,Contado,2025-07-16,2025-07-16,8934.02,Pagado
PP-000945,O-000945,PR-00053,Hermanos Arana S.L.,2025-08-03,60 días,2025-10-02,2025-09-23,1975.4,Pagado
PP-000946,O-000946,PR-00053,Hermanos Arana S.L.,2025-08-16,60 días,2025-10-15,,2624.38,Pendiente
PP-000947,O-000947,PR-00054,Inmobiliaria Sans S.L.,2025-08-03,30 días,2025-09-02,,2431.0,Pendiente
PP-000948,O-000948,PR-00055,Grupo Sevillano S.L.U.,2025-08-27,Contado,2025-08-27,2025-08-27,7144.94,Pagado
PP-000949,O-000949,PR-00056,Hermanos Sanz S.Com.,2025-08-05,60 días,2025-10-04,2025-09-02,5010.09,Pagado
PP-000950,O-000950,PR-00999,Instalaciones Solano y asociados S.L.,2025-07-05,30 días,2025-08-04,2025-07-19,4489.2,Pagado
PP-000951,O-000951,PR-00770,Comercializadora Avanzadas S.L.N.E,2025-08-14,Contado,2025-08-14,2025-08-14,2760.72,Pagado
PP-000952,O-000952,PR-00770,Comercializadora Avanzadas S.L.N.E,2025-07-11,Contado,2025-07-11,2025-07-11,2988.63,Pagado
PP-000953,O-000953,PR-01334,Abad y Marquez S.Com.,2025-08-01,30 días,2025-08-31,2025-08-14,687.75,Pagado
PP-000954,O-000954,PR-01334,Abad y Marquez S.Com.,2025-08-16,30 días,2025-09-15,,571.86,Pendiente
PP-000955,O-000955,PR-01334,Abad y Marquez S.Com.,2025-07-28,30 días,2025-08-27,,11187.2,Pendiente
PP-000956,O-000956,PR-00090,Construcción Mate S.A.,2025-07-12,30 días,2025-08-11,2025-08-03,7462.95,Pagado
PP-000957,O-000957,PR-00091,Banco ZCIR S.L.,2025-07-30,90 días,2025-10-28,,5440.32,Pendiente
PP-000958,O-000958,PR-00091,Banco ZCIR S.L.,2025-08-23,90 días,2025-11-21,,494.14,Pendiente
PP-000959,O-000959,PR-00082,Otero & Asociados S.A.U,2025-07-19,60 días,2025-09-17,,2221.44,Pendiente
PP-000960,O-000960,PR-01344,Transportes Gallo y asociados S.A.,2025-07-22,Contado,2025-07-22,2025-07-22,2795.52,Pagado
PP-000961,O-000961,PR-00083,Fábrica Navas S.Com.,2025-08-13,Contado,2025-08-13,2025-08-13,1550.72,Pagado
PP-000962,O-000962,PR-01479,Ariadna Ortiz Carlos S.Com.,2025-07-28,Contado,2025-07-28,2025-07-28,4988.0,Pagado
PP-000963,O-000963,PR-00056,Hermanos Sanz S.Com.,2025-07-28,60 días,2025-09-26,2025-09-22,2892.17,Pagado
PP-000964,O-000964,PR-00059,Moliner y asociados S.L.L.,2025-08-05,60 días,2025-10-04,,2509.44,Pendiente
PP-000965,O-000965,PR-00059,Moliner y asociados S.L.L.,2025-08-01,60 días,2025-09-30,,6727.6,Pendiente
PP-000966,O-000966,PR-00656,Hermanos Ferrera S.L.N.E,2025-08-16,30 días,2025-09-15,,2070.92,Pendiente
PP-000967,O-000967,PR-01325,Alimentación Internacionales S.Coop.,2025-07-20,60 días,2025-09-18,,10385.83,Pendiente
PP-000968,O-000968,PR-01334,Abad y Marquez S.Com.,2025-08-26,30 días,2025-09-25,,1640.79,Pendiente
PP-000969,O-000969,PR-01263,Hnos Esteban S.A.,2025-08-04,60 días,2025-10-03,,3171.96,Pendiente
PP-000970,O-000970,PR-00092,Tudela y Juárez S.Coop.,2025-08-07,60 días,2025-10-06,,781.77,Pendiente
PP-000971,O-000971,PR-01299,Grupo Lladó S.L.,2025-07-03,60 días,2025-09-01,2025-07-29,6462.61,Pagado
PP-000972,O-000972,PR-00654,Hermanos Cervantes S.Coop.,2025-07-18,90 días,2025-10-16,2025-08-07,5747.7,Pagado
PP-000973,O-000973,PR-00059,Moliner y asociados S.L.L.,2025-08-05,60 días,2025-10-04,2025-08-05,4871.04,Pagado
PP-000974,O-000974,PR-00862,Dorotea Posada Pallarès S.A.,2025-07-01,60 días,2025-08-30,2025-08-12,2524.02,Pagado
PP-000975,O-000975,PR-00060,Rozas y Patiño S.C.P,2025-07-26,90 días,2025-10-24,,9687.3,Pendiente
PP-000976,O-000976,PR-00091,Banco ZCIR S.L.,2025-07-17,90 días,2025-10-15,2025-08-19,5512.37,Pagado
PP-000977,O-000977,PR-01431,Hermanos Monreal S.L.N.E,2025-08-12,90 días,2025-11-10,,2052.0,Pendiente
PP-000978,O-000978,PR-01008,Restauración DPS S.Coop.,2025-07-30,60 días,2025-09-28,2025-09-18,5856.4,Pagado
PP-000979,O-000979,PR-00081,Cardona y Pelayo S.L.,2025-07-22,Contado,2025-07-22,2025-07-22,11685.57,Pagado
PP-000980,O-000980,PR-00081,Cardona y Pelayo S.L.,2025-08-01,Contado,2025-08-01,2025-08-01,4082.4,Pagado
PP-000981,O-000981,PR-00081,Cardona y Pelayo S.L.,2025-08-06,Contado,2025-08-06,2025-08-06,3330.53,Pagado
PP-000982,O-000982,PR-00778,Logística Casals S.A.,2025-08-21,90 días,2025-11-19,,8297.38,Pendiente
PP-000983,O-000983,PR-00654,Hermanos Cervantes S.Coop.,2025-08-17,90 días,2025-11-15,,9709.6,Pendiente
PP-000984,O-000984,PR-01391,Hotel Iberia S.Com.,2025-07-12,90 días,2025-10-10,,9812.6,Pendiente
PP-000985,O-000985,PR-00057,Herrera y Recio S.A.,2025-07-08,90 días,2025-10-06,2025-10-04,761.12,Pagado
PP-000986,O-000986,PR-01255,Díez y Collado S.Com.,2025-07-28,90 días,2025-10-26,2025-09-18,4243.2,Pagado
PP-000987,O-000987,PR-01364,Larrañaga & Asociados S.A.,2025-08-21,90 días,2025-11-19,,2559.52,Pendiente
PP-000988,O-000988,PR-01215,Tecnologías Aragonés S.L.L.,2025-08-17,30 días,2025-09-16,,4140.48,Pendiente
PP-000989,O-000989,PR-00060,Rozas y Patiño S.C.P,2025-07-06,90 días,2025-10-04,,847.0,Pendiente
PP-000990,O-000990,PR-00062,Sala & Asociados S.Coop.,2025-08-27,60 días,2025-10-26,2025-09-24,5935.04,Pagado
PP-000991,O-000991,PR-01334,Abad y Marquez S.Com.,2025-08-03,30 días,2025-09-02,2025-08-10,4331.0,Pagado
PP-000992,O-000992,PR-00090,Construcción Mate S.A.,2025-07-02,30 días,2025-08-01,2025-07-28,5027.4,Pagado
PP-000993,O-000993,PR-01060,Construcción Rius S.Com.,2025-08-20,90 días,2025-11-18,,9092.57,Pendiente
PP-000994,O-000994,PR-00980,Despacho Ibéricos S.L.,2025-07-09,60 días,2025-09-07,,4044.04,Pendiente
PP-000995,O-000995,PR-01497,Sosa y Anglada S.A.,2025-07-17,30 días,2025-08-16,,1199.01,Retrasado
PP-000996,O-000996,PR-00083,Fábrica Navas S.Com.,2025-08-25,Contado,2025-08-25,2025-08-25,5933.52,Pagado
PP-000997,O-000997,PR-01012,Industrias Naranjo S.L.L.,2025-08-28,90 días,2025-11-26,,6608.25,Pendiente
PP-000998,O-000998,PR-00054,Inmobiliaria Sans S.L.,2025-08-24,30 días,2025-09-23,,3384.96,Pendiente
PP-000999,O-000999,PR-00055,Grupo Sevillano S.L.U.,2025-08-06,Contado,2025-08-06,2025-08-06,714.25,Pagado
PP-001000,O-001000,PR-01056,Aurelia Díez Amorós S.Coop.,2025-08-25,90 días,2025-11-23,,10066.5,Pendiente
PP-001001,O-001001,PR-00090,Construcción Mate S.A.,2025-08-02,30 días,2025-09-01,2025-08-27,4348.98,Pagado
PP-001002,O-001002,PR-00090,Construcción Mate S.A.,2025-07-08,30 días,2025-08-07,2025-07-14,4171.5,Pagado
PP-001003,O-001003,PR-01060,Construcción Rius S.Com.,2025-07-10,90 días,2025-10-08,2025-09-05,2625.29,Pagado
PP-001004,O-001004,PR-00934,Banca Privada Ferrando S.L.L.,2025-08-16,90 días,2025-11-14,,4883.4,Pendiente
PP-001005,O-001005,PR-00993,Familia Bilbao S.L.,2025-08-20,60 días,2025-10-19,2025-10-17,7840.53,Pagado
PP-001006,O-001006,PR-00054,Inmobiliaria Sans S.L.,2025-08-12,30 días,2025-09-11,2025-08-29,5253.76,Pagado
PP-001007,O-001007,PR-01391,Hotel Iberia S.Com.,2025-08-06,90 días,2025-11-04,,4232.25,Pendiente
PP-001008,O-001008,PR-00055,Grupo Sevillano S.L.U.,2025-08-05,Contado,2025-08-05,2025-08-05,11068.98,Pagado
PP-001009,O-001009,PR-00055,Grupo Sevillano S.L.U.,2025-07-27,Contado,2025-07-27,2025-07-27,230.1,Pagado
PP-001010,O-001010,PR-00056,Hermanos Sanz S.Com.,2025-08-24,60 días,2025-10-23,2025-09-12,4767.51,Pagado
PP-001011,O-001011,PR-00057,Herrera y Recio S.A.,2025-07-13,90 días,2025-10-11,,852.72,Pendiente
PP-001012,O-001012,PR-00059,Moliner y asociados S.L.L.,2025-08-23,60 días,2025-10-22,,7639.83,Pendiente
PP-001013,O-001013,PR-00862,Dorotea Posada Pallarès S.A.,2025-08-26,60 días,2025-10-25,,6112.02,Pendiente
PP-001014,O-001014,PR-01215,Tecnologías Aragonés S.L.L.,2025-08-13,30 días,2025-09-12,2025-08-15,4220.86,Pagado
PP-001015,O-001015,PR-00060,Rozas y Patiño S.C.P,2025-07-08,90 días,2025-10-06,,581.88,Pendiente
PP-001016,O-001016,PR-01325,Alimentación Internacionales S.Coop.,2025-07-31,60 días,2025-09-29,2025-09-27,7115.55,Pagado
PP-001017,O-001017,PR-00062,Sala & Asociados S.Coop.,2025-07-26,60 días,2025-09-24,,9539.84,Pendiente
PP-001018,O-001018,PR-01334,Abad y Marquez S.Com.,2025-08-09,30 días,2025-09-08,2025-08-11,4042.94,Pagado
PP-001019,O-001019,PR-00090,Construcción Mate S.A.,2025-08-10,30 días,2025-09-09,,4486.5,Pendiente
PP-001020,O-001020,PR-00091,Banco ZCIR S.L.,2025-07-11,90 días,2025-10-09,2025-09-06,588.12,Pagado
PP-001021,O-001021,PR-00092,Tudela y Juárez S.Coop.,2025-08-18,60 días,2025-10-17,,279.71,Pendiente
PP-001022,O-001022,PR-01084,Anaya y Hidalgo S.A.,2025-07-31,60 días,2025-09-29,,481.6,Pendiente
PP-001023,O-001023,PR-01060,Construcción Rius S.Com.,2025-08-09,90 días,2025-11-07,2025-08-20,4389.12,Pagado
PP-001024,O-001024,PR-01479,Ariadna Ortiz Carlos S.Com.,2025-08-25,Contado,2025-08-25,2025-08-25,2790.2,Pagado
PP-001025,O-001025,PR-01391,Hotel Iberia S.Com.,2025-07-01,90 días,2025-09-29,2025-07-24,6330.0,Pagado
PP-001026,O-001026,PR-01255,Díez y Collado S.Com.,2025-07-14,90 días,2025-10-12,,9114.0,Pendiente
PP-001027,O-001027,PR-00091,Banco ZCIR S.L.,2025-07-16,90 días,2025-10-14,,1261.75,Pendiente
PP-001028,O-001028,PR-01263,Hnos Esteban S.A.,2025-08-21,60 días,2025-10-20,,173.02,Pendiente
PP-001029,O-001029,PR-01263,Hnos Esteban S.A.,2025-08-17,60 días,2025-10-16,,6163.29,Pendiente
PP-001030,O-001030,PR-00081,Cardona y Pelayo S.L.,2025-08-15,Contado,2025-08-15,2025-08-15,2615.35,Pagado
PP-001031,O-001031,PR-00081,Cardona y Pelayo S.L.,2025-08-06,Contado,2025-08-06,2025-08-06,1900.6,Pagado
PP-001032,O-001032,PR-01497,Sosa y Anglada S.A.,2025-08-19,30 días,2025-09-18,2025-09-06,1152.54,Pagado
PP-001033,O-001033,PR-00090,Construcción Mate S.A.,2025-07-22,30 días,2025-08-21,2025-08-09,5350.92,Pagado
PP-001034,O-001034,PR-00090,Construcción Mate S.A.,2025-08-21,30 días,2025-09-20,,3259.88,Pendiente
PP-001035,O-001035,PR-00090,Construcción Mate S.A.,2025-07-14,30 días,2025-08-13,2025-08-09,4787.98,Pagado
PP-001036,O-001036,PR-01095,Instalaciones Barberá & Asociados S.A.,2025-08-09,60 días,2025-10-08,,4392.96,Pendiente
PP-001037,O-001037,PR-01095,Instalaciones Barberá & Asociados S.A.,2025-07-20,60 días,2025-09-18,,10557.12,Pendiente
PP-001038,O-001038,PR-00934,Banca Privada Ferrando S.L.L.,2025-08-23,90 días,2025-11-21,,3269.77,Pendiente
PP-001039,O-001039,PR-01478,María Manuela Cabello Ramón S.Coop.,2025-08-16,30 días,2025-09-15,,4696.0,Pendiente
PP-001040,O-001040,PR-01478,María Manuela Cabello Ramón S.Coop.,2025-08-28,30 días,2025-09-27,,8824.92,Pendiente
PP-001041,O-001041,PR-01497,Sosa y Anglada S.A.,2025-07-16,30 días,2025-08-15,2025-08-07,1661.6,Pagado
PP-001042,O-001042,PR-00082,Otero & Asociados S.A.U,2025-08-22,60 días,2025-10-21,,2036.43,Pendiente
PP-001043,O-001043,PR-00654,Hermanos Cervantes S.Coop.,2025-07-25,90 días,2025-10-23,,4852.65,Pendiente
PP-001044,O-001044,PR-00055,Grupo Sevillano S.L.U.,2025-07-09,Contado,2025-07-09,2025-07-09,4789.26,Pagado
PP-001045,O-001045,PR-01255,Díez y Collado S.Com.,2025-07-14,90 días,2025-10-12,,5744.84,Pendiente
PP-001046,O-001046,PR-01431,Hermanos Monreal S.L.N.E,2025-08-09,90 días,2025-11-07,2025-09-27,4478.26,Pagado
PP-001047,O-001047,PR-01060,Construcción Rius S.Com.,2025-07-09,90 días,2025-10-07,2025-07-09,498.78,Pagado
PP-001048,O-001048,PR-00934,Banca Privada Ferrando S.L.L.,2025-08-05,90 días,2025-11-03,,9652.0,Pendiente
PP-001049,O-001049,PR-00081,Cardona y Pelayo S.L.,2025-08-02,Contado,2025-08-02,2025-08-02,13393.36,Pagado
PP-001050,O-001050,PR-00993,Familia Bilbao S.L.,2025-08-17,60 días,2025-10-16,,3496.95,Pendiente
PP-001051,O-001051,PR-00834,Hermanos Cabrera S.L.N.E,2025-08-07,90 días,2025-11-05,2025-09-25,2237.04,Pagado
PP-001052,O-001052,PR-00834,Hermanos Cabrera S.L.N.E,2025-07-25,90 días,2025-10-23,,7462.0,Pendiente
PP-001053,O-001053,PR-00054,Inmobiliaria Sans S.L.,2025-08-17,30 días,2025-09-16,,2048.26,Pendiente
PP-001054,O-001054,PR-00056,Hermanos Sanz S.Com.,2025-07-02,60 días,2025-08-31,,324.26,Pendiente
PP-001055,O-001055,PR-00056,Hermanos Sanz S.Com.,2025-07-31,60 días,2025-09-29,2025-09-18,114.8,Pagado
PP-001056,O-001056,PR-00056,Hermanos Sanz S.Com.,2025-07-05,60 días,2025-09-03,,4582.05,Pendiente
PP-001057,O-001057,PR-00654,Hermanos Cervantes S.Coop.,2025-07-31,90 días,2025-10-29,2025-08-27,664.93,Pagado
PP-001058,O-001058,PR-00054,Inmobiliaria Sans S.L.,2025-07-13,30 días,2025-08-12,2025-07-29,172.59,Pagado
PP-001059,O-001059,PR-00090,Construcción Mate S.A.,2025-08-18,30 días,2025-09-17,2025-08-23,2291.52,Pagado
PP-001060,O-001060,PR-00091,Banco ZCIR S.L.,2025-07-28,90 días,2025-10-26,,4394.77,Pendiente
PP-001061,O-001061,PR-00093,Infraestructuras Segovia & Asociados S.Com.,2025-07-05,90 días,2025-10-03,,5247.42,Pendiente
PP-001062,O-001062,PR-01060,Construcción Rius S.Com.,2025-08-16,90 días,2025-11-14,,1637.25,Pendiente
PP-001063,O-001063,PR-00082,Otero & Asociados S.A.U,2025-08-18,60 días,2025-10-17,2025-09-13,2239.24,Pagado
PP-001064,O-001064,PR-00054,Inmobiliaria Sans S.L.,2025-07-04,30 días,2025-08-03,,2389.45,Retrasado
PP-001065,O-001065,PR-01391,Hotel Iberia S.Com.,2025-07-30,90 días,2025-10-28,,6450.18,Pendiente
PP-001066,O-001066,PR-01391,Hotel Iberia S.Com.,2025-08-22,90 días,2025-11-20,,6127.8,Pendiente
PP-001067,O-001067,PR-00056,Hermanos Sanz S.Com.,2025-07-20,60 días,2025-09-18,2025-07-24,93.9,Pagado
PP-001068,O-001068,PR-00057,Herrera y Recio S.A.,2025-07-08,90 días,2025-10-06,2025-10-04,2305.94,Pagado
PP-001069,O-001069,PR-00090,Construcción Mate S.A.,2025-07-30,30 días,2025-08-29,2025-08-19,1240.66,Pagado
PP-001070,O-001070,PR-00091,Banco ZCIR S.L.,2025-08-26,90 días,2025-11-24,,12164.52,Pendiente
PP-001071,O-001071,PR-01431,Hermanos Monreal S.L.N.E,2025-08-04,90 días,2025-11-02,,479.36,Pendiente
PP-001072,O-001072,PR-01060,Construcción Rius S.Com.,2025-08-23,90 días,2025-11-21,2025-11-17,3547.57,Pagado
PP-001073,O-001073,PR-00934,Banca Privada Ferrando S.L.L.,2025-07-05,90 días,2025-10-03,,7400.8,Pendiente
PP-001074,O-001074,PR-01478,María Manuela Cabello Ramón S.Coop.,2025-08-07,30 días,2025-09-06,,8898.22,Pendiente
PP-001075,O-001075,PR-01478,María Manuela Cabello Ramón S.Coop.,2025-08-17,30 días,2025-09-16,,8319.78,Pendiente
PP-001076,O-001076,PR-01481,Comercializadora Mena & Asociados S.C.P,2025-07-28,60 días,2025-09-26,2025-08-09,1391.88,Pagado
PP-001077,O-001077,PR-00053,Hermanos Arana S.L.,2025-08-11,60 días,2025-10-10,,10112.79,Pendiente
PP-001078,O-001078,PR-00056,Hermanos Sanz S.Com.,2025-08-19,60 días,2025-10-18,2025-10-06,10068.0,Pagado
PP-001079,O-001079,PR-00057,Herrera y Recio S.A.,2025-08-05,90 días,2025-11-03,2025-09-02,4454.8,Pagado
PP-001080,O-001080,PR-01255,Díez y Collado S.Com.,2025-08-20,90 días,2025-11-18,,12651.35,Pendiente
PP-001081,O-001081,PR-00090,Construcción Mate S.A.,2025-08-19,30 días,2025-09-18,,998.28,Pendiente
PP-001082,O-001082,PR-00090,Construcción Mate S.A.,2025-07-02,30 días,2025-08-01,2025-07-23,9013.55,Pagado
PP-001083,O-001083,PR-01431,Hermanos Monreal S.L.N.E,2025-08-20,90 días,2025-11-18,2025-09-23,4312.72,Pagado
PP-001084,O-001084,PR-00093,Infraestructuras Segovia & Asociados S.Com.,2025-07-19,90 días,2025-10-17,2025-10-12,6753.9,Pagado
PP-001085,O-001085,PR-01084,Anaya y Hidalgo S.A.,2025-07-12,60 días,2025-09-10,,9158.94,Pendiente
PP-001086,O-001086,PR-01008,Restauración DPS S.Coop.,2025-08-16,60 días,2025-10-15,2025-09-29,12967.5,Pagado
PP-001087,O-001087,PR-01299,Grupo Lladó S.L.,2025-07-21,60 días,2025-09-19,,2106.15,Pendiente
PP-001088,O-001088,PR-01158,Grupo Torrijos S.L.,2025-07-11,30 días,2025-08-10,2025-07-22,9159.88,Pagado
PP-001089,O-001089,PR-00654,Hermanos Cervantes S.Coop.,2025-08-12,90 días,2025-11-10,2025-11-04,4479.3,Pagado
PP-001090,O-001090,PR-00054,Inmobiliaria Sans S.L.,2025-08-19,30 días,2025-09-18,,4416.32,Pendiente
PP-001091,O-001091,PR-00056,Hermanos Sanz S.Com.,2025-08-26,60 días,2025-10-25,2025-09-20,2306.37,Pagado
PP-001092,O-001092,PR-00056,Hermanos Sanz S.Com.,2025-07-30,60 días,2025-09-28,,9631.62,Pendiente
PP-001093,O-001093,PR-00056,Hermanos Sanz S.Com.,2025-07-24,60 días,2025-09-22,2025-08-02,1767.12,Pagado
PP-001094,O-001094,PR-00090,Construcción Mate S.A.,2025-07-10,30 días,2025-08-09,2025-08-05,609.88,Pagado
PP-001095,O-001095,PR-00091,Banco ZCIR S.L.,2025-07-06,90 días,2025-10-04,,2372.74,Pendiente
PP-001096,O-001096,PR-01095,Instalaciones Barberá & Asociados S.A.,2025-07-07,60 días,2025-09-05,2025-08-18,1551.6,Pagado
PP-001097,O-001097,PR-00934,Banca Privada Ferrando S.L.L.,2025-08-26,90 días,2025-11-24,,3377.79,Pendiente
PP-001098,O-001098,PR-01344,Transportes Gallo y asociados S.A.,2025-08-04,Contado,2025-08-04,2025-08-04,2824.58,Pagado
PP-001099,O-001099,PR-01158,Grupo Torrijos S.L.,2025-08-07,30 días,2025-09-06,2025-09-02,724.48,Pagado
PP-001100,O-001100,PR-00055,Grupo Sevillano S.L.U.,2025-08-17,Contado,2025-08-17,,1293.36,Retrasado
PP-001101,O-001101,PR-01391,Hotel Iberia S.Com.,2025-07-23,90 días,2025-10-21,,2005.5,Pendiente
PP-001102,O-001102,PR-00056,Hermanos Sanz S.Com.,2025-07-23,60 días,2025-09-21,2025-08-06,1803.6,Pagado
PP-001103,O-001103,PR-00056,Hermanos Sanz S.Com.,2025-07-03,60 días,2025-09-01,2025-07-09,11553.09,Pagado
PP-001104,O-001104,PR-00091,Banco ZCIR S.L.,2025-07-25,90 días,2025-10-23,,8609.94,Pendiente
PP-001105,O-001105,PR-01431,Hermanos Monreal S.L.N.E,2025-07-07,90 días,2025-10-05,,1448.26,Pendiente
PP-001106,O-001106,PR-00094,Laguna y Pellicer S.L.,2025-08-16,90 días,2025-11-14,,10433.85,Pendiente
PP-001107,O-001107,PR-01479,Ariadna Ortiz Carlos S.Com.,2025-08-24,Contado,2025-08-24,2025-08-24,6426.0,Pagado
PP-001108,O-001108,PR-01012,Industrias Naranjo S.L.L.,2025-08-22,90 días,2025-11-20,,8864.46,Pendiente
PP-001109,O-001109,PR-00654,Hermanos Cervantes S.Coop.,2025-08-03,90 días,2025-11-01,,3983.2,Pendiente
PP-001110,O-001110,PR-00091,Banco ZCIR S.L.,2025-08-08,90 días,2025-11-06,2025-09-28,1794.6,Pagado
PP-001111,O-001111,PR-01431,Hermanos Monreal S.L.N.E,2025-07-14,90 días,2025-10-12,,2624.72,Pendiente
PP-001112,O-001112,PR-01431,Hermanos Monreal S.L.N.E,2025-08-19,90 días,2025-11-17,,331.76,Pendiente
PP-001113,O-001113,PR-00094,Laguna y Pellicer S.L.,2025-08-22,90 días,2025-11-20,,2654.22,Pendiente
PP-001114,O-001114,PR-01481,Comercializadora Mena & Asociados S.C.P,2025-08-13,60 días,2025-10-12,,2956.47,Pendiente
PP-001115,O-001115,PR-00654,Hermanos Cervantes S.Coop.,2025-08-09,90 días,2025-11-07,2025-09-28,2724.0,Pagado
PP-001116,O-001116,PR-00053,Hermanos Arana S.L.,2025-07-13,60 días,2025-09-11,,886.8,Pendiente
PP-001117,O-001117,PR-01391,Hotel Iberia S.Com.,2025-07-19,90 días,2025-10-17,2025-08-31,3319.68,Pagado
PP-001118,O-001118,PR-00056,Hermanos Sanz S.Com.,2025-08-10,60 días,2025-10-09,,5249.16,Pendiente
PP-001119,O-001119,PR-00090,Construcción Mate S.A.,2025-07-17,30 días,2025-08-16,2025-07-22,1663.0,Pagado
PP-001120,O-001120,PR-00091,Banco ZCIR S.L.,2025-07-26,90 días,2025-10-24,,7552.91,Pendiente
PP-001121,O-001121,PR-00093,Infraestructuras Segovia & Asociados S.Com.,2025-08-14,90 días,2025-11-12,2025-10-26,2896.2,Pagado
PP-001122,O-001122,PR-01060,Construcción Rius S.Com.,2025-07-15,90 días,2025-10-13,,1352.06,Pendiente
PP-001123,O-001123,PR-00080,Parra y Bilbao S.Coop.,2025-08-14,30 días,2025-09-13,2025-09-02,3394.8,Pagado
PP-001124,O-001124,PR-00082,Otero & Asociados S.A.U,2025-07-27,60 días,2025-09-25,,9873.66,Pendiente
PP-001125,O-001125,PR-01479,Ariadna Ortiz Carlos S.Com.,2025-07-26,Contado,2025-07-26,2025-07-26,1614.6,Pagado
PP-001126,O-001126,PR-01158,Grupo Torrijos S.L.,2025-07-15,30 días,2025-08-14,2025-07-22,11024.08,Pagado
PP-001127,O-001127,PR-00053,Hermanos Arana S.L.,2025-07-29,60 días,2025-09-27,2025-08-04,1513.11,Pagado
PP-001128,O-001128,PR-00053,Hermanos Arana S.L.,2025-07-21,60 días,2025-09-19,,5048.12,Pendiente
PP-001129,O-001129,PR-00054,Inmobiliaria Sans S.L.,2025-07-24,30 días,2025-08-23,2025-08-20,6486.75,Pagado
PP-001130,O-001130,PR-00090,Construcción Mate S.A.,2025-07-14,30 días,2025-08-13,2025-08-03,5620.4,Pagado
PP-001131,O-001131,PR-01431,Hermanos Monreal S.L.N.E,2025-07-09,90 días,2025-10-07,2025-07-27,3034.85,Pagado
PP-001132,O-001132,PR-00094,Laguna y Pellicer S.L.,2025-08-10,90 días,2025-11-08,,5138.8,Pendiente
PP-001133,O-001133,PR-00980,Despacho Ibéricos S.L.,2025-07-31,60 días,2025-09-29,,12970.3,Pendiente
PP-001134,O-001134,PR-00980,Despacho Ibéricos S.L.,2025-07-15,60 días,2025-09-13,2025-07-24,392.34,Pagado
PP-001135,O-001135,PR-00993,Familia Bilbao S.L.,2025-08-17,60 días,2025-10-16,,260.88,Pendiente
PP-001136,O-001136,PR-00083,Fábrica Navas S.Com.,2025-08-13,Contado,2025-08-13,2025-08-13,291.81,Pagado
PP-001137,O-001137,PR-00084,Finanzas Mariño y asociados S.A.T.,2025-07-20,60 días,2025-09-18,,10952.74,Pendiente
PP-001138,O-001138,PR-00834,Hermanos Cabrera S.L.N.E,2025-07-25,90 días,2025-10-23,,3005.87,Pendiente
PP-001139,O-001139,PR-00654,Hermanos Cervantes S.Coop.,2025-07-03,90 días,2025-10-01,2025-07-05,1815.12,Pagado
PP-001140,O-001140,PR-00054,Inmobiliaria Sans S.L.,2025-07-23,30 días,2025-08-22,2025-08-11,6191.64,Pagado
PP-001141,O-001141,PR-00055,Grupo Sevillano S.L.U.,2025-07-07,Contado,2025-07-07,,8814.0,Pendiente
PP-001142,O-001142,PR-00056,Hermanos Sanz S.Com.,2025-07-08,60 días,2025-09-06,,5030.08,Pendiente
PP-001143,O-001143,PR-01483,"Gil, Romo y Rico",2025-07-17,30 días,2025-08-16,,2444.16,Retrasado
PP-001144,O-001144,PR-01327,Curiel y Santiago S.A.,2025-08-08,60 días,2025-10-07,,5733.25,Pendiente
PP-001145,O-001145,PR-01388,Cardona A.C.,2025-08-04,90 días,2025-11-02,2025-08-31,9773.98,Pagado
PP-001146,O-001146,PR-00139,Montes S. R.L. de C.V.,2025-07-27,90 días,2025-10-25,2025-09-23,1451.6,Pagado
PP-001147,O-001147,PR-00828,Urrutia e Hijos,2025-08-12,30 días,2025-09-11,,674.8,Pendiente
PP-001148,O-001148,PR-01496,"Grupo Cantú, Robledo y Peres",2025-07-20,90 días,2025-10-18,2025-09-04,2746.44,Pagado
PP-001149,O-001149,PR-00128,Centeno S.A. de C.V.,2025-08-26,Contado,2025-08-26,2025-08-26,5064.15,Pagado
PP-001150,O-001150,PR-01385,"Corona, Mena y Zamudio",2025-07-15,30 días,2025-08-14,2025-07-27,3647.52,Pagado
PP-001151,O-001151,PR-00100,Industrias Saucedo y Zepeda,2025-08-12,90 días,2025-11-10,,1166.56,Pendiente
PP-001152,O-001152,PR-01086,Cintrón y Vergara A.C.,2025-08-18,60 días,2025-10-17,2025-09-26,1000.68,Pagado
PP-001153,O-001153,PR-00102,"Dueñas, Garrido y Vanegas",2025-08-04,30 días,2025-09-03,,184.68,Pendiente
PP-001154,O-001154,PR-00105,"Grupo Becerra, Solorzano y de la Garza",2025-07-04,Contado,2025-07-04,2025-07-04,597.19,Pagado
PP-001155,O-001155,PR-01287,"Bueno, Navarrete y Prieto",2025-07-25,30 días,2025-08-24,2025-08-08,6416.48,Pagado
PP-001156,O-001156,PR-00106,Villalpando-Ruiz S.C.,2025-07-08,30 días,2025-08-07,,12633.39,Retrasado
PP-001157,O-001157,PR-00108,Industrias Alonzo y Alemán,2025-07-14,90 días,2025-10-12,,3081.26,Pendiente
PP-001158,O-001158,PR-00108,Industrias Alonzo y Alemán,2025-07-11,90 días,2025-10-09,,6600.68,Pendiente
PP-001159,O-001159,PR-01464,Quintana S.A. de C.V.,2025-07-03,30 días,2025-08-02,,2763.53,Retrasado
PP-001160,O-001160,PR-00132,Espinal-Piña S.C.,2025-07-02,90 días,2025-09-30,,7035.6,Pendiente
PP-001161,O-001161,PR-01016,Reynoso-Coronado,2025-08-22,90 días,2025-11-20,2025-11-19,4469.01,Pagado
PP-001162,O-001162,PR-01379,Industrias Negrete-Carbajal,2025-07-04,90 días,2025-10-02,,2362.83,Pendiente
PP-001163,O-001163,PR-01091,Salcedo-Abrego,2025-08-10,90 días,2025-11-08,,4209.7,Pendiente
PP-001164,O-001164,PR-00113,"Llamas, Olmos y Véliz",2025-07-20,90 días,2025-10-18,,6410.79,Pendiente
PP-001165,O-001165,PR-00114,Razo-Rivera,2025-08-20,90 días,2025-11-18,,1168.16,Pendiente
PP-001166,O-001166,PR-00095,Proyectos Gallardo y Coronado,2025-07-20,Contado,2025-07-20,,1639.21,Retrasado
PP-001167,O-001167,PR-01317,"Industrias Santana, Lucio y Irizarry",2025-08-28,30 días,2025-09-27,2025-09-05,3998.28,Pagado
PP-001168,O-001168,PR-01206,Industrias Urrutia y Rangel,2025-08-28,60 días,2025-10-27,,2030.69,Pendiente
PP-001169,O-001169,PR-00099,Rodríquez-Sandoval,2025-07-03,60 días,2025-09-01,2025-07-18,6334.4,Pagado
PP-001170,O-001170,PR-00099,Rodríquez-Sandoval,2025-07-19,60 días,2025-09-17,2025-08-03,10622.15,Pagado
PP-001171,O-001171,PR-00116,"Laboratorios Armenta, Alba y Serna",2025-07-27,90 días,2025-10-25,,785.22,Pendiente
PP-001172,O-001172,PR-01331,Rendón-Villagómez e Hijos,2025-07-23,30 días,2025-08-22,,3945.92,Retrasado
PP-001173,O-001173,PR-00117,Sisneros y Asociados,2025-08-11,30 días,2025-09-10,,5253.88,Pendiente
PP-001174,O-001174,PR-01192,Grupo Ceja-Peralta,2025-08-14,60 días,2025-10-13,2025-09-23,746.92,Pagado
PP-001175,O-001175,PR-00120,Corporacin Ponce-Zamora,2025-08-06,90 días,2025-11-04,2025-10-13,6003.36,Pagado
PP-001176,O-001176,PR-00121,Granados S.A. de C.V.,2025-08-13,30 días,2025-09-12,,10062.5,Pendiente
PP-001177,O-001177,PR-00124,"Quintana, Jaime y Portillo",2025-08-06,30 días,2025-09-05,,9258.24,Pendiente
PP-001178,O-001178,PR-00124,"Quintana, Jaime y Portillo",2025-08-14,30 días,2025-09-13,2025-08-19,2552.04,Pagado
PP-001179,O-001179,PR-00879,Despacho Godoy y Quesada,2025-08-21,30 días,2025-09-20,2025-09-09,6958.05,Pagado
PP-001180,O-001180,PR-01217,Tapia y Cadena S. R.L. de C.V.,2025-08-12,30 días,2025-09-11,,7445.91,Pendiente
PP-001181,O-001181,PR-00640,"Cardenas, Paredes y Fuentes",2025-08-25,60 días,2025-10-24,2025-09-23,2020.68,Pagado
PP-001182,O-001182,PR-00640,"Cardenas, Paredes y Fuentes",2025-08-24,60 días,2025-10-23,2025-09-08,1067.0,Pagado
PP-001183,O-001183,PR-00828,Urrutia e Hijos,2025-07-18,30 días,2025-08-17,2025-08-14,2709.3,Pagado
PP-001184,O-001184,PR-00141,"Olivárez, Aparicio y Parra",2025-07-17,30 días,2025-08-16,,8063.78,Pendiente
PP-001185,O-001185,PR-01355,Industrias Gutiérrez y Heredia,2025-06-30,60 días,2025-08-29,2025-08-24,6395.48,Pagado
PP-001186,O-001186,PR-01086,Cintrón y Vergara A.C.,2025-07-21,60 días,2025-09-19,,12420.54,Pendiente
PP-001187,O-001187,PR-00102,"Dueñas, Garrido y Vanegas",2025-07-14,30 días,2025-08-13,2025-08-01,3185.55,Pagado
PP-001188,O-001188,PR-00103,Salcedo y Zaragoza S.A. de C.V.,2025-08-26,60 días,2025-10-25,,1664.78,Pendiente
PP-001189,O-001189,PR-00103,Salcedo y Zaragoza S.A. de C.V.,2025-08-18,60 días,2025-10-17,2025-09-02,6478.78,Pagado
PP-001190,O-001190,PR-00104,Mesa A.C.,2025-07-07,90 días,2025-10-05,2025-08-01,5657.18,Pagado
PP-001191,O-001191,PR-01341,Vergara-Perea,2025-08-16,90 días,2025-11-14,2025-10-11,2659.52,Pagado
PP-001192,O-001192,PR-00921,Ballesteros-Ceballos y Asociados,2025-08-24,30 días,2025-09-23,2025-09-06,3998.4,Pagado
PP-001193,O-001193,PR-00853,Téllez-Bustamante,2025-08-06,30 días,2025-09-05,,3042.75,Pendiente
PP-001194,O-001194,PR-00853,Téllez-Bustamante,2025-08-27,30 días,2025-09-26,,990.63,Pendiente
PP-001195,O-001195,PR-00853,Téllez-Bustamante,2025-08-07,30 días,2025-09-06,,7133.37,Pendiente
PP-001196,O-001196,PR-00133,Rico-Aparicio,2025-07-24,30 días,2025-08-23,2025-07-30,4246.86,Pagado
PP-001197,O-001197,PR-01016,Reynoso-Coronado,2025-07-23,90 días,2025-10-21,2025-10-02,2888.66,Pagado
PP-001198,O-001198,PR-00731,Carmona y Henríquez e Hijos,2025-07-12,Contado,2025-07-12,2025-07-12,8987.52,Pagado
PP-001199,O-001199,PR-00118,Sauceda-Vallejo,2025-07-17,90 días,2025-10-15,,983.84,Pendiente
PP-001200,O-001200,PR-00112,Laboratorios Osorio y Orozco,2025-07-09,90 días,2025-10-07,2025-07-16,1717.22,Pagado
PP-001201,O-001201,PR-00112,Laboratorios Osorio y Orozco,2025-08-21,90 días,2025-11-19,2025-09-04,4435.38,Pagado
PP-001202,O-001202,PR-00112,Laboratorios Osorio y Orozco,2025-07-29,90 días,2025-10-27,2025-09-25,7510.7,Pagado
PP-001203,O-001203,PR-01206,Industrias Urrutia y Rangel,2025-07-04,60 días,2025-09-02,,8226.37,Pendiente
PP-001204,O-001204,PR-00867,Berríos y Velázquez A.C.,2025-08-21,90 días,2025-11-19,2025-09-03,3243.76,Pagado
PP-001205,O-001205,PR-01414,"Corporacin Toledo, Batista y Alonzo",2025-07-07,90 días,2025-10-05,,1283.4,Pendiente
PP-001206,O-001206,PR-00119,"Proyectos Cano, Santana y Castillo",2025-07-19,60 días,2025-09-17,2025-08-10,5452.3,Pagado
PP-001207,O-001207,PR-00121,Granados S.A. de C.V.,2025-07-24,30 días,2025-08-23,2025-08-17,473.52,Pagado
PP-001208,O-001208,PR-00121,Granados S.A. de C.V.,2025-07-22,30 días,2025-08-21,2025-07-24,5629.32,Pagado
PP-001209,O-001209,PR-01054,Herrera-Garza,2025-08-03,30 días,2025-09-02,2025-08-11,705.32,Pagado
PP-001210,O-001210,PR-01327,Curiel y Santiago S.A.,2025-07-16,60 días,2025-09-14,,491.78,Pendiente
PP-001211,O-001211,PR-01496,"Grupo Cantú, Robledo y Peres",2025-08-18,90 días,2025-11-16,2025-09-07,4101.12,Pagado
PP-001212,O-001212,PR-00128,Centeno S.A. de C.V.,2025-08-23,Contado,2025-08-23,,3458.56,Pendiente
PP-001213,O-001213,PR-01355,Industrias Gutiérrez y Heredia,2025-07-12,60 días,2025-09-10,,5632.0,Pendiente
PP-001214,O-001214,PR-00814,"Medrano, Cardona y Mayorga",2025-07-01,Contado,2025-07-01,2025-07-01,5684.64,Pagado
PP-001215,O-001215,PR-00102,"Dueñas, Garrido y Vanegas",2025-08-22,30 días,2025-09-21,,1722.7,Pendiente
PP-001216,O-001216,PR-00103,Salcedo y Zaragoza S.A. de C.V.,2025-07-05,60 días,2025-09-03,2025-07-24,6783.36,Pagado
PP-001217,O-001217,PR-01408,Rocha y Bañuelos S.C.,2025-07-08,30 días,2025-08-07,2025-07-21,5393.42,Pagado
PP-001218,O-001218,PR-01341,Vergara-Perea,2025-08-21,90 días,2025-11-19,,425.22,Pendiente
PP-001219,O-001219,PR-00106,Villalpando-Ruiz S.C.,2025-08-12,30 días,2025-09-11,,5567.83,Pendiente
PP-001220,O-001220,PR-00107,"Aparicio, Jaime y Corona",2025-08-08,90 días,2025-11-06,2025-10-15,10466.01,Pagado
PP-001221,O-001221,PR-00108,Industrias Alonzo y Alemán,2025-07-22,90 días,2025-10-20,2025-10-11,2077.46,Pagado
PP-001222,O-001222,PR-00133,Rico-Aparicio,2025-07-30,30 días,2025-08-29,2025-08-09,1721.92,Pagado
PP-001223,O-001223,PR-00133,Rico-Aparicio,2025-08-10,30 días,2025-09-09,,8976.8,Pendiente
PP-001224,O-001224,PR-00133,Rico-Aparicio,2025-08-14,30 días,2025-09-13,,7095.2,Pendiente
PP-001225,O-001225,PR-00134,Cuellar y de la Fuente A.C.,2025-07-26,90 días,2025-10-24,,5639.27,Pendiente
PP-001226,O-001226,PR-00135,"Industrias Tejada, Rodarte y Grijalva",2025-07-06,60 días,2025-09-04,2025-09-02,2173.5,Pagado
PP-001227,O-001227,PR-01403,Cavazos y Solorzano A.C.,2025-08-23,30 días,2025-09-22,,10429.6,Pendiente
PP-001228,O-001228,PR-01192,Grupo Ceja-Peralta,2025-08-14,60 días,2025-10-13,,104.72,Pendiente
PP-001229,O-001229,PR-00111,Quiñones y Sanches S. R.L. de C.V.,2025-06-30,60 días,2025-08-29,,4060.29,Pendiente
PP-001230,O-001230,PR-00112,Laboratorios Osorio y Orozco,2025-08-02,90 días,2025-10-31,,2447.0,Pendiente
PP-001231,O-001231,PR-00113,"Llamas, Olmos y Véliz",2025-07-01,90 días,2025-09-29,,3904.24,Pendiente
PP-001232,O-001232,PR-00138,Industrias Montemayor y Durán,2025-07-29,30 días,2025-08-28,,12751.2,Retrasado
PP-001233,O-001233,PR-00138,Industrias Montemayor y Durán,2025-08-25,30 días,2025-09-24,,3000.81,Pendiente
PP-001234,O-001234,PR-00139,Montes S. R.L. de C.V.,2025-07-31,90 días,2025-10-29,2025-08-26,7938.75,Pagado
PP-001235,O-001235,PR-01217,Tapia y Cadena S. R.L. de C.V.,2025-07-20,30 días,2025-08-19,2025-08-01,9634.68,Pagado
PP-001236,O-001236,PR-00130,Despacho Miranda y Sauceda,2025-07-21,90 días,2025-10-19,2025-08-16,5327.92,Pagado
PP-001237,O-001237,PR-00100,Industrias Saucedo y Zepeda,2025-07-22,90 días,2025-10-20,2025-08-15,2058.48,Pagado
PP-001238,O-001238,PR-01039,"Corporacin Espinosa, Montez y Collazo",2025-08-19,30 días,2025-09-18,2025-08-28,3617.14,Pagado
PP-001239,O-001239,PR-01408,Rocha y Bañuelos S.C.,2025-07-16,30 días,2025-08-15,2025-08-10,12846.88,Pagado
PP-001240,O-001240,PR-01408,Rocha y Bañuelos S.C.,2025-07-30,30 días,2025-08-29,2025-08-25,6155.46,Pagado
PP-001241,O-001241,PR-00105,"Grupo Becerra, Solorzano y de la Garza",2025-07-19,Contado,2025-07-19,2025-07-19,377.6,Pagado
PP-001242,O-001242,PR-00106,Villalpando-Ruiz S.C.,2025-08-01,30 días,2025-08-31,,7579.55,Pendiente
PP-001243,O-001243,PR-01464,Quintana S.A. de C.V.,2025-07-28,30 días,2025-08-27,2025-07-31,5175.48,Pagado
PP-001244,O-001244,PR-01464,Quintana S.A. de C.V.,2025-07-26,30 días,2025-08-25,2025-07-28,98.56,Pagado
PP-001245,O-001245,PR-00846,Ríos-Ruelas S.A.,2025-07-12,60 días,2025-09-10,,4084.62,Pendiente
PP-001246,O-001246,PR-00132,Espinal-Piña S.C.,2025-07-23,90 días,2025-10-21,,8064.0,Pendiente
PP-001247,O-001247,PR-01016,Reynoso-Coronado,2025-08-15,90 días,2025-11-13,,10843.2,Pendiente
PP-001248,O-001248,PR-00134,Cuellar y de la Fuente A.C.,2025-08-26,90 días,2025-11-24,,189.1,Pendiente
PP-001249,O-001249,PR-00134,Cuellar y de la Fuente A.C.,2025-08-26,90 días,2025-11-24,,3742.71,Pendiente
PP-001250,O-001250,PR-00988,Hurtado-Sotelo,2025-08-04,60 días,2025-10-03,2025-09-15,1710.1,Pagado
PP-001251,O-001251,PR-01403,Cavazos y Solorzano A.C.,2025-08-11,30 días,2025-09-10,,2076.2,Pendiente
PP-001252,O-001252,PR-00110,Uribe y Calvillo y Asociados,2025-08-08,60 días,2025-10-07,2025-08-29,1920.96,Pagado
PP-001253,O-001253,PR-00118,Sauceda-Vallejo,2025-07-13,90 días,2025-10-11,2025-07-21,1513.92,Pagado
PP-001254,O-001254,PR-00111,Quiñones y Sanches S. R.L. de C.V.,2025-07-30,60 días,2025-09-28,,5885.89,Pendiente
PP-001255,O-001255,PR-00113,"Llamas, Olmos y Véliz",2025-07-16,90 días,2025-10-14,2025-10-12,3186.6,Pagado
PP-001256,O-001256,PR-00113,"Llamas, Olmos y Véliz",2025-08-27,90 días,2025-11-25,2025-10-08,11049.5,Pagado
PP-001257,O-001257,PR-00113,"Llamas, Olmos y Véliz",2025-08-26,90 días,2025-11-24,2025-09-02,1825.59,Pagado
PP-001258,O-001258,PR-01163,Figueroa y Reynoso A.C.,2025-08-17,60 días,2025-10-16,,2625.3,Pendiente
PP-001259,O-001259,PR-00138,Industrias Montemayor y Durán,2025-08-06,30 días,2025-09-05,,3275.36,Pendiente
PP-001260,O-001260,PR-01327,Curiel y Santiago S.A.,2025-08-23,60 días,2025-10-22,2025-08-31,1138.2,Pagado
PP-001261,O-001261,PR-00140,Martínez-Rojo S.A.,2025-08-03,90 días,2025-11-01,2025-08-10,5608.2,Pagado
PP-001262,O-001262,PR-00128,Centeno S.A. de C.V.,2025-07-05,Contado,2025-07-05,2025-07-05,3890.46,Pagado
PP-001263,O-001263,PR-01086,Cintrón y Vergara A.C.,2025-08-23,60 días,2025-10-22,,828.36,Pendiente
PP-001264,O-001264,PR-00101,Rangel-Gracia S.A. de C.V.,2025-07-20,90 días,2025-10-18,,2916.68,Pendiente
PP-001265,O-001265,PR-01408,Rocha y Bañuelos S.C.,2025-07-24,30 días,2025-08-23,,2108.82,Pendiente
PP-001266,O-001266,PR-00106,Villalpando-Ruiz S.C.,2025-07-03,30 días,2025-08-02,2025-07-25,3975.3,Pagado
PP-001267,O-001267,PR-00107,"Aparicio, Jaime y Corona",2025-08-11,90 días,2025-11-09,2025-11-05,3375.16,Pagado
PP-001268,O-001268,PR-01464,Quintana S.A. de C.V.,2025-07-11,30 días,2025-08-10,2025-07-16,4654.32,Pagado
PP-001269,O-001269,PR-00109,Ramos A.C.,2025-08-15,30 días,2025-09-14,2025-08-31,1936.83,Pagado
PP-001270,O-001270,PR-00846,Ríos-Ruelas S.A.,2025-08-03,60 días,2025-10-02,2025-09-10,856.8,Pagado
PP-001271,O-001271,PR-01016,Reynoso-Coronado,2025-08-11,90 días,2025-11-09,2025-09-21,3807.0,Pagado
PP-001272,O-001272,PR-00731,Carmona y Henríquez e Hijos,2025-08-20,Contado,2025-08-20,,11117.26,Retrasado
PP-001273,O-001273,PR-01403,Cavazos y Solorzano A.C.,2025-08-07,30 días,2025-09-06,2025-08-16,8299.2,Pagado
PP-001274,O-001274,PR-00136,Marrero S.A.,2025-08-01,Contado,2025-08-01,2025-08-01,3197.34,Pagado
PP-001275,O-001275,PR-00111,Quiñones y Sanches S. R.L. de C.V.,2025-07-24,60 días,2025-09-22,2025-09-19,3276.78,Pagado
PP-001276,O-001276,PR-00111,Quiñones y Sanches S. R.L. de C.V.,2025-08-26,60 días,2025-10-25,2025-10-21,1470.16,Pagado
PP-001277,O-001277,PR-00112,Laboratorios Osorio y Orozco,2025-07-11,90 días,2025-10-09,2025-09-17,179.76,Pagado
PP-001278,O-001278,PR-00879,Despacho Godoy y Quesada,2025-08-04,30 días,2025-09-03,2025-08-15,4138.68,Pagado
PP-001279,O-001279,PR-01327,Curiel y Santiago S.A.,2025-07-22,60 días,2025-09-20,,5933.52,Pendiente
PP-001280,O-001280,PR-00139,Montes S. R.L. de C.V.,2025-08-07,90 días,2025-11-05,,4785.3,Pendiente
PP-001281,O-001281,PR-01207,Hernandes e Hijos,2025-07-01,Contado,2025-07-01,2025-07-01,9570.0,Pagado
PP-001282,O-001282,PR-01217,Tapia y Cadena S. R.L. de C.V.,2025-07-09,30 días,2025-08-08,2025-07-17,7308.0,Pagado
PP-001283,O-001283,PR-01496,"Grupo Cantú, Robledo y Peres",2025-08-28,90 días,2025-11-26,2025-10-04,2223.2,Pagado
PP-001284,O-001284,PR-01496,"Grupo Cantú, Robledo y Peres",2025-07-08,90 días,2025-10-06,2025-09-13,3234.59,Pagado
PP-001285,O-001285,PR-00128,Centeno S.A. de C.V.,2025-07-01,Contado,2025-07-01,2025-07-01,4611.64,Pagado
PP-001286,O-001286,PR-00128,Centeno S.A. de C.V.,2025-07-24,Contado,2025-07-24,2025-07-24,154.44,Pagado
PP-001287,O-001287,PR-00130,Despacho Miranda y Sauceda,2025-08-16,90 días,2025-11-14,,652.0,Pendiente
PP-001288,O-001288,PR-01385,"Corona, Mena y Zamudio",2025-08-10,30 días,2025-09-09,2025-08-29,2759.4,Pagado
PP-001289,O-001289,PR-00814,"Medrano, Cardona y Mayorga",2025-07-01,Contado,2025-07-01,2025-07-01,2202.48,Pagado
PP-001290,O-001290,PR-00102,"Dueñas, Garrido y Vanegas",2025-08-03,30 días,2025-09-02,2025-08-10,312.78,Pagado
PP-001291,O-001291,PR-00103,Salcedo y Zaragoza S.A. de C.V.,2025-07-18,60 días,2025-09-16,2025-08-06,3976.28,Pagado
PP-001292,O-001292,PR-01211,Cuellar A.C.,2025-08-12,90 días,2025-11-10,,2372.74,Pendiente
PP-001293,O-001293,PR-00108,Industrias Alonzo y Alemán,2025-07-04,90 días,2025-10-02,2025-08-19,3569.67,Pagado
PP-001294,O-001294,PR-00108,Industrias Alonzo y Alemán,2025-07-27,90 días,2025-10-25,,1263.36,Pendiente
PP-001295,O-001295,PR-00132,Espinal-Piña S.C.,2025-08-06,90 días,2025-11-04,2025-10-03,4549.15,Pagado
PP-001296,O-001296,PR-01379,Industrias Negrete-Carbajal,2025-07-26,90 días,2025-10-24,2025-07-26,2006.55,Pagado
PP-001297,O-001297,PR-00911,Galindo-Olivera S.A.,2025-08-27,90 días,2025-11-25,2025-10-31,3043.62,Pagado
PP-001298,O-001298,PR-00988,Hurtado-Sotelo,2025-08-13,60 días,2025-10-12,,840.84,Pendiente
PP-001299,O-001299,PR-01403,Cavazos y Solorzano A.C.,2025-07-09,30 días,2025-08-08,2025-07-16,4413.92,Pagado
PP-001300,O-001300,PR-01192,Grupo Ceja-Peralta,2025-08-17,60 días,2025-10-16,,7338.24,Pendiente
PP-001301,O-001301,PR-00110,Uribe y Calvillo y Asociados,2025-08-03,60 días,2025-10-02,,5266.64,Pendiente
PP-001302,O-001302,PR-01091,Salcedo-Abrego,2025-07-23,90 días,2025-10-21,,10856.6,Pendiente
PP-001303,O-001303,PR-00113,"Llamas, Olmos y Véliz",2025-08-14,90 días,2025-11-12,,867.1,Pendiente
PP-001304,O-001304,PR-00113,"Llamas, Olmos y Véliz",2025-08-20,90 días,2025-11-18,,3944.8,Pendiente
PP-001305,O-001305,PR-01483,"Gil, Romo y Rico",2025-07-17,30 días,2025-08-16,2025-08-12,787.5,Pagado
PP-001306,O-001306,PR-01388,Cardona A.C.,2025-07-21,90 días,2025-10-19,,1140.0,Pendiente
PP-001307,O-001307,PR-00640,"Cardenas, Paredes y Fuentes",2025-07-16,60 días,2025-09-14,,1270.08,Pendiente
PP-001308,O-001308,PR-00141,"Olivárez, Aparicio y Parra",2025-07-21,30 días,2025-08-20,2025-07-25,4507.2,Pagado
PP-001309,O-001309,PR-01496,"Grupo Cantú, Robledo y Peres",2025-07-16,90 días,2025-10-14,2025-08-30,838.08,Pagado
PP-001310,O-001310,PR-00127,"Despacho Durán, Ramos y Rascón",2025-07-28,30 días,2025-08-27,2025-08-26,6654.68,Pagado
PP-001311,O-001311,PR-00129,"Marroquín, Almaraz y Leal",2025-07-04,30 días,2025-08-03,,2159.68,Retrasado
PP-001312,O-001312,PR-00653,Corporacin Mireles-Curiel,2025-08-23,30 días,2025-09-22,2025-09-04,2212.98,Pagado
PP-001313,O-001313,PR-00100,Industrias Saucedo y Zepeda,2025-08-03,90 días,2025-11-01,,2668.5,Pendiente
PP-001314,O-001314,PR-00103,Salcedo y Zaragoza S.A. de C.V.,2025-07-22,60 días,2025-09-20,,4755.75,Pendiente
PP-001315,O-001315,PR-00107,"Aparicio, Jaime y Corona",2025-08-16,90 días,2025-11-14,,6476.4,Pendiente
PP-001316,O-001316,PR-00108,Industrias Alonzo y Alemán,2025-08-28,90 días,2025-11-26,2025-10-20,3987.9,Pagado
PP-001317,O-001317,PR-00108,Industrias Alonzo y Alemán,2025-07-08,90 días,2025-10-06,2025-07-13,809.41,Pagado
PP-001318,O-001318,PR-00132,Espinal-Piña S.C.,2025-08-27,90 días,2025-11-25,,6353.68,Pendiente
PP-001319,O-001319,PR-00132,Espinal-Piña S.C.,2025-07-31,90 días,2025-10-29,,9293.34,Pendiente
PP-001320,O-001320,PR-00132,Espinal-Piña S.C.,2025-08-03,90 días,2025-11-01,2025-08-21,2776.62,Pagado
PP-001321,O-001321,PR-00988,Hurtado-Sotelo,2025-07-06,60 días,2025-09-04,,2148.43,Pendiente
PP-001322,O-001322,PR-00113,"Llamas, Olmos y Véliz",2025-08-10,90 días,2025-11-08,,9959.04,Pendiente
PP-001323,O-001323,PR-00113,"Llamas, Olmos y Véliz",2025-08-28,90 días,2025-11-26,,8620.26,Pendiente
PP-001324,O-001324,PR-00114,Razo-Rivera,2025-08-18,90 días,2025-11-16,2025-09-20,11084.95,Pagado
PP-001325,O-001325,PR-01483,"Gil, Romo y Rico",2025-08-02,30 días,2025-09-01,2025-08-29,4647.54,Pagado
PP-001326,O-001326,PR-00137,Correa-Arce,2025-07-10,60 días,2025-09-08,,7533.12,Pendiente
PP-001327,O-001327,PR-01327,Curiel y Santiago S.A.,2025-07-29,60 días,2025-09-27,,7754.85,Pendiente
PP-001328,O-001328,PR-00141,"Olivárez, Aparicio y Parra",2025-07-26,30 días,2025-08-25,,3256.0,Retrasado
PP-001329,O-001329,PR-00141,"Olivárez, Aparicio y Parra",2025-07-20,30 días,2025-08-19,,5358.04,Pendiente
PP-001330,O-001330,PR-00127,"Despacho Durán, Ramos y Rascón",2025-08-25,30 días,2025-09-24,2025-09-23,2485.08,Pagado
PP-001331,O-001331,PR-00127,"Despacho Durán, Ramos y Rascón",2025-08-14,30 días,2025-09-13,2025-08-21,2821.5,Pagado
PP-001332,O-001332,PR-00128,Centeno S.A. de C.V.,2025-08-04,Contado,2025-08-04,2025-08-04,3720.6,Pagado
PP-001333,O-001333,PR-00128,Centeno S.A. de C.V.,2025-08-21,Contado,2025-08-21,,9758.21,Retrasado
PP-001334,O-001334,PR-00131,Despacho Menchaca-Solorio,2025-07-09,90 días,2025-10-07,2025-08-03,4075.05,Pagado
PP-001335,O-001335,PR-00653,Corporacin Mireles-Curiel,2025-07-23,30 días,2025-08-22,2025-08-17,6244.99,Pagado
PP-001336,O-001336,PR-01211,Cuellar A.C.,2025-08-15,90 días,2025-11-13,,3492.1,Pendiente
PP-001337,O-001337,PR-00105,"Grupo Becerra, Solorzano y de la Garza",2025-08-21,Contado,2025-08-21,,12292.28,Retrasado
PP-001338,O-001338,PR-00106,Villalpando-Ruiz S.C.,2025-08-25,30 días,2025-09-24,2025-09-22,6887.76,Pagado
PP-001339,O-001339,PR-00108,Industrias Alonzo y Alemán,2025-08-18,90 días,2025-11-16,2025-10-16,2019.28,Pagado
PP-001340,O-001340,PR-00858,"Corporacin Arenas, Terán y Reséndez",2025-08-13,30 días,2025-09-12,2025-09-11,3162.24,Pagado
PP-001341,O-001341,PR-01403,Cavazos y Solorzano A.C.,2025-07-29,30 días,2025-08-28,2025-08-07,8575.45,Pagado
PP-001342,O-001342,PR-00111,Quiñones y Sanches S. R.L. de C.V.,2025-08-13,60 días,2025-10-12,,335.34,Pendiente
PP-001343,O-001343,PR-00112,Laboratorios Osorio y Orozco,2025-08-06,90 días,2025-11-04,,4550.08,Pendiente
PP-001344,O-001344,PR-00113,"Llamas, Olmos y Véliz",2025-07-04,90 días,2025-10-02,,3196.16,Pendiente
PP-001345,O-001345,PR-00879,Despacho Godoy y Quesada,2025-07-11,30 días,2025-08-10,2025-07-24,2652.8,Pagado
PP-001346,O-001346,PR-00138,Industrias Montemayor y Durán,2025-08-25,30 días,2025-09-24,,444.64,Pendiente
PP-001347,O-001347,PR-01327,Curiel y Santiago S.A.,2025-07-19,60 días,2025-09-17,2025-08-16,4710.08,Pagado
PP-001348,O-001348,PR-01217,Tapia y Cadena S. R.L. de C.V.,2025-08-05,30 días,2025-09-04,,4783.75,Pendiente
PP-001349,O-001349,PR-00828,Urrutia e Hijos,2025-07-03,30 días,2025-08-02,,1926.6,Pendiente
PP-001350,O-001350,PR-00128,Centeno S.A. de C.V.,2025-07-12,Contado,2025-07-12,2025-07-12,1008.48,Pagado
PP-001351,O-001351,PR-00128,Centeno S.A. de C.V.,2025-07-28,Contado,2025-07-28,2025-07-28,3147.48,Pagado
PP-001352,O-001352,PR-00128,Centeno S.A. de C.V.,2025-08-13,Contado,2025-08-13,,7444.45,Retrasado
PP-001353,O-001353,PR-01086,Cintrón y Vergara A.C.,2025-07-20,60 días,2025-09-18,2025-08-16,5146.53,Pagado
PP-001354,O-001354,PR-00100,Industrias Saucedo y Zepeda,2025-08-02,90 días,2025-10-31,,2693.88,Pendiente
PP-001355,O-001355,PR-00102,"Dueñas, Garrido y Vanegas",2025-08-11,30 días,2025-09-10,2025-08-19,5687.63,Pagado
PP-001356,O-001356,PR-00102,"Dueñas, Garrido y Vanegas",2025-07-28,30 días,2025-08-27,2025-08-21,481.8,Pagado
PP-001357,O-001357,PR-01408,Rocha y Bañuelos S.C.,2025-08-01,30 días,2025-08-31,2025-08-30,11875.5,Pagado
PP-001358,O-001358,PR-01408,Rocha y Bañuelos S.C.,2025-07-24,30 días,2025-08-23,2025-07-24,6464.08,Pagado
PP-001359,O-001359,PR-00104,Mesa A.C.,2025-07-09,90 días,2025-10-07,2025-10-03,5937.36,Pagado
PP-001360,O-001360,PR-01341,Vergara-Perea,2025-08-24,90 días,2025-11-22,2025-08-24,2942.67,Pagado
PP-001361,O-001361,PR-01464,Quintana S.A. de C.V.,2025-08-18,30 días,2025-09-17,2025-08-23,2907.66,Pagado
PP-001362,O-001362,PR-00109,Ramos A.C.,2025-07-20,30 días,2025-08-19,2025-07-21,4264.92,Pagado
PP-001363,O-001363,PR-00846,Ríos-Ruelas S.A.,2025-07-09,60 días,2025-09-07,,4011.14,Pendiente
PP-001364,O-001364,PR-00132,Espinal-Piña S.C.,2025-07-16,90 días,2025-10-14,,709.67,Pendiente
PP-001365,O-001365,PR-00133,Rico-Aparicio,2025-07-18,30 días,2025-08-17,2025-08-07,4390.03,Pagado
PP-001366,O-001366,PR-00135,"Industrias Tejada, Rodarte y Grijalva",2025-07-17,60 días,2025-09-15,2025-08-03,2726.67,Pagado
PP-001367,O-001367,PR-00136,Marrero S.A.,2025-07-27,Contado,2025-07-27,,2287.49,Pendiente
PP-001368,O-001368,PR-00136,Marrero S.A.,2025-08-06,Contado,2025-08-06,2025-08-06,6370.89,Pagado
PP-001369,O-001369,PR-00866,Orosco-Rascón S. R.L. de C.V.,2025-07-21,90 días,2025-10-19,2025-07-29,5507.15,Pagado
PP-001370,O-001370,PR-01091,Salcedo-Abrego,2025-08-27,90 días,2025-11-25,2025-10-16,1492.05,Pagado
PP-001371,O-001371,PR-00111,Quiñones y Sanches S. R.L. de C.V.,2025-08-03,60 días,2025-10-02,2025-09-22,2518.11,Pagado
PP-001372,O-001372,PR-00137,Correa-Arce,2025-08-24,60 días,2025-10-23,,251.23,Pendiente
PP-001373,O-001373,PR-00879,Despacho Godoy y Quesada,2025-07-02,30 días,2025-08-01,,1252.15,Pendiente
PP-001374,O-001374,PR-01217,Tapia y Cadena S. R.L. de C.V.,2025-07-15,30 días,2025-08-14,2025-07-19,1409.24,Pagado
PP-001375,O-001375,PR-00127,"Despacho Durán, Ramos y Rascón",2025-07-11,30 días,2025-08-10,2025-08-01,10058.88,Pagado
PP-001376,O-001376,PR-00128,Centeno S.A. de C.V.,2025-08-19,Contado,2025-08-19,,6102.32,Retrasado
PP-001377,O-001377,PR-00128,Centeno S.A. de C.V.,2025-07-08,Contado,2025-07-08,2025-07-08,2570.7,Pagado
PP-001378,O-001378,PR-01385,"Corona, Mena y Zamudio",2025-08-27,30 días,2025-09-26,,13199.12,Pendiente
PP-001379,O-001379,PR-00131,Despacho Menchaca-Solorio,2025-07-03,90 días,2025-10-01,2025-08-29,5332.8,Pagado
PP-001380,O-001380,PR-00100,Industrias Saucedo y Zepeda,2025-08-09,90 días,2025-11-07,2025-09-11,8549.1,Pagado
PP-001381,O-001381,PR-00101,Rangel-Gracia S.A. de C.V.,2025-07-10,90 días,2025-10-08,2025-07-11,4364.89,Pagado
PP-001382,O-001382,PR-00814,"Medrano, Cardona y Mayorga",2025-08-05,Contado,2025-08-05,,4343.1,Retrasado
PP-001383,O-001383,PR-00103,Salcedo y Zaragoza S.A. de C.V.,2025-08-11,60 días,2025-10-10,,4477.97,Pendiente
PP-001384,O-001384,PR-00105,"Grupo Becerra, Solorzano y de la Garza",2025-08-15,Contado,2025-08-15,,4176.92,Retrasado
PP-001385,O-001385,PR-00921,Ballesteros-Ceballos y Asociados,2025-08-27,30 días,2025-09-26,,4845.75,Pendiente
PP-001386,O-001386,PR-01464,Quintana S.A. de C.V.,2025-07-23,30 días,2025-08-22,2025-07-27,6824.56,Pagado
PP-001387,O-001387,PR-01111,Alva-Gaytán A.C.,2025-06-30,90 días,2025-09-28,2025-07-21,4515.72,Pagado
PP-001388,O-001388,PR-01111,Alva-Gaytán A.C.,2025-07-10,90 días,2025-10-08,2025-09-24,2917.76,Pagado
PP-001389,O-001389,PR-00134,Cuellar y de la Fuente A.C.,2025-08-20,90 días,2025-11-18,2025-09-30,11098.8,Pagado
PP-001390,O-001390,PR-00988,Hurtado-Sotelo,2025-07-15,60 días,2025-09-13,,8009.82,Pendiente
PP-001391,O-001391,PR-00136,Marrero S.A.,2025-07-16,Contado,2025-07-16,,745.2,Pendiente
PP-001392,O-001392,PR-00110,Uribe y Calvillo y Asociados,2025-08-11,60 días,2025-10-10,,9861.28,Pendiente
PP-001393,O-001393,PR-01091,Salcedo-Abrego,2025-07-16,90 días,2025-10-14,2025-08-10,7258.65,Pagado
PP-001394,O-001394,PR-00112,Laboratorios Osorio y Orozco,2025-07-27,90 días,2025-10-25,2025-09-27,10080.98,Pagado
PP-001395,O-001395,PR-01163,Figueroa y Reynoso A.C.,2025-07-26,60 días,2025-09-24,,2129.7,Pendiente
PP-001396,O-001396,PR-01483,"Gil, Romo y Rico",2025-07-13,30 días,2025-08-12,2025-08-10,2938.5,Pagado
PP-001397,O-001397,PR-00137,Correa-Arce,2025-07-17,60 días,2025-09-15,,1969.5,Pendiente
PP-001398,O-001398,PR-01217,Tapia y Cadena S. R.L. de C.V.,2025-06-30,30 días,2025-07-30,,5296.41,Retrasado
PP-001399,O-001399,PR-00127,"Despacho Durán, Ramos y Rascón",2025-07-18,30 días,2025-08-17,,5783.44,Retrasado
PP-001400,O-001400,PR-01355,Industrias Gutiérrez y Heredia,2025-08-06,60 días,2025-10-05,,2512.86,Pendiente
PP-001401,O-001401,PR-01086,Cintrón y Vergara A.C.,2025-08-05,60 días,2025-10-04,,721.5,Pendiente
PP-001402,O-001402,PR-00102,"Dueñas, Garrido y Vanegas",2025-08-25,30 días,2025-09-24,2025-09-09,10359.18,Pagado
PP-001403,O-001403,PR-01408,Rocha y Bañuelos S.C.,2025-08-07,30 días,2025-09-06,2025-08-23,1024.1,Pagado
PP-001404,O-001404,PR-01408,Rocha y Bañuelos S.C.,2025-08-01,30 días,2025-08-31,,900.68,Pendiente
PP-001405,O-001405,PR-01211,Cuellar A.C.,2025-08-10,90 días,2025-11-08,,3169.41,Pendiente
PP-001406,O-001406,PR-00105,"Grupo Becerra, Solorzano y de la Garza",2025-07-28,Contado,2025-07-28,2025-07-28,5806.45,Pagado
PP-001407,O-001407,PR-00858,"Corporacin Arenas, Terán y Reséndez",2025-08-28,30 días,2025-09-27,2025-09-12,715.2,Pagado
PP-001408,O-001408,PR-00846,Ríos-Ruelas S.A.,2025-08-05,60 días,2025-10-04,,2866.72,Pendiente
PP-001409,O-001409,PR-00692,"Flórez, Bonilla y Orosco",2025-07-20,30 días,2025-08-19,2025-07-23,3780.14,Pagado
PP-001410,O-001410,PR-00140,Martínez-Rojo S.A.,2025-08-07,90 días,2025-11-05,,127.37,Pendiente
PP-001411,O-001411,PR-00128,Centeno S.A. de C.V.,2025-08-14,Contado,2025-08-14,2025-08-14,1060.18,Pagado
PP-001412,O-001412,PR-01355,Industrias Gutiérrez y Heredia,2025-08-08,60 días,2025-10-07,,1087.8,Pendiente
PP-001413,O-001413,PR-00129,"Marroquín, Almaraz y Leal",2025-08-12,30 días,2025-09-11,,295.26,Pendiente
PP-001414,O-001414,PR-00130,Despacho Miranda y Sauceda,2025-07-03,90 días,2025-10-01,2025-07-22,8447.4,Pagado
PP-001415,O-001415,PR-00131,Despacho Menchaca-Solorio,2025-08-03,90 días,2025-11-01,2025-08-06,6502.56,Pagado
PP-001416,O-001416,PR-00653,Corporacin Mireles-Curiel,2025-06-30,30 días,2025-07-30,2025-07-21,2135.56,Pagado
PP-001417,O-001417,PR-00653,Corporacin Mireles-Curiel,2025-08-21,30 días,2025-09-20,2025-09-03,3011.2,Pagado
PP-001418,O-001418,PR-00653,Corporacin Mireles-Curiel,2025-07-20,30 días,2025-08-19,2025-08-13,3276.24,Pagado
PP-001419,O-001419,PR-00100,Industrias Saucedo y Zepeda,2025-08-24,90 días,2025-11-22,,3885.6,Pendiente
PP-001420,O-001420,PR-00102,"Dueñas, Garrido y Vanegas",2025-06-30,30 días,2025-07-30,2025-07-23,8887.44,Pagado
PP-001421,O-001421,PR-00102,"Dueñas, Garrido y Vanegas",2025-08-15,30 días,2025-09-14,,9094.54,Pendiente
PP-001422,O-001422,PR-00102,"Dueñas, Garrido y Vanegas",2025-08-11,30 días,2025-09-10,,11290.8,Pendiente
PP-001423,O-001423,PR-00102,"Dueñas, Garrido y Vanegas",2025-08-06,30 días,2025-09-05,,6014.7,Pendiente
PP-001424,O-001424,PR-01408,Rocha y Bañuelos S.C.,2025-07-08,30 días,2025-08-07,2025-07-12,519.75,Pagado
PP-001425,O-001425,PR-01280,Barraza-Vera S.A.,2025-07-16,90 días,2025-10-14,2025-08-08,4961.0,Pagado
PP-001426,O-001426,PR-01280,Barraza-Vera S.A.,2025-08-12,90 días,2025-11-10,,6717.45,Pendiente
PP-001427,O-001427,PR-01211,Cuellar A.C.,2025-08-09,90 días,2025-11-07,,2559.52,Pendiente
PP-001428,O-001428,PR-01341,Vergara-Perea,2025-08-18,90 días,2025-11-16,2025-09-16,497.04,Pagado
PP-001429,O-001429,PR-00106,Villalpando-Ruiz S.C.,2025-08-03,30 días,2025-09-02,,1194.6,Pendiente
PP-001430,O-001430,PR-00107,"Aparicio, Jaime y Corona",2025-07-06,90 días,2025-10-04,,1325.25,Pendiente
PP-001431,O-001431,PR-00109,Ramos A.C.,2025-08-03,30 días,2025-09-02,,342.9,Pendiente
PP-001432,O-001432,PR-00137,Correa-Arce,2025-07-18,60 días,2025-09-16,,9719.16,Pendiente
PP-001433,O-001433,PR-01483,"Gil, Romo y Rico",2025-08-07,30 días,2025-09-06,2025-09-03,1912.5,Pagado
PP-001434,O-001434,PR-00137,Correa-Arce,2025-08-09,60 días,2025-10-08,2025-10-02,518.5,Pagado
PP-001435,O-001435,PR-00692,"Flórez, Bonilla y Orosco",2025-07-22,30 días,2025-08-21,2025-08-13,2425.5,Pagado
PP-001436,O-001436,PR-00692,"Flórez, Bonilla y Orosco",2025-07-24,30 días,2025-08-23,2025-08-01,5640.03,Pagado
PP-001437,O-001437,PR-01327,Curiel y Santiago S.A.,2025-07-01,60 días,2025-08-30,,4722.75,Pendiente
PP-001438,O-001438,PR-00828,Urrutia e Hijos,2025-08-25,30 días,2025-09-24,,10206.0,Pendiente
PP-001439,O-001439,PR-00828,Urrutia e Hijos,2025-07-03,30 días,2025-08-02,2025-07-03,1673.1,Pagado
PP-001440,O-001440,PR-00828,Urrutia e Hijos,2025-07-20,30 días,2025-08-19,,2005.56,Retrasado
PP-001441,O-001441,PR-00100,Industrias Saucedo y Zepeda,2025-08-17,90 días,2025-11-15,2025-11-05,1717.56,Pagado
PP-001442,O-001442,PR-00814,"Medrano, Cardona y Mayorga",2025-07-01,Contado,2025-07-01,,9882.18,Retrasado
PP-001443,O-001443,PR-00102,"Dueñas, Garrido y Vanegas",2025-08-20,30 días,2025-09-19,2025-09-08,4240.49,Pagado
PP-001444,O-001444,PR-01408,Rocha y Bañuelos S.C.,2025-07-27,30 días,2025-08-26,,1403.22,Pendiente
PP-001445,O-001445,PR-00104,Mesa A.C.,2025-07-30,90 días,2025-10-28,,448.02,Pendiente
PP-001446,O-001446,PR-00107,"Aparicio, Jaime y Corona",2025-08-20,90 días,2025-11-18,2025-09-16,694.2,Pagado
PP-001447,O-001447,PR-00107,"Aparicio, Jaime y Corona",2025-08-19,90 días,2025-11-17,2025-10-07,5866.44,Pagado
PP-001448,O-001448,PR-00108,Industrias Alonzo y Alemán,2025-08-19,90 días,2025-11-17,2025-10-28,10031.84,Pagado
PP-001449,O-001449,PR-01483,"Gil, Romo y Rico",2025-08-09,30 días,2025-09-08,2025-08-27,1230.63,Pagado
PP-001450,O-001450,PR-01207,Hernandes e Hijos,2025-07-30,Contado,2025-07-30,,923.36,Retrasado
PP-001451,O-001451,PR-00640,"Cardenas, Paredes y Fuentes",2025-07-01,60 días,2025-08-30,2025-07-15,8364.75,Pagado
PP-001452,O-001452,PR-00828,Urrutia e Hijos,2025-07-01,30 días,2025-07-31,,9059.05,Pendiente
PP-001453,O-001453,PR-00828,Urrutia e Hijos,2025-07-22,30 días,2025-08-21,2025-08-16,9044.46,Pagado
PP-001454,O-001454,PR-00127,"Despacho Durán, Ramos y Rascón",2025-07-22,30 días,2025-08-21,,1995.21,Pendiente
PP-001455,O-001455,PR-00128,Centeno S.A. de C.V.,2025-07-25,Contado,2025-07-25,,5481.84,Pendiente
PP-001456,O-001456,PR-00128,Centeno S.A. de C.V.,2025-08-11,Contado,2025-08-11,,2186.2,Retrasado
PP-001457,O-001457,PR-00128,Centeno S.A. de C.V.,2025-07-16,Contado,2025-07-16,2025-07-16,7794.6,Pagado
PP-001458,O-001458,PR-00128,Centeno S.A. de C.V.,2025-07-13,Contado,2025-07-13,,6123.06,Retrasado
PP-001459,O-001459,PR-01355,Industrias Gutiérrez y Heredia,2025-07-27,60 días,2025-09-25,,6993.0,Pendiente
PP-001460,O-001460,PR-00653,Corporacin Mireles-Curiel,2025-07-27,30 días,2025-08-26,2025-08-11,3080.38,Pagado
PP-001461,O-001461,PR-00104,Mesa A.C.,2025-08-21,90 días,2025-11-19,,1172.65,Pendiente
PP-001462,O-001462,PR-01341,Vergara-Perea,2025-07-28,90 días,2025-10-26,2025-08-06,1565.3,Pagado
PP-001463,O-001463,PR-00107,"Aparicio, Jaime y Corona",2025-07-29,90 días,2025-10-27,,2648.6,Pendiente
PP-001464,O-001464,PR-00138,Industrias Montemayor y Durán,2025-07-08,30 días,2025-08-07,2025-07-20,11667.2,Pagado
PP-001465,O-001465,PR-01327,Curiel y Santiago S.A.,2025-08-28,60 días,2025-10-27,,10818.36,Pendiente
PP-001466,O-001466,PR-00139,Montes S. R.L. de C.V.,2025-08-04,90 días,2025-11-02,2025-08-24,10433.1,Pagado
PP-001467,O-001467,PR-01207,Hernandes e Hijos,2025-07-17,Contado,2025-07-17,2025-07-17,8662.3,Pagado
PP-001468,O-001468,PR-01496,"Grupo Cantú, Robledo y Peres",2025-07-16,90 días,2025-10-14,2025-08-31,12310.27,Pagado
PP-001469,O-001469,PR-00128,Centeno S.A. de C.V.,2025-07-30,Contado,2025-07-30,2025-07-30,4324.7,Pagado
PP-001470,O-001470,PR-00128,Centeno S.A. de C.V.,2025-08-15,Contado,2025-08-15,,4043.2,Retrasado
PP-001471,O-001471,PR-00129,"Marroquín, Almaraz y Leal",2025-07-29,30 días,2025-08-28,2025-08-07,3276.52,Pagado
PP-001472,O-001472,PR-00100,Industrias Saucedo y Zepeda,2025-08-14,90 días,2025-11-12,,2123.4,Pendiente
PP-001473,O-001473,PR-00102,"Dueñas, Garrido y Vanegas",2025-08-21,30 días,2025-09-20,,4680.96,Pendiente
PP-001474,O-001474,PR-01408,Rocha y Bañuelos S.C.,2025-07-31,30 días,2025-08-30,,3762.77,Pendiente
PP-001475,O-001475,PR-00103,Salcedo y Zaragoza S.A. de C.V.,2025-08-20,60 días,2025-10-19,2025-08-26,8241.04,Pagado
PP-001476,O-001476,PR-00108,Industrias Alonzo y Alemán,2025-08-19,90 días,2025-11-17,2025-08-24,1070.4,Pagado
PP-001477,O-001477,PR-00108,Industrias Alonzo y Alemán,2025-07-06,90 días,2025-10-04,,7775.04,Pendiente
PP-001478,O-001478,PR-00137,Correa-Arce,2025-07-13,60 días,2025-09-11,2025-09-04,2663.76,Pagado
PP-001479,O-001479,PR-00138,Industrias Montemayor y Durán,2025-07-30,30 días,2025-08-29,2025-08-16,3890.04,Pagado
PP-001480,O-001480,PR-01327,Curiel y Santiago S.A.,2025-08-21,60 días,2025-10-20,,1626.88,Pendiente
PP-001481,O-001481,PR-01207,Hernandes e Hijos,2025-07-19,Contado,2025-07-19,2025-07-19,2248.65,Pagado
PP-001482,O-001482,PR-00828,Urrutia e Hijos,2025-07-01,30 días,2025-07-31,2025-07-27,3326.95,Pagado
PP-001483,O-001483,PR-00141,"Olivárez, Aparicio y Parra",2025-07-17,30 días,2025-08-16,2025-07-25,7911.82,Pagado
PP-001484,O-001484,PR-01086,Cintrón y Vergara A.C.,2025-07-08,60 días,2025-09-06,2025-08-01,4194.9,Pagado
PP-001485,O-001485,PR-00102,"Dueñas, Garrido y Vanegas",2025-07-28,30 días,2025-08-27,2025-08-10,9279.27,Pagado
PP-001486,O-001486,PR-00102,"Dueñas, Garrido y Vanegas",2025-08-27,30 días,2025-09-26,,9011.72,Pendiente
PP-001487,O-001487,PR-01108,Ruiz y Carrión A.C.,2025-08-28,30 días,2025-09-27,,877.8,Pendiente
PP-001488,O-001488,PR-01287,"Bueno, Navarrete y Prieto",2025-08-02,30 días,2025-09-01,,1830.6,Pendiente
PP-001489,O-001489,PR-01464,Quintana S.A. de C.V.,2025-08-25,30 días,2025-09-24,,4778.25,Pendiente
PP-001490,O-001490,PR-01464,Quintana S.A. de C.V.,2025-08-07,30 días,2025-09-06,,3035.43,Pendiente
PP-001491,O-001491,PR-00858,"Corporacin Arenas, Terán y Reséndez",2025-07-31,30 días,2025-08-30,2025-08-09,5950.98,Pagado
PP-001492,O-001492,PR-00109,Ramos A.C.,2025-08-25,30 días,2025-09-24,,9242.1,Pendiente
PP-001493,O-001493,PR-00138,Industrias Montemayor y Durán,2025-08-20,30 días,2025-09-19,2025-09-04,2311.4,Pagado
PP-001494,O-001494,PR-00692,"Flórez, Bonilla y Orosco",2025-07-25,30 días,2025-08-24,,11910.8,Retrasado
PP-001495,O-001495,PR-00139,Montes S. R.L. de C.V.,2025-08-26,90 días,2025-11-24,,7620.6,Pendiente
PP-001496,O-001496,PR-01327,Curiel y Santiago S.A.,2025-07-20,60 días,2025-09-18,,687.06,Pendiente
PP-001497,O-001497,PR-00140,Martínez-Rojo S.A.,2025-07-07,90 días,2025-10-05,2025-07-15,10243.0,Pagado
PP-001498,O-001498,PR-00141,"Olivárez, Aparicio y Parra",2025-08-02,30 días,2025-09-01,2025-08-03,5134.56,Pagado
PP-001499,O-001499,PR-00100,Industrias Saucedo y Zepeda,2025-08-15,90 días,2025-11-13,2025-11-12,2800.8,Pagado
PP-001500,O-001500,PR-00814,"Medrano, Cardona y Mayorga",2025-07-02,Contado,2025-07-02,2025-07-02,505.25,Pagado
PP-001501,O-001501,PR-00108,Industrias Alonzo y Alemán,2025-08-12,90 días,2025-11-10,,8804.6,Pendiente
PP-001502,O-001502,PR-01388,Cardona A.C.,2025-07-15,90 días,2025-10-13,,5271.48,Pendiente
PP-001503,O-001503,PR-01207,Hernandes e Hijos,2025-07-23,Contado,2025-07-23,,2394.88,Retrasado
PP-001504,O-001504,PR-01217,Tapia y Cadena S. R.L. de C.V.,2025-07-11,30 días,2025-08-10,2025-07-15,6224.26,Pagado
PP-001505,O-001505,PR-00828,Urrutia e Hijos,2025-08-25,30 días,2025-09-24,2025-08-29,1467.81,Pagado
PP-001506,O-001506,PR-00828,Urrutia e Hijos,2025-07-16,30 días,2025-08-15,2025-08-11,2015.72,Pagado
PP-001507,O-001507,PR-00127,"Despacho Durán, Ramos y Rascón",2025-08-07,30 días,2025-09-06,,14006.0,Pendiente
PP-001508,O-001508,PR-00128,Centeno S.A. de C.V.,2025-08-21,Contado,2025-08-21,2025-08-21,4611.18,Pagado
PP-001509,O-001509,PR-00129,"Marroquín, Almaraz y Leal",2025-07-16,30 días,2025-08-15,,6268.08,Retrasado
PP-001510,O-001510,PR-00130,Despacho Miranda y Sauceda,2025-08-10,90 días,2025-11-08,2025-10-28,239.4,Pagado
PP-001511,O-001511,PR-01086,Cintrón y Vergara A.C.,2025-07-10,60 días,2025-09-08,2025-08-31,2412.24,Pagado
PP-001512,O-001512,PR-01211,Cuellar A.C.,2025-07-02,90 días,2025-09-30,2025-09-24,1320.48,Pagado
PP-001513,O-001513,PR-01327,Curiel y Santiago S.A.,2025-08-01,60 días,2025-09-30,2025-09-07,4177.02,Pagado
PP-001514,O-001514,PR-00127,"Despacho Durán, Ramos y Rascón",2025-07-11,30 días,2025-08-10,,3431.04,Retrasado
PP-001515,O-001515,PR-00128,Centeno S.A. de C.V.,2025-07-05,Contado,2025-07-05,,4943.84,Pendiente
PP-001516,O-001516,PR-00128,Centeno S.A. de C.V.,2025-08-13,Contado,2025-08-13,2025-08-13,8732.4,Pagado
PP-001517,O-001517,PR-00129,"Marroquín, Almaraz y Leal",2025-07-02,30 días,2025-08-01,2025-07-18,9776.63,Pagado
PP-001518,O-001518,PR-00131,Despacho Menchaca-Solorio,2025-07-06,90 días,2025-10-04,,1737.36,Pendiente
PP-001519,O-001519,PR-00131,Despacho Menchaca-Solorio,2025-08-13,90 días,2025-11-11,2025-08-27,2938.02,Pagado
PP-001520,O-001520,PR-01086,Cintrón y Vergara A.C.,2025-07-27,60 días,2025-09-25,2025-08-27,12090.06,Pagado
PP-001521,O-001521,PR-00103,Salcedo y Zaragoza S.A. de C.V.,2025-07-18,60 días,2025-09-16,,2495.26,Pendiente
PP-001522,O-001522,PR-00109,Ramos A.C.,2025-08-24,30 días,2025-09-23,2025-08-28,344.76,Pagado
PP-001523,O-001523,PR-00109,Ramos A.C.,2025-08-23,30 días,2025-09-22,2025-09-19,157.74,Pagado
PP-001524,O-001524,PR-01483,"Gil, Romo y Rico",2025-07-29,30 días,2025-08-28,2025-08-08,2263.8,Pagado
PP-001525,O-001525,PR-00692,"Flórez, Bonilla y Orosco",2025-08-11,30 días,2025-09-10,2025-09-09,7582.71,Pagado
PP-001526,O-001526,PR-01327,Curiel y Santiago S.A.,2025-07-31,60 días,2025-09-29,,7324.96,Pendiente
PP-001527,O-001527,PR-01388,Cardona A.C.,2025-08-18,90 días,2025-11-16,,2624.75,Pendiente
PP-001528,O-001528,PR-01496,"Grupo Cantú, Robledo y Peres",2025-08-28,90 días,2025-11-26,,10051.08,Pendiente
PP-001529,O-001529,PR-00128,Centeno S.A. de C.V.,2025-08-25,Contado,2025-08-25,,1530.32,Retrasado
PP-001530,O-001530,PR-01355,Industrias Gutiérrez y Heredia,2025-08-11,60 días,2025-10-10,,4247.28,Pendiente
PP-001531,O-001531,PR-01355,Industrias Gutiérrez y Heredia,2025-08-04,60 días,2025-10-03,2025-09-22,1187.94,Pagado
PP-001532,O-001532,PR-00129,"Marroquín, Almaraz y Leal",2025-07-13,30 días,2025-08-12,2025-07-24,1179.43,Pagado
PP-001533,O-001533,PR-01385,"Corona, Mena y Zamudio",2025-08-14,30 días,2025-09-13,2025-08-23,11181.07,Pagado
PP-001534,O-001534,PR-01086,Cintrón y Vergara A.C.,2025-08-17,60 días,2025-10-16,,1869.61,Pendiente
PP-001535,O-001535,PR-00102,"Dueñas, Garrido y Vanegas",2025-08-19,30 días,2025-09-18,,9550.92,Pendiente
PP-001536,O-001536,PR-01280,Barraza-Vera S.A.,2025-08-02,90 días,2025-10-31,,11190.7,Pendiente
PP-001537,O-001537,PR-01280,Barraza-Vera S.A.,2025-08-24,90 días,2025-11-22,,7757.12,Pendiente
PP-001538,O-001538,PR-00921,Ballesteros-Ceballos y Asociados,2025-08-13,30 días,2025-09-12,2025-08-23,5807.7,Pagado
PP-001539,O-001539,PR-00109,Ramos A.C.,2025-08-09,30 días,2025-09-08,2025-09-03,3690.56,Pagado
PP-001540,O-001540,PR-01388,Cardona A.C.,2025-08-17,90 días,2025-11-15,,6699.4,Pendiente
PP-001541,O-001541,PR-01207,Hernandes e Hijos,2025-07-18,Contado,2025-07-18,,1685.04,Pendiente
PP-001542,O-001542,PR-00640,"Cardenas, Paredes y Fuentes",2025-08-07,60 días,2025-10-06,,3818.08,Pendiente
PP-001543,O-001543,PR-01355,Industrias Gutiérrez y Heredia,2025-08-09,60 días,2025-10-08,,1789.92,Pendiente
PP-001544,O-001544,PR-00130,Despacho Miranda y Sauceda,2025-08-25,90 días,2025-11-23,2025-11-02,3316.95,Pagado
PP-001545,O-001545,PR-00653,Corporacin Mireles-Curiel,2025-08-24,30 días,2025-09-23,,1079.84,Pendiente
PP-001546,O-001546,PR-00653,Corporacin Mireles-Curiel,2025-07-10,30 días,2025-08-09,2025-07-17,4248.72,Pagado
PP-001547,O-001547,PR-00108,Industrias Alonzo y Alemán,2025-08-15,90 días,2025-11-13,2025-08-19,7424.31,Pagado
PP-001548,O-001548,PR-01327,Curiel y Santiago S.A.,2025-07-25,60 días,2025-09-23,,4456.0,Pendiente
PP-001549,O-001549,PR-01207,Hernandes e Hijos,2025-07-31,Contado,2025-07-31,2025-07-31,4310.49,Pagado
PP-001550,O-001550,PR-00140,Martínez-Rojo S.A.,2025-07-19,90 días,2025-10-17,,3170.6,Pendiente
PP-001551,O-001551,PR-00128,Centeno S.A. de C.V.,2025-07-15,Contado,2025-07-15,2025-07-15,5880.8,Pagado
PP-001552,O-001552,PR-00128,Centeno S.A. de C.V.,2025-08-16,Contado,2025-08-16,2025-08-16,8877.6,Pagado
PP-001553,O-001553,PR-01355,Industrias Gutiérrez y Heredia,2025-08-04,60 días,2025-10-03,,5581.82,Pendiente
PP-001554,O-001554,PR-01385,"Corona, Mena y Zamudio",2025-08-11,30 días,2025-09-10,,751.66,Pendiente
PP-001555,O-001555,PR-00653,Corporacin Mireles-Curiel,2025-07-09,30 días,2025-08-08,2025-07-31,1230.0,Pagado
PP-001556,O-001556,PR-01039,"Corporacin Espinosa, Montez y Collazo",2025-07-29,30 días,2025-08-28,2025-07-31,10806.25,Pagado
PP-001557,O-001557,PR-00103,Salcedo y Zaragoza S.A. de C.V.,2025-08-21,60 días,2025-10-20,2025-10-06,1041.96,Pagado
PP-001558,O-001558,PR-01408,Rocha y Bañuelos S.C.,2025-07-13,30 días,2025-08-12,2025-07-17,282.49,Pagado
PP-001559,O-001559,PR-01211,Cuellar A.C.,2025-07-22,90 días,2025-10-20,,752.5,Pendiente
PP-001560,O-001560,PR-00921,Ballesteros-Ceballos y Asociados,2025-07-13,30 días,2025-08-12,2025-08-09,347.2,Pagado
PP-001561,O-001561,PR-01464,Quintana S.A. de C.V.,2025-08-08,30 días,2025-09-07,,2827.68,Pendiente
PP-001562,O-001562,PR-01212,Grupo Sepúlveda-Ramos,2025-07-28,90 días,2025-10-26,,3088.22,Pendiente
PP-001563,O-001563,PR-01207,Hernandes e Hijos,2025-07-03,Contado,2025-07-03,2025-07-03,220.52,Pagado
PP-001564,O-001564,PR-00828,Urrutia e Hijos,2025-08-15,30 días,2025-09-14,2025-09-07,5510.56,Pagado
PP-001565,O-001565,PR-01496,"Grupo Cantú, Robledo y Peres",2025-07-31,90 días,2025-10-29,2025-09-27,3151.68,Pagado
PP-001566,O-001566,PR-01355,Industrias Gutiérrez y Heredia,2025-07-06,60 días,2025-09-04,2025-07-31,68.08,Pagado
PP-001567,O-001567,PR-00130,Despacho Miranda y Sauceda,2025-08-06,90 días,2025-11-04,2025-09-03,4308.82,Pagado
PP-001568,O-001568,PR-00653,Corporacin Mireles-Curiel,2025-08-26,30 días,2025-09-25,2025-09-13,4355.47,Pagado
PP-001569,O-001569,PR-01039,"Corporacin Espinosa, Montez y Collazo",2025-08-14,30 días,2025-09-13,2025-09-10,9533.92,Pagado
PP-001570,O-001570,PR-00101,Rangel-Gracia S.A. de C.V.,2025-07-19,90 días,2025-10-17,,9792.9,Pendiente
PP-001571,O-001571,PR-00108,Industrias Alonzo y Alemán,2025-07-31,90 días,2025-10-29,2025-08-16,4401.52,Pagado
PP-001572,O-001572,PR-00109,Ramos A.C.,2025-07-24,30 días,2025-08-23,,8804.0,Retrasado
PP-001573,O-001573,PR-00140,Martínez-Rojo S.A.,2025-07-15,90 días,2025-10-13,,3560.4,Pendiente
PP-001574,O-001574,PR-01207,Hernandes e Hijos,2025-08-19,Contado,2025-08-19,2025-08-19,1904.21,Pagado
PP-001575,O-001575,PR-01496,"Grupo Cantú, Robledo y Peres",2025-08-11,90 días,2025-11-09,,2842.34,Pendiente
PP-001576,O-001576,PR-00102,"Dueñas, Garrido y Vanegas",2025-07-10,30 días,2025-08-09,,4605.84,Retrasado
PP-001577,O-001577,PR-00107,"Aparicio, Jaime y Corona",2025-07-15,90 días,2025-10-13,2025-09-22,6052.3,Pagado
PP-001578,O-001578,PR-00138,Industrias Montemayor y Durán,2025-08-15,30 días,2025-09-14,2025-08-20,6054.88,Pagado
PP-001579,O-001579,PR-00640,"Cardenas, Paredes y Fuentes",2025-08-05,60 días,2025-10-04,2025-09-03,4095.84,Pagado
PP-001580,O-001580,PR-00828,Urrutia e Hijos,2025-08-06,30 días,2025-09-05,,862.68,Pendiente
PP-001581,O-001581,PR-01355,Industrias Gutiérrez y Heredia,2025-08-21,60 días,2025-10-20,2025-10-14,3981.6,Pagado
PP-001582,O-001582,PR-01385,"Corona, Mena y Zamudio",2025-07-06,30 días,2025-08-05,2025-07-16,2723.0,Pagado
PP-001583,O-001583,PR-00100,Industrias Saucedo y Zepeda,2025-08-13,90 días,2025-11-11,,9796.68,Pendiente
PP-001584,O-001584,PR-00814,"Medrano, Cardona y Mayorga",2025-07-08,Contado,2025-07-08,2025-07-08,3906.54,Pagado
PP-001585,O-001585,PR-00102,"Dueñas, Garrido y Vanegas",2025-08-24,30 días,2025-09-23,2025-09-13,6400.72,Pagado
PP-001586,O-001586,PR-01408,Rocha y Bañuelos S.C.,2025-07-09,30 días,2025-08-08,2025-08-05,2475.2,Pagado
PP-001587,O-001587,PR-00103,Salcedo y Zaragoza S.A. de C.V.,2025-07-11,60 días,2025-09-09,2025-09-06,2314.88,Pagado
PP-001588,O-001588,PR-01280,Barraza-Vera S.A.,2025-08-18,90 días,2025-11-16,,6346.8,Pendiente
PP-001589,O-001589,PR-00853,Téllez-Bustamante,2025-07-12,30 días,2025-08-11,2025-07-31,2891.92,Pagado
PP-001590,O-001590,PR-01464,Quintana S.A. de C.V.,2025-08-01,30 días,2025-08-31,,5206.72,Pendiente
PP-001591,O-001591,PR-00879,Despacho Godoy y Quesada,2025-07-04,30 días,2025-08-03,2025-07-14,5286.32,Pagado
PP-001592,O-001592,PR-00138,Industrias Montemayor y Durán,2025-07-28,30 días,2025-08-27,2025-08-14,4732.0,Pagado
PP-001593,O-001593,PR-00141,"Olivárez, Aparicio y Parra",2025-08-13,30 días,2025-09-12,2025-09-11,3958.79,Pagado
PP-001594,O-001594,PR-00127,"Despacho Durán, Ramos y Rascón",2025-07-16,30 días,2025-08-15,2025-07-19,6199.27,Pagado
PP-001595,O-001595,PR-00128,Centeno S.A. de C.V.,2025-07-17,Contado,2025-07-17,2025-07-17,5660.12,Pagado
PP-001596,O-001596,PR-01385,"Corona, Mena y Zamudio",2025-08-06,30 días,2025-09-05,,1302.84,Pendiente
PP-001597,O-001597,PR-00100,Industrias Saucedo y Zepeda,2025-07-22,90 días,2025-10-20,,1829.1,Pendiente
PP-001598,O-001598,PR-00814,"Medrano, Cardona y Mayorga",2025-07-03,Contado,2025-07-03,,2551.5,Pendiente
PP-001599,O-001599,PR-00102,"Dueñas, Garrido y Vanegas",2025-08-09,30 días,2025-09-08,2025-08-15,2263.24,Pagado
PP-001600,O-001600,PR-00102,"Dueñas, Garrido y Vanegas",2025-07-12,30 días,2025-08-11,,4277.6,Pendiente
PP-001601,O-001601,PR-01408,Rocha y Bañuelos S.C.,2025-07-24,30 días,2025-08-23,2025-08-12,5170.92,Pagado
PP-001602,O-001602,PR-01327,Curiel y Santiago S.A.,2025-07-29,60 días,2025-09-27,,10456.56,Pendiente
PP-001603,O-001603,PR-00128,Centeno S.A. de C.V.,2025-08-27,Contado,2025-08-27,2025-08-27,6430.66,Pagado
PP-001604,O-001604,PR-00128,Centeno S.A. de C.V.,2025-07-01,Contado,2025-07-01,,1136.7,Retrasado
PP-001605,O-001605,PR-01355,Industrias Gutiérrez y Heredia,2025-07-11,60 días,2025-09-09,,9061.98,Pendiente
PP-001606,O-001606,PR-00131,Despacho Menchaca-Solorio,2025-08-25,90 días,2025-11-23,,7592.52,Pendiente
PP-001607,O-001607,PR-00101,Rangel-Gracia S.A. de C.V.,2025-08-09,90 días,2025-11-07,2025-09-23,662.2,Pagado
PP-001608,O-001608,PR-00879,Despacho Godoy y Quesada,2025-08-13,30 días,2025-09-12,,2866.05,Pendiente
PP-001609,O-001609,PR-00692,"Flórez, Bonilla y Orosco",2025-07-12,30 días,2025-08-11,2025-07-14,6817.72,Pagado
PP-001610,O-001610,PR-01327,Curiel y Santiago S.A.,2025-07-14,60 días,2025-09-12,,4104.76,Pendiente
PP-001611,O-001611,PR-00140,Martínez-Rojo S.A.,2025-07-27,90 días,2025-10-25,,4515.43,Pendiente
PP-001612,O-001612,PR-00141,"Olivárez, Aparicio y Parra",2025-08-15,30 días,2025-09-14,,1702.36,Pendiente
PP-001613,O-001613,PR-00127,"Despacho Durán, Ramos y Rascón",2025-08-08,30 días,2025-09-07,,496.4,Pendiente
PP-001614,O-001614,PR-01355,Industrias Gutiérrez y Heredia,2025-07-08,60 días,2025-09-06,2025-07-11,11578.2,Pagado
PP-001615,O-001615,PR-01408,Rocha y Bañuelos S.C.,2025-08-18,30 días,2025-09-17,2025-09-08,9515.9,Pagado
PP-001616,O-001616,PR-00879,Despacho Godoy y Quesada,2025-07-27,30 días,2025-08-26,2025-08-09,10179.12,Pagado
PP-001617,O-001617,PR-00137,Correa-Arce,2025-08-24,60 días,2025-10-23,,3448.47,Pendiente
PP-001618,O-001618,PR-00692,"Flórez, Bonilla y Orosco",2025-07-05,30 días,2025-08-04,2025-07-29,1247.25,Pagado
PP-001619,O-001619,PR-00692,"Flórez, Bonilla y Orosco",2025-08-18,30 días,2025-09-17,2025-08-29,3810.18,Pagado
PP-001620,O-001620,PR-00139,Montes S. R.L. de C.V.,2025-07-20,90 días,2025-10-18,,4115.79,Pendiente
PP-001621,O-001621,PR-00141,"Olivárez, Aparicio y Parra",2025-07-12,30 días,2025-08-11,2025-08-06,3477.39,Pagado
PP-001622,O-001622,PR-00128,Centeno S.A. de C.V.,2025-08-28,Contado,2025-08-28,2025-08-28,487.41,Pagado
PP-001623,O-001623,PR-01086,Cintrón y Vergara A.C.,2025-08-07,60 días,2025-10-06,,2314.58,Pendiente
PP-001624,O-001624,PR-01408,Rocha y Bañuelos S.C.,2025-07-14,30 días,2025-08-13,,1974.15,Retrasado
PP-001625,O-001625,PR-01108,Ruiz y Carrión A.C.,2025-08-18,30 días,2025-09-17,,4442.5,Pendiente
PP-001626,O-001626,PR-01280,Barraza-Vera S.A.,2025-07-14,90 días,2025-10-12,2025-08-23,4646.04,Pagado
PP-001627,O-001627,PR-00879,Despacho Godoy y Quesada,2025-07-26,30 días,2025-08-25,2025-08-03,516.43,Pagado
PP-001628,O-001628,PR-00692,"Flórez, Bonilla y Orosco",2025-07-20,30 días,2025-08-19,,2244.55,Pendiente
PP-001629,O-001629,PR-00139,Montes S. R.L. de C.V.,2025-07-26,90 días,2025-10-24,2025-10-02,8954.33,Pagado
PP-001630,O-001630,PR-01388,Cardona A.C.,2025-08-14,90 días,2025-11-12,2025-10-11,2673.22,Pagado
PP-001631,O-001631,PR-00140,Martínez-Rojo S.A.,2025-08-15,90 días,2025-11-13,,7661.94,Pendiente
PP-001632,O-001632,PR-00130,Despacho Miranda y Sauceda,2025-08-03,90 días,2025-11-01,2025-09-13,3191.04,Pagado
PP-001633,O-001633,PR-00131,Despacho Menchaca-Solorio,2025-07-02,90 días,2025-09-30,2025-09-01,3556.08,Pagado
PP-001634,O-001634,PR-01039,"Corporacin Espinosa, Montez y Collazo",2025-08-04,30 días,2025-09-03,2025-08-14,10490.0,Pagado
PP-001635,O-001635,PR-00102,"Dueñas, Garrido y Vanegas",2025-08-11,30 días,2025-09-10,,399.84,Pendiente
PP-001636,O-001636,PR-00102,"Dueñas, Garrido y Vanegas",2025-07-22,30 días,2025-08-21,2025-08-06,424.8,Pagado
PP-001637,O-001637,PR-00103,Salcedo y Zaragoza S.A. de C.V.,2025-07-12,60 días,2025-09-10,2025-07-24,2549.47,Pagado
PP-001638,O-001638,PR-01408,Rocha y Bañuelos S.C.,2025-07-03,30 días,2025-08-02,,2726.13,Retrasado
PP-001639,O-001639,PR-01327,Curiel y Santiago S.A.,2025-07-14,60 días,2025-09-12,,858.87,Pendiente
PP-001640,O-001640,PR-00640,"Cardenas, Paredes y Fuentes",2025-08-04,60 días,2025-10-03,,2325.54,Pendiente
PP-001641,O-001641,PR-00141,"Olivárez, Aparicio y Parra",2025-08-19,30 días,2025-09-18,,7679.88,Pendiente
PP-001642,O-001642,PR-01496,"Grupo Cantú, Robledo y Peres",2025-08-05,90 días,2025-11-03,,2416.96,Pendiente
PP-001643,O-001643,PR-00130,Despacho Miranda y Sauceda,2025-08-25,90 días,2025-11-23,2025-09-18,3248.1,Pagado
PP-001644,O-001644,PR-00131,Despacho Menchaca-Solorio,2025-07-16,90 días,2025-10-14,,1671.39,Pendiente
PP-001645,O-001645,PR-01039,"Corporacin Espinosa, Montez y Collazo",2025-07-03,30 días,2025-08-02,2025-07-13,5572.32,Pagado
PP-001646,O-001646,PR-00102,"Dueñas, Garrido y Vanegas",2025-07-29,30 días,2025-08-28,2025-08-20,811.68,Pagado
PP-001647,O-001647,PR-01280,Barraza-Vera S.A.,2025-07-28,90 días,2025-10-26,2025-09-24,442.87,Pagado
PP-001648,O-001648,PR-01280,Barraza-Vera S.A.,2025-07-25,90 días,2025-10-23,2025-08-06,3840.64,Pagado
PP-001649,O-001649,PR-00879,Despacho Godoy y Quesada,2025-08-09,30 días,2025-09-08,2025-08-28,2818.2,Pagado
PP-001650,O-001650,PR-01212,Grupo Sepúlveda-Ramos,2025-07-19,90 días,2025-10-17,,1981.32,Pendiente
PP-001651,O-001651,PR-00138,Industrias Montemayor y Durán,2025-08-26,30 días,2025-09-25,2025-09-05,3548.7,Pagado
PP-001652,O-001652,PR-01388,Cardona A.C.,2025-07-02,90 días,2025-09-30,2025-09-07,5848.26,Pagado
PP-001653,O-001653,PR-00140,Martínez-Rojo S.A.,2025-07-21,90 días,2025-10-19,2025-09-06,8004.96,Pagado
PP-001654,O-001654,PR-00828,Urrutia e Hijos,2025-07-09,30 días,2025-08-08,2025-07-19,1132.06,Pagado
PP-001655,O-001655,PR-00828,Urrutia e Hijos,2025-07-25,30 días,2025-08-24,,2890.8,Retrasado
PP-001656,O-001656,PR-01496,"Grupo Cantú, Robledo y Peres",2025-07-16,90 días,2025-10-14,,7688.22,Pendiente
PP-001657,O-001657,PR-00127,"Despacho Durán, Ramos y Rascón",2025-07-21,30 días,2025-08-20,2025-08-16,3438.16,Pagado
PP-001658,O-001658,PR-01086,Cintrón y Vergara A.C.,2025-08-26,60 días,2025-10-25,,2946.24,Pendiente
PP-001659,O-001659,PR-00814,"Medrano, Cardona y Mayorga",2025-07-04,Contado,2025-07-04,2025-07-04,1455.44,Pagado
PP-001660,O-001660,PR-00102,"Dueñas, Garrido y Vanegas",2025-08-23,30 días,2025-09-22,2025-09-16,1144.64,Pagado
PP-001661,O-001661,PR-00103,Salcedo y Zaragoza S.A. de C.V.,2025-07-31,60 días,2025-09-29,,3328.5,Pendiente
PP-001662,O-001662,PR-01217,Tapia y Cadena S. R.L. de C.V.,2025-08-28,30 días,2025-09-27,,8086.54,Pendiente
PP-001663,O-001663,PR-00828,Urrutia e Hijos,2025-07-05,30 días,2025-08-04,,7431.0,Retrasado
PP-001664,O-001664,PR-00141,"Olivárez, Aparicio y Parra",2025-08-18,30 días,2025-09-17,2025-09-14,572.8,Pagado
PP-001665,O-001665,PR-00828,Urrutia e Hijos,2025-07-22,30 días,2025-08-21,,2724.86,Pendiente
PP-001666,O-001666,PR-01496,"Grupo Cantú, Robledo y Peres",2025-07-25,90 días,2025-10-23,,4776.18,Pendiente
PP-001667,O-001667,PR-00128,Centeno S.A. de C.V.,2025-07-06,Contado,2025-07-06,2025-07-06,1604.48,Pagado
PP-001668,O-001668,PR-01086,Cintrón y Vergara A.C.,2025-08-17,60 días,2025-10-16,,4988.2,Pendiente
PP-001669,O-001669,PR-01039,"Corporacin Espinosa, Montez y Collazo",2025-08-15,30 días,2025-09-14,,6094.62,Pendiente
PP-001670,O-001670,PR-00102,"Dueñas, Garrido y Vanegas",2025-08-28,30 días,2025-09-27,2025-09-23,1032.21,Pagado
PP-001671,O-001671,PR-01280,Barraza-Vera S.A.,2025-07-08,90 días,2025-10-06,2025-08-23,560.06,Pagado
PP-001672,O-001672,PR-00128,Centeno S.A. de C.V.,2025-08-04,Contado,2025-08-04,,5123.54,Retrasado
PP-001673,O-001673,PR-01355,Industrias Gutiérrez y Heredia,2025-07-02,60 días,2025-08-31,2025-08-08,3205.44,Pagado
PP-001674,O-001674,PR-00653,Corporacin Mireles-Curiel,2025-08-21,30 días,2025-09-20,2025-09-10,4582.13,Pagado
PP-001675,O-001675,PR-00101,Rangel-Gracia S.A. de C.V.,2025-07-12,90 días,2025-10-10,2025-07-26,11347.7,Pagado
PP-001676,O-001676,PR-00102,"Dueñas, Garrido y Vanegas",2025-07-13,30 días,2025-08-12,2025-08-07,7406.26,Pagado
PP-001677,O-001677,PR-01408,Rocha y Bañuelos S.C.,2025-07-13,30 días,2025-08-12,,1126.06,Retrasado
PP-001678,O-001678,PR-00103,Salcedo y Zaragoza S.A. de C.V.,2025-08-02,60 días,2025-10-01,2025-09-23,1154.44,Pagado
PP-001679,O-001679,PR-00104,Mesa A.C.,2025-07-13,90 días,2025-10-11,,727.92,Pendiente
PP-001680,O-001680,PR-01108,Ruiz y Carrión A.C.,2025-07-23,30 días,2025-08-22,2025-07-27,604.5,Pagado
PP-001681,O-001681,PR-01212,Grupo Sepúlveda-Ramos,2025-08-21,90 días,2025-11-19,,3630.12,Pendiente
PP-001682,O-001682,PR-00828,Urrutia e Hijos,2025-08-07,30 días,2025-09-06,2025-08-23,211.6,Pagado
PP-001683,O-001683,PR-01496,"Grupo Cantú, Robledo y Peres",2025-07-01,90 días,2025-09-29,,5044.2,Pendiente
PP-001684,O-001684,PR-01496,"Grupo Cantú, Robledo y Peres",2025-08-01,90 días,2025-10-30,,1348.43,Pendiente
PP-001685,O-001685,PR-00128,Centeno S.A. de C.V.,2025-07-15,Contado,2025-07-15,,4585.92,Pendiente
PP-001686,O-001686,PR-01385,"Corona, Mena y Zamudio",2025-07-29,30 días,2025-08-28,2025-08-06,5996.97,Pagado
PP-001687,O-001687,PR-01385,"Corona, Mena y Zamudio",2025-07-20,30 días,2025-08-19,2025-08-13,3042.6,Pagado
PP-001688,O-001688,PR-00100,Industrias Saucedo y Zepeda,2025-07-29,90 días,2025-10-27,2025-10-13,2135.59,Pagado
PP-001689,O-001689,PR-00100,Industrias Saucedo y Zepeda,2025-08-04,90 días,2025-11-02,,7511.35,Pendiente
PP-001690,O-001690,PR-00100,Industrias Saucedo y Zepeda,2025-07-24,90 días,2025-10-22,2025-10-16,439.67,Pagado
PP-001691,O-001691,PR-00814,"Medrano, Cardona y Mayorga",2025-08-28,Contado,2025-08-28,2025-08-28,2519.16,Pagado
PP-001692,O-001692,PR-00101,Rangel-Gracia S.A. de C.V.,2025-07-11,90 días,2025-10-09,,6358.24,Pendiente
PP-001693,O-001693,PR-00102,"Dueñas, Garrido y Vanegas",2025-07-18,30 días,2025-08-17,,3083.5,Retrasado
PP-001694,O-001694,PR-01108,Ruiz y Carrión A.C.,2025-07-08,30 días,2025-08-07,,5762.14,Pendiente
PP-001695,O-001695,PR-01108,Ruiz y Carrión A.C.,2025-08-28,30 días,2025-09-27,2025-09-01,3524.87,Pagado
PP-001696,O-001696,PR-00692,"Flórez, Bonilla y Orosco",2025-08-28,30 días,2025-09-27,2025-09-25,4790.34,Pagado
PP-001697,O-001697,PR-00138,Industrias Montemayor y Durán,2025-08-19,30 días,2025-09-18,,3703.29,Pendiente
PP-001698,O-001698,PR-00139,Montes S. R.L. de C.V.,2025-08-25,90 días,2025-11-23,,4250.12,Pendiente
PP-001699,O-001699,PR-00141,"Olivárez, Aparicio y Parra",2025-08-12,30 días,2025-09-11,2025-08-18,4897.62,Pagado
PP-001700,O-001700,PR-01496,"Grupo Cantú, Robledo y Peres",2025-07-20,90 días,2025-10-18,,9596.21,Pendiente
PP-001701,O-001701,PR-00128,Centeno S.A. de C.V.,2025-07-09,Contado,2025-07-09,2025-07-09,4472.52,Pagado
PP-001702,O-001702,PR-00128,Centeno S.A. de C.V.,2025-08-16,Contado,2025-08-16,,4568.85,Pendiente
PP-001703,O-001703,PR-01355,Industrias Gutiérrez y Heredia,2025-07-30,60 días,2025-09-28,2025-08-11,284.2,Pagado
PP-001704,O-001704,PR-00129,"Marroquín, Almaraz y Leal",2025-07-03,30 días,2025-08-02,,5229.51,Retrasado
PP-001705,O-001705,PR-00100,Industrias Saucedo y Zepeda,2025-07-05,90 días,2025-10-03,2025-08-10,10205.52,Pagado
PP-001706,O-001706,PR-01039,"Corporacin Espinosa, Montez y Collazo",2025-06-30,30 días,2025-07-30,2025-07-27,8430.42,Pagado
PP-001707,O-001707,PR-00101,Rangel-Gracia S.A. de C.V.,2025-08-13,90 días,2025-11-11,2025-08-26,4507.14,Pagado
PP-001708,O-001708,PR-00104,Mesa A.C.,2025-07-29,90 días,2025-10-27,2025-09-27,12052.43,Pagado
PP-001709,O-001709,PR-01108,Ruiz y Carrión A.C.,2025-07-27,30 días,2025-08-26,2025-08-20,6040.44,Pagado
PP-001710,O-001710,PR-00137,Correa-Arce,2025-07-26,60 días,2025-09-24,,998.89,Pendiente
PP-001711,O-001711,PR-00138,Industrias Montemayor y Durán,2025-08-06,30 días,2025-09-05,2025-08-09,446.55,Pagado
PP-001712,O-001712,PR-01327,Curiel y Santiago S.A.,2025-08-14,60 días,2025-10-13,2025-09-13,3398.8,Pagado
PP-001713,O-001713,PR-00140,Martínez-Rojo S.A.,2025-07-08,90 días,2025-10-06,2025-07-27,3256.2,Pagado
PP-001714,O-001714,PR-01496,"Grupo Cantú, Robledo y Peres",2025-08-21,90 días,2025-11-19,2025-11-04,1466.1,Pagado
PP-001715,O-001715,PR-00130,Despacho Miranda y Sauceda,2025-07-07,90 días,2025-10-05,,9078.75,Pendiente
PP-001716,O-001716,PR-00100,Industrias Saucedo y Zepeda,2025-08-11,90 días,2025-11-09,,3611.85,Pendiente
PP-001717,O-001717,PR-00103,Salcedo y Zaragoza S.A. de C.V.,2025-08-05,60 días,2025-10-04,2025-09-10,1130.91,Pagado
PP-001718,O-001718,PR-01408,Rocha y Bañuelos S.C.,2025-07-01,30 días,2025-07-31,2025-07-28,4038.81,Pagado
PP-001719,O-001719,PR-00103,Salcedo y Zaragoza S.A. de C.V.,2025-08-02,60 días,2025-10-01,2025-09-26,13010.25,Pagado
PP-001720,O-001720,PR-00104,Mesa A.C.,2025-07-21,90 días,2025-10-19,,10327.92,Pendiente
PP-001721,O-001721,PR-00138,Industrias Montemayor y Durán,2025-07-01,30 días,2025-07-31,2025-07-16,5254.8,Pagado
PP-001722,O-001722,PR-00128,Centeno S.A. de C.V.,2025-08-20,Contado,2025-08-20,2025-08-20,2576.0,Pagado
PP-001723,O-001723,PR-00129,"Marroquín, Almaraz y Leal",2025-07-25,30 días,2025-08-24,,6979.3,Pendiente
PP-001724,O-001724,PR-01385,"Corona, Mena y Zamudio",2025-07-27,30 días,2025-08-26,,1252.79,Pendiente
PP-001725,O-001725,PR-01039,"Corporacin Espinosa, Montez y Collazo",2025-08-13,30 días,2025-09-12,2025-08-24,8628.6,Pagado
PP-001726,O-001726,PR-00765,Dudley-Escobar,2025-07-25,90 días,2025-10-23,,5654.42,Pendiente
PP-001727,O-001727,PR-00185,Santiago and Sons,2025-07-17,30 días,2025-08-16,2025-07-18,11580.68,Pagado
PP-001728,O-001728,PR-01209,"Williams, Joseph and Howard",2025-08-23,90 días,2025-11-21,,2821.88,Pendiente
PP-001729,O-001729,PR-00187,Perez Inc,2025-08-21,60 días,2025-10-20,,7777.75,Pendiente
PP-001730,O-001730,PR-01475,"Rosales, Jackson and Mason",2025-07-02,30 días,2025-08-01,2025-07-31,925.25,Pagado
PP-001731,O-001731,PR-00174,Simpson PLC,2025-08-18,Contado,2025-08-18,2025-08-18,4193.05,Pagado
PP-001732,O-001732,PR-00174,Simpson PLC,2025-07-19,Contado,2025-07-19,,9962.88,Retrasado
PP-001733,O-001733,PR-00176,"Cole, Adams and Armstrong",2025-07-28,90 días,2025-10-26,,6912.36,Pendiente
PP-001734,O-001734,PR-00147,Richardson-Cooper,2025-07-29,90 días,2025-10-27,2025-09-16,2062.08,Pagado
PP-001735,O-001735,PR-01441,Johnson-Jackson,2025-07-10,60 días,2025-09-08,2025-07-17,4822.45,Pagado
PP-001736,O-001736,PR-00752,"Willis, Smith and Tran",2025-08-06,60 días,2025-10-05,2025-09-20,7406.3,Pagado
PP-001737,O-001737,PR-00752,"Willis, Smith and Tran",2025-08-08,60 días,2025-10-07,2025-08-17,2239.92,Pagado
PP-001738,O-001738,PR-00825,Grant Group,2025-07-23,30 días,2025-08-22,2025-08-11,11604.6,Pagado
PP-001739,O-001739,PR-01057,White and Sons,2025-07-24,90 días,2025-10-22,,1699.7,Pendiente
PP-001740,O-001740,PR-01238,"Harrison, Thomas and Becker",2025-08-18,90 días,2025-11-16,,2281.79,Pendiente
PP-001741,O-001741,PR-00644,"Howard, Mcdonald and Vargas",2025-07-21,90 días,2025-10-19,,3478.08,Pendiente
PP-001742,O-001742,PR-00154,"Adams, Burke and Mcgee",2025-08-11,60 días,2025-10-10,2025-09-02,4541.38,Pagado
PP-001743,O-001743,PR-00154,"Adams, Burke and Mcgee",2025-08-22,60 días,2025-10-21,2025-09-03,420.81,Pagado
PP-001744,O-001744,PR-00155,Alvarez-Lester,2025-07-20,90 días,2025-10-18,2025-10-07,4049.85,Pagado
PP-001745,O-001745,PR-00758,Brooks and Sons,2025-08-03,90 días,2025-11-01,2025-10-07,8272.82,Pagado
PP-001746,O-001746,PR-00180,Kidd-Bradford,2025-08-07,90 días,2025-11-05,,5050.75,Pendiente
PP-001747,O-001747,PR-00181,Miller-Anderson,2025-08-14,90 días,2025-11-12,,6482.4,Pendiente
PP-001748,O-001748,PR-00881,Perkins Inc,2025-07-18,90 días,2025-10-16,2025-10-11,1284.69,Pagado
PP-001749,O-001749,PR-01322,House LLC,2025-08-02,Contado,2025-08-02,,5743.4,Retrasado
PP-001750,O-001750,PR-00840,Figueroa and Sons,2025-07-07,30 días,2025-08-06,,2553.6,Retrasado
PP-001751,O-001751,PR-00811,Walton LLC,2025-07-01,30 días,2025-07-31,2025-07-10,2321.2,Pagado
PP-001752,O-001752,PR-00780,"Carter, Krueger and Wong",2025-08-15,30 días,2025-09-14,,1288.1,Pendiente
PP-001753,O-001753,PR-00160,Foster-Newton,2025-08-09,60 días,2025-10-08,2025-10-07,7232.94,Pagado
PP-001754,O-001754,PR-00161,Gutierrez-Mata,2025-08-12,Contado,2025-08-12,,1813.02,Retrasado
PP-001755,O-001755,PR-01002,"Huynh, Shaw and Gutierrez",2025-07-18,60 días,2025-09-16,2025-09-14,6187.72,Pagado
PP-001756,O-001756,PR-00146,Carrillo-Vance,2025-08-24,60 días,2025-10-23,2025-10-18,7545.88,Pagado
PP-001757,O-001757,PR-00146,Carrillo-Vance,2025-07-21,60 días,2025-09-19,,470.73,Pendiente
PP-001758,O-001758,PR-01292,"Martinez, Anderson and Nelson",2025-07-30,90 días,2025-10-28,2025-09-26,2723.07,Pagado
PP-001759,O-001759,PR-00164,"Fernandez, Daniels and Lee",2025-08-22,90 días,2025-11-20,2025-09-24,4834.4,Pagado
PP-001760,O-001760,PR-00166,Jordan-Dominguez,2025-07-21,60 días,2025-09-19,2025-08-29,3680.16,Pagado
PP-001761,O-001761,PR-01133,Richards and Sons,2025-07-11,90 días,2025-10-09,2025-07-30,4918.11,Pagado
PP-001762,O-001762,PR-00167,Nguyen-Schwartz,2025-08-21,60 días,2025-10-20,,7058.31,Pendiente
PP-001763,O-001763,PR-01304,Hale-Thomas,2025-07-01,60 días,2025-08-30,,5158.62,Pendiente
PP-001764,O-001764,PR-00171,Newman PLC,2025-08-14,90 días,2025-11-12,2025-09-20,5157.54,Pagado
PP-001765,O-001765,PR-00171,Newman PLC,2025-07-13,90 días,2025-10-11,,1952.45,Pendiente
PP-001766,O-001766,PR-00172,"Wright, Sparks and Archer",2025-07-28,90 días,2025-10-26,2025-10-25,12021.18,Pagado
PP-001767,O-001767,PR-00175,"Cabrera, Scott and Horne",2025-07-18,60 días,2025-09-16,,11111.64,Pendiente
PP-001768,O-001768,PR-00891,Palmer-Garcia,2025-08-01,60 días,2025-09-30,2025-08-28,3136.96,Pagado
PP-001769,O-001769,PR-00177,Miller-Cross,2025-07-03,60 días,2025-09-01,,5964.84,Pendiente
PP-001770,O-001770,PR-01184,"Harris, King and Jenkins",2025-08-27,60 días,2025-10-26,2025-10-16,4344.34,Pagado
PP-001771,O-001771,PR-00178,"Zavala, Day and White",2025-08-01,90 días,2025-10-30,2025-09-28,2360.75,Pagado
PP-001772,O-001772,PR-01461,Smith PLC,2025-07-05,60 días,2025-09-03,2025-07-19,5968.74,Pagado
PP-001773,O-001773,PR-00149,"Moore, Barnett and Murray",2025-08-25,Contado,2025-08-25,2025-08-25,7774.9,Pagado
PP-001774,O-001774,PR-00180,Kidd-Bradford,2025-08-01,90 días,2025-10-30,2025-08-01,6775.08,Pagado
PP-001775,O-001775,PR-01320,Thompson LLC,2025-08-03,90 días,2025-11-01,,11721.08,Pendiente
PP-001776,O-001776,PR-00160,Foster-Newton,2025-08-06,60 días,2025-10-05,2025-08-16,6531.84,Pagado
PP-001777,O-001777,PR-00144,Guzman Group,2025-07-26,90 días,2025-10-24,2025-10-18,5171.4,Pagado
PP-001778,O-001778,PR-00145,Wheeler Ltd,2025-08-24,90 días,2025-11-22,,2157.6,Pendiente
PP-001779,O-001779,PR-01292,"Martinez, Anderson and Nelson",2025-08-21,90 días,2025-11-19,2025-08-22,1238.04,Pagado
PP-001780,O-001780,PR-00163,Fields-Thompson,2025-08-25,60 días,2025-10-24,2025-10-17,155.62,Pagado
PP-001781,O-001781,PR-01322,House LLC,2025-07-10,Contado,2025-07-10,2025-07-10,6669.54,Pagado
PP-001782,O-001782,PR-01246,Scott Inc,2025-08-22,60 días,2025-10-21,,2195.14,Pendiente
PP-001783,O-001783,PR-01133,Richards and Sons,2025-08-12,90 días,2025-11-10,2025-09-14,6683.04,Pagado
PP-001784,O-001784,PR-01467,Thompson-Juarez,2025-07-07,60 días,2025-09-05,,6533.66,Pendiente
PP-001785,O-001785,PR-00171,Newman PLC,2025-08-27,90 días,2025-11-25,,6696.56,Pendiente
PP-001786,O-001786,PR-01013,Morgan-Glenn,2025-07-25,90 días,2025-10-23,,3708.5,Pendiente
PP-001787,O-001787,PR-01161,Hawkins Group,2025-07-13,60 días,2025-09-11,2025-07-24,5241.0,Pagado
PP-001788,O-001788,PR-00914,"Johnson, Dunlap and Boyd",2025-07-29,90 días,2025-10-27,2025-08-12,1469.25,Pagado
PP-001789,O-001789,PR-00187,Perez Inc,2025-08-10,60 días,2025-10-09,2025-09-21,9155.83,Pagado
PP-001790,O-001790,PR-00174,Simpson PLC,2025-07-18,Contado,2025-07-18,2025-07-18,8884.8,Pagado
PP-001791,O-001791,PR-00175,"Cabrera, Scott and Horne",2025-07-17,60 días,2025-09-15,2025-08-04,969.84,Pagado
PP-001792,O-001792,PR-01184,"Harris, King and Jenkins",2025-07-29,60 días,2025-09-27,2025-08-08,9683.46,Pagado
PP-001793,O-001793,PR-01027,"Edwards, Woods and Morrison",2025-08-07,60 días,2025-10-06,,3694.11,Pendiente
PP-001794,O-001794,PR-00825,Grant Group,2025-07-03,30 días,2025-08-02,2025-07-25,7038.72,Pagado
PP-001795,O-001795,PR-00154,"Adams, Burke and Mcgee",2025-07-28,60 días,2025-09-26,2025-09-02,9933.48,Pagado
PP-001796,O-001796,PR-00156,Jackson-Novak,2025-07-04,Contado,2025-07-04,2025-07-04,9214.79,Pagado
PP-001797,O-001797,PR-01218,Hawkins-Jones,2025-08-11,90 días,2025-11-09,,2409.2,Pendiente
PP-001798,O-001798,PR-01218,Hawkins-Jones,2025-07-30,90 días,2025-10-28,,9370.56,Pendiente
PP-001799,O-001799,PR-01218,Hawkins-Jones,2025-08-17,90 días,2025-11-15,,794.52,Pendiente
PP-001800,O-001800,PR-00180,Kidd-Bradford,2025-07-16,90 días,2025-10-14,2025-08-05,1582.21,Pagado
PP-001801,O-001801,PR-01181,"Fox, Brown and Rose",2025-08-09,60 días,2025-10-08,2025-09-02,5111.5,Pagado
PP-001802,O-001802,PR-01181,"Fox, Brown and Rose",2025-08-28,60 días,2025-10-27,,129.86,Pendiente
PP-001803,O-001803,PR-01162,Frost Inc,2025-08-06,60 días,2025-10-05,2025-09-26,5593.99,Pagado
PP-001804,O-001804,PR-00161,Gutierrez-Mata,2025-07-13,Contado,2025-07-13,2025-07-13,2878.26,Pagado
PP-001805,O-001805,PR-00184,"Miller, Webster and Miller",2025-07-29,30 días,2025-08-28,2025-08-14,2382.32,Pagado
PP-001806,O-001806,PR-00914,"Johnson, Dunlap and Boyd",2025-08-14,90 días,2025-11-12,2025-08-18,2185.56,Pagado
PP-001807,O-001807,PR-01032,Henson-Burns,2025-08-12,60 días,2025-10-11,,6281.0,Pendiente
PP-001808,O-001808,PR-01209,"Williams, Joseph and Howard",2025-07-31,90 días,2025-10-29,,6167.7,Pendiente
PP-001809,O-001809,PR-00186,"Stewart, Flores and Burgess",2025-07-08,30 días,2025-08-07,,3255.84,Retrasado
PP-001810,O-001810,PR-00175,"Cabrera, Scott and Horne",2025-07-06,60 días,2025-09-04,,11223.53,Pendiente
PP-001811,O-001811,PR-00177,Miller-Cross,2025-08-02,60 días,2025-10-01,2025-08-06,10669.2,Pagado
PP-001812,O-001812,PR-00668,Fry PLC,2025-07-28,90 días,2025-10-26,,8231.94,Pendiente
PP-001813,O-001813,PR-01063,Martinez-Stevenson,2025-08-20,90 días,2025-11-18,2025-09-12,1010.88,Pagado
PP-001814,O-001814,PR-00148,Johnson-Nelson,2025-07-27,90 días,2025-10-25,,2337.12,Pendiente
PP-001815,O-001815,PR-00752,"Willis, Smith and Tran",2025-08-01,60 días,2025-09-30,2025-08-23,5470.2,Pagado
PP-001816,O-001816,PR-00154,"Adams, Burke and Mcgee",2025-08-11,60 días,2025-10-10,2025-10-03,10226.43,Pagado
PP-001817,O-001817,PR-00154,"Adams, Burke and Mcgee",2025-07-09,60 días,2025-09-07,2025-08-03,8521.09,Pagado
PP-001818,O-001818,PR-00155,Alvarez-Lester,2025-07-31,90 días,2025-10-29,2025-09-29,8272.46,Pagado
PP-001819,O-001819,PR-00156,Jackson-Novak,2025-08-13,Contado,2025-08-13,,6336.14,Retrasado
PP-001820,O-001820,PR-00160,Foster-Newton,2025-08-28,60 días,2025-10-27,,3751.02,Pendiente
PP-001821,O-001821,PR-00780,"Carter, Krueger and Wong",2025-08-06,30 días,2025-09-05,,6558.75,Pendiente
PP-001822,O-001822,PR-00161,Gutierrez-Mata,2025-06-30,Contado,2025-06-30,2025-06-30,11983.3,Pagado
PP-001823,O-001823,PR-00765,Dudley-Escobar,2025-08-14,90 días,2025-11-12,2025-09-09,10271.04,Pagado
PP-001824,O-001824,PR-00187,Perez Inc,2025-08-01,60 días,2025-09-30,2025-08-02,1753.5,Pagado
PP-001825,O-001825,PR-00187,Perez Inc,2025-07-02,60 días,2025-08-31,,3641.75,Pendiente
PP-001826,O-001826,PR-00174,Simpson PLC,2025-07-30,Contado,2025-07-30,2025-07-30,7851.06,Pagado
PP-001827,O-001827,PR-00891,Palmer-Garcia,2025-08-18,60 días,2025-10-17,,2704.84,Pendiente
PP-001828,O-001828,PR-01184,"Harris, King and Jenkins",2025-08-11,60 días,2025-10-10,,6353.55,Pendiente
PP-001829,O-001829,PR-01184,"Harris, King and Jenkins",2025-07-23,60 días,2025-09-21,2025-09-14,7713.28,Pagado
PP-001830,O-001830,PR-00177,Miller-Cross,2025-07-29,60 días,2025-09-27,2025-08-27,7012.08,Pagado
PP-001831,O-001831,PR-00178,"Zavala, Day and White",2025-08-23,90 días,2025-11-21,,1930.8,Pendiente
PP-001832,O-001832,PR-01027,"Edwards, Woods and Morrison",2025-08-17,60 días,2025-10-16,2025-09-29,2668.92,Pagado
PP-001833,O-001833,PR-00706,Lewis-Wilson,2025-08-03,90 días,2025-11-01,2025-09-09,1626.48,Pagado
PP-001834,O-001834,PR-01063,Martinez-Stevenson,2025-08-04,90 días,2025-11-02,,4367.24,Pendiente
PP-001835,O-001835,PR-01131,Warner-Mitchell,2025-08-24,90 días,2025-11-22,2025-09-11,4628.49,Pagado
PP-001836,O-001836,PR-00154,"Adams, Burke and Mcgee",2025-07-30,60 días,2025-09-28,2025-09-22,7383.4,Pagado
PP-001837,O-001837,PR-00179,Nichols PLC,2025-07-04,60 días,2025-09-02,,3531.15,Pendiente
PP-001838,O-001838,PR-00180,Kidd-Bradford,2025-07-29,90 días,2025-10-27,2025-10-08,4336.36,Pagado
PP-001839,O-001839,PR-00180,Kidd-Bradford,2025-08-15,90 días,2025-11-13,2025-10-08,11511.5,Pagado
PP-001840,O-001840,PR-00181,Miller-Anderson,2025-08-21,90 días,2025-11-19,,1690.65,Pendiente
PP-001841,O-001841,PR-00183,Jones Group,2025-08-22,90 días,2025-11-20,2025-09-26,8700.48,Pagado
PP-001842,O-001842,PR-00158,Williamson and Sons,2025-07-09,60 días,2025-09-07,,2846.14,Pendiente
PP-001843,O-001843,PR-00158,Williamson and Sons,2025-08-03,60 días,2025-10-02,2025-08-08,4626.69,Pagado
PP-001844,O-001844,PR-00160,Foster-Newton,2025-07-13,60 días,2025-09-11,2025-08-29,9016.24,Pagado
PP-001845,O-001845,PR-00780,"Carter, Krueger and Wong",2025-08-13,30 días,2025-09-12,,6962.4,Pendiente
PP-001846,O-001846,PR-00161,Gutierrez-Mata,2025-08-15,Contado,2025-08-15,,1696.52,Retrasado
PP-001847,O-001847,PR-00914,"Johnson, Dunlap and Boyd",2025-07-04,90 días,2025-10-02,2025-09-16,4598.48,Pagado
PP-001848,O-001848,PR-00914,"Johnson, Dunlap and Boyd",2025-08-14,90 días,2025-11-12,,3822.06,Pendiente
PP-001849,O-001849,PR-00185,Santiago and Sons,2025-07-25,30 días,2025-08-24,,1026.9,Retrasado
PP-001850,O-001850,PR-00187,Perez Inc,2025-07-24,60 días,2025-09-22,,6098.68,Pendiente
PP-001851,O-001851,PR-00187,Perez Inc,2025-08-15,60 días,2025-10-14,2025-09-16,10454.16,Pagado
PP-001852,O-001852,PR-00174,Simpson PLC,2025-07-17,Contado,2025-07-17,2025-07-17,8774.92,Pagado
PP-001853,O-001853,PR-00174,Simpson PLC,2025-07-31,Contado,2025-07-31,,2609.84,Retrasado
PP-001854,O-001854,PR-00177,Miller-Cross,2025-08-22,60 días,2025-10-21,,3695.76,Pendiente
PP-001855,O-001855,PR-00150,Mitchell PLC,2025-07-11,60 días,2025-09-09,,2954.4,Pendiente
PP-001856,O-001856,PR-00151,"Gibbs, Fuller and Davis",2025-06-30,30 días,2025-07-30,2025-07-17,2464.75,Pagado
PP-001857,O-001857,PR-01238,"Harrison, Thomas and Becker",2025-08-13,90 días,2025-11-11,,8626.56,Pendiente
PP-001858,O-001858,PR-00154,"Adams, Burke and Mcgee",2025-08-10,60 días,2025-10-09,2025-08-13,7803.0,Pagado
PP-001859,O-001859,PR-00881,Perkins Inc,2025-08-27,90 días,2025-11-25,2025-11-10,1046.64,Pagado
PP-001860,O-001860,PR-00811,Walton LLC,2025-08-18,30 días,2025-09-17,2025-09-03,889.8,Pagado
PP-001861,O-001861,PR-01161,Hawkins Group,2025-07-28,60 días,2025-09-26,,3312.47,Pendiente
PP-001862,O-001862,PR-00765,Dudley-Escobar,2025-08-28,90 días,2025-11-26,,13660.16,Pendiente
PP-001863,O-001863,PR-00185,Santiago and Sons,2025-08-22,30 días,2025-09-21,,2923.3,Pendiente
PP-001864,O-001864,PR-00187,Perez Inc,2025-08-04,60 días,2025-10-03,2025-09-29,2727.8,Pagado
PP-001865,O-001865,PR-01143,Frey-Compton,2025-07-05,90 días,2025-10-03,2025-09-22,5338.26,Pagado
PP-001866,O-001866,PR-00188,Simpson and Sons,2025-08-12,30 días,2025-09-11,,1088.64,Pendiente
PP-001867,O-001867,PR-00979,Cox Ltd,2025-08-07,90 días,2025-11-05,,2880.36,Pendiente
PP-001868,O-001868,PR-00174,Simpson PLC,2025-08-10,Contado,2025-08-10,2025-08-10,1587.6,Pagado
PP-001869,O-001869,PR-00174,Simpson PLC,2025-08-22,Contado,2025-08-22,,299.7,Retrasado
PP-001870,O-001870,PR-00979,Cox Ltd,2025-07-09,90 días,2025-10-07,,5936.7,Pendiente
PP-001871,O-001871,PR-00175,"Cabrera, Scott and Horne",2025-08-17,60 días,2025-10-16,,8467.8,Pendiente
PP-001872,O-001872,PR-00706,Lewis-Wilson,2025-07-23,90 días,2025-10-21,,2809.1,Pendiente
PP-001873,O-001873,PR-00668,Fry PLC,2025-07-18,90 días,2025-10-16,,462.66,Pendiente
PP-001874,O-001874,PR-00825,Grant Group,2025-08-12,30 días,2025-09-11,2025-09-07,5115.48,Pagado
PP-001875,O-001875,PR-01057,White and Sons,2025-08-16,90 días,2025-11-14,,681.98,Pendiente
PP-001876,O-001876,PR-01185,"Murphy, Adams and Walker",2025-07-25,30 días,2025-08-24,,5081.3,Retrasado
PP-001877,O-001877,PR-00153,Clark-Ross,2025-07-26,60 días,2025-09-24,,7565.52,Pendiente
PP-001878,O-001878,PR-00180,Kidd-Bradford,2025-07-16,90 días,2025-10-14,,6682.58,Pendiente
PP-001879,O-001879,PR-00181,Miller-Anderson,2025-07-05,90 días,2025-10-03,,9378.56,Pendiente
PP-001880,O-001880,PR-01181,"Fox, Brown and Rose",2025-07-19,60 días,2025-09-17,2025-08-12,6585.04,Pagado
PP-001881,O-001881,PR-00158,Williamson and Sons,2025-08-11,60 días,2025-10-10,2025-09-16,2740.01,Pagado
PP-001882,O-001882,PR-00811,Walton LLC,2025-08-27,30 días,2025-09-26,2025-09-01,2702.0,Pagado
PP-001883,O-001883,PR-00160,Foster-Newton,2025-07-26,60 días,2025-09-24,,802.45,Pendiente
PP-001884,O-001884,PR-00914,"Johnson, Dunlap and Boyd",2025-08-15,90 días,2025-11-13,,2826.2,Pendiente
PP-001885,O-001885,PR-01475,"Rosales, Jackson and Mason",2025-07-12,30 días,2025-08-11,2025-07-29,2610.52,Pagado
PP-001886,O-001886,PR-00174,Simpson PLC,2025-07-12,Contado,2025-07-12,,1362.15,Retrasado
PP-001887,O-001887,PR-00177,Miller-Cross,2025-08-15,60 días,2025-10-14,,2746.59,Pendiente
PP-001888,O-001888,PR-00178,"Zavala, Day and White",2025-07-19,90 días,2025-10-17,2025-09-28,9229.95,Pagado
PP-001889,O-001889,PR-00148,Johnson-Nelson,2025-07-24,90 días,2025-10-22,,4903.2,Pendiente
PP-001890,O-001890,PR-01238,"Harrison, Thomas and Becker",2025-08-12,90 días,2025-11-10,2025-09-02,4416.48,Pagado
PP-001891,O-001891,PR-00179,Nichols PLC,2025-07-06,60 días,2025-09-04,2025-07-26,1624.25,Pagado
PP-001892,O-001892,PR-01149,Mcdonald PLC,2025-07-10,90 días,2025-10-08,2025-09-13,5902.13,Pagado
PP-001893,O-001893,PR-01279,"Peterson, Proctor and Hall",2025-07-13,90 días,2025-10-11,2025-08-17,12505.56,Pagado
PP-001894,O-001894,PR-01320,Thompson LLC,2025-07-25,90 días,2025-10-23,2025-10-18,2309.53,Pagado
PP-001895,O-001895,PR-01320,Thompson LLC,2025-08-22,90 días,2025-11-20,,5868.16,Pendiente
PP-001896,O-001896,PR-00812,Clarke Group,2025-07-04,30 días,2025-08-03,2025-07-30,4505.8,Pagado
PP-001897,O-001897,PR-00161,Gutierrez-Mata,2025-08-24,Contado,2025-08-24,2025-08-24,2829.6,Pagado
PP-001898,O-001898,PR-00914,"Johnson, Dunlap and Boyd",2025-08-16,90 días,2025-11-14,,6747.2,Pendiente
PP-001899,O-001899,PR-00914,"Johnson, Dunlap and Boyd",2025-07-28,90 días,2025-10-26,,1777.12,Pendiente
PP-001900,O-001900,PR-01032,Henson-Burns,2025-07-19,60 días,2025-09-17,2025-09-11,394.42,Pagado
PP-001901,O-001901,PR-00188,Simpson and Sons,2025-07-23,30 días,2025-08-22,2025-08-10,7014.6,Pagado
PP-001902,O-001902,PR-01143,Frey-Compton,2025-07-27,90 días,2025-10-25,2025-08-25,3570.6,Pagado
PP-001903,O-001903,PR-01475,"Rosales, Jackson and Mason",2025-07-05,30 días,2025-08-04,,5551.56,Retrasado
PP-001904,O-001904,PR-00174,Simpson PLC,2025-08-03,Contado,2025-08-03,2025-08-03,3687.18,Pagado
PP-001905,O-001905,PR-00176,"Cole, Adams and Armstrong",2025-07-03,90 días,2025-10-01,2025-07-18,2331.0,Pagado
PP-001906,O-001906,PR-00891,Palmer-Garcia,2025-07-10,60 días,2025-09-08,,533.4,Pendiente
PP-001907,O-001907,PR-00176,"Cole, Adams and Armstrong",2025-07-16,90 días,2025-10-14,,7145.82,Pendiente
PP-001908,O-001908,PR-01184,"Harris, King and Jenkins",2025-08-17,60 días,2025-10-16,2025-10-13,2065.8,Pagado
PP-001909,O-001909,PR-00178,"Zavala, Day and White",2025-08-23,90 días,2025-11-21,,4285.44,Pendiente
PP-001910,O-001910,PR-01057,White and Sons,2025-07-12,90 días,2025-10-10,,290.82,Pendiente
PP-001911,O-001911,PR-00154,"Adams, Burke and Mcgee",2025-07-07,60 días,2025-09-05,,1463.8,Pendiente
PP-001912,O-001912,PR-00156,Jackson-Novak,2025-07-02,Contado,2025-07-02,2025-07-02,10114.85,Pagado
PP-001913,O-001913,PR-01218,Hawkins-Jones,2025-07-12,90 días,2025-10-10,,3718.11,Pendiente
PP-001914,O-001914,PR-00180,Kidd-Bradford,2025-07-01,90 días,2025-09-29,2025-07-27,8295.36,Pagado
PP-001915,O-001915,PR-00180,Kidd-Bradford,2025-07-20,90 días,2025-10-18,2025-10-04,11573.38,Pagado
PP-001916,O-001916,PR-00181,Miller-Anderson,2025-08-07,90 días,2025-11-05,,4070.92,Pendiente
PP-001917,O-001917,PR-01279,"Peterson, Proctor and Hall",2025-06-30,90 días,2025-09-28,2025-09-10,3702.49,Pagado
PP-001918,O-001918,PR-00165,Fleming-Hernandez,2025-08-20,90 días,2025-11-18,2025-11-14,3269.31,Pagado
PP-001919,O-001919,PR-00811,Walton LLC,2025-07-05,30 días,2025-08-04,,5046.86,Retrasado
PP-001920,O-001920,PR-01162,Frost Inc,2025-08-08,60 días,2025-10-07,2025-09-09,4624.9,Pagado
PP-001921,O-001921,PR-01320,Thompson LLC,2025-07-10,90 días,2025-10-08,,8005.84,Pendiente
PP-001922,O-001922,PR-01161,Hawkins Group,2025-07-06,60 días,2025-09-04,,193.2,Pendiente
PP-001923,O-001923,PR-00765,Dudley-Escobar,2025-07-02,90 días,2025-09-30,,720.0,Pendiente
PP-001924,O-001924,PR-00678,"Garcia, Phillips and Santiago",2025-08-05,90 días,2025-11-03,,7484.94,Pendiente
PP-001925,O-001925,PR-00944,Matthews-Adams,2025-07-30,30 días,2025-08-29,,6928.48,Pendiente
PP-001926,O-001926,PR-01293,"Small, Shaw and Mason",2025-08-17,60 días,2025-10-16,,1792.56,Pendiente
PP-001927,O-001927,PR-00979,Cox Ltd,2025-07-26,90 días,2025-10-24,2025-09-06,2251.7,Pagado
PP-001928,O-001928,PR-00891,Palmer-Garcia,2025-08-04,60 días,2025-10-03,2025-09-05,7664.0,Pagado
PP-001929,O-001929,PR-00176,"Cole, Adams and Armstrong",2025-08-01,90 días,2025-10-30,,819.15,Pendiente
PP-001930,O-001930,PR-01184,"Harris, King and Jenkins",2025-08-04,60 días,2025-10-03,,4349.28,Pendiente
PP-001931,O-001931,PR-01184,"Harris, King and Jenkins",2025-08-19,60 días,2025-10-18,2025-09-08,2248.32,Pagado
PP-001932,O-001932,PR-01063,Martinez-Stevenson,2025-08-13,90 días,2025-11-11,,4824.75,Pendiente
PP-001933,O-001933,PR-00752,"Willis, Smith and Tran",2025-07-06,60 días,2025-09-04,,5032.76,Pendiente
PP-001934,O-001934,PR-00150,Mitchell PLC,2025-07-22,60 días,2025-09-20,,1678.3,Pendiente
PP-001935,O-001935,PR-00151,"Gibbs, Fuller and Davis",2025-07-04,30 días,2025-08-03,,1864.8,Pendiente
PP-001936,O-001936,PR-00151,"Gibbs, Fuller and Davis",2025-07-09,30 días,2025-08-08,2025-07-17,948.78,Pagado
PP-001937,O-001937,PR-00151,"Gibbs, Fuller and Davis",2025-08-14,30 días,2025-09-13,,7795.89,Pendiente
PP-001938,O-001938,PR-01238,"Harrison, Thomas and Becker",2025-07-05,90 días,2025-10-03,,1864.96,Pendiente
PP-001939,O-001939,PR-01238,"Harrison, Thomas and Becker",2025-07-24,90 días,2025-10-22,,5379.48,Pendiente
PP-001940,O-001940,PR-01238,"Harrison, Thomas and Becker",2025-07-22,90 días,2025-10-20,2025-09-12,4597.99,Pagado
PP-001941,O-001941,PR-00154,"Adams, Burke and Mcgee",2025-08-21,60 días,2025-10-20,2025-10-16,1289.52,Pagado
PP-001942,O-001942,PR-00154,"Adams, Burke and Mcgee",2025-07-09,60 días,2025-09-07,2025-09-05,5272.46,Pagado
PP-001943,O-001943,PR-00758,Brooks and Sons,2025-07-27,90 días,2025-10-25,2025-10-15,3474.48,Pagado
PP-001944,O-001944,PR-00180,Kidd-Bradford,2025-07-31,90 días,2025-10-29,,8648.54,Pendiente
PP-001945,O-001945,PR-00183,Jones Group,2025-07-23,90 días,2025-10-21,2025-07-28,6354.88,Pagado
PP-001946,O-001946,PR-01118,Figueroa-Esparza,2025-08-17,60 días,2025-10-16,2025-10-11,1203.62,Pagado
PP-001947,O-001947,PR-00811,Walton LLC,2025-08-23,30 días,2025-09-22,2025-09-19,4483.25,Pagado
PP-001948,O-001948,PR-00780,"Carter, Krueger and Wong",2025-07-28,30 días,2025-08-27,2025-08-13,1219.0,Pagado
PP-001949,O-001949,PR-00812,Clarke Group,2025-08-14,30 días,2025-09-13,,425.88,Pendiente
PP-001950,O-001950,PR-00160,Foster-Newton,2025-08-16,60 días,2025-10-15,,7294.68,Pendiente
PP-001951,O-001951,PR-00184,"Miller, Webster and Miller",2025-07-25,30 días,2025-08-24,,3445.19,Pendiente
PP-001952,O-001952,PR-01161,Hawkins Group,2025-07-04,60 días,2025-09-02,,2590.8,Pendiente
PP-001953,O-001953,PR-00184,"Miller, Webster and Miller",2025-08-22,30 días,2025-09-21,,3563.19,Pendiente
PP-001954,O-001954,PR-00765,Dudley-Escobar,2025-07-09,90 días,2025-10-07,2025-08-17,3869.32,Pagado
PP-001955,O-001955,PR-00187,Perez Inc,2025-08-13,60 días,2025-10-12,2025-09-12,5375.04,Pagado
PP-001956,O-001956,PR-01293,"Small, Shaw and Mason",2025-08-09,60 días,2025-10-08,,12798.8,Pendiente
PP-001957,O-001957,PR-00175,"Cabrera, Scott and Horne",2025-07-03,60 días,2025-09-01,,11074.14,Pendiente
PP-001958,O-001958,PR-00175,"Cabrera, Scott and Horne",2025-07-01,60 días,2025-08-30,,8365.5,Pendiente
PP-001959,O-001959,PR-00176,"Cole, Adams and Armstrong",2025-08-06,90 días,2025-11-04,,6230.56,Pendiente
PP-001960,O-001960,PR-01184,"Harris, King and Jenkins",2025-08-08,60 días,2025-10-07,2025-08-27,1290.25,Pagado
PP-001961,O-001961,PR-00178,"Zavala, Day and White",2025-07-20,90 días,2025-10-18,,7024.64,Pendiente
PP-001962,O-001962,PR-00151,"Gibbs, Fuller and Davis",2025-07-16,30 días,2025-08-15,,4470.73,Pendiente
PP-001963,O-001963,PR-00765,Dudley-Escobar,2025-08-04,90 días,2025-11-02,,1707.25,Pendiente
PP-001964,O-001964,PR-00185,Santiago and Sons,2025-07-15,30 días,2025-08-14,,6919.68,Retrasado
PP-001965,O-001965,PR-00765,Dudley-Escobar,2025-07-17,90 días,2025-10-15,2025-08-19,2360.38,Pagado
PP-001966,O-001966,PR-00944,Matthews-Adams,2025-08-04,30 días,2025-09-03,2025-08-14,8026.5,Pagado
PP-001967,O-001967,PR-00187,Perez Inc,2025-08-05,60 días,2025-10-04,2025-08-06,7821.3,Pagado
PP-001968,O-001968,PR-00175,"Cabrera, Scott and Horne",2025-07-22,60 días,2025-09-20,2025-08-13,3348.84,Pagado
PP-001969,O-001969,PR-00891,Palmer-Garcia,2025-08-26,60 días,2025-10-25,,6202.52,Pendiente
PP-001970,O-001970,PR-01184,"Harris, King and Jenkins",2025-08-14,60 días,2025-10-13,,8526.0,Pendiente
PP-001971,O-001971,PR-01078,"Peterson, Simpson and English",2025-08-15,Contado,2025-08-15,,255.02,Retrasado
PP-001972,O-001972,PR-00148,Johnson-Nelson,2025-07-23,90 días,2025-10-21,,3729.8,Pendiente
PP-001973,O-001973,PR-01281,"Simpson, Simpson and King",2025-08-27,60 días,2025-10-26,2025-09-01,4195.2,Pagado
PP-001974,O-001974,PR-00150,Mitchell PLC,2025-07-28,60 días,2025-09-26,,7820.14,Pendiente
PP-001975,O-001975,PR-00153,Clark-Ross,2025-08-23,60 días,2025-10-22,2025-08-29,3488.28,Pagado
PP-001976,O-001976,PR-00644,"Howard, Mcdonald and Vargas",2025-07-13,90 días,2025-10-11,,5234.83,Pendiente
PP-001977,O-001977,PR-00644,"Howard, Mcdonald and Vargas",2025-07-22,90 días,2025-10-20,2025-08-10,9947.52,Pagado
PP-001978,O-001978,PR-01161,Hawkins Group,2025-07-03,60 días,2025-09-01,2025-07-15,9527.96,Pagado
PP-001979,O-001979,PR-01032,Henson-Burns,2025-07-13,60 días,2025-09-11,2025-08-09,2617.89,Pagado
PP-001980,O-001980,PR-00944,Matthews-Adams,2025-07-08,30 días,2025-08-07,2025-07-30,775.62,Pagado
PP-001981,O-001981,PR-00187,Perez Inc,2025-08-21,60 días,2025-10-20,2025-08-31,5782.89,Pagado
PP-001982,O-001982,PR-00152,Mccarty and Sons,2025-08-18,60 días,2025-10-17,2025-09-28,2783.9,Pagado
PP-001983,O-001983,PR-00154,"Adams, Burke and Mcgee",2025-07-18,60 días,2025-09-16,2025-08-01,4777.85,Pagado
PP-001984,O-001984,PR-00154,"Adams, Burke and Mcgee",2025-07-02,60 días,2025-08-31,,84.76,Pendiente
PP-001985,O-001985,PR-01256,West Group,2025-07-18,90 días,2025-10-16,2025-07-22,9604.11,Pagado
PP-001986,O-001986,PR-00156,Jackson-Novak,2025-07-20,Contado,2025-07-20,2025-07-20,4080.0,Pagado
PP-001987,O-001987,PR-00914,"Johnson, Dunlap and Boyd",2025-08-19,90 días,2025-11-17,2025-10-04,8873.48,Pagado
PP-001988,O-001988,PR-00914,"Johnson, Dunlap and Boyd",2025-08-20,90 días,2025-11-18,,1129.43,Pendiente
PP-001989,O-001989,PR-00186,"Stewart, Flores and Burgess",2025-08-23,30 días,2025-09-22,2025-09-18,1210.4,Pagado
PP-001990,O-001990,PR-00678,"Garcia, Phillips and Santiago",2025-07-15,90 días,2025-10-13,2025-08-16,1278.64,Pagado
PP-001991,O-001991,PR-00187,Perez Inc,2025-07-27,60 días,2025-09-25,2025-08-23,4087.58,Pagado
PP-001992,O-001992,PR-00174,Simpson PLC,2025-08-19,Contado,2025-08-19,2025-08-19,11251.5,Pagado
PP-001993,O-001993,PR-00979,Cox Ltd,2025-07-16,90 días,2025-10-14,,11134.76,Pendiente
PP-001994,O-001994,PR-01184,"Harris, King and Jenkins",2025-08-12,60 días,2025-10-11,2025-10-08,6422.24,Pagado
PP-001995,O-001995,PR-01027,"Edwards, Woods and Morrison",2025-07-07,60 días,2025-09-05,,549.12,Pendiente
PP-001996,O-001996,PR-01461,Smith PLC,2025-07-16,60 días,2025-09-14,,2832.72,Pendiente
PP-001997,O-001997,PR-00752,"Willis, Smith and Tran",2025-07-14,60 días,2025-09-12,,1022.2,Pendiente
PP-001998,O-001998,PR-01131,Warner-Mitchell,2025-07-16,90 días,2025-10-14,,2744.94,Pendiente
PP-001999,O-001999,PR-00154,"Adams, Burke and Mcgee",2025-07-20,60 días,2025-09-18,2025-07-21,1083.44,Pagado
PP-002000,O-002000,PR-00155,Alvarez-Lester,2025-08-22,90 días,2025-11-20,2025-10-23,11892.72,Pagado
PP-002001,O-002001,PR-00914,"Johnson, Dunlap and Boyd",2025-07-03,90 días,2025-10-01,2025-08-08,2361.96,Pagado
PP-002002,O-002002,PR-00184,"Miller, Webster and Miller",2025-07-23,30 días,2025-08-22,,4891.59,Retrasado
PP-002003,O-002003,PR-00185,Santiago and Sons,2025-08-11,30 días,2025-09-10,,4361.5,Pendiente
PP-002004,O-002004,PR-00891,Palmer-Garcia,2025-07-16,60 días,2025-09-14,2025-08-18,13986.26,Pagado
PP-002005,O-002005,PR-00176,"Cole, Adams and Armstrong",2025-08-23,90 días,2025-11-21,,2088.63,Pendiente
PP-002006,O-002006,PR-00178,"Zavala, Day and White",2025-07-22,90 días,2025-10-20,2025-08-23,2708.61,Pagado
PP-002007,O-002007,PR-00178,"Zavala, Day and White",2025-08-09,90 días,2025-11-07,2025-09-19,4622.52,Pagado
PP-002008,O-002008,PR-00178,"Zavala, Day and White",2025-07-20,90 días,2025-10-18,,4649.05,Pendiente
PP-002009,O-002009,PR-00178,"Zavala, Day and White",2025-07-27,90 días,2025-10-25,2025-09-08,881.16,Pagado
PP-002010,O-002010,PR-00148,Johnson-Nelson,2025-08-09,90 días,2025-11-07,2025-10-17,1836.12,Pagado
PP-002011,O-002011,PR-01063,Martinez-Stevenson,2025-08-10,90 días,2025-11-08,2025-08-12,9164.61,Pagado
PP-002012,O-002012,PR-00152,Mccarty and Sons,2025-08-16,60 días,2025-10-15,2025-09-12,2992.4,Pagado
PP-002013,O-002013,PR-00152,Mccarty and Sons,2025-07-25,60 días,2025-09-23,2025-09-04,12503.61,Pagado
PP-002014,O-002014,PR-00153,Clark-Ross,2025-08-28,60 días,2025-10-27,,2486.46,Pendiente
PP-002015,O-002015,PR-01238,"Harrison, Thomas and Becker",2025-07-19,90 días,2025-10-17,2025-07-25,6339.83,Pagado
PP-002016,O-002016,PR-00156,Jackson-Novak,2025-07-10,Contado,2025-07-10,2025-07-10,5934.94,Pagado
PP-002017,O-002017,PR-00156,Jackson-Novak,2025-08-01,Contado,2025-08-01,2025-08-01,3410.4,Pagado
PP-002018,O-002018,PR-00184,"Miller, Webster and Miller",2025-08-10,30 días,2025-09-09,2025-08-29,2585.7,Pagado
PP-002019,O-002019,PR-01209,"Williams, Joseph and Howard",2025-07-17,90 días,2025-10-15,,5723.93,Pendiente
PP-002020,O-002020,PR-00967,"Thompson, Adams and Aguilar",2025-08-16,60 días,2025-10-15,2025-09-24,7481.82,Pagado
PP-002021,O-002021,PR-00187,Perez Inc,2025-07-15,60 días,2025-09-13,2025-09-09,1330.56,Pagado
PP-002022,O-002022,PR-01293,"Small, Shaw and Mason",2025-08-23,60 días,2025-10-22,2025-09-14,5932.8,Pagado
PP-002023,O-002023,PR-00979,Cox Ltd,2025-08-23,90 días,2025-11-21,,3911.61,Pendiente
PP-002024,O-002024,PR-00891,Palmer-Garcia,2025-08-13,60 días,2025-10-12,,2776.8,Pendiente
PP-002025,O-002025,PR-00891,Palmer-Garcia,2025-07-14,60 días,2025-09-12,2025-07-24,3813.4,Pagado
PP-002026,O-002026,PR-00176,"Cole, Adams and Armstrong",2025-07-31,90 días,2025-10-29,,3161.63,Pendiente
PP-002027,O-002027,PR-00177,Miller-Cross,2025-07-15,60 días,2025-09-13,,2219.96,Pendiente
PP-002028,O-002028,PR-01027,"Edwards, Woods and Morrison",2025-07-20,60 días,2025-09-18,,3894.41,Pendiente
PP-002029,O-002029,PR-00148,Johnson-Nelson,2025-07-02,90 días,2025-09-30,,2366.98,Pendiente
PP-002030,O-002030,PR-00151,"Gibbs, Fuller and Davis",2025-07-29,30 días,2025-08-28,,3091.14,Retrasado
PP-002031,O-002031,PR-01161,Hawkins Group,2025-07-07,60 días,2025-09-05,2025-08-23,10172.17,Pagado
PP-002032,O-002032,PR-00174,Simpson PLC,2025-08-14,Contado,2025-08-14,2025-08-14,3269.55,Pagado
PP-002033,O-002033,PR-00175,"Cabrera, Scott and Horne",2025-07-25,60 días,2025-09-23,,11749.05,Pendiente
PP-002034,O-002034,PR-00175,"Cabrera, Scott and Horne",2025-08-21,60 días,2025-10-20,2025-10-17,754.52,Pagado
PP-002035,O-002035,PR-01057,White and Sons,2025-07-23,90 días,2025-10-21,,7734.51,Pendiente
PP-002036,O-002036,PR-00152,Mccarty and Sons,2025-08-06,60 días,2025-10-05,2025-09-08,2933.7,Pagado
PP-002037,O-002037,PR-01185,"Murphy, Adams and Walker",2025-07-01,30 días,2025-07-31,,3519.6,Retrasado
PP-002038,O-002038,PR-00156,Jackson-Novak,2025-08-20,Contado,2025-08-20,,3779.48,Retrasado
PP-002039,O-002039,PR-00944,Matthews-Adams,2025-07-26,30 días,2025-08-25,,3125.91,Pendiente
PP-002040,O-002040,PR-01475,"Rosales, Jackson and Mason",2025-07-19,30 días,2025-08-18,2025-08-02,1162.3,Pagado
PP-002041,O-002041,PR-00174,Simpson PLC,2025-07-03,Contado,2025-07-03,,2101.51,Retrasado
PP-002042,O-002042,PR-00175,"Cabrera, Scott and Horne",2025-08-28,60 días,2025-10-27,,14046.7,Pendiente
PP-002043,O-002043,PR-00175,"Cabrera, Scott and Horne",2025-07-19,60 días,2025-09-17,,12763.2,Pendiente
PP-002044,O-002044,PR-00891,Palmer-Garcia,2025-07-18,60 días,2025-09-16,2025-08-31,1890.24,Pagado
PP-002045,O-002045,PR-00177,Miller-Cross,2025-08-01,60 días,2025-09-30,2025-08-10,7569.8,Pagado
PP-002046,O-002046,PR-01184,"Harris, King and Jenkins",2025-08-01,60 días,2025-09-30,,3777.12,Pendiente
PP-002047,O-002047,PR-01027,"Edwards, Woods and Morrison",2025-08-17,60 días,2025-10-16,,802.47,Pendiente
PP-002048,O-002048,PR-01078,"Peterson, Simpson and English",2025-08-18,Contado,2025-08-18,2025-08-18,3742.4,Pagado
PP-002049,O-002049,PR-01461,Smith PLC,2025-07-29,60 días,2025-09-27,,12934.4,Pendiente
PP-002050,O-002050,PR-00150,Mitchell PLC,2025-07-19,60 días,2025-09-17,,4722.26,Pendiente
PP-002051,O-002051,PR-01057,White and Sons,2025-07-07,90 días,2025-10-05,,8653.68,Pendiente
PP-002052,O-002052,PR-00154,"Adams, Burke and Mcgee",2025-07-25,60 días,2025-09-23,2025-08-13,3566.22,Pagado
PP-002053,O-002053,PR-00156,Jackson-Novak,2025-08-15,Contado,2025-08-15,2025-08-15,386.88,Pagado
PP-002054,O-002054,PR-01161,Hawkins Group,2025-07-07,60 días,2025-09-05,,743.04,Pendiente
PP-002055,O-002055,PR-01382,"Morales, Wood and Rhodes",2025-07-14,90 días,2025-10-12,,4386.36,Pendiente
PP-002056,O-002056,PR-00891,Palmer-Garcia,2025-07-03,60 días,2025-09-01,2025-07-03,1912.4,Pagado
PP-002057,O-002057,PR-00706,Lewis-Wilson,2025-07-21,90 días,2025-10-19,,1235.25,Pendiente
PP-002058,O-002058,PR-01078,"Peterson, Simpson and English",2025-08-25,Contado,2025-08-25,2025-08-25,1305.45,Pagado
PP-002059,O-002059,PR-00706,Lewis-Wilson,2025-07-13,90 días,2025-10-11,,11105.82,Pendiente
PP-002060,O-002060,PR-01063,Martinez-Stevenson,2025-07-10,90 días,2025-10-08,,7820.16,Pendiente
PP-002061,O-002061,PR-01063,Martinez-Stevenson,2025-07-11,90 días,2025-10-09,2025-07-19,8232.12,Pagado
PP-002062,O-002062,PR-00825,Grant Group,2025-07-25,30 días,2025-08-24,,7340.4,Retrasado
PP-002063,O-002063,PR-00644,"Howard, Mcdonald and Vargas",2025-07-20,90 días,2025-10-18,2025-08-29,684.72,Pagado
PP-002064,O-002064,PR-00153,Clark-Ross,2025-08-03,60 días,2025-10-02,2025-08-04,4109.6,Pagado
PP-002065,O-002065,PR-00644,"Howard, Mcdonald and Vargas",2025-07-08,90 días,2025-10-06,2025-09-24,8569.6,Pagado
PP-002066,O-002066,PR-00758,Brooks and Sons,2025-07-30,90 días,2025-10-28,2025-08-28,852.48,Pagado
PP-002067,O-002067,PR-00155,Alvarez-Lester,2025-08-24,90 días,2025-11-22,,9907.2,Pendiente
PP-002068,O-002068,PR-00758,Brooks and Sons,2025-08-25,90 días,2025-11-23,,5692.96,Pendiente
PP-002069,O-002069,PR-00678,"Garcia, Phillips and Santiago",2025-08-26,90 días,2025-11-24,,2806.44,Pendiente
PP-002070,O-002070,PR-00187,Perez Inc,2025-07-16,60 días,2025-09-14,,3645.46,Pendiente
PP-002071,O-002071,PR-00187,Perez Inc,2025-08-18,60 días,2025-10-17,,5667.66,Pendiente
PP-002072,O-002072,PR-00187,Perez Inc,2025-07-03,60 días,2025-09-01,2025-08-04,5306.25,Pagado
PP-002073,O-002073,PR-00187,Perez Inc,2025-08-04,60 días,2025-10-03,,9112.95,Pendiente
PP-002074,O-002074,PR-00979,Cox Ltd,2025-07-19,90 días,2025-10-17,2025-10-06,3732.52,Pagado
PP-002075,O-002075,PR-00175,"Cabrera, Scott and Horne",2025-08-14,60 días,2025-10-13,,5543.2,Pendiente
PP-002076,O-002076,PR-01184,"Harris, King and Jenkins",2025-07-09,60 días,2025-09-07,,2496.8,Pendiente
PP-002077,O-002077,PR-00177,Miller-Cross,2025-08-05,60 días,2025-10-04,2025-08-13,9278.28,Pagado
PP-002078,O-002078,PR-01027,"Edwards, Woods and Morrison",2025-07-16,60 días,2025-09-14,,8246.56,Pendiente
PP-002079,O-002079,PR-00668,Fry PLC,2025-07-21,90 días,2025-10-19,,3123.52,Pendiente
PP-002080,O-002080,PR-01461,Smith PLC,2025-08-09,60 días,2025-10-08,,7016.64,Pendiente
PP-002081,O-002081,PR-00149,"Moore, Barnett and Murray",2025-07-06,Contado,2025-07-06,2025-07-06,5021.95,Pagado
PP-002082,O-002082,PR-01057,White and Sons,2025-08-05,90 días,2025-11-03,,4603.2,Pendiente
PP-002083,O-002083,PR-01057,White and Sons,2025-08-01,90 días,2025-10-30,,5202.0,Pendiente
PP-002084,O-002084,PR-01057,White and Sons,2025-07-20,90 días,2025-10-18,2025-08-09,1730.96,Pagado
PP-002085,O-002085,PR-01131,Warner-Mitchell,2025-07-10,90 días,2025-10-08,2025-08-26,2630.28,Pagado
PP-002086,O-002086,PR-00154,"Adams, Burke and Mcgee",2025-07-10,60 días,2025-09-08,,11773.6,Pendiente
PP-002087,O-002087,PR-00154,"Adams, Burke and Mcgee",2025-07-13,60 días,2025-09-11,2025-07-22,8393.09,Pagado
PP-002088,O-002088,PR-00156,Jackson-Novak,2025-07-20,Contado,2025-07-20,2025-07-20,3199.22,Pagado
PP-002089,O-002089,PR-01161,Hawkins Group,2025-08-23,60 días,2025-10-22,,14395.0,Pendiente
PP-002090,O-002090,PR-00765,Dudley-Escobar,2025-08-08,90 días,2025-11-06,2025-09-25,6113.78,Pagado
PP-002091,O-002091,PR-00830,"Thomas, Sharp and Davis",2025-08-27,60 días,2025-10-26,2025-09-01,7224.13,Pagado
PP-002092,O-002092,PR-00187,Perez Inc,2025-08-09,60 días,2025-10-08,,1172.65,Pendiente
PP-002093,O-002093,PR-00187,Perez Inc,2025-07-08,60 días,2025-09-06,2025-08-31,2256.87,Pagado
PP-002094,O-002094,PR-01143,Frey-Compton,2025-07-14,90 días,2025-10-12,2025-09-01,3269.5,Pagado
PP-002095,O-002095,PR-00178,"Zavala, Day and White",2025-07-19,90 días,2025-10-17,,10882.44,Pendiente
PP-002096,O-002096,PR-00178,"Zavala, Day and White",2025-08-11,90 días,2025-11-09,2025-09-09,1753.08,Pagado
PP-002097,O-002097,PR-01063,Martinez-Stevenson,2025-08-02,90 días,2025-10-31,2025-10-30,886.34,Pagado
PP-002098,O-002098,PR-00149,"Moore, Barnett and Murray",2025-07-09,Contado,2025-07-09,,1702.89,Pendiente
PP-002099,O-002099,PR-00752,"Willis, Smith and Tran",2025-07-04,60 días,2025-09-02,2025-07-11,1733.87,Pagado
PP-002100,O-002100,PR-01185,"Murphy, Adams and Walker",2025-07-09,30 días,2025-08-08,2025-07-16,5098.1,Pagado
PP-002101,O-002101,PR-00644,"Howard, Mcdonald and Vargas",2025-07-14,90 días,2025-10-12,2025-07-28,2358.72,Pagado
PP-002102,O-002102,PR-00156,Jackson-Novak,2025-08-09,Contado,2025-08-09,2025-08-09,1488.74,Pagado
PP-002103,O-002103,PR-00765,Dudley-Escobar,2025-07-30,90 días,2025-10-28,2025-10-26,4899.06,Pagado
PP-002104,O-002104,PR-01032,Henson-Burns,2025-08-10,60 días,2025-10-09,,2245.6,Pendiente
PP-002105,O-002105,PR-00185,Santiago and Sons,2025-07-03,30 días,2025-08-02,2025-07-09,736.84,Pagado
PP-002106,O-002106,PR-01384,Casey PLC,2025-07-13,30 días,2025-08-12,2025-08-06,2706.0,Pagado
PP-002107,O-002107,PR-00979,Cox Ltd,2025-07-22,90 días,2025-10-20,,3873.01,Pendiente
PP-002108,O-002108,PR-00175,"Cabrera, Scott and Horne",2025-08-26,60 días,2025-10-25,,10486.1,Pendiente
PP-002109,O-002109,PR-01184,"Harris, King and Jenkins",2025-08-01,60 días,2025-09-30,2025-08-16,7713.24,Pagado
PP-002110,O-002110,PR-01027,"Edwards, Woods and Morrison",2025-07-19,60 días,2025-09-17,2025-08-18,888.57,Pagado
PP-002111,O-002111,PR-00147,Richardson-Cooper,2025-07-09,90 días,2025-10-07,2025-07-10,1829.28,Pagado
PP-002112,O-002112,PR-01063,Martinez-Stevenson,2025-08-03,90 días,2025-11-01,,369.75,Pendiente
PP-002113,O-002113,PR-00148,Johnson-Nelson,2025-08-16,90 días,2025-11-14,,2435.67,Pendiente
PP-002114,O-002114,PR-00752,"Willis, Smith and Tran",2025-07-01,60 días,2025-08-30,,5376.96,Pendiente
PP-002115,O-002115,PR-00752,"Willis, Smith and Tran",2025-08-10,60 días,2025-10-09,2025-08-28,2079.72,Pagado
PP-002116,O-002116,PR-00154,"Adams, Burke and Mcgee",2025-07-10,60 días,2025-09-08,,1017.29,Pendiente
PP-002117,O-002117,PR-00155,Alvarez-Lester,2025-08-07,90 días,2025-11-05,2025-08-08,603.72,Pagado
PP-002118,O-002118,PR-01256,West Group,2025-07-14,90 días,2025-10-12,,4542.93,Pendiente
PP-002119,O-002119,PR-00914,"Johnson, Dunlap and Boyd",2025-07-04,90 días,2025-10-02,2025-08-11,2262.72,Pagado
PP-002120,O-002120,PR-00186,"Stewart, Flores and Burgess",2025-08-04,30 días,2025-09-03,2025-08-15,3197.92,Pagado
PP-002121,O-002121,PR-00175,"Cabrera, Scott and Horne",2025-08-24,60 días,2025-10-23,2025-10-18,193.05,Pagado
PP-002122,O-002122,PR-00176,"Cole, Adams and Armstrong",2025-07-19,90 días,2025-10-17,,544.44,Pendiente
PP-002123,O-002123,PR-01027,"Edwards, Woods and Morrison",2025-08-14,60 días,2025-10-13,2025-09-17,12121.56,Pagado
PP-002124,O-002124,PR-01078,"Peterson, Simpson and English",2025-08-02,Contado,2025-08-02,2025-08-02,1469.88,Pagado
PP-002125,O-002125,PR-00149,"Moore, Barnett and Murray",2025-08-28,Contado,2025-08-28,2025-08-28,11441.28,Pagado
PP-002126,O-002126,PR-00154,"Adams, Burke and Mcgee",2025-08-18,60 días,2025-10-17,2025-08-28,672.32,Pagado
PP-002127,O-002127,PR-00154,"Adams, Burke and Mcgee",2025-07-14,60 días,2025-09-12,2025-07-30,6773.12,Pagado
PP-002128,O-002128,PR-00156,Jackson-Novak,2025-07-03,Contado,2025-07-03,2025-07-03,5257.22,Pagado
PP-002129,O-002129,PR-00185,Santiago and Sons,2025-07-17,30 días,2025-08-16,2025-07-17,3523.0,Pagado
PP-002130,O-002130,PR-00185,Santiago and Sons,2025-08-27,30 días,2025-09-26,2025-09-10,2154.88,Pagado
PP-002131,O-002131,PR-01032,Henson-Burns,2025-08-14,60 días,2025-10-13,,776.16,Pendiente
PP-002132,O-002132,PR-00830,"Thomas, Sharp and Davis",2025-07-22,60 días,2025-09-20,,5501.7,Pendiente
PP-002133,O-002133,PR-01475,"Rosales, Jackson and Mason",2025-07-21,30 días,2025-08-20,,2010.56,Retrasado
PP-002134,O-002134,PR-00175,"Cabrera, Scott and Horne",2025-08-01,60 días,2025-09-30,2025-08-06,7024.74,Pagado
PP-002135,O-002135,PR-00176,"Cole, Adams and Armstrong",2025-07-04,90 días,2025-10-02,2025-07-26,2227.16,Pagado
PP-002136,O-002136,PR-01184,"Harris, King and Jenkins",2025-08-10,60 días,2025-10-09,2025-09-05,3832.8,Pagado
PP-002137,O-002137,PR-00178,"Zavala, Day and White",2025-07-27,90 días,2025-10-25,,5301.66,Pendiente
PP-002138,O-002138,PR-00752,"Willis, Smith and Tran",2025-07-13,60 días,2025-09-11,,5552.55,Pendiente
PP-002139,O-002139,PR-00151,"Gibbs, Fuller and Davis",2025-08-28,30 días,2025-09-27,2025-09-07,726.48,Pagado
PP-002140,O-002140,PR-01057,White and Sons,2025-08-08,90 días,2025-11-06,,9303.47,Pendiente
PP-002141,O-002141,PR-01057,White and Sons,2025-08-16,90 días,2025-11-14,,3433.82,Pendiente
PP-002142,O-002142,PR-00153,Clark-Ross,2025-07-13,60 días,2025-09-11,,4130.88,Pendiente
PP-002143,O-002143,PR-00154,"Adams, Burke and Mcgee",2025-07-24,60 días,2025-09-22,2025-08-31,673.2,Pagado
PP-002144,O-002144,PR-01256,West Group,2025-08-01,90 días,2025-10-30,,9462.26,Pendiente
PP-002145,O-002145,PR-00156,Jackson-Novak,2025-07-07,Contado,2025-07-07,2025-07-07,5052.36,Pagado
PP-002146,O-002146,PR-00184,"Miller, Webster and Miller",2025-07-20,30 días,2025-08-19,2025-07-27,8571.66,Pagado
PP-002147,O-002147,PR-00765,Dudley-Escobar,2025-08-10,90 días,2025-11-08,2025-10-11,6978.72,Pagado
PP-002148,O-002148,PR-00185,Santiago and Sons,2025-07-20,30 días,2025-08-19,2025-07-23,2858.82,Pagado
PP-002149,O-002149,PR-01032,Henson-Burns,2025-08-10,60 días,2025-10-09,2025-09-07,2918.52,Pagado
PP-002150,O-002150,PR-01184,"Harris, King and Jenkins",2025-07-04,60 días,2025-09-02,2025-08-02,2399.2,Pagado
PP-002151,O-002151,PR-01027,"Edwards, Woods and Morrison",2025-08-20,60 días,2025-10-19,,3044.42,Pendiente
PP-002152,O-002152,PR-00147,Richardson-Cooper,2025-07-13,90 días,2025-10-11,2025-09-14,6198.48,Pagado
PP-002153,O-002153,PR-00752,"Willis, Smith and Tran",2025-07-16,60 días,2025-09-14,,3088.8,Pendiente
PP-002154,O-002154,PR-00151,"Gibbs, Fuller and Davis",2025-07-02,30 días,2025-08-01,2025-07-06,1571.36,Pagado
PP-002155,O-002155,PR-00152,Mccarty and Sons,2025-07-26,60 días,2025-09-24,2025-08-14,1812.46,Pagado
PP-002156,O-002156,PR-01238,"Harrison, Thomas and Becker",2025-07-15,90 días,2025-10-13,,5872.84,Pendiente
PP-002157,O-002157,PR-01256,West Group,2025-07-20,90 días,2025-10-18,,4867.5,Pendiente
PP-002158,O-002158,PR-01161,Hawkins Group,2025-08-28,60 días,2025-10-27,2025-09-13,9276.3,Pagado
PP-002159,O-002159,PR-00765,Dudley-Escobar,2025-08-20,90 días,2025-11-18,2025-09-15,10442.25,Pagado
PP-002160,O-002160,PR-01384,Casey PLC,2025-07-06,30 días,2025-08-05,2025-07-24,7813.55,Pagado
PP-002161,O-002161,PR-00187,Perez Inc,2025-08-02,60 días,2025-10-01,,5504.86,Pendiente
PP-002162,O-002162,PR-00979,Cox Ltd,2025-08-07,90 días,2025-11-05,,2869.44,Pendiente
PP-002163,O-002163,PR-00176,"Cole, Adams and Armstrong",2025-08-16,90 días,2025-11-14,2025-10-22,5243.82,Pagado
PP-002164,O-002164,PR-01184,"Harris, King and Jenkins",2025-08-06,60 días,2025-10-05,2025-09-27,2832.84,Pagado
PP-002165,O-002165,PR-00178,"Zavala, Day and White",2025-08-24,90 días,2025-11-22,,8105.22,Pendiente
PP-002166,O-002166,PR-00147,Richardson-Cooper,2025-07-31,90 días,2025-10-29,,5503.14,Pendiente
PP-002167,O-002167,PR-00706,Lewis-Wilson,2025-08-08,90 días,2025-11-06,2025-09-06,3929.04,Pagado
PP-002168,O-002168,PR-01063,Martinez-Stevenson,2025-07-20,90 días,2025-10-18,2025-07-25,7427.84,Pagado
PP-002169,O-002169,PR-01063,Martinez-Stevenson,2025-07-14,90 días,2025-10-12,2025-09-11,4166.4,Pagado
PP-002170,O-002170,PR-01441,Johnson-Jackson,2025-08-17,60 días,2025-10-16,2025-09-24,8370.45,Pagado
PP-002171,O-002171,PR-01281,"Simpson, Simpson and King",2025-07-23,60 días,2025-09-21,2025-07-26,583.44,Pagado
PP-002172,O-002172,PR-00765,Dudley-Escobar,2025-08-19,90 días,2025-11-17,2025-10-04,5491.44,Pagado
PP-002173,O-002173,PR-01382,"Morales, Wood and Rhodes",2025-08-11,90 días,2025-11-09,2025-09-13,5494.69,Pagado
PP-002174,O-002174,PR-00174,Simpson PLC,2025-08-06,Contado,2025-08-06,2025-08-06,3776.25,Pagado
PP-002175,O-002175,PR-00979,Cox Ltd,2025-07-18,90 días,2025-10-16,2025-08-23,6453.0,Pagado
PP-002176,O-002176,PR-00175,"Cabrera, Scott and Horne",2025-07-14,60 días,2025-09-12,2025-08-31,3626.4,Pagado
PP-002177,O-002177,PR-00175,"Cabrera, Scott and Horne",2025-07-11,60 días,2025-09-09,,3868.5,Pendiente
PP-002178,O-002178,PR-01078,"Peterson, Simpson and English",2025-08-01,Contado,2025-08-01,2025-08-01,511.42,Pagado
PP-002179,O-002179,PR-00668,Fry PLC,2025-08-26,90 días,2025-11-24,2025-11-23,1482.4,Pagado
PP-002180,O-002180,PR-00148,Johnson-Nelson,2025-07-27,90 días,2025-10-25,,8275.68,Pendiente
PP-002181,O-002181,PR-01063,Martinez-Stevenson,2025-07-15,90 días,2025-10-13,,2987.78,Pendiente
PP-002182,O-002182,PR-00149,"Moore, Barnett and Murray",2025-07-24,Contado,2025-07-24,2025-07-24,7378.79,Pagado
PP-002183,O-002183,PR-01281,"Simpson, Simpson and King",2025-08-11,60 días,2025-10-10,,2020.03,Pendiente
PP-002184,O-002184,PR-00151,"Gibbs, Fuller and Davis",2025-07-31,30 días,2025-08-30,,4834.62,Pendiente
PP-002185,O-002185,PR-00174,Simpson PLC,2025-08-14,Contado,2025-08-14,2025-08-14,10664.64,Pagado
PP-002186,O-002186,PR-00178,"Zavala, Day and White",2025-08-25,90 días,2025-11-23,2025-11-05,8474.83,Pagado
PP-002187,O-002187,PR-00149,"Moore, Barnett and Murray",2025-08-18,Contado,2025-08-18,,2402.0,Pendiente
PP-002188,O-002188,PR-01461,Smith PLC,2025-08-08,60 días,2025-10-07,2025-09-06,6886.91,Pagado
PP-002189,O-002189,PR-01461,Smith PLC,2025-07-19,60 días,2025-09-17,2025-09-03,3821.04,Pagado
PP-002190,O-002190,PR-00752,"Willis, Smith and Tran",2025-07-29,60 días,2025-09-27,2025-08-01,9515.55,Pagado
PP-002191,O-002191,PR-01161,Hawkins Group,2025-08-23,60 días,2025-10-22,,5382.45,Pendiente
PP-002192,O-002192,PR-00185,Santiago and Sons,2025-08-06,30 días,2025-09-05,,1334.16,Pendiente
PP-002193,O-002193,PR-01032,Henson-Burns,2025-08-12,60 días,2025-10-11,2025-08-12,14057.0,Pagado
PP-002194,O-002194,PR-00187,Perez Inc,2025-08-02,60 días,2025-10-01,2025-08-20,3180.8,Pagado
PP-002195,O-002195,PR-00187,Perez Inc,2025-08-02,60 días,2025-10-01,2025-09-19,748.0,Pagado
PP-002196,O-002196,PR-00188,Simpson and Sons,2025-07-24,30 días,2025-08-23,2025-08-18,141.67,Pagado
PP-002197,O-002197,PR-00979,Cox Ltd,2025-08-05,90 días,2025-11-03,,248.92,Pendiente
PP-002198,O-002198,PR-00891,Palmer-Garcia,2025-07-26,60 días,2025-09-24,2025-08-31,9592.62,Pagado
PP-002199,O-002199,PR-01184,"Harris, King and Jenkins",2025-08-25,60 días,2025-10-24,2025-09-15,5037.65,Pagado
PP-002200,O-002200,PR-00177,Miller-Cross,2025-07-09,60 días,2025-09-07,,2466.45,Pendiente
PP-002201,O-002201,PR-00177,Miller-Cross,2025-07-26,60 días,2025-09-24,2025-08-06,414.0,Pagado
PP-002202,O-002202,PR-00178,"Zavala, Day and White",2025-07-03,90 días,2025-10-01,2025-07-11,1073.25,Pagado
PP-002203,O-002203,PR-01441,Johnson-Jackson,2025-07-02,60 días,2025-08-31,,9558.76,Pendiente
PP-002204,O-002204,PR-00150,Mitchell PLC,2025-07-14,60 días,2025-09-12,2025-08-20,2140.6,Pagado
PP-002205,O-002205,PR-01384,Casey PLC,2025-08-20,30 días,2025-09-19,2025-09-02,699.21,Pagado
PP-002206,O-002206,PR-00187,Perez Inc,2025-07-18,60 días,2025-09-16,2025-08-20,274.92,Pagado
PP-002207,O-002207,PR-00979,Cox Ltd,2025-07-08,90 días,2025-10-06,,8906.24,Pendiente
PP-002208,O-002208,PR-00176,"Cole, Adams and Armstrong",2025-08-15,90 días,2025-11-13,,1952.64,Pendiente
PP-002209,O-002209,PR-00706,Lewis-Wilson,2025-07-09,90 días,2025-10-07,2025-09-18,3841.2,Pagado
PP-002210,O-002210,PR-01441,Johnson-Jackson,2025-08-19,60 días,2025-10-18,2025-10-05,4745.52,Pagado
PP-002211,O-002211,PR-00150,Mitchell PLC,2025-07-20,60 días,2025-09-18,2025-09-06,8736.8,Pagado
PP-002212,O-002212,PR-00151,"Gibbs, Fuller and Davis",2025-08-01,30 días,2025-08-31,2025-08-05,5767.02,Pagado
PP-002213,O-002213,PR-00914,"Johnson, Dunlap and Boyd",2025-07-02,90 días,2025-09-30,,4982.88,Pendiente
PP-002214,O-002214,PR-00185,Santiago and Sons,2025-07-29,30 días,2025-08-28,,12022.6,Retrasado
PP-002215,O-002215,PR-01209,"Williams, Joseph and Howard",2025-08-15,90 días,2025-11-13,2025-10-29,1856.0,Pagado
PP-002216,O-002216,PR-00186,"Stewart, Flores and Burgess",2025-07-30,30 días,2025-08-29,2025-08-25,2862.6,Pagado
PP-002217,O-002217,PR-01293,"Small, Shaw and Mason",2025-07-24,60 días,2025-09-22,,6046.65,Pendiente
PP-002218,O-002218,PR-00175,"Cabrera, Scott and Horne",2025-07-21,60 días,2025-09-19,2025-08-02,2300.6,Pagado
PP-002219,O-002219,PR-01184,"Harris, King and Jenkins",2025-07-31,60 días,2025-09-29,,3662.05,Pendiente
PP-002220,O-002220,PR-00148,Johnson-Nelson,2025-07-07,90 días,2025-10-05,,12649.12,Pendiente
PP-002221,O-002221,PR-00184,"Miller, Webster and Miller",2025-07-26,30 días,2025-08-25,2025-07-27,709.38,Pagado
PP-002222,O-002222,PR-01161,Hawkins Group,2025-07-28,60 días,2025-09-26,,1610.98,Pendiente
PP-002223,O-002223,PR-01032,Henson-Burns,2025-07-05,60 días,2025-09-03,,3247.92,Pendiente
PP-002224,O-002224,PR-00187,Perez Inc,2025-07-14,60 días,2025-09-12,,11686.4,Pendiente
PP-002225,O-002225,PR-00187,Perez Inc,2025-07-10,60 días,2025-09-08,,358.02,Pendiente
PP-002226,O-002226,PR-00979,Cox Ltd,2025-07-13,90 días,2025-10-11,,7471.33,Pendiente
PP-002227,O-002227,PR-00891,Palmer-Garcia,2025-08-05,60 días,2025-10-04,,4139.39,Pendiente
PP-002228,O-002228,PR-00891,Palmer-Garcia,2025-08-26,60 días,2025-10-25,,11577.12,Pendiente
PP-002229,O-002229,PR-01027,"Edwards, Woods and Morrison",2025-06-30,60 días,2025-08-29,,11085.08,Pendiente
PP-002230,O-002230,PR-00147,Richardson-Cooper,2025-07-26,90 días,2025-10-24,2025-07-30,188.5,Pagado
PP-002231,O-002231,PR-01441,Johnson-Jackson,2025-07-17,60 días,2025-09-15,,2182.14,Pendiente
PP-002232,O-002232,PR-01461,Smith PLC,2025-07-02,60 días,2025-08-31,2025-08-15,5226.9,Pagado
PP-002233,O-002233,PR-01032,Henson-Burns,2025-07-26,60 días,2025-09-24,,1536.8,Pendiente
PP-002234,O-002234,PR-01032,Henson-Burns,2025-07-07,60 días,2025-09-05,,2702.7,Pendiente
PP-002235,O-002235,PR-00765,Dudley-Escobar,2025-07-22,90 días,2025-10-20,2025-09-01,4221.0,Pagado
PP-002236,O-002236,PR-00187,Perez Inc,2025-08-15,60 días,2025-10-14,2025-09-05,3231.9,Pagado
PP-002237,O-002237,PR-00187,Perez Inc,2025-07-16,60 días,2025-09-14,,11631.84,Pendiente
PP-002238,O-002238,PR-01382,"Morales, Wood and Rhodes",2025-08-19,90 días,2025-11-17,,1564.08,Pendiente
PP-002239,O-002239,PR-01475,"Rosales, Jackson and Mason",2025-07-20,30 días,2025-08-19,2025-08-08,4693.65,Pagado
PP-002240,O-002240,PR-00174,Simpson PLC,2025-07-19,Contado,2025-07-19,2025-07-19,4000.96,Pagado
PP-002241,O-002241,PR-00175,"Cabrera, Scott and Horne",2025-07-12,60 días,2025-09-10,2025-08-01,5943.95,Pagado
PP-002242,O-002242,PR-00891,Palmer-Garcia,2025-08-03,60 días,2025-10-02,2025-09-14,2374.68,Pagado
PP-002243,O-002243,PR-01027,"Edwards, Woods and Morrison",2025-07-09,60 días,2025-09-07,2025-08-28,908.0,Pagado
PP-002244,O-002244,PR-00147,Richardson-Cooper,2025-08-20,90 días,2025-11-18,,2303.6,Pendiente
PP-002245,O-002245,PR-00150,Mitchell PLC,2025-08-12,60 días,2025-10-11,2025-09-13,935.54,Pagado
PP-002246,O-002246,PR-01382,"Morales, Wood and Rhodes",2025-07-25,90 días,2025-10-23,,4265.28,Pendiente
PP-002247,O-002247,PR-00979,Cox Ltd,2025-07-28,90 días,2025-10-26,2025-10-09,7068.95,Pagado
PP-002248,O-002248,PR-00891,Palmer-Garcia,2025-07-14,60 días,2025-09-12,2025-08-31,3576.75,Pagado
PP-002249,O-002249,PR-00891,Palmer-Garcia,2025-07-31,60 días,2025-09-29,2025-09-12,10394.01,Pagado
PP-002250,O-002250,PR-00177,Miller-Cross,2025-08-09,60 días,2025-10-08,,2478.63,Pendiente
PP-002251,O-002251,PR-01027,"Edwards, Woods and Morrison",2025-08-25,60 días,2025-10-24,,2231.25,Pendiente
PP-002252,O-002252,PR-00148,Johnson-Nelson,2025-06-30,90 días,2025-09-28,,3028.96,Pendiente
PP-002253,O-002253,PR-00149,"Moore, Barnett and Murray",2025-07-03,Contado,2025-07-03,2025-07-03,1351.16,Pagado
PP-002254,O-002254,PR-00752,"Willis, Smith and Tran",2025-07-12,60 días,2025-09-10,2025-08-13,7446.0,Pagado
PP-002255,O-002255,PR-00185,Santiago and Sons,2025-07-02,30 días,2025-08-01,,12046.2,Retrasado
PP-002256,O-002256,PR-01032,Henson-Burns,2025-07-10,60 días,2025-09-08,2025-08-19,5129.67,Pagado
PP-002257,O-002257,PR-00187,Perez Inc,2025-08-15,60 días,2025-10-14,2025-08-24,1762.32,Pagado
PP-002258,O-002258,PR-00174,Simpson PLC,2025-08-03,Contado,2025-08-03,2025-08-03,5432.56,Pagado
PP-002259,O-002259,PR-00175,"Cabrera, Scott and Horne",2025-07-19,60 días,2025-09-17,,3215.76,Pendiente
PP-002260,O-002260,PR-00176,"Cole, Adams and Armstrong",2025-07-17,90 días,2025-10-15,2025-08-11,980.64,Pagado
PP-002261,O-002261,PR-00151,"Gibbs, Fuller and Davis",2025-07-13,30 días,2025-08-12,2025-08-06,3731.82,Pagado
PP-002262,O-002262,PR-00151,"Gibbs, Fuller and Davis",2025-08-01,30 días,2025-08-31,,4885.92,Pendiente
PP-002263,O-002263,PR-00185,Santiago and Sons,2025-07-25,30 días,2025-08-24,2025-07-27,4453.98,Pagado
PP-002264,O-002264,PR-01384,Casey PLC,2025-08-27,30 días,2025-09-26,2025-09-23,4935.15,Pagado
PP-002265,O-002265,PR-00187,Perez Inc,2025-07-10,60 días,2025-09-08,2025-07-13,9108.0,Pagado
PP-002266,O-002266,PR-00151,"Gibbs, Fuller and Davis",2025-08-23,30 días,2025-09-22,,3162.76,Pendiente
PP-002267,O-002267,PR-00765,Dudley-Escobar,2025-08-22,90 días,2025-11-20,2025-11-05,3970.39,Pagado
PP-002268,O-002268,PR-00187,Perez Inc,2025-07-30,60 días,2025-09-28,2025-09-02,10093.44,Pagado
PP-002269,O-002269,PR-00187,Perez Inc,2025-07-16,60 días,2025-09-14,,6797.7,Pendiente
PP-002270,O-002270,PR-00175,"Cabrera, Scott and Horne",2025-07-07,60 días,2025-09-05,,2151.27,Pendiente
PP-002271,O-002271,PR-00175,"Cabrera, Scott and Horne",2025-08-20,60 días,2025-10-19,2025-10-05,9293.66,Pagado
PP-002272,O-002272,PR-00176,"Cole, Adams and Armstrong",2025-08-15,90 días,2025-11-13,2025-09-15,5073.91,Pagado
PP-002273,O-002273,PR-01027,"Edwards, Woods and Morrison",2025-08-12,60 días,2025-10-11,,6865.76,Pendiente
PP-002274,O-002274,PR-01027,"Edwards, Woods and Morrison",2025-07-11,60 días,2025-09-09,2025-08-08,8839.97,Pagado
PP-002275,O-002275,PR-00706,Lewis-Wilson,2025-08-19,90 días,2025-11-17,,9655.17,Pendiente
PP-002276,O-002276,PR-00668,Fry PLC,2025-07-28,90 días,2025-10-26,2025-08-24,8236.8,Pagado
PP-002277,O-002277,PR-01078,"Peterson, Simpson and English",2025-08-01,Contado,2025-08-01,2025-08-01,1874.85,Pagado
PP-002278,O-002278,PR-01063,Martinez-Stevenson,2025-07-14,90 días,2025-10-12,,1744.16,Pendiente
PP-002279,O-002279,PR-00148,Johnson-Nelson,2025-07-09,90 días,2025-10-07,,1842.48,Pendiente
PP-002280,O-002280,PR-01281,"Simpson, Simpson and King",2025-07-16,60 días,2025-09-14,,2018.1,Pendiente
PP-002281,O-002281,PR-00859,Grupo Vilar S.L.N.E,2025-08-28,60 días,2025-10-27,,381.04,Pendiente
PP-002282,O-002282,PR-00232,Campos y Jerez S.A.,2025-07-17,90 días,2025-10-15,,2860.44,Pendiente
PP-002283,O-002283,PR-00233,Banca Privada Quirós y asociados S.L.U.,2025-07-07,90 días,2025-10-05,2025-08-20,8035.56,Pagado
PP-002284,O-002284,PR-00234,Gimeno y Amador S.A.,2025-07-27,90 días,2025-10-25,,3382.92,Pendiente
PP-002285,O-002285,PR-00221,Hermanos Contreras S.Com.,2025-07-17,90 días,2025-10-15,2025-08-13,1311.36,Pagado
PP-002286,O-002286,PR-00223,Hotel Abril S.Com.,2025-08-14,60 días,2025-10-13,2025-10-06,3187.6,Pagado
PP-002287,O-002287,PR-00744,Elpidio Fortuny Toro S.Coop.,2025-08-15,60 días,2025-10-14,,8064.12,Pendiente
PP-002288,O-002288,PR-01473,Soluciones MT S.Coop.,2025-07-07,60 días,2025-09-05,2025-08-17,1116.5,Pagado
PP-002289,O-002289,PR-00194,Servicios GHVW S.L.N.E,2025-07-17,60 días,2025-09-15,2025-08-29,4284.0,Pagado
PP-002290,O-002290,PR-01302,Inmobiliaria YTT S.L.,2025-07-19,60 días,2025-09-17,,12845.04,Pendiente
PP-002291,O-002291,PR-00679,Herrera y Palomino S.A.,2025-08-04,60 días,2025-10-03,,1178.56,Pendiente
PP-002292,O-002292,PR-00959,Talleres Sabater S.Coop.,2025-08-13,60 días,2025-10-12,2025-10-04,3217.8,Pagado
PP-002293,O-002293,PR-00612,Ale Escobar Nadal S.Coop.,2025-08-12,60 días,2025-10-11,,3002.18,Pendiente
PP-002294,O-002294,PR-01457,Mamen Sureda Noguera S.C.P,2025-08-24,90 días,2025-11-22,2025-11-11,8644.25,Pagado
PP-002295,O-002295,PR-01386,Bonifacio Bonet Mateo S.Coop.,2025-07-14,90 días,2025-10-12,,3187.8,Pendiente
PP-002296,O-002296,PR-01283,Olivera y asociados S.L.U.,2025-07-03,60 días,2025-09-01,,3875.9,Pendiente
PP-002297,O-002297,PR-01363,Soluciones LEL S.L.,2025-08-19,90 días,2025-11-17,,7413.04,Pendiente
PP-002298,O-002298,PR-01138,Fábrica Cañete & Asociados S.L.,2025-08-28,90 días,2025-11-26,,2733.28,Pendiente
PP-002299,O-002299,PR-01138,Fábrica Cañete & Asociados S.L.,2025-07-04,90 días,2025-10-02,,12370.16,Pendiente
PP-002300,O-002300,PR-00189,Nicolasa Botella Reig S.L.L.,2025-07-16,90 días,2025-10-14,,4018.08,Pendiente
PP-002301,O-002301,PR-00890,Tecnologías Martí S.Com.,2025-08-27,Contado,2025-08-27,,9280.32,Retrasado
PP-002302,O-002302,PR-01009,Zurita y asociados S.Coop.,2025-08-25,90 días,2025-11-23,,2493.96,Pendiente
PP-002303,O-002303,PR-00190,Transportes Canales S.C.P,2025-08-04,60 días,2025-10-03,2025-08-14,6447.36,Pagado
PP-002304,O-002304,PR-00192,Despacho Almagro & Asociados S.Coop.,2025-07-25,60 días,2025-09-23,,5226.51,Pendiente
PP-002305,O-002305,PR-00193,Inmobiliaria Trujillo S.Com.,2025-07-16,90 días,2025-10-14,2025-08-04,3320.25,Pagado
PP-002306,O-002306,PR-01435,Construcción Aguirre & Asociados S.L.L.,2025-08-13,60 días,2025-10-12,,5772.35,Pendiente
PP-002307,O-002307,PR-01356,Manufacturas del Mediterráneo S.Com.,2025-07-10,60 días,2025-09-08,,6789.6,Pendiente
PP-002308,O-002308,PR-00793,Yago Ríos Gámez S.Coop.,2025-07-05,90 días,2025-10-03,2025-09-09,2445.28,Pagado
PP-002309,O-002309,PR-00210,Rivera & Asociados S.L.N.E,2025-08-04,90 días,2025-11-02,2025-10-21,3728.76,Pagado
PP-002310,O-002310,PR-01346,Construcción Guillén y asociados S.Com.,2025-07-17,60 días,2025-09-15,,9592.62,Pendiente
PP-002311,O-002311,PR-01380,Banca Privada BUYL S.A.,2025-08-19,90 días,2025-11-17,,486.64,Pendiente
PP-002312,O-002312,PR-00214,Promociones XT S.L.,2025-08-02,30 días,2025-09-01,2025-08-05,4299.4,Pagado
PP-002313,O-002313,PR-00214,Promociones XT S.L.,2025-08-19,30 días,2025-09-18,2025-09-15,259.5,Pagado
PP-002314,O-002314,PR-00214,Promociones XT S.L.,2025-08-11,30 días,2025-09-10,,8272.18,Pendiente
PP-002315,O-002315,PR-01225,Alberdi & Asociados S.Coop.,2025-08-21,90 días,2025-11-19,2025-09-17,7549.2,Pagado
PP-002316,O-002316,PR-00218,Inmobiliaria Sotelo y asociados S.Coop.,2025-07-12,60 días,2025-09-10,,2873.64,Pendiente
PP-002317,O-002317,PR-00219,Aguirre y Sabater S.Coop.,2025-07-17,60 días,2025-09-15,2025-08-24,5685.12,Pagado
PP-002318,O-002318,PR-01136,Distribuciones EXZ S.Com.,2025-08-27,90 días,2025-11-25,2025-09-19,2489.2,Pagado
PP-002319,O-002319,PR-00233,Banca Privada Quirós y asociados S.L.U.,2025-08-26,90 días,2025-11-24,,701.46,Pendiente
PP-002320,O-002320,PR-00223,Hotel Abril S.Com.,2025-07-21,60 días,2025-09-19,2025-09-16,7476.48,Pagado
PP-002321,O-002321,PR-00809,Fajardo y asociados S.Com.,2025-07-23,90 días,2025-10-21,,6080.86,Pendiente
PP-002322,O-002322,PR-00744,Elpidio Fortuny Toro S.Coop.,2025-07-28,60 días,2025-09-26,2025-08-06,10366.2,Pagado
PP-002323,O-002323,PR-00802,Fábrica Bonet y asociados S.L.N.E,2025-08-13,30 días,2025-09-12,,4204.8,Pendiente
PP-002324,O-002324,PR-00802,Fábrica Bonet y asociados S.L.N.E,2025-07-31,30 días,2025-08-30,2025-08-04,2702.7,Pagado
PP-002325,O-002325,PR-00196,Finanzas Ramírez S.Coop.,2025-08-01,90 días,2025-10-30,2025-09-29,1592.05,Pagado
PP-002326,O-002326,PR-00199,Grupo Dominguez S.C.P,2025-07-31,90 días,2025-10-29,2025-09-11,5806.4,Pagado
PP-002327,O-002327,PR-01349,Restauración Gallego y asociados S.A.,2025-08-14,60 días,2025-10-13,,1770.21,Pendiente
PP-002328,O-002328,PR-00200,Familia Menéndez S.Coop.,2025-08-21,90 días,2025-11-19,2025-08-24,2299.55,Pagado
PP-002329,O-002329,PR-00201,Hermanos Clemente S.A.,2025-08-11,90 días,2025-11-09,,3553.95,Pendiente
PP-002330,O-002330,PR-00651,Infraestructuras JTIR S.A.,2025-08-22,Contado,2025-08-22,2025-08-22,3968.02,Pagado
PP-002331,O-002331,PR-01025,Instalaciones VA S.Com.,2025-07-21,90 días,2025-10-19,,1734.66,Pendiente
PP-002332,O-002332,PR-01025,Instalaciones VA S.Com.,2025-06-30,90 días,2025-09-28,2025-09-17,2653.76,Pagado
PP-002333,O-002333,PR-00226,Inmobiliaria Globales S.Com.,2025-07-29,30 días,2025-08-28,2025-08-11,11198.74,Pagado
PP-002334,O-002334,PR-00226,Inmobiliaria Globales S.Com.,2025-07-17,30 días,2025-08-16,2025-08-10,2700.9,Pagado
PP-002335,O-002335,PR-00612,Ale Escobar Nadal S.Coop.,2025-08-27,60 días,2025-10-26,2025-09-29,4356.0,Pagado
PP-002336,O-002336,PR-00227,Barrios y Lladó S.A.,2025-08-24,30 días,2025-09-23,2025-09-20,2277.96,Pagado
PP-002337,O-002337,PR-00228,Supermercados SH S.A.,2025-07-13,Contado,2025-07-13,2025-07-13,3403.54,Pagado
PP-002338,O-002338,PR-00228,Supermercados SH S.A.,2025-08-03,Contado,2025-08-03,,3156.3,Pendiente
PP-002339,O-002339,PR-00228,Supermercados SH S.A.,2025-08-15,Contado,2025-08-15,,5824.88,Retrasado
PP-002340,O-002340,PR-00204,Farmaceútica Globales S.A.,2025-07-07,90 días,2025-10-05,,8097.5,Pendiente
PP-002341,O-002341,PR-00991,Desarrollo del Sur S.A.,2025-08-05,60 días,2025-10-04,2025-08-19,9256.72,Pagado
PP-002342,O-002342,PR-00205,Salud Miguel Pinilla S.Coop.,2025-07-10,30 días,2025-08-09,2025-07-26,2305.8,Pagado
PP-002343,O-002343,PR-00206,Petrona Roca Juárez S.C.P,2025-07-15,90 días,2025-10-13,,3359.5,Pendiente
PP-002344,O-002344,PR-00941,Grupo Tena S.Com.,2025-07-11,60 días,2025-09-09,2025-08-10,11251.38,Pagado
PP-002345,O-002345,PR-01093,Infraestructuras del Norte S.Com.,2025-08-28,30 días,2025-09-27,2025-09-15,4170.75,Pagado
PP-002346,O-002346,PR-01009,Zurita y asociados S.Coop.,2025-07-11,90 días,2025-10-09,,1918.28,Pendiente
PP-002347,O-002347,PR-00966,Carbonell & Asociados S.Coop.,2025-08-07,90 días,2025-11-05,,2933.63,Pendiente
PP-002348,O-002348,PR-00193,Inmobiliaria Trujillo S.Com.,2025-07-25,90 días,2025-10-23,,1796.91,Pendiente
PP-002349,O-002349,PR-01346,Construcción Guillén y asociados S.Com.,2025-08-28,60 días,2025-10-27,2025-09-10,1516.58,Pagado
PP-002350,O-002350,PR-01380,Banca Privada BUYL S.A.,2025-07-16,90 días,2025-10-14,,13289.76,Pendiente
PP-002351,O-002351,PR-00215,Restauración Ibérica S.A.T.,2025-07-13,Contado,2025-07-13,,992.27,Retrasado
PP-002352,O-002352,PR-00219,Aguirre y Sabater S.Coop.,2025-08-14,60 días,2025-10-13,2025-09-28,2689.05,Pagado
PP-002353,O-002353,PR-00219,Aguirre y Sabater S.Coop.,2025-08-22,60 días,2025-10-21,2025-08-25,5649.21,Pagado
PP-002354,O-002354,PR-01136,Distribuciones EXZ S.Com.,2025-07-19,90 días,2025-10-17,2025-09-03,1111.5,Pagado
PP-002355,O-002355,PR-01136,Distribuciones EXZ S.Com.,2025-08-08,90 días,2025-11-06,2025-08-20,9659.26,Pagado
PP-002356,O-002356,PR-00233,Banca Privada Quirós y asociados S.L.U.,2025-07-20,90 días,2025-10-18,2025-09-12,7197.43,Pagado
PP-002357,O-002357,PR-00233,Banca Privada Quirós y asociados S.L.U.,2025-07-22,90 días,2025-10-20,,1407.66,Pendiente
PP-002358,O-002358,PR-00234,Gimeno y Amador S.A.,2025-08-19,90 días,2025-11-17,,4731.95,Pendiente
PP-002359,O-002359,PR-01404,Hermanos Gárate S.A.D,2025-08-15,90 días,2025-11-13,,8234.24,Pendiente
PP-002360,O-002360,PR-00222,Grupo Correa S.Com.,2025-07-01,Contado,2025-07-01,,4269.44,Pendiente
PP-002361,O-002361,PR-00223,Hotel Abril S.Com.,2025-07-06,60 días,2025-09-04,2025-08-08,994.84,Pagado
PP-002362,O-002362,PR-00223,Hotel Abril S.Com.,2025-08-08,60 días,2025-10-07,,5300.75,Pendiente
PP-002363,O-002363,PR-00976,Compañía Arce y asociados S.L.,2025-08-10,90 días,2025-11-08,,4237.76,Pendiente
PP-002364,O-002364,PR-00687,Servicios VGKU S.A.,2025-08-06,90 días,2025-11-04,,4165.6,Pendiente
PP-002365,O-002365,PR-00687,Servicios VGKU S.A.,2025-08-19,90 días,2025-11-17,,611.22,Pendiente
PP-002366,O-002366,PR-01473,Soluciones MT S.Coop.,2025-07-11,60 días,2025-09-09,2025-07-18,2943.36,Pagado
PP-002367,O-002367,PR-00197,Familia Herrero S.A.T.,2025-08-14,90 días,2025-11-12,,5042.6,Pendiente
PP-002368,O-002368,PR-01349,Restauración Gallego y asociados S.A.,2025-07-24,60 días,2025-09-22,,1648.29,Pendiente
PP-002369,O-002369,PR-00201,Hermanos Clemente S.A.,2025-08-21,90 días,2025-11-19,,4869.1,Pendiente
PP-002370,O-002370,PR-00202,Restauración del Norte S.Coop.,2025-08-22,30 días,2025-09-21,,932.1,Pendiente
PP-002371,O-002371,PR-00874,Familia Marí S.A.,2025-08-24,60 días,2025-10-23,2025-08-28,841.84,Pagado
PP-002372,O-002372,PR-00612,Ale Escobar Nadal S.Coop.,2025-07-07,60 días,2025-09-05,2025-07-07,3290.04,Pagado
PP-002373,O-002373,PR-00612,Ale Escobar Nadal S.Coop.,2025-08-08,60 días,2025-10-07,,977.88,Pendiente
PP-002374,O-002374,PR-00226,Inmobiliaria Globales S.Com.,2025-06-30,30 días,2025-07-30,2025-07-20,1159.83,Pagado
PP-002375,O-002375,PR-00992,Suministros WJ S.Com.,2025-07-23,Contado,2025-07-23,2025-07-23,3457.28,Pagado
PP-002376,O-002376,PR-01410,Pera y Rivero S.Com.,2025-08-10,90 días,2025-11-08,,4068.48,Pendiente
PP-002377,O-002377,PR-01112,Telmo Rueda Sánchez S.C.P,2025-08-01,60 días,2025-09-30,2025-09-20,556.47,Pagado
PP-002378,O-002378,PR-00212,Inés Peinado Valls S.A.,2025-06-30,30 días,2025-07-30,2025-07-24,4732.56,Pagado
PP-002379,O-002379,PR-01051,Despacho Moliner S.C.P,2025-08-21,60 días,2025-10-20,2025-09-11,3619.0,Pagado
PP-002380,O-002380,PR-00745,Grupo Tejada S.Coop.,2025-07-10,90 días,2025-10-08,2025-09-14,4823.24,Pagado
PP-002381,O-002381,PR-00207,Distribuciones Ramos & Asociados S.C.P,2025-08-18,Contado,2025-08-18,2025-08-18,5847.32,Pagado
PP-002382,O-002382,PR-00208,Desarrollo Internacionales S.L.N.E,2025-07-18,Contado,2025-07-18,2025-07-18,5446.21,Pagado
PP-002383,O-002383,PR-00231,Minería Sanabria & Asociados S.A.,2025-08-25,90 días,2025-11-23,,2500.47,Pendiente
PP-002384,O-002384,PR-01136,Distribuciones EXZ S.Com.,2025-07-26,90 días,2025-10-24,2025-09-24,11473.0,Pagado
PP-002385,O-002385,PR-00234,Gimeno y Amador S.A.,2025-07-03,90 días,2025-10-01,,14111.56,Pendiente
PP-002386,O-002386,PR-00234,Gimeno y Amador S.A.,2025-07-25,90 días,2025-10-23,2025-09-30,4073.55,Pagado
PP-002387,O-002387,PR-00636,Compañía Rios S.Coop.,2025-07-20,90 días,2025-10-18,2025-10-13,818.16,Pagado
PP-002388,O-002388,PR-01404,Hermanos Gárate S.A.D,2025-08-28,90 días,2025-11-26,,2073.96,Pendiente
PP-002389,O-002389,PR-00755,Inmobiliaria Ríos S.Com.,2025-08-16,60 días,2025-10-15,2025-10-11,4524.1,Pagado
PP-002390,O-002390,PR-00744,Elpidio Fortuny Toro S.Coop.,2025-07-26,60 días,2025-09-24,2025-08-02,187.91,Pagado
PP-002391,O-002391,PR-00225,Transportes del Mediterráneo S.L.N.E,2025-07-07,60 días,2025-09-05,2025-07-08,4170.0,Pagado
PP-002392,O-002392,PR-01302,Inmobiliaria YTT S.L.,2025-08-25,60 días,2025-10-24,,6508.32,Pendiente
PP-002393,O-002393,PR-00802,Fábrica Bonet y asociados S.L.N.E,2025-08-07,30 días,2025-09-06,,258.06,Pendiente
PP-002394,O-002394,PR-00802,Fábrica Bonet y asociados S.L.N.E,2025-07-08,30 días,2025-08-07,2025-07-13,12513.6,Pagado
PP-002395,O-002395,PR-00974,Hnos Casares S.L.N.E,2025-07-17,90 días,2025-10-15,,3549.7,Pendiente
PP-002396,O-002396,PR-00202,Restauración del Norte S.Coop.,2025-07-09,30 días,2025-08-08,,12592.2,Retrasado
PP-002397,O-002397,PR-00203,Comercial RWD S.A.,2025-08-02,90 días,2025-10-31,,1930.25,Pendiente
PP-002398,O-002398,PR-01242,Aguiló y asociados S.L.L.,2025-08-21,90 días,2025-11-19,,618.84,Pendiente
PP-002399,O-002399,PR-00229,Macías y Cámara S.Coop.,2025-07-05,30 días,2025-08-04,,6890.4,Pendiente
PP-002400,O-002400,PR-00205,Salud Miguel Pinilla S.Coop.,2025-08-07,30 días,2025-09-06,,2398.5,Pendiente
PP-002401,O-002401,PR-01051,Despacho Moliner S.C.P,2025-07-18,60 días,2025-09-16,,4938.7,Pendiente
PP-002402,O-002402,PR-00206,Petrona Roca Juárez S.C.P,2025-08-09,90 días,2025-11-07,,5329.35,Pendiente
PP-002403,O-002403,PR-00206,Petrona Roca Juárez S.C.P,2025-07-28,90 días,2025-10-26,,8216.67,Pendiente
PP-002404,O-002404,PR-00745,Grupo Tejada S.Coop.,2025-08-22,90 días,2025-11-20,,6470.62,Pendiente
PP-002405,O-002405,PR-00207,Distribuciones Ramos & Asociados S.C.P,2025-08-04,Contado,2025-08-04,,12021.66,Retrasado
PP-002406,O-002406,PR-00231,Minería Sanabria & Asociados S.A.,2025-07-25,90 días,2025-10-23,,7059.84,Pendiente
PP-002407,O-002407,PR-01136,Distribuciones EXZ S.Com.,2025-07-05,90 días,2025-10-03,,1337.31,Pendiente
PP-002408,O-002408,PR-00234,Gimeno y Amador S.A.,2025-08-18,90 días,2025-11-16,2025-10-01,5546.34,Pagado
PP-002409,O-002409,PR-00234,Gimeno y Amador S.A.,2025-08-12,90 días,2025-11-10,2025-09-21,13323.3,Pagado
PP-002410,O-002410,PR-01092,Comercializadora XVV S.L.,2025-07-19,30 días,2025-08-18,2025-08-03,3908.27,Pagado
PP-002411,O-002411,PR-00222,Grupo Correa S.Com.,2025-08-04,Contado,2025-08-04,2025-08-04,1395.2,Pagado
PP-002412,O-002412,PR-00819,Finanzas Simó S.L.N.E,2025-07-10,90 días,2025-10-08,,3664.15,Pendiente
PP-002413,O-002413,PR-00687,Servicios VGKU S.A.,2025-08-18,90 días,2025-11-16,,4034.91,Pendiente
PP-002414,O-002414,PR-01473,Soluciones MT S.Coop.,2025-07-19,60 días,2025-09-17,,3260.76,Pendiente
PP-002415,O-002415,PR-00974,Hnos Casares S.L.N.E,2025-07-14,90 días,2025-10-12,,9341.1,Pendiente
PP-002416,O-002416,PR-00679,Herrera y Palomino S.A.,2025-08-14,60 días,2025-10-13,,4833.38,Pendiente
PP-002417,O-002417,PR-00202,Restauración del Norte S.Coop.,2025-07-27,30 días,2025-08-26,2025-08-05,2403.6,Pagado
PP-002418,O-002418,PR-01410,Pera y Rivero S.Com.,2025-08-08,90 días,2025-11-06,2025-09-21,5870.97,Pagado
PP-002419,O-002419,PR-00206,Petrona Roca Juárez S.C.P,2025-08-16,90 días,2025-11-14,,4821.18,Pendiente
PP-002420,O-002420,PR-00745,Grupo Tejada S.Coop.,2025-08-17,90 días,2025-11-15,,3016.3,Pendiente
PP-002421,O-002421,PR-00941,Grupo Tena S.Com.,2025-08-03,60 días,2025-10-02,,3497.4,Pendiente
PP-002422,O-002422,PR-00941,Grupo Tena S.Com.,2025-08-13,60 días,2025-10-12,,853.74,Pendiente
PP-002423,O-002423,PR-00745,Grupo Tejada S.Coop.,2025-07-20,90 días,2025-10-18,2025-09-16,6822.72,Pagado
PP-002424,O-002424,PR-01136,Distribuciones EXZ S.Com.,2025-07-07,90 días,2025-10-05,,5247.9,Pendiente
PP-002425,O-002425,PR-00859,Grupo Vilar S.L.N.E,2025-07-28,60 días,2025-09-26,,5267.92,Pendiente
PP-002426,O-002426,PR-00233,Banca Privada Quirós y asociados S.L.U.,2025-08-23,90 días,2025-11-21,,2087.25,Pendiente
PP-002427,O-002427,PR-00234,Gimeno y Amador S.A.,2025-08-14,90 días,2025-11-12,2025-10-10,2086.16,Pagado
PP-002428,O-002428,PR-00234,Gimeno y Amador S.A.,2025-08-18,90 días,2025-11-16,2025-10-03,13702.8,Pagado
PP-002429,O-002429,PR-00222,Grupo Correa S.Com.,2025-08-21,Contado,2025-08-21,2025-08-21,5127.2,Pagado
PP-002430,O-002430,PR-01473,Soluciones MT S.Coop.,2025-07-27,60 días,2025-09-25,2025-08-07,1037.79,Pagado
PP-002431,O-002431,PR-01302,Inmobiliaria YTT S.L.,2025-08-23,60 días,2025-10-22,2025-10-10,1290.9,Pagado
PP-002432,O-002432,PR-00196,Finanzas Ramírez S.Coop.,2025-07-05,90 días,2025-10-03,2025-08-15,8594.29,Pagado
PP-002433,O-002433,PR-00802,Fábrica Bonet y asociados S.L.N.E,2025-08-09,30 días,2025-09-08,2025-08-10,1585.89,Pagado
PP-002434,O-002434,PR-01223,Hnos Manrique S.Coop.,2025-07-04,90 días,2025-10-02,,547.68,Pendiente
PP-002435,O-002435,PR-00198,Anselma Escobar Calderón S.L.,2025-08-01,90 días,2025-10-30,,989.8,Pendiente
PP-002436,O-002436,PR-00201,Hermanos Clemente S.A.,2025-08-01,90 días,2025-10-30,,12288.0,Pendiente
PP-002437,O-002437,PR-00612,Ale Escobar Nadal S.Coop.,2025-07-25,60 días,2025-09-23,,5761.0,Pendiente
PP-002438,O-002438,PR-00228,Supermercados SH S.A.,2025-08-26,Contado,2025-08-26,,2236.57,Retrasado
PP-002439,O-002439,PR-01295,Compañía Españolas S.A.,2025-08-19,30 días,2025-09-18,2025-09-15,1945.54,Pagado
PP-002440,O-002440,PR-01283,Olivera y asociados S.L.U.,2025-08-26,60 días,2025-10-25,,9817.24,Pendiente
PP-002441,O-002441,PR-00745,Grupo Tejada S.Coop.,2025-08-20,90 días,2025-11-18,2025-11-10,3590.2,Pagado
PP-002442,O-002442,PR-00745,Grupo Tejada S.Coop.,2025-07-09,90 días,2025-10-07,2025-08-19,1752.12,Pagado
PP-002443,O-002443,PR-01136,Distribuciones EXZ S.Com.,2025-08-27,90 días,2025-11-25,,7113.12,Pendiente
PP-002444,O-002444,PR-00231,Minería Sanabria & Asociados S.A.,2025-08-09,90 días,2025-11-07,2025-09-04,3179.4,Pagado
PP-002445,O-002445,PR-00859,Grupo Vilar S.L.N.E,2025-08-02,60 días,2025-10-01,2025-09-23,1020.18,Pagado
PP-002446,O-002446,PR-00234,Gimeno y Amador S.A.,2025-07-30,90 días,2025-10-28,,6760.22,Pendiente
PP-002447,O-002447,PR-00755,Inmobiliaria Ríos S.Com.,2025-07-18,60 días,2025-09-16,,8057.94,Pendiente
PP-002448,O-002448,PR-00222,Grupo Correa S.Com.,2025-08-23,Contado,2025-08-23,2025-08-23,1750.4,Pagado
PP-002449,O-002449,PR-00223,Hotel Abril S.Com.,2025-07-28,60 días,2025-09-26,2025-09-07,7818.48,Pagado
PP-002450,O-002450,PR-00976,Compañía Arce y asociados S.L.,2025-07-09,90 días,2025-10-07,,4343.8,Pendiente
PP-002451,O-002451,PR-01486,Grupo Villalba S.Com.,2025-07-27,90 días,2025-10-25,2025-09-11,1372.68,Pagado
PP-002452,O-002452,PR-00202,Restauración del Norte S.Coop.,2025-08-17,30 días,2025-09-16,2025-09-08,980.51,Pagado
PP-002453,O-002453,PR-01242,Aguiló y asociados S.L.L.,2025-07-14,90 días,2025-10-12,,3724.8,Pendiente
PP-002454,O-002454,PR-01242,Aguiló y asociados S.L.L.,2025-08-04,90 días,2025-11-02,,533.82,Pendiente
PP-002455,O-002455,PR-01458,Banco Tudela y asociados S.L.U.,2025-07-15,60 días,2025-09-13,,5346.22,Pendiente
PP-002456,O-002456,PR-01112,Telmo Rueda Sánchez S.C.P,2025-07-23,60 días,2025-09-21,,3182.08,Pendiente
PP-002457,O-002457,PR-01295,Compañía Españolas S.A.,2025-07-18,30 días,2025-08-17,2025-07-28,473.55,Pagado
PP-002458,O-002458,PR-00212,Inés Peinado Valls S.A.,2025-07-03,30 días,2025-08-02,,4259.6,Pendiente
PP-002459,O-002459,PR-01051,Despacho Moliner S.C.P,2025-07-01,60 días,2025-08-30,2025-08-12,5952.0,Pagado
PP-002460,O-002460,PR-00206,Petrona Roca Juárez S.C.P,2025-08-11,90 días,2025-11-09,,1130.4,Pendiente
PP-002461,O-002461,PR-00207,Distribuciones Ramos & Asociados S.C.P,2025-08-14,Contado,2025-08-14,,319.68,Retrasado
PP-002462,O-002462,PR-01136,Distribuciones EXZ S.Com.,2025-08-25,90 días,2025-11-23,,2878.8,Pendiente
PP-002463,O-002463,PR-01136,Distribuciones EXZ S.Com.,2025-08-10,90 días,2025-11-08,,6510.0,Pendiente
PP-002464,O-002464,PR-00234,Gimeno y Amador S.A.,2025-07-31,90 días,2025-10-29,,6333.04,Pendiente
PP-002465,O-002465,PR-00636,Compañía Rios S.Coop.,2025-08-02,90 días,2025-10-31,2025-08-09,903.8,Pagado
PP-002466,O-002466,PR-00194,Servicios GHVW S.L.N.E,2025-08-07,60 días,2025-10-06,2025-10-01,1297.1,Pagado
PP-002467,O-002467,PR-00196,Finanzas Ramírez S.Coop.,2025-08-23,90 días,2025-11-21,,582.54,Pendiente
PP-002468,O-002468,PR-00728,Catalina Bautista Maldonado S.A.D,2025-07-04,90 días,2025-10-02,2025-07-17,4129.2,Pagado
PP-002469,O-002469,PR-00728,Catalina Bautista Maldonado S.A.D,2025-07-19,90 días,2025-10-17,2025-09-18,3166.22,Pagado
PP-002470,O-002470,PR-00974,Hnos Casares S.L.N.E,2025-07-12,90 días,2025-10-10,2025-08-20,6594.9,Pagado
PP-002471,O-002471,PR-00651,Infraestructuras JTIR S.A.,2025-07-17,Contado,2025-07-17,2025-07-17,11862.0,Pagado
PP-002472,O-002472,PR-01025,Instalaciones VA S.Com.,2025-08-25,90 días,2025-11-23,,350.03,Pendiente
PP-002473,O-002473,PR-01410,Pera y Rivero S.Com.,2025-08-06,90 días,2025-11-04,2025-09-23,1584.47,Pagado
PP-002474,O-002474,PR-01447,Hnos Carreras S.L.,2025-07-21,60 días,2025-09-19,,2700.26,Pendiente
PP-002475,O-002475,PR-01447,Hnos Carreras S.L.,2025-07-17,60 días,2025-09-15,2025-07-24,9212.0,Pagado
PP-002476,O-002476,PR-01283,Olivera y asociados S.L.U.,2025-07-15,60 días,2025-09-13,2025-08-19,1035.86,Pagado
PP-002477,O-002477,PR-00206,Petrona Roca Juárez S.C.P,2025-08-27,90 días,2025-11-25,2025-10-18,2282.72,Pagado
PP-002478,O-002478,PR-01085,Infraestructuras DPOU S.L.N.E,2025-08-23,90 días,2025-11-21,,8377.89,Pendiente
PP-002479,O-002479,PR-01093,Infraestructuras del Norte S.Com.,2025-08-13,30 días,2025-09-12,,4167.36,Pendiente
PP-002480,O-002480,PR-01136,Distribuciones EXZ S.Com.,2025-08-03,90 días,2025-11-01,2025-08-11,2110.32,Pagado
PP-002481,O-002481,PR-00232,Campos y Jerez S.A.,2025-08-06,90 días,2025-11-04,2025-10-11,4318.02,Pagado
PP-002482,O-002482,PR-00233,Banca Privada Quirós y asociados S.L.U.,2025-07-16,90 días,2025-10-14,,4077.36,Pendiente
PP-002483,O-002483,PR-00233,Banca Privada Quirós y asociados S.L.U.,2025-07-22,90 días,2025-10-20,2025-07-31,14051.42,Pagado
PP-002484,O-002484,PR-00222,Grupo Correa S.Com.,2025-07-08,Contado,2025-07-08,,2514.0,Pendiente
PP-002485,O-002485,PR-00223,Hotel Abril S.Com.,2025-08-05,60 días,2025-10-04,,6639.4,Pendiente
PP-002486,O-002486,PR-00224,Villaverde & Asociados S.Com.,2025-08-18,90 días,2025-11-16,2025-08-25,2980.33,Pagado
PP-002487,O-002487,PR-01473,Soluciones MT S.Coop.,2025-07-14,60 días,2025-09-12,2025-08-01,3083.22,Pagado
PP-002488,O-002488,PR-00194,Servicios GHVW S.L.N.E,2025-08-08,60 días,2025-10-07,,808.5,Pendiente
PP-002489,O-002489,PR-00196,Finanzas Ramírez S.Coop.,2025-07-08,90 días,2025-10-06,,6162.79,Pendiente
PP-002490,O-002490,PR-00197,Familia Herrero S.A.T.,2025-07-01,90 días,2025-09-29,,4985.25,Pendiente
PP-002491,O-002491,PR-00197,Familia Herrero S.A.T.,2025-07-15,90 días,2025-10-13,,1381.05,Pendiente
PP-002492,O-002492,PR-00679,Herrera y Palomino S.A.,2025-08-26,60 días,2025-10-25,,3681.52,Pendiente
PP-002493,O-002493,PR-00203,Comercial RWD S.A.,2025-07-11,90 días,2025-10-09,2025-08-20,4877.73,Pagado
PP-002494,O-002494,PR-00203,Comercial RWD S.A.,2025-08-09,90 días,2025-11-07,,3885.6,Pendiente
PP-002495,O-002495,PR-00226,Inmobiliaria Globales S.Com.,2025-07-06,30 días,2025-08-05,,2707.1,Pendiente
PP-002496,O-002496,PR-00992,Suministros WJ S.Com.,2025-07-28,Contado,2025-07-28,2025-07-28,7264.38,Pagado
PP-002497,O-002497,PR-01458,Banco Tudela y asociados S.L.U.,2025-07-05,60 días,2025-09-03,2025-08-27,7642.25,Pagado
PP-002498,O-002498,PR-00204,Farmaceútica Globales S.A.,2025-07-02,90 días,2025-09-30,2025-07-03,5374.4,Pagado
PP-002499,O-002499,PR-00204,Farmaceútica Globales S.A.,2025-08-08,90 días,2025-11-06,,3495.44,Pendiente
PP-002500,O-002500,PR-00204,Farmaceútica Globales S.A.,2025-08-01,90 días,2025-10-30,,11982.45,Pendiente
PP-002501,O-002501,PR-01473,Soluciones MT S.Coop.,2025-07-04,60 días,2025-09-02,2025-08-14,6142.98,Pagado
PP-002502,O-002502,PR-00196,Finanzas Ramírez S.Coop.,2025-07-08,90 días,2025-10-06,2025-07-16,333.06,Pagado
PP-002503,O-002503,PR-00196,Finanzas Ramírez S.Coop.,2025-07-01,90 días,2025-09-29,2025-08-25,7049.77,Pagado
PP-002504,O-002504,PR-01307,Transportes Avanzadas S.L.U.,2025-08-08,60 días,2025-10-07,2025-09-05,378.82,Pagado
PP-002505,O-002505,PR-00974,Hnos Casares S.L.N.E,2025-08-14,90 días,2025-11-12,2025-08-18,6167.68,Pagado
PP-002506,O-002506,PR-00974,Hnos Casares S.L.N.E,2025-07-24,90 días,2025-10-22,,5118.6,Pendiente
PP-002507,O-002507,PR-00199,Grupo Dominguez S.C.P,2025-08-08,90 días,2025-11-06,,1433.82,Pendiente
PP-002508,O-002508,PR-00200,Familia Menéndez S.Coop.,2025-07-15,90 días,2025-10-13,2025-07-23,1603.2,Pagado
PP-002509,O-002509,PR-00201,Hermanos Clemente S.A.,2025-07-26,90 días,2025-10-24,2025-09-23,3310.08,Pagado
PP-002510,O-002510,PR-00202,Restauración del Norte S.Coop.,2025-07-15,30 días,2025-08-14,2025-08-11,10074.9,Pagado
PP-002511,O-002511,PR-01025,Instalaciones VA S.Com.,2025-07-11,90 días,2025-10-09,2025-09-06,12181.4,Pagado
PP-002512,O-002512,PR-00202,Restauración del Norte S.Coop.,2025-08-18,30 días,2025-09-17,,5376.7,Pendiente
PP-002513,O-002513,PR-00228,Supermercados SH S.A.,2025-07-02,Contado,2025-07-02,2025-07-02,1297.8,Pagado
PP-002514,O-002514,PR-00991,Desarrollo del Sur S.A.,2025-08-11,60 días,2025-10-10,,3310.65,Pendiente
PP-002515,O-002515,PR-00204,Farmaceútica Globales S.A.,2025-07-18,90 días,2025-10-16,2025-09-20,1448.4,Pagado
PP-002516,O-002516,PR-00205,Salud Miguel Pinilla S.Coop.,2025-07-27,30 días,2025-08-26,2025-08-05,6424.0,Pagado
PP-002517,O-002517,PR-00205,Salud Miguel Pinilla S.Coop.,2025-07-29,30 días,2025-08-28,,689.28,Retrasado
PP-002518,O-002518,PR-00745,Grupo Tejada S.Coop.,2025-07-22,90 días,2025-10-20,,2763.0,Pendiente
PP-002519,O-002519,PR-00636,Compañía Rios S.Coop.,2025-07-29,90 días,2025-10-27,2025-10-03,2011.0,Pagado
PP-002520,O-002520,PR-00636,Compañía Rios S.Coop.,2025-07-17,90 días,2025-10-15,2025-08-16,5899.54,Pagado
PP-002521,O-002521,PR-00636,Compañía Rios S.Coop.,2025-08-19,90 días,2025-11-17,2025-11-07,4684.64,Pagado
PP-002522,O-002522,PR-00755,Inmobiliaria Ríos S.Com.,2025-08-27,60 días,2025-10-26,,640.8,Pendiente
PP-002523,O-002523,PR-00976,Compañía Arce y asociados S.L.,2025-07-13,90 días,2025-10-11,2025-08-01,2595.81,Pagado
PP-002524,O-002524,PR-00225,Transportes del Mediterráneo S.L.N.E,2025-08-25,60 días,2025-10-24,2025-08-29,3199.5,Pagado
PP-002525,O-002525,PR-01473,Soluciones MT S.Coop.,2025-08-18,60 días,2025-10-17,2025-09-12,3102.12,Pagado
PP-002526,O-002526,PR-01294,Hermanos Salmerón S.L.,2025-08-16,60 días,2025-10-15,2025-08-23,12125.06,Pagado
PP-002527,O-002527,PR-00196,Finanzas Ramírez S.Coop.,2025-07-28,90 días,2025-10-26,2025-09-07,8096.84,Pagado
PP-002528,O-002528,PR-01307,Transportes Avanzadas S.L.U.,2025-08-19,60 días,2025-10-18,2025-08-23,2958.0,Pagado
PP-002529,O-002529,PR-00198,Anselma Escobar Calderón S.L.,2025-07-07,90 días,2025-10-05,2025-08-13,3304.32,Pagado
PP-002530,O-002530,PR-00200,Familia Menéndez S.Coop.,2025-08-26,90 días,2025-11-24,,6804.0,Pendiente
PP-002531,O-002531,PR-00959,Talleres Sabater S.Coop.,2025-07-16,60 días,2025-09-14,,2490.21,Pendiente
PP-002532,O-002532,PR-00202,Restauración del Norte S.Coop.,2025-07-21,30 días,2025-08-20,2025-07-26,3410.9,Pagado
PP-002533,O-002533,PR-00203,Comercial RWD S.A.,2025-08-21,90 días,2025-11-19,2025-10-05,4547.52,Pagado
PP-002534,O-002534,PR-00232,Campos y Jerez S.A.,2025-07-28,90 días,2025-10-26,,6813.12,Pendiente
PP-002535,O-002535,PR-00233,Banca Privada Quirós y asociados S.L.U.,2025-08-13,90 días,2025-11-11,2025-10-03,3068.52,Pagado
PP-002536,O-002536,PR-00636,Compañía Rios S.Coop.,2025-07-03,90 días,2025-10-01,2025-08-30,2223.2,Pagado
PP-002537,O-002537,PR-01092,Comercializadora XVV S.L.,2025-07-14,30 días,2025-08-13,,7086.81,Retrasado
PP-002538,O-002538,PR-00221,Hermanos Contreras S.Com.,2025-07-28,90 días,2025-10-26,,4376.7,Pendiente
PP-002539,O-002539,PR-00222,Grupo Correa S.Com.,2025-08-15,Contado,2025-08-15,,6249.46,Pendiente
PP-002540,O-002540,PR-00744,Elpidio Fortuny Toro S.Coop.,2025-08-17,60 días,2025-10-16,,3438.24,Pendiente
PP-002541,O-002541,PR-00687,Servicios VGKU S.A.,2025-07-22,90 días,2025-10-20,,8711.68,Pendiente
PP-002542,O-002542,PR-01294,Hermanos Salmerón S.L.,2025-08-20,60 días,2025-10-19,,4149.03,Pendiente
PP-002543,O-002543,PR-01302,Inmobiliaria YTT S.L.,2025-08-18,60 días,2025-10-17,,1534.72,Pendiente
PP-002544,O-002544,PR-00802,Fábrica Bonet y asociados S.L.N.E,2025-07-06,30 días,2025-08-05,2025-08-01,9787.31,Pagado
PP-002545,O-002545,PR-00728,Catalina Bautista Maldonado S.A.D,2025-08-26,90 días,2025-11-24,,2981.16,Pendiente
PP-002546,O-002546,PR-01349,Restauración Gallego y asociados S.A.,2025-07-22,60 días,2025-09-20,,6600.93,Pendiente
PP-002547,O-002547,PR-00203,Comercial RWD S.A.,2025-08-01,90 días,2025-10-30,2025-09-17,1354.5,Pagado
PP-002548,O-002548,PR-00203,Comercial RWD S.A.,2025-07-29,90 días,2025-10-27,,12904.71,Pendiente
PP-002549,O-002549,PR-01136,Distribuciones EXZ S.Com.,2025-08-22,90 días,2025-11-20,,1649.34,Pendiente
PP-002550,O-002550,PR-01136,Distribuciones EXZ S.Com.,2025-07-02,90 días,2025-09-30,2025-08-01,7841.14,Pagado
PP-002551,O-002551,PR-00232,Campos y Jerez S.A.,2025-07-26,90 días,2025-10-24,2025-08-29,3904.56,Pagado
PP-002552,O-002552,PR-00233,Banca Privada Quirós y asociados S.L.U.,2025-07-11,90 días,2025-10-09,,7459.14,Pendiente
PP-002553,O-002553,PR-00234,Gimeno y Amador S.A.,2025-07-12,90 días,2025-10-10,,6938.88,Pendiente
PP-002554,O-002554,PR-00234,Gimeno y Amador S.A.,2025-08-10,90 días,2025-11-08,2025-09-03,1129.82,Pagado
PP-002555,O-002555,PR-00235,Servicios Vicente S.L.,2025-07-04,90 días,2025-10-02,,4574.16,Pendiente
PP-002556,O-002556,PR-00636,Compañía Rios S.Coop.,2025-07-23,90 días,2025-10-21,,3381.84,Pendiente
PP-002557,O-002557,PR-01092,Comercializadora XVV S.L.,2025-06-30,30 días,2025-07-30,,6937.0,Retrasado
PP-002558,O-002558,PR-00744,Elpidio Fortuny Toro S.Coop.,2025-08-11,60 días,2025-10-10,2025-10-02,1015.92,Pagado
PP-002559,O-002559,PR-00224,Villaverde & Asociados S.Com.,2025-08-28,90 días,2025-11-26,2025-08-29,9767.03,Pagado
PP-002560,O-002560,PR-00976,Compañía Arce y asociados S.L.,2025-08-23,90 días,2025-11-21,,7242.4,Pendiente
PP-002561,O-002561,PR-00198,Anselma Escobar Calderón S.L.,2025-07-15,90 días,2025-10-13,2025-07-29,52.6,Pagado
PP-002562,O-002562,PR-00199,Grupo Dominguez S.C.P,2025-07-18,90 días,2025-10-16,,3974.19,Pendiente
PP-002563,O-002563,PR-00201,Hermanos Clemente S.A.,2025-08-11,90 días,2025-11-09,2025-09-27,3300.48,Pagado
PP-002564,O-002564,PR-01025,Instalaciones VA S.Com.,2025-07-04,90 días,2025-10-02,,5007.14,Pendiente
PP-002565,O-002565,PR-00859,Grupo Vilar S.L.N.E,2025-08-25,60 días,2025-10-24,2025-09-06,3264.82,Pagado
PP-002566,O-002566,PR-00234,Gimeno y Amador S.A.,2025-07-21,90 días,2025-10-19,2025-09-20,4458.96,Pagado
PP-002567,O-002567,PR-00221,Hermanos Contreras S.Com.,2025-08-10,90 días,2025-11-08,,2710.95,Pendiente
PP-002568,O-002568,PR-01092,Comercializadora XVV S.L.,2025-07-15,30 días,2025-08-14,2025-07-20,3331.52,Pagado
PP-002569,O-002569,PR-00223,Hotel Abril S.Com.,2025-07-29,60 días,2025-09-27,,11899.3,Pendiente
PP-002570,O-002570,PR-00223,Hotel Abril S.Com.,2025-08-19,60 días,2025-10-18,2025-09-29,5251.68,Pagado
PP-002571,O-002571,PR-00224,Villaverde & Asociados S.Com.,2025-08-28,90 días,2025-11-26,,3683.07,Pendiente
PP-002572,O-002572,PR-01473,Soluciones MT S.Coop.,2025-07-02,60 días,2025-08-31,,1912.82,Pendiente
PP-002573,O-002573,PR-00194,Servicios GHVW S.L.N.E,2025-08-20,60 días,2025-10-19,2025-10-05,2966.12,Pagado
PP-002574,O-002574,PR-01307,Transportes Avanzadas S.L.U.,2025-08-19,60 días,2025-10-18,,4511.52,Pendiente
PP-002575,O-002575,PR-01349,Restauración Gallego y asociados S.A.,2025-07-24,60 días,2025-09-22,,5588.3,Pendiente
PP-002576,O-002576,PR-00859,Grupo Vilar S.L.N.E,2025-07-29,60 días,2025-09-27,,5293.8,Pendiente
PP-002577,O-002577,PR-00222,Grupo Correa S.Com.,2025-08-26,Contado,2025-08-26,2025-08-26,1368.64,Pagado
PP-002578,O-002578,PR-01473,Soluciones MT S.Coop.,2025-07-03,60 días,2025-09-01,2025-07-23,4305.07,Pagado
PP-002579,O-002579,PR-01473,Soluciones MT S.Coop.,2025-07-24,60 días,2025-09-22,2025-09-09,5874.63,Pagado
PP-002580,O-002580,PR-01294,Hermanos Salmerón S.L.,2025-07-25,60 días,2025-09-23,,7972.3,Pendiente
PP-002581,O-002581,PR-01302,Inmobiliaria YTT S.L.,2025-07-30,60 días,2025-09-28,,500.48,Pendiente
PP-002582,O-002582,PR-00196,Finanzas Ramírez S.Coop.,2025-07-26,90 días,2025-10-24,2025-09-14,10995.39,Pagado
PP-002583,O-002583,PR-01223,Hnos Manrique S.Coop.,2025-07-05,90 días,2025-10-03,,6157.2,Pendiente
PP-002584,O-002584,PR-00198,Anselma Escobar Calderón S.L.,2025-08-23,90 días,2025-11-21,2025-09-08,2553.5,Pagado
PP-002585,O-002585,PR-00974,Hnos Casares S.L.N.E,2025-08-24,90 días,2025-11-22,2025-10-16,14176.32,Pagado
PP-002586,O-002586,PR-00651,Infraestructuras JTIR S.A.,2025-07-24,Contado,2025-07-24,2025-07-24,12404.36,Pagado
PP-002587,O-002587,PR-01025,Instalaciones VA S.Com.,2025-08-12,90 días,2025-11-10,,2126.58,Pendiente
PP-002588,O-002588,PR-00203,Comercial RWD S.A.,2025-07-03,90 días,2025-10-01,2025-08-02,2467.92,Pagado
PP-002589,O-002589,PR-01136,Distribuciones EXZ S.Com.,2025-08-13,90 días,2025-11-11,2025-09-03,3304.6,Pagado
PP-002590,O-002590,PR-00232,Campos y Jerez S.A.,2025-08-11,90 días,2025-11-09,,11730.0,Pendiente
PP-002591,O-002591,PR-00233,Banca Privada Quirós y asociados S.L.U.,2025-07-06,90 días,2025-10-04,2025-07-15,4957.33,Pagado
PP-002592,O-002592,PR-00224,Villaverde & Asociados S.Com.,2025-07-23,90 días,2025-10-21,,1554.28,Pendiente
PP-002593,O-002593,PR-01473,Soluciones MT S.Coop.,2025-07-13,60 días,2025-09-11,2025-07-27,2456.69,Pagado
PP-002594,O-002594,PR-00802,Fábrica Bonet y asociados S.L.N.E,2025-07-22,30 días,2025-08-21,2025-07-25,2227.42,Pagado
PP-002595,O-002595,PR-01307,Transportes Avanzadas S.L.U.,2025-07-26,60 días,2025-09-24,2025-07-31,9379.26,Pagado
PP-002596,O-002596,PR-00199,Grupo Dominguez S.C.P,2025-08-19,90 días,2025-11-17,2025-09-14,7649.49,Pagado
PP-002597,O-002597,PR-00200,Familia Menéndez S.Coop.,2025-07-28,90 días,2025-10-26,2025-08-21,3260.8,Pagado
PP-002598,O-002598,PR-00679,Herrera y Palomino S.A.,2025-07-11,60 días,2025-09-09,2025-08-14,2071.73,Pagado
PP-002599,O-002599,PR-01025,Instalaciones VA S.Com.,2025-07-14,90 días,2025-10-12,,2095.96,Pendiente
PP-002600,O-002600,PR-01136,Distribuciones EXZ S.Com.,2025-08-02,90 días,2025-10-31,2025-10-17,2493.2,Pagado
PP-002601,O-002601,PR-00233,Banca Privada Quirós y asociados S.L.U.,2025-07-02,90 días,2025-09-30,2025-07-10,6884.49,Pagado
PP-002602,O-002602,PR-00233,Banca Privada Quirós y asociados S.L.U.,2025-08-13,90 días,2025-11-11,2025-10-15,2262.92,Pagado
PP-002603,O-002603,PR-00221,Hermanos Contreras S.Com.,2025-08-07,90 días,2025-11-05,2025-08-22,2679.48,Pagado
PP-002604,O-002604,PR-00222,Grupo Correa S.Com.,2025-08-14,Contado,2025-08-14,2025-08-14,9254.04,Pagado
PP-002605,O-002605,PR-00223,Hotel Abril S.Com.,2025-08-23,60 días,2025-10-22,,4975.2,Pendiente
PP-002606,O-002606,PR-01302,Inmobiliaria YTT S.L.,2025-07-14,60 días,2025-09-12,,1093.22,Pendiente
PP-002607,O-002607,PR-00802,Fábrica Bonet y asociados S.L.N.E,2025-07-17,30 días,2025-08-16,,3215.55,Pendiente
PP-002608,O-002608,PR-00197,Familia Herrero S.A.T.,2025-07-13,90 días,2025-10-11,,3808.8,Pendiente
PP-002609,O-002609,PR-00199,Grupo Dominguez S.C.P,2025-08-21,90 días,2025-11-19,,5978.29,Pendiente
PP-002610,O-002610,PR-00199,Grupo Dominguez S.C.P,2025-08-17,90 días,2025-11-15,2025-09-08,3493.76,Pagado
PP-002611,O-002611,PR-00199,Grupo Dominguez S.C.P,2025-08-15,90 días,2025-11-13,2025-09-12,7352.64,Pagado
PP-002612,O-002612,PR-00200,Familia Menéndez S.Coop.,2025-08-10,90 días,2025-11-08,,4670.64,Pendiente
PP-002613,O-002613,PR-00202,Restauración del Norte S.Coop.,2025-08-26,30 días,2025-09-25,,1510.8,Pendiente
PP-002614,O-002614,PR-00874,Familia Marí S.A.,2025-08-23,60 días,2025-10-22,,572.4,Pendiente
PP-002615,O-002615,PR-01136,Distribuciones EXZ S.Com.,2025-07-29,90 días,2025-10-27,2025-10-10,4743.24,Pagado
PP-002616,O-002616,PR-00859,Grupo Vilar S.L.N.E,2025-08-21,60 días,2025-10-20,,4725.76,Pendiente
PP-002617,O-002617,PR-00233,Banca Privada Quirós y asociados S.L.U.,2025-07-25,90 días,2025-10-23,2025-08-27,3483.2,Pagado
PP-002618,O-002618,PR-00234,Gimeno y Amador S.A.,2025-07-20,90 días,2025-10-18,2025-09-23,4784.2,Pagado
PP-002619,O-002619,PR-00234,Gimeno y Amador S.A.,2025-08-23,90 días,2025-11-21,,424.85,Pendiente
PP-002620,O-002620,PR-00636,Compañía Rios S.Coop.,2025-07-05,90 días,2025-10-03,,833.85,Pendiente
PP-002621,O-002621,PR-00222,Grupo Correa S.Com.,2025-08-23,Contado,2025-08-23,2025-08-23,658.95,Pagado
PP-002622,O-002622,PR-00223,Hotel Abril S.Com.,2025-07-19,60 días,2025-09-17,2025-08-08,1995.6,Pagado
PP-002623,O-002623,PR-00809,Fajardo y asociados S.Com.,2025-07-28,90 días,2025-10-26,2025-10-12,297.49,Pagado
PP-002624,O-002624,PR-00196,Finanzas Ramírez S.Coop.,2025-08-27,90 días,2025-11-25,2025-09-24,3768.83,Pagado
PP-002625,O-002625,PR-00196,Finanzas Ramírez S.Coop.,2025-06-30,90 días,2025-09-28,2025-09-11,1342.6,Pagado
PP-002626,O-002626,PR-00802,Fábrica Bonet y asociados S.L.N.E,2025-07-28,30 días,2025-08-27,,779.6,Retrasado
PP-002627,O-002627,PR-00728,Catalina Bautista Maldonado S.A.D,2025-08-19,90 días,2025-11-17,,806.0,Pendiente
PP-002628,O-002628,PR-00974,Hnos Casares S.L.N.E,2025-07-07,90 días,2025-10-05,2025-09-29,12379.92,Pagado
PP-002629,O-002629,PR-00974,Hnos Casares S.L.N.E,2025-06-30,90 días,2025-09-28,2025-08-08,7426.44,Pagado
PP-002630,O-002630,PR-00974,Hnos Casares S.L.N.E,2025-08-25,90 días,2025-11-23,,2737.28,Pendiente
PP-002631,O-002631,PR-00974,Hnos Casares S.L.N.E,2025-08-06,90 días,2025-11-04,2025-09-23,1922.34,Pagado
PP-002632,O-002632,PR-00974,Hnos Casares S.L.N.E,2025-08-01,90 días,2025-10-30,2025-09-16,1683.0,Pagado
PP-002633,O-002633,PR-00200,Familia Menéndez S.Coop.,2025-08-14,90 días,2025-11-12,,4900.0,Pendiente
PP-002634,O-002634,PR-00234,Gimeno y Amador S.A.,2025-07-30,90 días,2025-10-28,,8341.52,Pendiente
PP-002635,O-002635,PR-00234,Gimeno y Amador S.A.,2025-08-15,90 días,2025-11-13,2025-10-04,4817.46,Pagado
PP-002636,O-002636,PR-00222,Grupo Correa S.Com.,2025-08-04,Contado,2025-08-04,2025-08-04,3634.4,Pagado
PP-002637,O-002637,PR-00223,Hotel Abril S.Com.,2025-08-13,60 días,2025-10-12,2025-09-18,270.2,Pagado
PP-002638,O-002638,PR-00223,Hotel Abril S.Com.,2025-07-24,60 días,2025-09-22,,2445.82,Pendiente
PP-002639,O-002639,PR-00196,Finanzas Ramírez S.Coop.,2025-08-15,90 días,2025-11-13,,693.21,Pendiente
PP-002640,O-002640,PR-00197,Familia Herrero S.A.T.,2025-07-28,90 días,2025-10-26,,802.37,Pendiente
PP-002641,O-002641,PR-00974,Hnos Casares S.L.N.E,2025-07-26,90 días,2025-10-24,,2308.24,Pendiente
PP-002642,O-002642,PR-00200,Familia Menéndez S.Coop.,2025-07-10,90 días,2025-10-08,2025-07-16,2481.36,Pagado
PP-002643,O-002643,PR-00200,Familia Menéndez S.Coop.,2025-07-05,90 días,2025-10-03,2025-08-08,930.96,Pagado
PP-002644,O-002644,PR-00679,Herrera y Palomino S.A.,2025-07-22,60 días,2025-09-20,2025-08-07,4081.47,Pagado
PP-002645,O-002645,PR-00202,Restauración del Norte S.Coop.,2025-07-24,30 días,2025-08-23,2025-07-31,649.0,Pagado
PP-002646,O-002646,PR-00222,Grupo Correa S.Com.,2025-07-31,Contado,2025-07-31,2025-07-31,1365.12,Pagado
PP-002647,O-002647,PR-00222,Grupo Correa S.Com.,2025-08-27,Contado,2025-08-27,,72.45,Retrasado
PP-002648,O-002648,PR-00222,Grupo Correa S.Com.,2025-08-15,Contado,2025-08-15,2025-08-15,5056.0,Pagado
PP-002649,O-002649,PR-00223,Hotel Abril S.Com.,2025-07-22,60 días,2025-09-20,,5407.78,Pendiente
PP-002650,O-002650,PR-00976,Compañía Arce y asociados S.L.,2025-08-21,90 días,2025-11-19,,5567.12,Pendiente
PP-002651,O-002651,PR-00194,Servicios GHVW S.L.N.E,2025-08-15,60 días,2025-10-14,,7369.5,Pendiente
PP-002652,O-002652,PR-00194,Servicios GHVW S.L.N.E,2025-08-06,60 días,2025-10-05,,1460.58,Pendiente
PP-002653,O-002653,PR-00195,Talleres GNUE S.Coop.,2025-07-05,30 días,2025-08-04,2025-07-31,7628.25,Pagado
PP-002654,O-002654,PR-00802,Fábrica Bonet y asociados S.L.N.E,2025-08-23,30 días,2025-09-22,2025-08-29,2798.95,Pagado
PP-002655,O-002655,PR-00196,Finanzas Ramírez S.Coop.,2025-07-12,90 días,2025-10-10,,1080.48,Pendiente
PP-002656,O-002656,PR-00802,Fábrica Bonet y asociados S.L.N.E,2025-07-23,30 días,2025-08-22,2025-08-11,1397.64,Pagado
PP-002657,O-002657,PR-00802,Fábrica Bonet y asociados S.L.N.E,2025-07-16,30 días,2025-08-15,2025-08-09,1211.74,Pagado
PP-002658,O-002658,PR-00728,Catalina Bautista Maldonado S.A.D,2025-07-13,90 días,2025-10-11,,3111.41,Pendiente
PP-002659,O-002659,PR-00198,Anselma Escobar Calderón S.L.,2025-07-01,90 días,2025-09-29,2025-07-08,1992.6,Pagado
PP-002660,O-002660,PR-01486,Grupo Villalba S.Com.,2025-08-19,90 días,2025-11-17,,625.17,Pendiente
PP-002661,O-002661,PR-00200,Familia Menéndez S.Coop.,2025-07-24,90 días,2025-10-22,2025-08-08,10859.52,Pagado
PP-002662,O-002662,PR-00200,Familia Menéndez S.Coop.,2025-07-19,90 días,2025-10-17,2025-08-28,5119.8,Pagado
PP-002663,O-002663,PR-00202,Restauración del Norte S.Coop.,2025-08-16,30 días,2025-09-15,2025-08-18,1052.0,Pagado
PP-002664,O-002664,PR-00874,Familia Marí S.A.,2025-08-24,60 días,2025-10-23,,12317.7,Pendiente
PP-002665,O-002665,PR-00203,Comercial RWD S.A.,2025-08-07,90 días,2025-11-05,,6499.22,Pendiente
PP-002666,O-002666,PR-00232,Campos y Jerez S.A.,2025-08-08,90 días,2025-11-06,,1918.88,Pendiente
PP-002667,O-002667,PR-00234,Gimeno y Amador S.A.,2025-07-07,90 días,2025-10-05,,4354.14,Pendiente
PP-002668,O-002668,PR-00234,Gimeno y Amador S.A.,2025-07-01,90 días,2025-09-29,,13001.12,Pendiente
PP-002669,O-002669,PR-00636,Compañía Rios S.Coop.,2025-08-17,90 días,2025-11-15,,4168.78,Pendiente
PP-002670,O-002670,PR-00755,Inmobiliaria Ríos S.Com.,2025-07-20,60 días,2025-09-18,,9944.28,Pendiente
PP-002671,O-002671,PR-00222,Grupo Correa S.Com.,2025-07-23,Contado,2025-07-23,2025-07-23,3485.9,Pagado
PP-002672,O-002672,PR-00222,Grupo Correa S.Com.,2025-08-05,Contado,2025-08-05,2025-08-05,898.04,Pagado
PP-002673,O-002673,PR-00223,Hotel Abril S.Com.,2025-08-25,60 días,2025-10-24,2025-10-09,6242.16,Pagado
PP-002674,O-002674,PR-01307,Transportes Avanzadas S.L.U.,2025-07-20,60 días,2025-09-18,,1080.4,Pendiente
PP-002675,O-002675,PR-00200,Familia Menéndez S.Coop.,2025-07-21,90 días,2025-10-19,2025-09-06,1362.48,Pagado
PP-002676,O-002676,PR-01025,Instalaciones VA S.Com.,2025-07-16,90 días,2025-10-14,2025-09-23,6662.76,Pagado
PP-002677,O-002677,PR-00874,Familia Marí S.A.,2025-07-17,60 días,2025-09-15,2025-08-26,8928.84,Pagado
PP-002678,O-002678,PR-00232,Campos y Jerez S.A.,2025-07-24,90 días,2025-10-22,2025-09-17,13459.6,Pagado
PP-002679,O-002679,PR-00233,Banca Privada Quirós y asociados S.L.U.,2025-07-19,90 días,2025-10-17,,8484.84,Pendiente
PP-002680,O-002680,PR-01404,Hermanos Gárate S.A.D,2025-07-30,90 días,2025-10-28,,11672.2,Pendiente
PP-002681,O-002681,PR-01404,Hermanos Gárate S.A.D,2025-07-06,90 días,2025-10-04,2025-10-01,14110.47,Pagado
PP-002682,O-002682,PR-00222,Grupo Correa S.Com.,2025-07-15,Contado,2025-07-15,2025-07-15,1184.4,Pagado
PP-002683,O-002683,PR-00809,Fajardo y asociados S.Com.,2025-08-06,90 días,2025-11-04,,7156.92,Pendiente
PP-002684,O-002684,PR-01294,Hermanos Salmerón S.L.,2025-08-27,60 días,2025-10-26,2025-10-07,2848.56,Pagado
PP-002685,O-002685,PR-00196,Finanzas Ramírez S.Coop.,2025-08-10,90 días,2025-11-08,2025-09-16,4802.82,Pagado
PP-002686,O-002686,PR-00728,Catalina Bautista Maldonado S.A.D,2025-08-03,90 días,2025-11-01,2025-08-16,1457.2,Pagado
PP-002687,O-002687,PR-01223,Hnos Manrique S.Coop.,2025-07-12,90 días,2025-10-10,2025-10-04,5173.76,Pagado
PP-002688,O-002688,PR-00198,Anselma Escobar Calderón S.L.,2025-06-30,90 días,2025-09-28,,1116.27,Pendiente
PP-002689,O-002689,PR-00974,Hnos Casares S.L.N.E,2025-08-15,90 días,2025-11-13,2025-09-21,4374.94,Pagado
PP-002690,O-002690,PR-01486,Grupo Villalba S.Com.,2025-07-10,90 días,2025-10-08,,10837.44,Pendiente
PP-002691,O-002691,PR-01486,Grupo Villalba S.Com.,2025-06-30,90 días,2025-09-28,,5067.84,Pendiente
PP-002692,O-002692,PR-01486,Grupo Villalba S.Com.,2025-07-03,90 días,2025-10-01,2025-07-20,4290.21,Pagado
PP-002693,O-002693,PR-01349,Restauración Gallego y asociados S.A.,2025-07-27,60 días,2025-09-25,2025-08-05,5034.96,Pagado
PP-002694,O-002694,PR-00232,Campos y Jerez S.A.,2025-08-14,90 días,2025-11-12,,3187.84,Pendiente
PP-002695,O-002695,PR-00232,Campos y Jerez S.A.,2025-08-21,90 días,2025-11-19,2025-10-11,4161.15,Pagado
PP-002696,O-002696,PR-00233,Banca Privada Quirós y asociados S.L.U.,2025-07-13,90 días,2025-10-11,2025-09-14,1179.3,Pagado
PP-002697,O-002697,PR-01092,Comercializadora XVV S.L.,2025-07-29,30 días,2025-08-28,,5842.05,Retrasado
PP-002698,O-002698,PR-01294,Hermanos Salmerón S.L.,2025-06-30,60 días,2025-08-29,,13357.8,Pendiente
PP-002699,O-002699,PR-00198,Anselma Escobar Calderón S.L.,2025-07-24,90 días,2025-10-22,2025-09-26,6027.08,Pagado
PP-002700,O-002700,PR-00974,Hnos Casares S.L.N.E,2025-06-30,90 días,2025-09-28,2025-07-25,3317.18,Pagado
PP-002701,O-002701,PR-00198,Anselma Escobar Calderón S.L.,2025-08-10,90 días,2025-11-08,,1312.2,Pendiente
PP-002702,O-002702,PR-01486,Grupo Villalba S.Com.,2025-08-13,90 días,2025-11-11,,224.0,Pendiente
PP-002703,O-002703,PR-00200,Familia Menéndez S.Coop.,2025-08-18,90 días,2025-11-16,,1181.18,Pendiente
PP-002704,O-002704,PR-01025,Instalaciones VA S.Com.,2025-08-28,90 días,2025-11-26,,1189.1,Pendiente
PP-002705,O-002705,PR-01025,Instalaciones VA S.Com.,2025-08-23,90 días,2025-11-21,,630.24,Pendiente
PP-002706,O-002706,PR-00231,Minería Sanabria & Asociados S.A.,2025-07-03,90 días,2025-10-01,2025-08-09,6603.24,Pagado
PP-002707,O-002707,PR-01136,Distribuciones EXZ S.Com.,2025-08-13,90 días,2025-11-11,2025-09-28,8019.0,Pagado
PP-002708,O-002708,PR-00233,Banca Privada Quirós y asociados S.L.U.,2025-07-19,90 días,2025-10-17,2025-10-12,3999.76,Pagado
PP-002709,O-002709,PR-00233,Banca Privada Quirós y asociados S.L.U.,2025-07-04,90 días,2025-10-02,,1259.18,Pendiente
PP-002710,O-002710,PR-00233,Banca Privada Quirós y asociados S.L.U.,2025-08-13,90 días,2025-11-11,2025-09-25,3724.5,Pagado
PP-002711,O-002711,PR-00234,Gimeno y Amador S.A.,2025-07-04,90 días,2025-10-02,2025-07-09,3446.46,Pagado
PP-002712,O-002712,PR-00636,Compañía Rios S.Coop.,2025-07-28,90 días,2025-10-26,2025-09-30,2655.64,Pagado
PP-002713,O-002713,PR-00755,Inmobiliaria Ríos S.Com.,2025-08-08,60 días,2025-10-07,2025-09-05,3215.22,Pagado
PP-002714,O-002714,PR-00222,Grupo Correa S.Com.,2025-07-30,Contado,2025-07-30,2025-07-30,7167.6,Pagado
PP-002715,O-002715,PR-00744,Elpidio Fortuny Toro S.Coop.,2025-07-25,60 días,2025-09-23,,6503.77,Pendiente
PP-002716,O-002716,PR-00197,Familia Herrero S.A.T.,2025-07-04,90 días,2025-10-02,2025-09-16,5808.78,Pagado
PP-002717,O-002717,PR-00198,Anselma Escobar Calderón S.L.,2025-08-28,90 días,2025-11-26,2025-09-24,1651.79,Pagado
PP-002718,O-002718,PR-01349,Restauración Gallego y asociados S.A.,2025-07-26,60 días,2025-09-24,,3929.97,Pendiente
PP-002719,O-002719,PR-00200,Familia Menéndez S.Coop.,2025-08-04,90 días,2025-11-02,2025-08-08,8181.81,Pagado
PP-002720,O-002720,PR-00201,Hermanos Clemente S.A.,2025-08-09,90 días,2025-11-07,,2270.16,Pendiente
PP-002721,O-002721,PR-01025,Instalaciones VA S.Com.,2025-07-18,90 días,2025-10-16,,2920.84,Pendiente
PP-002722,O-002722,PR-01025,Instalaciones VA S.Com.,2025-08-19,90 días,2025-11-17,,1349.72,Pendiente
PP-002723,O-002723,PR-00202,Restauración del Norte S.Coop.,2025-08-27,30 días,2025-09-26,,11289.89,Pendiente
PP-002724,O-002724,PR-00233,Banca Privada Quirós y asociados S.L.U.,2025-08-24,90 días,2025-11-22,,4596.22,Pendiente
PP-002725,O-002725,PR-00636,Compañía Rios S.Coop.,2025-07-23,90 días,2025-10-21,2025-08-11,5414.31,Pagado
PP-002726,O-002726,PR-00222,Grupo Correa S.Com.,2025-07-24,Contado,2025-07-24,,11247.0,Retrasado
PP-002727,O-002727,PR-00819,Finanzas Simó S.L.N.E,2025-08-15,90 días,2025-11-13,2025-09-08,4448.25,Pagado
PP-002728,O-002728,PR-00976,Compañía Arce y asociados S.L.,2025-08-11,90 días,2025-11-09,2025-10-03,3219.8,Pagado
PP-002729,O-002729,PR-00687,Servicios VGKU S.A.,2025-07-14,90 días,2025-10-12,,3758.3,Pendiente
PP-002730,O-002730,PR-01294,Hermanos Salmerón S.L.,2025-08-27,60 días,2025-10-26,,1997.66,Pendiente
PP-002731,O-002731,PR-00974,Hnos Casares S.L.N.E,2025-08-11,90 días,2025-11-09,2025-10-29,4845.16,Pagado
PP-002732,O-002732,PR-00198,Anselma Escobar Calderón S.L.,2025-08-04,90 días,2025-11-02,2025-10-20,4224.44,Pagado
PP-002733,O-002733,PR-00974,Hnos Casares S.L.N.E,2025-08-21,90 días,2025-11-19,,302.68,Pendiente
PP-002734,O-002734,PR-00959,Talleres Sabater S.Coop.,2025-08-05,60 días,2025-10-04,2025-10-01,5293.74,Pagado
PP-002735,O-002735,PR-01025,Instalaciones VA S.Com.,2025-08-12,90 días,2025-11-10,2025-09-24,7180.1,Pagado
PP-002736,O-002736,PR-00203,Comercial RWD S.A.,2025-08-22,90 días,2025-11-20,,12724.26,Pendiente
PP-002737,O-002737,PR-01136,Distribuciones EXZ S.Com.,2025-08-19,90 días,2025-11-17,,3401.76,Pendiente
PP-002738,O-002738,PR-00231,Minería Sanabria & Asociados S.A.,2025-08-25,90 días,2025-11-23,2025-11-10,930.92,Pagado
PP-002739,O-002739,PR-00233,Banca Privada Quirós y asociados S.L.U.,2025-07-23,90 días,2025-10-21,,173.16,Pendiente
PP-002740,O-002740,PR-00233,Banca Privada Quirós y asociados S.L.U.,2025-08-19,90 días,2025-11-17,2025-11-06,2179.8,Pagado
PP-002741,O-002741,PR-00233,Banca Privada Quirós y asociados S.L.U.,2025-08-16,90 días,2025-11-14,2025-09-04,1438.88,Pagado
PP-002742,O-002742,PR-00234,Gimeno y Amador S.A.,2025-07-14,90 días,2025-10-12,2025-09-03,7272.99,Pagado
PP-002743,O-002743,PR-00234,Gimeno y Amador S.A.,2025-06-30,90 días,2025-09-28,,1806.52,Pendiente
PP-002744,O-002744,PR-00221,Hermanos Contreras S.Com.,2025-07-17,90 días,2025-10-15,,6119.52,Pendiente
PP-002745,O-002745,PR-00223,Hotel Abril S.Com.,2025-07-17,60 días,2025-09-15,,2894.72,Pendiente
PP-002746,O-002746,PR-00223,Hotel Abril S.Com.,2025-08-06,60 días,2025-10-05,,1019.82,Pendiente
PP-002747,O-002747,PR-01302,Inmobiliaria YTT S.L.,2025-08-03,60 días,2025-10-02,2025-09-20,2130.66,Pagado
PP-002748,O-002748,PR-00802,Fábrica Bonet y asociados S.L.N.E,2025-07-01,30 días,2025-07-31,,7943.2,Pendiente
PP-002749,O-002749,PR-00974,Hnos Casares S.L.N.E,2025-08-26,90 días,2025-11-24,,4363.26,Pendiente
PP-002750,O-002750,PR-00233,Banca Privada Quirós y asociados S.L.U.,2025-07-10,90 días,2025-10-08,,2093.4,Pendiente
PP-002751,O-002751,PR-00233,Banca Privada Quirós y asociados S.L.U.,2025-07-29,90 días,2025-10-27,2025-08-18,7720.16,Pagado
PP-002752,O-002752,PR-00234,Gimeno y Amador S.A.,2025-07-09,90 días,2025-10-07,2025-08-20,1519.8,Pagado
PP-002753,O-002753,PR-00223,Hotel Abril S.Com.,2025-08-01,60 días,2025-09-30,2025-08-08,2118.8,Pagado
PP-002754,O-002754,PR-00819,Finanzas Simó S.L.N.E,2025-07-06,90 días,2025-10-04,,1700.5,Pendiente
PP-002755,O-002755,PR-00224,Villaverde & Asociados S.Com.,2025-07-24,90 días,2025-10-22,2025-08-28,8119.08,Pagado
PP-002756,O-002756,PR-01302,Inmobiliaria YTT S.L.,2025-08-21,60 días,2025-10-20,,953.0,Pendiente
PP-002757,O-002757,PR-00802,Fábrica Bonet y asociados S.L.N.E,2025-07-01,30 días,2025-07-31,2025-07-02,9299.43,Pagado
PP-002758,O-002758,PR-00728,Catalina Bautista Maldonado S.A.D,2025-07-23,90 días,2025-10-21,2025-10-07,2615.92,Pagado
PP-002759,O-002759,PR-00233,Banca Privada Quirós y asociados S.L.U.,2025-08-05,90 días,2025-11-03,2025-10-08,8473.85,Pagado
PP-002760,O-002760,PR-00223,Hotel Abril S.Com.,2025-07-12,60 días,2025-09-10,2025-07-14,4194.56,Pagado
PP-002761,O-002761,PR-00809,Fajardo y asociados S.Com.,2025-08-05,90 días,2025-11-03,2025-08-19,6897.24,Pagado
PP-002762,O-002762,PR-00976,Compañía Arce y asociados S.L.,2025-07-09,90 días,2025-10-07,,1953.96,Pendiente
PP-002763,O-002763,PR-00976,Compañía Arce y asociados S.L.,2025-08-02,90 días,2025-10-31,2025-10-20,5208.64,Pagado
PP-002764,O-002764,PR-00195,Talleres GNUE S.Coop.,2025-07-21,30 días,2025-08-20,2025-07-31,7928.9,Pagado
PP-002765,O-002765,PR-00802,Fábrica Bonet y asociados S.L.N.E,2025-08-15,30 días,2025-09-14,2025-08-29,6865.92,Pagado
PP-002766,O-002766,PR-00196,Finanzas Ramírez S.Coop.,2025-08-10,90 días,2025-11-08,,7426.89,Pendiente
PP-002767,O-002767,PR-01307,Transportes Avanzadas S.L.U.,2025-08-21,60 días,2025-10-20,2025-09-06,6762.96,Pagado
PP-002768,O-002768,PR-01223,Hnos Manrique S.Coop.,2025-07-26,90 días,2025-10-24,2025-10-17,421.77,Pagado
PP-002769,O-002769,PR-00198,Anselma Escobar Calderón S.L.,2025-07-01,90 días,2025-09-29,,8623.64,Pendiente
PP-002770,O-002770,PR-01136,Distribuciones EXZ S.Com.,2025-08-17,90 días,2025-11-15,2025-11-08,6655.95,Pagado
PP-002771,O-002771,PR-00232,Campos y Jerez S.A.,2025-07-28,90 días,2025-10-26,,10387.17,Pendiente
PP-002772,O-002772,PR-00235,Servicios Vicente S.L.,2025-07-02,90 días,2025-09-30,2025-09-15,5120.5,Pagado
PP-002773,O-002773,PR-01092,Comercializadora XVV S.L.,2025-08-02,30 días,2025-09-01,2025-08-30,11175.2,Pagado
PP-002774,O-002774,PR-00222,Grupo Correa S.Com.,2025-08-01,Contado,2025-08-01,,233.8,Retrasado
PP-002775,O-002775,PR-00223,Hotel Abril S.Com.,2025-07-25,60 días,2025-09-23,2025-08-04,2500.96,Pagado
PP-002776,O-002776,PR-00809,Fajardo y asociados S.Com.,2025-08-24,90 días,2025-11-22,2025-09-07,4861.18,Pagado
PP-002777,O-002777,PR-00809,Fajardo y asociados S.Com.,2025-08-24,90 días,2025-11-22,,598.08,Pendiente
PP-002778,O-002778,PR-00976,Compañía Arce y asociados S.L.,2025-07-15,90 días,2025-10-13,2025-10-10,3974.95,Pagado
PP-002779,O-002779,PR-00198,Anselma Escobar Calderón S.L.,2025-07-01,90 días,2025-09-29,2025-09-20,5509.8,Pagado
PP-002780,O-002780,PR-00233,Banca Privada Quirós y asociados S.L.U.,2025-08-10,90 días,2025-11-08,2025-10-28,4243.09,Pagado
PP-002781,O-002781,PR-00222,Grupo Correa S.Com.,2025-08-20,Contado,2025-08-20,,7412.25,Pendiente
PP-002782,O-002782,PR-00222,Grupo Correa S.Com.,2025-08-14,Contado,2025-08-14,2025-08-14,1817.0,Pagado
PP-002783,O-002783,PR-01302,Inmobiliaria YTT S.L.,2025-07-24,60 días,2025-09-22,,976.56,Pendiente
PP-002784,O-002784,PR-00195,Talleres GNUE S.Coop.,2025-08-26,30 días,2025-09-25,2025-09-13,1729.56,Pagado
PP-002785,O-002785,PR-00196,Finanzas Ramírez S.Coop.,2025-08-19,90 días,2025-11-17,2025-08-25,753.2,Pagado
PP-002786,O-002786,PR-00974,Hnos Casares S.L.N.E,2025-07-12,90 días,2025-10-10,,4929.0,Pendiente
PP-002787,O-002787,PR-00232,Campos y Jerez S.A.,2025-08-04,90 días,2025-11-02,,1298.7,Pendiente
PP-002788,O-002788,PR-00233,Banca Privada Quirós y asociados S.L.U.,2025-08-06,90 días,2025-11-04,2025-09-21,2233.44,Pagado
PP-002789,O-002789,PR-00755,Inmobiliaria Ríos S.Com.,2025-07-18,60 días,2025-09-16,,1918.72,Pendiente
PP-002790,O-002790,PR-01092,Comercializadora XVV S.L.,2025-08-15,30 días,2025-09-14,2025-09-11,3445.63,Pagado
PP-002791,O-002791,PR-00222,Grupo Correa S.Com.,2025-08-23,Contado,2025-08-23,,1392.6,Retrasado
PP-002792,O-002792,PR-00222,Grupo Correa S.Com.,2025-08-15,Contado,2025-08-15,2025-08-15,5198.0,Pagado
PP-002793,O-002793,PR-00976,Compañía Arce y asociados S.L.,2025-08-17,90 días,2025-11-15,2025-09-30,1962.95,Pagado
PP-002794,O-002794,PR-00976,Compañía Arce y asociados S.L.,2025-07-17,90 días,2025-10-15,2025-08-31,4993.8,Pagado
PP-002795,O-002795,PR-01473,Soluciones MT S.Coop.,2025-07-28,60 días,2025-09-26,,4625.01,Pendiente
PP-002796,O-002796,PR-00196,Finanzas Ramírez S.Coop.,2025-07-02,90 días,2025-09-30,2025-08-05,1630.09,Pagado
PP-002797,O-002797,PR-00196,Finanzas Ramírez S.Coop.,2025-08-07,90 días,2025-11-05,,9619.96,Pendiente
PP-002798,O-002798,PR-00196,Finanzas Ramírez S.Coop.,2025-08-09,90 días,2025-11-07,,2288.8,Pendiente
PP-002799,O-002799,PR-00974,Hnos Casares S.L.N.E,2025-08-01,90 días,2025-10-30,2025-09-03,7525.86,Pagado
PP-002800,O-002800,PR-01136,Distribuciones EXZ S.Com.,2025-08-06,90 días,2025-11-04,2025-08-29,8154.22,Pagado
PP-002801,O-002801,PR-00233,Banca Privada Quirós y asociados S.L.U.,2025-08-22,90 días,2025-11-20,,7982.85,Pendiente
PP-002802,O-002802,PR-00234,Gimeno y Amador S.A.,2025-07-26,90 días,2025-10-24,,2431.8,Pendiente
PP-002803,O-002803,PR-01404,Hermanos Gárate S.A.D,2025-07-02,90 días,2025-09-30,2025-07-14,1979.9,Pagado
PP-002804,O-002804,PR-00221,Hermanos Contreras S.Com.,2025-07-12,90 días,2025-10-10,,3178.76,Pendiente
PP-002805,O-002805,PR-00222,Grupo Correa S.Com.,2025-07-25,Contado,2025-07-25,2025-07-25,6728.05,Pagado
PP-002806,O-002806,PR-00225,Transportes del Mediterráneo S.L.N.E,2025-08-28,60 días,2025-10-27,,4750.56,Pendiente
PP-002807,O-002807,PR-01294,Hermanos Salmerón S.L.,2025-08-27,60 días,2025-10-26,2025-09-27,3333.99,Pagado
PP-002808,O-002808,PR-01136,Distribuciones EXZ S.Com.,2025-08-05,90 días,2025-11-03,2025-08-19,2412.99,Pagado
PP-002809,O-002809,PR-00859,Grupo Vilar S.L.N.E,2025-08-04,60 días,2025-10-03,,1361.28,Pendiente
PP-002810,O-002810,PR-00233,Banca Privada Quirós y asociados S.L.U.,2025-08-19,90 días,2025-11-17,,6849.14,Pendiente
PP-002811,O-002811,PR-00233,Banca Privada Quirós y asociados S.L.U.,2025-07-05,90 días,2025-10-03,,5120.61,Pendiente
PP-002812,O-002812,PR-00234,Gimeno y Amador S.A.,2025-07-19,90 días,2025-10-17,,7360.0,Pendiente
PP-002813,O-002813,PR-00221,Hermanos Contreras S.Com.,2025-07-09,90 días,2025-10-07,,1789.0,Pendiente
PP-002814,O-002814,PR-00194,Servicios GHVW S.L.N.E,2025-07-18,60 días,2025-09-16,2025-08-12,560.7,Pagado
PP-002815,O-002815,PR-00728,Catalina Bautista Maldonado S.A.D,2025-06-30,90 días,2025-09-28,2025-09-24,384.91,Pagado
PP-002816,O-002816,PR-00859,Grupo Vilar S.L.N.E,2025-07-27,60 días,2025-09-25,,3647.28,Pendiente
PP-002817,O-002817,PR-00232,Campos y Jerez S.A.,2025-08-24,90 días,2025-11-22,2025-10-14,4166.19,Pagado
PP-002818,O-002818,PR-00234,Gimeno y Amador S.A.,2025-07-31,90 días,2025-10-29,,3874.5,Pendiente
PP-002819,O-002819,PR-00636,Compañía Rios S.Coop.,2025-07-06,90 días,2025-10-04,,6678.12,Pendiente
PP-002820,O-002820,PR-00221,Hermanos Contreras S.Com.,2025-07-28,90 días,2025-10-26,,3760.4,Pendiente
PP-002821,O-002821,PR-01092,Comercializadora XVV S.L.,2025-08-22,30 días,2025-09-21,,936.51,Pendiente
PP-002822,O-002822,PR-00744,Elpidio Fortuny Toro S.Coop.,2025-07-21,60 días,2025-09-19,,8277.6,Pendiente
PP-002823,O-002823,PR-01473,Soluciones MT S.Coop.,2025-07-07,60 días,2025-09-05,,5931.0,Pendiente
PP-002824,O-002824,PR-00974,Hnos Casares S.L.N.E,2025-08-15,90 días,2025-11-13,2025-10-10,6890.88,Pagado
PP-002825,O-002825,PR-01136,Distribuciones EXZ S.Com.,2025-07-13,90 días,2025-10-11,2025-08-10,1439.88,Pagado
PP-002826,O-002826,PR-00233,Banca Privada Quirós y asociados S.L.U.,2025-07-17,90 días,2025-10-15,2025-08-07,5841.36,Pagado
PP-002827,O-002827,PR-00234,Gimeno y Amador S.A.,2025-08-02,90 días,2025-10-31,,2875.08,Pendiente
PP-002828,O-002828,PR-01404,Hermanos Gárate S.A.D,2025-08-17,90 días,2025-11-15,,5776.4,Pendiente
PP-002829,O-002829,PR-01404,Hermanos Gárate S.A.D,2025-07-14,90 días,2025-10-12,,9852.3,Pendiente
PP-002830,O-002830,PR-00222,Grupo Correa S.Com.,2025-07-06,Contado,2025-07-06,,614.33,Retrasado
PP-002831,O-002831,PR-00223,Hotel Abril S.Com.,2025-08-22,60 días,2025-10-21,,8738.68,Pendiente
PP-002832,O-002832,PR-00225,Transportes del Mediterráneo S.L.N.E,2025-07-22,60 días,2025-09-20,,5182.27,Pendiente
PP-002833,O-002833,PR-00687,Servicios VGKU S.A.,2025-08-28,90 días,2025-11-26,2025-10-24,3181.2,Pagado
PP-002834,O-002834,PR-01473,Soluciones MT S.Coop.,2025-08-23,60 días,2025-10-22,2025-10-01,1668.52,Pagado
PP-002835,O-002835,PR-01302,Inmobiliaria YTT S.L.,2025-08-13,60 días,2025-10-12,2025-09-17,149.0,Pagado
PP-002836,O-002836,PR-00196,Finanzas Ramírez S.Coop.,2025-08-28,90 días,2025-11-26,2025-09-02,2364.57,Pagado
PP-002837,O-002837,PR-00231,Minería Sanabria & Asociados S.A.,2025-07-26,90 días,2025-10-24,2025-09-04,2085.6,Pagado
PP-002838,O-002838,PR-00231,Minería Sanabria & Asociados S.A.,2025-08-19,90 días,2025-11-17,2025-09-01,11646.46,Pagado
PP-002839,O-002839,PR-01136,Distribuciones EXZ S.Com.,2025-08-08,90 días,2025-11-06,,7254.07,Pendiente
PP-002840,O-002840,PR-00234,Gimeno y Amador S.A.,2025-07-15,90 días,2025-10-13,2025-09-15,2994.4,Pagado
PP-002841,O-002841,PR-00222,Grupo Correa S.Com.,2025-07-14,Contado,2025-07-14,2025-07-14,4108.23,Pagado
PP-002842,O-002842,PR-00223,Hotel Abril S.Com.,2025-07-04,60 días,2025-09-02,2025-07-07,8261.33,Pagado
PP-002843,O-002843,PR-00223,Hotel Abril S.Com.,2025-07-21,60 días,2025-09-19,2025-08-10,284.4,Pagado
PP-002844,O-002844,PR-00225,Transportes del Mediterráneo S.L.N.E,2025-07-11,60 días,2025-09-09,2025-08-08,4758.38,Pagado
PP-002845,O-002845,PR-00195,Talleres GNUE S.Coop.,2025-08-27,30 días,2025-09-26,,411.6,Pendiente
PP-002846,O-002846,PR-01223,Hnos Manrique S.Coop.,2025-06-30,90 días,2025-09-28,,7289.24,Pendiente
PP-002847,O-002847,PR-00974,Hnos Casares S.L.N.E,2025-08-18,90 días,2025-11-16,,9971.28,Pendiente
PP-002848,O-002848,PR-00198,Anselma Escobar Calderón S.L.,2025-07-12,90 días,2025-10-10,,1148.8,Pendiente
PP-002849,O-002849,PR-00198,Anselma Escobar Calderón S.L.,2025-08-14,90 días,2025-11-12,2025-11-09,6898.71,Pagado
PP-002850,O-002850,PR-00231,Minería Sanabria & Asociados S.A.,2025-07-05,90 días,2025-10-03,,1780.48,Pendiente
PP-002851,O-002851,PR-00859,Grupo Vilar S.L.N.E,2025-08-19,60 días,2025-10-18,,197.11,Pendiente
PP-002852,O-002852,PR-00232,Campos y Jerez S.A.,2025-08-19,90 días,2025-11-17,2025-11-07,2964.8,Pagado
PP-002853,O-002853,PR-00859,Grupo Vilar S.L.N.E,2025-07-19,60 días,2025-09-17,2025-08-19,575.38,Pagado
PP-002854,O-002854,PR-00233,Banca Privada Quirós y asociados S.L.U.,2025-07-04,90 días,2025-10-02,,2025.9,Pendiente
PP-002855,O-002855,PR-00234,Gimeno y Amador S.A.,2025-07-23,90 días,2025-10-21,,3553.57,Pendiente
PP-002856,O-002856,PR-00234,Gimeno y Amador S.A.,2025-08-12,90 días,2025-11-10,,3561.75,Pendiente
PP-002857,O-002857,PR-00234,Gimeno y Amador S.A.,2025-07-12,90 días,2025-10-10,,1653.12,Pendiente
PP-002858,O-002858,PR-00636,Compañía Rios S.Coop.,2025-07-10,90 días,2025-10-08,2025-08-31,2268.6,Pagado
PP-002859,O-002859,PR-00636,Compañía Rios S.Coop.,2025-07-12,90 días,2025-10-10,,1849.77,Pendiente
PP-002860,O-002860,PR-00222,Grupo Correa S.Com.,2025-07-22,Contado,2025-07-22,2025-07-22,1792.92,Pagado
PP-002861,O-002861,PR-00222,Grupo Correa S.Com.,2025-07-05,Contado,2025-07-05,2025-07-05,310.25,Pagado
PP-002862,O-002862,PR-00223,Hotel Abril S.Com.,2025-07-08,60 días,2025-09-06,,4532.07,Pendiente
PP-002863,O-002863,PR-00687,Servicios VGKU S.A.,2025-08-27,90 días,2025-11-25,2025-10-16,3239.52,Pagado
PP-002864,O-002864,PR-00976,Compañía Arce y asociados S.L.,2025-08-04,90 días,2025-11-02,2025-08-09,2304.63,Pagado
PP-002865,O-002865,PR-00194,Servicios GHVW S.L.N.E,2025-08-04,60 días,2025-10-03,,1405.25,Pendiente
PP-002866,O-002866,PR-00194,Servicios GHVW S.L.N.E,2025-08-08,60 días,2025-10-07,2025-08-23,4494.36,Pagado
PP-002867,O-002867,PR-00197,Familia Herrero S.A.T.,2025-07-13,90 días,2025-10-11,,7681.6,Pendiente
PP-002868,O-002868,PR-01307,Transportes Avanzadas S.L.U.,2025-07-02,60 días,2025-08-31,2025-08-26,6756.12,Pagado
PP-002869,O-002869,PR-01136,Distribuciones EXZ S.Com.,2025-07-25,90 días,2025-10-23,2025-09-04,1084.16,Pagado
PP-002870,O-002870,PR-01136,Distribuciones EXZ S.Com.,2025-07-15,90 días,2025-10-13,,6893.04,Pendiente
PP-002871,O-002871,PR-00233,Banca Privada Quirós y asociados S.L.U.,2025-07-26,90 días,2025-10-24,2025-08-02,2564.96,Pagado
PP-002872,O-002872,PR-00223,Hotel Abril S.Com.,2025-07-30,60 días,2025-09-28,2025-07-31,114.39,Pagado
PP-002873,O-002873,PR-00194,Servicios GHVW S.L.N.E,2025-08-13,60 días,2025-10-12,2025-09-19,1238.6,Pagado
PP-002874,O-002874,PR-01473,Soluciones MT S.Coop.,2025-08-09,60 días,2025-10-08,,3199.24,Pendiente
PP-002875,O-002875,PR-01302,Inmobiliaria YTT S.L.,2025-07-01,60 días,2025-08-30,2025-08-08,1654.2,Pagado
PP-002876,O-002876,PR-00196,Finanzas Ramírez S.Coop.,2025-07-31,90 días,2025-10-29,,2538.2,Pendiente
PP-002877,O-002877,PR-00279,合同会社斎藤食品,2025-07-29,30 días,2025-08-28,,6204.9,Pendiente
PP-002878,O-002878,PR-00280,佐々木ガス有限会社,2025-08-26,90 días,2025-11-24,,4626.44,Pendiente
PP-002879,O-002879,PR-00280,佐々木ガス有限会社,2025-08-16,90 días,2025-11-14,2025-11-06,8864.65,Pagado
PP-002880,O-002880,PR-00829,株式会社近藤電気,2025-07-28,90 días,2025-10-26,2025-10-06,4557.52,Pagado
PP-002881,O-002881,PR-00652,藤原建設合同会社,2025-07-08,90 días,2025-10-06,2025-08-09,2510.75,Pagado
PP-002882,O-002882,PR-00270,株式会社山本運輸,2025-07-04,90 días,2025-10-02,2025-08-20,3034.56,Pagado
PP-002883,O-002883,PR-00771,山本情報株式会社,2025-08-12,30 días,2025-09-11,,3783.85,Pendiente
PP-002884,O-002884,PR-00272,有限会社佐藤情報,2025-07-13,90 días,2025-10-11,2025-08-18,275.52,Pagado
PP-002885,O-002885,PR-00870,鈴木通信合同会社,2025-07-24,60 días,2025-09-22,,2986.72,Pendiente
PP-002886,O-002886,PR-00241,株式会社青木保険,2025-08-17,60 días,2025-10-16,2025-08-30,5884.32,Pagado
PP-002887,O-002887,PR-00767,有限会社木村食品,2025-07-12,90 días,2025-10-10,2025-08-25,1706.48,Pagado
PP-002888,O-002888,PR-01021,小林水産有限会社,2025-07-22,60 días,2025-09-20,2025-08-26,13177.0,Pagado
PP-002889,O-002889,PR-00246,合同会社小川印刷,2025-07-12,60 días,2025-09-10,2025-07-18,3785.72,Pagado
PP-002890,O-002890,PR-01048,合同会社加藤保険,2025-08-18,60 días,2025-10-17,,5836.32,Pendiente
PP-002891,O-002891,PR-00872,合同会社松本銀行,2025-07-07,60 días,2025-09-05,,3956.22,Pendiente
PP-002892,O-002892,PR-00248,前田電気有限会社,2025-07-21,60 días,2025-09-19,,3912.8,Pendiente
PP-002893,O-002893,PR-00248,前田電気有限会社,2025-07-04,60 días,2025-09-02,,2053.62,Pendiente
PP-002894,O-002894,PR-00273,有限会社井上食品,2025-07-29,90 días,2025-10-27,,2821.19,Pendiente
PP-002895,O-002895,PR-00276,加藤情報株式会社,2025-07-22,90 días,2025-10-20,2025-09-17,6612.0,Pagado
PP-002896,O-002896,PR-01399,田中運輸株式会社,2025-07-26,60 días,2025-09-24,,12574.38,Pendiente
PP-002897,O-002897,PR-00238,株式会社高橋建設,2025-08-02,60 días,2025-10-01,,5028.3,Pendiente
PP-002898,O-002898,PR-00239,株式会社加藤運輸,2025-07-08,90 días,2025-10-06,,8948.38,Pendiente
PP-002899,O-002899,PR-00822,三浦銀行合同会社,2025-08-23,60 días,2025-10-22,,9848.41,Pendiente
PP-002900,O-002900,PR-00262,近藤保険合同会社,2025-07-27,90 días,2025-10-25,,4908.0,Pendiente
PP-002901,O-002901,PR-00263,鈴木銀行有限会社,2025-07-16,30 días,2025-08-15,2025-07-27,1204.5,Pagado
PP-002902,O-002902,PR-00263,鈴木銀行有限会社,2025-08-15,30 días,2025-09-14,2025-09-04,481.65,Pagado
PP-002903,O-002903,PR-00264,渡辺水産株式会社,2025-07-14,Contado,2025-07-14,2025-07-14,1899.37,Pagado
PP-002904,O-002904,PR-00829,株式会社近藤電気,2025-07-14,90 días,2025-10-12,2025-10-06,2432.85,Pagado
PP-002905,O-002905,PR-01183,有限会社林情報,2025-07-17,60 días,2025-09-15,2025-07-19,1771.56,Pagado
PP-002906,O-002906,PR-01183,有限会社林情報,2025-07-13,60 días,2025-09-11,,316.93,Pendiente
PP-002907,O-002907,PR-00242,鈴木鉱業株式会社,2025-07-12,90 días,2025-10-10,,4171.2,Pendiente
PP-002908,O-002908,PR-00243,合同会社田中情報,2025-08-01,90 días,2025-10-30,,2590.5,Pendiente
PP-002909,O-002909,PR-00244,福田運輸有限会社,2025-07-10,90 días,2025-10-08,2025-07-22,4780.23,Pagado
PP-002910,O-002910,PR-00244,福田運輸有限会社,2025-08-13,90 días,2025-11-11,2025-08-29,3133.9,Pagado
PP-002911,O-002911,PR-00247,高橋建設合同会社,2025-08-05,30 días,2025-09-04,2025-08-31,2619.54,Pagado
PP-002912,O-002912,PR-00248,前田電気有限会社,2025-07-28,60 días,2025-09-26,,468.39,Pendiente
PP-002913,O-002913,PR-00248,前田電気有限会社,2025-07-15,60 días,2025-09-13,2025-07-25,2531.28,Pagado
PP-002914,O-002914,PR-00259,佐藤銀行株式会社,2025-07-26,60 días,2025-09-24,2025-09-05,294.12,Pagado
PP-002915,O-002915,PR-00252,株式会社山田印刷,2025-07-06,60 días,2025-09-04,2025-08-10,4041.9,Pagado
PP-002916,O-002916,PR-00861,有限会社高橋銀行,2025-07-08,90 días,2025-10-06,2025-07-20,627.59,Pagado
PP-002917,O-002917,PR-00861,有限会社高橋銀行,2025-07-19,90 días,2025-10-17,,3411.36,Pendiente
PP-002918,O-002918,PR-00637,株式会社青木ガス,2025-07-10,60 días,2025-09-08,2025-08-08,6710.0,Pagado
PP-002919,O-002919,PR-00254,中村運輸株式会社,2025-08-14,60 días,2025-10-13,2025-09-11,4448.4,Pagado
PP-002920,O-002920,PR-00962,合同会社井上銀行,2025-07-11,Contado,2025-07-11,,12635.28,Pendiente
PP-002921,O-002921,PR-00962,合同会社井上銀行,2025-08-10,Contado,2025-08-10,,694.12,Pendiente
PP-002922,O-002922,PR-00237,田中ガス株式会社,2025-07-15,90 días,2025-10-13,2025-09-12,6182.4,Pagado
PP-002923,O-002923,PR-00239,株式会社加藤運輸,2025-08-15,90 días,2025-11-13,2025-09-02,5229.75,Pagado
PP-002924,O-002924,PR-00240,井上建設合同会社,2025-08-07,60 días,2025-10-06,2025-09-26,2496.96,Pagado
PP-002925,O-002925,PR-00240,井上建設合同会社,2025-07-12,60 días,2025-09-10,2025-07-30,12920.32,Pagado
PP-002926,O-002926,PR-00258,株式会社石川情報,2025-08-08,90 días,2025-11-06,2025-10-26,10346.99,Pagado
PP-002927,O-002927,PR-01177,有限会社小川銀行,2025-07-17,90 días,2025-10-15,2025-08-29,9560.7,Pagado
PP-002928,O-002928,PR-00263,鈴木銀行有限会社,2025-08-13,30 días,2025-09-12,,1269.8,Pendiente
PP-002929,O-002929,PR-00900,佐藤運輸有限会社,2025-08-28,30 días,2025-09-27,,3010.88,Pendiente
PP-002930,O-002930,PR-01409,阿部建設合同会社,2025-07-05,90 días,2025-10-03,2025-07-30,1283.31,Pagado
PP-002931,O-002931,PR-00624,有限会社太田鉱業,2025-08-03,Contado,2025-08-03,2025-08-03,7352.4,Pagado
PP-002932,O-002932,PR-00280,佐々木ガス有限会社,2025-07-29,90 días,2025-10-27,,2791.1,Pendiente
PP-002933,O-002933,PR-00282,伊藤水産株式会社,2025-07-18,90 días,2025-10-16,,2610.92,Pendiente
PP-002934,O-002934,PR-00272,有限会社佐藤情報,2025-07-19,90 días,2025-10-17,2025-10-07,3197.88,Pagado
PP-002935,O-002935,PR-00870,鈴木通信合同会社,2025-06-30,60 días,2025-08-29,2025-08-07,3015.53,Pagado
PP-002936,O-002936,PR-00241,株式会社青木保険,2025-07-28,60 días,2025-09-26,,3550.0,Pendiente
PP-002937,O-002937,PR-00244,福田運輸有限会社,2025-08-18,90 días,2025-11-16,2025-08-29,5235.9,Pagado
PP-002938,O-002938,PR-00736,合同会社小林印刷,2025-07-24,60 días,2025-09-22,,4401.15,Pendiente
PP-002939,O-002939,PR-01413,株式会社吉田水産,2025-07-07,90 días,2025-10-05,,3568.4,Pendiente
PP-002940,O-002940,PR-00248,前田電気有限会社,2025-07-21,60 días,2025-09-19,2025-08-26,8636.0,Pagado
PP-002941,O-002941,PR-00249,合同会社吉田食品,2025-07-29,90 días,2025-10-27,,1876.6,Pendiente
PP-002942,O-002942,PR-00273,有限会社井上食品,2025-07-24,90 días,2025-10-22,2025-08-04,438.37,Pagado
PP-002943,O-002943,PR-00275,佐藤通信株式会社,2025-08-07,60 días,2025-10-06,2025-08-17,1830.65,Pagado
PP-002944,O-002944,PR-01123,山田通信有限会社,2025-08-01,30 días,2025-08-31,,3314.19,Pendiente
PP-002945,O-002945,PR-01399,田中運輸株式会社,2025-08-08,60 días,2025-10-07,2025-08-25,4607.0,Pagado
PP-002946,O-002946,PR-00650,渡辺通信合同会社,2025-07-19,30 días,2025-08-18,2025-08-09,1959.36,Pagado
PP-002947,O-002947,PR-00277,渡辺情報株式会社,2025-08-16,90 días,2025-11-14,2025-09-25,2742.65,Pagado
PP-002948,O-002948,PR-00650,渡辺通信合同会社,2025-07-24,30 días,2025-08-23,2025-08-18,6716.71,Pagado
PP-002949,O-002949,PR-00251,株式会社佐藤情報,2025-07-03,30 días,2025-08-02,2025-07-31,6738.48,Pagado
PP-002950,O-002950,PR-00764,合同会社近藤ガス,2025-07-11,Contado,2025-07-11,2025-07-11,8613.04,Pagado
PP-002951,O-002951,PR-01160,合同会社小川ガス,2025-08-24,90 días,2025-11-22,,348.21,Pendiente
PP-002952,O-002952,PR-00637,株式会社青木ガス,2025-08-16,60 días,2025-10-15,2025-09-22,2738.0,Pagado
PP-002953,O-002953,PR-00637,株式会社青木ガス,2025-07-24,60 días,2025-09-22,,12043.28,Pendiente
PP-002954,O-002954,PR-00279,合同会社斎藤食品,2025-07-18,30 días,2025-08-17,2025-07-31,3825.25,Pagado
PP-002955,O-002955,PR-00280,佐々木ガス有限会社,2025-07-03,90 días,2025-10-01,2025-07-11,2827.72,Pagado
PP-002956,O-002956,PR-00947,中島建設株式会社,2025-08-02,30 días,2025-09-01,,553.0,Pendiente
PP-002957,O-002957,PR-00282,伊藤水産株式会社,2025-08-04,90 días,2025-11-02,2025-09-28,9933.33,Pagado
PP-002958,O-002958,PR-00960,有限会社田中銀行,2025-07-08,90 días,2025-10-06,2025-08-03,9904.0,Pagado
PP-002959,O-002959,PR-01055,佐藤保険株式会社,2025-08-21,90 días,2025-11-19,2025-08-31,547.81,Pagado
PP-002960,O-002960,PR-00271,小川鉱業合同会社,2025-08-21,90 días,2025-11-19,2025-09-09,8762.68,Pagado
PP-002961,O-002961,PR-00870,鈴木通信合同会社,2025-08-23,60 días,2025-10-22,,1840.69,Pendiente
PP-002962,O-002962,PR-00244,福田運輸有限会社,2025-08-11,90 días,2025-11-09,,3889.47,Pendiente
PP-002963,O-002963,PR-01398,有限会社近藤ガス,2025-08-15,90 días,2025-11-13,2025-10-31,3199.84,Pagado
PP-002964,O-002964,PR-00248,前田電気有限会社,2025-07-19,60 días,2025-09-17,,5749.74,Pendiente
PP-002965,O-002965,PR-00248,前田電気有限会社,2025-08-13,60 días,2025-10-12,2025-09-09,2457.52,Pagado
PP-002966,O-002966,PR-00273,有限会社井上食品,2025-07-08,90 días,2025-10-06,2025-08-07,2133.16,Pagado
PP-002967,O-002967,PR-00274,三浦鉱業有限会社,2025-07-20,60 días,2025-09-18,2025-08-24,8951.94,Pagado
PP-002968,O-002968,PR-01123,山田通信有限会社,2025-07-30,30 días,2025-08-29,,4458.8,Pendiente
PP-002969,O-002969,PR-01123,山田通信有限会社,2025-07-30,30 días,2025-08-29,,6596.34,Pendiente
PP-002970,O-002970,PR-00277,渡辺情報株式会社,2025-08-18,90 días,2025-11-16,,4687.36,Pendiente
PP-002971,O-002971,PR-00251,株式会社佐藤情報,2025-07-28,30 días,2025-08-27,2025-08-25,2771.12,Pagado
PP-002972,O-002972,PR-00861,有限会社高橋銀行,2025-08-16,90 días,2025-11-14,,4215.9,Pendiente
PP-002973,O-002973,PR-00254,中村運輸株式会社,2025-08-09,60 días,2025-10-08,2025-09-06,1038.5,Pagado
PP-002974,O-002974,PR-00279,合同会社斎藤食品,2025-07-03,30 días,2025-08-02,2025-07-30,6898.1,Pagado
PP-002975,O-002975,PR-00280,佐々木ガス有限会社,2025-08-08,90 días,2025-11-06,2025-09-08,10355.76,Pagado
PP-002976,O-002976,PR-00947,中島建設株式会社,2025-07-04,30 días,2025-08-03,2025-07-18,1937.2,Pagado
PP-002977,O-002977,PR-00281,村上印刷株式会社,2025-07-29,30 días,2025-08-28,2025-08-08,144.3,Pagado
PP-002978,O-002978,PR-00268,山下保険株式会社,2025-07-16,90 días,2025-10-14,,2492.26,Pendiente
PP-002979,O-002979,PR-00268,山下保険株式会社,2025-07-14,90 días,2025-10-12,,5012.62,Pendiente
PP-002980,O-002980,PR-00960,有限会社田中銀行,2025-07-18,90 días,2025-10-16,,1079.52,Pendiente
PP-002981,O-002981,PR-00269,株式会社吉田印刷,2025-07-26,30 días,2025-08-25,2025-08-09,4696.42,Pagado
PP-002982,O-002982,PR-01055,佐藤保険株式会社,2025-08-16,90 días,2025-11-14,2025-10-14,8296.68,Pagado
PP-002983,O-002983,PR-00771,山本情報株式会社,2025-08-11,30 días,2025-09-10,,3766.1,Pendiente
PP-002984,O-002984,PR-00870,鈴木通信合同会社,2025-07-31,60 días,2025-09-29,2025-08-30,13433.95,Pagado
PP-002985,O-002985,PR-01361,近藤食品有限会社,2025-07-01,30 días,2025-07-31,,7580.16,Pendiente
PP-002986,O-002986,PR-00242,鈴木鉱業株式会社,2025-07-02,90 días,2025-09-30,2025-09-16,1762.53,Pagado
PP-002987,O-002987,PR-00244,福田運輸有限会社,2025-08-01,90 días,2025-10-30,2025-08-22,9635.85,Pagado
PP-002988,O-002988,PR-00244,福田運輸有限会社,2025-08-07,90 días,2025-11-05,2025-08-07,9099.22,Pagado
PP-002989,O-002989,PR-00247,高橋建設合同会社,2025-07-12,30 días,2025-08-11,2025-08-06,2042.88,Pagado
PP-002990,O-002990,PR-00248,前田電気有限会社,2025-07-20,60 días,2025-09-18,2025-08-13,3783.14,Pagado
PP-002991,O-002991,PR-00248,前田電気有限会社,2025-08-14,60 días,2025-10-13,2025-08-17,9222.0,Pagado
PP-002992,O-002992,PR-01335,佐々木印刷有限会社,2025-08-03,90 días,2025-11-01,2025-10-04,5322.24,Pagado
PP-002993,O-002993,PR-00274,三浦鉱業有限会社,2025-07-07,60 días,2025-09-05,2025-08-28,3891.16,Pagado
PP-002994,O-002994,PR-00275,佐藤通信株式会社,2025-08-13,60 días,2025-10-12,2025-09-27,300.85,Pagado
PP-002995,O-002995,PR-00277,渡辺情報株式会社,2025-08-22,90 días,2025-11-20,2025-08-27,3450.3,Pagado
PP-002996,O-002996,PR-00254,中村運輸株式会社,2025-08-08,60 días,2025-10-07,2025-09-13,7733.0,Pagado
PP-002997,O-002997,PR-00254,中村運輸株式会社,2025-07-17,60 días,2025-09-15,,6342.5,Pendiente
PP-002998,O-002998,PR-00885,渡辺通信合同会社,2025-08-19,60 días,2025-10-18,,3739.96,Pendiente
PP-002999,O-002999,PR-00279,合同会社斎藤食品,2025-07-23,30 días,2025-08-22,2025-07-25,12008.0,Pagado
PP-003000,O-003000,PR-00947,中島建設株式会社,2025-08-11,30 días,2025-09-10,,11353.68,Pendiente
PP-003001,O-003001,PR-00960,有限会社田中銀行,2025-08-01,90 días,2025-10-30,,10317.57,Pendiente
PP-003002,O-003002,PR-00960,有限会社田中銀行,2025-08-19,90 días,2025-11-17,2025-08-19,12297.14,Pagado
PP-003003,O-003003,PR-00271,小川鉱業合同会社,2025-08-23,90 días,2025-11-21,2025-09-28,11953.0,Pagado
PP-003004,O-003004,PR-00870,鈴木通信合同会社,2025-07-04,60 días,2025-09-02,,8917.2,Pendiente
PP-003005,O-003005,PR-01328,株式会社鈴木情報,2025-07-20,90 días,2025-10-18,2025-09-03,9040.22,Pagado
PP-003006,O-003006,PR-00244,福田運輸有限会社,2025-07-27,90 días,2025-10-25,,707.96,Pendiente
PP-003007,O-003007,PR-01021,小林水産有限会社,2025-08-03,60 días,2025-10-02,2025-08-04,3485.16,Pagado
PP-003008,O-003008,PR-00246,合同会社小川印刷,2025-08-24,60 días,2025-10-23,2025-09-28,1910.88,Pagado
PP-003009,O-003009,PR-00249,合同会社吉田食品,2025-07-11,90 días,2025-10-09,2025-07-16,2237.4,Pagado
PP-003010,O-003010,PR-00273,有限会社井上食品,2025-08-09,90 días,2025-11-07,,4800.51,Pendiente
PP-003011,O-003011,PR-00273,有限会社井上食品,2025-07-07,90 días,2025-10-05,,980.7,Pendiente
PP-003012,O-003012,PR-00273,有限会社井上食品,2025-07-10,90 días,2025-10-08,,6254.43,Pendiente
PP-003013,O-003013,PR-00274,三浦鉱業有限会社,2025-07-12,60 días,2025-09-10,,2917.75,Pendiente
PP-003014,O-003014,PR-01123,山田通信有限会社,2025-08-07,30 días,2025-09-06,,5240.34,Pendiente
PP-003015,O-003015,PR-00251,株式会社佐藤情報,2025-07-15,30 días,2025-08-14,,2959.74,Retrasado
PP-003016,O-003016,PR-00252,株式会社山田印刷,2025-07-06,60 días,2025-09-04,2025-07-12,4349.61,Pagado
PP-003017,O-003017,PR-00279,合同会社斎藤食品,2025-07-29,30 días,2025-08-28,,6543.9,Retrasado
PP-003018,O-003018,PR-00280,佐々木ガス有限会社,2025-07-11,90 días,2025-10-09,,7360.47,Pendiente
PP-003019,O-003019,PR-00947,中島建設株式会社,2025-08-17,30 días,2025-09-16,,2412.9,Pendiente
PP-003020,O-003020,PR-00652,藤原建設合同会社,2025-07-24,90 días,2025-10-22,,3741.86,Pendiente
PP-003021,O-003021,PR-00753,株式会社岡田鉱業,2025-07-09,90 días,2025-10-07,,1786.0,Pendiente
PP-003022,O-003022,PR-00753,株式会社岡田鉱業,2025-07-24,90 días,2025-10-22,,3874.56,Pendiente
PP-003023,O-003023,PR-00771,山本情報株式会社,2025-07-16,30 días,2025-08-15,,2698.92,Retrasado
PP-003024,O-003024,PR-00271,小川鉱業合同会社,2025-07-18,90 días,2025-10-16,,2287.44,Pendiente
PP-003025,O-003025,PR-00771,山本情報株式会社,2025-08-26,30 días,2025-09-25,2025-09-10,9662.64,Pagado
PP-003026,O-003026,PR-00870,鈴木通信合同会社,2025-07-01,60 días,2025-08-30,,11075.74,Pendiente
PP-003027,O-003027,PR-00242,鈴木鉱業株式会社,2025-07-28,90 días,2025-10-26,,9126.72,Pendiente
PP-003028,O-003028,PR-00938,株式会社高橋水産,2025-08-02,60 días,2025-10-01,2025-08-02,2139.48,Pagado
PP-003029,O-003029,PR-00246,合同会社小川印刷,2025-08-01,60 días,2025-09-30,,4939.56,Pendiente
PP-003030,O-003030,PR-00248,前田電気有限会社,2025-07-20,60 días,2025-09-18,,7899.12,Pendiente
PP-003031,O-003031,PR-00248,前田電気有限会社,2025-07-04,60 días,2025-09-02,2025-07-09,4937.6,Pagado
PP-003032,O-003032,PR-00249,合同会社吉田食品,2025-07-15,90 días,2025-10-13,,10130.96,Pendiente
PP-003033,O-003033,PR-00250,合同会社吉田食品,2025-07-30,30 días,2025-08-29,,3688.8,Pendiente
PP-003034,O-003034,PR-00274,三浦鉱業有限会社,2025-07-21,60 días,2025-09-19,,4544.91,Pendiente
PP-003035,O-003035,PR-00275,佐藤通信株式会社,2025-08-12,60 días,2025-10-11,,3589.86,Pendiente
PP-003036,O-003036,PR-00275,佐藤通信株式会社,2025-07-09,60 días,2025-09-07,2025-07-25,3303.49,Pagado
PP-003037,O-003037,PR-00277,渡辺情報株式会社,2025-08-13,90 días,2025-11-11,2025-11-06,2833.56,Pagado
PP-003038,O-003038,PR-00259,佐藤銀行株式会社,2025-08-15,60 días,2025-10-14,2025-09-16,4000.57,Pagado
PP-003039,O-003039,PR-00252,株式会社山田印刷,2025-08-16,60 días,2025-10-15,,11163.27,Pendiente
PP-003040,O-003040,PR-00278,合同会社小林印刷,2025-08-04,90 días,2025-11-02,2025-10-25,3828.0,Pagado
PP-003041,O-003041,PR-00281,村上印刷株式会社,2025-07-23,30 días,2025-08-22,2025-07-28,11918.13,Pagado
PP-003042,O-003042,PR-00652,藤原建設合同会社,2025-08-25,90 días,2025-11-23,,4777.6,Pendiente
PP-003043,O-003043,PR-00753,株式会社岡田鉱業,2025-07-23,90 días,2025-10-21,,6095.66,Pendiente
PP-003044,O-003044,PR-00272,有限会社佐藤情報,2025-08-19,90 días,2025-11-17,2025-10-06,3543.15,Pagado
PP-003045,O-003045,PR-00870,鈴木通信合同会社,2025-08-01,60 días,2025-09-30,,5537.07,Pendiente
PP-003046,O-003046,PR-00870,鈴木通信合同会社,2025-08-11,60 días,2025-10-10,2025-09-20,6563.95,Pagado
PP-003047,O-003047,PR-00242,鈴木鉱業株式会社,2025-07-18,90 días,2025-10-16,,3135.0,Pendiente
PP-003048,O-003048,PR-01328,株式会社鈴木情報,2025-08-07,90 días,2025-11-05,,6643.35,Pendiente
PP-003049,O-003049,PR-01398,有限会社近藤ガス,2025-07-21,90 días,2025-10-19,,8970.3,Pendiente
PP-003050,O-003050,PR-00246,合同会社小川印刷,2025-07-15,60 días,2025-09-13,2025-09-03,6581.12,Pagado
PP-003051,O-003051,PR-00872,合同会社松本銀行,2025-07-17,60 días,2025-09-15,,10260.95,Pendiente
PP-003052,O-003052,PR-01335,佐々木印刷有限会社,2025-07-25,90 días,2025-10-23,2025-09-10,1804.5,Pagado
PP-003053,O-003053,PR-00273,有限会社井上食品,2025-07-20,90 días,2025-10-18,,13149.84,Pendiente
PP-003054,O-003054,PR-00273,有限会社井上食品,2025-07-26,90 días,2025-10-24,,432.92,Pendiente
PP-003055,O-003055,PR-01123,山田通信有限会社,2025-08-05,30 días,2025-09-04,,9335.9,Pendiente
PP-003056,O-003056,PR-00276,加藤情報株式会社,2025-08-19,90 días,2025-11-17,,440.0,Pendiente
PP-003057,O-003057,PR-01399,田中運輸株式会社,2025-08-21,60 días,2025-10-20,2025-10-11,3227.64,Pagado
PP-003058,O-003058,PR-00254,中村運輸株式会社,2025-07-27,60 días,2025-09-25,2025-08-15,7737.42,Pagado
PP-003059,O-003059,PR-00279,合同会社斎藤食品,2025-07-29,30 días,2025-08-28,2025-08-12,1336.25,Pagado
PP-003060,O-003060,PR-00279,合同会社斎藤食品,2025-08-28,30 días,2025-09-27,2025-09-03,5516.32,Pagado
PP-003061,O-003061,PR-00279,合同会社斎藤食品,2025-08-05,30 días,2025-09-04,2025-08-14,2577.6,Pagado
PP-003062,O-003062,PR-00279,合同会社斎藤食品,2025-08-04,30 días,2025-09-03,,5965.82,Pendiente
PP-003063,O-003063,PR-00947,中島建設株式会社,2025-08-25,30 días,2025-09-24,,12928.86,Pendiente
PP-003064,O-003064,PR-00282,伊藤水産株式会社,2025-08-10,90 días,2025-11-08,2025-09-06,4713.8,Pagado
PP-003065,O-003065,PR-00652,藤原建設合同会社,2025-08-09,90 días,2025-11-07,,180.48,Pendiente
PP-003066,O-003066,PR-00271,小川鉱業合同会社,2025-07-17,90 días,2025-10-15,2025-09-02,6733.53,Pagado
PP-003067,O-003067,PR-01021,小林水産有限会社,2025-07-30,60 días,2025-09-28,2025-09-18,10050.76,Pagado
PP-003068,O-003068,PR-00736,合同会社小林印刷,2025-07-21,60 días,2025-09-19,,10818.84,Pendiente
PP-003069,O-003069,PR-01048,合同会社加藤保険,2025-08-27,60 días,2025-10-26,,4273.17,Pendiente
PP-003070,O-003070,PR-00249,合同会社吉田食品,2025-08-27,90 días,2025-11-25,2025-10-20,665.6,Pagado
PP-003071,O-003071,PR-00274,三浦鉱業有限会社,2025-07-07,60 días,2025-09-05,2025-08-23,2320.5,Pagado
PP-003072,O-003072,PR-00275,佐藤通信株式会社,2025-07-28,60 días,2025-09-26,2025-07-28,6753.75,Pagado
PP-003073,O-003073,PR-00275,佐藤通信株式会社,2025-08-05,60 días,2025-10-04,2025-09-17,964.0,Pagado
PP-003074,O-003074,PR-01399,田中運輸株式会社,2025-07-24,60 días,2025-09-22,2025-09-04,1862.2,Pagado
PP-003075,O-003075,PR-00259,佐藤銀行株式会社,2025-07-21,60 días,2025-09-19,2025-07-24,8831.55,Pagado
PP-003076,O-003076,PR-00251,株式会社佐藤情報,2025-07-06,30 días,2025-08-05,2025-07-23,1282.48,Pagado
PP-003077,O-003077,PR-00643,合同会社吉田鉱業,2025-08-24,60 días,2025-10-23,2025-09-14,3997.28,Pagado
PP-003078,O-003078,PR-00931,合同会社後藤建設,2025-07-23,60 días,2025-09-21,,13421.6,Pendiente
PP-003079,O-003079,PR-00279,合同会社斎藤食品,2025-08-10,30 días,2025-09-09,,1038.15,Pendiente
PP-003080,O-003080,PR-00280,佐々木ガス有限会社,2025-07-16,90 días,2025-10-14,,6488.35,Pendiente
PP-003081,O-003081,PR-00850,加藤運輸有限会社,2025-08-14,90 días,2025-11-12,2025-10-27,8499.14,Pagado
PP-003082,O-003082,PR-00282,伊藤水産株式会社,2025-08-11,90 días,2025-11-09,,3092.4,Pendiente
PP-003083,O-003083,PR-00960,有限会社田中銀行,2025-08-18,90 días,2025-11-16,2025-10-13,2453.2,Pagado
PP-003084,O-003084,PR-00268,山下保険株式会社,2025-07-12,90 días,2025-10-10,2025-08-09,7077.84,Pagado
PP-003085,O-003085,PR-00269,株式会社吉田印刷,2025-07-28,30 días,2025-08-27,2025-08-12,7258.16,Pagado
PP-003086,O-003086,PR-00870,鈴木通信合同会社,2025-07-28,60 días,2025-09-26,,4816.35,Pendiente
PP-003087,O-003087,PR-00241,株式会社青木保険,2025-08-12,60 días,2025-10-11,,1848.97,Pendiente
PP-003088,O-003088,PR-00244,福田運輸有限会社,2025-07-11,90 días,2025-10-09,2025-09-21,6300.8,Pagado
PP-003089,O-003089,PR-00736,合同会社小林印刷,2025-08-12,60 días,2025-10-11,,6534.45,Pendiente
PP-003090,O-003090,PR-00273,有限会社井上食品,2025-08-03,90 días,2025-11-01,,6385.22,Pendiente
PP-003091,O-003091,PR-00274,三浦鉱業有限会社,2025-08-18,60 días,2025-10-17,2025-09-13,4185.9,Pagado
PP-003092,O-003092,PR-01123,山田通信有限会社,2025-08-12,30 días,2025-09-11,2025-09-01,8772.66,Pagado
PP-003093,O-003093,PR-00276,加藤情報株式会社,2025-08-16,90 días,2025-11-14,2025-10-03,3528.8,Pagado
PP-003094,O-003094,PR-00650,渡辺通信合同会社,2025-08-09,30 días,2025-09-08,2025-08-21,1312.6,Pagado
PP-003095,O-003095,PR-00280,佐々木ガス有限会社,2025-08-09,90 días,2025-11-07,,1695.1,Pendiente
PP-003096,O-003096,PR-00281,村上印刷株式会社,2025-07-26,30 días,2025-08-25,,2676.58,Retrasado
PP-003097,O-003097,PR-00960,有限会社田中銀行,2025-08-24,90 días,2025-11-22,,5059.0,Pendiente
PP-003098,O-003098,PR-00960,有限会社田中銀行,2025-07-04,90 días,2025-10-02,,5509.56,Pendiente
PP-003099,O-003099,PR-00271,小川鉱業合同会社,2025-07-12,90 días,2025-10-10,,5632.44,Pendiente
PP-003100,O-003100,PR-00272,有限会社佐藤情報,2025-07-09,90 días,2025-10-07,2025-09-05,2677.2,Pagado
PP-003101,O-003101,PR-00241,株式会社青木保険,2025-07-06,60 días,2025-09-04,2025-07-25,2281.91,Pagado
PP-003102,O-003102,PR-01361,近藤食品有限会社,2025-07-27,30 días,2025-08-26,2025-08-23,2956.2,Pagado
PP-003103,O-003103,PR-00767,有限会社木村食品,2025-07-06,90 días,2025-10-04,,6854.91,Pendiente
PP-003104,O-003104,PR-00245,株式会社田中印刷,2025-08-14,60 días,2025-10-13,,10805.34,Pendiente
PP-003105,O-003105,PR-00872,合同会社松本銀行,2025-07-08,60 días,2025-09-06,2025-08-23,2803.3,Pagado
PP-003106,O-003106,PR-01159,鈴木農林株式会社,2025-07-25,90 días,2025-10-23,,1715.0,Pendiente
PP-003107,O-003107,PR-00250,合同会社吉田食品,2025-07-12,30 días,2025-08-11,2025-07-18,7260.51,Pagado
PP-003108,O-003108,PR-00278,合同会社小林印刷,2025-08-28,90 días,2025-11-26,,12690.86,Pendiente
PP-003109,O-003109,PR-00282,伊藤水産株式会社,2025-08-12,90 días,2025-11-10,2025-10-20,1819.75,Pagado
PP-003110,O-003110,PR-00960,有限会社田中銀行,2025-08-11,90 días,2025-11-09,,4439.68,Pendiente
PP-003111,O-003111,PR-00269,株式会社吉田印刷,2025-08-03,30 días,2025-09-02,2025-08-06,3261.44,Pagado
PP-003112,O-003112,PR-00771,山本情報株式会社,2025-07-04,30 días,2025-08-03,2025-07-17,11483.16,Pagado
PP-003113,O-003113,PR-00272,有限会社佐藤情報,2025-08-26,90 días,2025-11-24,,8475.95,Pendiente
PP-003114,O-003114,PR-00870,鈴木通信合同会社,2025-07-03,60 días,2025-09-01,2025-07-31,7671.63,Pagado
PP-003115,O-003115,PR-01398,有限会社近藤ガス,2025-08-20,90 días,2025-11-18,2025-10-29,1825.74,Pagado
PP-003116,O-003116,PR-00248,前田電気有限会社,2025-08-12,60 días,2025-10-11,2025-10-09,10840.72,Pagado
PP-003117,O-003117,PR-00249,合同会社吉田食品,2025-08-26,90 días,2025-11-24,2025-11-23,1386.18,Pagado
PP-003118,O-003118,PR-01335,佐々木印刷有限会社,2025-07-11,90 días,2025-10-09,,10100.55,Pendiente
PP-003119,O-003119,PR-00279,合同会社斎藤食品,2025-07-31,30 días,2025-08-30,2025-08-25,3181.19,Pagado
PP-003120,O-003120,PR-00850,加藤運輸有限会社,2025-08-13,90 días,2025-11-11,2025-11-06,8895.15,Pagado
PP-003121,O-003121,PR-00282,伊藤水産株式会社,2025-08-17,90 días,2025-11-15,2025-10-11,2524.84,Pagado
PP-003122,O-003122,PR-00269,株式会社吉田印刷,2025-07-06,30 días,2025-08-05,2025-07-23,1686.64,Pagado
PP-003123,O-003123,PR-00242,鈴木鉱業株式会社,2025-08-06,90 días,2025-11-04,,1990.34,Pendiente
PP-003124,O-003124,PR-00242,鈴木鉱業株式会社,2025-07-06,90 días,2025-10-04,2025-08-29,1836.55,Pagado
PP-003125,O-003125,PR-01328,株式会社鈴木情報,2025-08-10,90 días,2025-11-08,,2836.45,Pendiente
PP-003126,O-003126,PR-00649,伊藤通信合同会社,2025-08-03,90 días,2025-11-01,2025-10-21,1645.92,Pagado
PP-003127,O-003127,PR-01398,有限会社近藤ガス,2025-08-22,90 días,2025-11-20,,4203.84,Pendiente
PP-003128,O-003128,PR-00248,前田電気有限会社,2025-07-21,60 días,2025-09-19,,8268.42,Pendiente
PP-003129,O-003129,PR-00279,合同会社斎藤食品,2025-07-10,30 días,2025-08-09,2025-08-08,5553.2,Pagado
PP-003130,O-003130,PR-00282,伊藤水産株式会社,2025-08-06,90 días,2025-11-04,,1506.29,Pendiente
PP-003131,O-003131,PR-00960,有限会社田中銀行,2025-08-04,90 días,2025-11-02,2025-09-22,910.08,Pagado
PP-003132,O-003132,PR-00270,株式会社山本運輸,2025-08-17,90 días,2025-11-15,2025-10-04,6141.8,Pagado
PP-003133,O-003133,PR-00242,鈴木鉱業株式会社,2025-08-02,90 días,2025-10-31,2025-10-19,1145.21,Pagado
PP-003134,O-003134,PR-00767,有限会社木村食品,2025-08-03,90 días,2025-11-01,,1830.78,Pendiente
PP-003135,O-003135,PR-00938,株式会社高橋水産,2025-07-11,60 días,2025-09-09,2025-08-25,12138.75,Pagado
PP-003136,O-003136,PR-00736,合同会社小林印刷,2025-07-11,60 días,2025-09-09,2025-08-28,4377.78,Pagado
PP-003137,O-003137,PR-00247,高橋建設合同会社,2025-07-03,30 días,2025-08-02,2025-07-04,3791.92,Pagado
PP-003138,O-003138,PR-00248,前田電気有限会社,2025-08-27,60 días,2025-10-26,,9229.86,Pendiente
PP-003139,O-003139,PR-00249,合同会社吉田食品,2025-07-18,90 días,2025-10-16,,7236.32,Pendiente
PP-003140,O-003140,PR-00250,合同会社吉田食品,2025-08-25,30 días,2025-09-24,2025-09-20,996.16,Pagado
PP-003141,O-003141,PR-00279,合同会社斎藤食品,2025-08-09,30 días,2025-09-08,2025-08-24,2469.35,Pagado
PP-003142,O-003142,PR-00829,株式会社近藤電気,2025-07-10,90 días,2025-10-08,,1989.51,Pendiente
PP-003143,O-003143,PR-00652,藤原建設合同会社,2025-08-27,90 días,2025-11-25,2025-10-04,3169.53,Pagado
PP-003144,O-003144,PR-00242,鈴木鉱業株式会社,2025-07-12,90 días,2025-10-10,,1338.39,Pendiente
PP-003145,O-003145,PR-01413,株式会社吉田水産,2025-07-02,90 días,2025-09-30,2025-09-07,548.31,Pagado
PP-003146,O-003146,PR-00872,合同会社松本銀行,2025-07-27,60 días,2025-09-25,2025-08-16,4178.9,Pagado
PP-003147,O-003147,PR-00247,高橋建設合同会社,2025-07-26,30 días,2025-08-25,2025-08-24,139.84,Pagado
PP-003148,O-003148,PR-00885,渡辺通信合同会社,2025-07-18,60 días,2025-09-16,,925.29,Pendiente
PP-003149,O-003149,PR-00279,合同会社斎藤食品,2025-06-30,30 días,2025-07-30,2025-07-23,3090.15,Pagado
PP-003150,O-003150,PR-00280,佐々木ガス有限会社,2025-07-29,90 días,2025-10-27,,3804.8,Pendiente
PP-003151,O-003151,PR-00268,山下保険株式会社,2025-08-17,90 días,2025-11-15,,8914.04,Pendiente
PP-003152,O-003152,PR-00269,株式会社吉田印刷,2025-08-19,30 días,2025-09-18,,2564.63,Pendiente
PP-003153,O-003153,PR-01282,橋本情報有限会社,2025-07-06,90 días,2025-10-04,,6637.44,Pendiente
PP-003154,O-003154,PR-01055,佐藤保険株式会社,2025-07-22,90 días,2025-10-20,,2716.56,Pendiente
PP-003155,O-003155,PR-00753,株式会社岡田鉱業,2025-07-07,90 días,2025-10-05,2025-08-06,8324.48,Pagado
PP-003156,O-003156,PR-00271,小川鉱業合同会社,2025-08-15,90 días,2025-11-13,,9200.07,Pendiente
PP-003157,O-003157,PR-00870,鈴木通信合同会社,2025-07-13,60 días,2025-09-11,2025-07-16,1485.66,Pagado
PP-003158,O-003158,PR-00241,株式会社青木保険,2025-07-24,60 días,2025-09-22,2025-08-10,3460.24,Pagado
PP-003159,O-003159,PR-00242,鈴木鉱業株式会社,2025-08-01,90 días,2025-10-30,,2643.6,Pendiente
PP-003160,O-003160,PR-00244,福田運輸有限会社,2025-07-25,90 días,2025-10-23,,7815.6,Pendiente
PP-003161,O-003161,PR-00244,福田運輸有限会社,2025-08-21,90 días,2025-11-19,2025-09-10,5235.33,Pagado
PP-003162,O-003162,PR-00248,前田電気有限会社,2025-08-22,60 días,2025-10-21,,8123.6,Pendiente
PP-003163,O-003163,PR-00248,前田電気有限会社,2025-07-26,60 días,2025-09-24,,3584.7,Pendiente
PP-003164,O-003164,PR-00249,合同会社吉田食品,2025-07-29,90 días,2025-10-27,,3723.72,Pendiente
PP-003165,O-003165,PR-00280,佐々木ガス有限会社,2025-08-05,90 días,2025-11-03,,11443.68,Pendiente
PP-003166,O-003166,PR-00268,山下保険株式会社,2025-07-16,90 días,2025-10-14,,1107.2,Pendiente
PP-003167,O-003167,PR-00241,株式会社青木保険,2025-08-01,60 días,2025-09-30,,6537.08,Pendiente
PP-003168,O-003168,PR-01361,近藤食品有限会社,2025-08-27,30 días,2025-09-26,,2482.0,Pendiente
PP-003169,O-003169,PR-00244,福田運輸有限会社,2025-07-06,90 días,2025-10-04,,7775.4,Pendiente
PP-003170,O-003170,PR-01398,有限会社近藤ガス,2025-07-24,90 días,2025-10-22,,9463.59,Pendiente
PP-003171,O-003171,PR-00247,高橋建設合同会社,2025-07-31,30 días,2025-08-30,,6593.08,Pendiente
PP-003172,O-003172,PR-01048,合同会社加藤保険,2025-07-02,60 días,2025-08-31,2025-07-04,2375.76,Pagado
PP-003173,O-003173,PR-00248,前田電気有限会社,2025-07-25,60 días,2025-09-23,2025-08-30,2560.6,Pagado
PP-003174,O-003174,PR-00889,有限会社藤田銀行,2025-07-11,90 días,2025-10-09,,2260.23,Pendiente
PP-003175,O-003175,PR-01282,橋本情報有限会社,2025-08-10,90 días,2025-11-08,,3575.44,Pendiente
PP-003176,O-003176,PR-00269,株式会社吉田印刷,2025-08-22,30 días,2025-09-21,2025-09-20,3258.15,Pagado
PP-003177,O-003177,PR-00272,有限会社佐藤情報,2025-07-19,90 días,2025-10-17,,2737.35,Pendiente
PP-003178,O-003178,PR-00241,株式会社青木保険,2025-07-24,60 días,2025-09-22,2025-08-27,2294.0,Pagado
PP-003179,O-003179,PR-00244,福田運輸有限会社,2025-08-28,90 días,2025-11-26,,7264.08,Pendiente
PP-003180,O-003180,PR-00244,福田運輸有限会社,2025-07-16,90 días,2025-10-14,2025-09-03,3959.63,Pagado
PP-003181,O-003181,PR-01413,株式会社吉田水産,2025-08-18,90 días,2025-11-16,,8317.44,Pendiente
PP-003182,O-003182,PR-00246,合同会社小川印刷,2025-08-22,60 días,2025-10-21,,1922.02,Pendiente
PP-003183,O-003183,PR-00247,高橋建設合同会社,2025-08-12,30 días,2025-09-11,2025-08-19,4981.04,Pagado
PP-003184,O-003184,PR-01369,株式会社加藤電気,2025-08-09,90 días,2025-11-07,,5741.28,Pendiente
PP-003185,O-003185,PR-00850,加藤運輸有限会社,2025-08-09,90 días,2025-11-07,2025-10-22,2397.25,Pagado
PP-003186,O-003186,PR-01055,佐藤保険株式会社,2025-07-04,90 días,2025-10-02,2025-09-15,10106.25,Pagado
PP-003187,O-003187,PR-00753,株式会社岡田鉱業,2025-07-20,90 días,2025-10-18,,2474.73,Pendiente
PP-003188,O-003188,PR-00870,鈴木通信合同会社,2025-08-28,60 días,2025-10-27,,886.14,Pendiente
PP-003189,O-003189,PR-00241,株式会社青木保険,2025-07-07,60 días,2025-09-05,,1066.25,Pendiente
PP-003190,O-003190,PR-00241,株式会社青木保険,2025-07-01,60 días,2025-08-30,2025-08-19,4643.25,Pagado
PP-003191,O-003191,PR-00242,鈴木鉱業株式会社,2025-07-19,90 días,2025-10-17,,2084.94,Pendiente
PP-003192,O-003192,PR-01413,株式会社吉田水産,2025-07-23,90 días,2025-10-21,2025-08-12,4663.68,Pagado
PP-003193,O-003193,PR-00248,前田電気有限会社,2025-08-05,60 días,2025-10-04,,11767.07,Pendiente
PP-003194,O-003194,PR-00249,合同会社吉田食品,2025-08-26,90 días,2025-11-24,2025-10-25,2593.08,Pagado
PP-003195,O-003195,PR-00889,有限会社藤田銀行,2025-08-26,90 días,2025-11-24,,1958.46,Pendiente
PP-003196,O-003196,PR-00885,渡辺通信合同会社,2025-07-22,60 días,2025-09-20,,7072.92,Pendiente
PP-003197,O-003197,PR-00829,株式会社近藤電気,2025-08-25,90 días,2025-11-23,,1760.3,Pendiente
PP-003198,O-003198,PR-00947,中島建設株式会社,2025-08-21,30 días,2025-09-20,,5708.34,Pendiente
PP-003199,O-003199,PR-00652,藤原建設合同会社,2025-08-19,90 días,2025-11-17,,9467.1,Pendiente
PP-003200,O-003200,PR-01183,有限会社林情報,2025-07-19,60 días,2025-09-17,2025-08-12,132.87,Pagado
PP-003201,O-003201,PR-00270,株式会社山本運輸,2025-08-24,90 días,2025-11-22,,3242.8,Pendiente
PP-003202,O-003202,PR-00271,小川鉱業合同会社,2025-07-02,90 días,2025-09-30,2025-07-27,1230.46,Pagado
PP-003203,O-003203,PR-00242,鈴木鉱業株式会社,2025-07-08,90 días,2025-10-06,2025-08-10,2135.8,Pagado
PP-003204,O-003204,PR-00242,鈴木鉱業株式会社,2025-08-15,90 días,2025-11-13,,5704.4,Pendiente
PP-003205,O-003205,PR-00244,福田運輸有限会社,2025-07-10,90 días,2025-10-08,,3958.56,Pendiente
PP-003206,O-003206,PR-00246,合同会社小川印刷,2025-08-08,60 días,2025-10-07,,1802.24,Pendiente
PP-003207,O-003207,PR-00937,合同会社藤井情報,2025-07-15,60 días,2025-09-13,,1903.4,Pendiente
PP-003208,O-003208,PR-00278,合同会社小林印刷,2025-07-21,90 días,2025-10-19,2025-08-31,8254.11,Pagado
PP-003209,O-003209,PR-00281,村上印刷株式会社,2025-07-31,30 días,2025-08-30,2025-08-25,1163.89,Pagado
PP-003210,O-003210,PR-00282,伊藤水産株式会社,2025-08-25,90 días,2025-11-23,2025-09-18,3081.79,Pagado
PP-003211,O-003211,PR-00282,伊藤水産株式会社,2025-07-31,90 días,2025-10-29,2025-08-07,4588.74,Pagado
PP-003212,O-003212,PR-00268,山下保険株式会社,2025-07-08,90 días,2025-10-06,,6169.69,Pendiente
PP-003213,O-003213,PR-01055,佐藤保険株式会社,2025-08-08,90 días,2025-11-06,2025-10-06,2366.43,Pagado
PP-003214,O-003214,PR-00771,山本情報株式会社,2025-07-26,30 días,2025-08-25,2025-08-01,5462.31,Pagado
PP-003215,O-003215,PR-00771,山本情報株式会社,2025-07-13,30 días,2025-08-12,2025-07-30,1952.4,Pagado
PP-003216,O-003216,PR-00244,福田運輸有限会社,2025-07-23,90 días,2025-10-21,,1416.96,Pendiente
PP-003217,O-003217,PR-00244,福田運輸有限会社,2025-08-28,90 días,2025-11-26,,2645.76,Pendiente
PP-003218,O-003218,PR-00736,合同会社小林印刷,2025-07-03,60 días,2025-09-01,2025-08-05,9824.43,Pagado
PP-003219,O-003219,PR-00246,合同会社小川印刷,2025-08-06,60 días,2025-10-05,,6465.16,Pendiente
PP-003220,O-003220,PR-00889,有限会社藤田銀行,2025-08-01,90 días,2025-10-30,2025-09-25,13215.0,Pagado
PP-003221,O-003221,PR-00937,合同会社藤井情報,2025-08-02,60 días,2025-10-01,,5837.17,Pendiente
PP-003222,O-003222,PR-00279,合同会社斎藤食品,2025-07-27,30 días,2025-08-26,2025-08-10,8796.08,Pagado
PP-003223,O-003223,PR-00960,有限会社田中銀行,2025-08-04,90 días,2025-11-02,,5286.32,Pendiente
PP-003224,O-003224,PR-00771,山本情報株式会社,2025-08-01,30 días,2025-08-31,2025-08-19,2833.05,Pagado
PP-003225,O-003225,PR-00272,有限会社佐藤情報,2025-08-04,90 días,2025-11-02,2025-09-21,865.83,Pagado
PP-003226,O-003226,PR-01361,近藤食品有限会社,2025-07-01,30 días,2025-07-31,2025-07-09,8378.7,Pagado
PP-003227,O-003227,PR-01361,近藤食品有限会社,2025-07-21,30 días,2025-08-20,2025-08-18,7039.36,Pagado
PP-003228,O-003228,PR-00958,前田食品株式会社,2025-07-23,60 días,2025-09-21,,1280.24,Pendiente
PP-003229,O-003229,PR-00245,株式会社田中印刷,2025-08-18,60 días,2025-10-17,,3038.62,Pendiente
PP-003230,O-003230,PR-00246,合同会社小川印刷,2025-07-23,60 días,2025-09-21,2025-09-13,3112.36,Pagado
PP-003231,O-003231,PR-00280,佐々木ガス有限会社,2025-07-14,90 días,2025-10-12,,10728.96,Pendiente
PP-003232,O-003232,PR-00280,佐々木ガス有限会社,2025-07-14,90 días,2025-10-12,,801.32,Pendiente
PP-003233,O-003233,PR-00282,伊藤水産株式会社,2025-07-04,90 días,2025-10-02,2025-08-19,8632.65,Pagado
PP-003234,O-003234,PR-00960,有限会社田中銀行,2025-08-10,90 días,2025-11-08,2025-10-28,1255.5,Pagado
PP-003235,O-003235,PR-01183,有限会社林情報,2025-08-19,60 días,2025-10-18,2025-08-28,5338.76,Pagado
PP-003236,O-003236,PR-00270,株式会社山本運輸,2025-08-10,90 días,2025-11-08,2025-09-28,1036.25,Pagado
PP-003237,O-003237,PR-00242,鈴木鉱業株式会社,2025-08-02,90 días,2025-10-31,,5151.61,Pendiente
PP-003238,O-003238,PR-00736,合同会社小林印刷,2025-08-13,60 días,2025-10-12,2025-08-13,505.96,Pagado
PP-003239,O-003239,PR-01048,合同会社加藤保険,2025-07-02,60 días,2025-08-31,,10144.48,Pendiente
PP-003240,O-003240,PR-00248,前田電気有限会社,2025-08-06,60 días,2025-10-05,2025-09-06,4789.8,Pagado
PP-003241,O-003241,PR-01159,鈴木農林株式会社,2025-07-13,90 días,2025-10-11,,3047.66,Pendiente
PP-003242,O-003242,PR-00937,合同会社藤井情報,2025-07-19,60 días,2025-09-17,2025-07-25,6381.44,Pagado
PP-003243,O-003243,PR-00280,佐々木ガス有限会社,2025-08-14,90 días,2025-11-12,2025-09-29,1487.16,Pagado
PP-003244,O-003244,PR-00850,加藤運輸有限会社,2025-08-11,90 días,2025-11-09,2025-10-01,8409.6,Pagado
PP-003245,O-003245,PR-00282,伊藤水産株式会社,2025-07-31,90 días,2025-10-29,2025-09-08,5771.92,Pagado
PP-003246,O-003246,PR-00960,有限会社田中銀行,2025-07-29,90 días,2025-10-27,2025-10-01,871.06,Pagado
PP-003247,O-003247,PR-00269,株式会社吉田印刷,2025-07-16,30 días,2025-08-15,2025-07-31,8165.9,Pagado
PP-003248,O-003248,PR-00271,小川鉱業合同会社,2025-07-26,90 días,2025-10-24,2025-10-16,7789.7,Pagado
PP-003249,O-003249,PR-00271,小川鉱業合同会社,2025-08-22,90 días,2025-11-20,2025-10-13,3655.16,Pagado
PP-003250,O-003250,PR-00272,有限会社佐藤情報,2025-07-04,90 días,2025-10-02,2025-07-23,7791.3,Pagado
PP-003251,O-003251,PR-00244,福田運輸有限会社,2025-08-08,90 días,2025-11-06,,7126.6,Pendiente
PP-003252,O-003252,PR-01398,有限会社近藤ガス,2025-07-03,90 días,2025-10-01,2025-07-06,9303.25,Pagado
PP-003253,O-003253,PR-00736,合同会社小林印刷,2025-07-08,60 días,2025-09-06,,3785.56,Pendiente
PP-003254,O-003254,PR-01048,合同会社加藤保険,2025-08-12,60 días,2025-10-11,,477.54,Pendiente
PP-003255,O-003255,PR-00248,前田電気有限会社,2025-08-15,60 días,2025-10-14,2025-08-16,10707.96,Pagado
PP-003256,O-003256,PR-00278,合同会社小林印刷,2025-07-10,90 días,2025-10-08,,2466.1,Pendiente
PP-003257,O-003257,PR-00279,合同会社斎藤食品,2025-07-28,30 días,2025-08-27,,2480.92,Retrasado
PP-003258,O-003258,PR-00280,佐々木ガス有限会社,2025-08-24,90 días,2025-11-22,,3763.53,Pendiente
PP-003259,O-003259,PR-00280,佐々木ガス有限会社,2025-08-24,90 días,2025-11-22,,3053.04,Pendiente
PP-003260,O-003260,PR-01183,有限会社林情報,2025-07-26,60 días,2025-09-24,2025-07-28,2505.8,Pagado
PP-003261,O-003261,PR-00241,株式会社青木保険,2025-08-21,60 días,2025-10-20,2025-10-16,3969.57,Pagado
PP-003262,O-003262,PR-00242,鈴木鉱業株式会社,2025-08-06,90 días,2025-11-04,2025-10-10,6916.99,Pagado
PP-003263,O-003263,PR-00649,伊藤通信合同会社,2025-08-10,90 días,2025-11-08,2025-08-13,5054.61,Pagado
PP-003264,O-003264,PR-01398,有限会社近藤ガス,2025-08-02,90 días,2025-10-31,2025-10-21,675.36,Pagado
PP-003265,O-003265,PR-00736,合同会社小林印刷,2025-07-24,60 días,2025-09-22,,1687.2,Pendiente
PP-003266,O-003266,PR-01048,合同会社加藤保険,2025-08-19,60 días,2025-10-18,,4903.47,Pendiente
PP-003267,O-003267,PR-00872,合同会社松本銀行,2025-07-22,60 días,2025-09-20,,456.33,Pendiente
PP-003268,O-003268,PR-00248,前田電気有限会社,2025-07-01,60 días,2025-08-30,2025-07-11,9749.52,Pagado
PP-003269,O-003269,PR-00248,前田電気有限会社,2025-08-27,60 días,2025-10-26,,155.4,Pendiente
PP-003270,O-003270,PR-00889,有限会社藤田銀行,2025-07-05,90 días,2025-10-03,,11402.04,Pendiente
PP-003271,O-003271,PR-00282,伊藤水産株式会社,2025-07-16,90 días,2025-10-14,2025-09-28,2218.5,Pagado
PP-003272,O-003272,PR-00270,株式会社山本運輸,2025-07-24,90 días,2025-10-22,,3721.82,Pendiente
PP-003273,O-003273,PR-01361,近藤食品有限会社,2025-08-26,30 días,2025-09-25,,3120.75,Pendiente
PP-003274,O-003274,PR-00928,池田農林株式会社,2025-07-22,30 días,2025-08-21,2025-08-17,1516.3,Pagado
PP-003275,O-003275,PR-00244,福田運輸有限会社,2025-07-19,90 días,2025-10-17,,5074.72,Pendiente
PP-003276,O-003276,PR-00244,福田運輸有限会社,2025-06-30,90 días,2025-09-28,,5204.04,Pendiente
PP-003277,O-003277,PR-01340,渡辺水産合同会社,2025-07-08,60 días,2025-09-06,2025-07-13,9141.24,Pagado
PP-003278,O-003278,PR-01398,有限会社近藤ガス,2025-08-11,90 días,2025-11-09,2025-10-10,843.54,Pagado
PP-003279,O-003279,PR-01398,有限会社近藤ガス,2025-07-24,90 días,2025-10-22,,1978.95,Pendiente
PP-003280,O-003280,PR-00885,渡辺通信合同会社,2025-08-09,60 días,2025-10-08,,9084.08,Pendiente
PP-003281,O-003281,PR-00281,村上印刷株式会社,2025-07-25,30 días,2025-08-24,2025-07-25,3105.52,Pagado
PP-003282,O-003282,PR-00282,伊藤水産株式会社,2025-08-18,90 días,2025-11-16,,635.26,Pendiente
PP-003283,O-003283,PR-00282,伊藤水産株式会社,2025-08-21,90 días,2025-11-19,2025-09-06,6036.8,Pagado
PP-003284,O-003284,PR-00270,株式会社山本運輸,2025-08-17,90 días,2025-11-15,,210.84,Pendiente
PP-003285,O-003285,PR-00771,山本情報株式会社,2025-07-23,30 días,2025-08-22,,9234.96,Retrasado
PP-003286,O-003286,PR-00272,有限会社佐藤情報,2025-06-30,90 días,2025-09-28,2025-08-13,2393.67,Pagado
PP-003287,O-003287,PR-00242,鈴木鉱業株式会社,2025-07-21,90 días,2025-10-19,2025-07-27,7399.16,Pagado
PP-003288,O-003288,PR-01328,株式会社鈴木情報,2025-07-22,90 días,2025-10-20,,367.18,Pendiente
PP-003289,O-003289,PR-00938,株式会社高橋水産,2025-08-16,60 días,2025-10-15,2025-10-01,1841.48,Pagado
PP-003290,O-003290,PR-01340,渡辺水産合同会社,2025-07-30,60 días,2025-09-28,2025-08-15,5588.88,Pagado
PP-003291,O-003291,PR-00829,株式会社近藤電気,2025-07-04,90 días,2025-10-02,2025-08-11,2401.59,Pagado
PP-003292,O-003292,PR-00850,加藤運輸有限会社,2025-08-28,90 días,2025-11-26,,4019.94,Pendiente
PP-003293,O-003293,PR-00281,村上印刷株式会社,2025-07-05,30 días,2025-08-04,2025-07-24,9865.08,Pagado
PP-003294,O-003294,PR-00282,伊藤水産株式会社,2025-08-10,90 días,2025-11-08,,10455.12,Pendiente
PP-003295,O-003295,PR-00269,株式会社吉田印刷,2025-07-25,30 días,2025-08-24,,1014.86,Retrasado
PP-003296,O-003296,PR-01183,有限会社林情報,2025-08-23,60 días,2025-10-22,,4328.54,Pendiente
PP-003297,O-003297,PR-00269,株式会社吉田印刷,2025-07-28,30 días,2025-08-27,2025-08-02,6317.96,Pagado
PP-003298,O-003298,PR-00753,株式会社岡田鉱業,2025-07-29,90 días,2025-10-27,2025-10-02,11209.05,Pagado
PP-003299,O-003299,PR-00771,山本情報株式会社,2025-07-14,30 días,2025-08-13,,5881.38,Pendiente
PP-003300,O-003300,PR-00272,有限会社佐藤情報,2025-08-27,90 días,2025-11-25,2025-09-02,5553.45,Pagado
PP-003301,O-003301,PR-01361,近藤食品有限会社,2025-08-01,30 días,2025-08-31,2025-08-17,1653.47,Pagado
PP-003302,O-003302,PR-00242,鈴木鉱業株式会社,2025-08-18,90 días,2025-11-16,,3719.04,Pendiente
PP-003303,O-003303,PR-00242,鈴木鉱業株式会社,2025-08-17,90 días,2025-11-15,,6699.0,Pendiente
PP-003304,O-003304,PR-00279,合同会社斎藤食品,2025-08-11,30 días,2025-09-10,2025-08-24,1968.52,Pagado
PP-003305,O-003305,PR-00850,加藤運輸有限会社,2025-07-13,90 días,2025-10-11,,3270.04,Pendiente
PP-003306,O-003306,PR-00829,株式会社近藤電気,2025-06-30,90 días,2025-09-28,,7159.5,Pendiente
PP-003307,O-003307,PR-00652,藤原建設合同会社,2025-07-03,90 días,2025-10-01,2025-08-28,12947.48,Pagado
PP-003308,O-003308,PR-00652,藤原建設合同会社,2025-08-07,90 días,2025-11-05,2025-10-05,1273.54,Pagado
PP-003309,O-003309,PR-00272,有限会社佐藤情報,2025-08-07,90 días,2025-11-05,2025-10-27,688.51,Pagado
PP-003310,O-003310,PR-00242,鈴木鉱業株式会社,2025-07-31,90 días,2025-10-29,2025-08-07,4678.31,Pagado
PP-003311,O-003311,PR-00242,鈴木鉱業株式会社,2025-06-30,90 días,2025-09-28,2025-07-07,9157.85,Pagado
PP-003312,O-003312,PR-00244,福田運輸有限会社,2025-07-29,90 días,2025-10-27,2025-10-16,2290.86,Pagado
PP-003313,O-003313,PR-00885,渡辺通信合同会社,2025-08-09,60 días,2025-10-08,2025-09-08,2774.14,Pagado
PP-003314,O-003314,PR-00279,合同会社斎藤食品,2025-08-20,30 días,2025-09-19,2025-09-18,13692.56,Pagado
PP-003315,O-003315,PR-00279,合同会社斎藤食品,2025-08-01,30 días,2025-08-31,,11508.0,Pendiente
PP-003316,O-003316,PR-00279,合同会社斎藤食品,2025-08-07,30 días,2025-09-06,2025-08-24,11358.55,Pagado
PP-003317,O-003317,PR-00279,合同会社斎藤食品,2025-08-01,30 días,2025-08-31,2025-08-03,3875.76,Pagado
PP-003318,O-003318,PR-00850,加藤運輸有限会社,2025-07-25,90 días,2025-10-23,2025-10-14,1354.1,Pagado
PP-003319,O-003319,PR-01183,有限会社林情報,2025-08-13,60 días,2025-10-12,2025-09-11,5357.34,Pagado
PP-003320,O-003320,PR-00270,株式会社山本運輸,2025-07-04,90 días,2025-10-02,2025-09-01,11535.42,Pagado
PP-003321,O-003321,PR-00753,株式会社岡田鉱業,2025-07-06,90 días,2025-10-04,,2597.32,Pendiente
PP-003322,O-003322,PR-00870,鈴木通信合同会社,2025-08-11,60 días,2025-10-10,,226.2,Pendiente
PP-003323,O-003323,PR-00272,有限会社佐藤情報,2025-08-23,90 días,2025-11-21,2025-10-24,1984.36,Pagado
PP-003324,O-003324,PR-00870,鈴木通信合同会社,2025-07-29,60 días,2025-09-27,2025-09-21,3962.52,Pagado
PP-003325,O-003325,PR-01361,近藤食品有限会社,2025-07-14,30 días,2025-08-13,2025-07-30,677.47,Pagado
PP-003326,O-003326,PR-01398,有限会社近藤ガス,2025-07-30,90 días,2025-10-28,2025-10-18,1396.44,Pagado
PP-003327,O-003327,PR-00280,佐々木ガス有限会社,2025-07-28,90 días,2025-10-26,,2649.86,Pendiente
PP-003328,O-003328,PR-00280,佐々木ガス有限会社,2025-07-29,90 días,2025-10-27,,1709.8,Pendiente
PP-003329,O-003329,PR-01328,株式会社鈴木情報,2025-08-27,90 días,2025-11-25,2025-08-27,2124.16,Pagado
PP-003330,O-003330,PR-01328,株式会社鈴木情報,2025-07-03,90 días,2025-10-01,2025-09-11,1482.22,Pagado
PP-003331,O-003331,PR-00279,合同会社斎藤食品,2025-08-10,30 días,2025-09-09,2025-08-22,3857.7,Pagado
PP-003332,O-003332,PR-00947,中島建設株式会社,2025-07-03,30 días,2025-08-02,2025-07-22,8102.27,Pagado
PP-003333,O-003333,PR-00282,伊藤水産株式会社,2025-07-17,90 días,2025-10-15,,5460.66,Pendiente
PP-003334,O-003334,PR-01183,有限会社林情報,2025-08-18,60 días,2025-10-17,2025-09-26,2631.6,Pagado
PP-003335,O-003335,PR-01055,佐藤保険株式会社,2025-07-28,90 días,2025-10-26,,12155.0,Pendiente
PP-003336,O-003336,PR-00771,山本情報株式会社,2025-08-24,30 días,2025-09-23,,7056.5,Pendiente
PP-003337,O-003337,PR-00771,山本情報株式会社,2025-08-12,30 días,2025-09-11,2025-08-12,3595.41,Pagado
PP-003338,O-003338,PR-00272,有限会社佐藤情報,2025-08-15,90 días,2025-11-13,2025-09-16,159.36,Pagado
PP-003339,O-003339,PR-01328,株式会社鈴木情報,2025-07-06,90 días,2025-10-04,2025-09-30,8655.24,Pagado
PP-003340,O-003340,PR-00279,合同会社斎藤食品,2025-07-10,30 días,2025-08-09,2025-08-03,7316.9,Pagado
PP-003341,O-003341,PR-00281,村上印刷株式会社,2025-08-19,30 días,2025-09-18,,6354.04,Pendiente
PP-003342,O-003342,PR-00282,伊藤水産株式会社,2025-07-15,90 días,2025-10-13,2025-10-12,4795.21,Pagado
PP-003343,O-003343,PR-00753,株式会社岡田鉱業,2025-08-19,90 días,2025-11-17,2025-10-19,218.97,Pagado
PP-003344,O-003344,PR-00771,山本情報株式会社,2025-08-20,30 días,2025-09-19,,2795.84,Pendiente
PP-003345,O-003345,PR-00278,合同会社小林印刷,2025-08-03,90 días,2025-11-01,,4782.05,Pendiente
PP-003346,O-003346,PR-01460,有限会社藤井建設,2025-08-25,Contado,2025-08-25,2025-08-25,1567.31,Pagado
PP-003347,O-003347,PR-00279,合同会社斎藤食品,2025-07-18,30 días,2025-08-17,2025-07-21,2058.84,Pagado
PP-003348,O-003348,PR-00279,合同会社斎藤食品,2025-08-26,30 días,2025-09-25,2025-09-03,375.2,Pagado
PP-003349,O-003349,PR-00280,佐々木ガス有限会社,2025-08-20,90 días,2025-11-18,,4576.04,Pendiente
PP-003350,O-003350,PR-00280,佐々木ガス有限会社,2025-07-04,90 días,2025-10-02,2025-09-19,3557.12,Pagado
PP-003351,O-003351,PR-00268,山下保険株式会社,2025-07-10,90 días,2025-10-08,,4098.24,Pendiente
PP-003352,O-003352,PR-00269,株式会社吉田印刷,2025-08-28,30 días,2025-09-27,2025-09-23,3209.94,Pagado
PP-003353,O-003353,PR-01282,橋本情報有限会社,2025-08-27,90 días,2025-11-25,2025-11-11,2812.53,Pagado
PP-003354,O-003354,PR-00870,鈴木通信合同会社,2025-08-25,60 días,2025-10-24,,1369.92,Pendiente
PP-003355,O-003355,PR-00242,鈴木鉱業株式会社,2025-08-17,90 días,2025-11-15,2025-10-02,403.92,Pagado
PP-003356,O-003356,PR-00242,鈴木鉱業株式会社,2025-07-21,90 días,2025-10-19,2025-09-16,6098.68,Pagado
PP-003357,O-003357,PR-00649,伊藤通信合同会社,2025-07-20,90 días,2025-10-18,,1951.68,Pendiente
PP-003358,O-003358,PR-00244,福田運輸有限会社,2025-08-08,90 días,2025-11-06,,725.04,Pendiente
PP-003359,O-003359,PR-00938,株式会社高橋水産,2025-07-17,60 días,2025-09-15,,3800.86,Pendiente
PP-003360,O-003360,PR-01460,有限会社藤井建設,2025-08-22,Contado,2025-08-22,2025-08-22,2793.21,Pagado
PP-003361,O-003361,PR-00279,合同会社斎藤食品,2025-07-20,30 días,2025-08-19,2025-07-21,3290.1,Pagado
PP-003362,O-003362,PR-00271,小川鉱業合同会社,2025-07-03,90 días,2025-10-01,,564.08,Pendiente
PP-003363,O-003363,PR-00241,株式会社青木保険,2025-08-26,60 días,2025-10-25,2025-09-12,5063.0,Pagado
PP-003364,O-003364,PR-01361,近藤食品有限会社,2025-08-06,30 días,2025-09-05,,2014.54,Pendiente
PP-003365,O-003365,PR-00242,鈴木鉱業株式会社,2025-08-15,90 días,2025-11-13,2025-10-06,5039.19,Pagado
PP-003366,O-003366,PR-00928,池田農林株式会社,2025-07-01,30 días,2025-07-31,2025-07-06,624.51,Pagado
PP-003367,O-003367,PR-00244,福田運輸有限会社,2025-08-25,90 días,2025-11-23,2025-10-26,2490.84,Pagado
PP-003368,O-003368,PR-00279,合同会社斎藤食品,2025-08-17,30 días,2025-09-16,,2746.86,Pendiente
PP-003369,O-003369,PR-00280,佐々木ガス有限会社,2025-08-04,90 días,2025-11-02,2025-10-05,6318.5,Pagado
PP-003370,O-003370,PR-00829,株式会社近藤電気,2025-07-02,90 días,2025-09-30,,6677.25,Pendiente
PP-003371,O-003371,PR-00282,伊藤水産株式会社,2025-07-03,90 días,2025-10-01,,2719.3,Pendiente
PP-003372,O-003372,PR-00268,山下保険株式会社,2025-08-08,90 días,2025-11-06,,11092.11,Pendiente
PP-003373,O-003373,PR-00270,株式会社山本運輸,2025-08-11,90 días,2025-11-09,,6962.41,Pendiente
PP-003374,O-003374,PR-00771,山本情報株式会社,2025-08-22,30 días,2025-09-21,,12289.81,Pendiente
PP-003375,O-003375,PR-00272,有限会社佐藤情報,2025-07-17,90 días,2025-10-15,2025-07-28,1173.0,Pagado
PP-003376,O-003376,PR-01361,近藤食品有限会社,2025-08-11,30 días,2025-09-10,,8357.58,Pendiente
PP-003377,O-003377,PR-00242,鈴木鉱業株式会社,2025-07-01,90 días,2025-09-29,2025-07-26,3811.2,Pagado
PP-003378,O-003378,PR-00937,合同会社藤井情報,2025-08-18,60 días,2025-10-17,2025-10-02,1934.52,Pagado
PP-003379,O-003379,PR-00278,合同会社小林印刷,2025-07-29,90 días,2025-10-27,,8878.98,Pendiente
PP-003380,O-003380,PR-00280,佐々木ガス有限会社,2025-08-01,90 días,2025-10-30,,3707.7,Pendiente
PP-003381,O-003381,PR-00282,伊藤水産株式会社,2025-08-13,90 días,2025-11-11,,13406.58,Pendiente
PP-003382,O-003382,PR-00282,伊藤水産株式会社,2025-08-11,90 días,2025-11-09,2025-09-18,5447.77,Pagado
PP-003383,O-003383,PR-00652,藤原建設合同会社,2025-07-05,90 días,2025-10-03,,9753.98,Pendiente
PP-003384,O-003384,PR-00753,株式会社岡田鉱業,2025-08-18,90 días,2025-11-16,,12357.8,Pendiente
PP-003385,O-003385,PR-01361,近藤食品有限会社,2025-07-04,30 días,2025-08-03,2025-07-25,9298.56,Pagado
PP-003386,O-003386,PR-00242,鈴木鉱業株式会社,2025-07-01,90 días,2025-09-29,2025-08-28,4634.4,Pagado
PP-003387,O-003387,PR-00243,合同会社田中情報,2025-08-23,90 días,2025-11-21,2025-11-03,642.25,Pagado
PP-003388,O-003388,PR-00244,福田運輸有限会社,2025-08-17,90 días,2025-11-15,,3392.28,Pendiente
PP-003389,O-003389,PR-00244,福田運輸有限会社,2025-07-27,90 días,2025-10-25,,6079.71,Pendiente
PP-003390,O-003390,PR-00280,佐々木ガス有限会社,2025-07-24,90 días,2025-10-22,,299.45,Pendiente
PP-003391,O-003391,PR-00280,佐々木ガス有限会社,2025-08-28,90 días,2025-11-26,,10900.53,Pendiente
PP-003392,O-003392,PR-00947,中島建設株式会社,2025-07-24,30 días,2025-08-23,2025-08-04,4166.4,Pagado
PP-003393,O-003393,PR-00268,山下保険株式会社,2025-08-23,90 días,2025-11-21,2025-09-12,13052.7,Pagado
PP-003394,O-003394,PR-00771,山本情報株式会社,2025-07-12,30 días,2025-08-11,2025-08-06,6558.75,Pagado
PP-003395,O-003395,PR-00771,山本情報株式会社,2025-07-01,30 días,2025-07-31,2025-07-24,10969.42,Pagado
PP-003396,O-003396,PR-00272,有限会社佐藤情報,2025-07-04,90 días,2025-10-02,2025-08-23,3070.54,Pagado
PP-003397,O-003397,PR-00649,伊藤通信合同会社,2025-08-04,90 días,2025-11-02,,4451.22,Pendiente
PP-003398,O-003398,PR-00958,前田食品株式会社,2025-08-26,60 días,2025-10-25,,1651.99,Pendiente
PP-003399,O-003399,PR-00244,福田運輸有限会社,2025-08-03,90 días,2025-11-01,,3906.4,Pendiente
PP-003400,O-003400,PR-00325,Voisin S.A.,2025-08-03,90 días,2025-11-01,2025-10-19,1729.2,Pagado
PP-003401,O-003401,PR-00325,Voisin S.A.,2025-07-14,90 días,2025-10-12,,7771.55,Pendiente
PP-003402,O-003402,PR-00326,Colas Dupré S.A.R.L.,2025-07-05,60 días,2025-09-03,,300.12,Pendiente
PP-003403,O-003403,PR-00973,Texier,2025-07-07,90 días,2025-10-05,2025-08-26,5617.3,Pagado
PP-003404,O-003404,PR-01429,Bègue Neveu et Fils,2025-07-20,30 días,2025-08-19,,7441.39,Retrasado
PP-003405,O-003405,PR-00892,Merle Lamy S.A.R.L.,2025-08-16,90 días,2025-11-14,,10526.75,Pendiente
PP-003406,O-003406,PR-00317,Moreau S.A.R.L.,2025-07-26,90 días,2025-10-24,,3012.75,Pendiente
PP-003407,O-003407,PR-00318,Pascal De Oliveira S.A.R.L.,2025-07-18,90 días,2025-10-16,,885.36,Pendiente
PP-003408,O-003408,PR-00319,Toussaint,2025-08-26,90 días,2025-11-24,2025-09-03,6346.12,Pagado
PP-003409,O-003409,PR-00319,Toussaint,2025-07-30,90 días,2025-10-28,2025-08-07,995.19,Pagado
PP-003410,O-003410,PR-00288,Weber SARL,2025-07-17,60 días,2025-09-15,,11103.84,Pendiente
PP-003411,O-003411,PR-00289,Pereira Bouvet S.A.R.L.,2025-08-14,60 días,2025-10-13,2025-09-22,220.0,Pagado
PP-003412,O-003412,PR-00289,Pereira Bouvet S.A.R.L.,2025-08-13,60 días,2025-10-12,,9361.91,Pendiente
PP-003413,O-003413,PR-01007,Menard S.A.R.L.,2025-08-16,60 días,2025-10-15,,1870.0,Pendiente
PP-003414,O-003414,PR-01007,Menard S.A.R.L.,2025-07-17,60 días,2025-09-15,,3583.35,Pendiente
PP-003415,O-003415,PR-00786,Lejeune,2025-08-24,30 días,2025-09-23,,1191.06,Pendiente
PP-003416,O-003416,PR-00786,Lejeune,2025-07-28,30 días,2025-08-27,2025-07-28,4300.03,Pagado
PP-003417,O-003417,PR-01415,Dufour Leduc SA,2025-08-04,60 días,2025-10-03,2025-08-30,5482.11,Pagado
PP-003418,O-003418,PR-00292,Dupuy,2025-06-30,60 días,2025-08-29,,397.0,Pendiente
PP-003419,O-003419,PR-00908,Roche Leclerc S.A.R.L.,2025-08-14,90 días,2025-11-12,2025-08-31,4122.38,Pagado
PP-003420,O-003420,PR-00295,Salmon et Fils,2025-08-13,60 días,2025-10-12,2025-10-04,6640.1,Pagado
PP-003421,O-003421,PR-01421,Jourdan,2025-08-25,30 días,2025-09-24,,731.49,Pendiente
PP-003422,O-003422,PR-01421,Jourdan,2025-07-02,30 días,2025-08-01,,3176.53,Retrasado
PP-003423,O-003423,PR-00296,Gautier SARL,2025-08-17,Contado,2025-08-17,2025-08-17,4835.6,Pagado
PP-003424,O-003424,PR-00320,Munoz,2025-07-21,60 días,2025-09-19,,378.3,Pendiente
PP-003425,O-003425,PR-00321,Pelletier SA,2025-07-22,60 días,2025-09-20,,3716.76,Pendiente
PP-003426,O-003426,PR-01360,Poulain Delahaye SARL,2025-08-15,60 días,2025-10-14,,1134.58,Pendiente
PP-003427,O-003427,PR-00322,Chauvet,2025-08-17,Contado,2025-08-17,2025-08-17,3847.77,Pagado
PP-003428,O-003428,PR-00322,Chauvet,2025-07-05,Contado,2025-07-05,,3622.84,Retrasado
PP-003429,O-003429,PR-00323,Becker,2025-07-15,30 días,2025-08-14,2025-07-30,2758.25,Pagado
PP-003430,O-003430,PR-00323,Becker,2025-07-27,30 días,2025-08-26,,991.1,Retrasado
PP-003431,O-003431,PR-00324,Gérard S.A.S.,2025-08-10,90 días,2025-11-08,,2871.4,Pendiente
PP-003432,O-003432,PR-00769,Bruneau S.A.S.,2025-08-26,60 días,2025-10-25,2025-09-05,11060.8,Pagado
PP-003433,O-003433,PR-01069,Duval,2025-08-15,60 días,2025-10-14,,7565.04,Pendiente
PP-003434,O-003434,PR-00664,Leclerc,2025-08-23,30 días,2025-09-22,,2032.8,Pendiente
PP-003435,O-003435,PR-01193,Gros,2025-07-16,30 días,2025-08-15,,1433.25,Pendiente
PP-003436,O-003436,PR-01193,Gros,2025-07-07,30 días,2025-08-06,2025-07-22,4824.44,Pagado
PP-003437,O-003437,PR-00285,Humbert,2025-08-15,90 días,2025-11-13,2025-09-30,10386.6,Pagado
PP-003438,O-003438,PR-00285,Humbert,2025-07-12,90 días,2025-10-10,2025-08-29,1265.6,Pagado
PP-003439,O-003439,PR-00285,Humbert,2025-08-10,90 días,2025-11-08,,13859.36,Pendiente
PP-003440,O-003440,PR-01224,Hernandez Simon S.A.R.L.,2025-08-15,Contado,2025-08-15,,2434.8,Pendiente
PP-003441,O-003441,PR-01224,Hernandez Simon S.A.R.L.,2025-07-07,Contado,2025-07-07,2025-07-07,6023.71,Pagado
PP-003442,O-003442,PR-00803,Perrot,2025-07-07,30 días,2025-08-06,2025-07-11,2807.28,Pagado
PP-003443,O-003443,PR-00748,Le Goff Bègue et Fils,2025-08-14,90 días,2025-11-12,,4000.88,Pendiente
PP-003444,O-003444,PR-00305,Tessier S.A.R.L.,2025-07-24,60 días,2025-09-22,,5044.32,Pendiente
PP-003445,O-003445,PR-01374,Jacquot SA,2025-07-10,30 días,2025-08-09,2025-08-06,7729.26,Pagado
PP-003446,O-003446,PR-01351,De Oliveira,2025-07-26,30 días,2025-08-25,,3158.23,Pendiente
PP-003447,O-003447,PR-01351,De Oliveira,2025-08-19,30 días,2025-09-18,2025-08-23,2651.25,Pagado
PP-003448,O-003448,PR-01035,Breton S.A.R.L.,2025-08-15,60 días,2025-10-14,,4624.0,Pendiente
PP-003449,O-003449,PR-01090,Boulanger,2025-07-30,Contado,2025-07-30,2025-07-30,10169.28,Pagado
PP-003450,O-003450,PR-00724,Bernard Bailly et Fils,2025-08-21,90 días,2025-11-19,,7061.6,Pendiente
PP-003451,O-003451,PR-00314,Renault Labbé S.A.,2025-07-27,90 días,2025-10-25,2025-09-29,3858.0,Pagado
PP-003452,O-003452,PR-00314,Renault Labbé S.A.,2025-08-17,90 días,2025-11-15,2025-10-30,7404.15,Pagado
PP-003453,O-003453,PR-01045,Valette S.A.S.,2025-07-01,60 días,2025-08-30,,3023.66,Pendiente
PP-003454,O-003454,PR-00892,Merle Lamy S.A.R.L.,2025-07-20,90 días,2025-10-18,,7046.69,Pendiente
PP-003455,O-003455,PR-00317,Moreau S.A.R.L.,2025-06-30,90 días,2025-09-28,,238.42,Pendiente
PP-003456,O-003456,PR-00318,Pascal De Oliveira S.A.R.L.,2025-07-02,90 días,2025-09-30,,3390.72,Pendiente
PP-003457,O-003457,PR-00319,Toussaint,2025-08-04,90 días,2025-11-02,,6331.95,Pendiente
PP-003458,O-003458,PR-00319,Toussaint,2025-07-29,90 días,2025-10-27,,6431.55,Pendiente
PP-003459,O-003459,PR-00675,Perez,2025-07-03,60 días,2025-09-01,2025-08-11,1000.2,Pagado
PP-003460,O-003460,PR-00675,Perez,2025-08-13,60 días,2025-10-12,2025-08-31,2671.8,Pagado
PP-003461,O-003461,PR-00786,Lejeune,2025-08-14,30 días,2025-09-13,2025-08-25,2827.52,Pagado
PP-003462,O-003462,PR-00291,Bailly SA,2025-07-29,30 días,2025-08-28,2025-08-15,446.4,Pagado
PP-003463,O-003463,PR-00293,Jacob et Fils,2025-07-25,60 días,2025-09-23,,7154.73,Pendiente
PP-003464,O-003464,PR-00844,Cohen,2025-07-23,30 días,2025-08-22,,6293.19,Retrasado
PP-003465,O-003465,PR-01176,Vidal,2025-07-07,30 días,2025-08-06,2025-08-04,3980.38,Pagado
PP-003466,O-003466,PR-01421,Jourdan,2025-07-14,30 días,2025-08-13,2025-07-26,2443.85,Pagado
PP-003467,O-003467,PR-00297,Grondin Arnaud S.A.,2025-07-17,60 días,2025-09-15,2025-08-14,4266.5,Pagado
PP-003468,O-003468,PR-01232,Lecomte Rousset SARL,2025-07-12,30 días,2025-08-11,2025-08-10,5709.06,Pagado
PP-003469,O-003469,PR-00322,Chauvet,2025-07-22,Contado,2025-07-22,,5289.6,Retrasado
PP-003470,O-003470,PR-00323,Becker,2025-08-21,30 días,2025-09-20,,9618.08,Pendiente
PP-003471,O-003471,PR-00324,Gérard S.A.S.,2025-07-13,90 días,2025-10-11,,1847.3,Pendiente
PP-003472,O-003472,PR-00299,Texier S.A.R.L.,2025-08-20,60 días,2025-10-19,,11130.96,Pendiente
PP-003473,O-003473,PR-00299,Texier S.A.R.L.,2025-08-16,60 días,2025-10-15,2025-09-04,4245.01,Pagado
PP-003474,O-003474,PR-00299,Texier S.A.R.L.,2025-08-26,60 días,2025-10-25,2025-10-22,10643.6,Pagado
PP-003475,O-003475,PR-01155,Poirier,2025-07-30,90 días,2025-10-28,,3400.75,Pendiente
PP-003476,O-003476,PR-01069,Duval,2025-08-09,60 días,2025-10-08,,2410.38,Pendiente
PP-003477,O-003477,PR-00301,Dias Dias SA,2025-07-09,60 días,2025-09-07,,4546.04,Pendiente
PP-003478,O-003478,PR-00664,Leclerc,2025-07-23,30 días,2025-08-22,,6807.43,Pendiente
PP-003479,O-003479,PR-00285,Humbert,2025-08-13,90 días,2025-11-11,2025-09-14,3082.0,Pagado
PP-003480,O-003480,PR-01224,Hernandez Simon S.A.R.L.,2025-07-03,Contado,2025-07-03,2025-07-03,1324.92,Pagado
PP-003481,O-003481,PR-01224,Hernandez Simon S.A.R.L.,2025-08-18,Contado,2025-08-18,2025-08-18,3603.2,Pagado
PP-003482,O-003482,PR-00287,Moreau S.A.R.L.,2025-07-21,90 días,2025-10-19,,2064.4,Pendiente
PP-003483,O-003483,PR-00626,Lopez,2025-06-30,30 días,2025-07-30,2025-07-22,1766.0,Pagado
PP-003484,O-003484,PR-00305,Tessier S.A.R.L.,2025-07-09,60 días,2025-09-07,,1093.2,Pendiente
PP-003485,O-003485,PR-01041,Picard SARL,2025-07-11,90 días,2025-10-09,2025-08-11,2535.06,Pagado
PP-003486,O-003486,PR-00623,Buisson Bernard S.A.,2025-07-27,90 días,2025-10-25,2025-10-16,3049.15,Pagado
PP-003487,O-003487,PR-00308,Petitjean Antoine S.A.S.,2025-08-18,60 días,2025-10-17,,1476.19,Pendiente
PP-003488,O-003488,PR-00309,Foucher S.A.,2025-07-24,90 días,2025-10-22,2025-07-27,6415.68,Pagado
PP-003489,O-003489,PR-01090,Boulanger,2025-07-03,Contado,2025-07-03,2025-07-03,5525.13,Pagado
PP-003490,O-003490,PR-00832,Arnaud Mary S.A.S.,2025-07-15,60 días,2025-09-13,,5796.52,Pendiente
PP-003491,O-003491,PR-01433,Ramos,2025-08-21,60 días,2025-10-20,,2697.9,Pendiente
PP-003492,O-003492,PR-00313,Loiseau,2025-08-18,60 días,2025-10-17,,5940.0,Pendiente
PP-003493,O-003493,PR-01175,Boucher S.A.S.,2025-08-10,90 días,2025-11-08,,2276.2,Pendiente
PP-003494,O-003494,PR-00315,Laurent S.A.S.,2025-08-27,60 días,2025-10-26,,2887.2,Pendiente
PP-003495,O-003495,PR-01195,Blot,2025-07-31,90 días,2025-10-29,,4225.87,Pendiente
PP-003496,O-003496,PR-01145,Coste Dupont SA,2025-08-11,30 días,2025-09-10,,561.6,Pendiente
PP-003497,O-003497,PR-00893,Tessier Marie SARL,2025-08-11,90 días,2025-11-09,2025-10-13,2930.37,Pagado
PP-003498,O-003498,PR-00291,Bailly SA,2025-07-26,30 días,2025-08-25,2025-08-20,7161.84,Pagado
PP-003499,O-003499,PR-00908,Roche Leclerc S.A.R.L.,2025-07-15,90 días,2025-10-13,,1211.8,Pendiente
PP-003500,O-003500,PR-01360,Poulain Delahaye SARL,2025-07-01,60 días,2025-08-30,2025-07-03,10027.5,Pagado
PP-003501,O-003501,PR-01153,Chauvet,2025-07-08,30 días,2025-08-07,2025-07-13,8772.12,Pagado
PP-003502,O-003502,PR-01468,Pierre Collet SARL,2025-08-14,30 días,2025-09-13,2025-09-07,10267.46,Pagado
PP-003503,O-003503,PR-01366,Benoit,2025-07-10,60 días,2025-09-08,2025-09-02,4928.04,Pagado
PP-003504,O-003504,PR-01130,Millet Lecoq SARL,2025-08-14,60 días,2025-10-13,2025-09-18,8080.31,Pagado
PP-003505,O-003505,PR-01155,Poirier,2025-08-01,90 días,2025-10-30,2025-10-06,814.0,Pagado
PP-003506,O-003506,PR-01069,Duval,2025-07-01,60 días,2025-08-30,,3685.5,Pendiente
PP-003507,O-003507,PR-01069,Duval,2025-07-02,60 días,2025-08-31,,2551.5,Pendiente
PP-003508,O-003508,PR-01069,Duval,2025-07-18,60 días,2025-09-16,2025-08-28,5316.22,Pagado
PP-003509,O-003509,PR-00664,Leclerc,2025-07-07,30 días,2025-08-06,2025-07-26,1915.0,Pagado
PP-003510,O-003510,PR-00302,Lecomte Guillon S.A.R.L.,2025-07-24,60 días,2025-09-22,2025-09-04,2367.39,Pagado
PP-003511,O-003511,PR-00664,Leclerc,2025-07-16,30 días,2025-08-15,2025-07-18,5123.88,Pagado
PP-003512,O-003512,PR-01469,Chevalier Robert et Fils,2025-07-13,60 días,2025-09-11,,377.0,Pendiente
PP-003513,O-003513,PR-00328,Faure,2025-08-06,60 días,2025-10-05,,691.84,Pendiente
PP-003514,O-003514,PR-01199,Renault Delannoy S.A.S.,2025-07-24,60 días,2025-09-22,,452.66,Pendiente
PP-003515,O-003515,PR-00288,Weber SARL,2025-07-09,60 días,2025-09-07,2025-07-14,3756.32,Pagado
PP-003516,O-003516,PR-00288,Weber SARL,2025-07-08,60 días,2025-09-06,2025-08-28,3906.1,Pagado
PP-003517,O-003517,PR-01007,Menard S.A.R.L.,2025-07-03,60 días,2025-09-01,2025-08-11,937.53,Pagado
PP-003518,O-003518,PR-00293,Jacob et Fils,2025-07-06,60 días,2025-09-04,2025-08-22,1992.72,Pagado
PP-003519,O-003519,PR-00908,Roche Leclerc S.A.R.L.,2025-07-02,90 días,2025-09-30,,9267.84,Pendiente
PP-003520,O-003520,PR-01232,Lecomte Rousset SARL,2025-08-15,30 días,2025-09-14,2025-08-19,727.44,Pagado
PP-003521,O-003521,PR-00920,Gallet Roux S.A.,2025-08-09,60 días,2025-10-08,,3163.52,Pendiente
PP-003522,O-003522,PR-00323,Becker,2025-08-16,30 días,2025-09-15,,5286.05,Pendiente
PP-003523,O-003523,PR-00324,Gérard S.A.S.,2025-08-10,90 días,2025-11-08,,1377.6,Pendiente
PP-003524,O-003524,PR-00769,Bruneau S.A.S.,2025-07-30,60 días,2025-09-28,2025-08-29,3985.48,Pagado
PP-003525,O-003525,PR-00301,Dias Dias SA,2025-08-26,60 días,2025-10-25,,5685.31,Pendiente
PP-003526,O-003526,PR-01069,Duval,2025-07-28,60 días,2025-09-26,,7237.44,Pendiente
PP-003527,O-003527,PR-01069,Duval,2025-07-31,60 días,2025-09-29,2025-09-17,526.82,Pagado
PP-003528,O-003528,PR-00315,Laurent S.A.S.,2025-07-18,60 días,2025-09-16,,10042.45,Pendiente
PP-003529,O-003529,PR-00315,Laurent S.A.S.,2025-08-17,60 días,2025-10-16,,11440.66,Pendiente
PP-003530,O-003530,PR-01070,Ribeiro Pruvost S.A.R.L.,2025-08-21,30 días,2025-09-20,2025-09-09,223.44,Pagado
PP-003531,O-003531,PR-00318,Pascal De Oliveira S.A.R.L.,2025-07-09,90 días,2025-10-07,2025-09-15,205.02,Pagado
PP-003532,O-003532,PR-00318,Pascal De Oliveira S.A.R.L.,2025-08-22,90 días,2025-11-20,2025-10-01,2994.5,Pagado
PP-003533,O-003533,PR-00319,Toussaint,2025-07-21,90 días,2025-10-19,,1537.92,Pendiente
PP-003534,O-003534,PR-00319,Toussaint,2025-07-09,90 días,2025-10-07,2025-08-10,4530.96,Pagado
PP-003535,O-003535,PR-00288,Weber SARL,2025-08-12,60 días,2025-10-11,2025-08-17,3545.37,Pagado
PP-003536,O-003536,PR-00675,Perez,2025-07-26,60 días,2025-09-24,,10182.76,Pendiente
PP-003537,O-003537,PR-00289,Pereira Bouvet S.A.R.L.,2025-08-06,60 días,2025-10-05,,6528.02,Pendiente
PP-003538,O-003538,PR-00786,Lejeune,2025-07-05,30 días,2025-08-04,2025-08-01,7666.36,Pagado
PP-003539,O-003539,PR-01066,Roux,2025-08-13,60 días,2025-10-12,,4787.55,Pendiente
PP-003540,O-003540,PR-00730,Pichon S.A.,2025-08-16,90 días,2025-11-14,2025-10-20,4539.15,Pagado
PP-003541,O-003541,PR-01029,Wagner SA,2025-07-06,60 días,2025-09-04,,798.66,Pendiente
PP-003542,O-003542,PR-01415,Dufour Leduc SA,2025-07-04,60 días,2025-09-02,,8850.66,Pendiente
PP-003543,O-003543,PR-00844,Cohen,2025-07-29,30 días,2025-08-28,,4191.33,Pendiente
PP-003544,O-003544,PR-00908,Roche Leclerc S.A.R.L.,2025-08-02,90 días,2025-10-31,,4205.12,Pendiente
PP-003545,O-003545,PR-00294,Blanchet,2025-08-21,90 días,2025-11-19,2025-11-12,6178.48,Pagado
PP-003546,O-003546,PR-01234,Mendès Bertin et Fils,2025-07-10,30 días,2025-08-09,2025-08-01,13177.45,Pagado
PP-003547,O-003547,PR-00295,Salmon et Fils,2025-07-15,60 días,2025-09-13,2025-07-25,1745.64,Pagado
PP-003548,O-003548,PR-00795,Deschamps Guyon et Fils,2025-07-03,90 días,2025-10-01,2025-07-23,9218.88,Pagado
PP-003549,O-003549,PR-01421,Jourdan,2025-08-18,30 días,2025-09-17,2025-08-27,4129.6,Pagado
PP-003550,O-003550,PR-00296,Gautier SARL,2025-08-24,Contado,2025-08-24,2025-08-24,310.3,Pagado
PP-003551,O-003551,PR-00296,Gautier SARL,2025-07-15,Contado,2025-07-15,2025-07-15,6378.62,Pagado
PP-003552,O-003552,PR-00297,Grondin Arnaud S.A.,2025-07-07,60 días,2025-09-05,,2741.7,Pendiente
PP-003553,O-003553,PR-00297,Grondin Arnaud S.A.,2025-07-04,60 días,2025-09-02,2025-07-30,5864.3,Pagado
PP-003554,O-003554,PR-00320,Munoz,2025-07-25,60 días,2025-09-23,,11760.36,Pendiente
PP-003555,O-003555,PR-00320,Munoz,2025-08-11,60 días,2025-10-10,,1693.56,Pendiente
PP-003556,O-003556,PR-00323,Becker,2025-08-02,30 días,2025-09-01,2025-08-18,1739.37,Pagado
PP-003557,O-003557,PR-01468,Pierre Collet SARL,2025-07-20,30 días,2025-08-19,2025-08-06,1657.84,Pagado
PP-003558,O-003558,PR-00324,Gérard S.A.S.,2025-07-05,90 días,2025-10-03,2025-09-12,3639.12,Pagado
PP-003559,O-003559,PR-00299,Texier S.A.R.L.,2025-08-11,60 días,2025-10-10,,1596.6,Pendiente
PP-003560,O-003560,PR-00961,Maréchal,2025-07-20,90 días,2025-10-18,2025-09-15,1833.48,Pagado
PP-003561,O-003561,PR-01155,Poirier,2025-08-18,90 días,2025-11-16,2025-09-15,3236.76,Pagado
PP-003562,O-003562,PR-01130,Millet Lecoq SARL,2025-07-05,60 días,2025-09-03,2025-07-27,7360.26,Pagado
PP-003563,O-003563,PR-00973,Texier,2025-07-24,90 días,2025-10-22,,2288.22,Pendiente
PP-003564,O-003564,PR-00329,Lagarde et Fils,2025-08-10,90 días,2025-11-08,2025-10-06,7193.97,Pagado
PP-003565,O-003565,PR-01145,Coste Dupont SA,2025-07-16,30 días,2025-08-15,2025-07-21,4722.41,Pagado
PP-003566,O-003566,PR-00316,Gimenez,2025-07-15,30 días,2025-08-14,2025-08-07,7374.51,Pagado
PP-003567,O-003567,PR-00288,Weber SARL,2025-08-02,60 días,2025-10-01,2025-08-28,4066.09,Pagado
PP-003568,O-003568,PR-00675,Perez,2025-08-27,60 días,2025-10-26,2025-10-02,6882.45,Pagado
PP-003569,O-003569,PR-00786,Lejeune,2025-08-14,30 días,2025-09-13,,460.32,Pendiente
PP-003570,O-003570,PR-01066,Roux,2025-07-30,60 días,2025-09-28,,3739.2,Pendiente
PP-003571,O-003571,PR-00291,Bailly SA,2025-08-21,30 días,2025-09-20,,2593.88,Pendiente
PP-003572,O-003572,PR-00730,Pichon S.A.,2025-08-10,90 días,2025-11-08,2025-08-26,2776.8,Pagado
PP-003573,O-003573,PR-00293,Jacob et Fils,2025-07-21,60 días,2025-09-19,2025-08-27,10165.01,Pagado
PP-003574,O-003574,PR-01176,Vidal,2025-08-05,30 días,2025-09-04,2025-08-27,1370.25,Pagado
PP-003575,O-003575,PR-01234,Mendès Bertin et Fils,2025-08-24,30 días,2025-09-23,,2897.96,Pendiente
PP-003576,O-003576,PR-01234,Mendès Bertin et Fils,2025-07-16,30 días,2025-08-15,2025-07-19,3517.08,Pagado
PP-003577,O-003577,PR-00795,Deschamps Guyon et Fils,2025-08-05,90 días,2025-11-03,,734.01,Pendiente
PP-003578,O-003578,PR-00296,Gautier SARL,2025-07-11,Contado,2025-07-11,,6902.94,Pendiente
PP-003579,O-003579,PR-01421,Jourdan,2025-08-22,30 días,2025-09-21,,1878.33,Pendiente
PP-003580,O-003580,PR-01232,Lecomte Rousset SARL,2025-08-21,30 días,2025-09-20,,1613.75,Pendiente
PP-003581,O-003581,PR-00298,Joseph S.A.R.L.,2025-07-19,60 días,2025-09-17,,2322.0,Pendiente
PP-003582,O-003582,PR-01155,Poirier,2025-08-13,90 días,2025-11-11,,2549.52,Pendiente
PP-003583,O-003583,PR-00300,Descamps,2025-08-15,90 días,2025-11-13,,3269.22,Pendiente
PP-003584,O-003584,PR-00328,Faure,2025-07-23,60 días,2025-09-21,2025-08-05,1591.85,Pagado
PP-003585,O-003585,PR-00329,Lagarde et Fils,2025-08-24,90 días,2025-11-22,,2925.6,Pendiente
PP-003586,O-003586,PR-01195,Blot,2025-07-22,90 días,2025-10-20,2025-10-03,3404.8,Pagado
PP-003587,O-003587,PR-00318,Pascal De Oliveira S.A.R.L.,2025-07-29,90 días,2025-10-27,2025-10-19,2373.75,Pagado
PP-003588,O-003588,PR-01066,Roux,2025-08-13,60 días,2025-10-12,2025-09-28,5590.25,Pagado
PP-003589,O-003589,PR-01066,Roux,2025-07-24,60 días,2025-09-22,,874.24,Pendiente
PP-003590,O-003590,PR-00293,Jacob et Fils,2025-07-13,60 días,2025-09-11,2025-08-18,6268.08,Pagado
PP-003591,O-003591,PR-00795,Deschamps Guyon et Fils,2025-08-11,90 días,2025-11-09,2025-09-06,3435.9,Pagado
PP-003592,O-003592,PR-00296,Gautier SARL,2025-07-22,Contado,2025-07-22,2025-07-22,3442.5,Pagado
PP-003593,O-003593,PR-00297,Grondin Arnaud S.A.,2025-07-25,60 días,2025-09-23,,818.38,Pendiente
PP-003594,O-003594,PR-01232,Lecomte Rousset SARL,2025-07-14,30 días,2025-08-13,2025-07-22,8006.22,Pagado
PP-003595,O-003595,PR-00320,Munoz,2025-08-27,60 días,2025-10-26,,252.96,Pendiente
PP-003596,O-003596,PR-00322,Chauvet,2025-08-27,Contado,2025-08-27,,2434.23,Retrasado
PP-003597,O-003597,PR-00323,Becker,2025-07-16,30 días,2025-08-15,2025-08-01,10368.0,Pagado
PP-003598,O-003598,PR-01366,Benoit,2025-07-26,60 días,2025-09-24,2025-09-05,4481.75,Pagado
PP-003599,O-003599,PR-00300,Descamps,2025-08-05,90 días,2025-11-03,,719.28,Pendiente
PP-003600,O-003600,PR-00301,Dias Dias SA,2025-08-05,60 días,2025-10-04,,1674.42,Pendiente
PP-003601,O-003601,PR-01069,Duval,2025-08-27,60 días,2025-10-26,2025-09-07,4143.96,Pagado
PP-003602,O-003602,PR-00315,Laurent S.A.S.,2025-08-03,60 días,2025-10-02,,3374.58,Pendiente
PP-003603,O-003603,PR-01145,Coste Dupont SA,2025-08-17,30 días,2025-09-16,,9035.5,Pendiente
PP-003604,O-003604,PR-00318,Pascal De Oliveira S.A.R.L.,2025-07-12,90 días,2025-10-10,,9383.82,Pendiente
PP-003605,O-003605,PR-00318,Pascal De Oliveira S.A.R.L.,2025-07-20,90 días,2025-10-18,2025-10-05,10003.0,Pagado
PP-003606,O-003606,PR-00319,Toussaint,2025-08-10,90 días,2025-11-08,,8172.16,Pendiente
PP-003607,O-003607,PR-00319,Toussaint,2025-07-15,90 días,2025-10-13,,9191.04,Pendiente
PP-003608,O-003608,PR-00675,Perez,2025-08-08,60 días,2025-10-07,2025-08-08,2214.5,Pagado
PP-003609,O-003609,PR-01066,Roux,2025-07-26,60 días,2025-09-24,2025-08-10,6775.35,Pagado
PP-003610,O-003610,PR-00629,Muller et Fils,2025-07-20,60 días,2025-09-18,2025-08-13,4904.92,Pagado
PP-003611,O-003611,PR-00294,Blanchet,2025-08-19,90 días,2025-11-17,2025-08-20,1537.2,Pagado
PP-003612,O-003612,PR-01234,Mendès Bertin et Fils,2025-08-05,30 días,2025-09-04,,8478.0,Pendiente
PP-003613,O-003613,PR-00295,Salmon et Fils,2025-07-01,60 días,2025-08-30,2025-07-07,4465.9,Pagado
PP-003614,O-003614,PR-00297,Grondin Arnaud S.A.,2025-07-12,60 días,2025-09-10,2025-09-07,344.24,Pagado
PP-003615,O-003615,PR-00323,Becker,2025-07-23,30 días,2025-08-22,,11240.52,Retrasado
PP-003616,O-003616,PR-00300,Descamps,2025-07-30,90 días,2025-10-28,2025-10-22,8634.36,Pagado
PP-003617,O-003617,PR-00664,Leclerc,2025-07-20,30 días,2025-08-19,,4359.6,Retrasado
PP-003618,O-003618,PR-01175,Boucher S.A.S.,2025-08-20,90 días,2025-11-18,,2245.2,Pendiente
PP-003619,O-003619,PR-00973,Texier,2025-08-07,90 días,2025-11-05,,1830.57,Pendiente
PP-003620,O-003620,PR-00328,Faure,2025-07-01,60 días,2025-08-30,2025-07-28,3960.6,Pagado
PP-003621,O-003621,PR-01070,Ribeiro Pruvost S.A.R.L.,2025-07-30,30 días,2025-08-29,2025-08-15,1759.42,Pagado
PP-003622,O-003622,PR-00289,Pereira Bouvet S.A.R.L.,2025-08-21,60 días,2025-10-20,2025-09-07,2330.27,Pagado
PP-003623,O-003623,PR-00292,Dupuy,2025-08-17,60 días,2025-10-16,,1250.4,Pendiente
PP-003624,O-003624,PR-00844,Cohen,2025-08-17,30 días,2025-09-16,,7732.8,Pendiente
PP-003625,O-003625,PR-00629,Muller et Fils,2025-07-12,60 días,2025-09-10,2025-09-07,1634.1,Pagado
PP-003626,O-003626,PR-01232,Lecomte Rousset SARL,2025-08-08,30 días,2025-09-07,2025-09-06,4390.02,Pagado
PP-003627,O-003627,PR-00321,Pelletier SA,2025-07-05,60 días,2025-09-03,2025-07-12,709.52,Pagado
PP-003628,O-003628,PR-00324,Gérard S.A.S.,2025-08-07,90 días,2025-11-05,,2558.96,Pendiente
PP-003629,O-003629,PR-00299,Texier S.A.R.L.,2025-07-17,60 días,2025-09-15,2025-09-12,4321.5,Pagado
PP-003630,O-003630,PR-01130,Millet Lecoq SARL,2025-07-25,60 días,2025-09-23,2025-08-01,3360.0,Pagado
PP-003631,O-003631,PR-01069,Duval,2025-07-13,60 días,2025-09-11,2025-08-24,3028.08,Pagado
PP-003632,O-003632,PR-01175,Boucher S.A.S.,2025-08-05,90 días,2025-11-03,,6410.6,Pendiente
PP-003633,O-003633,PR-01195,Blot,2025-07-23,90 días,2025-10-21,2025-09-04,1527.12,Pagado
PP-003634,O-003634,PR-00315,Laurent S.A.S.,2025-07-09,60 días,2025-09-07,2025-07-31,11318.76,Pagado
PP-003635,O-003635,PR-01145,Coste Dupont SA,2025-07-16,30 días,2025-08-15,2025-07-29,10859.15,Pagado
PP-003636,O-003636,PR-01145,Coste Dupont SA,2025-07-01,30 días,2025-07-31,,624.26,Pendiente
PP-003637,O-003637,PR-00316,Gimenez,2025-07-15,30 días,2025-08-14,2025-07-17,2642.82,Pagado
PP-003638,O-003638,PR-01199,Renault Delannoy S.A.S.,2025-08-01,60 días,2025-09-30,2025-08-19,13260.58,Pagado
PP-003639,O-003639,PR-00319,Toussaint,2025-07-07,90 días,2025-10-05,,2682.55,Pendiente
PP-003640,O-003640,PR-00319,Toussaint,2025-08-07,90 días,2025-11-05,2025-10-04,11380.05,Pagado
PP-003641,O-003641,PR-00288,Weber SARL,2025-08-01,60 días,2025-09-30,,3301.62,Pendiente
PP-003642,O-003642,PR-00893,Tessier Marie SARL,2025-08-04,90 días,2025-11-02,2025-09-25,598.46,Pagado
PP-003643,O-003643,PR-00786,Lejeune,2025-08-17,30 días,2025-09-16,,2879.76,Pendiente
PP-003644,O-003644,PR-00844,Cohen,2025-08-28,30 días,2025-09-27,2025-09-03,9292.77,Pagado
PP-003645,O-003645,PR-00321,Pelletier SA,2025-07-03,60 días,2025-09-01,2025-07-06,3398.98,Pagado
PP-003646,O-003646,PR-00323,Becker,2025-07-02,30 días,2025-08-01,,1694.16,Pendiente
PP-003647,O-003647,PR-01130,Millet Lecoq SARL,2025-08-19,60 días,2025-10-18,2025-09-27,4100.95,Pagado
PP-003648,O-003648,PR-00301,Dias Dias SA,2025-08-17,60 días,2025-10-16,,2181.47,Pendiente
PP-003649,O-003649,PR-01175,Boucher S.A.S.,2025-07-10,90 días,2025-10-08,2025-09-28,5192.55,Pagado
PP-003650,O-003650,PR-01195,Blot,2025-07-07,90 días,2025-10-05,,4773.15,Pendiente
PP-003651,O-003651,PR-01145,Coste Dupont SA,2025-08-09,30 días,2025-09-08,2025-08-31,6895.02,Pagado
PP-003652,O-003652,PR-00317,Moreau S.A.R.L.,2025-07-11,90 días,2025-10-09,,4599.98,Pendiente
PP-003653,O-003653,PR-00317,Moreau S.A.R.L.,2025-08-26,90 días,2025-11-24,,459.42,Pendiente
PP-003654,O-003654,PR-00319,Toussaint,2025-06-30,90 días,2025-09-28,,988.1,Pendiente
PP-003655,O-003655,PR-00319,Toussaint,2025-08-01,90 días,2025-10-30,2025-08-13,10479.7,Pagado
PP-003656,O-003656,PR-00893,Tessier Marie SARL,2025-08-01,90 días,2025-10-30,2025-09-15,8490.3,Pagado
PP-003657,O-003657,PR-00290,Rodriguez Nguyen SA,2025-07-09,30 días,2025-08-08,2025-07-29,2223.48,Pagado
PP-003658,O-003658,PR-01234,Mendès Bertin et Fils,2025-08-11,30 días,2025-09-10,,4574.67,Pendiente
PP-003659,O-003659,PR-00297,Grondin Arnaud S.A.,2025-08-15,60 días,2025-10-14,,4877.64,Pendiente
PP-003660,O-003660,PR-00297,Grondin Arnaud S.A.,2025-07-28,60 días,2025-09-26,,403.52,Pendiente
PP-003661,O-003661,PR-01175,Boucher S.A.S.,2025-07-16,90 días,2025-10-14,2025-10-04,3948.04,Pagado
PP-003662,O-003662,PR-00973,Texier,2025-08-03,90 días,2025-11-01,2025-10-18,1653.85,Pagado
PP-003663,O-003663,PR-00328,Faure,2025-08-26,60 días,2025-10-25,,9805.6,Pendiente
PP-003664,O-003664,PR-00328,Faure,2025-07-19,60 días,2025-09-17,,5803.8,Pendiente
PP-003665,O-003665,PR-01195,Blot,2025-07-25,90 días,2025-10-23,,9161.64,Pendiente
PP-003666,O-003666,PR-00316,Gimenez,2025-07-27,30 días,2025-08-26,,508.8,Pendiente
PP-003667,O-003667,PR-01199,Renault Delannoy S.A.S.,2025-08-20,60 días,2025-10-19,2025-10-12,4189.65,Pagado
PP-003668,O-003668,PR-00319,Toussaint,2025-08-05,90 días,2025-11-03,,3727.43,Pendiente
PP-003669,O-003669,PR-00319,Toussaint,2025-07-15,90 días,2025-10-13,2025-08-19,435.42,Pagado
PP-003670,O-003670,PR-00675,Perez,2025-07-01,60 días,2025-08-30,,2490.4,Pendiente
PP-003671,O-003671,PR-00675,Perez,2025-07-12,60 días,2025-09-10,,8681.31,Pendiente
PP-003672,O-003672,PR-00893,Tessier Marie SARL,2025-07-23,90 días,2025-10-21,,1778.14,Pendiente
PP-003673,O-003673,PR-01066,Roux,2025-08-23,60 días,2025-10-22,,2029.44,Pendiente
PP-003674,O-003674,PR-01415,Dufour Leduc SA,2025-06-30,60 días,2025-08-29,,9989.76,Pendiente
PP-003675,O-003675,PR-00293,Jacob et Fils,2025-08-22,60 días,2025-10-21,,2765.97,Pendiente
PP-003676,O-003676,PR-00629,Muller et Fils,2025-07-06,60 días,2025-09-04,,9105.92,Pendiente
PP-003677,O-003677,PR-00294,Blanchet,2025-08-11,90 días,2025-11-09,2025-09-12,7445.72,Pagado
PP-003678,O-003678,PR-00325,Voisin S.A.,2025-08-24,90 días,2025-11-22,2025-10-11,8034.88,Pagado
PP-003679,O-003679,PR-01285,Petitjean S.A.,2025-08-26,30 días,2025-09-25,,72.45,Pendiente
PP-003680,O-003680,PR-00973,Texier,2025-08-15,90 días,2025-11-13,,1982.24,Pendiente
PP-003681,O-003681,PR-01285,Petitjean S.A.,2025-06-30,30 días,2025-07-30,,9044.47,Pendiente
PP-003682,O-003682,PR-01195,Blot,2025-07-21,90 días,2025-10-19,,5594.45,Pendiente
PP-003683,O-003683,PR-00315,Laurent S.A.S.,2025-08-27,60 días,2025-10-26,,5298.48,Pendiente
PP-003684,O-003684,PR-00316,Gimenez,2025-07-05,30 días,2025-08-04,,11546.88,Pendiente
PP-003685,O-003685,PR-01145,Coste Dupont SA,2025-08-05,30 días,2025-09-04,2025-08-30,4837.35,Pagado
PP-003686,O-003686,PR-00288,Weber SARL,2025-08-17,60 días,2025-10-16,2025-09-20,8150.82,Pagado
PP-003687,O-003687,PR-00675,Perez,2025-08-15,60 días,2025-10-14,,5768.1,Pendiente
PP-003688,O-003688,PR-00290,Rodriguez Nguyen SA,2025-07-09,30 días,2025-08-08,2025-08-04,927.3,Pagado
PP-003689,O-003689,PR-00291,Bailly SA,2025-08-03,30 días,2025-09-02,2025-08-13,6086.85,Pagado
PP-003690,O-003690,PR-00730,Pichon S.A.,2025-07-04,90 días,2025-10-02,,10034.7,Pendiente
PP-003691,O-003691,PR-00844,Cohen,2025-08-11,30 días,2025-09-10,2025-08-26,8888.04,Pagado
PP-003692,O-003692,PR-00629,Muller et Fils,2025-06-30,60 días,2025-08-29,,492.96,Pendiente
PP-003693,O-003693,PR-00908,Roche Leclerc S.A.R.L.,2025-07-16,90 días,2025-10-14,2025-08-25,1896.75,Pagado
PP-003694,O-003694,PR-00294,Blanchet,2025-08-25,90 días,2025-11-23,,11574.64,Pendiente
PP-003695,O-003695,PR-01234,Mendès Bertin et Fils,2025-08-14,30 días,2025-09-13,2025-08-26,5235.5,Pagado
PP-003696,O-003696,PR-00295,Salmon et Fils,2025-07-15,60 días,2025-09-13,2025-09-08,2528.64,Pagado
PP-003697,O-003697,PR-00297,Grondin Arnaud S.A.,2025-07-14,60 días,2025-09-12,,4393.98,Pendiente
PP-003698,O-003698,PR-00297,Grondin Arnaud S.A.,2025-07-18,60 días,2025-09-16,2025-08-21,5424.0,Pagado
PP-003699,O-003699,PR-01175,Boucher S.A.S.,2025-08-20,90 días,2025-11-18,,2619.98,Pendiente
PP-003700,O-003700,PR-00892,Merle Lamy S.A.R.L.,2025-08-18,90 días,2025-11-16,,1729.27,Pendiente
PP-003701,O-003701,PR-01145,Coste Dupont SA,2025-08-01,30 días,2025-08-31,2025-08-30,3438.0,Pagado
PP-003702,O-003702,PR-01145,Coste Dupont SA,2025-08-24,30 días,2025-09-23,2025-08-26,5740.02,Pagado
PP-003703,O-003703,PR-00316,Gimenez,2025-07-12,30 días,2025-08-11,2025-07-30,10245.0,Pagado
PP-003704,O-003704,PR-00318,Pascal De Oliveira S.A.R.L.,2025-08-20,90 días,2025-11-18,2025-10-11,2128.17,Pagado
PP-003705,O-003705,PR-00318,Pascal De Oliveira S.A.R.L.,2025-07-06,90 días,2025-10-04,2025-07-09,3963.08,Pagado
PP-003706,O-003706,PR-00318,Pascal De Oliveira S.A.R.L.,2025-07-07,90 días,2025-10-05,,8353.52,Pendiente
PP-003707,O-003707,PR-00318,Pascal De Oliveira S.A.R.L.,2025-07-12,90 días,2025-10-10,,5710.4,Pendiente
PP-003708,O-003708,PR-00290,Rodriguez Nguyen SA,2025-08-13,30 días,2025-09-12,2025-09-04,5119.43,Pagado
PP-003709,O-003709,PR-00292,Dupuy,2025-08-01,60 días,2025-09-30,,297.5,Pendiente
PP-003710,O-003710,PR-00629,Muller et Fils,2025-08-12,60 días,2025-10-11,2025-08-25,8372.16,Pagado
PP-003711,O-003711,PR-01234,Mendès Bertin et Fils,2025-07-21,30 días,2025-08-20,2025-07-21,1654.78,Pagado
PP-003712,O-003712,PR-00325,Voisin S.A.,2025-07-28,90 días,2025-10-26,2025-10-18,4188.69,Pagado
PP-003713,O-003713,PR-00326,Colas Dupré S.A.R.L.,2025-07-16,60 días,2025-09-14,,5949.21,Pendiente
PP-003714,O-003714,PR-00328,Faure,2025-07-14,60 días,2025-09-12,2025-07-28,4667.85,Pagado
PP-003715,O-003715,PR-00315,Laurent S.A.S.,2025-08-14,60 días,2025-10-13,,956.76,Pendiente
PP-003716,O-003716,PR-01199,Renault Delannoy S.A.S.,2025-08-06,60 días,2025-10-05,2025-08-17,1279.32,Pagado
PP-003717,O-003717,PR-01415,Dufour Leduc SA,2025-08-27,60 días,2025-10-26,,3501.9,Pendiente
PP-003718,O-003718,PR-00795,Deschamps Guyon et Fils,2025-07-13,90 días,2025-10-11,2025-09-23,6370.02,Pagado
PP-003719,O-003719,PR-00795,Deschamps Guyon et Fils,2025-07-22,90 días,2025-10-20,,5306.72,Pendiente
PP-003720,O-003720,PR-01285,Petitjean S.A.,2025-08-11,30 días,2025-09-10,2025-08-12,8884.08,Pagado
PP-003721,O-003721,PR-00328,Faure,2025-08-11,60 días,2025-10-10,2025-09-26,415.45,Pagado
PP-003722,O-003722,PR-00329,Lagarde et Fils,2025-07-21,90 días,2025-10-19,2025-08-02,5512.52,Pagado
PP-003723,O-003723,PR-00316,Gimenez,2025-08-23,30 días,2025-09-22,2025-08-29,7978.5,Pagado
PP-003724,O-003724,PR-00318,Pascal De Oliveira S.A.R.L.,2025-07-31,90 días,2025-10-29,2025-09-06,6802.51,Pagado
PP-003725,O-003725,PR-00288,Weber SARL,2025-07-20,60 días,2025-09-18,2025-09-06,2214.24,Pagado
PP-003726,O-003726,PR-00289,Pereira Bouvet S.A.R.L.,2025-08-12,60 días,2025-10-11,,2020.2,Pendiente
PP-003727,O-003727,PR-00291,Bailly SA,2025-08-04,30 días,2025-09-03,,7448.0,Pendiente
PP-003728,O-003728,PR-00629,Muller et Fils,2025-08-08,60 días,2025-10-07,2025-08-09,3425.62,Pagado
PP-003729,O-003729,PR-01234,Mendès Bertin et Fils,2025-08-20,30 días,2025-09-19,2025-09-05,2825.2,Pagado
PP-003730,O-003730,PR-00297,Grondin Arnaud S.A.,2025-08-13,60 días,2025-10-12,2025-08-24,767.09,Pagado
PP-003731,O-003731,PR-01469,Chevalier Robert et Fils,2025-08-26,60 días,2025-10-25,2025-09-17,206.64,Pagado
PP-003732,O-003732,PR-01175,Boucher S.A.S.,2025-07-02,90 días,2025-09-30,,4841.04,Pendiente
PP-003733,O-003733,PR-00328,Faure,2025-07-25,60 días,2025-09-23,,11643.06,Pendiente
PP-003734,O-003734,PR-00328,Faure,2025-08-28,60 días,2025-10-27,,4772.7,Pendiente
PP-003735,O-003735,PR-00892,Merle Lamy S.A.R.L.,2025-08-03,90 días,2025-11-01,,5936.36,Pendiente
PP-003736,O-003736,PR-00315,Laurent S.A.S.,2025-07-13,60 días,2025-09-11,2025-08-04,259.75,Pagado
PP-003737,O-003737,PR-00315,Laurent S.A.S.,2025-08-02,60 días,2025-10-01,2025-09-21,4907.5,Pagado
PP-003738,O-003738,PR-01145,Coste Dupont SA,2025-07-24,30 días,2025-08-23,2025-08-05,1907.26,Pagado
PP-003739,O-003739,PR-01070,Ribeiro Pruvost S.A.R.L.,2025-08-10,30 días,2025-09-09,2025-08-21,6649.89,Pagado
PP-003740,O-003740,PR-00288,Weber SARL,2025-07-12,60 días,2025-09-10,,6816.42,Pendiente
PP-003741,O-003741,PR-00288,Weber SARL,2025-08-22,60 días,2025-10-21,,2705.79,Pendiente
PP-003742,O-003742,PR-01029,Wagner SA,2025-07-02,60 días,2025-08-31,,2063.04,Pendiente
PP-003743,O-003743,PR-00844,Cohen,2025-08-22,30 días,2025-09-21,2025-09-13,1987.18,Pagado
PP-003744,O-003744,PR-00294,Blanchet,2025-08-20,90 días,2025-11-18,,2186.52,Pendiente
PP-003745,O-003745,PR-00296,Gautier SARL,2025-08-27,Contado,2025-08-27,2025-08-27,4066.5,Pagado
PP-003746,O-003746,PR-01175,Boucher S.A.S.,2025-07-03,90 días,2025-10-01,2025-07-21,2011.68,Pagado
PP-003747,O-003747,PR-00641,Roux,2025-07-20,90 días,2025-10-18,2025-10-10,5945.31,Pagado
PP-003748,O-003748,PR-00328,Faure,2025-07-07,60 días,2025-09-05,2025-07-11,8928.93,Pagado
PP-003749,O-003749,PR-00328,Faure,2025-08-10,60 días,2025-10-09,,620.49,Pendiente
PP-003750,O-003750,PR-00315,Laurent S.A.S.,2025-08-20,60 días,2025-10-19,,4373.07,Pendiente
PP-003751,O-003751,PR-00318,Pascal De Oliveira S.A.R.L.,2025-07-07,90 días,2025-10-05,,1329.4,Pendiente
PP-003752,O-003752,PR-00319,Toussaint,2025-07-01,90 días,2025-09-29,,3554.46,Pendiente
PP-003753,O-003753,PR-00292,Dupuy,2025-07-01,60 días,2025-08-30,,10098.0,Pendiente
PP-003754,O-003754,PR-00629,Muller et Fils,2025-07-04,60 días,2025-09-02,,8306.76,Pendiente
PP-003755,O-003755,PR-00297,Grondin Arnaud S.A.,2025-07-04,60 días,2025-09-02,2025-08-01,11289.72,Pagado
PP-003756,O-003756,PR-01045,Valette S.A.S.,2025-06-30,60 días,2025-08-29,2025-07-25,1726.08,Pagado
PP-003757,O-003757,PR-01285,Petitjean S.A.,2025-07-24,30 días,2025-08-23,2025-08-02,2937.44,Pagado
PP-003758,O-003758,PR-00328,Faure,2025-07-24,60 días,2025-09-22,,7608.06,Pendiente
PP-003759,O-003759,PR-00892,Merle Lamy S.A.R.L.,2025-07-24,90 días,2025-10-22,,3366.51,Pendiente
PP-003760,O-003760,PR-01195,Blot,2025-08-19,90 días,2025-11-17,,7137.36,Pendiente
PP-003761,O-003761,PR-00317,Moreau S.A.R.L.,2025-08-10,90 días,2025-11-08,,5936.8,Pendiente
PP-003762,O-003762,PR-00317,Moreau S.A.R.L.,2025-07-29,90 días,2025-10-27,,754.8,Pendiente
PP-003763,O-003763,PR-00318,Pascal De Oliveira S.A.R.L.,2025-08-21,90 días,2025-11-19,,10423.68,Pendiente
PP-003764,O-003764,PR-01029,Wagner SA,2025-08-14,60 días,2025-10-13,2025-09-16,8769.21,Pagado
PP-003765,O-003765,PR-00292,Dupuy,2025-07-18,60 días,2025-09-16,2025-07-23,12964.48,Pagado
PP-003766,O-003766,PR-00795,Deschamps Guyon et Fils,2025-07-21,90 días,2025-10-19,,608.64,Pendiente
PP-003767,O-003767,PR-00295,Salmon et Fils,2025-08-27,60 días,2025-10-26,2025-10-10,12162.66,Pagado
PP-003768,O-003768,PR-00296,Gautier SARL,2025-08-02,Contado,2025-08-02,2025-08-02,6347.62,Pagado
PP-003769,O-003769,PR-01045,Valette S.A.S.,2025-08-01,60 días,2025-09-30,2025-09-04,943.74,Pagado
PP-003770,O-003770,PR-00329,Lagarde et Fils,2025-08-14,90 días,2025-11-12,,4104.8,Pendiente
PP-003771,O-003771,PR-00315,Laurent S.A.S.,2025-08-01,60 días,2025-09-30,2025-08-09,4357.76,Pagado
PP-003772,O-003772,PR-01195,Blot,2025-08-23,90 días,2025-11-21,,3060.64,Pendiente
PP-003773,O-003773,PR-00315,Laurent S.A.S.,2025-08-02,60 días,2025-10-01,,3593.85,Pendiente
PP-003774,O-003774,PR-01199,Renault Delannoy S.A.S.,2025-08-05,60 días,2025-10-04,,2712.68,Pendiente
PP-003775,O-003775,PR-01066,Roux,2025-07-06,60 días,2025-09-04,2025-07-22,2274.6,Pagado
PP-003776,O-003776,PR-00786,Lejeune,2025-07-28,30 días,2025-08-27,2025-08-22,193.66,Pagado
PP-003777,O-003777,PR-01415,Dufour Leduc SA,2025-08-07,60 días,2025-10-06,2025-09-03,9492.6,Pagado
PP-003778,O-003778,PR-00294,Blanchet,2025-08-24,90 días,2025-11-22,2025-09-10,6019.99,Pagado
PP-003779,O-003779,PR-01469,Chevalier Robert et Fils,2025-08-03,60 días,2025-10-02,2025-08-27,7173.2,Pagado
PP-003780,O-003780,PR-00973,Texier,2025-07-17,90 días,2025-10-15,,3487.54,Pendiente
PP-003781,O-003781,PR-00892,Merle Lamy S.A.R.L.,2025-08-18,90 días,2025-11-16,2025-09-13,6639.0,Pagado
PP-003782,O-003782,PR-00315,Laurent S.A.S.,2025-07-15,60 días,2025-09-13,,9716.8,Pendiente
PP-003783,O-003783,PR-01145,Coste Dupont SA,2025-08-20,30 días,2025-09-19,,2207.7,Pendiente
PP-003784,O-003784,PR-01070,Ribeiro Pruvost S.A.R.L.,2025-07-20,30 días,2025-08-19,2025-08-18,921.92,Pagado
PP-003785,O-003785,PR-00288,Weber SARL,2025-08-03,60 días,2025-10-02,,4974.0,Pendiente
PP-003786,O-003786,PR-00290,Rodriguez Nguyen SA,2025-07-10,30 días,2025-08-09,2025-07-18,95.8,Pagado
PP-003787,O-003787,PR-00293,Jacob et Fils,2025-08-07,60 días,2025-10-06,,12742.89,Pendiente
PP-003788,O-003788,PR-00294,Blanchet,2025-07-10,90 días,2025-10-08,,5621.73,Pendiente
PP-003789,O-003789,PR-01234,Mendès Bertin et Fils,2025-06-30,30 días,2025-07-30,2025-07-23,5057.2,Pagado
PP-003790,O-003790,PR-01421,Jourdan,2025-07-26,30 días,2025-08-25,2025-07-30,7619.04,Pagado
PP-003791,O-003791,PR-00297,Grondin Arnaud S.A.,2025-08-12,60 días,2025-10-11,,486.92,Pendiente
PP-003792,O-003792,PR-01045,Valette S.A.S.,2025-08-05,60 días,2025-10-04,2025-09-30,667.26,Pagado
PP-003793,O-003793,PR-01469,Chevalier Robert et Fils,2025-08-25,60 días,2025-10-24,,1091.52,Pendiente
PP-003794,O-003794,PR-00326,Colas Dupré S.A.R.L.,2025-07-25,60 días,2025-09-23,,4389.01,Pendiente
PP-003795,O-003795,PR-00326,Colas Dupré S.A.R.L.,2025-07-03,60 días,2025-09-01,,3058.92,Pendiente
PP-003796,O-003796,PR-00327,Alexandre,2025-07-15,90 días,2025-10-13,2025-09-15,644.3,Pagado
PP-003797,O-003797,PR-00892,Merle Lamy S.A.R.L.,2025-07-07,90 días,2025-10-05,2025-08-03,772.44,Pagado
PP-003798,O-003798,PR-01195,Blot,2025-07-22,90 días,2025-10-20,2025-08-03,10175.74,Pagado
PP-003799,O-003799,PR-01145,Coste Dupont SA,2025-06-30,30 días,2025-07-30,2025-07-20,4333.98,Pagado
PP-003800,O-003800,PR-01070,Ribeiro Pruvost S.A.R.L.,2025-08-26,30 días,2025-09-25,,107.2,Pendiente
PP-003801,O-003801,PR-00318,Pascal De Oliveira S.A.R.L.,2025-08-11,90 días,2025-11-09,,2553.34,Pendiente
PP-003802,O-003802,PR-00288,Weber SARL,2025-08-03,60 días,2025-10-02,2025-08-18,4639.14,Pagado
PP-003803,O-003803,PR-00291,Bailly SA,2025-07-27,30 días,2025-08-26,2025-08-18,5236.65,Pagado
PP-003804,O-003804,PR-00908,Roche Leclerc S.A.R.L.,2025-07-09,90 días,2025-10-07,2025-07-13,7101.33,Pagado
PP-003805,O-003805,PR-00294,Blanchet,2025-08-10,90 días,2025-11-08,2025-10-14,949.9,Pagado
PP-003806,O-003806,PR-01421,Jourdan,2025-08-17,30 días,2025-09-16,,5489.55,Pendiente
PP-003807,O-003807,PR-00297,Grondin Arnaud S.A.,2025-07-19,60 días,2025-09-17,,2794.12,Pendiente
PP-003808,O-003808,PR-01175,Boucher S.A.S.,2025-07-02,90 días,2025-09-30,,4466.5,Pendiente
PP-003809,O-003809,PR-00329,Lagarde et Fils,2025-08-08,90 días,2025-11-06,2025-10-13,5095.8,Pagado
PP-003810,O-003810,PR-00315,Laurent S.A.S.,2025-08-17,60 días,2025-10-16,,6622.0,Pendiente
PP-003811,O-003811,PR-00319,Toussaint,2025-08-06,90 días,2025-11-04,,3281.66,Pendiente
PP-003812,O-003812,PR-00288,Weber SARL,2025-08-20,60 días,2025-10-19,,1687.56,Pendiente
PP-003813,O-003813,PR-00288,Weber SARL,2025-08-13,60 días,2025-10-12,,2493.6,Pendiente
PP-003814,O-003814,PR-00289,Pereira Bouvet S.A.R.L.,2025-07-05,60 días,2025-09-03,2025-07-31,5171.42,Pagado
PP-003815,O-003815,PR-00675,Perez,2025-08-28,60 días,2025-10-27,2025-10-01,6939.75,Pagado
PP-003816,O-003816,PR-00290,Rodriguez Nguyen SA,2025-07-12,30 días,2025-08-11,2025-07-28,8860.0,Pagado
PP-003817,O-003817,PR-01066,Roux,2025-08-26,60 días,2025-10-25,,5329.8,Pendiente
PP-003818,O-003818,PR-00293,Jacob et Fils,2025-08-15,60 días,2025-10-14,,3012.75,Pendiente
PP-003819,O-003819,PR-00844,Cohen,2025-07-11,30 días,2025-08-10,2025-07-28,431.55,Pagado
PP-003820,O-003820,PR-01421,Jourdan,2025-08-12,30 días,2025-09-11,2025-09-09,472.59,Pagado
PP-003821,O-003821,PR-00296,Gautier SARL,2025-07-05,Contado,2025-07-05,2025-07-05,5410.44,Pagado
PP-003822,O-003822,PR-00892,Merle Lamy S.A.R.L.,2025-07-13,90 días,2025-10-11,,7095.3,Pendiente
PP-003823,O-003823,PR-00329,Lagarde et Fils,2025-07-04,90 días,2025-10-02,2025-09-14,6802.14,Pagado
PP-003824,O-003824,PR-01145,Coste Dupont SA,2025-07-26,30 días,2025-08-25,2025-07-31,777.74,Pagado
PP-003825,O-003825,PR-00318,Pascal De Oliveira S.A.R.L.,2025-08-06,90 días,2025-11-04,2025-10-16,2249.4,Pagado
PP-003826,O-003826,PR-00319,Toussaint,2025-08-12,90 días,2025-11-10,2025-10-24,6597.75,Pagado
PP-003827,O-003827,PR-00291,Bailly SA,2025-07-08,30 días,2025-08-07,2025-08-03,1451.99,Pagado
PP-003828,O-003828,PR-01029,Wagner SA,2025-07-03,60 días,2025-09-01,,8172.22,Pendiente
PP-003829,O-003829,PR-01415,Dufour Leduc SA,2025-08-14,60 días,2025-10-13,2025-08-26,7153.82,Pagado
PP-003830,O-003830,PR-00844,Cohen,2025-07-05,30 días,2025-08-04,,5997.7,Retrasado
PP-003831,O-003831,PR-00294,Blanchet,2025-08-25,90 días,2025-11-23,2025-09-29,4977.0,Pagado
PP-003832,O-003832,PR-00795,Deschamps Guyon et Fils,2025-07-22,90 días,2025-10-20,2025-08-05,3122.34,Pagado
PP-003833,O-003833,PR-00297,Grondin Arnaud S.A.,2025-08-26,60 días,2025-10-25,2025-10-13,6023.36,Pagado
PP-003834,O-003834,PR-01045,Valette S.A.S.,2025-07-04,60 días,2025-09-02,2025-08-03,2512.56,Pagado
PP-003835,O-003835,PR-00328,Faure,2025-07-10,60 días,2025-09-08,2025-07-16,7234.24,Pagado
PP-003836,O-003836,PR-01195,Blot,2025-08-18,90 días,2025-11-16,2025-10-05,3428.91,Pagado
PP-003837,O-003837,PR-00318,Pascal De Oliveira S.A.R.L.,2025-08-14,90 días,2025-11-12,,2201.97,Pendiente
PP-003838,O-003838,PR-00318,Pascal De Oliveira S.A.R.L.,2025-07-11,90 días,2025-10-09,,5690.25,Pendiente
PP-003839,O-003839,PR-00319,Toussaint,2025-08-09,90 días,2025-11-07,2025-09-11,4282.2,Pagado
PP-003840,O-003840,PR-00288,Weber SARL,2025-07-13,60 días,2025-09-11,,7062.32,Pendiente
PP-003841,O-003841,PR-01007,Menard S.A.R.L.,2025-08-23,60 días,2025-10-22,2025-10-05,3369.65,Pagado
PP-003842,O-003842,PR-00297,Grondin Arnaud S.A.,2025-07-27,60 días,2025-09-25,,2583.35,Pendiente
PP-003843,O-003843,PR-01045,Valette S.A.S.,2025-07-14,60 días,2025-09-12,2025-08-31,2858.52,Pagado
PP-003844,O-003844,PR-00973,Texier,2025-07-18,90 días,2025-10-16,,1281.68,Pendiente
PP-003845,O-003845,PR-00892,Merle Lamy S.A.R.L.,2025-08-16,90 días,2025-11-14,,307.98,Pendiente
PP-003846,O-003846,PR-01195,Blot,2025-08-06,90 días,2025-11-04,,9662.49,Pendiente
PP-003847,O-003847,PR-00893,Tessier Marie SARL,2025-08-26,90 días,2025-11-24,2025-11-09,289.6,Pagado
PP-003848,O-003848,PR-00289,Pereira Bouvet S.A.R.L.,2025-07-14,60 días,2025-09-12,,6409.29,Pendiente
PP-003849,O-003849,PR-01066,Roux,2025-07-20,60 días,2025-09-18,2025-08-21,1001.88,Pagado
PP-003850,O-003850,PR-00730,Pichon S.A.,2025-07-15,90 días,2025-10-13,2025-08-27,1133.16,Pagado
PP-003851,O-003851,PR-01045,Valette S.A.S.,2025-07-07,60 días,2025-09-05,,8053.75,Pendiente
PP-003852,O-003852,PR-01045,Valette S.A.S.,2025-07-24,60 días,2025-09-22,,3291.12,Pendiente
PP-003853,O-003853,PR-00328,Faure,2025-08-21,60 días,2025-10-20,,1200.57,Pendiente
PP-003854,O-003854,PR-00892,Merle Lamy S.A.R.L.,2025-07-28,90 días,2025-10-26,,422.1,Pendiente
PP-003855,O-003855,PR-01145,Coste Dupont SA,2025-08-16,30 días,2025-09-15,,7088.9,Pendiente
PP-003856,O-003856,PR-01145,Coste Dupont SA,2025-07-06,30 días,2025-08-05,2025-07-08,1289.76,Pagado
PP-003857,O-003857,PR-00319,Toussaint,2025-07-04,90 días,2025-10-02,,9091.81,Pendiente
PP-003858,O-003858,PR-00786,Lejeune,2025-08-25,30 días,2025-09-24,2025-08-29,2116.5,Pagado
PP-003859,O-003859,PR-00291,Bailly SA,2025-08-03,30 días,2025-09-02,2025-08-20,2451.24,Pagado
PP-003860,O-003860,PR-00730,Pichon S.A.,2025-07-04,90 días,2025-10-02,,8191.42,Pendiente
PP-003861,O-003861,PR-01415,Dufour Leduc SA,2025-07-03,60 días,2025-09-01,,6965.92,Pendiente
PP-003862,O-003862,PR-00325,Voisin S.A.,2025-08-18,90 días,2025-11-16,2025-09-15,1254.96,Pagado
PP-003863,O-003863,PR-00327,Alexandre,2025-08-02,90 días,2025-10-31,2025-10-03,8427.24,Pagado
PP-003864,O-003864,PR-01195,Blot,2025-07-05,90 días,2025-10-03,,12475.8,Pendiente
PP-003865,O-003865,PR-01195,Blot,2025-07-03,90 días,2025-10-01,2025-09-07,4849.8,Pagado
PP-003866,O-003866,PR-01145,Coste Dupont SA,2025-08-07,30 días,2025-09-06,2025-08-10,4069.5,Pagado
PP-003867,O-003867,PR-00316,Gimenez,2025-07-13,30 días,2025-08-12,,1509.93,Retrasado
PP-003868,O-003868,PR-00318,Pascal De Oliveira S.A.R.L.,2025-07-10,90 días,2025-10-08,,4916.66,Pendiente
PP-003869,O-003869,PR-00288,Weber SARL,2025-08-06,60 días,2025-10-05,,4931.25,Pendiente
PP-003870,O-003870,PR-00893,Tessier Marie SARL,2025-08-16,90 días,2025-11-14,2025-09-24,293.71,Pagado
PP-003871,O-003871,PR-00893,Tessier Marie SARL,2025-08-11,90 días,2025-11-09,,354.57,Pendiente
PP-003872,O-003872,PR-00675,Perez,2025-07-10,60 días,2025-09-08,,7537.25,Pendiente
PP-003873,O-003873,PR-00675,Perez,2025-08-01,60 días,2025-09-30,,6566.04,Pendiente
PP-003874,O-003874,PR-00730,Pichon S.A.,2025-08-27,90 días,2025-11-25,,4635.51,Pendiente
PP-003875,O-003875,PR-00325,Voisin S.A.,2025-07-16,90 días,2025-10-14,,4245.21,Pendiente
PP-003876,O-003876,PR-00326,Colas Dupré S.A.R.L.,2025-08-09,60 días,2025-10-08,,2125.68,Pendiente
PP-003877,O-003877,PR-00973,Texier,2025-07-22,90 días,2025-10-20,2025-10-02,2379.62,Pagado
PP-003878,O-003878,PR-00328,Faure,2025-07-05,60 días,2025-09-03,,3096.24,Pendiente
PP-003879,O-003879,PR-00315,Laurent S.A.S.,2025-08-21,60 días,2025-10-20,2025-09-16,5487.0,Pagado
PP-003880,O-003880,PR-01199,Renault Delannoy S.A.S.,2025-07-18,60 días,2025-09-16,,338.31,Pendiente
PP-003881,O-003881,PR-00319,Toussaint,2025-08-21,90 días,2025-11-19,2025-11-14,8587.81,Pagado
PP-003882,O-003882,PR-00288,Weber SARL,2025-07-25,60 días,2025-09-23,,3408.66,Pendiente
PP-003883,O-003883,PR-00288,Weber SARL,2025-07-09,60 días,2025-09-07,,1967.84,Pendiente
PP-003884,O-003884,PR-00290,Rodriguez Nguyen SA,2025-07-12,30 días,2025-08-11,2025-08-10,2008.5,Pagado
PP-003885,O-003885,PR-00730,Pichon S.A.,2025-08-08,90 días,2025-11-06,2025-08-26,1922.7,Pagado
PP-003886,O-003886,PR-00292,Dupuy,2025-07-19,60 días,2025-09-17,,12177.48,Pendiente
PP-003887,O-003887,PR-00328,Faure,2025-07-02,60 días,2025-08-31,,1942.08,Pendiente
PP-003888,O-003888,PR-01195,Blot,2025-07-23,90 días,2025-10-21,,12270.58,Pendiente
PP-003889,O-003889,PR-00316,Gimenez,2025-08-01,30 días,2025-08-31,,3645.0,Pendiente
PP-003890,O-003890,PR-00786,Lejeune,2025-08-06,30 días,2025-09-05,2025-09-04,4256.64,Pagado
PP-003891,O-003891,PR-01029,Wagner SA,2025-08-26,60 días,2025-10-25,,8080.56,Pendiente
PP-003892,O-003892,PR-01415,Dufour Leduc SA,2025-07-06,60 días,2025-09-04,,5050.2,Pendiente
PP-003893,O-003893,PR-01415,Dufour Leduc SA,2025-08-09,60 días,2025-10-08,,13749.4,Pendiente
PP-003894,O-003894,PR-00329,Lagarde et Fils,2025-08-18,90 días,2025-11-16,,3308.76,Pendiente
PP-003895,O-003895,PR-00892,Merle Lamy S.A.R.L.,2025-07-19,90 días,2025-10-17,2025-10-14,10741.5,Pagado
PP-003896,O-003896,PR-01145,Coste Dupont SA,2025-08-06,30 días,2025-09-05,2025-08-11,6472.35,Pagado
PP-003897,O-003897,PR-00316,Gimenez,2025-07-26,30 días,2025-08-25,2025-07-28,1764.98,Pagado
PP-003898,O-003898,PR-00318,Pascal De Oliveira S.A.R.L.,2025-08-23,90 días,2025-11-21,2025-10-30,1134.64,Pagado
PP-003899,O-003899,PR-00288,Weber SARL,2025-08-11,60 días,2025-10-10,,2417.46,Pendiente
PP-003900,O-003900,PR-00893,Tessier Marie SARL,2025-08-21,90 días,2025-11-19,,3932.24,Pendiente
PP-003901,O-003901,PR-00325,Voisin S.A.,2025-07-24,90 días,2025-10-22,,1545.48,Pendiente
PP-003902,O-003902,PR-01045,Valette S.A.S.,2025-08-13,60 días,2025-10-12,,2885.4,Pendiente
PP-003903,O-003903,PR-00326,Colas Dupré S.A.R.L.,2025-07-30,60 días,2025-09-28,,5021.6,Pendiente
PP-003904,O-003904,PR-00326,Colas Dupré S.A.R.L.,2025-07-07,60 días,2025-09-05,2025-08-17,9930.42,Pagado
PP-003905,O-003905,PR-00328,Faure,2025-08-18,60 días,2025-10-17,2025-10-16,2888.99,Pagado
PP-003906,O-003906,PR-00315,Laurent S.A.S.,2025-08-21,60 días,2025-10-20,,3642.08,Pendiente
PP-003907,O-003907,PR-01145,Coste Dupont SA,2025-08-15,30 días,2025-09-14,2025-08-27,3621.81,Pagado
PP-003908,O-003908,PR-00316,Gimenez,2025-07-04,30 días,2025-08-03,2025-07-07,4459.52,Pagado
PP-003909,O-003909,PR-00318,Pascal De Oliveira S.A.R.L.,2025-07-20,90 días,2025-10-18,2025-08-14,5202.0,Pagado
PP-003910,O-003910,PR-00319,Toussaint,2025-08-15,90 días,2025-11-13,2025-10-16,1021.02,Pagado
PP-003911,O-003911,PR-01066,Roux,2025-08-13,60 días,2025-10-12,2025-09-21,7364.38,Pagado
PP-003912,O-003912,PR-00292,Dupuy,2025-07-26,60 días,2025-09-24,2025-08-16,4921.08,Pagado
PP-003913,O-003913,PR-00892,Merle Lamy S.A.R.L.,2025-07-30,90 días,2025-10-28,2025-08-05,2103.35,Pagado
PP-003914,O-003914,PR-01429,Bègue Neveu et Fils,2025-07-25,30 días,2025-08-24,2025-07-31,6096.3,Pagado
PP-003915,O-003915,PR-01195,Blot,2025-08-04,90 días,2025-11-02,2025-10-02,3690.75,Pagado
PP-003916,O-003916,PR-01195,Blot,2025-07-27,90 días,2025-10-25,,2414.28,Pendiente
PP-003917,O-003917,PR-01195,Blot,2025-08-24,90 días,2025-11-22,2025-09-08,6880.8,Pagado
PP-003918,O-003918,PR-00318,Pascal De Oliveira S.A.R.L.,2025-08-01,90 días,2025-10-30,2025-08-05,9903.52,Pagado
PP-003919,O-003919,PR-00288,Weber SARL,2025-08-04,60 días,2025-10-03,2025-09-10,10522.2,Pagado
PP-003920,O-003920,PR-00730,Pichon S.A.,2025-08-03,90 días,2025-11-01,,5243.08,Pendiente
PP-003921,O-003921,PR-00291,Bailly SA,2025-08-18,30 días,2025-09-17,2025-09-02,2962.52,Pagado
PP-003922,O-003922,PR-01415,Dufour Leduc SA,2025-07-23,60 días,2025-09-21,2025-08-04,858.87,Pagado
PP-003923,O-003923,PR-00326,Colas Dupré S.A.R.L.,2025-07-25,60 días,2025-09-23,2025-09-01,4321.07,Pagado
PP-003924,O-003924,PR-00326,Colas Dupré S.A.R.L.,2025-08-06,60 días,2025-10-05,2025-09-15,2396.24,Pagado
PP-003925,O-003925,PR-00641,Roux,2025-07-26,90 días,2025-10-24,2025-10-02,794.43,Pagado
PP-003926,O-003926,PR-00329,Lagarde et Fils,2025-07-15,90 días,2025-10-13,,4410.4,Pendiente
PP-003927,O-003927,PR-00316,Gimenez,2025-08-13,30 días,2025-09-12,2025-08-28,3788.8,Pagado
PP-003928,O-003928,PR-01199,Renault Delannoy S.A.S.,2025-08-04,60 días,2025-10-03,2025-09-27,2661.75,Pagado
PP-003929,O-003929,PR-00319,Toussaint,2025-07-31,90 días,2025-10-29,,1794.0,Pendiente
PP-003930,O-003930,PR-01029,Wagner SA,2025-07-18,60 días,2025-09-16,2025-09-01,1807.0,Pagado
PP-003931,O-003931,PR-00326,Colas Dupré S.A.R.L.,2025-08-14,60 días,2025-10-13,2025-08-29,4384.64,Pagado
PP-003932,O-003932,PR-00326,Colas Dupré S.A.R.L.,2025-08-11,60 días,2025-10-10,,5276.6,Pendiente
PP-003933,O-003933,PR-00641,Roux,2025-07-04,90 días,2025-10-02,2025-07-12,6975.96,Pagado
PP-003934,O-003934,PR-00973,Texier,2025-08-16,90 días,2025-11-14,2025-10-05,4235.53,Pagado
PP-003935,O-003935,PR-00328,Faure,2025-08-23,60 días,2025-10-22,,4764.87,Pendiente
PP-003936,O-003936,PR-00328,Faure,2025-08-01,60 días,2025-09-30,,792.18,Pendiente
PP-003937,O-003937,PR-01199,Renault Delannoy S.A.S.,2025-07-07,60 días,2025-09-05,,11986.92,Pendiente
PP-003938,O-003938,PR-00319,Toussaint,2025-08-03,90 días,2025-11-01,,2248.32,Pendiente
PP-003939,O-003939,PR-00319,Toussaint,2025-08-23,90 días,2025-11-21,2025-10-02,5718.72,Pagado
PP-003940,O-003940,PR-00288,Weber SARL,2025-07-17,60 días,2025-09-15,2025-08-03,4754.1,Pagado
PP-003941,O-003941,PR-01007,Menard S.A.R.L.,2025-07-03,60 días,2025-09-01,2025-08-30,4775.72,Pagado
PP-003942,O-003942,PR-00786,Lejeune,2025-08-27,30 días,2025-09-26,,4145.35,Pendiente
PP-003943,O-003943,PR-01045,Valette S.A.S.,2025-07-26,60 días,2025-09-24,,199.2,Pendiente
PP-003944,O-003944,PR-00325,Voisin S.A.,2025-08-22,90 días,2025-11-20,,3615.72,Pendiente
PP-003945,O-003945,PR-00327,Alexandre,2025-08-17,90 días,2025-11-15,,1722.27,Pendiente
PP-003946,O-003946,PR-00327,Alexandre,2025-07-26,90 días,2025-10-24,2025-08-07,1418.58,Pagado
PP-003947,O-003947,PR-00328,Faure,2025-07-20,60 días,2025-09-18,2025-09-06,1065.54,Pagado
PP-003948,O-003948,PR-00892,Merle Lamy S.A.R.L.,2025-07-01,90 días,2025-09-29,2025-09-13,7381.8,Pagado
PP-003949,O-003949,PR-00329,Lagarde et Fils,2025-07-20,90 días,2025-10-18,,2837.97,Pendiente
PP-003950,O-003950,PR-00315,Laurent S.A.S.,2025-07-15,60 días,2025-09-13,,14342.3,Pendiente
PP-003951,O-003951,PR-01195,Blot,2025-08-21,90 días,2025-11-19,,1855.14,Pendiente
PP-003952,O-003952,PR-01145,Coste Dupont SA,2025-07-20,30 días,2025-08-19,2025-07-22,1914.25,Pagado
PP-003953,O-003953,PR-00318,Pascal De Oliveira S.A.R.L.,2025-08-03,90 días,2025-11-01,2025-09-19,2829.75,Pagado
PP-003954,O-003954,PR-01199,Renault Delannoy S.A.S.,2025-08-24,60 días,2025-10-23,2025-09-20,8383.95,Pagado
PP-003955,O-003955,PR-00675,Perez,2025-07-07,60 días,2025-09-05,,1473.78,Pendiente
PP-003956,O-003956,PR-01029,Wagner SA,2025-08-21,60 días,2025-10-20,2025-10-15,11306.98,Pagado
PP-003957,O-003957,PR-01469,Chevalier Robert et Fils,2025-07-20,60 días,2025-09-18,2025-08-13,5353.74,Pagado
PP-003958,O-003958,PR-00325,Voisin S.A.,2025-08-21,90 días,2025-11-19,,4175.2,Pendiente
PP-003959,O-003959,PR-01045,Valette S.A.S.,2025-08-04,60 días,2025-10-03,,3268.8,Pendiente
PP-003960,O-003960,PR-00326,Colas Dupré S.A.R.L.,2025-08-03,60 días,2025-10-02,2025-08-03,5183.71,Pagado
PP-003961,O-003961,PR-00328,Faure,2025-07-16,60 días,2025-09-14,,2867.54,Pendiente
PP-003962,O-003962,PR-00329,Lagarde et Fils,2025-08-27,90 días,2025-11-25,2025-10-06,7159.52,Pagado
PP-003963,O-003963,PR-01145,Coste Dupont SA,2025-08-09,30 días,2025-09-08,,2644.13,Pendiente
PP-003964,O-003964,PR-00316,Gimenez,2025-07-21,30 días,2025-08-20,2025-08-15,2768.5,Pagado
PP-003965,O-003965,PR-00319,Toussaint,2025-08-11,90 días,2025-11-09,2025-08-23,1370.15,Pagado
PP-003966,O-003966,PR-00290,Rodriguez Nguyen SA,2025-07-12,30 días,2025-08-11,,13722.59,Retrasado
PP-003967,O-003967,PR-01007,Menard S.A.R.L.,2025-08-10,60 días,2025-10-09,2025-08-30,2907.83,Pagado
PP-003968,O-003968,PR-00730,Pichon S.A.,2025-07-29,90 días,2025-10-27,2025-09-28,776.62,Pagado
PP-003969,O-003969,PR-00328,Faure,2025-07-20,60 días,2025-09-18,2025-09-05,8488.08,Pagado
PP-003970,O-003970,PR-00315,Laurent S.A.S.,2025-08-10,60 días,2025-10-09,,6560.64,Pendiente
PP-003971,O-003971,PR-01070,Ribeiro Pruvost S.A.R.L.,2025-08-20,30 días,2025-09-19,2025-08-26,2668.14,Pagado
PP-003972,O-003972,PR-00318,Pascal De Oliveira S.A.R.L.,2025-08-02,90 días,2025-10-31,2025-09-12,12031.88,Pagado
PP-003973,O-003973,PR-01029,Wagner SA,2025-07-17,60 días,2025-09-15,2025-07-17,4272.1,Pagado
PP-003974,O-003974,PR-00292,Dupuy,2025-08-14,60 días,2025-10-13,,4493.88,Pendiente
PP-003975,O-003975,PR-00372,"Scaramucci, Fischetti e Scalfaro Group",2025-07-31,30 días,2025-08-30,,12211.3,Pendiente
PP-003976,O-003976,PR-01489,Sansoni-Falier Group,2025-08-24,Contado,2025-08-24,2025-08-24,533.6,Pagado
PP-003977,O-003977,PR-00376,Doglioni-Pigafetta s.r.l.,2025-07-28,90 días,2025-10-26,2025-10-05,5862.4,Pagado
PP-003978,O-003978,PR-00903,Tropea-Trillini SPA,2025-08-06,Contado,2025-08-06,2025-08-06,3459.17,Pagado
PP-003979,O-003979,PR-00876,Giannuzzi SPA,2025-08-21,90 días,2025-11-19,2025-11-17,8886.65,Pagado
PP-003980,O-003980,PR-00340,"Lancisi, Trevisan e Beccaria s.r.l.",2025-07-10,60 días,2025-09-08,2025-08-31,5918.22,Pagado
PP-003981,O-003981,PR-01333,Ceravolo-Perozzo e figli,2025-07-22,90 días,2025-10-20,,6217.53,Pendiente
PP-003982,O-003982,PR-00344,"Moresi, Dandolo e Lippomano SPA",2025-07-25,60 días,2025-09-23,,2871.88,Pendiente
PP-003983,O-003983,PR-00344,"Moresi, Dandolo e Lippomano SPA",2025-08-20,60 días,2025-10-19,2025-10-06,1693.2,Pagado
PP-003984,O-003984,PR-00367,"Vasari, Farinelli e Aporti e figli",2025-08-14,Contado,2025-08-14,2025-08-14,5119.24,Pagado
PP-003985,O-003985,PR-00805,Grasso-Botta Group,2025-07-27,60 días,2025-09-25,2025-08-30,8377.6,Pagado
PP-003986,O-003986,PR-00742,"Tirabassi, Aulenti e Pisano SPA",2025-08-03,Contado,2025-08-03,,2076.48,Pendiente
PP-003987,O-003987,PR-00371,Manolesso s.r.l.,2025-08-10,90 días,2025-11-08,,2615.13,Pendiente
PP-003988,O-003988,PR-00996,"Camicione, Tacchini e Casellati e figli",2025-08-15,60 días,2025-10-14,,4684.4,Pendiente
PP-003989,O-003989,PR-00345,"Zoppetti, Asmundo e Collina e figli",2025-07-02,60 días,2025-08-31,2025-07-27,4318.7,Pagado
PP-003990,O-003990,PR-01491,"Lercari, Vattimo e Segni SPA",2025-08-17,60 días,2025-10-16,2025-09-02,476.68,Pagado
PP-003991,O-003991,PR-00346,"Vercelloni, Juvara e Gravina s.r.l.",2025-08-19,60 días,2025-10-18,2025-09-17,7188.96,Pagado
PP-003992,O-003992,PR-01102,Pergolesi-Varano e figli,2025-07-14,60 días,2025-09-12,,1133.73,Pendiente
PP-003993,O-003993,PR-00936,"Anguillara, Russo e Pininfarina e figli",2025-07-30,60 días,2025-09-28,,4575.5,Pendiente
PP-003994,O-003994,PR-00352,"Nitto, Baresi e Borgia s.r.l.",2025-07-10,Contado,2025-07-10,2025-07-10,895.95,Pagado
PP-003995,O-003995,PR-00355,"Marrone, Redi e Baroffio s.r.l.",2025-08-26,Contado,2025-08-26,2025-08-26,2162.4,Pagado
PP-003996,O-003996,PR-00357,"Traetta, Guariento e Bodoni e figli",2025-08-25,90 días,2025-11-23,2025-11-14,1376.32,Pagado
PP-003997,O-003997,PR-00642,Fracci-Berengario e figli,2025-08-07,90 días,2025-11-05,2025-10-01,6417.79,Pagado
PP-003998,O-003998,PR-00642,Fracci-Berengario e figli,2025-08-20,90 días,2025-11-18,2025-10-21,6389.76,Pagado
PP-003999,O-003999,PR-01233,Ferragamo SPA,2025-07-19,30 días,2025-08-18,2025-07-20,5428.41,Pagado
PP-004000,O-004000,PR-00358,Duse s.r.l.,2025-08-18,90 días,2025-11-16,2025-10-10,9392.07,Pagado
PP-004001,O-004001,PR-00358,Duse s.r.l.,2025-07-09,90 días,2025-10-07,,499.59,Pendiente
PP-004002,O-004002,PR-00360,Maderna-Granatelli Group,2025-07-25,30 días,2025-08-24,,1536.15,Retrasado
PP-004003,O-004003,PR-01276,Turrini e figli,2025-08-10,90 días,2025-11-08,,6869.34,Pendiente
PP-004004,O-004004,PR-00374,Toscanini-Montecchi e figli,2025-08-01,90 días,2025-10-30,2025-08-23,2844.44,Pagado
PP-004005,O-004005,PR-00375,Balbi-Cuda s.r.l.,2025-07-18,90 días,2025-10-16,2025-08-15,7092.18,Pagado
PP-004006,O-004006,PR-00363,Segrè e figli,2025-06-30,Contado,2025-06-30,2025-06-30,5263.2,Pagado
PP-004007,O-004007,PR-01001,Ricciardi e figli,2025-07-08,90 días,2025-10-06,,1344.39,Pendiente
PP-004008,O-004008,PR-01001,Ricciardi e figli,2025-08-21,90 días,2025-11-19,,1624.4,Pendiente
PP-004009,O-004009,PR-00665,Gentilini s.r.l.,2025-07-10,Contado,2025-07-10,2025-07-10,1312.92,Pagado
PP-004010,O-004010,PR-00336,"Mazzeo, Giolitti e Modigliani e figli",2025-07-25,90 días,2025-10-23,2025-07-30,2397.12,Pagado
PP-004011,O-004011,PR-00337,Ravaglioli e figli,2025-07-14,90 días,2025-10-12,2025-07-19,3162.65,Pagado
PP-004012,O-004012,PR-01172,Cignaroli e figli,2025-07-04,60 días,2025-09-02,,8587.3,Pendiente
PP-004013,O-004013,PR-00340,"Lancisi, Trevisan e Beccaria s.r.l.",2025-07-05,60 días,2025-09-03,,10363.48,Pendiente
PP-004014,O-004014,PR-00864,"Tarantino, Cocci e Foà e figli",2025-07-06,90 días,2025-10-04,,6133.68,Pendiente
PP-004015,O-004015,PR-00344,"Moresi, Dandolo e Lippomano SPA",2025-07-03,60 días,2025-09-01,2025-07-04,4079.95,Pagado
PP-004016,O-004016,PR-00940,Emanuelli SPA,2025-08-05,Contado,2025-08-05,2025-08-05,536.36,Pagado
PP-004017,O-004017,PR-01412,Gemito-Faggiani Group,2025-08-17,90 días,2025-11-15,,936.49,Pendiente
PP-004018,O-004018,PR-00622,"Argentero, Pastine e Tanzini Group",2025-07-01,30 días,2025-07-31,,5370.75,Retrasado
PP-004019,O-004019,PR-00370,Guidotti e figli,2025-07-17,30 días,2025-08-16,,1778.82,Retrasado
PP-004020,O-004020,PR-00733,"Garozzo, Gadda e Perozzo s.r.l.",2025-08-23,90 días,2025-11-21,2025-09-14,2736.16,Pagado
PP-004021,O-004021,PR-00348,"Contrafatto, Scalfaro e Cardano s.r.l.",2025-07-02,90 días,2025-09-30,,4614.0,Pendiente
PP-004022,O-004022,PR-00747,"Filangieri, Gentili e Detti SPA",2025-07-15,60 días,2025-09-13,,5822.46,Pendiente
PP-004023,O-004023,PR-00823,Rizzo Group,2025-08-27,30 días,2025-09-26,2025-09-05,8371.35,Pagado
PP-004024,O-004024,PR-00332,"Paolini, Pirandello e Borromini Group",2025-07-17,60 días,2025-09-15,2025-08-13,835.77,Pagado
PP-004025,O-004025,PR-00332,"Paolini, Pirandello e Borromini Group",2025-07-18,60 días,2025-09-16,2025-09-10,8609.94,Pagado
PP-004026,O-004026,PR-00345,"Zoppetti, Asmundo e Collina e figli",2025-07-15,60 días,2025-09-13,2025-08-16,2812.8,Pagado
PP-004027,O-004027,PR-00354,Correr-Giannini SPA,2025-07-17,90 días,2025-10-15,,2514.3,Pendiente
PP-004028,O-004028,PR-00358,Duse s.r.l.,2025-07-03,90 días,2025-10-01,2025-07-22,12023.01,Pagado
PP-004029,O-004029,PR-01233,Ferragamo SPA,2025-07-29,30 días,2025-08-28,,5783.82,Retrasado
PP-004030,O-004030,PR-00360,Maderna-Granatelli Group,2025-07-26,30 días,2025-08-25,,12084.42,Retrasado
PP-004031,O-004031,PR-00372,"Scaramucci, Fischetti e Scalfaro Group",2025-07-12,30 días,2025-08-11,2025-07-29,1476.72,Pagado
PP-004032,O-004032,PR-00373,"Murri, Alfonsi e Canali SPA",2025-08-09,30 días,2025-09-08,2025-08-22,2333.52,Pagado
PP-004033,O-004033,PR-01489,Sansoni-Falier Group,2025-08-07,Contado,2025-08-07,,2439.45,Retrasado
PP-004034,O-004034,PR-00375,Balbi-Cuda s.r.l.,2025-07-02,90 días,2025-09-30,,5506.92,Pendiente
PP-004035,O-004035,PR-01489,Sansoni-Falier Group,2025-07-09,Contado,2025-07-09,2025-07-09,464.0,Pagado
PP-004036,O-004036,PR-00376,Doglioni-Pigafetta s.r.l.,2025-07-30,90 días,2025-10-28,,6663.66,Pendiente
PP-004037,O-004037,PR-00376,Doglioni-Pigafetta s.r.l.,2025-07-18,90 días,2025-10-16,2025-09-12,670.12,Pagado
PP-004038,O-004038,PR-00362,"Togliatti, Gatto e Sauli Group",2025-08-01,60 días,2025-09-30,,172.5,Pendiente
PP-004039,O-004039,PR-00363,Segrè e figli,2025-07-16,Contado,2025-07-16,,5142.59,Retrasado
PP-004040,O-004040,PR-00903,Tropea-Trillini SPA,2025-07-23,Contado,2025-07-23,2025-07-23,11130.35,Pagado
PP-004041,O-004041,PR-00365,Balbo Group,2025-08-23,60 días,2025-10-22,,2584.0,Pendiente
PP-004042,O-004042,PR-00932,Leopardi-Fermi Group,2025-08-06,90 días,2025-11-04,,4565.35,Pendiente
PP-004043,O-004043,PR-00657,Venier SPA,2025-08-11,90 días,2025-11-09,,4343.13,Pendiente
PP-004044,O-004044,PR-01291,Beffa Group,2025-07-06,60 días,2025-09-04,2025-07-31,5588.5,Pagado
PP-004045,O-004045,PR-00800,Vidoni-Pietrangeli SPA,2025-07-30,90 días,2025-10-28,,3639.51,Pendiente
PP-004046,O-004046,PR-00800,Vidoni-Pietrangeli SPA,2025-08-04,90 días,2025-11-02,,8724.87,Pendiente
PP-004047,O-004047,PR-00368,Badoglio e figli,2025-07-16,30 días,2025-08-15,,1433.95,Retrasado
PP-004048,O-004048,PR-00978,Trentini-Antelami s.r.l.,2025-07-28,90 días,2025-10-26,,623.0,Pendiente
PP-004049,O-004049,PR-01075,Casalodi-Depero s.r.l.,2025-07-08,60 días,2025-09-06,2025-07-27,11076.94,Pagado
PP-004050,O-004050,PR-00371,Manolesso s.r.l.,2025-07-31,90 días,2025-10-29,2025-10-15,2218.71,Pagado
PP-004051,O-004051,PR-00348,"Contrafatto, Scalfaro e Cardano s.r.l.",2025-07-10,90 días,2025-10-08,2025-07-17,6543.45,Pagado
PP-004052,O-004052,PR-00615,"Letta, Volterra e Vespucci s.r.l.",2025-07-25,90 días,2025-10-23,2025-10-10,589.6,Pagado
PP-004053,O-004053,PR-01470,Beccheria s.r.l.,2025-07-08,60 días,2025-09-06,2025-08-06,2416.64,Pagado
PP-004054,O-004054,PR-01470,Beccheria s.r.l.,2025-08-02,60 días,2025-10-01,2025-09-26,5962.98,Pagado
PP-004055,O-004055,PR-00665,Gentilini s.r.l.,2025-08-28,Contado,2025-08-28,2025-08-28,4426.05,Pagado
PP-004056,O-004056,PR-00932,Leopardi-Fermi Group,2025-08-25,90 días,2025-11-23,,2719.5,Pendiente
PP-004057,O-004057,PR-00657,Venier SPA,2025-07-05,90 días,2025-10-03,2025-09-18,2209.74,Pagado
PP-004058,O-004058,PR-00657,Venier SPA,2025-08-10,90 días,2025-11-08,2025-09-07,8274.64,Pagado
PP-004059,O-004059,PR-00338,Malatesta-Comolli SPA,2025-08-28,60 días,2025-10-27,,898.0,Pendiente
PP-004060,O-004060,PR-00340,"Lancisi, Trevisan e Beccaria s.r.l.",2025-07-03,60 días,2025-09-01,2025-07-26,3228.06,Pagado
PP-004061,O-004061,PR-00340,"Lancisi, Trevisan e Beccaria s.r.l.",2025-08-20,60 días,2025-10-19,2025-09-15,501.48,Pagado
PP-004062,O-004062,PR-00342,Respighi-Bassi SPA,2025-08-22,90 días,2025-11-20,2025-10-14,8217.6,Pagado
PP-004063,O-004063,PR-00978,Trentini-Antelami s.r.l.,2025-08-02,90 días,2025-10-31,2025-08-26,3503.52,Pagado
PP-004064,O-004064,PR-00978,Trentini-Antelami s.r.l.,2025-07-09,90 días,2025-10-07,,3697.2,Pendiente
PP-004065,O-004065,PR-01488,Pedersoli-Tacchini Group,2025-07-27,60 días,2025-09-25,2025-08-29,2133.0,Pagado
PP-004066,O-004066,PR-01488,Pedersoli-Tacchini Group,2025-07-10,60 días,2025-09-08,2025-08-07,220.8,Pagado
PP-004067,O-004067,PR-01075,Casalodi-Depero s.r.l.,2025-08-17,60 días,2025-10-16,2025-09-15,7253.1,Pagado
PP-004068,O-004068,PR-00630,Foa-Giacometti SPA,2025-07-26,90 días,2025-10-24,2025-10-06,1921.64,Pagado
PP-004069,O-004069,PR-00346,"Vercelloni, Juvara e Gravina s.r.l.",2025-07-27,60 días,2025-09-25,2025-08-14,1213.8,Pagado
PP-004070,O-004070,PR-00349,Ciani SPA,2025-08-01,60 días,2025-09-30,2025-08-03,9226.63,Pagado
PP-004071,O-004071,PR-00373,"Murri, Alfonsi e Canali SPA",2025-08-08,30 días,2025-09-07,2025-09-01,10129.08,Pagado
PP-004072,O-004072,PR-00374,Toscanini-Montecchi e figli,2025-08-26,90 días,2025-11-24,,1302.14,Pendiente
PP-004073,O-004073,PR-00376,Doglioni-Pigafetta s.r.l.,2025-07-01,90 días,2025-09-29,2025-08-31,2776.96,Pagado
PP-004074,O-004074,PR-00335,"Scamarcio, Cappelli e Chiaramonte e figli",2025-07-28,90 días,2025-10-26,,299.78,Pendiente
PP-004075,O-004075,PR-00337,Ravaglioli e figli,2025-08-01,90 días,2025-10-30,2025-10-01,3230.98,Pagado
PP-004076,O-004076,PR-00876,Giannuzzi SPA,2025-08-24,90 días,2025-11-22,,6800.4,Pendiente
PP-004077,O-004077,PR-00339,"Gozzano, Baresi e Barcella SPA",2025-08-26,60 días,2025-10-25,2025-09-04,10480.82,Pagado
PP-004078,O-004078,PR-00864,"Tarantino, Cocci e Foà e figli",2025-07-02,90 días,2025-09-30,2025-09-21,4434.48,Pagado
PP-004079,O-004079,PR-00940,Emanuelli SPA,2025-07-10,Contado,2025-07-10,,4513.44,Retrasado
PP-004080,O-004080,PR-00367,"Vasari, Farinelli e Aporti e figli",2025-07-24,Contado,2025-07-24,2025-07-24,5302.8,Pagado
PP-004081,O-004081,PR-00368,Badoglio e figli,2025-07-30,30 días,2025-08-29,2025-07-31,274.48,Pagado
PP-004082,O-004082,PR-00622,"Argentero, Pastine e Tanzini Group",2025-08-20,30 días,2025-09-19,,6494.97,Pendiente
PP-004083,O-004083,PR-00630,Foa-Giacometti SPA,2025-07-14,90 días,2025-10-12,,12849.81,Pendiente
PP-004084,O-004084,PR-00630,Foa-Giacometti SPA,2025-07-15,90 días,2025-10-13,,4988.26,Pendiente
PP-004085,O-004085,PR-00345,"Zoppetti, Asmundo e Collina e figli",2025-08-03,60 días,2025-10-02,,2524.05,Pendiente
PP-004086,O-004086,PR-00346,"Vercelloni, Juvara e Gravina s.r.l.",2025-08-17,60 días,2025-10-16,2025-08-21,7690.32,Pagado
PP-004087,O-004087,PR-00346,"Vercelloni, Juvara e Gravina s.r.l.",2025-08-25,60 días,2025-10-24,,2466.58,Pendiente
PP-004088,O-004088,PR-01257,"Albertini, Antonacci e Colletti Group",2025-08-04,90 días,2025-11-02,,7764.12,Pendiente
PP-004089,O-004089,PR-00362,"Togliatti, Gatto e Sauli Group",2025-07-14,60 días,2025-09-12,,3139.29,Pendiente
PP-004090,O-004090,PR-00363,Segrè e figli,2025-08-01,Contado,2025-08-01,2025-08-01,6153.42,Pagado
PP-004091,O-004091,PR-00903,Tropea-Trillini SPA,2025-07-20,Contado,2025-07-20,2025-07-20,3144.9,Pagado
PP-004092,O-004092,PR-00657,Venier SPA,2025-07-28,90 días,2025-10-26,2025-10-02,445.67,Pagado
PP-004093,O-004093,PR-00337,Ravaglioli e figli,2025-07-06,90 días,2025-10-04,2025-07-16,3209.01,Pagado
PP-004094,O-004094,PR-00876,Giannuzzi SPA,2025-07-05,90 días,2025-10-03,2025-09-19,6106.32,Pagado
PP-004095,O-004095,PR-00806,"Bernetti, Saffi e Pepe e figli",2025-07-04,90 días,2025-10-02,,4304.73,Pendiente
PP-004096,O-004096,PR-00338,Malatesta-Comolli SPA,2025-08-27,60 días,2025-10-26,,3055.0,Pendiente
PP-004097,O-004097,PR-00338,Malatesta-Comolli SPA,2025-07-28,60 días,2025-09-26,,965.41,Pendiente
PP-004098,O-004098,PR-00806,"Bernetti, Saffi e Pepe e figli",2025-07-31,90 días,2025-10-29,2025-09-01,3254.7,Pagado
PP-004099,O-004099,PR-00339,"Gozzano, Baresi e Barcella SPA",2025-07-25,60 días,2025-09-23,2025-08-05,3259.24,Pagado
PP-004100,O-004100,PR-00864,"Tarantino, Cocci e Foà e figli",2025-07-16,90 días,2025-10-14,2025-08-21,1492.96,Pagado
PP-004101,O-004101,PR-00342,Respighi-Bassi SPA,2025-08-04,90 días,2025-11-02,,6353.82,Pendiente
PP-004102,O-004102,PR-00367,"Vasari, Farinelli e Aporti e figli",2025-08-13,Contado,2025-08-13,2025-08-13,5846.82,Pagado
PP-004103,O-004103,PR-00940,Emanuelli SPA,2025-07-04,Contado,2025-07-04,,1098.61,Retrasado
PP-004104,O-004104,PR-00996,"Camicione, Tacchini e Casellati e figli",2025-08-25,60 días,2025-10-24,2025-10-12,2921.28,Pagado
PP-004105,O-004105,PR-00371,Manolesso s.r.l.,2025-07-08,90 días,2025-10-06,,3599.54,Pendiente
PP-004106,O-004106,PR-00346,"Vercelloni, Juvara e Gravina s.r.l.",2025-07-03,60 días,2025-09-01,2025-08-22,1536.98,Pagado
PP-004107,O-004107,PR-01338,Cocci e figli,2025-07-16,30 días,2025-08-15,,386.0,Retrasado
PP-004108,O-004108,PR-00349,Ciani SPA,2025-07-14,60 días,2025-09-12,2025-09-02,2203.74,Pagado
PP-004109,O-004109,PR-00374,Toscanini-Montecchi e figli,2025-07-16,90 días,2025-10-14,2025-10-13,5099.17,Pagado
PP-004110,O-004110,PR-00362,"Togliatti, Gatto e Sauli Group",2025-08-11,60 días,2025-10-10,,5704.02,Pendiente
PP-004111,O-004111,PR-00363,Segrè e figli,2025-08-22,Contado,2025-08-22,2025-08-22,4921.76,Pagado
PP-004112,O-004112,PR-00903,Tropea-Trillini SPA,2025-08-06,Contado,2025-08-06,2025-08-06,8915.04,Pagado
PP-004113,O-004113,PR-00335,"Scamarcio, Cappelli e Chiaramonte e figli",2025-07-13,90 días,2025-10-11,2025-08-31,1885.0,Pagado
PP-004114,O-004114,PR-01172,Cignaroli e figli,2025-07-29,60 días,2025-09-27,2025-09-02,8925.84,Pagado
PP-004115,O-004115,PR-00339,"Gozzano, Baresi e Barcella SPA",2025-07-17,60 días,2025-09-15,,1459.92,Pendiente
PP-004116,O-004116,PR-00340,"Lancisi, Trevisan e Beccaria s.r.l.",2025-07-10,60 días,2025-09-08,2025-09-04,1781.25,Pagado
PP-004117,O-004117,PR-00864,"Tarantino, Cocci e Foà e figli",2025-07-13,90 días,2025-10-11,2025-07-21,2387.88,Pagado
PP-004118,O-004118,PR-00343,Bulzoni-Tagliafierro s.r.l.,2025-07-28,60 días,2025-09-26,,6016.71,Pendiente
PP-004119,O-004119,PR-01412,Gemito-Faggiani Group,2025-07-01,90 días,2025-09-29,2025-07-09,8967.32,Pagado
PP-004120,O-004120,PR-00833,Pozzecco SPA,2025-07-05,90 días,2025-10-03,2025-07-14,3056.3,Pagado
PP-004121,O-004121,PR-00346,"Vercelloni, Juvara e Gravina s.r.l.",2025-06-30,60 días,2025-08-29,2025-08-24,5458.48,Pagado
PP-004122,O-004122,PR-00733,"Garozzo, Gadda e Perozzo s.r.l.",2025-07-17,90 días,2025-10-15,2025-09-08,3188.8,Pagado
PP-004123,O-004123,PR-00348,"Contrafatto, Scalfaro e Cardano s.r.l.",2025-08-28,90 días,2025-11-26,,4559.36,Pendiente
PP-004124,O-004124,PR-00374,Toscanini-Montecchi e figli,2025-07-18,90 días,2025-10-16,2025-09-28,1729.44,Pagado
PP-004125,O-004125,PR-00374,Toscanini-Montecchi e figli,2025-07-28,90 días,2025-10-26,,611.45,Pendiente
PP-004126,O-004126,PR-00363,Segrè e figli,2025-08-25,Contado,2025-08-25,2025-08-25,1924.86,Pagado
PP-004127,O-004127,PR-00365,Balbo Group,2025-08-21,60 días,2025-10-20,,455.24,Pendiente
PP-004128,O-004128,PR-00366,Pistoletto s.r.l.,2025-07-15,60 días,2025-09-13,,2104.0,Pendiente
PP-004129,O-004129,PR-00335,"Scamarcio, Cappelli e Chiaramonte e figli",2025-07-14,90 días,2025-10-12,,5941.27,Pendiente
PP-004130,O-004130,PR-00806,"Bernetti, Saffi e Pepe e figli",2025-07-22,90 días,2025-10-20,,8444.92,Pendiente
PP-004131,O-004131,PR-01172,Cignaroli e figli,2025-08-28,60 días,2025-10-27,,1203.21,Pendiente
PP-004132,O-004132,PR-00341,"Disdero, Platini e Garrone SPA",2025-08-13,90 días,2025-11-11,,4707.12,Pendiente
PP-004133,O-004133,PR-00800,Vidoni-Pietrangeli SPA,2025-08-07,90 días,2025-11-05,,2451.6,Pendiente
PP-004134,O-004134,PR-00343,Bulzoni-Tagliafierro s.r.l.,2025-08-08,60 días,2025-10-07,,3495.91,Pendiente
PP-004135,O-004135,PR-01333,Ceravolo-Perozzo e figli,2025-07-09,90 días,2025-10-07,2025-09-04,4849.39,Pagado
PP-004136,O-004136,PR-00940,Emanuelli SPA,2025-08-24,Contado,2025-08-24,2025-08-24,3846.01,Pagado
PP-004137,O-004137,PR-00978,Trentini-Antelami s.r.l.,2025-06-30,90 días,2025-09-28,2025-07-21,1723.68,Pagado
PP-004138,O-004138,PR-00368,Badoglio e figli,2025-07-07,30 días,2025-08-06,2025-07-29,1583.01,Pagado
PP-004139,O-004139,PR-00622,"Argentero, Pastine e Tanzini Group",2025-08-15,30 días,2025-09-14,,1209.04,Pendiente
PP-004140,O-004140,PR-00369,Marini e figli,2025-08-04,30 días,2025-09-03,2025-08-28,128.64,Pagado
PP-004141,O-004141,PR-01338,Cocci e figli,2025-07-21,30 días,2025-08-20,,5264.64,Retrasado
PP-004142,O-004142,PR-00348,"Contrafatto, Scalfaro e Cardano s.r.l.",2025-08-21,90 días,2025-11-19,2025-10-06,186.94,Pagado
PP-004143,O-004143,PR-00747,"Filangieri, Gentili e Detti SPA",2025-08-10,60 días,2025-10-09,2025-08-24,4765.8,Pagado
PP-004144,O-004144,PR-00349,Ciani SPA,2025-07-14,60 días,2025-09-12,2025-08-29,551.76,Pagado
PP-004145,O-004145,PR-00372,"Scaramucci, Fischetti e Scalfaro Group",2025-08-22,30 días,2025-09-21,,7936.62,Pendiente
PP-004146,O-004146,PR-00373,"Murri, Alfonsi e Canali SPA",2025-08-12,30 días,2025-09-11,,7321.76,Pendiente
PP-004147,O-004147,PR-00374,Toscanini-Montecchi e figli,2025-07-04,90 días,2025-10-02,2025-08-01,654.48,Pagado
PP-004148,O-004148,PR-00375,Balbi-Cuda s.r.l.,2025-07-30,90 días,2025-10-28,2025-09-04,6428.7,Pagado
PP-004149,O-004149,PR-00376,Doglioni-Pigafetta s.r.l.,2025-08-22,90 días,2025-11-20,2025-08-27,2298.8,Pagado
PP-004150,O-004150,PR-00362,"Togliatti, Gatto e Sauli Group",2025-08-12,60 días,2025-10-11,,561.61,Pendiente
PP-004151,O-004151,PR-01001,Ricciardi e figli,2025-07-21,90 días,2025-10-19,2025-09-19,112.25,Pagado
PP-004152,O-004152,PR-00335,"Scamarcio, Cappelli e Chiaramonte e figli",2025-07-23,90 días,2025-10-21,,4650.9,Pendiente
PP-004153,O-004153,PR-00932,Leopardi-Fermi Group,2025-07-07,90 días,2025-10-05,2025-09-23,6727.21,Pagado
PP-004154,O-004154,PR-01172,Cignaroli e figli,2025-08-09,60 días,2025-10-08,,9353.49,Pendiente
PP-004155,O-004155,PR-01291,Beffa Group,2025-07-29,60 días,2025-09-27,2025-08-17,6020.94,Pagado
PP-004156,O-004156,PR-00343,Bulzoni-Tagliafierro s.r.l.,2025-07-28,60 días,2025-09-26,2025-09-04,2671.02,Pagado
PP-004157,O-004157,PR-00343,Bulzoni-Tagliafierro s.r.l.,2025-07-09,60 días,2025-09-07,2025-07-10,4347.54,Pagado
PP-004158,O-004158,PR-01166,Vespucci s.r.l.,2025-07-20,90 días,2025-10-18,2025-09-01,6127.93,Pagado
PP-004159,O-004159,PR-00368,Badoglio e figli,2025-06-30,30 días,2025-07-30,2025-07-13,9166.37,Pagado
PP-004160,O-004160,PR-00369,Marini e figli,2025-07-29,30 días,2025-08-28,2025-08-06,3475.36,Pagado
PP-004161,O-004161,PR-00996,"Camicione, Tacchini e Casellati e figli",2025-06-30,60 días,2025-08-29,2025-06-30,1422.72,Pagado
PP-004162,O-004162,PR-00346,"Vercelloni, Juvara e Gravina s.r.l.",2025-07-24,60 días,2025-09-22,2025-08-03,669.8,Pagado
PP-004163,O-004163,PR-01338,Cocci e figli,2025-07-06,30 días,2025-08-05,2025-07-20,4534.4,Pagado
PP-004164,O-004164,PR-01102,Pergolesi-Varano e figli,2025-07-11,60 días,2025-09-09,2025-08-18,4891.59,Pagado
PP-004165,O-004165,PR-01102,Pergolesi-Varano e figli,2025-07-07,60 días,2025-09-05,,6107.76,Pendiente
PP-004166,O-004166,PR-00747,"Filangieri, Gentili e Detti SPA",2025-08-04,60 días,2025-10-03,,5038.87,Pendiente
PP-004167,O-004167,PR-00615,"Letta, Volterra e Vespucci s.r.l.",2025-08-07,90 días,2025-11-05,2025-10-17,391.51,Pagado
PP-004168,O-004168,PR-01485,Carullo-Montanelli SPA,2025-08-03,30 días,2025-09-02,2025-08-21,11321.15,Pagado
PP-004169,O-004169,PR-00363,Segrè e figli,2025-08-17,Contado,2025-08-17,2025-08-17,5398.34,Pagado
PP-004170,O-004170,PR-01151,Perozzo-Iacobucci Group,2025-07-01,Contado,2025-07-01,2025-07-01,951.66,Pagado
PP-004171,O-004171,PR-00365,Balbo Group,2025-06-30,60 días,2025-08-29,,6284.32,Pendiente
PP-004172,O-004172,PR-00337,Ravaglioli e figli,2025-08-27,90 días,2025-11-25,2025-11-21,3113.28,Pagado
PP-004173,O-004173,PR-00339,"Gozzano, Baresi e Barcella SPA",2025-07-13,60 días,2025-09-11,,292.8,Pendiente
PP-004174,O-004174,PR-00341,"Disdero, Platini e Garrone SPA",2025-08-07,90 días,2025-11-05,,2356.83,Pendiente
PP-004175,O-004175,PR-01166,Vespucci s.r.l.,2025-08-03,90 días,2025-11-01,2025-09-03,6985.8,Pagado
PP-004176,O-004176,PR-00940,Emanuelli SPA,2025-06-30,Contado,2025-06-30,,6579.7,Retrasado
PP-004177,O-004177,PR-01347,Nicoletti SPA,2025-08-08,Contado,2025-08-08,2025-08-08,2096.16,Pagado
PP-004178,O-004178,PR-01347,Nicoletti SPA,2025-07-07,Contado,2025-07-07,,6503.49,Retrasado
PP-004179,O-004179,PR-00345,"Zoppetti, Asmundo e Collina e figli",2025-07-27,60 días,2025-09-25,,9007.2,Pendiente
PP-004180,O-004180,PR-01338,Cocci e figli,2025-08-14,30 días,2025-09-13,,4490.46,Pendiente
PP-004181,O-004181,PR-00347,"Caccianemico, Busoni e Liverotti s.r.l.",2025-07-26,60 días,2025-09-24,,4133.62,Pendiente
PP-004182,O-004182,PR-01191,Comboni s.r.l.,2025-07-04,Contado,2025-07-04,2025-07-04,3929.4,Pagado
PP-004183,O-004183,PR-00747,"Filangieri, Gentili e Detti SPA",2025-07-23,60 días,2025-09-21,,3128.05,Pendiente
PP-004184,O-004184,PR-00747,"Filangieri, Gentili e Detti SPA",2025-07-08,60 días,2025-09-06,2025-08-31,1818.3,Pagado
PP-004185,O-004185,PR-00373,"Murri, Alfonsi e Canali SPA",2025-07-03,30 días,2025-08-02,2025-07-19,4915.73,Pagado
PP-004186,O-004186,PR-00374,Toscanini-Montecchi e figli,2025-08-21,90 días,2025-11-19,2025-09-24,3662.1,Pagado
PP-004187,O-004187,PR-00362,"Togliatti, Gatto e Sauli Group",2025-07-14,60 días,2025-09-12,2025-07-22,4278.6,Pagado
PP-004188,O-004188,PR-00363,Segrè e figli,2025-07-28,Contado,2025-07-28,2025-07-28,1046.76,Pagado
PP-004189,O-004189,PR-00665,Gentilini s.r.l.,2025-08-04,Contado,2025-08-04,2025-08-04,3251.23,Pagado
PP-004190,O-004190,PR-00336,"Mazzeo, Giolitti e Modigliani e figli",2025-08-23,90 días,2025-11-21,2025-09-20,1473.6,Pagado
PP-004191,O-004191,PR-00876,Giannuzzi SPA,2025-07-12,90 días,2025-10-10,2025-09-18,3952.52,Pagado
PP-004192,O-004192,PR-01172,Cignaroli e figli,2025-07-24,60 días,2025-09-22,,4775.04,Pendiente
PP-004193,O-004193,PR-01376,Stefanelli-Coppola e figli,2025-07-25,60 días,2025-09-23,2025-09-05,3925.94,Pagado
PP-004194,O-004194,PR-00340,"Lancisi, Trevisan e Beccaria s.r.l.",2025-08-23,60 días,2025-10-22,,2400.96,Pendiente
PP-004195,O-004195,PR-00800,Vidoni-Pietrangeli SPA,2025-07-22,90 días,2025-10-20,2025-10-15,6725.88,Pagado
PP-004196,O-004196,PR-00343,Bulzoni-Tagliafierro s.r.l.,2025-07-09,60 días,2025-09-07,2025-09-04,6546.88,Pagado
PP-004197,O-004197,PR-01276,Turrini e figli,2025-07-18,90 días,2025-10-16,,12978.9,Pendiente
PP-004198,O-004198,PR-00374,Toscanini-Montecchi e figli,2025-07-20,90 días,2025-10-18,2025-10-11,3159.52,Pagado
PP-004199,O-004199,PR-00376,Doglioni-Pigafetta s.r.l.,2025-07-31,90 días,2025-10-29,2025-10-15,4312.8,Pagado
PP-004200,O-004200,PR-00362,"Togliatti, Gatto e Sauli Group",2025-07-07,60 días,2025-09-05,,7814.4,Pendiente
PP-004201,O-004201,PR-01151,Perozzo-Iacobucci Group,2025-07-24,Contado,2025-07-24,2025-07-24,11833.92,Pagado
PP-004202,O-004202,PR-00903,Tropea-Trillini SPA,2025-07-30,Contado,2025-07-30,2025-07-30,996.45,Pagado
PP-004203,O-004203,PR-00876,Giannuzzi SPA,2025-08-20,90 días,2025-11-18,,1750.75,Pendiente
PP-004204,O-004204,PR-00806,"Bernetti, Saffi e Pepe e figli",2025-07-19,90 días,2025-10-17,2025-10-11,2646.4,Pagado
PP-004205,O-004205,PR-00340,"Lancisi, Trevisan e Beccaria s.r.l.",2025-07-20,60 días,2025-09-18,,2829.37,Pendiente
PP-004206,O-004206,PR-01166,Vespucci s.r.l.,2025-08-18,90 días,2025-11-16,2025-11-08,384.71,Pagado
PP-004207,O-004207,PR-00615,"Letta, Volterra e Vespucci s.r.l.",2025-07-01,90 días,2025-09-29,2025-09-06,374.44,Pagado
PP-004208,O-004208,PR-00374,Toscanini-Montecchi e figli,2025-07-01,90 días,2025-09-29,2025-07-06,756.9,Pagado
PP-004209,O-004209,PR-00374,Toscanini-Montecchi e figli,2025-08-03,90 días,2025-11-01,2025-09-17,3689.14,Pagado
PP-004210,O-004210,PR-00362,"Togliatti, Gatto e Sauli Group",2025-08-20,60 días,2025-10-19,,7582.34,Pendiente
PP-004211,O-004211,PR-00363,Segrè e figli,2025-07-14,Contado,2025-07-14,,1988.92,Pendiente
PP-004212,O-004212,PR-01151,Perozzo-Iacobucci Group,2025-08-13,Contado,2025-08-13,,8772.96,Pendiente
PP-004213,O-004213,PR-00657,Venier SPA,2025-08-28,90 días,2025-11-26,2025-10-29,4838.79,Pagado
PP-004214,O-004214,PR-00336,"Mazzeo, Giolitti e Modigliani e figli",2025-07-19,90 días,2025-10-17,2025-07-21,6048.0,Pagado
PP-004215,O-004215,PR-00657,Venier SPA,2025-08-22,90 días,2025-11-20,,2387.22,Pendiente
PP-004216,O-004216,PR-00864,"Tarantino, Cocci e Foà e figli",2025-08-13,90 días,2025-11-11,2025-09-18,8864.35,Pagado
PP-004217,O-004217,PR-00343,Bulzoni-Tagliafierro s.r.l.,2025-07-24,60 días,2025-09-22,,5625.81,Pendiente
PP-004218,O-004218,PR-00344,"Moresi, Dandolo e Lippomano SPA",2025-08-15,60 días,2025-10-14,,10117.1,Pendiente
PP-004219,O-004219,PR-00615,"Letta, Volterra e Vespucci s.r.l.",2025-08-11,90 días,2025-11-09,,7290.9,Pendiente
PP-004220,O-004220,PR-00374,Toscanini-Montecchi e figli,2025-07-28,90 días,2025-10-26,,1665.5,Pendiente
PP-004221,O-004221,PR-00363,Segrè e figli,2025-08-17,Contado,2025-08-17,2025-08-17,7045.82,Pagado
PP-004222,O-004222,PR-00363,Segrè e figli,2025-08-10,Contado,2025-08-10,2025-08-10,1678.08,Pagado
PP-004223,O-004223,PR-00363,Segrè e figli,2025-07-24,Contado,2025-07-24,2025-07-24,639.54,Pagado
PP-004224,O-004224,PR-00364,Pagliaro-Magnani s.r.l.,2025-07-09,Contado,2025-07-09,2025-07-09,7992.35,Pagado
PP-004225,O-004225,PR-00903,Tropea-Trillini SPA,2025-08-07,Contado,2025-08-07,2025-08-07,10923.12,Pagado
PP-004226,O-004226,PR-00903,Tropea-Trillini SPA,2025-08-08,Contado,2025-08-08,2025-08-08,9028.0,Pagado
PP-004227,O-004227,PR-00845,Bragaglia-Opizzi SPA,2025-08-09,60 días,2025-10-08,2025-09-02,6329.61,Pagado
PP-004228,O-004228,PR-00932,Leopardi-Fermi Group,2025-07-11,90 días,2025-10-09,,9014.81,Pendiente
PP-004229,O-004229,PR-00340,"Lancisi, Trevisan e Beccaria s.r.l.",2025-07-14,60 días,2025-09-12,2025-08-23,4091.64,Pagado
PP-004230,O-004230,PR-00341,"Disdero, Platini e Garrone SPA",2025-08-13,90 días,2025-11-11,,4672.25,Pendiente
PP-004231,O-004231,PR-00372,"Scaramucci, Fischetti e Scalfaro Group",2025-06-30,30 días,2025-07-30,2025-07-18,6914.88,Pagado
PP-004232,O-004232,PR-00373,"Murri, Alfonsi e Canali SPA",2025-07-21,30 días,2025-08-20,2025-08-14,4437.51,Pagado
PP-004233,O-004233,PR-00373,"Murri, Alfonsi e Canali SPA",2025-07-26,30 días,2025-08-25,2025-08-20,9221.04,Pagado
PP-004234,O-004234,PR-00374,Toscanini-Montecchi e figli,2025-07-25,90 días,2025-10-23,2025-10-03,6481.08,Pagado
PP-004235,O-004235,PR-00374,Toscanini-Montecchi e figli,2025-07-24,90 días,2025-10-22,2025-09-19,3447.08,Pagado
PP-004236,O-004236,PR-00374,Toscanini-Montecchi e figli,2025-08-07,90 días,2025-11-05,2025-08-28,596.0,Pagado
PP-004237,O-004237,PR-00362,"Togliatti, Gatto e Sauli Group",2025-07-07,60 días,2025-09-05,2025-09-03,6443.7,Pagado
PP-004238,O-004238,PR-00362,"Togliatti, Gatto e Sauli Group",2025-07-12,60 días,2025-09-10,2025-09-08,3232.61,Pagado
PP-004239,O-004239,PR-00336,"Mazzeo, Giolitti e Modigliani e figli",2025-08-21,90 días,2025-11-19,2025-10-15,7393.1,Pagado
PP-004240,O-004240,PR-01172,Cignaroli e figli,2025-07-06,60 días,2025-09-04,2025-07-14,5139.12,Pagado
PP-004241,O-004241,PR-01376,Stefanelli-Coppola e figli,2025-07-04,60 días,2025-09-02,,297.48,Pendiente
PP-004242,O-004242,PR-00340,"Lancisi, Trevisan e Beccaria s.r.l.",2025-07-07,60 días,2025-09-05,,6004.47,Pendiente
PP-004243,O-004243,PR-00340,"Lancisi, Trevisan e Beccaria s.r.l.",2025-07-18,60 días,2025-09-16,2025-09-10,10194.95,Pagado
PP-004244,O-004244,PR-01166,Vespucci s.r.l.,2025-08-19,90 días,2025-11-17,2025-09-24,6871.42,Pagado
PP-004245,O-004245,PR-00373,"Murri, Alfonsi e Canali SPA",2025-07-13,30 días,2025-08-12,2025-07-15,2066.68,Pagado
PP-004246,O-004246,PR-00373,"Murri, Alfonsi e Canali SPA",2025-08-17,30 días,2025-09-16,2025-09-15,12430.6,Pagado
PP-004247,O-004247,PR-00374,Toscanini-Montecchi e figli,2025-08-15,90 días,2025-11-13,2025-09-26,3572.55,Pagado
PP-004248,O-004248,PR-00376,Doglioni-Pigafetta s.r.l.,2025-06-30,90 días,2025-09-28,,2639.58,Pendiente
PP-004249,O-004249,PR-00376,Doglioni-Pigafetta s.r.l.,2025-07-21,90 días,2025-10-19,2025-07-30,4471.68,Pagado
PP-004250,O-004250,PR-00362,"Togliatti, Gatto e Sauli Group",2025-08-01,60 días,2025-09-30,2025-08-18,3261.72,Pagado
PP-004251,O-004251,PR-00362,"Togliatti, Gatto e Sauli Group",2025-08-10,60 días,2025-10-09,2025-08-29,2225.52,Pagado
PP-004252,O-004252,PR-00363,Segrè e figli,2025-07-26,Contado,2025-07-26,2025-07-26,2930.37,Pagado
PP-004253,O-004253,PR-00364,Pagliaro-Magnani s.r.l.,2025-08-17,Contado,2025-08-17,2025-08-17,1577.95,Pagado
PP-004254,O-004254,PR-01470,Beccheria s.r.l.,2025-07-01,60 días,2025-08-30,,2748.0,Pendiente
PP-004255,O-004255,PR-00366,Pistoletto s.r.l.,2025-07-03,60 días,2025-09-01,,6749.02,Pendiente
PP-004256,O-004256,PR-00845,Bragaglia-Opizzi SPA,2025-06-30,60 días,2025-08-29,,7457.67,Pendiente
PP-004257,O-004257,PR-00335,"Scamarcio, Cappelli e Chiaramonte e figli",2025-08-01,90 días,2025-10-30,2025-08-22,6209.3,Pagado
PP-004258,O-004258,PR-00876,Giannuzzi SPA,2025-07-22,90 días,2025-10-20,,2070.92,Pendiente
PP-004259,O-004259,PR-00337,Ravaglioli e figli,2025-08-03,90 días,2025-11-01,2025-09-26,11901.97,Pagado
PP-004260,O-004260,PR-00338,Malatesta-Comolli SPA,2025-08-17,60 días,2025-10-16,2025-09-02,1011.36,Pagado
PP-004261,O-004261,PR-00806,"Bernetti, Saffi e Pepe e figli",2025-07-10,90 días,2025-10-08,2025-09-12,2654.4,Pagado
PP-004262,O-004262,PR-01291,Beffa Group,2025-07-09,60 días,2025-09-07,,1874.18,Pendiente
PP-004263,O-004263,PR-00343,Bulzoni-Tagliafierro s.r.l.,2025-07-21,60 días,2025-09-19,2025-09-13,584.08,Pagado
PP-004264,O-004264,PR-00343,Bulzoni-Tagliafierro s.r.l.,2025-08-23,60 días,2025-10-22,,2423.64,Pendiente
PP-004265,O-004265,PR-01166,Vespucci s.r.l.,2025-08-23,90 días,2025-11-21,2025-10-30,590.49,Pagado
PP-004266,O-004266,PR-01276,Turrini e figli,2025-08-15,90 días,2025-11-13,,7640.68,Pendiente
PP-004267,O-004267,PR-00363,Segrè e figli,2025-07-28,Contado,2025-07-28,2025-07-28,4691.04,Pagado
PP-004268,O-004268,PR-00364,Pagliaro-Magnani s.r.l.,2025-08-26,Contado,2025-08-26,2025-08-26,520.75,Pagado
PP-004269,O-004269,PR-00864,"Tarantino, Cocci e Foà e figli",2025-07-11,90 días,2025-10-09,2025-07-11,4979.86,Pagado
PP-004270,O-004270,PR-01291,Beffa Group,2025-07-08,60 días,2025-09-06,2025-07-26,5928.0,Pagado
PP-004271,O-004271,PR-00343,Bulzoni-Tagliafierro s.r.l.,2025-07-09,60 días,2025-09-07,2025-08-19,2996.37,Pagado
PP-004272,O-004272,PR-00343,Bulzoni-Tagliafierro s.r.l.,2025-07-21,60 días,2025-09-19,,4217.74,Pendiente
PP-004273,O-004273,PR-01333,Ceravolo-Perozzo e figli,2025-08-08,90 días,2025-11-06,2025-10-13,2778.24,Pagado
PP-004274,O-004274,PR-01333,Ceravolo-Perozzo e figli,2025-07-05,90 días,2025-10-03,2025-09-08,7778.16,Pagado
PP-004275,O-004275,PR-00615,"Letta, Volterra e Vespucci s.r.l.",2025-07-19,90 días,2025-10-17,2025-09-19,1683.36,Pagado
PP-004276,O-004276,PR-01485,Carullo-Montanelli SPA,2025-08-25,30 días,2025-09-24,,2751.57,Pendiente
PP-004277,O-004277,PR-00363,Segrè e figli,2025-08-15,Contado,2025-08-15,2025-08-15,2179.39,Pagado
PP-004278,O-004278,PR-00363,Segrè e figli,2025-06-30,Contado,2025-06-30,2025-06-30,13812.36,Pagado
PP-004279,O-004279,PR-00932,Leopardi-Fermi Group,2025-08-07,90 días,2025-11-05,,1626.03,Pendiente
PP-004280,O-004280,PR-00932,Leopardi-Fermi Group,2025-08-04,90 días,2025-11-02,2025-08-12,4945.05,Pagado
PP-004281,O-004281,PR-00336,"Mazzeo, Giolitti e Modigliani e figli",2025-07-21,90 días,2025-10-19,2025-09-16,384.3,Pagado
PP-004282,O-004282,PR-00336,"Mazzeo, Giolitti e Modigliani e figli",2025-08-12,90 días,2025-11-10,2025-09-03,5734.08,Pagado
PP-004283,O-004283,PR-01417,Curatoli-Venturi Group,2025-08-27,90 días,2025-11-25,2025-09-20,10199.98,Pagado
PP-004284,O-004284,PR-00341,"Disdero, Platini e Garrone SPA",2025-08-07,90 días,2025-11-05,2025-10-15,1185.12,Pagado
PP-004285,O-004285,PR-00343,Bulzoni-Tagliafierro s.r.l.,2025-07-24,60 días,2025-09-22,2025-08-30,1752.28,Pagado
PP-004286,O-004286,PR-00615,"Letta, Volterra e Vespucci s.r.l.",2025-08-22,90 días,2025-11-20,,10047.6,Pendiente
PP-004287,O-004287,PR-00374,Toscanini-Montecchi e figli,2025-07-08,90 días,2025-10-06,,565.4,Pendiente
PP-004288,O-004288,PR-00376,Doglioni-Pigafetta s.r.l.,2025-08-06,90 días,2025-11-04,,1653.12,Pendiente
PP-004289,O-004289,PR-00376,Doglioni-Pigafetta s.r.l.,2025-07-01,90 días,2025-09-29,2025-07-29,4442.34,Pagado
PP-004290,O-004290,PR-00362,"Togliatti, Gatto e Sauli Group",2025-07-25,60 días,2025-09-23,,6076.96,Pendiente
PP-004291,O-004291,PR-00363,Segrè e figli,2025-07-15,Contado,2025-07-15,2025-07-15,7893.94,Pagado
PP-004292,O-004292,PR-00335,"Scamarcio, Cappelli e Chiaramonte e figli",2025-07-23,90 días,2025-10-21,,2722.4,Pendiente
PP-004293,O-004293,PR-00335,"Scamarcio, Cappelli e Chiaramonte e figli",2025-07-17,90 días,2025-10-15,,526.68,Pendiente
PP-004294,O-004294,PR-00335,"Scamarcio, Cappelli e Chiaramonte e figli",2025-07-14,90 días,2025-10-12,2025-09-10,8446.72,Pagado
PP-004295,O-004295,PR-00335,"Scamarcio, Cappelli e Chiaramonte e figli",2025-07-19,90 días,2025-10-17,,3818.64,Pendiente
PP-004296,O-004296,PR-00657,Venier SPA,2025-08-05,90 días,2025-11-03,2025-10-17,398.12,Pagado
PP-004297,O-004297,PR-00337,Ravaglioli e figli,2025-08-26,90 días,2025-11-24,,2235.0,Pendiente
PP-004298,O-004298,PR-00337,Ravaglioli e figli,2025-08-08,90 días,2025-11-06,2025-11-04,6039.68,Pagado
PP-004299,O-004299,PR-00338,Malatesta-Comolli SPA,2025-07-02,60 días,2025-08-31,,4542.72,Pendiente
PP-004300,O-004300,PR-01376,Stefanelli-Coppola e figli,2025-08-09,60 días,2025-10-08,,4233.66,Pendiente
PP-004301,O-004301,PR-00339,"Gozzano, Baresi e Barcella SPA",2025-06-30,60 días,2025-08-29,,2020.6,Pendiente
PP-004302,O-004302,PR-00340,"Lancisi, Trevisan e Beccaria s.r.l.",2025-08-24,60 días,2025-10-23,2025-10-10,2552.04,Pagado
PP-004303,O-004303,PR-01291,Beffa Group,2025-08-15,60 días,2025-10-14,,11324.0,Pendiente
PP-004304,O-004304,PR-01276,Turrini e figli,2025-07-23,90 días,2025-10-21,2025-09-04,2276.85,Pagado
PP-004305,O-004305,PR-00373,"Murri, Alfonsi e Canali SPA",2025-08-06,30 días,2025-09-05,,1019.52,Pendiente
PP-004306,O-004306,PR-00374,Toscanini-Montecchi e figli,2025-07-07,90 días,2025-10-05,2025-08-14,11541.4,Pagado
PP-004307,O-004307,PR-01485,Carullo-Montanelli SPA,2025-07-10,30 días,2025-08-09,,3547.7,Retrasado
PP-004308,O-004308,PR-00375,Balbi-Cuda s.r.l.,2025-07-26,90 días,2025-10-24,2025-07-31,359.7,Pagado
PP-004309,O-004309,PR-01257,"Albertini, Antonacci e Colletti Group",2025-07-23,90 días,2025-10-21,,4451.29,Pendiente
PP-004310,O-004310,PR-00362,"Togliatti, Gatto e Sauli Group",2025-07-22,60 días,2025-09-20,2025-09-09,917.91,Pagado
PP-004311,O-004311,PR-00362,"Togliatti, Gatto e Sauli Group",2025-07-19,60 días,2025-09-17,,2386.15,Pendiente
PP-004312,O-004312,PR-00364,Pagliaro-Magnani s.r.l.,2025-08-11,Contado,2025-08-11,,4427.5,Pendiente
PP-004313,O-004313,PR-01470,Beccheria s.r.l.,2025-08-09,60 días,2025-10-08,,661.44,Pendiente
PP-004314,O-004314,PR-00927,Curiel-Boccherini Group,2025-08-15,90 días,2025-11-13,2025-11-09,5349.76,Pagado
PP-004315,O-004315,PR-00665,Gentilini s.r.l.,2025-07-25,Contado,2025-07-25,2025-07-25,1965.6,Pagado
PP-004316,O-004316,PR-00927,Curiel-Boccherini Group,2025-07-20,90 días,2025-10-18,,11546.3,Pendiente
PP-004317,O-004317,PR-00337,Ravaglioli e figli,2025-08-03,90 días,2025-11-01,,874.86,Pendiente
PP-004318,O-004318,PR-00876,Giannuzzi SPA,2025-07-07,90 días,2025-10-05,,462.0,Pendiente
PP-004319,O-004319,PR-00340,"Lancisi, Trevisan e Beccaria s.r.l.",2025-07-05,60 días,2025-09-03,2025-08-24,3592.81,Pagado
PP-004320,O-004320,PR-00343,Bulzoni-Tagliafierro s.r.l.,2025-07-03,60 días,2025-09-01,,441.57,Pendiente
PP-004321,O-004321,PR-00343,Bulzoni-Tagliafierro s.r.l.,2025-08-27,60 días,2025-10-26,2025-10-06,7925.85,Pagado
PP-004322,O-004322,PR-00343,Bulzoni-Tagliafierro s.r.l.,2025-07-17,60 días,2025-09-15,2025-09-12,7155.72,Pagado
PP-004323,O-004323,PR-00344,"Moresi, Dandolo e Lippomano SPA",2025-08-20,60 días,2025-10-19,2025-10-07,541.5,Pagado
PP-004324,O-004324,PR-00373,"Murri, Alfonsi e Canali SPA",2025-08-01,30 días,2025-08-31,,8456.1,Pendiente
PP-004325,O-004325,PR-00374,Toscanini-Montecchi e figli,2025-08-21,90 días,2025-11-19,,3374.0,Pendiente
PP-004326,O-004326,PR-00374,Toscanini-Montecchi e figli,2025-07-31,90 días,2025-10-29,,2577.6,Pendiente
PP-004327,O-004327,PR-00376,Doglioni-Pigafetta s.r.l.,2025-07-24,90 días,2025-10-22,,2797.2,Pendiente
PP-004328,O-004328,PR-00363,Segrè e figli,2025-07-21,Contado,2025-07-21,2025-07-21,7037.78,Pagado
PP-004329,O-004329,PR-00365,Balbo Group,2025-08-22,60 días,2025-10-21,,4337.19,Pendiente
PP-004330,O-004330,PR-00927,Curiel-Boccherini Group,2025-07-01,90 días,2025-09-29,,4792.32,Pendiente
PP-004331,O-004331,PR-00927,Curiel-Boccherini Group,2025-07-19,90 días,2025-10-17,2025-09-12,579.04,Pagado
PP-004332,O-004332,PR-00336,"Mazzeo, Giolitti e Modigliani e figli",2025-08-01,90 días,2025-10-30,2025-09-04,2407.61,Pagado
PP-004333,O-004333,PR-01172,Cignaroli e figli,2025-07-19,60 días,2025-09-17,2025-07-21,1804.98,Pagado
PP-004334,O-004334,PR-01417,Curatoli-Venturi Group,2025-08-20,90 días,2025-11-18,2025-08-23,2096.33,Pagado
PP-004335,O-004335,PR-00342,Respighi-Bassi SPA,2025-08-27,90 días,2025-11-25,2025-09-16,467.29,Pagado
PP-004336,O-004336,PR-00343,Bulzoni-Tagliafierro s.r.l.,2025-07-24,60 días,2025-09-22,,3040.47,Pendiente
PP-004337,O-004337,PR-00343,Bulzoni-Tagliafierro s.r.l.,2025-08-23,60 días,2025-10-22,2025-10-11,449.68,Pagado
PP-004338,O-004338,PR-01333,Ceravolo-Perozzo e figli,2025-07-20,90 días,2025-10-18,,1561.2,Pendiente
PP-004339,O-004339,PR-00374,Toscanini-Montecchi e figli,2025-08-27,90 días,2025-11-25,,917.54,Pendiente
PP-004340,O-004340,PR-00374,Toscanini-Montecchi e figli,2025-07-02,90 días,2025-09-30,2025-08-21,5578.32,Pagado
PP-004341,O-004341,PR-00376,Doglioni-Pigafetta s.r.l.,2025-08-02,90 días,2025-10-31,,4615.68,Pendiente
PP-004342,O-004342,PR-00376,Doglioni-Pigafetta s.r.l.,2025-07-17,90 días,2025-10-15,,2956.5,Pendiente
PP-004343,O-004343,PR-00363,Segrè e figli,2025-08-24,Contado,2025-08-24,,4062.45,Retrasado
PP-004344,O-004344,PR-01470,Beccheria s.r.l.,2025-08-26,60 días,2025-10-25,,3652.4,Pendiente
PP-004345,O-004345,PR-00336,"Mazzeo, Giolitti e Modigliani e figli",2025-08-01,90 días,2025-10-30,2025-10-17,4788.48,Pagado
PP-004346,O-004346,PR-00336,"Mazzeo, Giolitti e Modigliani e figli",2025-08-09,90 días,2025-11-07,2025-10-24,2897.4,Pagado
PP-004347,O-004347,PR-00336,"Mazzeo, Giolitti e Modigliani e figli",2025-08-01,90 días,2025-10-30,2025-09-05,641.4,Pagado
PP-004348,O-004348,PR-00339,"Gozzano, Baresi e Barcella SPA",2025-08-04,60 días,2025-10-03,2025-08-20,3585.27,Pagado
PP-004349,O-004349,PR-00340,"Lancisi, Trevisan e Beccaria s.r.l.",2025-07-04,60 días,2025-09-02,,4631.76,Pendiente
PP-004350,O-004350,PR-00344,"Moresi, Dandolo e Lippomano SPA",2025-08-27,60 días,2025-10-26,,281.52,Pendiente
PP-004351,O-004351,PR-00615,"Letta, Volterra e Vespucci s.r.l.",2025-08-14,90 días,2025-11-12,2025-08-20,2557.78,Pagado
PP-004352,O-004352,PR-01201,Cremonesi-Faranda SPA,2025-07-26,60 días,2025-09-24,,3719.52,Pendiente
PP-004353,O-004353,PR-00376,Doglioni-Pigafetta s.r.l.,2025-08-13,90 días,2025-11-11,2025-10-21,6430.38,Pagado
PP-004354,O-004354,PR-00363,Segrè e figli,2025-07-12,Contado,2025-07-12,2025-07-12,311.32,Pagado
PP-004355,O-004355,PR-00363,Segrè e figli,2025-07-17,Contado,2025-07-17,2025-07-17,1372.4,Pagado
PP-004356,O-004356,PR-00335,"Scamarcio, Cappelli e Chiaramonte e figli",2025-08-15,90 días,2025-11-13,2025-10-23,1936.97,Pagado
PP-004357,O-004357,PR-00337,Ravaglioli e figli,2025-07-01,90 días,2025-09-29,,1812.6,Pendiente
PP-004358,O-004358,PR-01172,Cignaroli e figli,2025-07-17,60 días,2025-09-15,2025-07-18,3336.84,Pagado
PP-004359,O-004359,PR-00338,Malatesta-Comolli SPA,2025-08-03,60 días,2025-10-02,,6096.24,Pendiente
PP-004360,O-004360,PR-01376,Stefanelli-Coppola e figli,2025-07-24,60 días,2025-09-22,,2637.73,Pendiente
PP-004361,O-004361,PR-01417,Curatoli-Venturi Group,2025-07-26,90 días,2025-10-24,2025-08-13,1171.17,Pagado
PP-004362,O-004362,PR-00341,"Disdero, Platini e Garrone SPA",2025-07-31,90 días,2025-10-29,,2113.5,Pendiente
PP-004363,O-004363,PR-00864,"Tarantino, Cocci e Foà e figli",2025-06-30,90 días,2025-09-28,,2825.76,Pendiente
PP-004364,O-004364,PR-00344,"Moresi, Dandolo e Lippomano SPA",2025-07-30,60 días,2025-09-28,2025-07-30,857.05,Pagado
PP-004365,O-004365,PR-00372,"Scaramucci, Fischetti e Scalfaro Group",2025-08-23,30 días,2025-09-22,2025-09-02,7966.32,Pagado
PP-004366,O-004366,PR-00374,Toscanini-Montecchi e figli,2025-07-12,90 días,2025-10-10,2025-09-04,359.75,Pagado
PP-004367,O-004367,PR-00374,Toscanini-Montecchi e figli,2025-08-23,90 días,2025-11-21,2025-11-09,449.02,Pagado
PP-004368,O-004368,PR-00845,Bragaglia-Opizzi SPA,2025-07-13,60 días,2025-09-11,,3883.0,Pendiente
PP-004369,O-004369,PR-00335,"Scamarcio, Cappelli e Chiaramonte e figli",2025-07-05,90 días,2025-10-03,,4542.12,Pendiente
PP-004370,O-004370,PR-00341,"Disdero, Platini e Garrone SPA",2025-07-03,90 días,2025-10-01,,5295.06,Pendiente
PP-004371,O-004371,PR-00341,"Disdero, Platini e Garrone SPA",2025-07-04,90 días,2025-10-02,,7692.95,Pendiente
PP-004372,O-004372,PR-00800,Vidoni-Pietrangeli SPA,2025-07-16,90 días,2025-10-14,2025-07-30,7278.1,Pagado
PP-004373,O-004373,PR-01291,Beffa Group,2025-07-07,60 días,2025-09-05,,3186.45,Pendiente
PP-004374,O-004374,PR-00343,Bulzoni-Tagliafierro s.r.l.,2025-07-09,60 días,2025-09-07,2025-08-27,593.34,Pagado
PP-004375,O-004375,PR-00344,"Moresi, Dandolo e Lippomano SPA",2025-07-24,60 días,2025-09-22,,5577.88,Pendiente
PP-004376,O-004376,PR-00374,Toscanini-Montecchi e figli,2025-08-06,90 días,2025-11-04,,9113.3,Pendiente
PP-004377,O-004377,PR-00374,Toscanini-Montecchi e figli,2025-08-08,90 días,2025-11-06,,2553.51,Pendiente
PP-004378,O-004378,PR-00374,Toscanini-Montecchi e figli,2025-08-13,90 días,2025-11-11,,7522.8,Pendiente
PP-004379,O-004379,PR-00376,Doglioni-Pigafetta s.r.l.,2025-07-07,90 días,2025-10-05,2025-07-25,8190.75,Pagado
PP-004380,O-004380,PR-00363,Segrè e figli,2025-08-09,Contado,2025-08-09,2025-08-09,5802.28,Pagado
PP-004381,O-004381,PR-00365,Balbo Group,2025-07-19,60 días,2025-09-17,2025-08-26,357.28,Pagado
PP-004382,O-004382,PR-00932,Leopardi-Fermi Group,2025-07-27,90 días,2025-10-25,,9669.66,Pendiente
PP-004383,O-004383,PR-00932,Leopardi-Fermi Group,2025-08-24,90 días,2025-11-22,,7391.02,Pendiente
PP-004384,O-004384,PR-00336,"Mazzeo, Giolitti e Modigliani e figli",2025-07-30,90 días,2025-10-28,2025-10-10,3813.24,Pagado
PP-004385,O-004385,PR-00876,Giannuzzi SPA,2025-07-29,90 días,2025-10-27,2025-09-09,9203.92,Pagado
PP-004386,O-004386,PR-00876,Giannuzzi SPA,2025-07-05,90 días,2025-10-03,,2912.23,Pendiente
PP-004387,O-004387,PR-00806,"Bernetti, Saffi e Pepe e figli",2025-07-14,90 días,2025-10-12,,5207.4,Pendiente
PP-004388,O-004388,PR-00806,"Bernetti, Saffi e Pepe e figli",2025-08-26,90 días,2025-11-24,,8880.3,Pendiente
PP-004389,O-004389,PR-01376,Stefanelli-Coppola e figli,2025-08-05,60 días,2025-10-04,2025-08-20,3539.36,Pagado
PP-004390,O-004390,PR-00800,Vidoni-Pietrangeli SPA,2025-07-04,90 días,2025-10-02,2025-08-05,4257.28,Pagado
PP-004391,O-004391,PR-00342,Respighi-Bassi SPA,2025-08-04,90 días,2025-11-02,2025-09-28,7283.25,Pagado
PP-004392,O-004392,PR-00615,"Letta, Volterra e Vespucci s.r.l.",2025-07-17,90 días,2025-10-15,,920.64,Pendiente
PP-004393,O-004393,PR-00374,Toscanini-Montecchi e figli,2025-08-22,90 días,2025-11-20,2025-10-02,196.08,Pagado
PP-004394,O-004394,PR-00374,Toscanini-Montecchi e figli,2025-08-08,90 días,2025-11-06,,824.16,Pendiente
PP-004395,O-004395,PR-00365,Balbo Group,2025-07-08,60 días,2025-09-06,2025-09-02,5751.15,Pagado
PP-004396,O-004396,PR-00932,Leopardi-Fermi Group,2025-07-03,90 días,2025-10-01,2025-07-28,9859.74,Pagado
PP-004397,O-004397,PR-00336,"Mazzeo, Giolitti e Modigliani e figli",2025-07-29,90 días,2025-10-27,,4854.12,Pendiente
PP-004398,O-004398,PR-00657,Venier SPA,2025-08-19,90 días,2025-11-17,,2858.4,Pendiente
PP-004399,O-004399,PR-00876,Giannuzzi SPA,2025-08-28,90 días,2025-11-26,,8755.0,Pendiente
PP-004400,O-004400,PR-01376,Stefanelli-Coppola e figli,2025-08-14,60 días,2025-10-13,,7295.2,Pendiente
PP-004401,O-004401,PR-00615,"Letta, Volterra e Vespucci s.r.l.",2025-08-06,90 días,2025-11-04,,4793.72,Pendiente
PP-004402,O-004402,PR-00376,Doglioni-Pigafetta s.r.l.,2025-08-15,90 días,2025-11-13,2025-08-18,1873.5,Pagado
PP-004403,O-004403,PR-00376,Doglioni-Pigafetta s.r.l.,2025-07-02,90 días,2025-09-30,2025-08-20,7514.48,Pagado
PP-004404,O-004404,PR-00363,Segrè e figli,2025-08-11,Contado,2025-08-11,,5827.33,Retrasado
PP-004405,O-004405,PR-00363,Segrè e figli,2025-07-08,Contado,2025-07-08,2025-07-08,4517.25,Pagado
PP-004406,O-004406,PR-01151,Perozzo-Iacobucci Group,2025-08-04,Contado,2025-08-04,2025-08-04,5655.87,Pagado
PP-004407,O-004407,PR-00845,Bragaglia-Opizzi SPA,2025-07-23,60 días,2025-09-21,2025-08-07,6791.74,Pagado
PP-004408,O-004408,PR-00927,Curiel-Boccherini Group,2025-08-22,90 días,2025-11-20,,3060.66,Pendiente
PP-004409,O-004409,PR-00335,"Scamarcio, Cappelli e Chiaramonte e figli",2025-08-22,90 días,2025-11-20,,2413.32,Pendiente
PP-004410,O-004410,PR-00932,Leopardi-Fermi Group,2025-08-06,90 días,2025-11-04,2025-10-26,2733.94,Pagado
PP-004411,O-004411,PR-00806,"Bernetti, Saffi e Pepe e figli",2025-07-08,90 días,2025-10-06,2025-07-20,3101.67,Pagado
PP-004412,O-004412,PR-00372,"Scaramucci, Fischetti e Scalfaro Group",2025-08-02,30 días,2025-09-01,,4792.2,Pendiente
PP-004413,O-004413,PR-00372,"Scaramucci, Fischetti e Scalfaro Group",2025-08-10,30 días,2025-09-09,2025-08-23,4742.47,Pagado
PP-004414,O-004414,PR-00615,"Letta, Volterra e Vespucci s.r.l.",2025-07-07,90 días,2025-10-05,2025-08-17,2143.41,Pagado
PP-004415,O-004415,PR-01257,"Albertini, Antonacci e Colletti Group",2025-07-04,90 días,2025-10-02,,738.65,Pendiente
PP-004416,O-004416,PR-00376,Doglioni-Pigafetta s.r.l.,2025-06-30,90 días,2025-09-28,,2205.14,Pendiente
PP-004417,O-004417,PR-00362,"Togliatti, Gatto e Sauli Group",2025-08-21,60 días,2025-10-20,2025-09-05,8930.0,Pagado
PP-004418,O-004418,PR-00364,Pagliaro-Magnani s.r.l.,2025-08-20,Contado,2025-08-20,2025-08-20,3323.88,Pagado
PP-004419,O-004419,PR-00927,Curiel-Boccherini Group,2025-07-14,90 días,2025-10-12,,4826.4,Pendiente
PP-004420,O-004420,PR-00932,Leopardi-Fermi Group,2025-08-10,90 días,2025-11-08,2025-08-21,2485.42,Pagado
PP-004421,O-004421,PR-00657,Venier SPA,2025-08-15,90 días,2025-11-13,,9046.4,Pendiente
PP-004422,O-004422,PR-00876,Giannuzzi SPA,2025-08-24,90 días,2025-11-22,,10309.91,Pendiente
PP-004423,O-004423,PR-00339,"Gozzano, Baresi e Barcella SPA",2025-07-11,60 días,2025-09-09,2025-07-23,3490.02,Pagado
PP-004424,O-004424,PR-01376,Stefanelli-Coppola e figli,2025-07-27,60 días,2025-09-25,2025-09-06,1004.52,Pagado
PP-004425,O-004425,PR-00339,"Gozzano, Baresi e Barcella SPA",2025-07-17,60 días,2025-09-15,2025-07-28,5639.04,Pagado
PP-004426,O-004426,PR-00373,"Murri, Alfonsi e Canali SPA",2025-07-25,30 días,2025-08-24,2025-08-14,2088.72,Pagado
PP-004427,O-004427,PR-01485,Carullo-Montanelli SPA,2025-07-03,30 días,2025-08-02,2025-07-15,8611.2,Pagado
PP-004428,O-004428,PR-00376,Doglioni-Pigafetta s.r.l.,2025-07-13,90 días,2025-10-11,2025-09-23,1546.98,Pagado
PP-004429,O-004429,PR-00362,"Togliatti, Gatto e Sauli Group",2025-08-21,60 días,2025-10-20,2025-10-10,6824.72,Pagado
PP-004430,O-004430,PR-00363,Segrè e figli,2025-08-12,Contado,2025-08-12,2025-08-12,6682.68,Pagado
PP-004431,O-004431,PR-00363,Segrè e figli,2025-07-12,Contado,2025-07-12,2025-07-12,4425.86,Pagado
PP-004432,O-004432,PR-00364,Pagliaro-Magnani s.r.l.,2025-08-06,Contado,2025-08-06,,6195.2,Retrasado
PP-004433,O-004433,PR-00845,Bragaglia-Opizzi SPA,2025-08-11,60 días,2025-10-10,2025-08-21,2504.8,Pagado
PP-004434,O-004434,PR-00335,"Scamarcio, Cappelli e Chiaramonte e figli",2025-07-29,90 días,2025-10-27,,5667.2,Pendiente
PP-004435,O-004435,PR-00932,Leopardi-Fermi Group,2025-07-19,90 días,2025-10-17,,7824.75,Pendiente
PP-004436,O-004436,PR-00657,Venier SPA,2025-07-25,90 días,2025-10-23,2025-09-04,58.3,Pagado
PP-004437,O-004437,PR-00373,"Murri, Alfonsi e Canali SPA",2025-07-18,30 días,2025-08-17,2025-08-03,1035.46,Pagado
PP-004438,O-004438,PR-00615,"Letta, Volterra e Vespucci s.r.l.",2025-08-13,90 días,2025-11-11,2025-10-16,468.27,Pagado
PP-004439,O-004439,PR-00374,Toscanini-Montecchi e figli,2025-08-20,90 días,2025-11-18,2025-10-22,8919.96,Pagado
PP-004440,O-004440,PR-01485,Carullo-Montanelli SPA,2025-08-05,30 días,2025-09-04,,3623.78,Pendiente
PP-004441,O-004441,PR-00376,Doglioni-Pigafetta s.r.l.,2025-06-30,90 días,2025-09-28,2025-09-05,7952.49,Pagado
PP-004442,O-004442,PR-00845,Bragaglia-Opizzi SPA,2025-07-02,60 días,2025-08-31,2025-08-14,2754.0,Pagado
PP-004443,O-004443,PR-00932,Leopardi-Fermi Group,2025-08-14,90 días,2025-11-12,2025-09-18,12373.14,Pagado
PP-004444,O-004444,PR-00337,Ravaglioli e figli,2025-07-02,90 días,2025-09-30,,393.03,Pendiente
PP-004445,O-004445,PR-01485,Carullo-Montanelli SPA,2025-07-22,30 días,2025-08-21,2025-07-26,2938.32,Pagado
PP-004446,O-004446,PR-00376,Doglioni-Pigafetta s.r.l.,2025-07-08,90 días,2025-10-06,2025-07-13,6705.16,Pagado
PP-004447,O-004447,PR-00376,Doglioni-Pigafetta s.r.l.,2025-08-19,90 días,2025-11-17,,1926.48,Pendiente
PP-004448,O-004448,PR-01151,Perozzo-Iacobucci Group,2025-08-04,Contado,2025-08-04,2025-08-04,9064.9,Pagado
PP-004449,O-004449,PR-00927,Curiel-Boccherini Group,2025-07-21,90 días,2025-10-19,,5262.84,Pendiente
PP-004450,O-004450,PR-00657,Venier SPA,2025-07-04,90 días,2025-10-02,2025-08-19,3559.05,Pagado
PP-004451,O-004451,PR-01172,Cignaroli e figli,2025-08-07,60 días,2025-10-06,2025-08-29,7282.87,Pagado
PP-004452,O-004452,PR-01172,Cignaroli e figli,2025-08-19,60 días,2025-10-18,,1042.2,Pendiente
PP-004453,O-004453,PR-01376,Stefanelli-Coppola e figli,2025-07-08,60 días,2025-09-06,2025-07-14,3512.19,Pagado
PP-004454,O-004454,PR-00373,"Murri, Alfonsi e Canali SPA",2025-07-31,30 días,2025-08-30,,1048.64,Pendiente
PP-004455,O-004455,PR-00376,Doglioni-Pigafetta s.r.l.,2025-07-22,90 días,2025-10-20,2025-08-11,4003.92,Pagado
PP-004456,O-004456,PR-00362,"Togliatti, Gatto e Sauli Group",2025-08-18,60 días,2025-10-17,2025-10-09,2978.58,Pagado
PP-004457,O-004457,PR-00362,"Togliatti, Gatto e Sauli Group",2025-08-23,60 días,2025-10-22,,5883.84,Pendiente
PP-004458,O-004458,PR-00363,Segrè e figli,2025-08-21,Contado,2025-08-21,2025-08-21,9654.96,Pagado
PP-004459,O-004459,PR-01001,Ricciardi e figli,2025-08-18,90 días,2025-11-16,2025-10-11,1924.44,Pagado
PP-004460,O-004460,PR-00365,Balbo Group,2025-07-30,60 días,2025-09-28,,3652.6,Pendiente
PP-004461,O-004461,PR-00932,Leopardi-Fermi Group,2025-07-31,90 días,2025-10-29,,1958.67,Pendiente
PP-004462,O-004462,PR-01276,Turrini e figli,2025-08-05,90 días,2025-11-03,,12639.5,Pendiente
PP-004463,O-004463,PR-00374,Toscanini-Montecchi e figli,2025-08-18,90 días,2025-11-16,,1955.17,Pendiente
PP-004464,O-004464,PR-00364,Pagliaro-Magnani s.r.l.,2025-08-09,Contado,2025-08-09,,5569.2,Retrasado
PP-004465,O-004465,PR-00903,Tropea-Trillini SPA,2025-08-04,Contado,2025-08-04,,1425.08,Retrasado
PP-004466,O-004466,PR-00337,Ravaglioli e figli,2025-08-22,90 días,2025-11-20,2025-09-30,2825.2,Pagado
PP-004467,O-004467,PR-01376,Stefanelli-Coppola e figli,2025-06-30,60 días,2025-08-29,,2175.8,Pendiente
PP-004468,O-004468,PR-00615,"Letta, Volterra e Vespucci s.r.l.",2025-08-24,90 días,2025-11-22,,583.55,Pendiente
PP-004469,O-004469,PR-00374,Toscanini-Montecchi e figli,2025-07-29,90 días,2025-10-27,,356.95,Pendiente
PP-004470,O-004470,PR-00376,Doglioni-Pigafetta s.r.l.,2025-07-02,90 días,2025-09-30,2025-09-05,1840.74,Pagado
PP-004471,O-004471,PR-01001,Ricciardi e figli,2025-07-30,90 días,2025-10-28,2025-10-08,7765.74,Pagado
PP-004472,O-004472,PR-01151,Perozzo-Iacobucci Group,2025-08-22,Contado,2025-08-22,,1412.64,Pendiente
PP-004473,O-004473,PR-01001,Ricciardi e figli,2025-08-07,90 días,2025-11-05,,4602.23,Pendiente
PP-004474,O-004474,PR-00365,Balbo Group,2025-08-14,60 días,2025-10-13,,819.57,Pendiente
PP-004475,O-004475,PR-00665,Gentilini s.r.l.,2025-07-21,Contado,2025-07-21,2025-07-21,7287.34,Pagado
PP-004476,O-004476,PR-00335,"Scamarcio, Cappelli e Chiaramonte e figli",2025-07-24,90 días,2025-10-22,2025-09-11,1525.51,Pagado
PP-004477,O-004477,PR-00932,Leopardi-Fermi Group,2025-08-02,90 días,2025-10-31,,4932.48,Pendiente
PP-004478,O-004478,PR-00336,"Mazzeo, Giolitti e Modigliani e figli",2025-07-30,90 días,2025-10-28,2025-10-10,8412.3,Pagado
PP-004479,O-004479,PR-00337,Ravaglioli e figli,2025-07-14,90 días,2025-10-12,2025-09-24,4441.47,Pagado
PP-004480,O-004480,PR-01172,Cignaroli e figli,2025-08-05,60 días,2025-10-04,,249.4,Pendiente
PP-004481,O-004481,PR-00372,"Scaramucci, Fischetti e Scalfaro Group",2025-07-30,30 días,2025-08-29,,1891.52,Pendiente
PP-004482,O-004482,PR-00373,"Murri, Alfonsi e Canali SPA",2025-08-14,30 días,2025-09-13,2025-08-14,1675.86,Pagado
PP-004483,O-004483,PR-00376,Doglioni-Pigafetta s.r.l.,2025-07-30,90 días,2025-10-28,2025-09-05,460.08,Pagado
PP-004484,O-004484,PR-00376,Doglioni-Pigafetta s.r.l.,2025-08-17,90 días,2025-11-15,,2486.25,Pendiente
PP-004485,O-004485,PR-00362,"Togliatti, Gatto e Sauli Group",2025-07-05,60 días,2025-09-03,2025-08-23,5800.32,Pagado
PP-004486,O-004486,PR-01001,Ricciardi e figli,2025-07-02,90 días,2025-09-30,2025-07-28,161.52,Pagado
PP-004487,O-004487,PR-00365,Balbo Group,2025-07-25,60 días,2025-09-23,,9040.98,Pendiente
PP-004488,O-004488,PR-00365,Balbo Group,2025-07-01,60 días,2025-08-30,,2530.27,Pendiente
PP-004489,O-004489,PR-00366,Pistoletto s.r.l.,2025-07-06,60 días,2025-09-04,,2190.15,Pendiente
PP-004490,O-004490,PR-00336,"Mazzeo, Giolitti e Modigliani e figli",2025-08-07,90 días,2025-11-05,,491.66,Pendiente
PP-004491,O-004491,PR-01172,Cignaroli e figli,2025-08-17,60 días,2025-10-16,2025-09-06,6369.41,Pagado
PP-004492,O-004492,PR-00806,"Bernetti, Saffi e Pepe e figli",2025-07-21,90 días,2025-10-19,2025-10-08,1035.09,Pagado
PP-004493,O-004493,PR-00376,Doglioni-Pigafetta s.r.l.,2025-08-23,90 días,2025-11-21,,11857.6,Pendiente
PP-004494,O-004494,PR-00363,Segrè e figli,2025-07-12,Contado,2025-07-12,2025-07-12,3197.77,Pagado
PP-004495,O-004495,PR-00364,Pagliaro-Magnani s.r.l.,2025-07-21,Contado,2025-07-21,,13352.94,Retrasado
PP-004496,O-004496,PR-00364,Pagliaro-Magnani s.r.l.,2025-08-27,Contado,2025-08-27,2025-08-27,7699.3,Pagado
PP-004497,O-004497,PR-00657,Venier SPA,2025-08-22,90 días,2025-11-20,,1847.04,Pendiente
PP-004498,O-004498,PR-00373,"Murri, Alfonsi e Canali SPA",2025-07-01,30 días,2025-07-31,,3575.91,Pendiente
PP-004499,O-004499,PR-00374,Toscanini-Montecchi e figli,2025-08-20,90 días,2025-11-18,2025-09-29,6808.6,Pagado
PP-004500,O-004500,PR-00374,Toscanini-Montecchi e figli,2025-07-09,90 días,2025-10-07,2025-09-28,11359.15,Pagado
PP-004501,O-004501,PR-00376,Doglioni-Pigafetta s.r.l.,2025-07-05,90 días,2025-10-03,,2419.78,Pendiente
PP-004502,O-004502,PR-00376,Doglioni-Pigafetta s.r.l.,2025-08-01,90 días,2025-10-30,,2877.6,Pendiente
PP-004503,O-004503,PR-00363,Segrè e figli,2025-08-12,Contado,2025-08-12,2025-08-12,11050.85,Pagado
PP-004504,O-004504,PR-00903,Tropea-Trillini SPA,2025-08-16,Contado,2025-08-16,2025-08-16,5137.2,Pagado
PP-004505,O-004505,PR-00845,Bragaglia-Opizzi SPA,2025-07-16,60 días,2025-09-14,,8513.05,Pendiente
PP-004506,O-004506,PR-00665,Gentilini s.r.l.,2025-07-11,Contado,2025-07-11,2025-07-11,3694.74,Pagado
PP-004507,O-004507,PR-00336,"Mazzeo, Giolitti e Modigliani e figli",2025-08-01,90 días,2025-10-30,2025-09-14,5220.25,Pagado
PP-004508,O-004508,PR-00337,Ravaglioli e figli,2025-08-16,90 días,2025-11-14,,1033.61,Pendiente
PP-004509,O-004509,PR-01276,Turrini e figli,2025-06-30,90 días,2025-09-28,2025-08-17,6578.36,Pagado
PP-004510,O-004510,PR-01276,Turrini e figli,2025-07-06,90 días,2025-10-04,,392.08,Pendiente
PP-004511,O-004511,PR-01276,Turrini e figli,2025-07-18,90 días,2025-10-16,2025-09-29,5114.34,Pagado
PP-004512,O-004512,PR-00615,"Letta, Volterra e Vespucci s.r.l.",2025-08-03,90 días,2025-11-01,2025-10-09,1465.95,Pagado
PP-004513,O-004513,PR-00374,Toscanini-Montecchi e figli,2025-06-30,90 días,2025-09-28,2025-07-08,1680.72,Pagado
PP-004514,O-004514,PR-01151,Perozzo-Iacobucci Group,2025-07-25,Contado,2025-07-25,2025-07-25,4538.6,Pagado
PP-004515,O-004515,PR-01001,Ricciardi e figli,2025-08-15,90 días,2025-11-13,,9003.4,Pendiente
PP-004516,O-004516,PR-01001,Ricciardi e figli,2025-07-12,90 días,2025-10-10,2025-08-26,5528.16,Pagado
PP-004517,O-004517,PR-00365,Balbo Group,2025-08-03,60 días,2025-10-02,2025-09-30,2764.08,Pagado
PP-004518,O-004518,PR-00335,"Scamarcio, Cappelli e Chiaramonte e figli",2025-07-07,90 días,2025-10-05,2025-09-30,1077.18,Pagado
PP-004519,O-004519,PR-00339,"Gozzano, Baresi e Barcella SPA",2025-06-30,60 días,2025-08-29,2025-07-12,2205.24,Pagado
PP-004520,O-004520,PR-00419,Seifert Trommler GmbH,2025-07-29,90 días,2025-10-27,2025-09-08,4562.88,Pagado
PP-004521,O-004521,PR-00419,Seifert Trommler GmbH,2025-07-20,90 días,2025-10-18,2025-08-26,8552.25,Pagado
PP-004522,O-004522,PR-00422,Steuer,2025-08-27,90 días,2025-11-25,2025-10-24,7780.32,Pagado
PP-004523,O-004523,PR-00422,Steuer,2025-08-12,90 días,2025-11-10,2025-09-02,3553.84,Pagado
PP-004524,O-004524,PR-01065,Jüttner,2025-08-12,90 días,2025-11-10,,643.25,Pendiente
PP-004525,O-004525,PR-00409,Sorgatz Schinke AG,2025-08-01,90 días,2025-10-30,,10625.16,Pendiente
PP-004526,O-004526,PR-01300,Löchel,2025-06-30,30 días,2025-07-30,2025-07-08,3871.4,Pagado
PP-004527,O-004527,PR-00704,Hartung,2025-07-08,60 días,2025-09-06,2025-08-09,11098.62,Pagado
PP-004528,O-004528,PR-01026,Schmiedecke KGaA,2025-07-31,Contado,2025-07-31,2025-07-31,5827.74,Pagado
PP-004529,O-004529,PR-01026,Schmiedecke KGaA,2025-07-20,Contado,2025-07-20,2025-07-20,3784.86,Pagado
PP-004530,O-004530,PR-00413,Mülichen e.V.,2025-08-21,Contado,2025-08-21,2025-08-21,7699.31,Pagado
PP-004531,O-004531,PR-00389,Wulff Sauer Stiftung & Co. KG,2025-07-20,60 días,2025-09-18,,661.96,Pendiente
PP-004532,O-004532,PR-00390,Haering OHG mbH,2025-07-15,30 días,2025-08-14,2025-08-12,10408.5,Pagado
PP-004533,O-004533,PR-00391,Mies Stiftung & Co. KGaA,2025-07-17,60 días,2025-09-15,2025-07-18,11364.99,Pagado
PP-004534,O-004534,PR-00415,Beer,2025-07-05,60 días,2025-09-03,,3378.96,Pendiente
PP-004535,O-004535,PR-00415,Beer,2025-08-19,60 días,2025-10-18,2025-09-15,2683.26,Pagado
PP-004536,O-004536,PR-00417,Blümel GbR,2025-08-26,90 días,2025-11-24,2025-11-23,5454.6,Pagado
PP-004537,O-004537,PR-00417,Blümel GbR,2025-07-08,90 días,2025-10-06,2025-07-23,8921.85,Pagado
PP-004538,O-004538,PR-00417,Blümel GbR,2025-06-30,90 días,2025-09-28,2025-08-11,7428.78,Pagado
PP-004539,O-004539,PR-00418,Lehmann Stadelmann AG & Co. OHG,2025-08-02,60 días,2025-10-01,2025-09-25,6387.56,Pagado
PP-004540,O-004540,PR-00392,Mälzer AG,2025-08-28,30 días,2025-09-27,2025-09-17,1976.61,Pagado
PP-004541,O-004541,PR-00392,Mälzer AG,2025-07-12,30 días,2025-08-11,2025-07-30,6265.92,Pagado
PP-004542,O-004542,PR-00400,Langern Steinberg KG,2025-08-26,30 días,2025-09-25,,3338.66,Pendiente
PP-004543,O-004543,PR-00923,Jockel,2025-07-15,30 días,2025-08-14,2025-07-20,9861.72,Pagado
PP-004544,O-004544,PR-00923,Jockel,2025-07-10,30 días,2025-08-09,2025-07-17,7415.7,Pagado
PP-004545,O-004545,PR-00380,Huhn Segebahn GmbH & Co. OHG,2025-08-16,90 días,2025-11-14,,4733.82,Pendiente
PP-004546,O-004546,PR-00380,Huhn Segebahn GmbH & Co. OHG,2025-07-15,90 días,2025-10-13,2025-08-03,12366.21,Pagado
PP-004547,O-004547,PR-00401,Ackermann GbR,2025-07-02,90 días,2025-09-30,2025-07-23,1348.81,Pagado
PP-004548,O-004548,PR-01477,Kohl,2025-07-24,30 días,2025-08-23,2025-08-19,3335.6,Pagado
PP-004549,O-004549,PR-00403,Reuter,2025-07-26,90 días,2025-10-24,2025-10-11,6827.25,Pagado
PP-004550,O-004550,PR-00404,Hermighausen,2025-07-27,90 días,2025-10-25,2025-10-03,1200.5,Pagado
PP-004551,O-004551,PR-00404,Hermighausen,2025-07-05,90 días,2025-10-03,,660.4,Pendiente
PP-004552,O-004552,PR-00405,Radisch Adolph AG & Co. KG,2025-08-25,30 días,2025-09-24,,440.4,Pendiente
PP-004553,O-004553,PR-00406,Schomber GmbH & Co. KGaA,2025-08-01,60 días,2025-09-30,,1506.96,Pendiente
PP-004554,O-004554,PR-00741,Hettner GmbH,2025-07-30,60 días,2025-09-28,2025-09-19,2546.1,Pagado
PP-004555,O-004555,PR-00422,Steuer,2025-07-23,90 días,2025-10-21,2025-08-21,1888.4,Pagado
PP-004556,O-004556,PR-00957,Textor GmbH & Co. KG,2025-07-22,60 días,2025-09-20,,3860.7,Pendiente
PP-004557,O-004557,PR-00957,Textor GmbH & Co. KG,2025-07-04,60 días,2025-09-02,,8464.8,Pendiente
PP-004558,O-004558,PR-01300,Löchel,2025-07-15,30 días,2025-08-14,,1650.22,Pendiente
PP-004559,O-004559,PR-00704,Hartung,2025-08-05,60 días,2025-10-04,2025-09-23,3940.48,Pagado
PP-004560,O-004560,PR-00412,Bolander Bärer GmbH & Co. KG,2025-07-17,30 días,2025-08-16,,2920.4,Retrasado
PP-004561,O-004561,PR-00413,Mülichen e.V.,2025-07-23,Contado,2025-07-23,,8943.66,Retrasado
PP-004562,O-004562,PR-00955,Noack,2025-07-25,Contado,2025-07-25,,2927.74,Retrasado
PP-004563,O-004563,PR-00854,Heuser Bähr OHG mbH,2025-07-27,30 días,2025-08-26,2025-08-16,1854.62,Pagado
PP-004564,O-004564,PR-00387,Weiß Gunpf GmbH & Co. OHG,2025-08-03,30 días,2025-09-02,,13271.68,Pendiente
PP-004565,O-004565,PR-00387,Weiß Gunpf GmbH & Co. OHG,2025-07-05,30 días,2025-08-04,2025-07-29,3682.84,Pagado
PP-004566,O-004566,PR-00388,Steckel,2025-08-04,60 días,2025-10-03,2025-09-12,11173.6,Pagado
PP-004567,O-004567,PR-00389,Wulff Sauer Stiftung & Co. KG,2025-07-07,60 días,2025-09-05,,6830.88,Pendiente
PP-004568,O-004568,PR-00389,Wulff Sauer Stiftung & Co. KG,2025-07-19,60 días,2025-09-17,,3811.86,Pendiente
PP-004569,O-004569,PR-00616,Bruder e.G.,2025-07-25,60 días,2025-09-23,,8569.95,Pendiente
PP-004570,O-004570,PR-00391,Mies Stiftung & Co. KGaA,2025-07-26,60 días,2025-09-24,,2648.64,Pendiente
PP-004571,O-004571,PR-01332,Schmiedt,2025-07-26,90 días,2025-10-24,2025-08-25,476.7,Pagado
PP-004572,O-004572,PR-01332,Schmiedt,2025-07-24,90 días,2025-10-22,2025-08-30,5045.04,Pagado
PP-004573,O-004573,PR-00415,Beer,2025-08-09,60 días,2025-10-08,,1466.44,Pendiente
PP-004574,O-004574,PR-00787,Trubin e.V.,2025-08-05,60 días,2025-10-04,2025-08-31,2072.52,Pagado
PP-004575,O-004575,PR-00416,Patberg Geißler GbR,2025-08-06,60 días,2025-10-05,2025-09-13,8893.8,Pagado
PP-004576,O-004576,PR-00416,Patberg Geißler GbR,2025-07-22,60 días,2025-09-20,,570.46,Pendiente
PP-004577,O-004577,PR-00417,Blümel GbR,2025-07-31,90 días,2025-10-29,2025-10-16,4964.18,Pagado
PP-004578,O-004578,PR-00417,Blümel GbR,2025-07-02,90 días,2025-09-30,,3553.55,Pendiente
PP-004579,O-004579,PR-00418,Lehmann Stadelmann AG & Co. OHG,2025-07-07,60 días,2025-09-05,,4235.28,Pendiente
PP-004580,O-004580,PR-00418,Lehmann Stadelmann AG & Co. OHG,2025-08-01,60 días,2025-09-30,2025-08-20,2459.6,Pagado
PP-004581,O-004581,PR-01148,Reinhardt GbR,2025-08-16,60 días,2025-10-15,,659.37,Pendiente
PP-004582,O-004582,PR-00631,Sauer,2025-07-26,Contado,2025-07-26,2025-07-26,1758.72,Pagado
PP-004583,O-004583,PR-01319,Reinhardt,2025-07-09,Contado,2025-07-09,2025-07-09,6304.8,Pagado
PP-004584,O-004584,PR-00378,Losekann Gieß AG,2025-08-04,Contado,2025-08-04,2025-08-04,8844.0,Pagado
PP-004585,O-004585,PR-00379,Bloch Bolander AG,2025-07-15,90 días,2025-10-13,2025-09-15,10781.55,Pagado
PP-004586,O-004586,PR-00379,Bloch Bolander AG,2025-07-19,90 días,2025-10-17,2025-08-12,2028.25,Pagado
PP-004587,O-004587,PR-00670,Karz,2025-07-19,60 días,2025-09-17,,86.8,Pendiente
PP-004588,O-004588,PR-01416,Täsche Heuser GmbH,2025-08-11,90 días,2025-11-09,2025-10-04,3023.0,Pagado
PP-004589,O-004589,PR-00397,Gutknecht Grein Groth AG & Co. OHG,2025-08-24,60 días,2025-10-23,2025-10-21,6172.28,Pagado
PP-004590,O-004590,PR-00399,Ullmann AG & Co. KG,2025-07-06,90 días,2025-10-04,,5156.56,Pendiente
PP-004591,O-004591,PR-01477,Kohl,2025-07-23,30 días,2025-08-22,,14969.0,Pendiente
PP-004592,O-004592,PR-00406,Schomber GmbH & Co. KGaA,2025-07-01,60 días,2025-08-30,2025-08-28,869.86,Pagado
PP-004593,O-004593,PR-00406,Schomber GmbH & Co. KGaA,2025-08-06,60 días,2025-10-05,,6903.39,Pendiente
PP-004594,O-004594,PR-00406,Schomber GmbH & Co. KGaA,2025-07-23,60 días,2025-09-21,,3018.6,Pendiente
PP-004595,O-004595,PR-00741,Hettner GmbH,2025-08-17,60 días,2025-10-16,2025-08-31,5948.77,Pagado
PP-004596,O-004596,PR-00408,Gröttner Jacobi Jäckel AG & Co. OHG,2025-07-05,30 días,2025-08-04,2025-07-27,6988.9,Pagado
PP-004597,O-004597,PR-01303,Bohnbach Austermühle Stiftung & Co. KG,2025-07-05,90 días,2025-10-03,2025-07-22,7127.01,Pagado
PP-004598,O-004598,PR-00419,Seifert Trommler GmbH,2025-08-05,90 días,2025-11-03,2025-09-22,11779.0,Pagado
PP-004599,O-004599,PR-00419,Seifert Trommler GmbH,2025-06-30,90 días,2025-09-28,2025-08-30,7860.24,Pagado
PP-004600,O-004600,PR-01339,Junck Döhn AG,2025-07-17,90 días,2025-10-15,2025-08-07,13415.49,Pagado
PP-004601,O-004601,PR-00420,Hartmann Pruschke KGaA,2025-07-03,30 días,2025-08-02,2025-07-09,489.58,Pagado
PP-004602,O-004602,PR-00422,Steuer,2025-08-11,90 días,2025-11-09,2025-09-04,4991.25,Pagado
PP-004603,O-004603,PR-00413,Mülichen e.V.,2025-08-19,Contado,2025-08-19,2025-08-19,1288.5,Pagado
PP-004604,O-004604,PR-00382,Fischer GbR,2025-07-06,60 días,2025-09-04,2025-07-16,2913.6,Pagado
PP-004605,O-004605,PR-00383,Kraushaar GbR,2025-07-07,90 días,2025-10-05,2025-09-22,3761.1,Pagado
PP-004606,O-004606,PR-00387,Weiß Gunpf GmbH & Co. OHG,2025-07-30,30 días,2025-08-29,2025-08-10,7464.8,Pagado
PP-004607,O-004607,PR-00387,Weiß Gunpf GmbH & Co. OHG,2025-08-19,30 días,2025-09-18,,478.88,Pendiente
PP-004608,O-004608,PR-00799,Fröhlich GmbH,2025-08-06,Contado,2025-08-06,2025-08-06,11208.89,Pagado
PP-004609,O-004609,PR-01500,Neuschäfer Otto GmbH & Co. OHG,2025-08-21,90 días,2025-11-19,2025-09-16,9002.78,Pagado
PP-004610,O-004610,PR-00391,Mies Stiftung & Co. KGaA,2025-07-11,60 días,2025-09-09,2025-07-20,3600.5,Pagado
PP-004611,O-004611,PR-00416,Patberg Geißler GbR,2025-07-25,60 días,2025-09-23,2025-08-01,4609.44,Pagado
PP-004612,O-004612,PR-00416,Patberg Geißler GbR,2025-07-13,60 días,2025-09-11,2025-09-06,1286.86,Pagado
PP-004613,O-004613,PR-00417,Blümel GbR,2025-07-22,90 días,2025-10-20,2025-09-26,3890.7,Pagado
PP-004614,O-004614,PR-01148,Reinhardt GbR,2025-08-23,60 días,2025-10-22,,11422.26,Pendiente
PP-004615,O-004615,PR-00396,Gehringer Heser GmbH,2025-07-02,Contado,2025-07-02,2025-07-02,4355.2,Pagado
PP-004616,O-004616,PR-00711,Neuschäfer GmbH & Co. KGaA,2025-08-05,60 días,2025-10-04,,1020.25,Pendiente
PP-004617,O-004617,PR-00419,Seifert Trommler GmbH,2025-07-11,90 días,2025-10-09,2025-09-16,2447.82,Pagado
PP-004618,O-004618,PR-00409,Sorgatz Schinke AG,2025-08-06,90 días,2025-11-04,2025-10-30,8286.23,Pagado
PP-004619,O-004619,PR-00957,Textor GmbH & Co. KG,2025-07-06,60 días,2025-09-04,2025-07-25,10038.16,Pagado
PP-004620,O-004620,PR-00704,Hartung,2025-08-12,60 días,2025-10-11,,4564.56,Pendiente
PP-004621,O-004621,PR-01169,Hövel,2025-07-04,90 días,2025-10-02,2025-09-02,1900.36,Pagado
PP-004622,O-004622,PR-00413,Mülichen e.V.,2025-07-04,Contado,2025-07-04,2025-07-04,7073.24,Pagado
PP-004623,O-004623,PR-00925,Schleich,2025-08-27,90 días,2025-11-25,,990.08,Pendiente
PP-004624,O-004624,PR-00387,Weiß Gunpf GmbH & Co. OHG,2025-08-19,30 días,2025-09-18,,9439.36,Pendiente
PP-004625,O-004625,PR-01247,Caspar KG,2025-07-07,30 días,2025-08-06,2025-08-04,5665.92,Pagado
PP-004626,O-004626,PR-01389,Hein Klemm AG & Co. OHG,2025-07-13,60 días,2025-09-11,,1759.04,Pendiente
PP-004627,O-004627,PR-00390,Haering OHG mbH,2025-07-13,30 días,2025-08-12,,984.72,Retrasado
PP-004628,O-004628,PR-01332,Schmiedt,2025-07-15,90 días,2025-10-13,,2549.28,Pendiente
PP-004629,O-004629,PR-00416,Patberg Geißler GbR,2025-07-24,60 días,2025-09-22,,1106.25,Pendiente
PP-004630,O-004630,PR-00418,Lehmann Stadelmann AG & Co. OHG,2025-08-19,60 días,2025-10-18,2025-10-03,2616.4,Pagado
PP-004631,O-004631,PR-00392,Mälzer AG,2025-07-04,30 días,2025-08-03,2025-07-25,678.24,Pagado
PP-004632,O-004632,PR-00392,Mälzer AG,2025-07-07,30 días,2025-08-06,2025-07-23,9848.43,Pagado
PP-004633,O-004633,PR-00923,Jockel,2025-07-28,30 días,2025-08-27,2025-08-11,4087.26,Pagado
PP-004634,O-004634,PR-00774,Rohleder AG & Co. KGaA,2025-07-16,60 días,2025-09-14,2025-08-15,2821.56,Pagado
PP-004635,O-004635,PR-01401,Stiffel GmbH,2025-07-27,90 días,2025-10-25,2025-09-16,6086.65,Pagado
PP-004636,O-004636,PR-00711,Neuschäfer GmbH & Co. KGaA,2025-07-26,60 días,2025-09-24,,12063.96,Pendiente
PP-004637,O-004637,PR-00396,Gehringer Heser GmbH,2025-07-21,Contado,2025-07-21,,1369.71,Retrasado
PP-004638,O-004638,PR-00419,Seifert Trommler GmbH,2025-08-03,90 días,2025-11-01,2025-08-20,12666.7,Pagado
PP-004639,O-004639,PR-00419,Seifert Trommler GmbH,2025-08-01,90 días,2025-10-30,2025-08-14,1780.38,Pagado
PP-004640,O-004640,PR-00419,Seifert Trommler GmbH,2025-07-13,90 días,2025-10-11,,234.8,Pendiente
PP-004641,O-004641,PR-00420,Hartmann Pruschke KGaA,2025-08-03,30 días,2025-09-02,,393.12,Pendiente
PP-004642,O-004642,PR-00420,Hartmann Pruschke KGaA,2025-07-27,30 días,2025-08-26,,3998.01,Pendiente
PP-004643,O-004643,PR-00421,Finke,2025-07-04,60 días,2025-09-02,2025-08-22,353.1,Pagado
PP-004644,O-004644,PR-01495,Spieß,2025-08-07,60 días,2025-10-06,2025-08-12,6984.4,Pagado
PP-004645,O-004645,PR-00423,Säuberlich GmbH & Co. OHG,2025-07-15,30 días,2025-08-14,,11896.64,Retrasado
PP-004646,O-004646,PR-00409,Sorgatz Schinke AG,2025-08-17,90 días,2025-11-15,2025-10-18,9964.52,Pagado
PP-004647,O-004647,PR-00704,Hartung,2025-08-20,60 días,2025-10-19,,12263.91,Pendiente
PP-004648,O-004648,PR-00412,Bolander Bärer GmbH & Co. KG,2025-08-22,30 días,2025-09-21,,2168.64,Pendiente
PP-004649,O-004649,PR-00383,Kraushaar GbR,2025-07-02,90 días,2025-09-30,2025-09-27,1822.6,Pagado
PP-004650,O-004650,PR-01258,Wagner GbR,2025-07-22,90 días,2025-10-20,2025-08-16,1829.25,Pagado
PP-004651,O-004651,PR-00658,Roskoth AG,2025-07-30,30 días,2025-08-29,2025-07-30,6671.35,Pagado
PP-004652,O-004652,PR-00658,Roskoth AG,2025-07-17,30 días,2025-08-16,2025-08-07,7636.06,Pagado
PP-004653,O-004653,PR-00799,Fröhlich GmbH,2025-07-07,Contado,2025-07-07,2025-07-07,7172.03,Pagado
PP-004654,O-004654,PR-00414,Meyer,2025-07-27,60 días,2025-09-25,,7400.58,Pendiente
PP-004655,O-004655,PR-00417,Blümel GbR,2025-07-07,90 días,2025-10-05,,5937.93,Pendiente
PP-004656,O-004656,PR-01371,Kostolzin AG & Co. KGaA,2025-08-05,90 días,2025-11-03,2025-08-15,3099.69,Pagado
PP-004657,O-004657,PR-00393,Seip Pärtzelt GmbH & Co. KGaA,2025-08-06,30 días,2025-09-05,,5574.92,Pendiente
PP-004658,O-004658,PR-00393,Seip Pärtzelt GmbH & Co. KGaA,2025-08-23,30 días,2025-09-22,,6289.23,Pendiente
PP-004659,O-004659,PR-00923,Jockel,2025-07-09,30 días,2025-08-08,2025-07-17,7092.8,Pagado
PP-004660,O-004660,PR-00711,Neuschäfer GmbH & Co. KGaA,2025-07-16,60 días,2025-09-14,2025-09-08,3949.0,Pagado
PP-004661,O-004661,PR-00419,Seifert Trommler GmbH,2025-07-31,90 días,2025-10-29,2025-09-13,3404.19,Pagado
PP-004662,O-004662,PR-00420,Hartmann Pruschke KGaA,2025-07-28,30 días,2025-08-27,2025-08-15,9987.86,Pagado
PP-004663,O-004663,PR-00420,Hartmann Pruschke KGaA,2025-07-07,30 días,2025-08-06,,971.67,Retrasado
PP-004664,O-004664,PR-01065,Jüttner,2025-07-10,90 días,2025-10-08,2025-08-13,6684.48,Pagado
PP-004665,O-004665,PR-00411,Rohleder,2025-08-19,90 días,2025-11-17,,7708.47,Pendiente
PP-004666,O-004666,PR-01169,Hövel,2025-08-22,90 días,2025-11-20,2025-09-03,1335.32,Pagado
PP-004667,O-004667,PR-01389,Hein Klemm AG & Co. OHG,2025-08-16,60 días,2025-10-15,,4291.56,Pendiente
PP-004668,O-004668,PR-01500,Neuschäfer Otto GmbH & Co. OHG,2025-08-09,90 días,2025-11-07,,1347.78,Pendiente
PP-004669,O-004669,PR-00414,Meyer,2025-08-14,60 días,2025-10-13,,4306.98,Pendiente
PP-004670,O-004670,PR-00414,Meyer,2025-08-01,60 días,2025-09-30,2025-08-10,4716.76,Pagado
PP-004671,O-004671,PR-00416,Patberg Geißler GbR,2025-08-05,60 días,2025-10-04,,1822.34,Pendiente
PP-004672,O-004672,PR-01371,Kostolzin AG & Co. KGaA,2025-07-28,90 días,2025-10-26,2025-10-19,9884.07,Pagado
PP-004673,O-004673,PR-00400,Langern Steinberg KG,2025-07-14,30 días,2025-08-13,,5816.82,Retrasado
PP-004674,O-004674,PR-00394,Wagenknecht Nette AG,2025-07-01,30 días,2025-07-31,,2272.92,Pendiente
PP-004675,O-004675,PR-00394,Wagenknecht Nette AG,2025-07-12,30 días,2025-08-11,2025-07-25,7184.32,Pagado
PP-004676,O-004676,PR-00774,Rohleder AG & Co. KGaA,2025-08-26,60 días,2025-10-25,,5445.63,Pendiente
PP-004677,O-004677,PR-00421,Finke,2025-08-22,60 días,2025-10-21,,7248.24,Pendiente
PP-004678,O-004678,PR-00423,Säuberlich GmbH & Co. OHG,2025-08-25,30 días,2025-09-24,,9712.66,Pendiente
PP-004679,O-004679,PR-00957,Textor GmbH & Co. KG,2025-08-03,60 días,2025-10-02,,3887.62,Pendiente
PP-004680,O-004680,PR-00411,Rohleder,2025-08-13,90 días,2025-11-11,,7756.0,Pendiente
PP-004681,O-004681,PR-00413,Mülichen e.V.,2025-08-27,Contado,2025-08-27,2025-08-27,6113.2,Pagado
PP-004682,O-004682,PR-00413,Mülichen e.V.,2025-07-28,Contado,2025-07-28,2025-07-28,11994.24,Pagado
PP-004683,O-004683,PR-00925,Schleich,2025-07-04,90 días,2025-10-02,,1779.84,Pendiente
PP-004684,O-004684,PR-00383,Kraushaar GbR,2025-08-28,90 días,2025-11-26,,4193.34,Pendiente
PP-004685,O-004685,PR-01230,Jäkel Kabus AG,2025-07-05,60 días,2025-09-03,2025-08-08,4114.53,Pagado
PP-004686,O-004686,PR-00854,Heuser Bähr OHG mbH,2025-07-10,30 días,2025-08-09,,3448.2,Retrasado
PP-004687,O-004687,PR-01258,Wagner GbR,2025-08-10,90 días,2025-11-08,2025-10-30,8735.8,Pagado
PP-004688,O-004688,PR-00387,Weiß Gunpf GmbH & Co. OHG,2025-08-07,30 días,2025-09-06,,3318.77,Pendiente
PP-004689,O-004689,PR-01247,Caspar KG,2025-08-06,30 días,2025-09-05,2025-08-24,451.2,Pagado
PP-004690,O-004690,PR-01332,Schmiedt,2025-07-23,90 días,2025-10-21,,10752.28,Pendiente
PP-004691,O-004691,PR-01115,Reuter,2025-08-18,60 días,2025-10-17,,6626.5,Pendiente
PP-004692,O-004692,PR-00417,Blümel GbR,2025-08-24,90 días,2025-11-22,,4062.96,Pendiente
PP-004693,O-004693,PR-00417,Blümel GbR,2025-07-22,90 días,2025-10-20,,10930.15,Pendiente
PP-004694,O-004694,PR-00417,Blümel GbR,2025-07-09,90 días,2025-10-07,,2077.6,Pendiente
PP-004695,O-004695,PR-00394,Wagenknecht Nette AG,2025-08-03,30 días,2025-09-02,2025-08-18,3278.88,Pagado
PP-004696,O-004696,PR-00395,Hübel GmbH & Co. KG,2025-08-08,30 días,2025-09-07,2025-08-10,7144.03,Pagado
PP-004697,O-004697,PR-01259,Fröhlich Weller AG,2025-07-28,Contado,2025-07-28,2025-07-28,7444.08,Pagado
PP-004698,O-004698,PR-00421,Finke,2025-08-20,60 días,2025-10-19,,7881.9,Pendiente
PP-004699,O-004699,PR-00421,Finke,2025-08-24,60 días,2025-10-23,,1711.9,Pendiente
PP-004700,O-004700,PR-01495,Spieß,2025-08-23,60 días,2025-10-22,2025-08-23,3020.01,Pagado
PP-004701,O-004701,PR-00409,Sorgatz Schinke AG,2025-08-26,90 días,2025-11-24,,5055.12,Pendiente
PP-004702,O-004702,PR-00409,Sorgatz Schinke AG,2025-08-03,90 días,2025-11-01,2025-10-05,622.3,Pagado
PP-004703,O-004703,PR-00412,Bolander Bärer GmbH & Co. KG,2025-08-15,30 días,2025-09-14,2025-09-03,4193.84,Pagado
PP-004704,O-004704,PR-01154,Bohlander e.V.,2025-08-16,30 días,2025-09-15,,1330.0,Pendiente
PP-004705,O-004705,PR-01230,Jäkel Kabus AG,2025-07-12,60 días,2025-09-10,,9730.5,Pendiente
PP-004706,O-004706,PR-01087,Kroker,2025-07-12,90 días,2025-10-10,2025-09-07,10965.86,Pagado
PP-004707,O-004707,PR-00385,Täsche Schuchhardt KG,2025-08-15,Contado,2025-08-15,2025-08-15,756.65,Pagado
PP-004708,O-004708,PR-00386,Haering,2025-08-13,90 días,2025-11-11,2025-09-26,6221.4,Pagado
PP-004709,O-004709,PR-00389,Wulff Sauer Stiftung & Co. KG,2025-07-05,60 días,2025-09-03,,456.8,Pendiente
PP-004710,O-004710,PR-00390,Haering OHG mbH,2025-08-18,30 días,2025-09-17,2025-08-20,3205.3,Pagado
PP-004711,O-004711,PR-00390,Haering OHG mbH,2025-08-19,30 días,2025-09-18,,5022.14,Pendiente
PP-004712,O-004712,PR-00390,Haering OHG mbH,2025-07-17,30 días,2025-08-16,2025-08-02,11948.04,Pagado
PP-004713,O-004713,PR-00787,Trubin e.V.,2025-07-28,60 días,2025-09-26,,2898.22,Pendiente
PP-004714,O-004714,PR-00394,Wagenknecht Nette AG,2025-08-28,30 días,2025-09-27,,10228.03,Pendiente
PP-004715,O-004715,PR-00395,Hübel GmbH & Co. KG,2025-07-07,30 días,2025-08-06,2025-07-21,1074.06,Pagado
PP-004716,O-004716,PR-00673,Girschner,2025-08-27,Contado,2025-08-27,2025-08-27,4834.6,Pagado
PP-004717,O-004717,PR-01339,Junck Döhn AG,2025-08-28,90 días,2025-11-26,2025-11-15,552.83,Pagado
PP-004718,O-004718,PR-00423,Säuberlich GmbH & Co. OHG,2025-07-07,30 días,2025-08-06,2025-07-27,4579.08,Pagado
PP-004719,O-004719,PR-01495,Spieß,2025-08-11,60 días,2025-10-10,2025-09-18,5787.02,Pagado
PP-004720,O-004720,PR-00409,Sorgatz Schinke AG,2025-08-01,90 días,2025-10-30,2025-08-29,4735.15,Pagado
PP-004721,O-004721,PR-01026,Schmiedecke KGaA,2025-06-30,Contado,2025-06-30,2025-06-30,6871.45,Pagado
PP-004722,O-004722,PR-01463,Schmiedt Schuster KG,2025-06-30,Contado,2025-06-30,2025-06-30,8714.1,Pagado
PP-004723,O-004723,PR-00955,Noack,2025-08-19,Contado,2025-08-19,,8346.6,Retrasado
PP-004724,O-004724,PR-01087,Kroker,2025-07-31,90 días,2025-10-29,,5544.7,Pendiente
PP-004725,O-004725,PR-01389,Hein Klemm AG & Co. OHG,2025-07-25,60 días,2025-09-23,,3528.58,Pendiente
PP-004726,O-004726,PR-00616,Bruder e.G.,2025-07-14,60 días,2025-09-12,,13889.7,Pendiente
PP-004727,O-004727,PR-00391,Mies Stiftung & Co. KGaA,2025-07-05,60 días,2025-09-03,2025-08-03,6595.02,Pagado
PP-004728,O-004728,PR-00414,Meyer,2025-08-01,60 días,2025-09-30,2025-09-11,5104.06,Pagado
PP-004729,O-004729,PR-01332,Schmiedt,2025-08-05,90 días,2025-11-03,2025-09-10,2832.72,Pagado
PP-004730,O-004730,PR-00416,Patberg Geißler GbR,2025-08-18,60 días,2025-10-17,2025-10-02,5914.18,Pagado
PP-004731,O-004731,PR-00392,Mälzer AG,2025-08-01,30 días,2025-08-31,,11998.17,Pendiente
PP-004732,O-004732,PR-01148,Reinhardt GbR,2025-08-22,60 días,2025-10-21,,2774.75,Pendiente
PP-004733,O-004733,PR-00863,Kroker GmbH,2025-08-23,90 días,2025-11-21,,3886.68,Pendiente
PP-004734,O-004734,PR-00395,Hübel GmbH & Co. KG,2025-06-30,30 días,2025-07-30,2025-07-20,2859.84,Pagado
PP-004735,O-004735,PR-00396,Gehringer Heser GmbH,2025-07-29,Contado,2025-07-29,2025-07-29,5588.88,Pagado
PP-004736,O-004736,PR-00419,Seifert Trommler GmbH,2025-08-15,90 días,2025-11-13,2025-09-16,1668.42,Pagado
PP-004737,O-004737,PR-00421,Finke,2025-08-25,60 días,2025-10-24,,1301.1,Pendiente
PP-004738,O-004738,PR-00421,Finke,2025-07-02,60 días,2025-08-31,,8022.87,Pendiente
PP-004739,O-004739,PR-00957,Textor GmbH & Co. KG,2025-08-19,60 días,2025-10-18,2025-09-28,2059.47,Pagado
PP-004740,O-004740,PR-00411,Rohleder,2025-07-14,90 días,2025-10-12,,361.35,Pendiente
PP-004741,O-004741,PR-00413,Mülichen e.V.,2025-08-13,Contado,2025-08-13,,911.61,Pendiente
PP-004742,O-004742,PR-00413,Mülichen e.V.,2025-07-15,Contado,2025-07-15,2025-07-15,3666.18,Pagado
PP-004743,O-004743,PR-00382,Fischer GbR,2025-08-05,60 días,2025-10-04,2025-09-15,4490.92,Pagado
PP-004744,O-004744,PR-00925,Schleich,2025-07-03,90 días,2025-10-01,2025-09-07,9693.6,Pagado
PP-004745,O-004745,PR-00385,Täsche Schuchhardt KG,2025-07-09,Contado,2025-07-09,2025-07-09,3406.08,Pagado
PP-004746,O-004746,PR-00387,Weiß Gunpf GmbH & Co. OHG,2025-06-30,30 días,2025-07-30,,6287.82,Retrasado
PP-004747,O-004747,PR-00388,Steckel,2025-07-16,60 días,2025-09-14,,3457.82,Pendiente
PP-004748,O-004748,PR-00616,Bruder e.G.,2025-08-14,60 días,2025-10-13,2025-10-10,7664.58,Pagado
PP-004749,O-004749,PR-00799,Fröhlich GmbH,2025-08-20,Contado,2025-08-20,,1336.56,Retrasado
PP-004750,O-004750,PR-00390,Haering OHG mbH,2025-07-13,30 días,2025-08-12,,574.75,Pendiente
PP-004751,O-004751,PR-00391,Mies Stiftung & Co. KGaA,2025-08-09,60 días,2025-10-08,2025-09-11,5088.39,Pagado
PP-004752,O-004752,PR-00391,Mies Stiftung & Co. KGaA,2025-08-22,60 días,2025-10-21,,7396.4,Pendiente
PP-004753,O-004753,PR-00391,Mies Stiftung & Co. KGaA,2025-07-20,60 días,2025-09-18,2025-08-31,3594.73,Pagado
PP-004754,O-004754,PR-00417,Blümel GbR,2025-08-16,90 días,2025-11-14,,3479.49,Pendiente
PP-004755,O-004755,PR-00418,Lehmann Stadelmann AG & Co. OHG,2025-07-01,60 días,2025-08-30,2025-08-18,4287.56,Pagado
PP-004756,O-004756,PR-00392,Mälzer AG,2025-08-09,30 días,2025-09-08,2025-08-30,7549.29,Pagado
PP-004757,O-004757,PR-00400,Langern Steinberg KG,2025-08-13,30 días,2025-09-12,,10444.0,Pendiente
PP-004758,O-004758,PR-00394,Wagenknecht Nette AG,2025-07-30,30 días,2025-08-29,,996.2,Pendiente
PP-004759,O-004759,PR-00396,Gehringer Heser GmbH,2025-07-09,Contado,2025-07-09,2025-07-09,9499.23,Pagado
PP-004760,O-004760,PR-00396,Gehringer Heser GmbH,2025-08-14,Contado,2025-08-14,,1147.2,Pendiente
PP-004761,O-004761,PR-01259,Fröhlich Weller AG,2025-07-14,Contado,2025-07-14,2025-07-14,907.92,Pagado
PP-004762,O-004762,PR-00711,Neuschäfer GmbH & Co. KGaA,2025-07-18,60 días,2025-09-16,2025-07-27,70.74,Pagado
PP-004763,O-004763,PR-00419,Seifert Trommler GmbH,2025-08-03,90 días,2025-11-01,2025-09-13,2484.17,Pagado
PP-004764,O-004764,PR-00419,Seifert Trommler GmbH,2025-07-12,90 días,2025-10-10,,6844.54,Pendiente
PP-004765,O-004765,PR-01339,Junck Döhn AG,2025-08-03,90 días,2025-11-01,,4699.65,Pendiente
PP-004766,O-004766,PR-00421,Finke,2025-07-29,60 días,2025-09-27,,1690.5,Pendiente
PP-004767,O-004767,PR-00409,Sorgatz Schinke AG,2025-08-05,90 días,2025-11-03,,2562.45,Pendiente
PP-004768,O-004768,PR-01300,Löchel,2025-07-13,30 días,2025-08-12,2025-08-06,1044.0,Pagado
PP-004769,O-004769,PR-00704,Hartung,2025-08-03,60 días,2025-10-02,2025-08-11,5076.61,Pagado
PP-004770,O-004770,PR-00704,Hartung,2025-08-09,60 días,2025-10-08,2025-08-09,1821.36,Pagado
PP-004771,O-004771,PR-00382,Fischer GbR,2025-07-22,60 días,2025-09-20,,9598.92,Pendiente
PP-004772,O-004772,PR-01258,Wagner GbR,2025-07-18,90 días,2025-10-16,,2278.0,Pendiente
PP-004773,O-004773,PR-00633,Speer,2025-07-10,90 días,2025-10-08,,8834.05,Pendiente
PP-004774,O-004774,PR-00387,Weiß Gunpf GmbH & Co. OHG,2025-07-10,30 días,2025-08-09,2025-07-13,222.14,Pagado
PP-004775,O-004775,PR-01247,Caspar KG,2025-07-30,30 días,2025-08-29,2025-08-23,4559.36,Pagado
PP-004776,O-004776,PR-00390,Haering OHG mbH,2025-07-26,30 días,2025-08-25,2025-08-14,3862.46,Pagado
PP-004777,O-004777,PR-00419,Seifert Trommler GmbH,2025-07-30,90 días,2025-10-28,,4463.94,Pendiente
PP-004778,O-004778,PR-01065,Jüttner,2025-07-12,90 días,2025-10-10,2025-07-27,8808.04,Pagado
PP-004779,O-004779,PR-00957,Textor GmbH & Co. KG,2025-08-03,60 días,2025-10-02,,1500.03,Pendiente
PP-004780,O-004780,PR-00409,Sorgatz Schinke AG,2025-07-26,90 días,2025-10-24,2025-09-11,917.24,Pagado
PP-004781,O-004781,PR-00409,Sorgatz Schinke AG,2025-06-30,90 días,2025-09-28,,6169.52,Pendiente
PP-004782,O-004782,PR-00957,Textor GmbH & Co. KG,2025-07-03,60 días,2025-09-01,,5935.6,Pendiente
PP-004783,O-004783,PR-00412,Bolander Bärer GmbH & Co. KG,2025-07-28,30 días,2025-08-27,,6320.25,Retrasado
PP-004784,O-004784,PR-00385,Täsche Schuchhardt KG,2025-07-14,Contado,2025-07-14,2025-07-14,2125.62,Pagado
PP-004785,O-004785,PR-01087,Kroker,2025-07-02,90 días,2025-09-30,,5579.2,Pendiente
PP-004786,O-004786,PR-00658,Roskoth AG,2025-07-16,30 días,2025-08-15,2025-07-17,10625.66,Pagado
PP-004787,O-004787,PR-00388,Steckel,2025-08-24,60 días,2025-10-23,,4611.6,Pendiente
PP-004788,O-004788,PR-00388,Steckel,2025-08-28,60 días,2025-10-27,,13155.87,Pendiente
PP-004789,O-004789,PR-00390,Haering OHG mbH,2025-08-05,30 días,2025-09-04,,3242.92,Pendiente
PP-004790,O-004790,PR-00419,Seifert Trommler GmbH,2025-07-31,90 días,2025-10-29,,4690.56,Pendiente
PP-004791,O-004791,PR-00421,Finke,2025-07-31,60 días,2025-09-29,,9253.14,Pendiente
PP-004792,O-004792,PR-00421,Finke,2025-08-26,60 días,2025-10-25,2025-09-28,2106.09,Pagado
PP-004793,O-004793,PR-00421,Finke,2025-08-05,60 días,2025-10-04,,2582.51,Pendiente
PP-004794,O-004794,PR-00421,Finke,2025-08-14,60 días,2025-10-13,2025-08-15,6354.48,Pagado
PP-004795,O-004795,PR-01495,Spieß,2025-07-22,60 días,2025-09-20,,2895.65,Pendiente
PP-004796,O-004796,PR-00957,Textor GmbH & Co. KG,2025-07-20,60 días,2025-09-18,,10716.16,Pendiente
PP-004797,O-004797,PR-01427,Kade Weinhold AG,2025-07-20,90 días,2025-10-18,,4295.12,Pendiente
PP-004798,O-004798,PR-00704,Hartung,2025-07-16,60 días,2025-09-14,2025-08-03,2723.38,Pagado
PP-004799,O-004799,PR-00411,Rohleder,2025-07-27,90 días,2025-10-25,2025-09-03,4423.05,Pagado
PP-004800,O-004800,PR-00383,Kraushaar GbR,2025-07-02,90 días,2025-09-30,2025-08-18,7992.9,Pagado
PP-004801,O-004801,PR-00658,Roskoth AG,2025-07-02,30 días,2025-08-01,2025-07-30,3612.07,Pagado
PP-004802,O-004802,PR-00387,Weiß Gunpf GmbH & Co. OHG,2025-07-13,30 días,2025-08-12,2025-07-24,5646.11,Pagado
PP-004803,O-004803,PR-00390,Haering OHG mbH,2025-08-06,30 días,2025-09-05,2025-08-09,3044.97,Pagado
PP-004804,O-004804,PR-00419,Seifert Trommler GmbH,2025-07-16,90 días,2025-10-14,2025-09-11,577.98,Pagado
PP-004805,O-004805,PR-00422,Steuer,2025-08-01,90 días,2025-10-30,2025-09-18,3114.77,Pagado
PP-004806,O-004806,PR-00409,Sorgatz Schinke AG,2025-08-20,90 días,2025-11-18,,2457.35,Pendiente
PP-004807,O-004807,PR-00957,Textor GmbH & Co. KG,2025-08-20,60 días,2025-10-19,,4876.8,Pendiente
PP-004808,O-004808,PR-01427,Kade Weinhold AG,2025-08-15,90 días,2025-11-13,2025-10-18,310.58,Pagado
PP-004809,O-004809,PR-00704,Hartung,2025-08-15,60 días,2025-10-14,2025-08-26,3796.2,Pagado
PP-004810,O-004810,PR-01169,Hövel,2025-07-13,90 días,2025-10-11,,7689.59,Pendiente
PP-004811,O-004811,PR-01463,Schmiedt Schuster KG,2025-07-18,Contado,2025-07-18,2025-07-18,6395.76,Pagado
PP-004812,O-004812,PR-01463,Schmiedt Schuster KG,2025-07-07,Contado,2025-07-07,2025-07-07,4333.18,Pagado
PP-004813,O-004813,PR-01258,Wagner GbR,2025-08-01,90 días,2025-10-30,,3488.32,Pendiente
PP-004814,O-004814,PR-00854,Heuser Bähr OHG mbH,2025-08-18,30 días,2025-09-17,2025-08-18,3859.0,Pagado
PP-004815,O-004815,PR-00633,Speer,2025-07-31,90 días,2025-10-29,,1282.6,Pendiente
PP-004816,O-004816,PR-00390,Haering OHG mbH,2025-07-20,30 días,2025-08-19,2025-08-05,4943.02,Pagado
PP-004817,O-004817,PR-00390,Haering OHG mbH,2025-07-06,30 días,2025-08-05,2025-07-22,128.52,Pagado
PP-004818,O-004818,PR-00390,Haering OHG mbH,2025-07-31,30 días,2025-08-30,,8723.97,Pendiente
PP-004819,O-004819,PR-00419,Seifert Trommler GmbH,2025-07-10,90 días,2025-10-08,,7987.75,Pendiente
PP-004820,O-004820,PR-00421,Finke,2025-08-12,60 días,2025-10-11,,3891.36,Pendiente
PP-004821,O-004821,PR-00957,Textor GmbH & Co. KG,2025-08-10,60 días,2025-10-09,,1360.86,Pendiente
PP-004822,O-004822,PR-00409,Sorgatz Schinke AG,2025-06-30,90 días,2025-09-28,2025-08-20,171.76,Pagado
PP-004823,O-004823,PR-00413,Mülichen e.V.,2025-07-15,Contado,2025-07-15,2025-07-15,3158.48,Pagado
PP-004824,O-004824,PR-01126,Misicher e.V.,2025-08-19,90 días,2025-11-17,2025-11-03,5652.78,Pagado
PP-004825,O-004825,PR-01230,Jäkel Kabus AG,2025-08-03,60 días,2025-10-02,,287.49,Pendiente
PP-004826,O-004826,PR-00385,Täsche Schuchhardt KG,2025-08-06,Contado,2025-08-06,2025-08-06,5633.86,Pagado
PP-004827,O-004827,PR-01087,Kroker,2025-07-27,90 días,2025-10-25,2025-08-05,756.25,Pagado
PP-004828,O-004828,PR-01500,Neuschäfer Otto GmbH & Co. OHG,2025-07-26,90 días,2025-10-24,2025-09-03,3464.34,Pagado
PP-004829,O-004829,PR-01500,Neuschäfer Otto GmbH & Co. OHG,2025-08-14,90 días,2025-11-12,2025-10-11,1136.16,Pagado
PP-004830,O-004830,PR-00390,Haering OHG mbH,2025-07-14,30 días,2025-08-13,2025-08-07,2675.52,Pagado
PP-004831,O-004831,PR-00390,Haering OHG mbH,2025-07-09,30 días,2025-08-08,2025-07-11,5413.0,Pagado
PP-004832,O-004832,PR-00390,Haering OHG mbH,2025-07-15,30 días,2025-08-14,2025-07-20,3171.57,Pagado
PP-004833,O-004833,PR-00420,Hartmann Pruschke KGaA,2025-08-05,30 días,2025-09-04,2025-09-02,835.2,Pagado
PP-004834,O-004834,PR-00422,Steuer,2025-08-13,90 días,2025-11-11,2025-08-19,7715.96,Pagado
PP-004835,O-004835,PR-01495,Spieß,2025-07-19,60 días,2025-09-17,2025-07-19,3587.5,Pagado
PP-004836,O-004836,PR-00423,Säuberlich GmbH & Co. OHG,2025-07-21,30 días,2025-08-20,2025-07-24,2707.92,Pagado
PP-004837,O-004837,PR-00413,Mülichen e.V.,2025-08-03,Contado,2025-08-03,2025-08-03,3208.92,Pagado
PP-004838,O-004838,PR-01258,Wagner GbR,2025-07-22,90 días,2025-10-20,,116.4,Pendiente
PP-004839,O-004839,PR-01230,Jäkel Kabus AG,2025-06-30,60 días,2025-08-29,,11014.1,Pendiente
PP-004840,O-004840,PR-01087,Kroker,2025-08-21,90 días,2025-11-19,,2369.28,Pendiente
PP-004841,O-004841,PR-01389,Hein Klemm AG & Co. OHG,2025-07-21,60 días,2025-09-19,2025-08-20,3188.96,Pagado
PP-004842,O-004842,PR-00390,Haering OHG mbH,2025-07-07,30 días,2025-08-06,2025-07-31,5860.43,Pagado
PP-004843,O-004843,PR-00391,Mies Stiftung & Co. KGaA,2025-08-04,60 días,2025-10-03,,726.33,Pendiente
PP-004844,O-004844,PR-00391,Mies Stiftung & Co. KGaA,2025-08-03,60 días,2025-10-02,,9619.5,Pendiente
PP-004845,O-004845,PR-00419,Seifert Trommler GmbH,2025-08-09,90 días,2025-11-07,,4064.36,Pendiente
PP-004846,O-004846,PR-01339,Junck Döhn AG,2025-08-17,90 días,2025-11-15,,2385.6,Pendiente
PP-004847,O-004847,PR-00421,Finke,2025-07-03,60 días,2025-09-01,2025-07-04,6724.0,Pagado
PP-004848,O-004848,PR-00421,Finke,2025-08-10,60 días,2025-10-09,,2715.0,Pendiente
PP-004849,O-004849,PR-01065,Jüttner,2025-08-25,90 días,2025-11-23,,6256.36,Pendiente
PP-004850,O-004850,PR-00957,Textor GmbH & Co. KG,2025-08-26,60 días,2025-10-25,,2646.54,Pendiente
PP-004851,O-004851,PR-00411,Rohleder,2025-07-14,90 días,2025-10-12,,4305.21,Pendiente
PP-004852,O-004852,PR-00411,Rohleder,2025-08-19,90 días,2025-11-17,2025-09-18,8413.48,Pagado
PP-004853,O-004853,PR-01169,Hövel,2025-08-09,90 días,2025-11-07,2025-09-19,4195.8,Pagado
PP-004854,O-004854,PR-01154,Bohlander e.V.,2025-07-07,30 días,2025-08-06,2025-07-10,4089.29,Pagado
PP-004855,O-004855,PR-00384,Sager,2025-07-28,60 días,2025-09-26,,9543.34,Pendiente
PP-004856,O-004856,PR-00633,Speer,2025-08-13,90 días,2025-11-11,2025-08-26,3498.95,Pagado
PP-004857,O-004857,PR-00388,Steckel,2025-07-29,60 días,2025-09-27,,7547.28,Pendiente
PP-004858,O-004858,PR-00421,Finke,2025-08-10,60 días,2025-10-09,2025-08-10,4083.95,Pagado
PP-004859,O-004859,PR-01495,Spieß,2025-08-01,60 días,2025-09-30,2025-09-13,6043.5,Pagado
PP-004860,O-004860,PR-00423,Säuberlich GmbH & Co. OHG,2025-06-30,30 días,2025-07-30,2025-07-23,490.68,Pagado
PP-004861,O-004861,PR-01495,Spieß,2025-07-06,60 días,2025-09-04,,10134.56,Pendiente
PP-004862,O-004862,PR-00412,Bolander Bärer GmbH & Co. KG,2025-08-28,30 días,2025-09-27,2025-08-30,5116.89,Pagado
PP-004863,O-004863,PR-00955,Noack,2025-07-27,Contado,2025-07-27,2025-07-27,2796.64,Pagado
PP-004864,O-004864,PR-00925,Schleich,2025-08-11,90 días,2025-11-09,2025-10-19,2867.4,Pagado
PP-004865,O-004865,PR-00925,Schleich,2025-07-18,90 días,2025-10-16,,1596.78,Pendiente
PP-004866,O-004866,PR-00384,Sager,2025-08-21,60 días,2025-10-20,2025-09-06,2503.55,Pagado
PP-004867,O-004867,PR-00386,Haering,2025-08-12,90 días,2025-11-10,2025-09-19,724.12,Pagado
PP-004868,O-004868,PR-00633,Speer,2025-07-08,90 días,2025-10-06,2025-08-13,4996.98,Pagado
PP-004869,O-004869,PR-01389,Hein Klemm AG & Co. OHG,2025-07-09,60 días,2025-09-07,,7284.06,Pendiente
PP-004870,O-004870,PR-00799,Fröhlich GmbH,2025-08-26,Contado,2025-08-26,2025-08-26,3247.1,Pagado
PP-004871,O-004871,PR-00616,Bruder e.G.,2025-07-21,60 días,2025-09-19,2025-08-16,1565.71,Pagado
PP-004872,O-004872,PR-00390,Haering OHG mbH,2025-08-16,30 días,2025-09-15,2025-08-22,3371.86,Pagado
PP-004873,O-004873,PR-00391,Mies Stiftung & Co. KGaA,2025-08-20,60 días,2025-10-19,,2089.74,Pendiente
PP-004874,O-004874,PR-00391,Mies Stiftung & Co. KGaA,2025-07-30,60 días,2025-09-28,,5910.62,Pendiente
PP-004875,O-004875,PR-00419,Seifert Trommler GmbH,2025-08-08,90 días,2025-11-06,,5785.56,Pendiente
PP-004876,O-004876,PR-00421,Finke,2025-07-19,60 días,2025-09-17,2025-09-16,7566.79,Pagado
PP-004877,O-004877,PR-01065,Jüttner,2025-08-25,90 días,2025-11-23,,718.3,Pendiente
PP-004878,O-004878,PR-00409,Sorgatz Schinke AG,2025-07-20,90 días,2025-10-18,2025-09-15,2590.98,Pagado
PP-004879,O-004879,PR-00957,Textor GmbH & Co. KG,2025-08-25,60 días,2025-10-24,2025-10-13,3666.3,Pagado
PP-004880,O-004880,PR-00704,Hartung,2025-08-20,60 días,2025-10-19,2025-09-17,845.28,Pagado
PP-004881,O-004881,PR-00412,Bolander Bärer GmbH & Co. KG,2025-07-31,30 días,2025-08-30,,4810.22,Pendiente
PP-004882,O-004882,PR-01087,Kroker,2025-08-22,90 días,2025-11-20,2025-10-21,1226.64,Pagado
PP-004883,O-004883,PR-00616,Bruder e.G.,2025-07-25,60 días,2025-09-23,2025-08-11,2448.75,Pagado
PP-004884,O-004884,PR-00390,Haering OHG mbH,2025-08-04,30 días,2025-09-03,2025-08-18,7476.2,Pagado
PP-004885,O-004885,PR-00391,Mies Stiftung & Co. KGaA,2025-07-15,60 días,2025-09-13,,1475.2,Pendiente
PP-004886,O-004886,PR-00419,Seifert Trommler GmbH,2025-07-10,90 días,2025-10-08,,2573.98,Pendiente
PP-004887,O-004887,PR-00420,Hartmann Pruschke KGaA,2025-08-23,30 días,2025-09-22,2025-09-18,2451.33,Pagado
PP-004888,O-004888,PR-01427,Kade Weinhold AG,2025-08-21,90 días,2025-11-19,,5649.95,Pendiente
PP-004889,O-004889,PR-00413,Mülichen e.V.,2025-08-24,Contado,2025-08-24,2025-08-24,6768.54,Pagado
PP-004890,O-004890,PR-00413,Mülichen e.V.,2025-08-25,Contado,2025-08-25,2025-08-25,7060.5,Pagado
PP-004891,O-004891,PR-00382,Fischer GbR,2025-07-02,60 días,2025-08-31,,1766.94,Pendiente
PP-004892,O-004892,PR-01463,Schmiedt Schuster KG,2025-07-19,Contado,2025-07-19,2025-07-19,7032.48,Pagado
PP-004893,O-004893,PR-00383,Kraushaar GbR,2025-08-22,90 días,2025-11-20,2025-09-12,4793.66,Pagado
PP-004894,O-004894,PR-00854,Heuser Bähr OHG mbH,2025-08-09,30 días,2025-09-08,,4737.46,Pendiente
PP-004895,O-004895,PR-00386,Haering,2025-08-07,90 días,2025-11-05,2025-08-09,11574.4,Pagado
PP-004896,O-004896,PR-00387,Weiß Gunpf GmbH & Co. OHG,2025-08-28,30 días,2025-09-27,2025-09-06,3983.4,Pagado
PP-004897,O-004897,PR-00799,Fröhlich GmbH,2025-08-17,Contado,2025-08-17,2025-08-17,3024.5,Pagado
PP-004898,O-004898,PR-00799,Fröhlich GmbH,2025-07-14,Contado,2025-07-14,2025-07-14,6877.08,Pagado
PP-004899,O-004899,PR-00391,Mies Stiftung & Co. KGaA,2025-08-24,60 días,2025-10-23,2025-10-12,4203.0,Pagado
PP-004900,O-004900,PR-00419,Seifert Trommler GmbH,2025-08-16,90 días,2025-11-14,,5310.63,Pendiente
PP-004901,O-004901,PR-00421,Finke,2025-07-12,60 días,2025-09-10,2025-07-20,8270.57,Pagado
PP-004902,O-004902,PR-01490,Jäntsch,2025-08-07,30 días,2025-09-06,2025-08-18,6012.72,Pagado
PP-004903,O-004903,PR-00957,Textor GmbH & Co. KG,2025-08-03,60 días,2025-10-02,2025-08-16,5376.24,Pagado
PP-004904,O-004904,PR-01427,Kade Weinhold AG,2025-08-27,90 días,2025-11-25,,2744.28,Pendiente
PP-004905,O-004905,PR-00411,Rohleder,2025-08-18,90 días,2025-11-16,,1273.54,Pendiente
PP-004906,O-004906,PR-00412,Bolander Bärer GmbH & Co. KG,2025-07-24,30 días,2025-08-23,2025-08-18,1102.39,Pagado
PP-004907,O-004907,PR-00925,Schleich,2025-07-16,90 días,2025-10-14,2025-08-11,1092.0,Pagado
PP-004908,O-004908,PR-00925,Schleich,2025-08-10,90 días,2025-11-08,2025-10-18,3600.6,Pagado
PP-004909,O-004909,PR-00384,Sager,2025-07-23,60 días,2025-09-21,2025-09-04,2823.8,Pagado
PP-004910,O-004910,PR-01087,Kroker,2025-07-13,90 días,2025-10-11,2025-10-01,7580.52,Pagado
PP-004911,O-004911,PR-00658,Roskoth AG,2025-08-23,30 días,2025-09-22,2025-09-19,5457.51,Pagado
PP-004912,O-004912,PR-01389,Hein Klemm AG & Co. OHG,2025-08-16,60 días,2025-10-15,,2641.09,Pendiente
PP-004913,O-004913,PR-00799,Fröhlich GmbH,2025-07-20,Contado,2025-07-20,2025-07-20,8291.02,Pagado
PP-004914,O-004914,PR-00799,Fröhlich GmbH,2025-06-30,Contado,2025-06-30,2025-06-30,2331.02,Pagado
PP-004915,O-004915,PR-01500,Neuschäfer Otto GmbH & Co. OHG,2025-07-14,90 días,2025-10-12,,6797.19,Pendiente
PP-004916,O-004916,PR-00390,Haering OHG mbH,2025-08-03,30 días,2025-09-02,,3521.44,Pendiente
PP-004917,O-004917,PR-00390,Haering OHG mbH,2025-08-08,30 días,2025-09-07,,1620.0,Pendiente
PP-004918,O-004918,PR-00390,Haering OHG mbH,2025-07-06,30 días,2025-08-05,2025-07-31,13004.9,Pagado
PP-004919,O-004919,PR-00391,Mies Stiftung & Co. KGaA,2025-08-20,60 días,2025-10-19,,8042.58,Pendiente
PP-004920,O-004920,PR-00391,Mies Stiftung & Co. KGaA,2025-08-28,60 días,2025-10-27,2025-10-10,2553.6,Pagado
PP-004921,O-004921,PR-00419,Seifert Trommler GmbH,2025-07-13,90 días,2025-10-11,2025-09-12,4120.32,Pagado
PP-004922,O-004922,PR-01339,Junck Döhn AG,2025-07-24,90 días,2025-10-22,,2142.63,Pendiente
PP-004923,O-004923,PR-00421,Finke,2025-07-09,60 días,2025-09-07,2025-09-06,4943.61,Pagado
PP-004924,O-004924,PR-01495,Spieß,2025-08-13,60 días,2025-10-12,2025-09-18,745.47,Pagado
PP-004925,O-004925,PR-00410,Wirth,2025-08-17,30 días,2025-09-16,,402.42,Pendiente
PP-004926,O-004926,PR-01026,Schmiedecke KGaA,2025-08-17,Contado,2025-08-17,,2154.6,Retrasado
PP-004927,O-004927,PR-01169,Hövel,2025-08-11,90 días,2025-11-09,,14297.28,Pendiente
PP-004928,O-004928,PR-00413,Mülichen e.V.,2025-08-12,Contado,2025-08-12,2025-08-12,2101.97,Pagado
PP-004929,O-004929,PR-01154,Bohlander e.V.,2025-07-22,30 días,2025-08-21,2025-08-01,3566.64,Pagado
PP-004930,O-004930,PR-01258,Wagner GbR,2025-07-06,90 días,2025-10-04,2025-08-14,8990.4,Pagado
PP-004931,O-004931,PR-01087,Kroker,2025-08-10,90 días,2025-11-08,2025-11-01,3548.58,Pagado
PP-004932,O-004932,PR-01087,Kroker,2025-07-10,90 días,2025-10-08,2025-09-19,7640.1,Pagado
PP-004933,O-004933,PR-00386,Haering,2025-08-18,90 días,2025-11-16,,8149.48,Pendiente
PP-004934,O-004934,PR-00658,Roskoth AG,2025-08-24,30 días,2025-09-23,2025-08-25,5436.93,Pagado
PP-004935,O-004935,PR-01389,Hein Klemm AG & Co. OHG,2025-07-05,60 días,2025-09-03,2025-08-26,1713.15,Pagado
PP-004936,O-004936,PR-00391,Mies Stiftung & Co. KGaA,2025-07-15,60 días,2025-09-13,,4614.06,Pendiente
PP-004937,O-004937,PR-00391,Mies Stiftung & Co. KGaA,2025-08-11,60 días,2025-10-10,2025-09-13,5634.48,Pagado
PP-004938,O-004938,PR-00419,Seifert Trommler GmbH,2025-07-07,90 días,2025-10-05,2025-08-21,866.14,Pagado
PP-004939,O-004939,PR-00421,Finke,2025-07-28,60 días,2025-09-26,,1687.56,Pendiente
PP-004940,O-004940,PR-00422,Steuer,2025-08-08,90 días,2025-11-06,2025-09-11,1566.48,Pagado
PP-004941,O-004941,PR-01495,Spieß,2025-07-06,60 días,2025-09-04,,4516.5,Pendiente
PP-004942,O-004942,PR-00423,Säuberlich GmbH & Co. OHG,2025-07-26,30 días,2025-08-25,2025-08-04,6976.21,Pagado
PP-004943,O-004943,PR-00409,Sorgatz Schinke AG,2025-07-18,90 días,2025-10-16,,10384.08,Pendiente
PP-004944,O-004944,PR-00412,Bolander Bärer GmbH & Co. KG,2025-08-12,30 días,2025-09-11,2025-08-29,3880.35,Pagado
PP-004945,O-004945,PR-00413,Mülichen e.V.,2025-08-13,Contado,2025-08-13,2025-08-13,5430.04,Pagado
PP-004946,O-004946,PR-01463,Schmiedt Schuster KG,2025-08-18,Contado,2025-08-18,2025-08-18,9199.5,Pagado
PP-004947,O-004947,PR-00384,Sager,2025-08-03,60 días,2025-10-02,2025-09-24,4212.54,Pagado
PP-004948,O-004948,PR-01230,Jäkel Kabus AG,2025-08-12,60 días,2025-10-11,,2632.32,Pendiente
PP-004949,O-004949,PR-00854,Heuser Bähr OHG mbH,2025-08-14,30 días,2025-09-13,,4657.9,Pendiente
PP-004950,O-004950,PR-00616,Bruder e.G.,2025-07-18,60 días,2025-09-16,2025-08-04,633.42,Pagado
PP-004951,O-004951,PR-01500,Neuschäfer Otto GmbH & Co. OHG,2025-08-04,90 días,2025-11-02,2025-10-21,286.44,Pagado
PP-004952,O-004952,PR-01339,Junck Döhn AG,2025-08-09,90 días,2025-11-07,,1640.32,Pendiente
PP-004953,O-004953,PR-01339,Junck Döhn AG,2025-08-24,90 días,2025-11-22,2025-10-31,353.76,Pagado
PP-004954,O-004954,PR-00421,Finke,2025-07-20,60 días,2025-09-18,2025-08-05,9427.14,Pagado
PP-004955,O-004955,PR-01065,Jüttner,2025-08-16,90 días,2025-11-14,2025-11-09,4772.57,Pagado
PP-004956,O-004956,PR-00423,Säuberlich GmbH & Co. OHG,2025-07-07,30 días,2025-08-06,,11758.9,Retrasado
PP-004957,O-004957,PR-01169,Hövel,2025-07-11,90 días,2025-10-09,,3716.8,Pendiente
PP-004958,O-004958,PR-00412,Bolander Bärer GmbH & Co. KG,2025-08-03,30 días,2025-09-02,,3534.18,Pendiente
PP-004959,O-004959,PR-00413,Mülichen e.V.,2025-07-21,Contado,2025-07-21,,2720.44,Pendiente
PP-004960,O-004960,PR-01463,Schmiedt Schuster KG,2025-07-07,Contado,2025-07-07,2025-07-07,5379.5,Pagado
PP-004961,O-004961,PR-00925,Schleich,2025-08-07,90 días,2025-11-05,2025-08-09,6325.2,Pagado
PP-004962,O-004962,PR-01230,Jäkel Kabus AG,2025-07-25,60 días,2025-09-23,2025-08-27,5559.3,Pagado
PP-004963,O-004963,PR-01258,Wagner GbR,2025-08-27,90 días,2025-11-25,2025-09-17,4934.88,Pagado
PP-004964,O-004964,PR-01087,Kroker,2025-08-16,90 días,2025-11-14,2025-11-05,8988.0,Pagado
PP-004965,O-004965,PR-00385,Täsche Schuchhardt KG,2025-07-25,Contado,2025-07-25,2025-07-25,1688.4,Pagado
PP-004966,O-004966,PR-00391,Mies Stiftung & Co. KGaA,2025-08-28,60 días,2025-10-27,2025-10-15,2166.08,Pagado
PP-004967,O-004967,PR-00391,Mies Stiftung & Co. KGaA,2025-07-16,60 días,2025-09-14,2025-08-10,5469.03,Pagado
PP-004968,O-004968,PR-00419,Seifert Trommler GmbH,2025-07-07,90 días,2025-10-05,,5285.7,Pendiente
PP-004969,O-004969,PR-00419,Seifert Trommler GmbH,2025-07-05,90 días,2025-10-03,,4728.19,Pendiente
PP-004970,O-004970,PR-00421,Finke,2025-07-09,60 días,2025-09-07,,7016.92,Pendiente
PP-004971,O-004971,PR-00421,Finke,2025-07-04,60 días,2025-09-02,,1438.08,Pendiente
PP-004972,O-004972,PR-00957,Textor GmbH & Co. KG,2025-08-24,60 días,2025-10-23,2025-08-29,8087.04,Pagado
PP-004973,O-004973,PR-00410,Wirth,2025-07-14,30 días,2025-08-13,2025-07-21,1959.12,Pagado
PP-004974,O-004974,PR-01427,Kade Weinhold AG,2025-07-22,90 días,2025-10-20,,3528.11,Pendiente
PP-004975,O-004975,PR-00704,Hartung,2025-08-09,60 días,2025-10-08,,9711.38,Pendiente
PP-004976,O-004976,PR-01026,Schmiedecke KGaA,2025-07-14,Contado,2025-07-14,,11670.12,Pendiente
PP-004977,O-004977,PR-00412,Bolander Bärer GmbH & Co. KG,2025-08-09,30 días,2025-09-08,2025-09-06,3731.13,Pagado
PP-004978,O-004978,PR-00925,Schleich,2025-07-27,90 días,2025-10-25,2025-09-26,498.54,Pagado
PP-004979,O-004979,PR-01230,Jäkel Kabus AG,2025-07-15,60 días,2025-09-13,,537.12,Pendiente
PP-004980,O-004980,PR-01258,Wagner GbR,2025-07-09,90 días,2025-10-07,,7953.36,Pendiente
PP-004981,O-004981,PR-01087,Kroker,2025-06-30,90 días,2025-09-28,,10414.8,Pendiente
PP-004982,O-004982,PR-00387,Weiß Gunpf GmbH & Co. OHG,2025-08-14,30 días,2025-09-13,,4846.8,Pendiente
PP-004983,O-004983,PR-00799,Fröhlich GmbH,2025-07-30,Contado,2025-07-30,,11942.84,Retrasado
PP-004984,O-004984,PR-00390,Haering OHG mbH,2025-08-15,30 días,2025-09-14,,460.18,Pendiente
PP-004985,O-004985,PR-00390,Haering OHG mbH,2025-07-12,30 días,2025-08-11,,372.59,Retrasado
PP-004986,O-004986,PR-00391,Mies Stiftung & Co. KGaA,2025-07-31,60 días,2025-09-29,2025-08-02,1802.1,Pagado
PP-004987,O-004987,PR-00391,Mies Stiftung & Co. KGaA,2025-08-11,60 días,2025-10-10,,3149.4,Pendiente
PP-004988,O-004988,PR-01339,Junck Döhn AG,2025-08-24,90 días,2025-11-22,2025-09-21,1712.25,Pagado
PP-004989,O-004989,PR-01339,Junck Döhn AG,2025-08-15,90 días,2025-11-13,,6998.92,Pendiente
PP-004990,O-004990,PR-00420,Hartmann Pruschke KGaA,2025-08-19,30 días,2025-09-18,,275.42,Pendiente
PP-004991,O-004991,PR-00421,Finke,2025-07-03,60 días,2025-09-01,2025-08-07,4868.15,Pagado
PP-004992,O-004992,PR-01490,Jäntsch,2025-07-14,30 días,2025-08-13,2025-07-30,735.36,Pagado
PP-004993,O-004993,PR-01495,Spieß,2025-08-08,60 días,2025-10-07,2025-09-05,5365.71,Pagado
PP-004994,O-004994,PR-00423,Säuberlich GmbH & Co. OHG,2025-08-14,30 días,2025-09-13,,5126.0,Pendiente
PP-004995,O-004995,PR-00409,Sorgatz Schinke AG,2025-07-07,90 días,2025-10-05,,6553.8,Pendiente
PP-004996,O-004996,PR-01300,Löchel,2025-07-26,30 días,2025-08-25,2025-08-21,299.7,Pagado
PP-004997,O-004997,PR-01463,Schmiedt Schuster KG,2025-08-28,Contado,2025-08-28,2025-08-28,1202.0,Pagado
PP-004998,O-004998,PR-00382,Fischer GbR,2025-07-08,60 días,2025-09-06,,5952.7,Pendiente
PP-004999,O-004999,PR-00925,Schleich,2025-07-06,90 días,2025-10-04,2025-08-17,8792.28,Pagado
PP-005000,O-005000,PR-00854,Heuser Bähr OHG mbH,2025-07-06,30 días,2025-08-05,2025-07-26,655.36,Pagado
PP-005001,O-005001,PR-01087,Kroker,2025-08-23,90 días,2025-11-21,2025-10-31,3807.75,Pagado
PP-005002,O-005002,PR-00658,Roskoth AG,2025-07-04,30 días,2025-08-03,2025-07-16,3067.08,Pagado
PP-005003,O-005003,PR-00658,Roskoth AG,2025-07-11,30 días,2025-08-10,,4997.2,Retrasado
PP-005004,O-005004,PR-00420,Hartmann Pruschke KGaA,2025-07-03,30 días,2025-08-02,2025-07-18,4907.52,Pagado
PP-005005,O-005005,PR-01065,Jüttner,2025-08-19,90 días,2025-11-17,,3396.0,Pendiente
PP-005006,O-005006,PR-00409,Sorgatz Schinke AG,2025-08-11,90 días,2025-11-09,2025-10-28,690.6,Pagado
PP-005007,O-005007,PR-00413,Mülichen e.V.,2025-07-07,Contado,2025-07-07,2025-07-07,8219.02,Pagado
PP-005008,O-005008,PR-00854,Heuser Bähr OHG mbH,2025-07-17,30 días,2025-08-16,,3851.04,Retrasado
PP-005009,O-005009,PR-00386,Haering,2025-07-26,90 días,2025-10-24,2025-10-13,1817.7,Pagado
PP-005010,O-005010,PR-00409,Sorgatz Schinke AG,2025-08-03,90 días,2025-11-01,,8924.58,Pendiente
PP-005011,O-005011,PR-01427,Kade Weinhold AG,2025-07-29,90 días,2025-10-27,2025-09-22,3992.79,Pagado
PP-005012,O-005012,PR-00412,Bolander Bärer GmbH & Co. KG,2025-07-18,30 días,2025-08-17,2025-07-28,4163.82,Pagado
PP-005013,O-005013,PR-01154,Bohlander e.V.,2025-08-01,30 días,2025-08-31,,2797.78,Pendiente
PP-005014,O-005014,PR-00384,Sager,2025-08-01,60 días,2025-09-30,2025-08-01,9764.04,Pagado
PP-005015,O-005015,PR-00384,Sager,2025-07-14,60 días,2025-09-12,2025-08-26,2972.16,Pagado
PP-005016,O-005016,PR-00658,Roskoth AG,2025-08-10,30 días,2025-09-09,,1950.37,Pendiente
PP-005017,O-005017,PR-00410,Wirth,2025-07-02,30 días,2025-08-01,,3992.18,Retrasado
PP-005018,O-005018,PR-00925,Schleich,2025-08-16,90 días,2025-11-14,2025-10-25,7905.48,Pagado
PP-005019,O-005019,PR-00854,Heuser Bähr OHG mbH,2025-07-26,30 días,2025-08-25,2025-07-28,2531.52,Pagado
PP-005020,O-005020,PR-00419,Seifert Trommler GmbH,2025-08-24,90 días,2025-11-22,,2231.0,Pendiente
PP-005021,O-005021,PR-00422,Steuer,2025-08-26,90 días,2025-11-24,2025-11-23,7992.27,Pagado
PP-005022,O-005022,PR-00413,Mülichen e.V.,2025-06-30,Contado,2025-06-30,2025-06-30,6892.5,Pagado
PP-005023,O-005023,PR-00413,Mülichen e.V.,2025-07-07,Contado,2025-07-07,2025-07-07,3993.99,Pagado
PP-005024,O-005024,PR-01087,Kroker,2025-08-12,90 días,2025-11-10,2025-11-06,4621.96,Pagado
PP-005025,O-005025,PR-00386,Haering,2025-07-31,90 días,2025-10-29,,9579.03,Pendiente
PP-005026,O-005026,PR-00421,Finke,2025-08-28,60 días,2025-10-27,2025-09-16,820.08,Pagado
PP-005027,O-005027,PR-00421,Finke,2025-08-23,60 días,2025-10-22,2025-09-19,4383.76,Pagado
PP-005028,O-005028,PR-00409,Sorgatz Schinke AG,2025-07-27,90 días,2025-10-25,,8394.88,Pendiente
PP-005029,O-005029,PR-00409,Sorgatz Schinke AG,2025-07-31,90 días,2025-10-29,,3438.04,Pendiente
PP-005030,O-005030,PR-00957,Textor GmbH & Co. KG,2025-07-23,60 días,2025-09-21,,2262.52,Pendiente
PP-005031,O-005031,PR-00410,Wirth,2025-07-27,30 días,2025-08-26,2025-08-22,6508.81,Pagado
PP-005032,O-005032,PR-00412,Bolander Bärer GmbH & Co. KG,2025-07-02,30 días,2025-08-01,2025-07-18,1133.22,Pagado
PP-005033,O-005033,PR-00413,Mülichen e.V.,2025-07-19,Contado,2025-07-19,2025-07-19,6262.92,Pagado
PP-005034,O-005034,PR-01126,Misicher e.V.,2025-07-20,90 días,2025-10-18,2025-09-13,5258.88,Pagado
PP-005035,O-005035,PR-00925,Schleich,2025-07-11,90 días,2025-10-09,,5378.68,Pendiente
PP-005036,O-005036,PR-00421,Finke,2025-08-18,60 días,2025-10-17,,5919.45,Pendiente
PP-005037,O-005037,PR-00421,Finke,2025-08-22,60 días,2025-10-21,2025-09-15,1944.94,Pagado
PP-005038,O-005038,PR-00957,Textor GmbH & Co. KG,2025-08-18,60 días,2025-10-17,2025-09-14,1382.1,Pagado
PP-005039,O-005039,PR-01427,Kade Weinhold AG,2025-08-24,90 días,2025-11-22,2025-09-02,4299.84,Pagado
PP-005040,O-005040,PR-00704,Hartung,2025-07-03,60 días,2025-09-01,,6673.29,Pendiente
PP-005041,O-005041,PR-00411,Rohleder,2025-07-15,90 días,2025-10-13,2025-10-02,3922.52,Pagado
PP-005042,O-005042,PR-01026,Schmiedecke KGaA,2025-08-24,Contado,2025-08-24,,858.6,Retrasado
PP-005043,O-005043,PR-00413,Mülichen e.V.,2025-07-22,Contado,2025-07-22,2025-07-22,1681.24,Pagado
PP-005044,O-005044,PR-00382,Fischer GbR,2025-08-19,60 días,2025-10-18,2025-09-04,2735.85,Pagado
PP-005045,O-005045,PR-00383,Kraushaar GbR,2025-07-23,90 días,2025-10-21,,573.13,Pendiente
PP-005046,O-005046,PR-00386,Haering,2025-07-05,90 días,2025-10-03,2025-08-28,6016.08,Pagado
PP-005047,O-005047,PR-00420,Hartmann Pruschke KGaA,2025-08-11,30 días,2025-09-10,2025-08-26,2503.2,Pagado
PP-005048,O-005048,PR-00421,Finke,2025-08-26,60 días,2025-10-25,2025-10-07,4260.2,Pagado
PP-005049,O-005049,PR-01495,Spieß,2025-08-13,60 días,2025-10-12,,852.8,Pendiente
PP-005050,O-005050,PR-00955,Noack,2025-07-06,Contado,2025-07-06,2025-07-06,1657.04,Pagado
PP-005051,O-005051,PR-00955,Noack,2025-07-26,Contado,2025-07-26,2025-07-26,1839.64,Pagado
PP-005052,O-005052,PR-00384,Sager,2025-07-10,60 días,2025-09-08,,1081.7,Pendiente
PP-005053,O-005053,PR-01087,Kroker,2025-07-14,90 días,2025-10-12,,8905.0,Pendiente
PP-005054,O-005054,PR-00633,Speer,2025-07-19,90 días,2025-10-17,,12298.02,Pendiente
PP-005055,O-005055,PR-00419,Seifert Trommler GmbH,2025-07-07,90 días,2025-10-05,,5290.24,Pendiente
PP-005056,O-005056,PR-00423,Säuberlich GmbH & Co. OHG,2025-08-07,30 días,2025-09-06,2025-08-18,7386.24,Pagado
PP-005057,O-005057,PR-00957,Textor GmbH & Co. KG,2025-07-20,60 días,2025-09-18,,5784.29,Pendiente
PP-005058,O-005058,PR-00410,Wirth,2025-08-14,30 días,2025-09-13,2025-08-26,1349.4,Pagado
PP-005059,O-005059,PR-00411,Rohleder,2025-07-24,90 días,2025-10-22,,3826.9,Pendiente
PP-005060,O-005060,PR-00412,Bolander Bärer GmbH & Co. KG,2025-07-16,30 días,2025-08-15,,2916.53,Retrasado
PP-005061,O-005061,PR-01026,Schmiedecke KGaA,2025-07-17,Contado,2025-07-17,,633.0,Retrasado
PP-005062,O-005062,PR-00413,Mülichen e.V.,2025-08-17,Contado,2025-08-17,,801.84,Retrasado
PP-005063,O-005063,PR-00413,Mülichen e.V.,2025-08-01,Contado,2025-08-01,2025-08-01,4048.32,Pagado
PP-005064,O-005064,PR-01126,Misicher e.V.,2025-07-09,90 días,2025-10-07,2025-07-16,9272.76,Pagado
PP-005065,O-005065,PR-01126,Misicher e.V.,2025-08-05,90 días,2025-11-03,,9842.74,Pendiente
PP-005066,O-005066,PR-01230,Jäkel Kabus AG,2025-07-08,60 días,2025-09-06,2025-07-22,6451.74,Pagado
PP-005067,O-005067,PR-00420,Hartmann Pruschke KGaA,2025-07-31,30 días,2025-08-30,2025-08-17,6928.92,Pagado
PP-005068,O-005068,PR-00421,Finke,2025-08-08,60 días,2025-10-07,2025-08-27,1849.05,Pagado
PP-005069,O-005069,PR-00421,Finke,2025-08-26,60 días,2025-10-25,2025-10-14,4729.14,Pagado
PP-005070,O-005070,PR-00410,Wirth,2025-07-04,30 días,2025-08-03,2025-07-06,12454.82,Pagado
PP-005071,O-005071,PR-00704,Hartung,2025-08-07,60 días,2025-10-06,,2105.46,Pendiente
PP-005072,O-005072,PR-00925,Schleich,2025-08-27,90 días,2025-11-25,,2686.0,Pendiente
PP-005073,O-005073,PR-01087,Kroker,2025-08-13,90 días,2025-11-11,,8009.52,Pendiente
PP-005074,O-005074,PR-01087,Kroker,2025-07-21,90 días,2025-10-19,,1304.51,Pendiente
PP-005075,O-005075,PR-00420,Hartmann Pruschke KGaA,2025-07-15,30 días,2025-08-14,2025-07-25,7290.72,Pagado
PP-005076,O-005076,PR-00421,Finke,2025-08-19,60 días,2025-10-18,2025-09-27,438.9,Pagado
PP-005077,O-005077,PR-00422,Steuer,2025-07-28,90 días,2025-10-26,,1015.74,Pendiente
PP-005078,O-005078,PR-01495,Spieß,2025-08-11,60 días,2025-10-10,2025-10-05,2776.67,Pagado
PP-005079,O-005079,PR-00411,Rohleder,2025-07-08,90 días,2025-10-06,2025-09-17,2167.17,Pagado
PP-005080,O-005080,PR-00413,Mülichen e.V.,2025-08-16,Contado,2025-08-16,2025-08-16,5342.82,Pagado
PP-005081,O-005081,PR-00385,Täsche Schuchhardt KG,2025-07-11,Contado,2025-07-11,,5787.26,Retrasado
PP-005082,O-005082,PR-00658,Roskoth AG,2025-08-08,30 días,2025-09-07,,661.64,Pendiente
PP-005083,O-005083,PR-00633,Speer,2025-07-17,90 días,2025-10-15,2025-07-25,3630.86,Pagado
PP-005084,O-005084,PR-01339,Junck Döhn AG,2025-08-04,90 días,2025-11-02,,3079.78,Pendiente
PP-005085,O-005085,PR-01490,Jäntsch,2025-07-12,30 días,2025-08-11,2025-07-15,440.44,Pagado
PP-005086,O-005086,PR-01490,Jäntsch,2025-07-21,30 días,2025-08-20,2025-08-16,7175.7,Pagado
PP-005087,O-005087,PR-00423,Säuberlich GmbH & Co. OHG,2025-07-29,30 días,2025-08-28,2025-08-27,8247.68,Pagado
PP-005088,O-005088,PR-00409,Sorgatz Schinke AG,2025-07-16,90 días,2025-10-14,,11696.64,Pendiente
PP-005089,O-005089,PR-01300,Löchel,2025-08-11,30 días,2025-09-10,2025-09-02,3699.75,Pagado
PP-005090,O-005090,PR-00704,Hartung,2025-08-19,60 días,2025-10-18,,5686.75,Pendiente
PP-005091,O-005091,PR-00413,Mülichen e.V.,2025-08-15,Contado,2025-08-15,,12220.56,Retrasado
PP-005092,O-005092,PR-01463,Schmiedt Schuster KG,2025-07-28,Contado,2025-07-28,,7223.3,Pendiente
PP-005093,O-005093,PR-00385,Täsche Schuchhardt KG,2025-08-01,Contado,2025-08-01,2025-08-01,1703.88,Pagado
PP-005094,O-005094,PR-00386,Haering,2025-07-27,90 días,2025-10-25,,2237.43,Pendiente
PP-005095,O-005095,PR-01490,Jäntsch,2025-07-01,30 días,2025-07-31,2025-07-15,1431.68,Pagado
PP-005096,O-005096,PR-00423,Säuberlich GmbH & Co. OHG,2025-07-01,30 días,2025-07-31,2025-07-17,2779.11,Pagado
PP-005097,O-005097,PR-00409,Sorgatz Schinke AG,2025-07-04,90 días,2025-10-02,,10476.18,Pendiente
PP-005098,O-005098,PR-00409,Sorgatz Schinke AG,2025-07-11,90 días,2025-10-09,,2362.6,Pendiente
PP-005099,O-005099,PR-00412,Bolander Bärer GmbH & Co. KG,2025-07-14,30 días,2025-08-13,,3630.94,Pendiente
PP-005100,O-005100,PR-00413,Mülichen e.V.,2025-07-19,Contado,2025-07-19,,10091.14,Retrasado
PP-005101,O-005101,PR-00955,Noack,2025-07-06,Contado,2025-07-06,2025-07-06,4396.22,Pagado
PP-005102,O-005102,PR-00925,Schleich,2025-08-28,90 días,2025-11-26,,1850.1,Pendiente
PP-005103,O-005103,PR-00468,ИП «Воронов»,2025-07-18,90 días,2025-10-16,,2660.13,Pendiente
PP-005104,O-005104,PR-00468,ИП «Воронов»,2025-08-27,90 días,2025-11-25,2025-09-27,2705.33,Pagado
PP-005105,O-005105,PR-00468,ИП «Воронов»,2025-07-21,90 días,2025-10-19,,6881.84,Pendiente
PP-005106,O-005106,PR-00469,Пестова Лтд,2025-08-08,60 días,2025-10-07,2025-08-20,1088.55,Pagado
PP-005107,O-005107,PR-01170,Ачимгаз,2025-07-24,90 días,2025-10-22,,2099.5,Pendiente
PP-005108,O-005108,PR-00887,ИП «Зиновьев Захаров»,2025-07-07,30 días,2025-08-06,,2367.63,Retrasado
PP-005109,O-005109,PR-01484,ООО «Михайлова»,2025-08-12,90 días,2025-11-10,2025-09-30,9321.18,Pagado
PP-005110,O-005110,PR-00681,Стрелков Инк,2025-08-28,30 días,2025-09-27,2025-09-16,2725.44,Pagado
PP-005111,O-005111,PR-00757,ФортеИнвест,2025-07-18,Contado,2025-07-18,2025-07-18,1656.75,Pagado
PP-005112,O-005112,PR-00430,Красильников Инк,2025-08-26,90 días,2025-11-24,2025-10-27,1355.65,Pagado
PP-005113,O-005113,PR-01188,ИП «Романова-Шубин»,2025-08-11,90 días,2025-11-09,2025-11-07,9094.35,Pagado
PP-005114,O-005114,PR-01188,ИП «Романова-Шубин»,2025-08-20,90 días,2025-11-18,,9514.88,Pendiente
PP-005115,O-005115,PR-00463,РАО «Сидорова Ситникова»,2025-07-14,60 días,2025-09-12,2025-08-18,1187.31,Pagado
PP-005116,O-005116,PR-00463,РАО «Сидорова Ситникова»,2025-07-02,60 días,2025-08-31,,2832.14,Pendiente
PP-005117,O-005117,PR-01228,"ЗАО «Семенов, Артемьев и Исакова»",2025-07-28,60 días,2025-09-26,2025-09-12,4751.9,Pagado
PP-005118,O-005118,PR-00464,Князев Лимитед,2025-07-27,60 días,2025-09-25,2025-09-03,13378.86,Pagado
PP-005119,O-005119,PR-00465,"ОАО «Фомина, Мельников и Дорофеев»",2025-08-01,90 días,2025-10-30,2025-08-27,11764.8,Pagado
PP-005120,O-005120,PR-00440,"ОАО «Молчанов, Савин и Галкин»",2025-07-26,90 días,2025-10-24,,5210.88,Pendiente
PP-005121,O-005121,PR-00440,"ОАО «Молчанов, Савин и Галкин»",2025-08-04,90 días,2025-11-02,2025-10-18,2870.68,Pagado
PP-005122,O-005122,PR-00424,НПО «Моисеева»,2025-07-29,90 días,2025-10-27,,12577.32,Pendiente
PP-005123,O-005123,PR-00682,ОАО «Орехова»,2025-07-14,90 días,2025-10-12,2025-09-02,1853.01,Pagado
PP-005124,O-005124,PR-00426,Терентьева Инк,2025-08-18,30 días,2025-09-17,,2584.44,Pendiente
PP-005125,O-005125,PR-00426,Терентьева Инк,2025-08-02,30 días,2025-09-01,,2958.75,Pendiente
PP-005126,O-005126,PR-00427,Кари,2025-07-28,30 días,2025-08-27,2025-08-08,6723.0,Pagado
PP-005127,O-005127,PR-00427,Кари,2025-07-21,30 días,2025-08-20,,8428.3,Pendiente
PP-005128,O-005128,PR-00760,ЗАО «Мясников»,2025-07-17,90 días,2025-10-15,2025-07-28,4399.2,Pagado
PP-005129,O-005129,PR-00444,ОАО «Давыдов»,2025-08-09,30 días,2025-09-08,2025-08-16,4083.2,Pagado
PP-005130,O-005130,PR-01321,РАО «Романов Петрова»,2025-07-17,60 días,2025-09-15,,5047.78,Pendiente
PP-005131,O-005131,PR-01318,"НПО «Одинцов, Одинцов и Дроздова»",2025-07-23,90 días,2025-10-21,2025-08-13,593.32,Pagado
PP-005132,O-005132,PR-01107,АО «Прохорова Макаров»,2025-07-21,60 días,2025-09-19,,4948.48,Pendiente
PP-005133,O-005133,PR-00816,"ИП «Ковалева, Попова и Федотов»",2025-07-19,Contado,2025-07-19,,1391.04,Retrasado
PP-005134,O-005134,PR-00450,ООО «Денисов»,2025-07-18,Contado,2025-07-18,2025-07-18,8947.84,Pagado
PP-005135,O-005135,PR-01310,"ИП «Маркова, Быков и Чернов»",2025-06-30,90 días,2025-09-28,2025-09-04,6819.72,Pagado
PP-005136,O-005136,PR-01059,ИП «Павлова Осипов»,2025-08-02,90 días,2025-10-31,,9731.04,Pendiente
PP-005137,O-005137,PR-00453,Кари,2025-07-25,30 días,2025-08-24,2025-08-05,467.5,Pagado
PP-005138,O-005138,PR-01316,Транслом,2025-08-12,30 días,2025-09-11,,2768.85,Pendiente
PP-005139,O-005139,PR-00468,ИП «Воронов»,2025-07-07,90 días,2025-10-05,,3927.85,Pendiente
PP-005140,O-005140,PR-00694,ПСМА Рус,2025-07-26,90 días,2025-10-24,,1772.75,Pendiente
PP-005141,O-005141,PR-00459,ЗАО «Зыков Белозеров»,2025-08-21,60 días,2025-10-20,,7340.78,Pendiente
PP-005142,O-005142,PR-00435,ООО «Ермакова Лихачева»,2025-07-16,90 días,2025-10-14,2025-08-31,2237.76,Pagado
PP-005143,O-005143,PR-00437,АО «Власов Иванова»,2025-07-28,60 días,2025-09-26,2025-08-02,9964.29,Pagado
PP-005144,O-005144,PR-01213,"НПО «Попова, Власов и Сорокина»",2025-08-15,90 días,2025-11-13,,2071.71,Pendiente
PP-005145,O-005145,PR-00462,ООО «Пахомова-Кузнецов»,2025-08-27,90 días,2025-11-25,2025-09-30,3387.76,Pagado
PP-005146,O-005146,PR-00463,РАО «Сидорова Ситникова»,2025-08-24,60 días,2025-10-23,2025-09-14,6612.66,Pagado
PP-005147,O-005147,PR-00465,"ОАО «Фомина, Мельников и Дорофеев»",2025-08-12,90 días,2025-11-10,2025-09-21,6166.86,Pagado
PP-005148,O-005148,PR-01462,АО «Костин Куликов»,2025-07-29,30 días,2025-08-28,,4647.68,Retrasado
PP-005149,O-005149,PR-00935,"ЗАО «Белозеров, Артемьев и Лапин»",2025-07-11,30 días,2025-08-10,2025-08-01,4054.05,Pagado
PP-005150,O-005150,PR-00441,НПО «Лапин Яковлев»,2025-07-30,90 días,2025-10-28,2025-08-25,3975.12,Pagado
PP-005151,O-005151,PR-00750,ООО «Крюкова»,2025-08-03,Contado,2025-08-03,2025-08-03,1383.22,Pagado
PP-005152,O-005152,PR-00689,НПО «Мухина-Лобанов»,2025-07-04,60 días,2025-09-02,,7599.6,Pendiente
PP-005153,O-005153,PR-00425,ИП «Соколов-Титов»,2025-07-08,90 días,2025-10-06,,5972.1,Pendiente
PP-005154,O-005154,PR-00426,Терентьева Инк,2025-08-09,30 días,2025-09-08,2025-08-09,5234.4,Pagado
PP-005155,O-005155,PR-00426,Терентьева Инк,2025-07-23,30 días,2025-08-22,,1638.46,Pendiente
PP-005156,O-005156,PR-00427,Кари,2025-08-21,30 días,2025-09-20,2025-08-30,5071.78,Pagado
PP-005157,O-005157,PR-00686,Элко Рус (Elko),2025-06-30,60 días,2025-08-29,2025-08-16,1207.08,Pagado
PP-005158,O-005158,PR-01397,Мессояханефтегаз,2025-07-29,30 días,2025-08-28,2025-08-08,12063.2,Pagado
PP-005159,O-005159,PR-01241,Росжелдорпроект,2025-07-14,90 días,2025-10-12,,10678.44,Pendiente
PP-005160,O-005160,PR-01318,"НПО «Одинцов, Одинцов и Дроздова»",2025-08-16,90 días,2025-11-14,2025-09-20,4629.24,Pagado
PP-005161,O-005161,PR-00448,"ОАО «Константинов, Мясникова и Лазарев»",2025-08-24,90 días,2025-11-22,2025-10-07,2045.52,Pagado
PP-005162,O-005162,PR-00448,"ОАО «Константинов, Мясникова и Лазарев»",2025-08-03,90 días,2025-11-01,2025-09-17,1224.3,Pagado
PP-005163,O-005163,PR-00450,ООО «Денисов»,2025-08-14,Contado,2025-08-14,2025-08-14,11874.24,Pagado
PP-005164,O-005164,PR-01368,АО «Буров Карпова»,2025-08-25,90 días,2025-11-23,,3107.0,Pendiente
PP-005165,O-005165,PR-00452,"НПО «Кабанов, Калинина и Маслов»",2025-07-07,90 días,2025-10-05,,2283.12,Pendiente
PP-005166,O-005166,PR-01120,"ОАО «Ларионова, Суворов и Рожков»",2025-07-15,90 días,2025-10-13,2025-08-13,4455.88,Pagado
PP-005167,O-005167,PR-01120,"ОАО «Ларионова, Суворов и Рожков»",2025-08-28,90 días,2025-11-26,2025-08-28,1853.28,Pagado
PP-005168,O-005168,PR-00454,Зимина Лимитед,2025-08-28,90 días,2025-11-26,,2530.88,Pendiente
PP-005169,O-005169,PR-01316,Транслом,2025-07-27,30 días,2025-08-26,2025-08-01,1175.04,Pagado
PP-005170,O-005170,PR-01040,Металлсервис,2025-07-17,90 días,2025-10-15,,3401.0,Pendiente
PP-005171,O-005171,PR-00638,НПО «Попова»,2025-07-02,60 días,2025-08-31,2025-07-22,5135.68,Pagado
PP-005172,O-005172,PR-00467,Соллерс,2025-07-09,60 días,2025-09-07,2025-08-21,8800.33,Pagado
PP-005173,O-005173,PR-01077,РАО «Наумова»,2025-07-22,90 días,2025-10-20,,1995.18,Pendiente
PP-005174,O-005174,PR-00459,ЗАО «Зыков Белозеров»,2025-08-02,60 días,2025-10-01,2025-08-28,717.8,Pagado
PP-005175,O-005175,PR-01476,РАО «Прохоров»,2025-08-09,90 días,2025-11-07,2025-11-01,854.4,Pagado
PP-005176,O-005176,PR-00435,ООО «Ермакова Лихачева»,2025-07-07,90 días,2025-10-05,,3411.5,Pendiente
PP-005177,O-005177,PR-00465,"ОАО «Фомина, Мельников и Дорофеев»",2025-07-31,90 días,2025-10-29,2025-09-11,3825.36,Pagado
PP-005178,O-005178,PR-00789,ОАО «Гусев Копылов»,2025-07-15,90 días,2025-10-13,,2277.99,Pendiente
PP-005179,O-005179,PR-00442,Ермакова Лтд,2025-08-13,30 días,2025-09-12,,7515.93,Pendiente
PP-005180,O-005180,PR-01180,АО «Кошелев-Семенова»,2025-07-24,90 días,2025-10-22,,2354.2,Pendiente
PP-005181,O-005181,PR-01040,Металлсервис,2025-07-19,90 días,2025-10-17,2025-08-05,3610.32,Pagado
PP-005182,O-005182,PR-00468,ИП «Воронов»,2025-07-04,90 días,2025-10-02,,6942.12,Pendiente
PP-005183,O-005183,PR-00469,Пестова Лтд,2025-08-18,60 días,2025-10-17,2025-08-19,4130.34,Pagado
PP-005184,O-005184,PR-01058,НПО «Кондратьева Абрамова»,2025-07-04,30 días,2025-08-03,2025-07-10,4164.44,Pagado
PP-005185,O-005185,PR-01484,ООО «Михайлова»,2025-08-15,90 días,2025-11-13,,8456.9,Pendiente
PP-005186,O-005186,PR-00681,Стрелков Инк,2025-07-14,30 días,2025-08-13,,2827.5,Retrasado
PP-005187,O-005187,PR-00681,Стрелков Инк,2025-07-15,30 días,2025-08-14,2025-08-13,5767.2,Pagado
PP-005188,O-005188,PR-00431,Квадра,2025-08-15,30 días,2025-09-14,2025-09-02,8379.52,Pagado
PP-005189,O-005189,PR-01476,РАО «Прохоров»,2025-07-19,90 días,2025-10-17,2025-09-01,1678.8,Pagado
PP-005190,O-005190,PR-01089,РАО «Молчанов-Шилова»,2025-08-24,60 días,2025-10-23,2025-09-29,233.73,Pagado
PP-005191,O-005191,PR-00463,РАО «Сидорова Ситникова»,2025-07-20,60 días,2025-09-18,2025-08-06,4280.3,Pagado
PP-005192,O-005192,PR-00439,Фомина и партнеры,2025-08-02,90 días,2025-10-31,2025-08-03,603.52,Pagado
PP-005193,O-005193,PR-00441,НПО «Лапин Яковлев»,2025-08-15,90 días,2025-11-13,2025-09-11,5207.73,Pagado
PP-005194,O-005194,PR-01180,АО «Кошелев-Семенова»,2025-08-10,90 días,2025-11-08,2025-09-28,4934.76,Pagado
PP-005195,O-005195,PR-00443,ОАО «Воробьев»,2025-08-28,60 días,2025-10-27,2025-09-10,2799.72,Pagado
PP-005196,O-005196,PR-00468,ИП «Воронов»,2025-08-22,90 días,2025-11-20,2025-10-13,4605.9,Pagado
PP-005197,O-005197,PR-01077,РАО «Наумова»,2025-08-10,90 días,2025-11-08,2025-10-18,654.75,Pagado
PP-005198,O-005198,PR-00458,"ИП «Ильина, Селезнева и Быкова»",2025-08-21,90 días,2025-11-19,,3415.16,Pendiente
PP-005199,O-005199,PR-00431,Квадра,2025-07-30,30 días,2025-08-29,2025-08-27,2081.92,Pagado
PP-005200,O-005200,PR-00433,"НПО «Лапин, Зиновьев и Гришин»",2025-08-22,90 días,2025-11-20,2025-09-05,3742.86,Pagado
PP-005201,O-005201,PR-01229,РАО «Михайлова Казакова»,2025-07-17,30 días,2025-08-16,2025-08-02,2573.28,Pagado
PP-005202,O-005202,PR-00434,НПО «Владимирова»,2025-07-06,90 días,2025-10-04,,2164.53,Pendiente
PP-005203,O-005203,PR-01188,ИП «Романова-Шубин»,2025-07-19,90 días,2025-10-17,2025-10-11,14801.0,Pagado
PP-005204,O-005204,PR-00723,РАО «Артемьев»,2025-08-04,30 días,2025-09-03,2025-08-20,4963.2,Pagado
PP-005205,O-005205,PR-00437,АО «Власов Иванова»,2025-08-07,60 días,2025-10-06,2025-08-29,79.68,Pagado
PP-005206,O-005206,PR-00438,"АО «Молчанова, Ширяева и Аксенов»",2025-07-30,30 días,2025-08-29,,2422.5,Pendiente
PP-005207,O-005207,PR-00461,"НПО «Мамонтов, Морозова и Калашников»",2025-07-29,90 días,2025-10-27,2025-08-02,7153.25,Pagado
PP-005208,O-005208,PR-00462,ООО «Пахомова-Кузнецов»,2025-07-19,90 días,2025-10-17,,2926.28,Pendiente
PP-005209,O-005209,PR-00465,"ОАО «Фомина, Мельников и Дорофеев»",2025-07-11,90 días,2025-10-09,,3470.61,Pendiente
PP-005210,O-005210,PR-00465,"ОАО «Фомина, Мельников и Дорофеев»",2025-08-20,90 días,2025-11-18,,5189.28,Pendiente
PP-005211,O-005211,PR-00922,"РАО «Виноградов, Миронова и Федоров»",2025-07-24,60 días,2025-09-22,2025-08-25,1204.56,Pagado
PP-005212,O-005212,PR-00467,Соллерс,2025-08-15,60 días,2025-10-14,,7392.24,Pendiente
PP-005213,O-005213,PR-00467,Соллерс,2025-07-05,60 días,2025-09-03,2025-07-09,7425.44,Pagado
PP-005214,O-005214,PR-00468,ИП «Воронов»,2025-07-29,90 días,2025-10-27,,1547.42,Pendiente
PP-005215,O-005215,PR-00617,"ИП «Беспалов, Исаков и Власов»",2025-08-02,60 días,2025-10-01,2025-08-16,3811.5,Pagado
PP-005216,O-005216,PR-01248,НПО «Евдокимов»,2025-08-28,60 días,2025-10-27,2025-09-06,3863.84,Pagado
PP-005217,O-005217,PR-00470,РАО «Лазарев Устинова»,2025-07-15,Contado,2025-07-15,,5738.2,Retrasado
PP-005218,O-005218,PR-00456,Жукова Лимитед,2025-08-01,60 días,2025-09-30,2025-08-17,2621.3,Pagado
PP-005219,O-005219,PR-00457,ОАО «Абрамова-Соболева»,2025-07-02,30 días,2025-08-01,2025-07-15,1563.84,Pagado
PP-005220,O-005220,PR-00457,ОАО «Абрамова-Соболева»,2025-08-03,30 días,2025-09-02,2025-08-25,5921.73,Pagado
PP-005221,O-005221,PR-01286,АО «Тетерина»,2025-07-19,90 días,2025-10-17,2025-09-02,1397.76,Pagado
PP-005222,O-005222,PR-00887,ИП «Зиновьев Захаров»,2025-08-09,30 días,2025-09-08,,5808.46,Pendiente
PP-005223,O-005223,PR-00459,ЗАО «Зыков Белозеров»,2025-08-13,60 días,2025-10-12,,9800.09,Pendiente
PP-005224,O-005224,PR-01144,"ИП «Киселева, Попов и Бобылев»",2025-07-12,90 días,2025-10-10,2025-09-07,4691.02,Pagado
PP-005225,O-005225,PR-00432,АО «Калинин»,2025-08-10,60 días,2025-10-09,2025-09-02,814.5,Pagado
PP-005226,O-005226,PR-00433,"НПО «Лапин, Зиновьев и Гришин»",2025-08-20,90 días,2025-11-18,2025-10-08,3715.2,Pagado
PP-005227,O-005227,PR-00433,"НПО «Лапин, Зиновьев и Гришин»",2025-08-08,90 días,2025-11-06,,4398.6,Pendiente
PP-005228,O-005228,PR-00438,"АО «Молчанова, Ширяева и Аксенов»",2025-08-20,30 días,2025-09-19,,5468.76,Pendiente
PP-005229,O-005229,PR-01213,"НПО «Попова, Власов и Сорокина»",2025-08-05,90 días,2025-11-03,,5653.2,Pendiente
PP-005230,O-005230,PR-01074,"РАО «Алексеева, Самсонов и Силина»",2025-07-03,30 días,2025-08-02,2025-07-23,9464.24,Pagado
PP-005231,O-005231,PR-00463,РАО «Сидорова Ситникова»,2025-07-20,60 días,2025-09-18,,5504.0,Pendiente
PP-005232,O-005232,PR-00463,РАО «Сидорова Ситникова»,2025-08-17,60 días,2025-10-16,,7500.64,Pendiente
PP-005233,O-005233,PR-00465,"ОАО «Фомина, Мельников и Дорофеев»",2025-08-11,90 días,2025-11-09,2025-09-01,4522.32,Pagado
PP-005234,O-005234,PR-01462,АО «Костин Куликов»,2025-08-25,30 días,2025-09-24,,6049.44,Pendiente
PP-005235,O-005235,PR-00440,"ОАО «Молчанов, Савин и Галкин»",2025-08-09,90 días,2025-11-07,,8147.37,Pendiente
PP-005236,O-005236,PR-00441,НПО «Лапин Яковлев»,2025-07-19,90 días,2025-10-17,2025-08-02,3555.3,Pagado
PP-005237,O-005237,PR-00441,НПО «Лапин Яковлев»,2025-08-06,90 días,2025-11-04,,1759.2,Pendiente
PP-005238,O-005238,PR-00922,"РАО «Виноградов, Миронова и Федоров»",2025-07-25,60 días,2025-09-23,,5859.84,Pendiente
PP-005239,O-005239,PR-01370,ООО «Афанасьева Владимирова»,2025-08-16,60 días,2025-10-15,,800.0,Pendiente
PP-005240,O-005240,PR-00638,НПО «Попова»,2025-07-20,60 días,2025-09-18,,5211.0,Pendiente
PP-005241,O-005241,PR-00638,НПО «Попова»,2025-07-03,60 días,2025-09-01,,10265.13,Pendiente
PP-005242,O-005242,PR-00467,Соллерс,2025-08-10,60 días,2025-10-09,,6378.35,Pendiente
PP-005243,O-005243,PR-00468,ИП «Воронов»,2025-08-04,90 días,2025-11-02,,3219.85,Pendiente
PP-005244,O-005244,PR-00468,ИП «Воронов»,2025-08-06,90 días,2025-11-04,,3089.12,Pendiente
PP-005245,O-005245,PR-00469,Пестова Лтд,2025-07-05,60 días,2025-09-03,,4280.17,Pendiente
PP-005246,O-005246,PR-01058,НПО «Кондратьева Абрамова»,2025-07-25,30 días,2025-08-24,2025-08-02,5482.24,Pagado
PP-005247,O-005247,PR-00694,ПСМА Рус,2025-08-07,90 días,2025-11-05,2025-10-31,8271.12,Pagado
PP-005248,O-005248,PR-00458,"ИП «Ильина, Селезнева и Быкова»",2025-08-01,90 días,2025-10-30,2025-08-16,342.01,Pagado
PP-005249,O-005249,PR-00459,ЗАО «Зыков Белозеров»,2025-07-26,60 días,2025-09-24,,8498.75,Pendiente
PP-005250,O-005250,PR-00431,Квадра,2025-07-01,30 días,2025-07-31,2025-07-24,4613.58,Pagado
PP-005251,O-005251,PR-01476,РАО «Прохоров»,2025-08-13,90 días,2025-11-11,2025-10-21,4294.4,Pagado
PP-005252,O-005252,PR-01476,РАО «Прохоров»,2025-08-14,90 días,2025-11-12,,2255.0,Pendiente
PP-005253,O-005253,PR-00433,"НПО «Лапин, Зиновьев и Гришин»",2025-08-28,90 días,2025-11-26,,2333.06,Pendiente
PP-005254,O-005254,PR-01229,РАО «Михайлова Казакова»,2025-07-10,30 días,2025-08-09,2025-07-13,2042.4,Pagado
PP-005255,O-005255,PR-01254,ООО «Бирюков-Ефремова»,2025-07-20,60 días,2025-09-18,,7861.56,Pendiente
PP-005256,O-005256,PR-00437,АО «Власов Иванова»,2025-07-30,60 días,2025-09-28,2025-08-01,2132.82,Pagado
PP-005257,O-005257,PR-00461,"НПО «Мамонтов, Морозова и Калашников»",2025-08-03,90 días,2025-11-01,2025-10-24,6087.62,Pagado
PP-005258,O-005258,PR-01074,"РАО «Алексеева, Самсонов и Силина»",2025-08-23,30 días,2025-09-22,2025-08-23,4510.1,Pagado
PP-005259,O-005259,PR-00463,РАО «Сидорова Ситникова»,2025-08-16,60 días,2025-10-15,2025-10-05,1732.85,Pagado
PP-005260,O-005260,PR-01228,"ЗАО «Семенов, Артемьев и Исакова»",2025-08-07,60 días,2025-10-06,,12040.38,Pendiente
PP-005261,O-005261,PR-00465,"ОАО «Фомина, Мельников и Дорофеев»",2025-07-24,90 días,2025-10-22,2025-09-22,12110.4,Pagado
PP-005262,O-005262,PR-01044,ЗАО «Жукова Князева»,2025-08-08,60 días,2025-10-07,,13376.3,Pendiente
PP-005263,O-005263,PR-00443,ОАО «Воробьев»,2025-08-16,60 días,2025-10-15,,1126.95,Pendiente
PP-005264,O-005264,PR-00638,НПО «Попова»,2025-07-15,60 días,2025-09-13,,2503.25,Pendiente
PP-005265,O-005265,PR-00469,Пестова Лтд,2025-07-11,60 días,2025-09-09,2025-08-24,8655.5,Pagado
PP-005266,O-005266,PR-00470,РАО «Лазарев Устинова»,2025-07-02,Contado,2025-07-02,2025-07-02,2098.32,Pagado
PP-005267,O-005267,PR-00459,ЗАО «Зыков Белозеров»,2025-07-04,60 días,2025-09-02,2025-07-09,3316.95,Pagado
PP-005268,O-005268,PR-00459,ЗАО «Зыков Белозеров»,2025-07-20,60 días,2025-09-18,,8077.45,Pendiente
PP-005269,O-005269,PR-00757,ФортеИнвест,2025-07-04,Contado,2025-07-04,2025-07-04,2482.0,Pagado
PP-005270,O-005270,PR-00873,ИП «Фомичева-Александров»,2025-08-10,30 días,2025-09-09,2025-08-19,2871.54,Pagado
PP-005271,O-005271,PR-00432,АО «Калинин»,2025-08-14,60 días,2025-10-13,2025-09-16,1852.8,Pagado
PP-005272,O-005272,PR-00435,ООО «Ермакова Лихачева»,2025-07-25,90 días,2025-10-23,2025-09-07,1628.1,Pagado
PP-005273,O-005273,PR-01188,ИП «Романова-Шубин»,2025-07-20,90 días,2025-10-18,,6415.68,Pendiente
PP-005274,O-005274,PR-00435,ООО «Ермакова Лихачева»,2025-07-18,90 días,2025-10-16,,708.76,Pendiente
PP-005275,O-005275,PR-00790,Фадеев Инк,2025-07-25,90 días,2025-10-23,2025-09-21,2135.4,Pagado
PP-005276,O-005276,PR-00437,АО «Власов Иванова»,2025-08-03,60 días,2025-10-02,,3474.64,Pendiente
PP-005277,O-005277,PR-00438,"АО «Молчанова, Ширяева и Аксенов»",2025-08-19,30 días,2025-09-18,2025-09-09,717.43,Pagado
PP-005278,O-005278,PR-00808,ФСК Лидер,2025-08-23,60 días,2025-10-22,2025-08-27,8686.27,Pagado
PP-005279,O-005279,PR-00440,"ОАО «Молчанов, Савин и Галкин»",2025-07-21,90 días,2025-10-19,2025-08-21,1456.08,Pagado
PP-005280,O-005280,PR-00441,НПО «Лапин Яковлев»,2025-07-01,90 días,2025-09-29,2025-08-08,3105.9,Pagado
PP-005281,O-005281,PR-00922,"РАО «Виноградов, Миронова и Федоров»",2025-08-14,60 días,2025-10-13,2025-10-03,2117.28,Pagado
PP-005282,O-005282,PR-00467,Соллерс,2025-07-06,60 días,2025-09-04,2025-08-08,10506.97,Pagado
PP-005283,O-005283,PR-00468,ИП «Воронов»,2025-08-19,90 días,2025-11-17,,9704.55,Pendiente
PP-005284,O-005284,PR-00729,ОАО «Емельянов-Зайцев»,2025-07-13,90 días,2025-10-11,,2634.17,Pendiente
PP-005285,O-005285,PR-01484,ООО «Михайлова»,2025-07-18,90 días,2025-10-16,2025-07-31,7874.55,Pagado
PP-005286,O-005286,PR-00459,ЗАО «Зыков Белозеров»,2025-07-27,60 días,2025-09-25,,2844.9,Pendiente
PP-005287,O-005287,PR-00460,Сазонов Групп,2025-07-21,90 días,2025-10-19,2025-08-05,2881.15,Pagado
PP-005288,O-005288,PR-00757,ФортеИнвест,2025-08-22,Contado,2025-08-22,,1988.12,Pendiente
PP-005289,O-005289,PR-00757,ФортеИнвест,2025-07-05,Contado,2025-07-05,2025-07-05,6970.0,Pagado
PP-005290,O-005290,PR-00873,ИП «Фомичева-Александров»,2025-07-29,30 días,2025-08-28,,1554.76,Retrasado
PP-005291,O-005291,PR-00432,АО «Калинин»,2025-08-10,60 días,2025-10-09,2025-08-27,6058.8,Pagado
PP-005292,O-005292,PR-00433,"НПО «Лапин, Зиновьев и Гришин»",2025-07-27,90 días,2025-10-25,,11871.36,Pendiente
PP-005293,O-005293,PR-01229,РАО «Михайлова Казакова»,2025-07-07,30 días,2025-08-06,,3768.12,Retrasado
PP-005294,O-005294,PR-01254,ООО «Бирюков-Ефремова»,2025-06-30,60 días,2025-08-29,2025-07-26,5667.7,Pagado
PP-005295,O-005295,PR-00437,АО «Власов Иванова»,2025-08-07,60 días,2025-10-06,,6359.49,Pendiente
PP-005296,O-005296,PR-00438,"АО «Молчанова, Ширяева и Аксенов»",2025-07-21,30 días,2025-08-20,2025-07-23,3106.4,Pagado
PP-005297,O-005297,PR-00438,"АО «Молчанова, Ширяева и Аксенов»",2025-08-03,30 días,2025-09-02,2025-08-23,1838.76,Pagado
PP-005298,O-005298,PR-01228,"ЗАО «Семенов, Артемьев и Исакова»",2025-07-22,60 días,2025-09-20,2025-08-06,501.63,Pagado
PP-005299,O-005299,PR-00789,ОАО «Гусев Копылов»,2025-07-07,90 días,2025-10-05,,871.64,Pendiente
PP-005300,O-005300,PR-00440,"ОАО «Молчанов, Савин и Галкин»",2025-08-26,90 días,2025-11-24,2025-11-09,8806.2,Pagado
PP-005301,O-005301,PR-00440,"ОАО «Молчанов, Савин и Галкин»",2025-08-24,90 días,2025-11-22,,3169.4,Pendiente
PP-005302,O-005302,PR-00441,НПО «Лапин Яковлев»,2025-07-12,90 días,2025-10-10,,2581.29,Pendiente
PP-005303,O-005303,PR-00922,"РАО «Виноградов, Миронова и Федоров»",2025-07-19,60 días,2025-09-17,2025-07-29,1352.0,Pagado
PP-005304,O-005304,PR-01040,Металлсервис,2025-07-12,90 días,2025-10-10,2025-09-06,2097.53,Pagado
PP-005305,O-005305,PR-00466,"ИП «Афанасьев, Молчанов и Никифоров»",2025-07-17,Contado,2025-07-17,,6111.03,Retrasado
PP-005306,O-005306,PR-00468,ИП «Воронов»,2025-07-16,90 días,2025-10-14,,4316.9,Pendiente
PP-005307,O-005307,PR-00469,Пестова Лтд,2025-07-06,60 días,2025-09-04,2025-07-17,276.12,Pagado
PP-005308,O-005308,PR-00469,Пестова Лтд,2025-08-03,60 días,2025-10-02,2025-08-16,2354.67,Pagado
PP-005309,O-005309,PR-00729,ОАО «Емельянов-Зайцев»,2025-08-11,90 días,2025-11-09,,1911.33,Pendiente
PP-005310,O-005310,PR-00887,ИП «Зиновьев Захаров»,2025-08-18,30 días,2025-09-17,2025-08-23,2578.27,Pagado
PP-005311,O-005311,PR-00460,Сазонов Групп,2025-08-01,90 días,2025-10-30,2025-10-17,3520.88,Pagado
PP-005312,O-005312,PR-01003,"АО «Копылов, Дорофеева и Гурьев»",2025-08-21,30 días,2025-09-20,,6253.47,Pendiente
PP-005313,O-005313,PR-00460,Сазонов Групп,2025-06-30,90 días,2025-09-28,2025-07-25,4464.68,Pagado
PP-005314,O-005314,PR-01020,АО «Тарасов Гущина»,2025-07-04,60 días,2025-09-02,,5807.04,Pendiente
PP-005315,O-005315,PR-01020,АО «Тарасов Гущина»,2025-07-10,60 días,2025-09-08,,688.77,Pendiente
PP-005316,O-005316,PR-00757,ФортеИнвест,2025-06-30,Contado,2025-06-30,,6176.16,Pendiente
PP-005317,O-005317,PR-00431,Квадра,2025-08-08,30 días,2025-09-07,2025-09-03,2211.04,Pagado
PP-005318,O-005318,PR-00433,"НПО «Лапин, Зиновьев и Гришин»",2025-08-13,90 días,2025-11-11,2025-08-25,8242.78,Pagado
PP-005319,O-005319,PR-01229,РАО «Михайлова Казакова»,2025-07-15,30 días,2025-08-14,2025-08-06,8351.9,Pagado
PP-005320,O-005320,PR-00438,"АО «Молчанова, Ширяева и Аксенов»",2025-07-02,30 días,2025-08-01,2025-07-09,10794.42,Pagado
PP-005321,O-005321,PR-00462,ООО «Пахомова-Кузнецов»,2025-07-10,90 días,2025-10-08,2025-09-23,1972.02,Pagado
PP-005322,O-005322,PR-01205,МУМТ (BAT),2025-07-09,60 días,2025-09-07,,9677.52,Pendiente
PP-005323,O-005323,PR-00464,Князев Лимитед,2025-08-22,60 días,2025-10-21,,1108.8,Pendiente
PP-005324,O-005324,PR-00465,"ОАО «Фомина, Мельников и Дорофеев»",2025-07-28,90 días,2025-10-26,,2068.77,Pendiente
PP-005325,O-005325,PR-00441,НПО «Лапин Яковлев»,2025-07-31,90 días,2025-10-29,2025-09-23,1060.2,Pagado
PP-005326,O-005326,PR-01370,ООО «Афанасьева Владимирова»,2025-07-09,60 días,2025-09-07,2025-08-31,2252.84,Pagado
PP-005327,O-005327,PR-00467,Соллерс,2025-07-02,60 días,2025-08-31,2025-07-19,5736.72,Pagado
PP-005328,O-005328,PR-00467,Соллерс,2025-07-16,60 días,2025-09-14,2025-08-06,453.2,Pagado
PP-005329,O-005329,PR-00468,ИП «Воронов»,2025-07-22,90 días,2025-10-20,,5788.38,Pendiente
PP-005330,O-005330,PR-01031,РАО «Крюков»,2025-07-05,90 días,2025-10-03,2025-09-20,11916.24,Pagado
PP-005331,O-005331,PR-01031,РАО «Крюков»,2025-07-09,90 días,2025-10-07,,6814.3,Pendiente
PP-005332,O-005332,PR-00887,ИП «Зиновьев Захаров»,2025-07-01,30 días,2025-07-31,,5075.72,Retrasado
PP-005333,O-005333,PR-00459,ЗАО «Зыков Белозеров»,2025-08-10,60 días,2025-10-09,,4315.2,Pendiente
PP-005334,O-005334,PR-00681,Стрелков Инк,2025-08-13,30 días,2025-09-12,,5037.93,Pendiente
PP-005335,O-005335,PR-00952,ООО «Иванова Кононова»,2025-08-01,Contado,2025-08-01,,7626.2,Retrasado
PP-005336,O-005336,PR-00432,АО «Калинин»,2025-08-15,60 días,2025-10-14,,7628.24,Pendiente
PP-005337,O-005337,PR-00433,"НПО «Лапин, Зиновьев и Гришин»",2025-08-27,90 días,2025-11-25,2025-09-23,1094.08,Pagado
PP-005338,O-005338,PR-00434,НПО «Владимирова»,2025-07-13,90 días,2025-10-11,,3797.42,Pendiente
PP-005339,O-005339,PR-00434,НПО «Владимирова»,2025-07-19,90 días,2025-10-17,,3464.64,Pendiente
PP-005340,O-005340,PR-00438,"АО «Молчанова, Ширяева и Аксенов»",2025-08-04,30 días,2025-09-03,2025-08-30,8966.22,Pagado
PP-005341,O-005341,PR-00694,ПСМА Рус,2025-08-12,90 días,2025-11-10,,10902.39,Pendiente
PP-005342,O-005342,PR-01170,Ачимгаз,2025-08-18,90 días,2025-11-16,,7422.03,Pendiente
PP-005343,O-005343,PR-00887,ИП «Зиновьев Захаров»,2025-07-10,30 días,2025-08-09,,1319.04,Retrasado
PP-005344,O-005344,PR-00681,Стрелков Инк,2025-08-16,30 días,2025-09-15,,2864.52,Pendiente
PP-005345,O-005345,PR-00757,ФортеИнвест,2025-08-20,Contado,2025-08-20,,11156.03,Retrasado
PP-005346,O-005346,PR-00757,ФортеИнвест,2025-07-16,Contado,2025-07-16,2025-07-16,5630.06,Pagado
PP-005347,O-005347,PR-00873,ИП «Фомичева-Александров»,2025-07-16,30 días,2025-08-15,2025-07-21,7314.82,Pagado
PP-005348,O-005348,PR-01476,РАО «Прохоров»,2025-08-16,90 días,2025-11-14,,6313.59,Pendiente
PP-005349,O-005349,PR-00433,"НПО «Лапин, Зиновьев и Гришин»",2025-07-28,90 días,2025-10-26,,3877.8,Pendiente
PP-005350,O-005350,PR-00434,НПО «Владимирова»,2025-08-12,90 días,2025-11-10,,3814.4,Pendiente
PP-005351,O-005351,PR-00435,ООО «Ермакова Лихачева»,2025-08-25,90 días,2025-11-23,,949.44,Pendiente
PP-005352,O-005352,PR-01089,РАО «Молчанов-Шилова»,2025-07-23,60 días,2025-09-21,2025-08-13,4484.04,Pagado
PP-005353,O-005353,PR-00438,"АО «Молчанова, Ширяева и Аксенов»",2025-07-17,30 días,2025-08-16,2025-07-22,14849.0,Pagado
PP-005354,O-005354,PR-01370,ООО «Афанасьева Владимирова»,2025-07-10,60 días,2025-09-08,,489.25,Pendiente
PP-005355,O-005355,PR-00467,Соллерс,2025-07-06,60 días,2025-09-04,2025-08-08,4571.5,Pagado
PP-005356,O-005356,PR-00467,Соллерс,2025-07-23,60 días,2025-09-21,2025-09-18,4512.69,Pagado
PP-005357,O-005357,PR-00468,ИП «Воронов»,2025-07-31,90 días,2025-10-29,2025-09-27,11537.54,Pagado
PP-005358,O-005358,PR-00468,ИП «Воронов»,2025-08-23,90 días,2025-11-21,,8714.92,Pendiente
PP-005359,O-005359,PR-00469,Пестова Лтд,2025-07-03,60 días,2025-09-01,2025-07-08,6464.64,Pagado
PP-005360,O-005360,PR-00470,РАО «Лазарев Устинова»,2025-07-13,Contado,2025-07-13,2025-07-13,1548.48,Pagado
PP-005361,O-005361,PR-00456,Жукова Лимитед,2025-07-26,60 días,2025-09-24,2025-08-18,5984.55,Pagado
PP-005362,O-005362,PR-01170,Ачимгаз,2025-07-06,90 días,2025-10-04,2025-08-30,3490.8,Pagado
PP-005363,O-005363,PR-01031,РАО «Крюков»,2025-08-27,90 días,2025-11-25,2025-09-13,4765.23,Pagado
PP-005364,O-005364,PR-01031,РАО «Крюков»,2025-07-17,90 días,2025-10-15,,7375.86,Pendiente
PP-005365,O-005365,PR-00459,ЗАО «Зыков Белозеров»,2025-08-24,60 días,2025-10-23,2025-09-08,1613.82,Pagado
PP-005366,O-005366,PR-01003,"АО «Копылов, Дорофеева и Гурьев»",2025-07-08,30 días,2025-08-07,2025-07-14,3272.44,Pagado
PP-005367,O-005367,PR-00681,Стрелков Инк,2025-07-16,30 días,2025-08-15,2025-07-18,10822.24,Pagado
PP-005368,O-005368,PR-00433,"НПО «Лапин, Зиновьев и Гришин»",2025-08-09,90 días,2025-11-07,2025-09-28,3391.29,Pagado
PP-005369,O-005369,PR-00434,НПО «Владимирова»,2025-08-25,90 días,2025-11-23,2025-10-24,1552.56,Pagado
PP-005370,O-005370,PR-01188,ИП «Романова-Шубин»,2025-07-19,90 días,2025-10-17,2025-08-31,3427.46,Pagado
PP-005371,O-005371,PR-00435,ООО «Ермакова Лихачева»,2025-08-19,90 días,2025-11-17,2025-10-13,8436.6,Pagado
PP-005372,O-005372,PR-00790,Фадеев Инк,2025-07-25,90 días,2025-10-23,,235.98,Pendiente
PP-005373,O-005373,PR-00437,АО «Власов Иванова»,2025-07-29,60 días,2025-09-27,,3259.96,Pendiente
PP-005374,O-005374,PR-00469,Пестова Лтд,2025-08-25,60 días,2025-10-24,2025-09-24,3785.88,Pagado
PP-005375,O-005375,PR-01077,РАО «Наумова»,2025-08-22,90 días,2025-11-20,,6877.2,Pendiente
PP-005376,O-005376,PR-01170,Ачимгаз,2025-08-09,90 días,2025-11-07,2025-09-06,2234.76,Pagado
PP-005377,O-005377,PR-00460,Сазонов Групп,2025-07-20,90 días,2025-10-18,2025-08-06,756.6,Pagado
PP-005378,O-005378,PR-00952,ООО «Иванова Кононова»,2025-07-01,Contado,2025-07-01,2025-07-01,2915.55,Pagado
PP-005379,O-005379,PR-01020,АО «Тарасов Гущина»,2025-07-18,60 días,2025-09-16,2025-08-21,3933.92,Pagado
PP-005380,O-005380,PR-00430,Красильников Инк,2025-08-19,90 días,2025-11-17,,8879.0,Pendiente
PP-005381,O-005381,PR-00757,ФортеИнвест,2025-07-23,Contado,2025-07-23,2025-07-23,862.16,Pagado
PP-005382,O-005382,PR-01229,РАО «Михайлова Казакова»,2025-07-08,30 días,2025-08-07,2025-07-11,3313.54,Pagado
PP-005383,O-005383,PR-01188,ИП «Романова-Шубин»,2025-07-25,90 días,2025-10-23,,757.64,Pendiente
PP-005384,O-005384,PR-01089,РАО «Молчанов-Шилова»,2025-08-07,60 días,2025-10-06,2025-09-17,5898.96,Pagado
PP-005385,O-005385,PR-00438,"АО «Молчанова, Ширяева и Аксенов»",2025-07-16,30 días,2025-08-15,2025-07-17,2987.0,Pagado
PP-005386,O-005386,PR-00466,"ИП «Афанасьев, Молчанов и Никифоров»",2025-08-01,Contado,2025-08-01,2025-08-01,813.13,Pagado
PP-005387,O-005387,PR-01370,ООО «Афанасьева Владимирова»,2025-07-28,60 días,2025-09-26,2025-09-12,1018.71,Pagado
PP-005388,O-005388,PR-00466,"ИП «Афанасьев, Молчанов и Никифоров»",2025-08-26,Contado,2025-08-26,2025-08-26,4239.46,Pagado
PP-005389,O-005389,PR-00467,Соллерс,2025-08-15,60 días,2025-10-14,2025-09-06,1281.5,Pagado
PP-005390,O-005390,PR-00467,Соллерс,2025-08-27,60 días,2025-10-26,2025-09-28,3872.7,Pagado
PP-005391,O-005391,PR-00469,Пестова Лтд,2025-07-27,60 días,2025-09-25,,1051.2,Pendiente
PP-005392,O-005392,PR-01077,РАО «Наумова»,2025-08-07,90 días,2025-11-05,2025-10-01,9833.12,Pagado
PP-005393,O-005393,PR-01170,Ачимгаз,2025-07-12,90 días,2025-10-10,2025-09-08,2092.54,Pagado
PP-005394,O-005394,PR-01003,"АО «Копылов, Дорофеева и Гурьев»",2025-07-12,30 días,2025-08-11,2025-07-12,1645.07,Pagado
PP-005395,O-005395,PR-01003,"АО «Копылов, Дорофеева и Гурьев»",2025-08-19,30 días,2025-09-18,,8129.1,Pendiente
PP-005396,O-005396,PR-01020,АО «Тарасов Гущина»,2025-08-02,60 días,2025-10-01,,9438.57,Pendiente
PP-005397,O-005397,PR-00433,"НПО «Лапин, Зиновьев и Гришин»",2025-07-29,90 días,2025-10-27,2025-09-21,11014.4,Pagado
PP-005398,O-005398,PR-00435,ООО «Ермакова Лихачева»,2025-08-25,90 días,2025-11-23,,13479.84,Pendiente
PP-005399,O-005399,PR-00438,"АО «Молчанова, Ширяева и Аксенов»",2025-07-10,30 días,2025-08-09,2025-08-03,499.32,Pagado
PP-005400,O-005400,PR-00468,ИП «Воронов»,2025-07-27,90 días,2025-10-25,2025-09-16,9280.81,Pagado
PP-005401,O-005401,PR-00469,Пестова Лтд,2025-07-02,60 días,2025-08-31,,1403.44,Pendiente
PP-005402,O-005402,PR-01077,РАО «Наумова»,2025-08-08,90 días,2025-11-06,2025-10-13,6938.25,Pagado
PP-005403,O-005403,PR-00459,ЗАО «Зыков Белозеров»,2025-08-20,60 días,2025-10-19,,9266.4,Pendiente
PP-005404,O-005404,PR-01020,АО «Тарасов Гущина»,2025-07-01,60 días,2025-08-30,,2417.58,Pendiente
PP-005405,O-005405,PR-00433,"НПО «Лапин, Зиновьев и Гришин»",2025-08-20,90 días,2025-11-18,2025-11-12,3628.8,Pagado
PP-005406,O-005406,PR-00436,ЗАО «Лихачев-Цветков»,2025-07-20,60 días,2025-09-18,,2603.72,Pendiente
PP-005407,O-005407,PR-01040,Металлсервис,2025-07-30,90 días,2025-10-28,,2801.6,Pendiente
PP-005408,O-005408,PR-00467,Соллерс,2025-08-15,60 días,2025-10-14,,3002.15,Pendiente
PP-005409,O-005409,PR-00468,ИП «Воронов»,2025-08-20,90 días,2025-11-18,2025-08-28,276.3,Pagado
PP-005410,O-005410,PR-00468,ИП «Воронов»,2025-08-05,90 días,2025-11-03,2025-10-04,2291.7,Pagado
PP-005411,O-005411,PR-00468,ИП «Воронов»,2025-07-07,90 días,2025-10-05,,3517.5,Pendiente
PP-005412,O-005412,PR-00456,Жукова Лимитед,2025-08-28,60 días,2025-10-27,2025-09-02,2992.85,Pagado
PP-005413,O-005413,PR-00458,"ИП «Ильина, Селезнева и Быкова»",2025-07-23,90 días,2025-10-21,2025-09-03,1807.5,Pagado
PP-005414,O-005414,PR-00459,ЗАО «Зыков Белозеров»,2025-07-15,60 días,2025-09-13,2025-07-28,4533.32,Pagado
PP-005415,O-005415,PR-00433,"НПО «Лапин, Зиновьев и Гришин»",2025-08-01,90 días,2025-10-30,,5493.28,Pendiente
PP-005416,O-005416,PR-01229,РАО «Михайлова Казакова»,2025-08-08,30 días,2025-09-07,,6492.99,Pendiente
PP-005417,O-005417,PR-01040,Металлсервис,2025-08-02,90 días,2025-10-31,2025-08-23,4497.35,Pagado
PP-005418,O-005418,PR-00638,НПО «Попова»,2025-07-08,60 días,2025-09-06,2025-09-01,7908.36,Pagado
PP-005419,O-005419,PR-00468,ИП «Воронов»,2025-08-22,90 días,2025-11-20,,7996.17,Pendiente
PP-005420,O-005420,PR-00469,Пестова Лтд,2025-07-15,60 días,2025-09-13,2025-08-11,11116.2,Pagado
PP-005421,O-005421,PR-00470,РАО «Лазарев Устинова»,2025-08-03,Contado,2025-08-03,2025-08-03,6403.96,Pagado
PP-005422,O-005422,PR-01170,Ачимгаз,2025-06-30,90 días,2025-09-28,2025-08-06,7563.78,Pagado
PP-005423,O-005423,PR-00459,ЗАО «Зыков Белозеров»,2025-08-09,60 días,2025-10-08,,2816.0,Pendiente
PP-005424,O-005424,PR-01476,РАО «Прохоров»,2025-08-20,90 días,2025-11-18,2025-10-07,1961.12,Pagado
PP-005425,O-005425,PR-01229,РАО «Михайлова Казакова»,2025-07-18,30 días,2025-08-17,,6372.5,Pendiente
PP-005426,O-005426,PR-00435,ООО «Ермакова Лихачева»,2025-08-12,90 días,2025-11-10,2025-09-02,275.94,Pagado
PP-005427,O-005427,PR-00790,Фадеев Инк,2025-08-28,90 días,2025-11-26,2025-09-20,3971.52,Pagado
PP-005428,O-005428,PR-01370,ООО «Афанасьева Владимирова»,2025-07-10,60 días,2025-09-08,2025-07-29,6732.0,Pagado
PP-005429,O-005429,PR-00467,Соллерс,2025-07-10,60 días,2025-09-08,2025-07-19,1355.64,Pagado
PP-005430,O-005430,PR-00467,Соллерс,2025-08-01,60 días,2025-09-30,2025-09-11,1466.0,Pagado
PP-005431,O-005431,PR-00467,Соллерс,2025-07-14,60 días,2025-09-12,2025-08-12,3200.31,Pagado
PP-005432,O-005432,PR-01248,НПО «Евдокимов»,2025-08-08,60 días,2025-10-07,2025-09-05,402.96,Pagado
PP-005433,O-005433,PR-00456,Жукова Лимитед,2025-08-11,60 días,2025-10-10,2025-09-30,3206.16,Pagado
PP-005434,O-005434,PR-01077,РАО «Наумова»,2025-08-05,90 días,2025-11-03,,1599.6,Pendiente
PP-005435,O-005435,PR-01286,АО «Тетерина»,2025-07-02,90 días,2025-09-30,,7600.95,Pendiente
PP-005436,O-005436,PR-00458,"ИП «Ильина, Селезнева и Быкова»",2025-07-25,90 días,2025-10-23,,2296.48,Pendiente
PP-005437,O-005437,PR-00459,ЗАО «Зыков Белозеров»,2025-07-09,60 días,2025-09-07,2025-08-30,1074.57,Pagado
PP-005438,O-005438,PR-00757,ФортеИнвест,2025-08-02,Contado,2025-08-02,2025-08-02,7686.91,Pagado
PP-005439,O-005439,PR-00757,ФортеИнвест,2025-07-10,Contado,2025-07-10,2025-07-10,9488.19,Pagado
PP-005440,O-005440,PR-00873,ИП «Фомичева-Александров»,2025-07-21,30 días,2025-08-20,2025-08-05,5224.32,Pagado
PP-005441,O-005441,PR-00431,Квадра,2025-07-31,30 días,2025-08-30,,7178.16,Pendiente
PP-005442,O-005442,PR-00433,"НПО «Лапин, Зиновьев и Гришин»",2025-07-24,90 días,2025-10-22,,583.95,Pendiente
PP-005443,O-005443,PR-00433,"НПО «Лапин, Зиновьев и Гришин»",2025-08-25,90 días,2025-11-23,,10039.6,Pendiente
PP-005444,O-005444,PR-01188,ИП «Романова-Шубин»,2025-08-01,90 días,2025-10-30,2025-10-20,12050.94,Pagado
PP-005445,O-005445,PR-00790,Фадеев Инк,2025-07-25,90 días,2025-10-23,2025-10-16,1684.55,Pagado
PP-005446,O-005446,PR-00437,АО «Власов Иванова»,2025-08-05,60 días,2025-10-04,2025-08-19,1831.81,Pagado
PP-005447,O-005447,PR-00437,АО «Власов Иванова»,2025-08-25,60 días,2025-10-24,2025-10-15,4814.35,Pagado
PP-005448,O-005448,PR-00437,АО «Власов Иванова»,2025-08-01,60 días,2025-09-30,2025-09-10,3139.5,Pagado
PP-005449,O-005449,PR-00438,"АО «Молчанова, Ширяева и Аксенов»",2025-08-20,30 días,2025-09-19,,11100.75,Pendiente
PP-005450,O-005450,PR-00438,"АО «Молчанова, Ширяева и Аксенов»",2025-07-20,30 días,2025-08-19,2025-08-06,7611.12,Pagado
PP-005451,O-005451,PR-00638,НПО «Попова»,2025-08-25,60 días,2025-10-24,,5509.67,Pendiente
PP-005452,O-005452,PR-01040,Металлсервис,2025-08-24,90 días,2025-11-22,2025-10-13,5936.56,Pagado
PP-005453,O-005453,PR-00469,Пестова Лтд,2025-07-26,60 días,2025-09-24,,2533.96,Pendiente
PP-005454,O-005454,PR-00458,"ИП «Ильина, Селезнева и Быкова»",2025-08-12,90 días,2025-11-10,2025-10-23,6869.8,Pagado
PP-005455,O-005455,PR-00887,ИП «Зиновьев Захаров»,2025-07-03,30 días,2025-08-02,,4389.91,Retrasado
PP-005456,O-005456,PR-00459,ЗАО «Зыков Белозеров»,2025-08-16,60 días,2025-10-15,,8009.55,Pendiente
PP-005457,O-005457,PR-00433,"НПО «Лапин, Зиновьев и Гришин»",2025-07-10,90 días,2025-10-08,,359.1,Pendiente
PP-005458,O-005458,PR-00433,"НПО «Лапин, Зиновьев и Гришин»",2025-08-14,90 días,2025-11-12,2025-09-25,5353.71,Pagado
PP-005459,O-005459,PR-00433,"НПО «Лапин, Зиновьев и Гришин»",2025-07-02,90 días,2025-09-30,,148.8,Pendiente
PP-005460,O-005460,PR-01370,ООО «Афанасьева Владимирова»,2025-08-04,60 días,2025-10-03,2025-09-30,2190.21,Pagado
PP-005461,O-005461,PR-01040,Металлсервис,2025-08-12,90 días,2025-11-10,2025-08-19,1178.65,Pagado
PP-005462,O-005462,PR-00469,Пестова Лтд,2025-08-05,60 días,2025-10-04,,1277.46,Pendiente
PP-005463,O-005463,PR-00470,РАО «Лазарев Устинова»,2025-07-16,Contado,2025-07-16,2025-07-16,395.76,Pagado
PP-005464,O-005464,PR-01248,НПО «Евдокимов»,2025-07-27,60 días,2025-09-25,2025-08-26,5622.52,Pagado
PP-005465,O-005465,PR-00456,Жукова Лимитед,2025-08-19,60 días,2025-10-18,2025-09-15,1038.2,Pagado
PP-005466,O-005466,PR-00459,ЗАО «Зыков Белозеров»,2025-07-10,60 días,2025-09-08,,1588.6,Pendiente
PP-005467,O-005467,PR-00460,Сазонов Групп,2025-07-17,90 días,2025-10-15,,3377.22,Pendiente
PP-005468,O-005468,PR-00952,ООО «Иванова Кононова»,2025-07-03,Contado,2025-07-03,,6804.96,Pendiente
PP-005469,O-005469,PR-00757,ФортеИнвест,2025-07-21,Contado,2025-07-21,2025-07-21,5009.84,Pagado
PP-005470,O-005470,PR-00434,НПО «Владимирова»,2025-07-05,90 días,2025-10-03,2025-07-13,4847.82,Pagado
PP-005471,O-005471,PR-00468,ИП «Воронов»,2025-07-01,90 días,2025-09-29,,8700.62,Pendiente
PP-005472,O-005472,PR-00468,ИП «Воронов»,2025-07-02,90 días,2025-09-30,2025-08-07,3072.68,Pagado
PP-005473,O-005473,PR-01077,РАО «Наумова»,2025-08-15,90 días,2025-11-13,,4005.13,Pendiente
PP-005474,O-005474,PR-01077,РАО «Наумова»,2025-07-11,90 días,2025-10-09,2025-09-12,6712.32,Pagado
PP-005475,O-005475,PR-00458,"ИП «Ильина, Селезнева и Быкова»",2025-07-26,90 días,2025-10-24,2025-10-08,2683.92,Pagado
PP-005476,O-005476,PR-00433,"НПО «Лапин, Зиновьев и Гришин»",2025-08-17,90 días,2025-11-15,,4822.8,Pendiente
PP-005477,O-005477,PR-01229,РАО «Михайлова Казакова»,2025-08-02,30 días,2025-09-01,2025-08-02,3944.02,Pagado
PP-005478,O-005478,PR-01188,ИП «Романова-Шубин»,2025-08-01,90 días,2025-10-30,,12203.73,Pendiente
PP-005479,O-005479,PR-00436,ЗАО «Лихачев-Цветков»,2025-07-31,60 días,2025-09-29,2025-08-04,2405.0,Pagado
PP-005480,O-005480,PR-00437,АО «Власов Иванова»,2025-07-30,60 días,2025-09-28,,7547.75,Pendiente
PP-005481,O-005481,PR-00438,"АО «Молчанова, Ширяева и Аксенов»",2025-08-19,30 días,2025-09-18,2025-09-02,6531.84,Pagado
PP-005482,O-005482,PR-00467,Соллерс,2025-07-14,60 días,2025-09-12,2025-08-27,375.2,Pagado
PP-005483,O-005483,PR-00468,ИП «Воронов»,2025-08-18,90 días,2025-11-16,2025-10-14,6186.88,Pagado
PP-005484,O-005484,PR-00469,Пестова Лтд,2025-07-03,60 días,2025-09-01,,577.0,Pendiente
PP-005485,O-005485,PR-00469,Пестова Лтд,2025-07-03,60 días,2025-09-01,2025-07-10,2716.74,Pagado
PP-005486,O-005486,PR-01077,РАО «Наумова»,2025-07-16,90 días,2025-10-14,2025-08-18,2780.39,Pagado
PP-005487,O-005487,PR-01077,РАО «Наумова»,2025-08-26,90 días,2025-11-24,,745.3,Pendiente
PP-005488,O-005488,PR-00432,АО «Калинин»,2025-07-30,60 días,2025-09-28,,2155.44,Pendiente
PP-005489,O-005489,PR-00433,"НПО «Лапин, Зиновьев и Гришин»",2025-08-15,90 días,2025-11-13,,1935.6,Pendiente
PP-005490,O-005490,PR-01229,РАО «Михайлова Казакова»,2025-07-03,30 días,2025-08-02,,11624.15,Retrasado
PP-005491,O-005491,PR-01229,РАО «Михайлова Казакова»,2025-08-23,30 días,2025-09-22,2025-08-31,12521.04,Pagado
PP-005492,O-005492,PR-00467,Соллерс,2025-08-26,60 días,2025-10-25,,2526.0,Pendiente
PP-005493,O-005493,PR-00887,ИП «Зиновьев Захаров»,2025-06-30,30 días,2025-07-30,2025-07-08,4502.74,Pagado
PP-005494,O-005494,PR-00887,ИП «Зиновьев Захаров»,2025-08-04,30 días,2025-09-03,,6882.02,Pendiente
PP-005495,O-005495,PR-01484,ООО «Михайлова»,2025-08-03,90 días,2025-11-01,2025-08-17,276.9,Pagado
PP-005496,O-005496,PR-00432,АО «Калинин»,2025-06-30,60 días,2025-08-29,2025-08-05,8740.15,Pagado
PP-005497,O-005497,PR-01188,ИП «Романова-Шубин»,2025-08-17,90 días,2025-11-15,,1094.94,Pendiente
PP-005498,O-005498,PR-01370,ООО «Афанасьева Владимирова»,2025-08-12,60 días,2025-10-11,,1266.5,Pendiente
PP-005499,O-005499,PR-00467,Соллерс,2025-07-02,60 días,2025-08-31,,1345.0,Pendiente
PP-005500,O-005500,PR-00467,Соллерс,2025-08-24,60 días,2025-10-23,,5757.0,Pendiente
PP-005501,O-005501,PR-00468,ИП «Воронов»,2025-08-21,90 días,2025-11-19,2025-10-29,6764.78,Pagado
PP-005502,O-005502,PR-01058,НПО «Кондратьева Абрамова»,2025-07-16,30 días,2025-08-15,2025-07-21,1255.54,Pagado
PP-005503,O-005503,PR-00729,ОАО «Емельянов-Зайцев»,2025-07-01,90 días,2025-09-29,,8585.68,Pendiente
PP-005504,O-005504,PR-00456,Жукова Лимитед,2025-07-08,60 días,2025-09-06,2025-07-09,8475.48,Pagado
PP-005505,O-005505,PR-00456,Жукова Лимитед,2025-08-09,60 días,2025-10-08,2025-08-16,7671.44,Pagado
PP-005506,O-005506,PR-00456,Жукова Лимитед,2025-08-27,60 días,2025-10-26,2025-10-09,3330.32,Pagado
PP-005507,O-005507,PR-00694,ПСМА Рус,2025-07-16,90 días,2025-10-14,2025-07-19,5307.84,Pagado
PP-005508,O-005508,PR-00459,ЗАО «Зыков Белозеров»,2025-07-14,60 días,2025-09-12,,694.08,Pendiente
PP-005509,O-005509,PR-00459,ЗАО «Зыков Белозеров»,2025-08-27,60 días,2025-10-26,2025-09-02,5062.08,Pagado
PP-005510,O-005510,PR-00459,ЗАО «Зыков Белозеров»,2025-08-15,60 días,2025-10-14,,3029.5,Pendiente
PP-005511,O-005511,PR-01098,ИП «Морозов-Пономарев»,2025-07-31,90 días,2025-10-29,,3227.7,Pendiente
PP-005512,O-005512,PR-00429,Марков Лимитед,2025-08-10,60 días,2025-10-09,,1646.04,Pendiente
PP-005513,O-005513,PR-00430,Красильников Инк,2025-08-21,90 días,2025-11-19,,11820.0,Pendiente
PP-005514,O-005514,PR-00873,ИП «Фомичева-Александров»,2025-07-10,30 días,2025-08-09,,7659.96,Retrasado
PP-005515,O-005515,PR-00432,АО «Калинин»,2025-08-24,60 días,2025-10-23,2025-09-05,5353.02,Pagado
PP-005516,O-005516,PR-00433,"НПО «Лапин, Зиновьев и Гришин»",2025-07-27,90 días,2025-10-25,,1049.76,Pendiente
PP-005517,O-005517,PR-00434,НПО «Владимирова»,2025-07-31,90 días,2025-10-29,2025-09-02,6990.4,Pagado
PP-005518,O-005518,PR-01104,Лапин и партнеры,2025-07-12,60 días,2025-09-10,2025-07-25,2257.19,Pagado
PP-005519,O-005519,PR-01077,РАО «Наумова»,2025-07-30,90 días,2025-10-28,2025-09-24,6448.28,Pagado
PP-005520,O-005520,PR-00457,ОАО «Абрамова-Соболева»,2025-08-06,30 días,2025-09-05,2025-08-27,4875.48,Pagado
PP-005521,O-005521,PR-01170,Ачимгаз,2025-08-25,90 días,2025-11-23,2025-09-05,2361.87,Pagado
PP-005522,O-005522,PR-01286,АО «Тетерина»,2025-07-08,90 días,2025-10-06,,8031.66,Pendiente
PP-005523,O-005523,PR-00459,ЗАО «Зыков Белозеров»,2025-07-01,60 días,2025-08-30,,457.45,Pendiente
PP-005524,O-005524,PR-00757,ФортеИнвест,2025-08-19,Contado,2025-08-19,2025-08-19,13583.78,Pagado
PP-005525,O-005525,PR-00433,"НПО «Лапин, Зиновьев и Гришин»",2025-07-02,90 días,2025-09-30,2025-08-22,10472.28,Pagado
PP-005526,O-005526,PR-00433,"НПО «Лапин, Зиновьев и Гришин»",2025-07-10,90 días,2025-10-08,2025-08-20,5519.28,Pagado
PP-005527,O-005527,PR-00466,"ИП «Афанасьев, Молчанов и Никифоров»",2025-07-17,Contado,2025-07-17,2025-07-17,9750.18,Pagado
PP-005528,O-005528,PR-00467,Соллерс,2025-08-17,60 días,2025-10-16,2025-09-29,6926.15,Pagado
PP-005529,O-005529,PR-00468,ИП «Воронов»,2025-07-15,90 días,2025-10-13,,1406.46,Pendiente
PP-005530,O-005530,PR-00469,Пестова Лтд,2025-08-25,60 días,2025-10-24,2025-10-22,7545.2,Pagado
PP-005531,O-005531,PR-00456,Жукова Лимитед,2025-08-06,60 días,2025-10-05,,8721.72,Pendiente
PP-005532,O-005532,PR-01077,РАО «Наумова»,2025-07-23,90 días,2025-10-21,2025-10-10,5054.4,Pagado
PP-005533,O-005533,PR-00887,ИП «Зиновьев Захаров»,2025-07-30,30 días,2025-08-29,2025-08-24,8975.54,Pagado
PP-005534,O-005534,PR-00459,ЗАО «Зыков Белозеров»,2025-08-09,60 días,2025-10-08,,8252.76,Pendiente
PP-005535,O-005535,PR-00460,Сазонов Групп,2025-07-24,90 días,2025-10-22,2025-07-24,3039.85,Pagado
PP-005536,O-005536,PR-00429,Марков Лимитед,2025-08-20,60 días,2025-10-19,,3101.75,Pendiente
PP-005537,O-005537,PR-01020,АО «Тарасов Гущина»,2025-08-10,60 días,2025-10-09,,9816.04,Pendiente
PP-005538,O-005538,PR-00430,Красильников Инк,2025-08-04,90 días,2025-11-02,2025-09-10,5640.14,Pagado
PP-005539,O-005539,PR-00873,ИП «Фомичева-Александров»,2025-07-28,30 días,2025-08-27,2025-08-02,76.7,Pagado
PP-005540,O-005540,PR-00873,ИП «Фомичева-Александров»,2025-06-30,30 días,2025-07-30,2025-07-23,5046.8,Pagado
PP-005541,O-005541,PR-01476,РАО «Прохоров»,2025-07-01,90 días,2025-09-29,2025-08-19,4214.52,Pagado
PP-005542,O-005542,PR-00433,"НПО «Лапин, Зиновьев и Гришин»",2025-08-12,90 días,2025-11-10,2025-09-27,2261.42,Pagado
PP-005543,O-005543,PR-00433,"НПО «Лапин, Зиновьев и Гришин»",2025-08-16,90 días,2025-11-14,,280.8,Pendiente
PP-005544,O-005544,PR-00466,"ИП «Афанасьев, Молчанов и Никифоров»",2025-08-25,Contado,2025-08-25,2025-08-25,384.78,Pagado
PP-005545,O-005545,PR-00467,Соллерс,2025-08-08,60 días,2025-10-07,2025-10-06,4013.1,Pagado
PP-005546,O-005546,PR-00456,Жукова Лимитед,2025-07-28,60 días,2025-09-26,2025-09-07,8042.65,Pagado
PP-005547,O-005547,PR-00458,"ИП «Ильина, Селезнева и Быкова»",2025-08-05,90 días,2025-11-03,,3043.68,Pendiente
PP-005548,O-005548,PR-01003,"АО «Копылов, Дорофеева и Гурьев»",2025-07-02,30 días,2025-08-01,2025-07-02,6931.91,Pagado
PP-005549,O-005549,PR-01144,"ИП «Киселева, Попов и Бобылев»",2025-07-12,90 días,2025-10-10,2025-07-25,8637.36,Pagado
PP-005550,O-005550,PR-00430,Красильников Инк,2025-07-09,90 días,2025-10-07,2025-09-09,2243.52,Pagado
PP-005551,O-005551,PR-00873,ИП «Фомичева-Александров»,2025-07-16,30 días,2025-08-15,,1506.05,Retrasado
PP-005552,O-005552,PR-01476,РАО «Прохоров»,2025-08-20,90 días,2025-11-18,,6710.55,Pendiente
PP-005553,O-005553,PR-00466,"ИП «Афанасьев, Молчанов и Никифоров»",2025-07-08,Contado,2025-07-08,2025-07-08,3077.69,Pagado
PP-005554,O-005554,PR-00467,Соллерс,2025-07-12,60 días,2025-09-10,,10817.36,Pendiente
PP-005555,O-005555,PR-00729,ОАО «Емельянов-Зайцев»,2025-07-13,90 días,2025-10-11,2025-08-19,4103.58,Pagado
PP-005556,O-005556,PR-01077,РАО «Наумова»,2025-08-21,90 días,2025-11-19,2025-09-20,2217.2,Pagado
PP-005557,O-005557,PR-01286,АО «Тетерина»,2025-07-07,90 días,2025-10-05,,4462.2,Pendiente
PP-005558,O-005558,PR-00457,ОАО «Абрамова-Соболева»,2025-08-17,30 días,2025-09-16,,2288.26,Pendiente
PP-005559,O-005559,PR-00459,ЗАО «Зыков Белозеров»,2025-07-02,60 días,2025-08-31,2025-08-05,11970.03,Pagado
PP-005560,O-005560,PR-00952,ООО «Иванова Кононова»,2025-07-23,Contado,2025-07-23,2025-07-23,4411.26,Pagado
PP-005561,O-005561,PR-00430,Красильников Инк,2025-07-18,90 días,2025-10-16,,253.44,Pendiente
PP-005562,O-005562,PR-00431,Квадра,2025-07-06,30 días,2025-08-05,,6771.61,Pendiente
PP-005563,O-005563,PR-00433,"НПО «Лапин, Зиновьев и Гришин»",2025-08-02,90 días,2025-10-31,,2620.8,Pendiente
PP-005564,O-005564,PR-00433,"НПО «Лапин, Зиновьев и Гришин»",2025-07-20,90 días,2025-10-18,2025-10-01,3526.2,Pagado
PP-005565,O-005565,PR-00456,Жукова Лимитед,2025-07-16,60 días,2025-09-14,2025-07-17,7308.24,Pagado
PP-005566,O-005566,PR-00887,ИП «Зиновьев Захаров»,2025-08-14,30 días,2025-09-13,2025-09-04,2225.44,Pagado
PP-005567,O-005567,PR-00757,ФортеИнвест,2025-07-16,Contado,2025-07-16,2025-07-16,9168.6,Pagado
PP-005568,O-005568,PR-00431,Квадра,2025-08-05,30 días,2025-09-04,2025-08-23,331.5,Pagado
PP-005569,O-005569,PR-00433,"НПО «Лапин, Зиновьев и Гришин»",2025-07-08,90 días,2025-10-06,,2525.04,Pendiente
PP-005570,O-005570,PR-01370,ООО «Афанасьева Владимирова»,2025-08-03,60 días,2025-10-02,,2565.72,Pendiente
PP-005571,O-005571,PR-00467,Соллерс,2025-08-01,60 días,2025-09-30,,7561.32,Pendiente
PP-005572,O-005572,PR-00468,ИП «Воронов»,2025-08-18,90 días,2025-11-16,,3232.65,Pendiente
PP-005573,O-005573,PR-00617,"ИП «Беспалов, Исаков и Власов»",2025-07-03,60 días,2025-09-01,2025-07-26,3335.94,Pagado
PP-005574,O-005574,PR-00429,Марков Лимитед,2025-07-23,60 días,2025-09-21,,1561.45,Pendiente
PP-005575,O-005575,PR-01020,АО «Тарасов Гущина»,2025-08-17,60 días,2025-10-16,2025-08-29,3289.6,Pagado
PP-005576,O-005576,PR-00430,Красильников Инк,2025-07-31,90 días,2025-10-29,2025-09-10,6101.2,Pagado
PP-005577,O-005577,PR-00431,Квадра,2025-08-16,30 días,2025-09-15,2025-08-16,8547.0,Pagado
PP-005578,O-005578,PR-00466,"ИП «Афанасьев, Молчанов и Никифоров»",2025-08-16,Contado,2025-08-16,2025-08-16,3066.93,Pagado
PP-005579,O-005579,PR-00467,Соллерс,2025-08-12,60 días,2025-10-11,2025-10-02,7351.65,Pagado
PP-005580,O-005580,PR-00459,ЗАО «Зыков Белозеров»,2025-07-02,60 días,2025-08-31,,1464.46,Pendiente
PP-005581,O-005581,PR-00681,Стрелков Инк,2025-06-30,30 días,2025-07-30,2025-07-01,2703.8,Pagado
PP-005582,O-005582,PR-01020,АО «Тарасов Гущина»,2025-08-22,60 días,2025-10-21,,720.06,Pendiente
PP-005583,O-005583,PR-01020,АО «Тарасов Гущина»,2025-07-30,60 días,2025-09-28,2025-09-22,9430.23,Pagado
PP-005584,O-005584,PR-00429,Марков Лимитед,2025-07-30,60 días,2025-09-28,2025-08-07,3304.6,Pagado
PP-005585,O-005585,PR-00433,"НПО «Лапин, Зиновьев и Гришин»",2025-07-24,90 días,2025-10-22,2025-09-21,1527.9,Pagado
PP-005586,O-005586,PR-00466,"ИП «Афанасьев, Молчанов и Никифоров»",2025-07-31,Contado,2025-07-31,2025-07-31,480.04,Pagado
PP-005587,O-005587,PR-00467,Соллерс,2025-07-14,60 días,2025-09-12,2025-07-20,3541.86,Pagado
PP-005588,O-005588,PR-00469,Пестова Лтд,2025-07-28,60 días,2025-09-26,,7947.44,Pendiente
PP-005589,O-005589,PR-00470,РАО «Лазарев Устинова»,2025-08-19,Contado,2025-08-19,2025-08-19,1568.16,Pagado
PP-005590,O-005590,PR-00429,Марков Лимитед,2025-07-15,60 días,2025-09-13,2025-07-15,9900.99,Pagado
PP-005591,O-005591,PR-00429,Марков Лимитед,2025-07-28,60 días,2025-09-26,2025-09-07,2429.24,Pagado
PP-005592,O-005592,PR-01476,РАО «Прохоров»,2025-07-06,90 días,2025-10-04,2025-07-18,2197.59,Pagado
PP-005593,O-005593,PR-01370,ООО «Афанасьева Владимирова»,2025-08-26,60 días,2025-10-25,2025-08-28,10580.01,Pagado
PP-005594,O-005594,PR-00638,НПО «Попова»,2025-08-15,60 días,2025-10-14,,501.02,Pendiente
PP-005595,O-005595,PR-00467,Соллерс,2025-08-03,60 días,2025-10-02,2025-09-30,743.04,Pagado
PP-005596,O-005596,PR-00468,ИП «Воронов»,2025-08-04,90 días,2025-11-02,,2880.24,Pendiente
PP-005597,O-005597,PR-00469,Пестова Лтд,2025-07-26,60 días,2025-09-24,2025-08-22,646.97,Pagado
PP-005598,O-005598,PR-00469,Пестова Лтд,2025-07-04,60 días,2025-09-02,2025-07-16,5146.24,Pagado
PP-005599,O-005599,PR-00458,"ИП «Ильина, Селезнева и Быкова»",2025-07-10,90 días,2025-10-08,2025-08-10,5088.1,Pagado
PP-005600,O-005600,PR-00887,ИП «Зиновьев Захаров»,2025-07-11,30 días,2025-08-10,2025-08-02,5711.55,Pagado
PP-005601,O-005601,PR-00887,ИП «Зиновьев Захаров»,2025-07-27,30 días,2025-08-26,2025-08-18,2510.2,Pagado
PP-005602,O-005602,PR-01144,"ИП «Киселева, Попов и Бобылев»",2025-08-27,90 días,2025-11-25,,3420.65,Pendiente
PP-005603,O-005603,PR-00430,Красильников Инк,2025-08-24,90 días,2025-11-22,2025-10-31,2118.9,Pagado
PP-005604,O-005604,PR-00873,ИП «Фомичева-Александров»,2025-07-19,30 días,2025-08-18,,613.89,Retrasado
PP-005605,O-005605,PR-00432,АО «Калинин»,2025-07-16,60 días,2025-09-14,2025-08-02,6090.64,Pagado
PP-005606,O-005606,PR-00433,"НПО «Лапин, Зиновьев и Гришин»",2025-08-17,90 días,2025-11-15,2025-08-20,11393.92,Pagado
PP-005607,O-005607,PR-00467,Соллерс,2025-08-17,60 días,2025-10-16,2025-08-31,2979.0,Pagado
PP-005608,O-005608,PR-00467,Соллерс,2025-08-16,60 días,2025-10-15,2025-08-28,517.92,Pagado
PP-005609,O-005609,PR-00468,ИП «Воронов»,2025-07-20,90 días,2025-10-18,2025-09-22,3230.85,Pagado
PP-005610,O-005610,PR-00469,Пестова Лтд,2025-07-13,60 días,2025-09-11,,1894.32,Pendiente
PP-005611,O-005611,PR-00469,Пестова Лтд,2025-07-06,60 días,2025-09-04,,6789.12,Pendiente
PP-005612,O-005612,PR-01104,Лапин и партнеры,2025-08-26,60 días,2025-10-25,,3682.52,Pendiente
PP-005613,O-005613,PR-01077,РАО «Наумова»,2025-07-31,90 días,2025-10-29,,3447.0,Pendiente
PP-005614,O-005614,PR-01286,АО «Тетерина»,2025-08-19,90 días,2025-11-17,,445.12,Pendiente
PP-005615,O-005615,PR-00757,ФортеИнвест,2025-07-11,Contado,2025-07-11,2025-07-11,1498.31,Pagado
PP-005616,O-005616,PR-00431,Квадра,2025-07-25,30 días,2025-08-24,2025-08-20,8383.95,Pagado
PP-005617,O-005617,PR-00431,Квадра,2025-07-04,30 días,2025-08-03,2025-07-07,5445.66,Pagado
PP-005618,O-005618,PR-01476,РАО «Прохоров»,2025-08-24,90 días,2025-11-22,,1542.8,Pendiente
PP-005619,O-005619,PR-00467,Соллерс,2025-07-30,60 días,2025-09-28,2025-08-28,6856.08,Pagado
PP-005620,O-005620,PR-00469,Пестова Лтд,2025-07-06,60 días,2025-09-04,,3640.02,Pendiente
PP-005621,O-005621,PR-00887,ИП «Зиновьев Захаров»,2025-07-15,30 días,2025-08-14,2025-07-31,5556.06,Pagado
PP-005622,O-005622,PR-00429,Марков Лимитед,2025-07-14,60 días,2025-09-12,,3652.27,Pendiente
PP-005623,O-005623,PR-01476,РАО «Прохоров»,2025-07-22,90 días,2025-10-20,,2578.76,Pendiente
PP-005624,O-005624,PR-01476,РАО «Прохоров»,2025-07-15,90 días,2025-10-13,,1566.76,Pendiente
PP-005625,O-005625,PR-00433,"НПО «Лапин, Зиновьев и Гришин»",2025-07-10,90 días,2025-10-08,,7895.8,Pendiente
PP-005626,O-005626,PR-00468,ИП «Воронов»,2025-08-28,90 días,2025-11-26,,11326.2,Pendiente
PP-005627,O-005627,PR-00469,Пестова Лтд,2025-07-07,60 días,2025-09-05,,365.49,Pendiente
PP-005628,O-005628,PR-00469,Пестова Лтд,2025-07-24,60 días,2025-09-22,2025-08-10,12591.04,Pagado
PP-005629,O-005629,PR-01077,РАО «Наумова»,2025-07-11,90 días,2025-10-09,,9460.1,Pendiente
PP-005630,O-005630,PR-00694,ПСМА Рус,2025-08-24,90 días,2025-11-22,2025-09-14,115.5,Pagado
PP-005631,O-005631,PR-01484,ООО «Михайлова»,2025-07-15,90 días,2025-10-13,2025-07-22,372.32,Pagado
PP-005632,O-005632,PR-01484,ООО «Михайлова»,2025-07-03,90 días,2025-10-01,2025-07-16,1255.54,Pagado
PP-005633,O-005633,PR-00757,ФортеИнвест,2025-08-11,Contado,2025-08-11,2025-08-11,789.6,Pagado
PP-005634,O-005634,PR-00468,ИП «Воронов»,2025-08-06,90 días,2025-11-04,2025-08-06,7697.0,Pagado
PP-005635,O-005635,PR-00468,ИП «Воронов»,2025-08-27,90 días,2025-11-25,,6311.52,Pendiente
PP-005636,O-005636,PR-01286,АО «Тетерина»,2025-08-03,90 días,2025-11-01,2025-09-02,317.04,Pagado
PP-005637,O-005637,PR-00457,ОАО «Абрамова-Соболева»,2025-08-22,30 días,2025-09-21,,3057.84,Pendiente
PP-005638,O-005638,PR-01286,АО «Тетерина»,2025-08-07,90 días,2025-11-05,2025-11-01,10984.05,Pagado
PP-005639,O-005639,PR-00458,"ИП «Ильина, Селезнева и Быкова»",2025-08-26,90 días,2025-11-24,2025-11-20,4342.48,Pagado
PP-005640,O-005640,PR-01484,ООО «Михайлова»,2025-07-06,90 días,2025-10-04,,7719.03,Pendiente
PP-005641,O-005641,PR-00887,ИП «Зиновьев Захаров»,2025-08-06,30 días,2025-09-05,2025-08-19,523.64,Pagado
PP-005642,O-005642,PR-00460,Сазонов Групп,2025-07-27,90 días,2025-10-25,,4355.27,Pendiente
PP-005643,O-005643,PR-00757,ФортеИнвест,2025-08-18,Contado,2025-08-18,2025-08-18,3267.55,Pagado
PP-005644,O-005644,PR-00433,"НПО «Лапин, Зиновьев и Гришин»",2025-07-23,90 días,2025-10-21,,399.7,Pendiente
PP-005645,O-005645,PR-00514,"Rodriguez, Contreras and Mclean",2025-08-09,30 días,2025-09-08,,838.39,Pendiente
PP-005646,O-005646,PR-00514,"Rodriguez, Contreras and Mclean",2025-07-02,30 días,2025-08-01,2025-07-29,1743.7,Pagado
PP-005647,O-005647,PR-00514,"Rodriguez, Contreras and Mclean",2025-07-13,30 días,2025-08-12,2025-07-29,3010.93,Pagado
PP-005648,O-005648,PR-00516,Kramer LLC,2025-07-16,60 días,2025-09-14,,3489.81,Pendiente
PP-005649,O-005649,PR-00517,"Klein, Boyd and Martinez",2025-06-30,60 días,2025-08-29,,280.84,Pendiente
PP-005650,O-005650,PR-00503,Castro-Estrada,2025-08-16,30 días,2025-09-15,,8130.45,Pendiente
PP-005651,O-005651,PR-00505,Decker-Howell,2025-07-04,60 días,2025-09-02,2025-07-08,3348.54,Pagado
PP-005652,O-005652,PR-01150,"Reyes, Wood and Martinez",2025-08-09,90 días,2025-11-07,2025-11-01,7248.15,Pagado
PP-005653,O-005653,PR-00722,Walker-Mendoza,2025-08-17,90 días,2025-11-15,2025-10-29,5368.44,Pagado
PP-005654,O-005654,PR-00479,Jackson LLC,2025-07-19,90 días,2025-10-17,2025-10-11,4238.08,Pagado
PP-005655,O-005655,PR-00484,"Burton, Sullivan and Garrett",2025-07-04,Contado,2025-07-04,2025-07-04,2319.52,Pagado
PP-005656,O-005656,PR-00484,"Burton, Sullivan and Garrett",2025-07-04,Contado,2025-07-04,2025-07-04,4504.0,Pagado
PP-005657,O-005657,PR-01482,"Jones, Patterson and Anderson",2025-08-09,60 días,2025-10-08,2025-08-12,8794.56,Pagado
PP-005658,O-005658,PR-01083,Banks Ltd,2025-08-11,30 días,2025-09-10,,1663.68,Pendiente
PP-005659,O-005659,PR-01083,Banks Ltd,2025-07-05,30 días,2025-08-04,2025-07-21,3201.89,Pagado
PP-005660,O-005660,PR-01036,Sweeney-Rivas,2025-07-09,60 días,2025-09-07,2025-08-19,554.88,Pagado
PP-005661,O-005661,PR-00510,Mejia Inc,2025-08-11,90 días,2025-11-09,2025-11-08,8061.35,Pagado
PP-005662,O-005662,PR-00756,"Anderson, Morgan and Garcia",2025-07-31,30 días,2025-08-30,,3976.65,Pendiente
PP-005663,O-005663,PR-00486,Perez Ltd,2025-08-20,60 días,2025-10-19,,966.9,Pendiente
PP-005664,O-005664,PR-00472,Jensen LLC,2025-07-13,60 días,2025-09-11,2025-07-17,2760.03,Pagado
PP-005665,O-005665,PR-00474,Jones-Pierce,2025-07-28,60 días,2025-09-26,,8621.58,Pendiente
PP-005666,O-005666,PR-00820,Pruitt-Coffey,2025-07-29,Contado,2025-07-29,2025-07-29,5589.3,Pagado
PP-005667,O-005667,PR-00475,"Smith, Perez and Acosta",2025-08-14,90 días,2025-11-12,2025-08-24,8204.2,Pagado
PP-005668,O-005668,PR-00494,Short PLC,2025-08-24,60 días,2025-10-23,2025-09-22,4126.13,Pagado
PP-005669,O-005669,PR-00495,Ellis Inc,2025-07-09,30 días,2025-08-08,2025-07-15,770.0,Pagado
PP-005670,O-005670,PR-01076,Jarvis-Lewis,2025-08-02,60 días,2025-10-01,2025-08-16,7297.25,Pagado
PP-005671,O-005671,PR-01076,Jarvis-Lewis,2025-07-08,60 días,2025-09-06,2025-08-21,1645.91,Pagado
PP-005672,O-005672,PR-01076,Jarvis-Lewis,2025-07-09,60 días,2025-09-07,2025-08-21,7843.92,Pagado
PP-005673,O-005673,PR-00496,Morales-Brown,2025-08-08,30 días,2025-09-07,,2934.69,Pendiente
PP-005674,O-005674,PR-00775,Cruz and Sons,2025-08-15,90 días,2025-11-13,2025-09-12,4960.14,Pagado
PP-005675,O-005675,PR-00498,Bentley-Brady,2025-07-29,60 días,2025-09-27,,2775.84,Pendiente
PP-005676,O-005676,PR-00499,Young Ltd,2025-07-09,90 días,2025-10-07,,9832.8,Pendiente
PP-005677,O-005677,PR-01124,"Gibbs, Webster and Walker",2025-08-26,60 días,2025-10-25,,4645.5,Pendiente
PP-005678,O-005678,PR-01124,"Gibbs, Webster and Walker",2025-07-12,60 días,2025-09-10,2025-08-29,6307.43,Pagado
PP-005679,O-005679,PR-00501,Nguyen Ltd,2025-08-10,90 días,2025-11-08,,9439.29,Pendiente
PP-005680,O-005680,PR-00982,"Fuller, Gray and Jennings",2025-07-29,60 días,2025-09-27,,2679.84,Pendiente
PP-005681,O-005681,PR-00514,"Rodriguez, Contreras and Mclean",2025-07-22,30 días,2025-08-21,2025-07-22,3886.64,Pagado
PP-005682,O-005682,PR-00517,"Klein, Boyd and Martinez",2025-08-02,60 días,2025-10-01,,4455.96,Pendiente
PP-005683,O-005683,PR-00503,Castro-Estrada,2025-08-13,30 días,2025-09-12,2025-09-04,5421.1,Pagado
PP-005684,O-005684,PR-00504,"Reyes, Wade and Campbell",2025-08-15,30 días,2025-09-14,2025-08-15,2945.93,Pagado
PP-005685,O-005685,PR-00722,Walker-Mendoza,2025-08-01,90 días,2025-10-30,,5663.32,Pendiente
PP-005686,O-005686,PR-00477,Hoover-Gentry,2025-08-27,60 días,2025-10-26,,2170.98,Pendiente
PP-005687,O-005687,PR-00478,Collins-Bailey,2025-07-13,60 días,2025-09-11,2025-08-23,689.85,Pagado
PP-005688,O-005688,PR-00482,"Richards, Smith and Buck",2025-07-03,90 días,2025-10-01,,774.0,Pendiente
PP-005689,O-005689,PR-01139,Whitehead LLC,2025-08-08,90 días,2025-11-06,,7875.04,Pendiente
PP-005690,O-005690,PR-00482,"Richards, Smith and Buck",2025-07-23,90 días,2025-10-21,,6932.22,Pendiente
PP-005691,O-005691,PR-00804,Parrish-Gonzalez,2025-07-06,60 días,2025-09-04,2025-07-26,3301.0,Pagado
PP-005692,O-005692,PR-00667,"Beard, Black and Williams",2025-08-25,60 días,2025-10-24,2025-09-04,380.36,Pagado
PP-005693,O-005693,PR-01235,Davidson Ltd,2025-07-14,60 días,2025-09-12,,1281.69,Pendiente
PP-005694,O-005694,PR-00486,Perez Ltd,2025-07-28,60 días,2025-09-26,2025-07-29,660.66,Pagado
PP-005695,O-005695,PR-00488,"Ortega, Acosta and Martin",2025-08-06,90 días,2025-11-04,2025-08-06,13518.12,Pagado
PP-005696,O-005696,PR-00490,Huffman-Kane,2025-08-03,90 días,2025-11-01,,13792.52,Pendiente
PP-005697,O-005697,PR-00471,"Griffith, Wood and Campbell",2025-08-17,90 días,2025-11-15,2025-10-10,6366.6,Pagado
PP-005698,O-005698,PR-00472,Jensen LLC,2025-08-05,60 días,2025-10-04,2025-08-27,2953.72,Pagado
PP-005699,O-005699,PR-00475,"Smith, Perez and Acosta",2025-07-27,90 días,2025-10-25,,13076.7,Pendiente
PP-005700,O-005700,PR-00475,"Smith, Perez and Acosta",2025-08-27,90 días,2025-11-25,,3326.01,Pendiente
PP-005701,O-005701,PR-00948,"Gutierrez, Stephens and Buck",2025-08-23,90 días,2025-11-21,2025-10-03,8653.56,Pagado
PP-005702,O-005702,PR-00491,Jones-Patel,2025-08-12,Contado,2025-08-12,,12504.5,Retrasado
PP-005703,O-005703,PR-00486,Perez Ltd,2025-07-03,60 días,2025-09-01,2025-07-18,2881.31,Pagado
PP-005704,O-005704,PR-01235,Davidson Ltd,2025-08-16,60 días,2025-10-15,2025-09-18,5161.87,Pagado
PP-005705,O-005705,PR-00486,Perez Ltd,2025-07-01,60 días,2025-08-30,2025-08-13,7200.72,Pagado
PP-005706,O-005706,PR-00495,Ellis Inc,2025-07-15,30 días,2025-08-14,,2237.73,Pendiente
PP-005707,O-005707,PR-00775,Cruz and Sons,2025-07-19,90 días,2025-10-17,,12141.22,Pendiente
PP-005708,O-005708,PR-00498,Bentley-Brady,2025-08-06,60 días,2025-10-05,,4380.9,Pendiente
PP-005709,O-005709,PR-00499,Young Ltd,2025-08-08,90 días,2025-11-06,,7235.2,Pendiente
PP-005710,O-005710,PR-01330,"Foley, Freeman and Miller",2025-07-30,90 días,2025-10-28,2025-09-02,1113.28,Pagado
PP-005711,O-005711,PR-01124,"Gibbs, Webster and Walker",2025-08-22,60 días,2025-10-21,,4662.92,Pendiente
PP-005712,O-005712,PR-01124,"Gibbs, Webster and Walker",2025-08-21,60 días,2025-10-20,,4040.19,Pendiente
PP-005713,O-005713,PR-00500,Camacho and Sons,2025-07-21,30 días,2025-08-20,2025-07-24,9723.12,Pagado
PP-005714,O-005714,PR-00501,Nguyen Ltd,2025-07-09,90 días,2025-10-07,2025-08-16,88.04,Pagado
PP-005715,O-005715,PR-00514,"Rodriguez, Contreras and Mclean",2025-08-22,30 días,2025-09-21,,1394.36,Pendiente
PP-005716,O-005716,PR-00515,"Williams, Perez and Mathews",2025-07-28,90 días,2025-10-26,2025-08-22,753.79,Pagado
PP-005717,O-005717,PR-00712,"Robertson, Bishop and Burke",2025-08-05,Contado,2025-08-05,2025-08-05,5888.46,Pagado
PP-005718,O-005718,PR-00515,"Williams, Perez and Mathews",2025-07-29,90 días,2025-10-27,,4104.81,Pendiente
PP-005719,O-005719,PR-00516,Kramer LLC,2025-07-13,60 días,2025-09-11,2025-09-03,10064.25,Pagado
PP-005720,O-005720,PR-01204,Mann Inc,2025-08-12,90 días,2025-11-10,2025-08-23,2641.65,Pagado
PP-005721,O-005721,PR-00503,Castro-Estrada,2025-08-21,30 días,2025-09-20,,6478.92,Pendiente
PP-005722,O-005722,PR-01270,Krause PLC,2025-08-19,90 días,2025-11-17,,5495.35,Pendiente
PP-005723,O-005723,PR-00504,"Reyes, Wade and Campbell",2025-08-13,30 días,2025-09-12,,5419.5,Pendiente
PP-005724,O-005724,PR-01168,Petersen-Sullivan,2025-07-03,60 días,2025-09-01,2025-08-16,4546.64,Pagado
PP-005725,O-005725,PR-01187,"Ho, Mendez and Smith",2025-08-26,60 días,2025-10-25,2025-09-02,1521.12,Pagado
PP-005726,O-005726,PR-01139,Whitehead LLC,2025-08-07,90 días,2025-11-05,2025-08-27,3578.07,Pagado
PP-005727,O-005727,PR-00483,"Hall, Garcia and Farley",2025-07-02,60 días,2025-08-31,,3376.76,Pendiente
PP-005728,O-005728,PR-01173,Wilson-Booth,2025-08-12,90 días,2025-11-10,,855.36,Pendiente
PP-005729,O-005729,PR-00484,"Burton, Sullivan and Garrett",2025-08-20,Contado,2025-08-20,2025-08-20,5293.29,Pagado
PP-005730,O-005730,PR-00485,Wright-Freeman,2025-08-09,60 días,2025-10-08,2025-10-05,2436.81,Pagado
PP-005731,O-005731,PR-00511,Cruz Group,2025-08-01,30 días,2025-08-31,,9141.3,Pendiente
PP-005732,O-005732,PR-00511,Cruz Group,2025-08-08,30 días,2025-09-07,,4104.3,Pendiente
PP-005733,O-005733,PR-00494,Short PLC,2025-07-31,60 días,2025-09-29,,4715.04,Pendiente
PP-005734,O-005734,PR-00486,Perez Ltd,2025-08-08,60 días,2025-10-07,2025-10-03,4556.8,Pagado
PP-005735,O-005735,PR-01308,Wood LLC,2025-08-04,90 días,2025-11-02,2025-09-21,6410.88,Pagado
PP-005736,O-005736,PR-00487,Mullins-Johnson,2025-07-23,60 días,2025-09-21,2025-09-18,4060.8,Pagado
PP-005737,O-005737,PR-00777,Robinson-Smith,2025-07-23,90 días,2025-10-21,,4066.4,Pendiente
PP-005738,O-005738,PR-01449,Bartlett-Chandler,2025-07-26,90 días,2025-10-24,2025-10-03,6811.49,Pagado
PP-005739,O-005739,PR-01449,Bartlett-Chandler,2025-08-07,90 días,2025-11-05,,5467.48,Pendiente
PP-005740,O-005740,PR-00490,Huffman-Kane,2025-07-07,90 días,2025-10-05,2025-09-04,7252.1,Pagado
PP-005741,O-005741,PR-01150,"Reyes, Wood and Martinez",2025-07-24,90 días,2025-10-22,,4813.16,Pendiente
PP-005742,O-005742,PR-00506,Rowe-Woods,2025-07-25,60 días,2025-09-23,2025-08-05,2313.78,Pagado
PP-005743,O-005743,PR-01105,Moore-Weber,2025-08-26,30 días,2025-09-25,,1643.76,Pendiente
PP-005744,O-005744,PR-00476,Combs-Giles,2025-08-16,30 días,2025-09-15,,334.08,Pendiente
PP-005745,O-005745,PR-01271,Nelson-Torres,2025-07-22,30 días,2025-08-21,2025-08-12,13956.18,Pagado
PP-005746,O-005746,PR-00477,Hoover-Gentry,2025-07-05,60 días,2025-09-03,2025-07-06,5668.2,Pagado
PP-005747,O-005747,PR-01323,Parker-Walsh,2025-07-31,60 días,2025-09-29,,440.91,Pendiente
PP-005748,O-005748,PR-00479,Jackson LLC,2025-08-25,90 días,2025-11-23,2025-11-13,1379.53,Pagado
PP-005749,O-005749,PR-01438,Schmidt Ltd,2025-08-11,30 días,2025-09-10,2025-08-19,136.24,Pagado
PP-005750,O-005750,PR-01173,Wilson-Booth,2025-07-13,90 días,2025-10-11,2025-08-12,6942.39,Pagado
PP-005751,O-005751,PR-01482,"Jones, Patterson and Anderson",2025-07-06,60 días,2025-09-04,,6566.56,Pendiente
PP-005752,O-005752,PR-01359,"Olson, Rose and Roberts",2025-07-19,90 días,2025-10-17,,10371.6,Pendiente
PP-005753,O-005753,PR-01362,"Robertson, Mitchell and Morgan",2025-08-16,90 días,2025-11-14,2025-09-24,6665.36,Pagado
PP-005754,O-005754,PR-00487,Mullins-Johnson,2025-08-27,60 días,2025-10-26,2025-09-04,2677.5,Pagado
PP-005755,O-005755,PR-01308,Wood LLC,2025-08-23,90 días,2025-11-21,,1549.6,Pendiente
PP-005756,O-005756,PR-01392,"Matthews, Dixon and Patterson",2025-07-09,60 días,2025-09-07,2025-08-21,4984.44,Pagado
PP-005757,O-005757,PR-01444,Chapman and Sons,2025-07-05,90 días,2025-10-03,,4161.0,Pendiente
PP-005758,O-005758,PR-00982,"Fuller, Gray and Jennings",2025-08-20,60 días,2025-10-19,2025-10-10,1594.77,Pagado
PP-005759,O-005759,PR-00514,"Rodriguez, Contreras and Mclean",2025-07-25,30 días,2025-08-24,,1051.92,Retrasado
PP-005760,O-005760,PR-00505,Decker-Howell,2025-08-26,60 días,2025-10-25,2025-10-22,1144.32,Pagado
PP-005761,O-005761,PR-00722,Walker-Mendoza,2025-07-23,90 días,2025-10-21,,1494.83,Pendiente
PP-005762,O-005762,PR-00476,Combs-Giles,2025-07-24,30 días,2025-08-23,2025-07-27,3980.4,Pagado
PP-005763,O-005763,PR-01271,Nelson-Torres,2025-07-13,30 días,2025-08-12,2025-07-29,2485.35,Pagado
PP-005764,O-005764,PR-00480,"Huang, Moore and Powell",2025-07-03,30 días,2025-08-02,2025-07-15,8282.34,Pagado
PP-005765,O-005765,PR-00480,"Huang, Moore and Powell",2025-07-19,30 días,2025-08-18,,1050.64,Pendiente
PP-005766,O-005766,PR-01450,Lopez Inc,2025-07-19,90 días,2025-10-17,2025-08-01,6473.0,Pagado
PP-005767,O-005767,PR-00512,"Barber, King and Morris",2025-07-31,60 días,2025-09-29,2025-09-03,367.36,Pagado
PP-005768,O-005768,PR-00486,Perez Ltd,2025-07-24,60 días,2025-09-22,,3844.5,Pendiente
PP-005769,O-005769,PR-00486,Perez Ltd,2025-07-17,60 días,2025-09-15,2025-07-19,13772.15,Pagado
PP-005770,O-005770,PR-00766,Osborne and Sons,2025-07-19,60 días,2025-09-17,,10430.37,Pendiente
PP-005771,O-005771,PR-00489,Bell PLC,2025-08-14,90 días,2025-11-12,2025-10-08,3787.56,Pagado
PP-005772,O-005772,PR-01449,Bartlett-Chandler,2025-08-16,90 días,2025-11-14,2025-08-24,10728.9,Pagado
PP-005773,O-005773,PR-00712,"Robertson, Bishop and Burke",2025-08-03,Contado,2025-08-03,2025-08-03,5246.8,Pagado
PP-005774,O-005774,PR-00515,"Williams, Perez and Mathews",2025-07-11,90 días,2025-10-09,2025-09-16,5799.78,Pagado
PP-005775,O-005775,PR-00712,"Robertson, Bishop and Burke",2025-07-01,Contado,2025-07-01,2025-07-01,3457.44,Pagado
PP-005776,O-005776,PR-00516,Kramer LLC,2025-07-18,60 días,2025-09-16,,10590.84,Pendiente
PP-005777,O-005777,PR-00517,"Klein, Boyd and Martinez",2025-07-22,60 días,2025-09-20,,4106.31,Pendiente
PP-005778,O-005778,PR-00503,Castro-Estrada,2025-08-23,30 días,2025-09-22,,1305.36,Pendiente
PP-005779,O-005779,PR-00503,Castro-Estrada,2025-07-14,30 días,2025-08-13,,3791.02,Retrasado
PP-005780,O-005780,PR-00503,Castro-Estrada,2025-07-16,30 días,2025-08-15,2025-08-09,6937.26,Pagado
PP-005781,O-005781,PR-00505,Decker-Howell,2025-07-14,60 días,2025-09-12,2025-08-23,862.62,Pagado
PP-005782,O-005782,PR-00506,Rowe-Woods,2025-07-01,60 días,2025-08-30,,469.99,Pendiente
PP-005783,O-005783,PR-00507,Ward-Nelson,2025-07-26,30 días,2025-08-25,2025-08-10,3565.99,Pagado
PP-005784,O-005784,PR-00507,Ward-Nelson,2025-07-11,30 días,2025-08-10,2025-07-31,5113.8,Pagado
PP-005785,O-005785,PR-00476,Combs-Giles,2025-07-06,30 días,2025-08-05,2025-08-04,4475.26,Pagado
PP-005786,O-005786,PR-01249,"Dixon, Benitez and Serrano",2025-07-22,60 días,2025-09-20,2025-09-18,896.22,Pagado
PP-005787,O-005787,PR-00482,"Richards, Smith and Buck",2025-07-26,90 días,2025-10-24,2025-08-07,2476.43,Pagado
PP-005788,O-005788,PR-00482,"Richards, Smith and Buck",2025-08-15,90 días,2025-11-13,,5323.2,Pendiente
PP-005789,O-005789,PR-00485,Wright-Freeman,2025-08-11,60 días,2025-10-10,,5997.64,Pendiente
PP-005790,O-005790,PR-01482,"Jones, Patterson and Anderson",2025-07-30,60 días,2025-09-28,,13162.0,Pendiente
PP-005791,O-005791,PR-01362,"Robertson, Mitchell and Morgan",2025-07-06,90 días,2025-10-04,2025-07-30,12989.27,Pagado
PP-005792,O-005792,PR-00756,"Anderson, Morgan and Garcia",2025-08-23,30 días,2025-09-22,2025-09-18,640.32,Pagado
PP-005793,O-005793,PR-01235,Davidson Ltd,2025-07-30,60 días,2025-09-28,,1999.8,Pendiente
PP-005794,O-005794,PR-00487,Mullins-Johnson,2025-07-11,60 días,2025-09-09,2025-07-31,278.04,Pagado
PP-005795,O-005795,PR-00982,"Fuller, Gray and Jennings",2025-07-21,60 días,2025-09-19,,7392.33,Pendiente
PP-005796,O-005796,PR-00514,"Rodriguez, Contreras and Mclean",2025-07-27,30 días,2025-08-26,2025-07-28,3784.05,Pagado
PP-005797,O-005797,PR-00514,"Rodriguez, Contreras and Mclean",2025-07-26,30 días,2025-08-25,2025-08-19,1229.15,Pagado
PP-005798,O-005798,PR-00514,"Rodriguez, Contreras and Mclean",2025-08-13,30 días,2025-09-12,2025-09-08,249.9,Pagado
PP-005799,O-005799,PR-00514,"Rodriguez, Contreras and Mclean",2025-08-01,30 días,2025-08-31,,2727.27,Pendiente
PP-005800,O-005800,PR-00826,"Bell, Johnson and Mcbride",2025-07-05,30 días,2025-08-04,2025-07-14,4183.32,Pagado
PP-005801,O-005801,PR-00826,"Bell, Johnson and Mcbride",2025-07-20,30 días,2025-08-19,2025-07-28,1440.8,Pagado
PP-005802,O-005802,PR-00826,"Bell, Johnson and Mcbride",2025-07-15,30 días,2025-08-14,2025-08-01,7386.68,Pagado
PP-005803,O-005803,PR-01150,"Reyes, Wood and Martinez",2025-07-12,90 días,2025-10-10,,5860.32,Pendiente
PP-005804,O-005804,PR-01105,Moore-Weber,2025-08-14,30 días,2025-09-13,,2055.76,Pendiente
PP-005805,O-005805,PR-00476,Combs-Giles,2025-07-11,30 días,2025-08-10,2025-07-21,2305.84,Pagado
PP-005806,O-005806,PR-01271,Nelson-Torres,2025-08-28,30 días,2025-09-27,2025-09-20,4003.2,Pagado
PP-005807,O-005807,PR-01114,Palmer Ltd,2025-08-13,60 días,2025-10-12,2025-08-13,3069.36,Pagado
PP-005808,O-005808,PR-00481,"Morris, Johnson and Silva",2025-07-04,90 días,2025-10-02,,242.56,Pendiente
PP-005809,O-005809,PR-00481,"Morris, Johnson and Silva",2025-08-15,90 días,2025-11-13,,6192.56,Pendiente
PP-005810,O-005810,PR-01139,Whitehead LLC,2025-07-26,90 días,2025-10-24,,5036.07,Pendiente
PP-005811,O-005811,PR-00482,"Richards, Smith and Buck",2025-08-28,90 días,2025-11-26,2025-09-02,8851.2,Pagado
PP-005812,O-005812,PR-01411,Thomas Group,2025-08-03,60 días,2025-10-02,2025-09-27,4878.25,Pagado
PP-005813,O-005813,PR-00801,"Williams, Carson and Sawyer",2025-07-01,Contado,2025-07-01,2025-07-01,9661.08,Pagado
PP-005814,O-005814,PR-00766,Osborne and Sons,2025-08-16,60 días,2025-10-15,2025-10-02,10023.86,Pagado
PP-005815,O-005815,PR-01235,Davidson Ltd,2025-07-02,60 días,2025-08-31,2025-08-19,1847.94,Pagado
PP-005816,O-005816,PR-01392,"Matthews, Dixon and Patterson",2025-08-01,60 días,2025-09-30,,1329.05,Pendiente
PP-005817,O-005817,PR-01392,"Matthews, Dixon and Patterson",2025-08-09,60 días,2025-10-08,2025-09-26,1982.88,Pagado
PP-005818,O-005818,PR-00490,Huffman-Kane,2025-07-22,90 días,2025-10-20,2025-09-16,1676.16,Pagado
PP-005819,O-005819,PR-01094,Sanchez PLC,2025-07-11,60 días,2025-09-09,2025-07-11,977.34,Pagado
PP-005820,O-005820,PR-00982,"Fuller, Gray and Jennings",2025-07-24,60 días,2025-09-22,,2083.4,Pendiente
PP-005821,O-005821,PR-01204,Mann Inc,2025-07-01,90 días,2025-09-29,,2188.92,Pendiente
PP-005822,O-005822,PR-01270,Krause PLC,2025-07-02,90 días,2025-09-30,,10650.42,Pendiente
PP-005823,O-005823,PR-00505,Decker-Howell,2025-07-10,60 días,2025-09-08,2025-08-13,2794.08,Pagado
PP-005824,O-005824,PR-00507,Ward-Nelson,2025-08-12,30 días,2025-09-11,,4649.3,Pendiente
PP-005825,O-005825,PR-01271,Nelson-Torres,2025-07-17,30 días,2025-08-16,2025-08-05,709.17,Pagado
PP-005826,O-005826,PR-00478,Collins-Bailey,2025-07-26,60 días,2025-09-24,,6727.95,Pendiente
PP-005827,O-005827,PR-00480,"Huang, Moore and Powell",2025-08-02,30 días,2025-09-01,,5598.92,Pendiente
PP-005828,O-005828,PR-01187,"Ho, Mendez and Smith",2025-08-13,60 días,2025-10-12,2025-08-18,8026.2,Pagado
PP-005829,O-005829,PR-00481,"Morris, Johnson and Silva",2025-08-28,90 días,2025-11-26,,4454.83,Pendiente
PP-005830,O-005830,PR-01438,Schmidt Ltd,2025-07-29,30 días,2025-08-28,2025-07-29,1265.69,Pagado
PP-005831,O-005831,PR-00484,"Burton, Sullivan and Garrett",2025-08-25,Contado,2025-08-25,2025-08-25,5444.53,Pagado
PP-005832,O-005832,PR-00720,Anderson-Owens,2025-07-19,30 días,2025-08-18,2025-07-29,12952.0,Pagado
PP-005833,O-005833,PR-00510,Mejia Inc,2025-08-01,90 días,2025-10-30,,8589.24,Pendiente
PP-005834,O-005834,PR-00875,Santos-Lopez,2025-07-22,30 días,2025-08-21,2025-08-17,12187.83,Pagado
PP-005835,O-005835,PR-00487,Mullins-Johnson,2025-07-30,60 días,2025-09-28,2025-09-01,4000.37,Pagado
PP-005836,O-005836,PR-00487,Mullins-Johnson,2025-07-01,60 días,2025-08-30,,718.74,Pendiente
PP-005837,O-005837,PR-00487,Mullins-Johnson,2025-07-31,60 días,2025-09-29,,3418.0,Pendiente
PP-005838,O-005838,PR-01094,Sanchez PLC,2025-07-31,60 días,2025-09-29,2025-09-28,1734.98,Pagado
PP-005839,O-005839,PR-00712,"Robertson, Bishop and Burke",2025-07-07,Contado,2025-07-07,2025-07-07,4785.3,Pagado
PP-005840,O-005840,PR-00515,"Williams, Perez and Mathews",2025-08-17,90 días,2025-11-15,,8827.92,Pendiente
PP-005841,O-005841,PR-00517,"Klein, Boyd and Martinez",2025-08-22,60 días,2025-10-21,2025-10-17,368.16,Pagado
PP-005842,O-005842,PR-00503,Castro-Estrada,2025-07-17,30 días,2025-08-16,2025-08-13,334.2,Pagado
PP-005843,O-005843,PR-00504,"Reyes, Wade and Campbell",2025-07-05,30 días,2025-08-04,2025-07-11,8212.4,Pagado
PP-005844,O-005844,PR-01150,"Reyes, Wood and Martinez",2025-07-13,90 días,2025-10-11,,3090.74,Pendiente
PP-005845,O-005845,PR-00476,Combs-Giles,2025-08-21,30 días,2025-09-20,2025-09-12,9794.8,Pagado
PP-005846,O-005846,PR-01271,Nelson-Torres,2025-07-21,30 días,2025-08-20,,7028.28,Retrasado
PP-005847,O-005847,PR-01278,Garcia Ltd,2025-07-30,60 días,2025-09-28,2025-09-11,10883.4,Pagado
PP-005848,O-005848,PR-01187,"Ho, Mendez and Smith",2025-07-28,60 días,2025-09-26,2025-08-27,811.44,Pagado
PP-005849,O-005849,PR-00483,"Hall, Garcia and Farley",2025-08-07,60 días,2025-10-06,2025-08-19,926.84,Pagado
PP-005850,O-005850,PR-01438,Schmidt Ltd,2025-07-11,30 días,2025-08-10,2025-07-13,4210.59,Pagado
PP-005851,O-005851,PR-01438,Schmidt Ltd,2025-08-24,30 días,2025-09-23,,8496.0,Pendiente
PP-005852,O-005852,PR-00779,Patterson Inc,2025-07-09,60 días,2025-09-07,,2690.88,Pendiente
PP-005853,O-005853,PR-00511,Cruz Group,2025-07-26,30 días,2025-08-25,2025-07-26,7016.96,Pagado
PP-005854,O-005854,PR-00667,"Beard, Black and Williams",2025-08-23,60 días,2025-10-22,,1112.5,Pendiente
PP-005855,O-005855,PR-00512,"Barber, King and Morris",2025-08-06,60 días,2025-10-05,,1895.84,Pendiente
PP-005856,O-005856,PR-00487,Mullins-Johnson,2025-07-24,60 días,2025-09-22,2025-07-28,6559.22,Pagado
PP-005857,O-005857,PR-00488,"Ortega, Acosta and Martin",2025-08-13,90 días,2025-11-11,,5700.24,Pendiente
PP-005858,O-005858,PR-00513,"Hernandez, Davidson and Lopez",2025-07-19,90 días,2025-10-17,2025-10-01,10702.08,Pagado
PP-005859,O-005859,PR-00513,"Hernandez, Davidson and Lopez",2025-08-25,90 días,2025-11-23,,13434.24,Pendiente
PP-005860,O-005860,PR-00514,"Rodriguez, Contreras and Mclean",2025-07-06,30 días,2025-08-05,2025-07-12,8903.3,Pagado
PP-005861,O-005861,PR-00514,"Rodriguez, Contreras and Mclean",2025-08-06,30 días,2025-09-05,,2139.8,Pendiente
PP-005862,O-005862,PR-00515,"Williams, Perez and Mathews",2025-08-10,90 días,2025-11-08,2025-09-17,4383.09,Pagado
PP-005863,O-005863,PR-00826,"Bell, Johnson and Mcbride",2025-07-23,30 días,2025-08-22,2025-08-21,2143.68,Pagado
PP-005864,O-005864,PR-01204,Mann Inc,2025-07-11,90 días,2025-10-09,2025-09-10,7183.09,Pagado
PP-005865,O-005865,PR-00503,Castro-Estrada,2025-08-17,30 días,2025-09-16,2025-08-19,1984.74,Pagado
PP-005866,O-005866,PR-00503,Castro-Estrada,2025-08-11,30 días,2025-09-10,,3703.29,Pendiente
PP-005867,O-005867,PR-01270,Krause PLC,2025-08-05,90 días,2025-11-03,2025-09-16,4742.15,Pagado
PP-005868,O-005868,PR-01270,Krause PLC,2025-08-19,90 días,2025-11-17,2025-10-03,11996.1,Pagado
PP-005869,O-005869,PR-01150,"Reyes, Wood and Martinez",2025-08-05,90 días,2025-11-03,2025-10-16,2158.22,Pagado
PP-005870,O-005870,PR-01150,"Reyes, Wood and Martinez",2025-07-31,90 días,2025-10-29,2025-10-17,2989.28,Pagado
PP-005871,O-005871,PR-01105,Moore-Weber,2025-08-24,30 días,2025-09-23,,207.68,Pendiente
PP-005872,O-005872,PR-00476,Combs-Giles,2025-07-22,30 días,2025-08-21,,1262.89,Retrasado
PP-005873,O-005873,PR-01187,"Ho, Mendez and Smith",2025-07-11,60 días,2025-09-09,2025-09-08,7582.17,Pagado
PP-005874,O-005874,PR-00480,"Huang, Moore and Powell",2025-08-13,30 días,2025-09-12,2025-09-08,3521.28,Pagado
PP-005875,O-005875,PR-00481,"Morris, Johnson and Silva",2025-07-05,90 días,2025-10-03,2025-09-30,4423.32,Pagado
PP-005876,O-005876,PR-00508,Potter LLC,2025-07-25,90 días,2025-10-23,2025-08-18,4616.43,Pagado
PP-005877,O-005877,PR-00801,"Williams, Carson and Sawyer",2025-07-16,Contado,2025-07-16,2025-07-16,6521.88,Pagado
PP-005878,O-005878,PR-00494,Short PLC,2025-07-14,60 días,2025-09-12,2025-08-19,931.32,Pagado
PP-005879,O-005879,PR-00494,Short PLC,2025-08-16,60 días,2025-10-15,,2810.5,Pendiente
PP-005880,O-005880,PR-00487,Mullins-Johnson,2025-08-12,60 días,2025-10-11,,849.24,Pendiente
PP-005881,O-005881,PR-00488,"Ortega, Acosta and Martin",2025-08-01,90 días,2025-10-30,,2719.36,Pendiente
PP-005882,O-005882,PR-01392,"Matthews, Dixon and Patterson",2025-08-25,60 días,2025-10-24,,6404.85,Pendiente
PP-005883,O-005883,PR-01392,"Matthews, Dixon and Patterson",2025-07-10,60 días,2025-09-08,2025-08-02,5063.96,Pagado
PP-005884,O-005884,PR-01444,Chapman and Sons,2025-07-05,90 días,2025-10-03,2025-09-29,2786.19,Pagado
PP-005885,O-005885,PR-01444,Chapman and Sons,2025-08-13,90 días,2025-11-11,2025-09-10,2558.92,Pagado
PP-005886,O-005886,PR-00490,Huffman-Kane,2025-08-25,90 días,2025-11-23,,2262.38,Pendiente
PP-005887,O-005887,PR-00898,Garrison LLC,2025-08-12,60 días,2025-10-11,,1208.19,Pendiente
PP-005888,O-005888,PR-00898,Garrison LLC,2025-07-18,60 días,2025-09-16,,6785.28,Pendiente
PP-005889,O-005889,PR-00514,"Rodriguez, Contreras and Mclean",2025-07-06,30 días,2025-08-05,,11109.9,Pendiente
PP-005890,O-005890,PR-00514,"Rodriguez, Contreras and Mclean",2025-07-10,30 días,2025-08-09,2025-07-15,4386.96,Pagado
PP-005891,O-005891,PR-00514,"Rodriguez, Contreras and Mclean",2025-07-23,30 días,2025-08-22,2025-08-15,5358.96,Pagado
PP-005892,O-005892,PR-00515,"Williams, Perez and Mathews",2025-07-08,90 días,2025-10-06,2025-08-20,1445.36,Pagado
PP-005893,O-005893,PR-01204,Mann Inc,2025-07-17,90 días,2025-10-15,,1528.92,Pendiente
PP-005894,O-005894,PR-00517,"Klein, Boyd and Martinez",2025-08-13,60 días,2025-10-12,,8755.32,Pendiente
PP-005895,O-005895,PR-00504,"Reyes, Wade and Campbell",2025-07-17,30 días,2025-08-16,2025-08-10,1964.2,Pagado
PP-005896,O-005896,PR-01150,"Reyes, Wood and Martinez",2025-07-01,90 días,2025-09-29,2025-07-30,6215.0,Pagado
PP-005897,O-005897,PR-00507,Ward-Nelson,2025-07-19,30 días,2025-08-18,2025-08-12,3630.0,Pagado
PP-005898,O-005898,PR-00507,Ward-Nelson,2025-07-02,30 días,2025-08-01,2025-07-15,8098.97,Pagado
PP-005899,O-005899,PR-00479,Jackson LLC,2025-07-06,90 días,2025-10-04,,190.96,Pendiente
PP-005900,O-005900,PR-01187,"Ho, Mendez and Smith",2025-08-08,60 días,2025-10-07,2025-09-30,10247.16,Pagado
PP-005901,O-005901,PR-00482,"Richards, Smith and Buck",2025-07-23,90 días,2025-10-21,2025-09-06,4285.98,Pagado
PP-005902,O-005902,PR-00484,"Burton, Sullivan and Garrett",2025-07-04,Contado,2025-07-04,2025-07-04,4711.62,Pagado
PP-005903,O-005903,PR-01173,Wilson-Booth,2025-07-09,90 días,2025-10-07,,4417.56,Pendiente
PP-005904,O-005904,PR-00898,Garrison LLC,2025-07-14,60 días,2025-09-12,,828.87,Pendiente
PP-005905,O-005905,PR-00982,"Fuller, Gray and Jennings",2025-07-17,60 días,2025-09-15,2025-09-07,7174.96,Pagado
PP-005906,O-005906,PR-00513,"Hernandez, Davidson and Lopez",2025-07-23,90 días,2025-10-21,,637.4,Pendiente
PP-005907,O-005907,PR-00514,"Rodriguez, Contreras and Mclean",2025-08-09,30 días,2025-09-08,2025-08-27,9080.4,Pagado
PP-005908,O-005908,PR-00503,Castro-Estrada,2025-07-15,30 días,2025-08-14,2025-07-17,3995.56,Pagado
PP-005909,O-005909,PR-01270,Krause PLC,2025-07-27,90 días,2025-10-25,2025-09-18,6733.02,Pagado
PP-005910,O-005910,PR-00504,"Reyes, Wade and Campbell",2025-07-03,30 días,2025-08-02,,2299.92,Retrasado
PP-005911,O-005911,PR-00722,Walker-Mendoza,2025-08-14,90 días,2025-11-12,2025-10-27,2610.2,Pagado
PP-005912,O-005912,PR-00476,Combs-Giles,2025-07-04,30 días,2025-08-03,,9928.58,Retrasado
PP-005913,O-005913,PR-01323,Parker-Walsh,2025-08-13,60 días,2025-10-12,2025-08-18,7017.65,Pagado
PP-005914,O-005914,PR-00478,Collins-Bailey,2025-08-02,60 días,2025-10-01,,3821.2,Pendiente
PP-005915,O-005915,PR-01187,"Ho, Mendez and Smith",2025-08-28,60 días,2025-10-27,,2474.24,Pendiente
PP-005916,O-005916,PR-00481,"Morris, Johnson and Silva",2025-08-18,90 días,2025-11-16,2025-09-26,3684.16,Pagado
PP-005917,O-005917,PR-01438,Schmidt Ltd,2025-06-30,30 días,2025-07-30,,1558.99,Pendiente
PP-005918,O-005918,PR-00483,"Hall, Garcia and Farley",2025-08-10,60 días,2025-10-09,,1090.4,Pendiente
PP-005919,O-005919,PR-01411,Thomas Group,2025-07-22,60 días,2025-09-20,2025-08-25,1049.4,Pagado
PP-005920,O-005920,PR-00898,Garrison LLC,2025-08-15,60 días,2025-10-14,,10516.8,Pendiente
PP-005921,O-005921,PR-00513,"Hernandez, Davidson and Lopez",2025-08-13,90 días,2025-11-11,2025-10-23,916.4,Pagado
PP-005922,O-005922,PR-00712,"Robertson, Bishop and Burke",2025-08-12,Contado,2025-08-12,2025-08-12,7021.85,Pagado
PP-005923,O-005923,PR-01204,Mann Inc,2025-08-19,90 días,2025-11-17,2025-10-19,6397.63,Pagado
PP-005924,O-005924,PR-00516,Kramer LLC,2025-07-08,60 días,2025-09-06,,2864.4,Pendiente
PP-005925,O-005925,PR-00517,"Klein, Boyd and Martinez",2025-08-21,60 días,2025-10-20,2025-09-01,2054.16,Pagado
PP-005926,O-005926,PR-00517,"Klein, Boyd and Martinez",2025-07-24,60 días,2025-09-22,2025-08-06,8697.15,Pagado
PP-005927,O-005927,PR-01150,"Reyes, Wood and Martinez",2025-07-19,90 días,2025-10-17,,7891.5,Pendiente
PP-005928,O-005928,PR-01150,"Reyes, Wood and Martinez",2025-08-09,90 días,2025-11-07,2025-09-29,7508.93,Pagado
PP-005929,O-005929,PR-00722,Walker-Mendoza,2025-07-07,90 días,2025-10-05,,1616.95,Pendiente
PP-005930,O-005930,PR-01105,Moore-Weber,2025-08-02,30 días,2025-09-01,,4859.25,Pendiente
PP-005931,O-005931,PR-01105,Moore-Weber,2025-07-21,30 días,2025-08-20,2025-08-10,6141.33,Pagado
PP-005932,O-005932,PR-00476,Combs-Giles,2025-07-30,30 días,2025-08-29,,1661.7,Pendiente
PP-005933,O-005933,PR-00477,Hoover-Gentry,2025-08-03,60 días,2025-10-02,,1877.4,Pendiente
PP-005934,O-005934,PR-01168,Petersen-Sullivan,2025-08-12,60 días,2025-10-11,2025-09-21,2861.95,Pagado
PP-005935,O-005935,PR-00478,Collins-Bailey,2025-06-30,60 días,2025-08-29,2025-08-14,6146.28,Pagado
PP-005936,O-005936,PR-01114,Palmer Ltd,2025-07-24,60 días,2025-09-22,2025-08-07,774.9,Pagado
PP-005937,O-005937,PR-01187,"Ho, Mendez and Smith",2025-07-10,60 días,2025-09-08,,262.08,Pendiente
PP-005938,O-005938,PR-01438,Schmidt Ltd,2025-08-09,30 días,2025-09-08,2025-09-05,1606.95,Pagado
PP-005939,O-005939,PR-00484,"Burton, Sullivan and Garrett",2025-07-20,Contado,2025-07-20,2025-07-20,2324.08,Pagado
PP-005940,O-005940,PR-00484,"Burton, Sullivan and Garrett",2025-08-04,Contado,2025-08-04,,3046.84,Retrasado
PP-005941,O-005941,PR-00513,"Hernandez, Davidson and Lopez",2025-07-14,90 días,2025-10-12,,8621.2,Pendiente
PP-005942,O-005942,PR-00513,"Hernandez, Davidson and Lopez",2025-08-27,90 días,2025-11-25,,8074.8,Pendiente
PP-005943,O-005943,PR-00514,"Rodriguez, Contreras and Mclean",2025-08-22,30 días,2025-09-21,,3421.47,Pendiente
PP-005944,O-005944,PR-00514,"Rodriguez, Contreras and Mclean",2025-07-16,30 días,2025-08-15,,119.34,Retrasado
PP-005945,O-005945,PR-00515,"Williams, Perez and Mathews",2025-08-21,90 días,2025-11-19,,2166.32,Pendiente
PP-005946,O-005946,PR-00712,"Robertson, Bishop and Burke",2025-07-27,Contado,2025-07-27,2025-07-27,3147.76,Pagado
PP-005947,O-005947,PR-00516,Kramer LLC,2025-07-07,60 días,2025-09-05,2025-08-22,9579.96,Pagado
PP-005948,O-005948,PR-00503,Castro-Estrada,2025-08-27,30 días,2025-09-26,,1914.75,Pendiente
PP-005949,O-005949,PR-00504,"Reyes, Wade and Campbell",2025-07-28,30 días,2025-08-27,,1545.0,Pendiente
PP-005950,O-005950,PR-00504,"Reyes, Wade and Campbell",2025-07-02,30 días,2025-08-01,2025-07-04,478.92,Pagado
PP-005951,O-005951,PR-01150,"Reyes, Wood and Martinez",2025-07-16,90 días,2025-10-14,,1996.65,Pendiente
PP-005952,O-005952,PR-00507,Ward-Nelson,2025-07-25,30 días,2025-08-24,2025-08-18,2885.82,Pagado
PP-005953,O-005953,PR-00476,Combs-Giles,2025-08-08,30 días,2025-09-07,,1824.24,Pendiente
PP-005954,O-005954,PR-00476,Combs-Giles,2025-07-29,30 días,2025-08-28,,1027.0,Pendiente
PP-005955,O-005955,PR-00477,Hoover-Gentry,2025-08-21,60 días,2025-10-20,2025-08-31,11289.32,Pagado
PP-005956,O-005956,PR-00479,Jackson LLC,2025-07-09,90 días,2025-10-07,,4798.16,Pendiente
PP-005957,O-005957,PR-00481,"Morris, Johnson and Silva",2025-08-11,90 días,2025-11-09,,2988.09,Pendiente
PP-005958,O-005958,PR-00482,"Richards, Smith and Buck",2025-07-28,90 días,2025-10-26,2025-09-10,6329.85,Pagado
PP-005959,O-005959,PR-00482,"Richards, Smith and Buck",2025-08-27,90 días,2025-11-25,2025-10-04,841.5,Pagado
PP-005960,O-005960,PR-01139,Whitehead LLC,2025-07-09,90 días,2025-10-07,2025-10-03,8871.87,Pagado
PP-005961,O-005961,PR-01438,Schmidt Ltd,2025-08-05,30 días,2025-09-04,,7571.2,Pendiente
PP-005962,O-005962,PR-01411,Thomas Group,2025-07-16,60 días,2025-09-14,2025-08-06,5831.28,Pagado
PP-005963,O-005963,PR-01411,Thomas Group,2025-07-06,60 días,2025-09-04,,2143.75,Pendiente
PP-005964,O-005964,PR-00514,"Rodriguez, Contreras and Mclean",2025-07-16,30 días,2025-08-15,2025-07-29,4092.22,Pagado
PP-005965,O-005965,PR-00712,"Robertson, Bishop and Burke",2025-07-11,Contado,2025-07-11,2025-07-11,2976.82,Pagado
PP-005966,O-005966,PR-00515,"Williams, Perez and Mathews",2025-08-01,90 días,2025-10-30,,2052.0,Pendiente
PP-005967,O-005967,PR-00712,"Robertson, Bishop and Burke",2025-07-09,Contado,2025-07-09,,2371.7,Retrasado
PP-005968,O-005968,PR-00826,"Bell, Johnson and Mcbride",2025-07-01,30 días,2025-07-31,,233.23,Retrasado
PP-005969,O-005969,PR-01270,Krause PLC,2025-08-26,90 días,2025-11-24,,3460.58,Pendiente
PP-005970,O-005970,PR-00505,Decker-Howell,2025-08-06,60 días,2025-10-05,,10657.5,Pendiente
PP-005971,O-005971,PR-01150,"Reyes, Wood and Martinez",2025-07-08,90 días,2025-10-06,,3900.73,Pendiente
PP-005972,O-005972,PR-00722,Walker-Mendoza,2025-07-06,90 días,2025-10-04,,1633.45,Pendiente
PP-005973,O-005973,PR-00722,Walker-Mendoza,2025-07-26,90 días,2025-10-24,,2934.08,Pendiente
PP-005974,O-005974,PR-00476,Combs-Giles,2025-07-11,30 días,2025-08-10,2025-07-23,4360.77,Pagado
PP-005975,O-005975,PR-00476,Combs-Giles,2025-07-10,30 días,2025-08-09,,2403.2,Pendiente
PP-005976,O-005976,PR-01114,Palmer Ltd,2025-07-12,60 días,2025-09-10,,3319.68,Pendiente
PP-005977,O-005977,PR-00482,"Richards, Smith and Buck",2025-07-01,90 días,2025-09-29,2025-08-09,5321.82,Pagado
PP-005978,O-005978,PR-00483,"Hall, Garcia and Farley",2025-08-18,60 días,2025-10-17,2025-08-25,2119.95,Pagado
PP-005979,O-005979,PR-01411,Thomas Group,2025-08-18,60 días,2025-10-17,2025-10-15,906.0,Pagado
PP-005980,O-005980,PR-00898,Garrison LLC,2025-08-12,60 días,2025-10-11,2025-10-05,3286.85,Pagado
PP-005981,O-005981,PR-00982,"Fuller, Gray and Jennings",2025-07-14,60 días,2025-09-12,2025-09-10,3793.78,Pagado
PP-005982,O-005982,PR-00503,Castro-Estrada,2025-07-25,30 días,2025-08-24,2025-08-20,8974.93,Pagado
PP-005983,O-005983,PR-01270,Krause PLC,2025-07-29,90 días,2025-10-27,,4950.93,Pendiente
PP-005984,O-005984,PR-01150,"Reyes, Wood and Martinez",2025-08-10,90 días,2025-11-08,2025-09-01,749.76,Pagado
PP-005985,O-005985,PR-01150,"Reyes, Wood and Martinez",2025-08-16,90 días,2025-11-14,,4670.12,Pendiente
PP-005986,O-005986,PR-00506,Rowe-Woods,2025-08-20,60 días,2025-10-19,2025-09-10,7264.95,Pagado
PP-005987,O-005987,PR-01105,Moore-Weber,2025-07-07,30 días,2025-08-06,2025-07-14,8017.8,Pagado
PP-005988,O-005988,PR-01105,Moore-Weber,2025-08-10,30 días,2025-09-09,2025-09-07,4504.75,Pagado
PP-005989,O-005989,PR-00476,Combs-Giles,2025-08-09,30 días,2025-09-08,2025-09-05,914.1,Pagado
PP-005990,O-005990,PR-00478,Collins-Bailey,2025-07-18,60 días,2025-09-16,2025-08-14,711.48,Pagado
PP-005991,O-005991,PR-01168,Petersen-Sullivan,2025-08-22,60 días,2025-10-21,,470.82,Pendiente
PP-005992,O-005992,PR-01249,"Dixon, Benitez and Serrano",2025-08-24,60 días,2025-10-23,2025-09-10,2269.85,Pagado
PP-005993,O-005993,PR-01278,Garcia Ltd,2025-07-17,60 días,2025-09-15,,7103.7,Pendiente
PP-005994,O-005994,PR-01114,Palmer Ltd,2025-08-14,60 días,2025-10-13,,8795.58,Pendiente
PP-005995,O-005995,PR-00480,"Huang, Moore and Powell",2025-08-12,30 días,2025-09-11,,10916.88,Pendiente
PP-005996,O-005996,PR-00481,"Morris, Johnson and Silva",2025-07-21,90 días,2025-10-19,,8618.88,Pendiente
PP-005997,O-005997,PR-00482,"Richards, Smith and Buck",2025-07-10,90 días,2025-10-08,,11175.8,Pendiente
PP-005998,O-005998,PR-00517,"Klein, Boyd and Martinez",2025-08-14,60 días,2025-10-13,,11167.58,Pendiente
PP-005999,O-005999,PR-00517,"Klein, Boyd and Martinez",2025-08-20,60 días,2025-10-19,2025-10-09,2615.08,Pagado
PP-006000,O-006000,PR-00503,Castro-Estrada,2025-08-14,30 días,2025-09-13,,459.2,Pendiente
PP-006001,O-006001,PR-00505,Decker-Howell,2025-07-10,60 días,2025-09-08,,5315.37,Pendiente
PP-006002,O-006002,PR-00722,Walker-Mendoza,2025-07-14,90 días,2025-10-12,2025-10-10,12933.12,Pagado
PP-006003,O-006003,PR-00476,Combs-Giles,2025-08-13,30 días,2025-09-12,2025-08-29,1911.0,Pagado
PP-006004,O-006004,PR-00478,Collins-Bailey,2025-08-09,60 días,2025-10-08,2025-09-02,9173.91,Pagado
PP-006005,O-006005,PR-01323,Parker-Walsh,2025-08-23,60 días,2025-10-22,,7487.8,Pendiente
PP-006006,O-006006,PR-00482,"Richards, Smith and Buck",2025-08-03,90 días,2025-11-01,2025-08-29,209.04,Pagado
PP-006007,O-006007,PR-01438,Schmidt Ltd,2025-08-18,30 días,2025-09-17,,8104.05,Pendiente
PP-006008,O-006008,PR-01132,Walters Group,2025-08-14,Contado,2025-08-14,2025-08-14,2142.84,Pagado
PP-006009,O-006009,PR-00513,"Hernandez, Davidson and Lopez",2025-08-20,90 días,2025-11-18,,9556.04,Pendiente
PP-006010,O-006010,PR-00898,Garrison LLC,2025-08-11,60 días,2025-10-10,2025-08-30,2608.03,Pagado
PP-006011,O-006011,PR-00517,"Klein, Boyd and Martinez",2025-07-04,60 días,2025-09-02,,1964.48,Pendiente
PP-006012,O-006012,PR-00476,Combs-Giles,2025-08-26,30 días,2025-09-25,,6685.56,Pendiente
PP-006013,O-006013,PR-00478,Collins-Bailey,2025-08-09,60 días,2025-10-08,2025-08-26,1103.85,Pagado
PP-006014,O-006014,PR-01249,"Dixon, Benitez and Serrano",2025-07-21,60 días,2025-09-19,,2507.68,Pendiente
PP-006015,O-006015,PR-01187,"Ho, Mendez and Smith",2025-08-06,60 días,2025-10-05,,4378.35,Pendiente
PP-006016,O-006016,PR-00480,"Huang, Moore and Powell",2025-07-25,30 días,2025-08-24,2025-07-30,910.71,Pagado
PP-006017,O-006017,PR-00482,"Richards, Smith and Buck",2025-08-24,90 días,2025-11-22,2025-09-08,5087.88,Pagado
PP-006018,O-006018,PR-00484,"Burton, Sullivan and Garrett",2025-07-09,Contado,2025-07-09,,7386.12,Retrasado
PP-006019,O-006019,PR-00898,Garrison LLC,2025-08-16,60 días,2025-10-15,2025-10-13,1852.38,Pagado
PP-006020,O-006020,PR-00982,"Fuller, Gray and Jennings",2025-07-05,60 días,2025-09-03,2025-07-18,7730.64,Pagado
PP-006021,O-006021,PR-00517,"Klein, Boyd and Martinez",2025-07-13,60 días,2025-09-11,,4026.86,Pendiente
PP-006022,O-006022,PR-00517,"Klein, Boyd and Martinez",2025-07-17,60 días,2025-09-15,,312.28,Pendiente
PP-006023,O-006023,PR-00503,Castro-Estrada,2025-08-17,30 días,2025-09-16,,4273.71,Pendiente
PP-006024,O-006024,PR-00503,Castro-Estrada,2025-08-19,30 días,2025-09-18,2025-09-03,11278.65,Pagado
PP-006025,O-006025,PR-00504,"Reyes, Wade and Campbell",2025-08-09,30 días,2025-09-08,,5670.3,Pendiente
PP-006026,O-006026,PR-00505,Decker-Howell,2025-08-27,60 días,2025-10-26,2025-09-20,560.79,Pagado
PP-006027,O-006027,PR-00722,Walker-Mendoza,2025-07-19,90 días,2025-10-17,,4000.8,Pendiente
PP-006028,O-006028,PR-00506,Rowe-Woods,2025-07-07,60 días,2025-09-05,2025-08-11,6165.69,Pagado
PP-006029,O-006029,PR-01105,Moore-Weber,2025-08-09,30 días,2025-09-08,,1055.2,Pendiente
PP-006030,O-006030,PR-01105,Moore-Weber,2025-08-23,30 días,2025-09-22,2025-09-12,12231.94,Pagado
PP-006031,O-006031,PR-00476,Combs-Giles,2025-08-24,30 días,2025-09-23,2025-09-19,1887.0,Pagado
PP-006032,O-006032,PR-01271,Nelson-Torres,2025-08-24,30 días,2025-09-23,2025-09-08,2524.34,Pagado
PP-006033,O-006033,PR-01323,Parker-Walsh,2025-08-25,60 días,2025-10-24,2025-10-09,7280.5,Pagado
PP-006034,O-006034,PR-01323,Parker-Walsh,2025-07-19,60 días,2025-09-17,2025-08-20,7166.88,Pagado
PP-006035,O-006035,PR-00482,"Richards, Smith and Buck",2025-07-11,90 días,2025-10-09,2025-07-20,5953.69,Pagado
PP-006036,O-006036,PR-01438,Schmidt Ltd,2025-07-28,30 días,2025-08-27,2025-08-16,8574.38,Pagado
PP-006037,O-006037,PR-00484,"Burton, Sullivan and Garrett",2025-07-17,Contado,2025-07-17,2025-07-17,10500.0,Pagado
PP-006038,O-006038,PR-00514,"Rodriguez, Contreras and Mclean",2025-08-02,30 días,2025-09-01,2025-08-18,120.6,Pagado
PP-006039,O-006039,PR-00514,"Rodriguez, Contreras and Mclean",2025-08-12,30 días,2025-09-11,2025-08-26,3019.5,Pagado
PP-006040,O-006040,PR-00826,"Bell, Johnson and Mcbride",2025-07-19,30 días,2025-08-18,2025-07-26,10615.02,Pagado
PP-006041,O-006041,PR-00517,"Klein, Boyd and Martinez",2025-08-13,60 días,2025-10-12,,4951.98,Pendiente
PP-006042,O-006042,PR-00503,Castro-Estrada,2025-07-20,30 días,2025-08-19,,7949.04,Retrasado
PP-006043,O-006043,PR-01270,Krause PLC,2025-07-17,90 días,2025-10-15,2025-08-10,11068.33,Pagado
PP-006044,O-006044,PR-00505,Decker-Howell,2025-08-23,60 días,2025-10-22,2025-08-29,5226.4,Pagado
PP-006045,O-006045,PR-00476,Combs-Giles,2025-08-04,30 días,2025-09-03,2025-08-18,1055.86,Pagado
PP-006046,O-006046,PR-00476,Combs-Giles,2025-08-11,30 días,2025-09-10,,729.9,Pendiente
PP-006047,O-006047,PR-01271,Nelson-Torres,2025-08-21,30 días,2025-09-20,2025-08-23,3172.23,Pagado
PP-006048,O-006048,PR-00480,"Huang, Moore and Powell",2025-08-20,30 días,2025-09-19,2025-08-25,4778.64,Pagado
PP-006049,O-006049,PR-01438,Schmidt Ltd,2025-07-01,30 días,2025-07-31,,1108.8,Retrasado
PP-006050,O-006050,PR-00514,"Rodriguez, Contreras and Mclean",2025-08-02,30 días,2025-09-01,,5409.0,Pendiente
PP-006051,O-006051,PR-00712,"Robertson, Bishop and Burke",2025-08-05,Contado,2025-08-05,,411.18,Retrasado
PP-006052,O-006052,PR-00712,"Robertson, Bishop and Burke",2025-08-28,Contado,2025-08-28,,5986.8,Retrasado
PP-006053,O-006053,PR-00826,"Bell, Johnson and Mcbride",2025-07-20,30 días,2025-08-19,,1999.8,Retrasado
PP-006054,O-006054,PR-01204,Mann Inc,2025-08-24,90 días,2025-11-22,2025-10-04,11530.02,Pagado
PP-006055,O-006055,PR-00517,"Klein, Boyd and Martinez",2025-08-10,60 días,2025-10-09,2025-09-04,6959.68,Pagado
PP-006056,O-006056,PR-01105,Moore-Weber,2025-07-24,30 días,2025-08-23,,221.43,Retrasado
PP-006057,O-006057,PR-00476,Combs-Giles,2025-08-12,30 días,2025-09-11,,8829.6,Pendiente
PP-006058,O-006058,PR-00477,Hoover-Gentry,2025-08-25,60 días,2025-10-24,2025-10-18,2648.52,Pagado
PP-006059,O-006059,PR-01271,Nelson-Torres,2025-07-31,30 días,2025-08-30,,1391.56,Pendiente
PP-006060,O-006060,PR-01168,Petersen-Sullivan,2025-08-13,60 días,2025-10-12,2025-08-23,1553.82,Pagado
PP-006061,O-006061,PR-00478,Collins-Bailey,2025-08-08,60 días,2025-10-07,,1888.02,Pendiente
PP-006062,O-006062,PR-01249,"Dixon, Benitez and Serrano",2025-08-28,60 días,2025-10-27,,1582.86,Pendiente
PP-006063,O-006063,PR-00480,"Huang, Moore and Powell",2025-08-23,30 días,2025-09-22,2025-08-26,10494.12,Pagado
PP-006064,O-006064,PR-00481,"Morris, Johnson and Silva",2025-08-06,90 días,2025-11-04,2025-10-17,89.9,Pagado
PP-006065,O-006065,PR-00481,"Morris, Johnson and Silva",2025-07-24,90 días,2025-10-22,,4871.23,Pendiente
PP-006066,O-006066,PR-01438,Schmidt Ltd,2025-07-23,30 días,2025-08-22,2025-07-26,1624.42,Pagado
PP-006067,O-006067,PR-01173,Wilson-Booth,2025-07-08,90 días,2025-10-06,2025-09-05,2549.32,Pagado
PP-006068,O-006068,PR-01173,Wilson-Booth,2025-08-09,90 días,2025-11-07,,5595.9,Pendiente
PP-006069,O-006069,PR-01132,Walters Group,2025-08-04,Contado,2025-08-04,2025-08-04,252.0,Pagado
PP-006070,O-006070,PR-00514,"Rodriguez, Contreras and Mclean",2025-07-13,30 días,2025-08-12,2025-07-26,1785.35,Pagado
PP-006071,O-006071,PR-01204,Mann Inc,2025-08-03,90 días,2025-11-01,2025-08-22,1011.94,Pagado
PP-006072,O-006072,PR-01150,"Reyes, Wood and Martinez",2025-07-14,90 días,2025-10-12,,258.33,Pendiente
PP-006073,O-006073,PR-01150,"Reyes, Wood and Martinez",2025-08-23,90 días,2025-11-21,2025-09-27,4440.3,Pagado
PP-006074,O-006074,PR-00505,Decker-Howell,2025-08-22,60 días,2025-10-21,2025-09-15,6449.55,Pagado
PP-006075,O-006075,PR-00476,Combs-Giles,2025-07-13,30 días,2025-08-12,,1549.24,Retrasado
PP-006076,O-006076,PR-00477,Hoover-Gentry,2025-08-25,60 días,2025-10-24,2025-08-25,1077.58,Pagado
PP-006077,O-006077,PR-01323,Parker-Walsh,2025-07-30,60 días,2025-09-28,,12472.32,Pendiente
PP-006078,O-006078,PR-01187,"Ho, Mendez and Smith",2025-07-03,60 días,2025-09-01,,3150.72,Pendiente
PP-006079,O-006079,PR-00480,"Huang, Moore and Powell",2025-08-27,30 días,2025-09-26,,10955.0,Pendiente
PP-006080,O-006080,PR-00482,"Richards, Smith and Buck",2025-08-07,90 días,2025-11-05,2025-09-15,2335.2,Pagado
PP-006081,O-006081,PR-00482,"Richards, Smith and Buck",2025-07-23,90 días,2025-10-21,2025-08-08,12051.18,Pagado
PP-006082,O-006082,PR-01438,Schmidt Ltd,2025-08-09,30 días,2025-09-08,2025-09-05,3594.36,Pagado
PP-006083,O-006083,PR-00484,"Burton, Sullivan and Garrett",2025-07-17,Contado,2025-07-17,,6651.76,Pendiente
PP-006084,O-006084,PR-00484,"Burton, Sullivan and Garrett",2025-08-06,Contado,2025-08-06,2025-08-06,3315.78,Pagado
PP-006085,O-006085,PR-00513,"Hernandez, Davidson and Lopez",2025-08-18,90 días,2025-11-16,2025-10-29,2236.86,Pagado
PP-006086,O-006086,PR-00826,"Bell, Johnson and Mcbride",2025-07-13,30 días,2025-08-12,2025-07-30,642.4,Pagado
PP-006087,O-006087,PR-00517,"Klein, Boyd and Martinez",2025-08-08,60 días,2025-10-07,,12597.0,Pendiente
PP-006088,O-006088,PR-00504,"Reyes, Wade and Campbell",2025-07-20,30 días,2025-08-19,2025-08-16,4939.83,Pagado
PP-006089,O-006089,PR-01270,Krause PLC,2025-08-28,90 días,2025-11-26,,1088.68,Pendiente
PP-006090,O-006090,PR-00722,Walker-Mendoza,2025-08-19,90 días,2025-11-17,2025-11-01,9435.25,Pagado
PP-006091,O-006091,PR-00506,Rowe-Woods,2025-08-24,60 días,2025-10-23,2025-10-05,1143.04,Pagado
PP-006092,O-006092,PR-01105,Moore-Weber,2025-07-20,30 días,2025-08-19,2025-07-24,2378.4,Pagado
PP-006093,O-006093,PR-00476,Combs-Giles,2025-07-06,30 días,2025-08-05,2025-07-12,4314.57,Pagado
PP-006094,O-006094,PR-00476,Combs-Giles,2025-07-11,30 días,2025-08-10,2025-08-05,6693.0,Pagado
PP-006095,O-006095,PR-01249,"Dixon, Benitez and Serrano",2025-08-01,60 días,2025-09-30,2025-08-05,5160.39,Pagado
PP-006096,O-006096,PR-00482,"Richards, Smith and Buck",2025-07-20,90 días,2025-10-18,,2565.58,Pendiente
PP-006097,O-006097,PR-00482,"Richards, Smith and Buck",2025-08-11,90 días,2025-11-09,2025-10-27,11908.25,Pagado
PP-006098,O-006098,PR-00482,"Richards, Smith and Buck",2025-07-03,90 días,2025-10-01,2025-07-16,319.68,Pagado
PP-006099,O-006099,PR-00483,"Hall, Garcia and Farley",2025-08-06,60 días,2025-10-05,2025-08-08,12754.0,Pagado
PP-006100,O-006100,PR-01438,Schmidt Ltd,2025-08-25,30 días,2025-09-24,,2850.12,Pendiente
PP-006101,O-006101,PR-00483,"Hall, Garcia and Farley",2025-08-26,60 días,2025-10-25,,2385.42,Pendiente
PP-006102,O-006102,PR-00483,"Hall, Garcia and Farley",2025-07-16,60 días,2025-09-14,2025-08-12,4790.4,Pagado
PP-006103,O-006103,PR-01482,"Jones, Patterson and Anderson",2025-08-14,60 días,2025-10-13,2025-09-26,4938.5,Pagado
PP-006104,O-006104,PR-00982,"Fuller, Gray and Jennings",2025-08-26,60 días,2025-10-25,,1446.66,Pendiente
PP-006105,O-006105,PR-00503,Castro-Estrada,2025-08-05,30 días,2025-09-04,2025-08-22,2587.5,Pagado
PP-006106,O-006106,PR-01270,Krause PLC,2025-07-05,90 días,2025-10-03,,1555.26,Pendiente
PP-006107,O-006107,PR-00722,Walker-Mendoza,2025-08-12,90 días,2025-11-10,2025-10-11,5951.36,Pagado
PP-006108,O-006108,PR-00722,Walker-Mendoza,2025-08-12,90 días,2025-11-10,2025-10-21,11439.61,Pagado
PP-006109,O-006109,PR-00478,Collins-Bailey,2025-07-06,60 días,2025-09-04,,1965.15,Pendiente
PP-006110,O-006110,PR-01114,Palmer Ltd,2025-08-25,60 días,2025-10-24,,1078.0,Pendiente
PP-006111,O-006111,PR-01139,Whitehead LLC,2025-08-23,90 días,2025-11-21,,3227.85,Pendiente
PP-006112,O-006112,PR-01173,Wilson-Booth,2025-07-02,90 días,2025-09-30,,4477.0,Pendiente
PP-006113,O-006113,PR-01132,Walters Group,2025-07-08,Contado,2025-07-08,2025-07-08,2097.56,Pagado
PP-006114,O-006114,PR-00982,"Fuller, Gray and Jennings",2025-07-18,60 días,2025-09-16,,2549.28,Pendiente
PP-006115,O-006115,PR-00515,"Williams, Perez and Mathews",2025-07-21,90 días,2025-10-19,2025-10-03,4588.04,Pagado
PP-006116,O-006116,PR-00515,"Williams, Perez and Mathews",2025-07-17,90 días,2025-10-15,,3296.07,Pendiente
PP-006117,O-006117,PR-00515,"Williams, Perez and Mathews",2025-07-27,90 días,2025-10-25,2025-08-11,3321.0,Pagado
PP-006118,O-006118,PR-00517,"Klein, Boyd and Martinez",2025-08-19,60 días,2025-10-18,,4788.96,Pendiente
PP-006119,O-006119,PR-00517,"Klein, Boyd and Martinez",2025-07-02,60 días,2025-08-31,2025-08-06,4474.8,Pagado
PP-006120,O-006120,PR-00503,Castro-Estrada,2025-07-22,30 días,2025-08-21,,10925.46,Retrasado
PP-006121,O-006121,PR-00504,"Reyes, Wade and Campbell",2025-08-02,30 días,2025-09-01,2025-08-02,219.12,Pagado
PP-006122,O-006122,PR-00478,Collins-Bailey,2025-07-23,60 días,2025-09-21,2025-08-21,209.2,Pagado
PP-006123,O-006123,PR-00479,Jackson LLC,2025-07-25,90 días,2025-10-23,,6509.36,Pendiente
PP-006124,O-006124,PR-00480,"Huang, Moore and Powell",2025-07-14,30 días,2025-08-13,2025-07-14,11205.57,Pagado
PP-006125,O-006125,PR-01187,"Ho, Mendez and Smith",2025-08-09,60 días,2025-10-08,,7362.12,Pendiente
PP-006126,O-006126,PR-00481,"Morris, Johnson and Silva",2025-06-30,90 días,2025-09-28,2025-08-26,3313.28,Pagado
PP-006127,O-006127,PR-00484,"Burton, Sullivan and Garrett",2025-07-09,Contado,2025-07-09,2025-07-09,14021.0,Pagado
PP-006128,O-006128,PR-01411,Thomas Group,2025-07-02,60 días,2025-08-31,,3250.94,Pendiente
PP-006129,O-006129,PR-00514,"Rodriguez, Contreras and Mclean",2025-07-15,30 días,2025-08-14,2025-07-25,4661.63,Pagado
PP-006130,O-006130,PR-00826,"Bell, Johnson and Mcbride",2025-07-15,30 días,2025-08-14,2025-07-28,5090.82,Pagado
PP-006131,O-006131,PR-00516,Kramer LLC,2025-08-08,60 días,2025-10-07,,2816.1,Pendiente
PP-006132,O-006132,PR-01270,Krause PLC,2025-08-20,90 días,2025-11-18,2025-08-20,2411.79,Pagado
PP-006133,O-006133,PR-00504,"Reyes, Wade and Campbell",2025-07-07,30 días,2025-08-06,2025-07-08,2178.96,Pagado
PP-006134,O-006134,PR-00476,Combs-Giles,2025-08-24,30 días,2025-09-23,,7544.24,Pendiente
PP-006135,O-006135,PR-00477,Hoover-Gentry,2025-08-01,60 días,2025-09-30,2025-09-06,2717.38,Pagado
PP-006136,O-006136,PR-01271,Nelson-Torres,2025-07-07,30 días,2025-08-06,2025-07-25,6736.24,Pagado
PP-006137,O-006137,PR-00982,"Fuller, Gray and Jennings",2025-07-11,60 días,2025-09-09,,614.88,Pendiente
PP-006138,O-006138,PR-00517,"Klein, Boyd and Martinez",2025-07-14,60 días,2025-09-12,,11609.84,Pendiente
PP-006139,O-006139,PR-00517,"Klein, Boyd and Martinez",2025-07-11,60 días,2025-09-09,,2143.14,Pendiente
PP-006140,O-006140,PR-00517,"Klein, Boyd and Martinez",2025-07-03,60 días,2025-09-01,2025-08-25,217.44,Pagado
PP-006141,O-006141,PR-00503,Castro-Estrada,2025-08-11,30 días,2025-09-10,2025-08-29,9000.42,Pagado
PP-006142,O-006142,PR-00503,Castro-Estrada,2025-08-23,30 días,2025-09-22,,1852.0,Pendiente
PP-006143,O-006143,PR-00503,Castro-Estrada,2025-07-08,30 días,2025-08-07,2025-08-01,3377.5,Pagado
PP-006144,O-006144,PR-01270,Krause PLC,2025-07-01,90 días,2025-09-29,,1326.71,Pendiente
PP-006145,O-006145,PR-00505,Decker-Howell,2025-07-07,60 días,2025-09-05,2025-07-25,4831.48,Pagado
PP-006146,O-006146,PR-01150,"Reyes, Wood and Martinez",2025-08-18,90 días,2025-11-16,2025-11-09,2280.36,Pagado
PP-006147,O-006147,PR-00476,Combs-Giles,2025-08-08,30 días,2025-09-07,2025-08-14,12681.54,Pagado
PP-006148,O-006148,PR-01271,Nelson-Torres,2025-08-18,30 días,2025-09-17,,1396.0,Pendiente
PP-006149,O-006149,PR-01187,"Ho, Mendez and Smith",2025-07-09,60 días,2025-09-07,,4653.86,Pendiente
PP-006150,O-006150,PR-00982,"Fuller, Gray and Jennings",2025-08-15,60 días,2025-10-14,,10024.74,Pendiente
PP-006151,O-006151,PR-00514,"Rodriguez, Contreras and Mclean",2025-08-24,30 días,2025-09-23,,3571.48,Pendiente
PP-006152,O-006152,PR-00712,"Robertson, Bishop and Burke",2025-07-28,Contado,2025-07-28,2025-07-28,10313.32,Pagado
PP-006153,O-006153,PR-01204,Mann Inc,2025-08-16,90 días,2025-11-14,2025-08-24,798.56,Pagado
PP-006154,O-006154,PR-00517,"Klein, Boyd and Martinez",2025-07-28,60 días,2025-09-26,2025-07-28,10556.84,Pagado
PP-006155,O-006155,PR-00517,"Klein, Boyd and Martinez",2025-08-03,60 días,2025-10-02,,6686.78,Pendiente
PP-006156,O-006156,PR-00722,Walker-Mendoza,2025-06-30,90 días,2025-09-28,2025-09-02,1893.85,Pagado
PP-006157,O-006157,PR-00478,Collins-Bailey,2025-08-10,60 días,2025-10-09,2025-09-26,550.55,Pagado
PP-006158,O-006158,PR-00479,Jackson LLC,2025-08-20,90 días,2025-11-18,2025-09-10,4363.92,Pagado
PP-006159,O-006159,PR-01187,"Ho, Mendez and Smith",2025-07-23,60 días,2025-09-21,,9517.2,Pendiente
PP-006160,O-006160,PR-00515,"Williams, Perez and Mathews",2025-07-05,90 días,2025-10-03,2025-09-18,2652.72,Pagado
PP-006161,O-006161,PR-00712,"Robertson, Bishop and Burke",2025-07-24,Contado,2025-07-24,2025-07-24,1502.58,Pagado
PP-006162,O-006162,PR-00517,"Klein, Boyd and Martinez",2025-08-08,60 días,2025-10-07,,9226.53,Pendiente
PP-006163,O-006163,PR-00503,Castro-Estrada,2025-08-10,30 días,2025-09-09,,8241.82,Pendiente
PP-006164,O-006164,PR-00504,"Reyes, Wade and Campbell",2025-08-24,30 días,2025-09-23,,1626.52,Pendiente
PP-006165,O-006165,PR-00505,Decker-Howell,2025-07-29,60 días,2025-09-27,2025-09-18,2081.42,Pagado
PP-006166,O-006166,PR-00712,"Robertson, Bishop and Burke",2025-07-05,Contado,2025-07-05,2025-07-05,7605.17,Pagado
PP-006167,O-006167,PR-00517,"Klein, Boyd and Martinez",2025-07-02,60 días,2025-08-31,2025-08-15,897.52,Pagado
PP-006168,O-006168,PR-00517,"Klein, Boyd and Martinez",2025-08-20,60 días,2025-10-19,,2435.07,Pendiente
PP-006169,O-006169,PR-00517,"Klein, Boyd and Martinez",2025-07-29,60 días,2025-09-27,2025-08-19,1651.72,Pagado
PP-006170,O-006170,PR-01270,Krause PLC,2025-06-30,90 días,2025-09-28,2025-07-07,7400.32,Pagado
PP-006171,O-006171,PR-01187,"Ho, Mendez and Smith",2025-07-14,60 días,2025-09-12,2025-07-19,948.92,Pagado
PP-006172,O-006172,PR-00898,Garrison LLC,2025-08-22,60 días,2025-10-21,,8392.7,Pendiente
PP-006173,O-006173,PR-01204,Mann Inc,2025-07-02,90 días,2025-09-30,,7157.6,Pendiente
PP-006174,O-006174,PR-00517,"Klein, Boyd and Martinez",2025-08-02,60 días,2025-10-01,2025-09-13,2252.88,Pagado
PP-006175,O-006175,PR-00505,Decker-Howell,2025-07-08,60 días,2025-09-06,,3143.75,Pendiente
PP-006176,O-006176,PR-01105,Moore-Weber,2025-08-10,30 días,2025-09-09,,4927.1,Pendiente
PP-006177,O-006177,PR-00477,Hoover-Gentry,2025-07-24,60 días,2025-09-22,,9682.77,Pendiente
PP-006178,O-006178,PR-01168,Petersen-Sullivan,2025-08-14,60 días,2025-10-13,,6972.92,Pendiente
PP-006179,O-006179,PR-01114,Palmer Ltd,2025-08-15,60 días,2025-10-14,2025-10-09,1386.3,Pagado
PP-006180,O-006180,PR-00515,"Williams, Perez and Mathews",2025-07-14,90 días,2025-10-12,2025-07-15,2065.92,Pagado
PP-006181,O-006181,PR-00504,"Reyes, Wade and Campbell",2025-08-17,30 días,2025-09-16,,10023.91,Pendiente
PP-006182,O-006182,PR-00722,Walker-Mendoza,2025-07-26,90 días,2025-10-24,,2244.06,Pendiente
PP-006183,O-006183,PR-00477,Hoover-Gentry,2025-07-14,60 días,2025-09-12,2025-07-16,2233.2,Pagado
PP-006184,O-006184,PR-01168,Petersen-Sullivan,2025-07-15,60 días,2025-09-13,2025-09-02,4596.99,Pagado
PP-006185,O-006185,PR-01278,Garcia Ltd,2025-08-05,60 días,2025-10-04,,9830.4,Pendiente
PP-006186,O-006186,PR-01187,"Ho, Mendez and Smith",2025-08-17,60 días,2025-10-16,2025-09-08,5862.75,Pagado
PP-006187,O-006187,PR-00982,"Fuller, Gray and Jennings",2025-08-13,60 días,2025-10-12,,4454.68,Pendiente
PP-006188,O-006188,PR-00898,Garrison LLC,2025-07-09,60 días,2025-09-07,,5464.4,Pendiente
PP-006189,O-006189,PR-00514,"Rodriguez, Contreras and Mclean",2025-07-27,30 días,2025-08-26,,1857.6,Retrasado
PP-006190,O-006190,PR-00712,"Robertson, Bishop and Burke",2025-08-21,Contado,2025-08-21,2025-08-21,5064.54,Pagado
PP-006191,O-006191,PR-01105,Moore-Weber,2025-08-07,30 días,2025-09-06,,5960.7,Pendiente
PP-006192,O-006192,PR-01105,Moore-Weber,2025-06-30,30 días,2025-07-30,2025-07-06,501.02,Pagado
PP-006193,O-006193,PR-00476,Combs-Giles,2025-08-18,30 días,2025-09-17,2025-09-14,8140.36,Pagado
PP-006194,O-006194,PR-00476,Combs-Giles,2025-08-02,30 días,2025-09-01,,10371.24,Pendiente
PP-006195,O-006195,PR-01323,Parker-Walsh,2025-07-05,60 días,2025-09-03,2025-07-12,5523.18,Pagado
PP-006196,O-006196,PR-01249,"Dixon, Benitez and Serrano",2025-07-18,60 días,2025-09-16,,785.24,Pendiente
PP-006197,O-006197,PR-00480,"Huang, Moore and Powell",2025-07-30,30 días,2025-08-29,,3216.75,Pendiente
PP-006198,O-006198,PR-01187,"Ho, Mendez and Smith",2025-08-27,60 días,2025-10-26,2025-10-09,11639.04,Pagado
PP-006199,O-006199,PR-00982,"Fuller, Gray and Jennings",2025-08-04,60 días,2025-10-03,2025-08-24,10047.92,Pagado
PP-006200,O-006200,PR-00513,"Hernandez, Davidson and Lopez",2025-08-12,90 días,2025-11-10,,8530.74,Pendiente
PP-006201,O-006201,PR-00514,"Rodriguez, Contreras and Mclean",2025-08-19,30 días,2025-09-18,,10974.0,Pendiente
PP-006202,O-006202,PR-00712,"Robertson, Bishop and Burke",2025-08-18,Contado,2025-08-18,,3947.52,Pendiente
PP-006203,O-006203,PR-00516,Kramer LLC,2025-08-03,60 días,2025-10-02,,7502.64,Pendiente
PP-006204,O-006204,PR-00517,"Klein, Boyd and Martinez",2025-07-30,60 días,2025-09-28,2025-08-22,1465.93,Pagado
PP-006205,O-006205,PR-00503,Castro-Estrada,2025-08-08,30 días,2025-09-07,,4178.46,Pendiente
PP-006206,O-006206,PR-00503,Castro-Estrada,2025-07-26,30 días,2025-08-25,2025-07-29,8454.6,Pagado
PP-006207,O-006207,PR-00505,Decker-Howell,2025-07-08,60 días,2025-09-06,2025-08-25,9312.48,Pagado
PP-006208,O-006208,PR-00476,Combs-Giles,2025-08-17,30 días,2025-09-16,2025-08-21,11097.52,Pagado
PP-006209,O-006209,PR-01187,"Ho, Mendez and Smith",2025-07-24,60 días,2025-09-22,,3837.08,Pendiente
PP-006210,O-006210,PR-00516,Kramer LLC,2025-07-12,60 días,2025-09-10,2025-08-19,5685.12,Pagado
PP-006211,O-006211,PR-01204,Mann Inc,2025-07-04,90 días,2025-10-02,,10317.82,Pendiente
PP-006212,O-006212,PR-00517,"Klein, Boyd and Martinez",2025-07-31,60 días,2025-09-29,,8759.1,Pendiente
PP-006213,O-006213,PR-00505,Decker-Howell,2025-07-04,60 días,2025-09-02,,237.87,Pendiente
PP-006214,O-006214,PR-00506,Rowe-Woods,2025-07-18,60 días,2025-09-16,2025-09-02,2722.4,Pagado
PP-006215,O-006215,PR-00476,Combs-Giles,2025-07-09,30 días,2025-08-08,2025-07-20,3027.75,Pagado
PP-006216,O-006216,PR-01271,Nelson-Torres,2025-07-29,30 días,2025-08-28,2025-07-30,3262.14,Pagado
PP-006217,O-006217,PR-00480,"Huang, Moore and Powell",2025-08-19,30 días,2025-09-18,,10300.32,Pendiente
PP-006218,O-006218,PR-01187,"Ho, Mendez and Smith",2025-07-24,60 días,2025-09-22,2025-08-20,7051.28,Pagado
PP-006219,O-006219,PR-01187,"Ho, Mendez and Smith",2025-07-22,60 días,2025-09-20,,10142.2,Pendiente
PP-006220,O-006220,PR-00712,"Robertson, Bishop and Burke",2025-07-03,Contado,2025-07-03,,6339.6,Retrasado
PP-006221,O-006221,PR-00516,Kramer LLC,2025-08-28,60 días,2025-10-27,,2939.04,Pendiente
PP-006222,O-006222,PR-00504,"Reyes, Wade and Campbell",2025-07-30,30 días,2025-08-29,2025-08-22,2542.59,Pagado
PP-006223,O-006223,PR-00504,"Reyes, Wade and Campbell",2025-08-09,30 días,2025-09-08,2025-08-09,6426.84,Pagado
PP-006224,O-006224,PR-00506,Rowe-Woods,2025-07-07,60 días,2025-09-05,,2374.26,Pendiente
PP-006225,O-006225,PR-01105,Moore-Weber,2025-07-16,30 días,2025-08-15,2025-08-03,4366.0,Pagado
PP-006226,O-006226,PR-00476,Combs-Giles,2025-07-10,30 días,2025-08-09,2025-07-11,9727.74,Pagado
PP-006227,O-006227,PR-00514,"Rodriguez, Contreras and Mclean",2025-07-01,30 días,2025-07-31,2025-07-15,1245.0,Pagado
PP-006228,O-006228,PR-00514,"Rodriguez, Contreras and Mclean",2025-08-22,30 días,2025-09-21,,2637.2,Pendiente
PP-006229,O-006229,PR-00515,"Williams, Perez and Mathews",2025-07-01,90 días,2025-09-29,2025-07-23,825.0,Pagado
PP-006230,O-006230,PR-00517,"Klein, Boyd and Martinez",2025-07-05,60 días,2025-09-03,2025-08-08,3607.89,Pagado
PP-006231,O-006231,PR-00503,Castro-Estrada,2025-07-13,30 días,2025-08-12,2025-07-19,7969.36,Pagado
PP-006232,O-006232,PR-01270,Krause PLC,2025-07-17,90 días,2025-10-15,2025-08-17,2353.6,Pagado
PP-006233,O-006233,PR-01168,Petersen-Sullivan,2025-07-25,60 días,2025-09-23,,10387.2,Pendiente
PP-006234,O-006234,PR-01114,Palmer Ltd,2025-08-01,60 días,2025-09-30,,10285.5,Pendiente
PP-006235,O-006235,PR-00479,Jackson LLC,2025-08-13,90 días,2025-11-11,2025-09-14,7040.28,Pagado
PP-006236,O-006236,PR-01249,"Dixon, Benitez and Serrano",2025-08-07,60 días,2025-10-06,,2676.52,Pendiente
PP-006237,O-006237,PR-00514,"Rodriguez, Contreras and Mclean",2025-08-09,30 días,2025-09-08,,1473.0,Pendiente
PP-006238,O-006238,PR-00516,Kramer LLC,2025-08-03,60 días,2025-10-02,2025-08-08,5997.6,Pagado
PP-006239,O-006239,PR-00517,"Klein, Boyd and Martinez",2025-07-08,60 días,2025-09-06,2025-09-03,3684.24,Pagado
PP-006240,O-006240,PR-00722,Walker-Mendoza,2025-08-08,90 días,2025-11-06,2025-08-21,2911.83,Pagado
PP-006241,O-006241,PR-00476,Combs-Giles,2025-07-10,30 días,2025-08-09,,6465.99,Retrasado
PP-006242,O-006242,PR-01323,Parker-Walsh,2025-08-24,60 días,2025-10-23,,2023.08,Pendiente
PP-006243,O-006243,PR-01323,Parker-Walsh,2025-08-06,60 días,2025-10-05,,8858.22,Pendiente
PP-006244,O-006244,PR-01323,Parker-Walsh,2025-08-18,60 días,2025-10-17,,13074.3,Pendiente
PP-006245,O-006245,PR-01249,"Dixon, Benitez and Serrano",2025-07-14,60 días,2025-09-12,2025-08-29,665.6,Pagado
PP-006246,O-006246,PR-01251,Viana,2025-07-21,60 días,2025-09-19,2025-08-31,1458.44,Pagado
PP-006247,O-006247,PR-01269,Nunes,2025-08-26,60 días,2025-10-25,2025-09-25,5638.05,Pagado
PP-006248,O-006248,PR-00725,Silveira,2025-07-07,60 días,2025-09-05,2025-07-15,1332.0,Pagado
PP-006249,O-006249,PR-00725,Silveira,2025-07-22,60 días,2025-09-20,,452.4,Pendiente
PP-006250,O-006250,PR-00550,Barbosa,2025-08-22,Contado,2025-08-22,,2774.52,Retrasado
PP-006251,O-006251,PR-00784,Souza Leão Ltda.,2025-07-15,90 días,2025-10-13,,3792.0,Pendiente
PP-006252,O-006252,PR-00715,Cardoso,2025-06-30,60 días,2025-08-29,2025-08-28,9362.94,Pagado
PP-006253,O-006253,PR-00888,Peixoto,2025-07-12,30 días,2025-08-11,2025-07-17,7939.62,Pagado
PP-006254,O-006254,PR-01298,Câmara Sampaio Ltda.,2025-07-06,90 días,2025-10-04,2025-09-12,7455.81,Pagado
PP-006255,O-006255,PR-00527,Vieira S/A,2025-08-11,60 días,2025-10-10,,1608.66,Pendiente
PP-006256,O-006256,PR-00646,Pastor Duarte S.A.,2025-08-18,60 días,2025-10-17,,6511.68,Pendiente
PP-006257,O-006257,PR-00532,Gomes,2025-08-16,30 días,2025-09-15,,10565.29,Pendiente
PP-006258,O-006258,PR-00558,Moreira,2025-08-17,90 días,2025-11-15,,6637.8,Pendiente
PP-006259,O-006259,PR-00953,Caldeira,2025-07-14,90 días,2025-10-12,2025-08-25,10977.96,Pagado
PP-006260,O-006260,PR-00537,Moura,2025-07-15,Contado,2025-07-15,2025-07-15,5049.0,Pagado
PP-006261,O-006261,PR-00836,Cassiano,2025-07-02,60 días,2025-08-31,2025-07-08,8052.73,Pagado
PP-006262,O-006262,PR-00520,Machado,2025-07-29,30 días,2025-08-28,2025-08-06,8878.32,Pagado
PP-006263,O-006263,PR-00788,Sales,2025-07-21,90 días,2025-10-19,2025-09-01,12911.28,Pagado
PP-006264,O-006264,PR-00521,Sousa,2025-07-22,30 días,2025-08-21,,3367.18,Retrasado
PP-006265,O-006265,PR-00538,Ferreira S.A.,2025-07-20,90 días,2025-10-18,,4501.5,Pendiente
PP-006266,O-006266,PR-01189,Sousa Ltda.,2025-07-02,90 días,2025-09-30,,9619.21,Pendiente
PP-006267,O-006267,PR-01196,Azevedo,2025-07-06,30 días,2025-08-05,2025-07-23,12869.12,Pagado
PP-006268,O-006268,PR-00542,Rodrigues - EI,2025-07-02,60 días,2025-08-31,,3457.63,Pendiente
PP-006269,O-006269,PR-01381,Câmara,2025-08-02,90 días,2025-10-31,,1884.52,Pendiente
PP-006270,O-006270,PR-00543,Casa Grande S/A,2025-08-20,90 días,2025-11-18,2025-10-29,8371.24,Pagado
PP-006271,O-006271,PR-00544,Caldeira,2025-08-19,60 días,2025-10-18,2025-10-17,6472.62,Pagado
PP-006272,O-006272,PR-01165,Viana,2025-08-26,60 días,2025-10-25,,7294.2,Pendiente
PP-006273,O-006273,PR-01165,Viana,2025-07-30,60 días,2025-09-28,,6656.4,Pendiente
PP-006274,O-006274,PR-00547,Teixeira,2025-08-02,30 días,2025-09-01,2025-08-07,5055.4,Pagado
PP-006275,O-006275,PR-00548,Nascimento,2025-07-09,90 días,2025-10-07,2025-09-19,2377.75,Pagado
PP-006276,O-006276,PR-00560,Pacheco - EI,2025-07-17,30 días,2025-08-16,2025-08-07,435.84,Pagado
PP-006277,O-006277,PR-01028,Peixoto Costa e Filhos,2025-08-21,90 días,2025-11-19,,1283.04,Pendiente
PP-006278,O-006278,PR-00707,Moraes,2025-07-17,90 días,2025-10-15,,4715.28,Pendiente
PP-006279,O-006279,PR-01406,Rodrigues S/A,2025-08-20,90 días,2025-11-18,2025-10-10,4728.15,Pagado
PP-006280,O-006280,PR-01406,Rodrigues S/A,2025-07-07,90 días,2025-10-05,,99.96,Pendiente
PP-006281,O-006281,PR-00837,Martins,2025-07-30,60 días,2025-09-28,2025-08-20,2611.83,Pagado
PP-006282,O-006282,PR-01053,Ramos da Rosa Ltda.,2025-07-12,90 días,2025-10-10,,1793.16,Pendiente
PP-006283,O-006283,PR-01298,Câmara Sampaio Ltda.,2025-07-22,90 días,2025-10-20,,6321.0,Pendiente
PP-006284,O-006284,PR-01018,Cirino da Costa - ME,2025-07-17,60 días,2025-09-15,,498.12,Pendiente
PP-006285,O-006285,PR-00527,Vieira S/A,2025-08-04,60 días,2025-10-03,2025-09-19,6300.4,Pagado
PP-006286,O-006286,PR-01216,Gomes Mendonça e Filhos,2025-07-26,60 días,2025-09-24,2025-08-15,582.23,Pagado
PP-006287,O-006287,PR-01216,Gomes Mendonça e Filhos,2025-07-28,60 días,2025-09-26,,2873.68,Pendiente
PP-006288,O-006288,PR-00529,Gonçalves Ltda.,2025-07-08,60 días,2025-09-06,2025-08-03,122.55,Pagado
PP-006289,O-006289,PR-00529,Gonçalves Ltda.,2025-08-07,60 días,2025-10-06,2025-08-23,5959.68,Pagado
PP-006290,O-006290,PR-00646,Pastor Duarte S.A.,2025-07-06,60 días,2025-09-04,,471.96,Pendiente
PP-006291,O-006291,PR-00555,Dias e Filhos,2025-08-06,60 días,2025-10-05,2025-09-22,2036.54,Pagado
PP-006292,O-006292,PR-00556,Leão,2025-08-17,90 días,2025-11-15,2025-09-06,3227.96,Pagado
PP-006293,O-006293,PR-00533,Pimenta,2025-08-15,60 días,2025-10-14,,6384.96,Pendiente
PP-006294,O-006294,PR-00703,Alves,2025-08-03,60 días,2025-10-02,,256.36,Pendiente
PP-006295,O-006295,PR-00541,Ferreira,2025-07-19,90 días,2025-10-17,,12172.05,Pendiente
PP-006296,O-006296,PR-01043,Ferreira - ME,2025-07-25,Contado,2025-07-25,2025-07-25,8133.51,Pagado
PP-006297,O-006297,PR-00986,da Mata,2025-08-26,Contado,2025-08-26,2025-08-26,3671.88,Pagado
PP-006298,O-006298,PR-00926,da Mota,2025-07-12,90 días,2025-10-10,,6781.39,Pendiente
PP-006299,O-006299,PR-00537,Moura,2025-08-03,Contado,2025-08-03,2025-08-03,7353.36,Pagado
PP-006300,O-006300,PR-01378,Camargo,2025-07-08,90 días,2025-10-06,2025-08-16,4568.16,Pagado
PP-006301,O-006301,PR-01378,Camargo,2025-07-11,90 días,2025-10-09,,1494.1,Pendiente
PP-006302,O-006302,PR-01378,Camargo,2025-08-21,90 días,2025-11-19,2025-10-07,958.32,Pagado
PP-006303,O-006303,PR-01221,Brito Ltda.,2025-08-13,30 días,2025-09-12,2025-09-08,4515.33,Pagado
PP-006304,O-006304,PR-01260,Sampaio Fogaça - ME,2025-07-08,90 días,2025-10-06,2025-08-14,9751.0,Pagado
PP-006305,O-006305,PR-00522,da Cruz S/A,2025-07-25,60 días,2025-09-23,2025-08-10,4208.01,Pagado
PP-006306,O-006306,PR-01196,Azevedo,2025-07-25,30 días,2025-08-24,2025-08-08,2265.9,Pagado
PP-006307,O-006307,PR-00543,Casa Grande S/A,2025-08-08,90 días,2025-11-06,2025-08-28,7306.6,Pagado
PP-006308,O-006308,PR-00544,Caldeira,2025-08-16,60 días,2025-10-15,,3805.11,Pendiente
PP-006309,O-006309,PR-00545,Rezende Rodrigues Ltda.,2025-07-19,90 días,2025-10-17,,9511.5,Pendiente
PP-006310,O-006310,PR-01165,Viana,2025-07-16,60 días,2025-09-14,,258.18,Pendiente
PP-006311,O-006311,PR-00547,Teixeira,2025-06-30,30 días,2025-07-30,2025-07-24,365.2,Pagado
PP-006312,O-006312,PR-00547,Teixeira,2025-08-05,30 días,2025-09-04,2025-08-13,8181.77,Pagado
PP-006313,O-006313,PR-01146,Silva,2025-07-31,Contado,2025-07-31,,9098.73,Pendiente
PP-006314,O-006314,PR-00562,Cassiano da Paz - EI,2025-07-02,30 días,2025-08-01,2025-07-16,1073.4,Pagado
PP-006315,O-006315,PR-01269,Nunes,2025-07-10,60 días,2025-09-08,2025-07-12,8687.25,Pagado
PP-006316,O-006316,PR-01312,Oliveira Marques S/A,2025-07-28,30 días,2025-08-27,,620.0,Pendiente
PP-006317,O-006317,PR-00691,Aragão Sousa S/A,2025-07-12,90 días,2025-10-10,,2795.1,Pendiente
PP-006318,O-006318,PR-00784,Souza Leão Ltda.,2025-08-09,90 días,2025-11-07,2025-09-15,804.44,Pagado
PP-006319,O-006319,PR-01053,Ramos da Rosa Ltda.,2025-08-04,90 días,2025-11-02,,8294.64,Pendiente
PP-006320,O-006320,PR-00526,Dias,2025-07-08,90 días,2025-10-06,2025-09-20,225.25,Pagado
PP-006321,O-006321,PR-01018,Cirino da Costa - ME,2025-07-16,60 días,2025-09-14,,6938.75,Pendiente
PP-006322,O-006322,PR-00529,Gonçalves Ltda.,2025-07-29,60 días,2025-09-27,,2692.93,Pendiente
PP-006323,O-006323,PR-00529,Gonçalves Ltda.,2025-08-11,60 días,2025-10-10,,4393.2,Pendiente
PP-006324,O-006324,PR-00531,Mendes S.A.,2025-07-05,60 días,2025-09-03,2025-07-16,2481.48,Pagado
PP-006325,O-006325,PR-00533,Pimenta,2025-07-30,60 días,2025-09-28,,1431.72,Pendiente
PP-006326,O-006326,PR-00535,Pastor,2025-07-28,60 días,2025-09-26,2025-09-14,809.6,Pagado
PP-006327,O-006327,PR-00536,Rodrigues da Costa S.A.,2025-07-01,60 días,2025-08-30,2025-07-09,6763.89,Pagado
PP-006328,O-006328,PR-01434,da Conceição,2025-07-06,30 días,2025-08-05,,4455.6,Pendiente
PP-006329,O-006329,PR-01434,da Conceição,2025-07-15,30 días,2025-08-14,2025-07-18,8928.66,Pagado
PP-006330,O-006330,PR-00647,da Mata,2025-07-08,60 días,2025-09-06,,838.11,Pendiente
PP-006331,O-006331,PR-00647,da Mata,2025-07-22,60 días,2025-09-20,,922.42,Pendiente
PP-006332,O-006332,PR-00783,Caldeira da Rocha - ME,2025-08-03,60 días,2025-10-02,,251.79,Pendiente
PP-006333,O-006333,PR-00550,Barbosa,2025-08-19,Contado,2025-08-19,2025-08-19,5548.2,Pagado
PP-006334,O-006334,PR-00715,Cardoso,2025-08-03,60 días,2025-10-02,,7050.96,Pendiente
PP-006335,O-006335,PR-01080,Novais,2025-07-31,Contado,2025-07-31,,9876.2,Retrasado
PP-006336,O-006336,PR-00554,Albuquerque da Mata S/A,2025-08-05,90 días,2025-11-03,,325.54,Pendiente
PP-006337,O-006337,PR-00524,Pinto S.A.,2025-07-04,60 días,2025-09-02,,2229.85,Pendiente
PP-006338,O-006338,PR-00888,Peixoto,2025-08-27,30 días,2025-09-26,,9263.64,Pendiente
PP-006339,O-006339,PR-00525,Ribeiro Jesus S/A,2025-08-04,60 días,2025-10-03,2025-09-05,1660.56,Pagado
PP-006340,O-006340,PR-00525,Ribeiro Jesus S/A,2025-07-29,60 días,2025-09-27,,2275.24,Pendiente
PP-006341,O-006341,PR-00530,Sá Ltda.,2025-07-10,90 días,2025-10-08,,8894.16,Pendiente
PP-006342,O-006342,PR-00530,Sá Ltda.,2025-07-09,90 días,2025-10-07,,1242.9,Pendiente
PP-006343,O-006343,PR-01033,Abreu e Filhos,2025-08-25,60 días,2025-10-24,,1525.41,Pendiente
PP-006344,O-006344,PR-00555,Dias e Filhos,2025-08-07,60 días,2025-10-06,,11818.08,Pendiente
PP-006345,O-006345,PR-00856,Aragão - EI,2025-08-12,90 días,2025-11-10,2025-09-05,7190.33,Pagado
PP-006346,O-006346,PR-00559,Moreira Azevedo e Filhos,2025-07-14,90 días,2025-10-12,2025-07-17,2630.88,Pagado
PP-006347,O-006347,PR-00910,Cavalcante,2025-07-03,90 días,2025-10-01,,1139.68,Pendiente
PP-006348,O-006348,PR-00534,Pires Araújo - ME,2025-07-02,Contado,2025-07-02,2025-07-02,3832.68,Pagado
PP-006349,O-006349,PR-00535,Pastor,2025-08-07,60 días,2025-10-06,2025-08-08,6255.06,Pagado
PP-006350,O-006350,PR-00986,da Mata,2025-07-28,Contado,2025-07-28,2025-07-28,3872.58,Pagado
PP-006351,O-006351,PR-00975,Borges,2025-07-19,60 días,2025-09-17,,996.75,Pendiente
PP-006352,O-006352,PR-01395,Cardoso,2025-07-20,90 días,2025-10-18,2025-08-28,8941.8,Pagado
PP-006353,O-006353,PR-01312,Oliveira Marques S/A,2025-08-03,30 días,2025-09-02,,1960.92,Pendiente
PP-006354,O-006354,PR-01269,Nunes,2025-07-18,60 días,2025-09-16,,1013.08,Pendiente
PP-006355,O-006355,PR-00564,Cardoso,2025-08-12,60 días,2025-10-11,2025-09-07,7433.48,Pagado
PP-006356,O-006356,PR-00554,Albuquerque da Mata S/A,2025-07-18,90 días,2025-10-16,2025-08-02,4084.16,Pagado
PP-006357,O-006357,PR-00554,Albuquerque da Mata S/A,2025-07-31,90 días,2025-10-29,,7678.47,Pendiente
PP-006358,O-006358,PR-00523,Cardoso e Filhos,2025-07-21,90 días,2025-10-19,,3892.36,Pendiente
PP-006359,O-006359,PR-00531,Mendes S.A.,2025-07-14,60 días,2025-09-12,2025-07-18,9419.58,Pagado
PP-006360,O-006360,PR-01315,Barbosa,2025-07-05,90 días,2025-10-03,2025-08-15,3800.16,Pagado
PP-006361,O-006361,PR-00532,Gomes,2025-08-22,30 días,2025-09-21,,8579.35,Pendiente
PP-006362,O-006362,PR-00555,Dias e Filhos,2025-08-01,60 días,2025-09-30,,1873.74,Pendiente
PP-006363,O-006363,PR-01167,da Conceição das Neves - EI,2025-07-07,90 días,2025-10-05,2025-08-29,5370.2,Pagado
PP-006364,O-006364,PR-00558,Moreira,2025-08-11,90 días,2025-11-09,2025-09-27,3414.75,Pagado
PP-006365,O-006365,PR-00559,Moreira Azevedo e Filhos,2025-07-03,90 días,2025-10-01,2025-08-31,5119.1,Pagado
PP-006366,O-006366,PR-00541,Ferreira,2025-07-04,90 días,2025-10-02,,5505.96,Pendiente
PP-006367,O-006367,PR-00986,da Mata,2025-07-22,Contado,2025-07-22,2025-07-22,4586.4,Pagado
PP-006368,O-006368,PR-00535,Pastor,2025-07-09,60 días,2025-09-07,2025-07-30,455.4,Pagado
PP-006369,O-006369,PR-01434,da Conceição,2025-07-03,30 días,2025-08-02,,1054.95,Pendiente
PP-006370,O-006370,PR-00560,Pacheco - EI,2025-08-25,30 días,2025-09-24,2025-09-12,1475.1,Pagado
PP-006371,O-006371,PR-01146,Silva,2025-07-26,Contado,2025-07-26,2025-07-26,3852.42,Pagado
PP-006372,O-006372,PR-01312,Oliveira Marques S/A,2025-07-04,30 días,2025-08-03,2025-07-17,247.38,Pagado
PP-006373,O-006373,PR-00564,Cardoso,2025-08-08,60 días,2025-10-07,,2338.92,Pendiente
PP-006374,O-006374,PR-00550,Barbosa,2025-07-16,Contado,2025-07-16,2025-07-16,803.6,Pagado
PP-006375,O-006375,PR-00553,Costa Gomes Ltda.,2025-08-05,Contado,2025-08-05,,7019.88,Pendiente
PP-006376,O-006376,PR-00553,Costa Gomes Ltda.,2025-08-23,Contado,2025-08-23,,10723.52,Pendiente
PP-006377,O-006377,PR-00707,Moraes,2025-08-04,90 días,2025-11-02,,1901.25,Pendiente
PP-006378,O-006378,PR-00837,Martins,2025-07-13,60 días,2025-09-11,2025-08-05,4135.6,Pagado
PP-006379,O-006379,PR-00525,Ribeiro Jesus S/A,2025-07-11,60 días,2025-09-09,,2694.4,Pendiente
PP-006380,O-006380,PR-00525,Ribeiro Jesus S/A,2025-07-25,60 días,2025-09-23,2025-08-21,5283.52,Pagado
PP-006381,O-006381,PR-00525,Ribeiro Jesus S/A,2025-08-21,60 días,2025-10-20,2025-09-26,5545.02,Pagado
PP-006382,O-006382,PR-00526,Dias,2025-07-03,90 días,2025-10-01,,1799.28,Pendiente
PP-006383,O-006383,PR-00526,Dias,2025-08-12,90 días,2025-11-10,,5004.56,Pendiente
PP-006384,O-006384,PR-01018,Cirino da Costa - ME,2025-08-09,60 días,2025-10-08,2025-09-24,4698.87,Pagado
PP-006385,O-006385,PR-00528,Barros S.A.,2025-08-01,60 días,2025-09-30,2025-09-03,2731.2,Pagado
PP-006386,O-006386,PR-00635,Abreu Almeida - ME,2025-07-19,30 días,2025-08-18,,5133.34,Retrasado
PP-006387,O-006387,PR-00558,Moreira,2025-06-30,90 días,2025-09-28,2025-08-11,4568.48,Pagado
PP-006388,O-006388,PR-01253,Alves - ME,2025-07-10,60 días,2025-09-08,,1962.72,Pendiente
PP-006389,O-006389,PR-00918,da Mota Ltda.,2025-08-09,90 días,2025-11-07,,6486.0,Pendiente
PP-006390,O-006390,PR-01395,Cardoso,2025-07-14,90 días,2025-10-12,2025-09-29,2999.36,Pagado
PP-006391,O-006391,PR-01395,Cardoso,2025-07-10,90 días,2025-10-08,2025-08-10,4277.0,Pagado
PP-006392,O-006392,PR-01269,Nunes,2025-08-27,60 días,2025-10-26,,9871.2,Pendiente
PP-006393,O-006393,PR-00691,Aragão Sousa S/A,2025-07-23,90 días,2025-10-21,,376.74,Pendiente
PP-006394,O-006394,PR-01080,Novais,2025-08-11,Contado,2025-08-11,2025-08-11,3750.88,Pagado
PP-006395,O-006395,PR-01406,Rodrigues S/A,2025-07-08,90 días,2025-10-06,,6718.5,Pendiente
PP-006396,O-006396,PR-00525,Ribeiro Jesus S/A,2025-07-28,60 días,2025-09-26,,887.25,Pendiente
PP-006397,O-006397,PR-00525,Ribeiro Jesus S/A,2025-07-25,60 días,2025-09-23,,3192.96,Pendiente
PP-006398,O-006398,PR-00526,Dias,2025-08-26,90 días,2025-11-24,,3166.1,Pendiente
PP-006399,O-006399,PR-00526,Dias,2025-08-19,90 días,2025-11-17,2025-08-22,8693.16,Pagado
PP-006400,O-006400,PR-00831,Albuquerque,2025-07-06,90 días,2025-10-04,2025-09-05,350.9,Pagado
PP-006401,O-006401,PR-00529,Gonçalves Ltda.,2025-08-02,60 días,2025-10-01,,2444.73,Pendiente
PP-006402,O-006402,PR-00529,Gonçalves Ltda.,2025-08-03,60 días,2025-10-02,,8623.44,Pendiente
PP-006403,O-006403,PR-00529,Gonçalves Ltda.,2025-07-15,60 días,2025-09-13,2025-07-26,4772.58,Pagado
PP-006404,O-006404,PR-01033,Abreu e Filhos,2025-07-02,60 días,2025-08-31,2025-07-09,4617.0,Pagado
PP-006405,O-006405,PR-01033,Abreu e Filhos,2025-07-13,60 días,2025-09-11,,5847.27,Pendiente
PP-006406,O-006406,PR-01315,Barbosa,2025-08-07,90 días,2025-11-05,,4268.08,Pendiente
PP-006407,O-006407,PR-00646,Pastor Duarte S.A.,2025-08-11,60 días,2025-10-10,2025-08-15,365.72,Pagado
PP-006408,O-006408,PR-01315,Barbosa,2025-07-02,90 días,2025-09-30,,5769.61,Pendiente
PP-006409,O-006409,PR-00555,Dias e Filhos,2025-07-19,60 días,2025-09-17,,3160.96,Pendiente
PP-006410,O-006410,PR-00555,Dias e Filhos,2025-07-29,60 días,2025-09-27,,227.34,Pendiente
PP-006411,O-006411,PR-00666,Marques,2025-08-05,30 días,2025-09-04,2025-08-11,12207.84,Pagado
PP-006412,O-006412,PR-01167,da Conceição das Neves - EI,2025-08-06,90 días,2025-11-04,,6377.55,Pendiente
PP-006413,O-006413,PR-00953,Caldeira,2025-07-19,90 días,2025-10-17,2025-08-10,7523.74,Pagado
PP-006414,O-006414,PR-00714,Costa Castro - EI,2025-07-20,30 días,2025-08-19,2025-08-07,2748.0,Pagado
PP-006415,O-006415,PR-00535,Pastor,2025-06-30,60 días,2025-08-29,,4226.48,Pendiente
PP-006416,O-006416,PR-01434,da Conceição,2025-07-01,30 días,2025-07-31,,2981.44,Retrasado
PP-006417,O-006417,PR-01028,Peixoto Costa e Filhos,2025-07-21,90 días,2025-10-19,,4194.68,Pendiente
PP-006418,O-006418,PR-01028,Peixoto Costa e Filhos,2025-08-13,90 días,2025-11-11,,8011.08,Pendiente
PP-006419,O-006419,PR-00918,da Mota Ltda.,2025-07-26,90 días,2025-10-24,,2960.79,Pendiente
PP-006420,O-006420,PR-01269,Nunes,2025-07-10,60 días,2025-09-08,,5446.4,Pendiente
PP-006421,O-006421,PR-00783,Caldeira da Rocha - ME,2025-08-23,60 días,2025-10-22,,3547.88,Pendiente
PP-006422,O-006422,PR-00783,Caldeira da Rocha - ME,2025-07-26,60 días,2025-09-24,,353.5,Pendiente
PP-006423,O-006423,PR-00707,Moraes,2025-08-25,90 días,2025-11-23,2025-11-12,2740.5,Pagado
PP-006424,O-006424,PR-00837,Martins,2025-07-18,60 días,2025-09-16,2025-09-03,1804.4,Pagado
PP-006425,O-006425,PR-00524,Pinto S.A.,2025-08-22,60 días,2025-10-21,2025-10-16,12746.25,Pagado
PP-006426,O-006426,PR-00524,Pinto S.A.,2025-07-27,60 días,2025-09-25,,4950.72,Pendiente
PP-006427,O-006427,PR-00527,Vieira S/A,2025-07-29,60 días,2025-09-27,,6434.12,Pendiente
PP-006428,O-006428,PR-00529,Gonçalves Ltda.,2025-07-29,60 días,2025-09-27,2025-08-31,2523.15,Pagado
PP-006429,O-006429,PR-01033,Abreu e Filhos,2025-08-26,60 días,2025-10-25,,8217.48,Pendiente
PP-006430,O-006430,PR-01315,Barbosa,2025-07-08,90 días,2025-10-06,,1153.6,Pendiente
PP-006431,O-006431,PR-00555,Dias e Filhos,2025-07-27,60 días,2025-09-25,,3546.59,Pendiente
PP-006432,O-006432,PR-00555,Dias e Filhos,2025-08-02,60 días,2025-10-01,2025-09-03,8271.21,Pagado
PP-006433,O-006433,PR-00555,Dias e Filhos,2025-07-14,60 días,2025-09-12,2025-08-07,640.86,Pagado
PP-006434,O-006434,PR-00856,Aragão - EI,2025-07-16,90 días,2025-10-14,,6728.7,Pendiente
PP-006435,O-006435,PR-00559,Moreira Azevedo e Filhos,2025-07-11,90 días,2025-10-09,,3705.24,Pendiente
PP-006436,O-006436,PR-00534,Pires Araújo - ME,2025-07-03,Contado,2025-07-03,2025-07-03,1144.1,Pagado
PP-006437,O-006437,PR-00534,Pires Araújo - ME,2025-07-01,Contado,2025-07-01,,5810.42,Retrasado
PP-006438,O-006438,PR-01395,Cardoso,2025-08-14,90 días,2025-11-12,2025-10-18,6002.78,Pagado
PP-006439,O-006439,PR-00550,Barbosa,2025-07-13,Contado,2025-07-13,2025-07-13,2776.8,Pagado
PP-006440,O-006440,PR-00783,Caldeira da Rocha - ME,2025-07-29,60 días,2025-09-27,2025-09-15,9875.25,Pagado
PP-006441,O-006441,PR-00551,Dias S.A.,2025-08-21,90 días,2025-11-19,2025-08-26,2933.04,Pagado
PP-006442,O-006442,PR-00552,Farias Ltda.,2025-08-02,30 días,2025-09-01,2025-08-14,2649.96,Pagado
PP-006443,O-006443,PR-00523,Cardoso e Filhos,2025-07-05,90 días,2025-10-03,2025-09-01,9462.17,Pagado
PP-006444,O-006444,PR-01053,Ramos da Rosa Ltda.,2025-07-03,90 días,2025-10-01,,9992.97,Pendiente
PP-006445,O-006445,PR-00525,Ribeiro Jesus S/A,2025-07-13,60 días,2025-09-11,,8564.13,Pendiente
PP-006446,O-006446,PR-00528,Barros S.A.,2025-07-04,60 días,2025-09-02,,539.75,Pendiente
PP-006447,O-006447,PR-00531,Mendes S.A.,2025-08-09,60 días,2025-10-08,2025-08-29,3191.32,Pagado
PP-006448,O-006448,PR-01267,Rodrigues e Filhos,2025-08-26,30 días,2025-09-25,2025-09-12,4954.67,Pagado
PP-006449,O-006449,PR-01267,Rodrigues e Filhos,2025-08-16,30 días,2025-09-15,,680.82,Pendiente
PP-006450,O-006450,PR-00535,Pastor,2025-08-11,60 días,2025-10-10,,1627.5,Pendiente
PP-006451,O-006451,PR-00560,Pacheco - EI,2025-07-13,30 días,2025-08-12,2025-07-29,3468.0,Pagado
PP-006452,O-006452,PR-00561,Casa Grande,2025-07-04,90 días,2025-10-02,,4047.36,Pendiente
PP-006453,O-006453,PR-00647,da Mata,2025-07-25,60 días,2025-09-23,,10256.25,Pendiente
PP-006454,O-006454,PR-00783,Caldeira da Rocha - ME,2025-07-23,60 días,2025-09-21,,3732.96,Pendiente
PP-006455,O-006455,PR-00715,Cardoso,2025-07-07,60 días,2025-09-05,,10138.17,Pendiente
PP-006456,O-006456,PR-01080,Novais,2025-07-29,Contado,2025-07-29,2025-07-29,302.22,Pagado
PP-006457,O-006457,PR-01080,Novais,2025-07-03,Contado,2025-07-03,,8095.5,Retrasado
PP-006458,O-006458,PR-00888,Peixoto,2025-08-12,30 días,2025-09-11,2025-08-23,401.25,Pagado
PP-006459,O-006459,PR-00528,Barros S.A.,2025-07-18,60 días,2025-09-16,,4072.86,Pendiente
PP-006460,O-006460,PR-00528,Barros S.A.,2025-07-26,60 días,2025-09-24,2025-08-13,9217.39,Pagado
PP-006461,O-006461,PR-00555,Dias e Filhos,2025-08-16,60 días,2025-10-15,,640.08,Pendiente
PP-006462,O-006462,PR-00986,da Mata,2025-07-27,Contado,2025-07-27,2025-07-27,2988.63,Pagado
PP-006463,O-006463,PR-00535,Pastor,2025-07-06,60 días,2025-09-04,,3948.78,Pendiente
PP-006464,O-006464,PR-00897,Moreira S/A,2025-07-10,60 días,2025-09-08,,5322.28,Pendiente
PP-006465,O-006465,PR-00647,da Mata,2025-08-16,60 días,2025-10-15,,3579.2,Pendiente
PP-006466,O-006466,PR-01312,Oliveira Marques S/A,2025-07-14,30 días,2025-08-13,2025-07-15,6976.08,Pagado
PP-006467,O-006467,PR-00691,Aragão Sousa S/A,2025-07-27,90 días,2025-10-25,,9467.14,Pendiente
PP-006468,O-006468,PR-00783,Caldeira da Rocha - ME,2025-08-19,60 días,2025-10-18,2025-10-14,6374.7,Pagado
PP-006469,O-006469,PR-00783,Caldeira da Rocha - ME,2025-06-30,60 días,2025-08-29,2025-07-02,550.84,Pagado
PP-006470,O-006470,PR-00551,Dias S.A.,2025-08-20,90 días,2025-11-18,,2125.2,Pendiente
PP-006471,O-006471,PR-00759,Fernandes,2025-07-21,90 días,2025-10-19,,2251.52,Pendiente
PP-006472,O-006472,PR-00553,Costa Gomes Ltda.,2025-08-24,Contado,2025-08-24,,139.2,Retrasado
PP-006473,O-006473,PR-00554,Albuquerque da Mata S/A,2025-07-22,90 días,2025-10-20,,3191.76,Pendiente
PP-006474,O-006474,PR-01018,Cirino da Costa - ME,2025-08-16,60 días,2025-10-15,2025-09-12,2574.46,Pagado
PP-006475,O-006475,PR-00528,Barros S.A.,2025-08-06,60 días,2025-10-05,,3291.76,Pendiente
PP-006476,O-006476,PR-00529,Gonçalves Ltda.,2025-07-11,60 días,2025-09-09,,1552.76,Pendiente
PP-006477,O-006477,PR-00530,Sá Ltda.,2025-07-12,90 días,2025-10-10,,2206.68,Pendiente
PP-006478,O-006478,PR-01315,Barbosa,2025-06-30,90 días,2025-09-28,,5747.2,Pendiente
PP-006479,O-006479,PR-01315,Barbosa,2025-08-12,90 días,2025-11-10,,11071.37,Pendiente
PP-006480,O-006480,PR-01028,Peixoto Costa e Filhos,2025-08-24,90 días,2025-11-22,2025-11-05,7549.7,Pagado
PP-006481,O-006481,PR-01028,Peixoto Costa e Filhos,2025-08-28,90 días,2025-11-26,,2041.26,Pendiente
PP-006482,O-006482,PR-00552,Farias Ltda.,2025-08-06,30 días,2025-09-05,2025-08-12,9377.0,Pagado
PP-006483,O-006483,PR-00554,Albuquerque da Mata S/A,2025-08-06,90 días,2025-11-04,,2956.2,Pendiente
PP-006484,O-006484,PR-00523,Cardoso e Filhos,2025-08-16,90 días,2025-11-14,,2894.45,Pendiente
PP-006485,O-006485,PR-01053,Ramos da Rosa Ltda.,2025-07-21,90 días,2025-10-19,2025-08-25,3259.08,Pagado
PP-006486,O-006486,PR-00524,Pinto S.A.,2025-07-02,60 días,2025-08-31,2025-08-11,7999.4,Pagado
PP-006487,O-006487,PR-01298,Câmara Sampaio Ltda.,2025-07-04,90 días,2025-10-02,2025-09-07,5948.32,Pagado
PP-006488,O-006488,PR-00526,Dias,2025-08-07,90 días,2025-11-05,,13254.12,Pendiente
PP-006489,O-006489,PR-00527,Vieira S/A,2025-06-30,60 días,2025-08-29,2025-08-17,3281.2,Pagado
PP-006490,O-006490,PR-00527,Vieira S/A,2025-08-22,60 días,2025-10-21,2025-10-14,3249.75,Pagado
PP-006491,O-006491,PR-00529,Gonçalves Ltda.,2025-08-20,60 días,2025-10-19,2025-08-24,3559.38,Pagado
PP-006492,O-006492,PR-00529,Gonçalves Ltda.,2025-07-09,60 días,2025-09-07,,8745.75,Pendiente
PP-006493,O-006493,PR-00530,Sá Ltda.,2025-08-02,90 días,2025-10-31,,604.44,Pendiente
PP-006494,O-006494,PR-00531,Mendes S.A.,2025-08-23,60 días,2025-10-22,2025-09-07,269.92,Pagado
PP-006495,O-006495,PR-01033,Abreu e Filhos,2025-08-21,60 días,2025-10-20,2025-09-02,1657.26,Pagado
PP-006496,O-006496,PR-01028,Peixoto Costa e Filhos,2025-07-06,90 días,2025-10-04,2025-09-30,1226.61,Pagado
PP-006497,O-006497,PR-01251,Viana,2025-07-10,60 días,2025-09-08,,3445.86,Pendiente
PP-006498,O-006498,PR-01146,Silva,2025-08-03,Contado,2025-08-03,2025-08-03,1784.95,Pagado
PP-006499,O-006499,PR-01312,Oliveira Marques S/A,2025-08-07,30 días,2025-09-06,,6281.34,Pendiente
PP-006500,O-006500,PR-01312,Oliveira Marques S/A,2025-07-22,30 días,2025-08-21,2025-08-14,3572.47,Pagado
PP-006501,O-006501,PR-00783,Caldeira da Rocha - ME,2025-07-01,60 días,2025-08-30,,8801.92,Pendiente
PP-006502,O-006502,PR-00783,Caldeira da Rocha - ME,2025-07-03,60 días,2025-09-01,,4105.14,Pendiente
PP-006503,O-006503,PR-00552,Farias Ltda.,2025-08-25,30 días,2025-09-24,,13745.4,Pendiente
PP-006504,O-006504,PR-01406,Rodrigues S/A,2025-07-24,90 días,2025-10-22,,88.2,Pendiente
PP-006505,O-006505,PR-00525,Ribeiro Jesus S/A,2025-07-22,60 días,2025-09-20,,9617.13,Pendiente
PP-006506,O-006506,PR-01298,Câmara Sampaio Ltda.,2025-08-25,90 días,2025-11-23,2025-09-05,470.44,Pagado
PP-006507,O-006507,PR-01315,Barbosa,2025-07-04,90 días,2025-10-02,2025-08-23,8091.58,Pagado
PP-006508,O-006508,PR-01395,Cardoso,2025-07-14,90 días,2025-10-12,,2082.51,Pendiente
PP-006509,O-006509,PR-00647,da Mata,2025-07-13,60 días,2025-09-11,,4200.65,Pendiente
PP-006510,O-006510,PR-00550,Barbosa,2025-07-28,Contado,2025-07-28,2025-07-28,3480.1,Pagado
PP-006511,O-006511,PR-00551,Dias S.A.,2025-07-19,90 días,2025-10-17,,5494.45,Pendiente
PP-006512,O-006512,PR-00888,Peixoto,2025-08-24,30 días,2025-09-23,,4488.18,Pendiente
PP-006513,O-006513,PR-00888,Peixoto,2025-07-12,30 días,2025-08-11,2025-07-30,2226.15,Pagado
PP-006514,O-006514,PR-01018,Cirino da Costa - ME,2025-07-11,60 días,2025-09-09,,371.58,Pendiente
PP-006515,O-006515,PR-01018,Cirino da Costa - ME,2025-07-02,60 días,2025-08-31,2025-08-08,8856.36,Pagado
PP-006516,O-006516,PR-00529,Gonçalves Ltda.,2025-08-13,60 días,2025-10-12,,1266.1,Pendiente
PP-006517,O-006517,PR-01315,Barbosa,2025-08-19,90 días,2025-11-17,2025-10-18,3677.22,Pagado
PP-006518,O-006518,PR-00560,Pacheco - EI,2025-08-16,30 días,2025-09-15,2025-08-29,2095.2,Pagado
PP-006519,O-006519,PR-00897,Moreira S/A,2025-07-11,60 días,2025-09-09,2025-08-28,3608.7,Pagado
PP-006520,O-006520,PR-00561,Casa Grande,2025-08-12,90 días,2025-11-10,2025-08-30,1407.82,Pagado
PP-006521,O-006521,PR-00561,Casa Grande,2025-07-26,90 días,2025-10-24,,6948.99,Pendiente
PP-006522,O-006522,PR-00562,Cassiano da Paz - EI,2025-07-30,30 días,2025-08-29,2025-08-19,174.75,Pagado
PP-006523,O-006523,PR-01269,Nunes,2025-08-12,60 días,2025-10-11,2025-10-04,9571.0,Pagado
PP-006524,O-006524,PR-00725,Silveira,2025-08-26,60 días,2025-10-25,,902.64,Pendiente
PP-006525,O-006525,PR-00691,Aragão Sousa S/A,2025-08-07,90 días,2025-11-05,,1779.96,Pendiente
PP-006526,O-006526,PR-00550,Barbosa,2025-08-09,Contado,2025-08-09,2025-08-09,5362.0,Pagado
PP-006527,O-006527,PR-00528,Barros S.A.,2025-07-19,60 días,2025-09-17,,12410.64,Pendiente
PP-006528,O-006528,PR-00831,Albuquerque,2025-07-09,90 días,2025-10-07,,2423.61,Pendiente
PP-006529,O-006529,PR-00918,da Mota Ltda.,2025-08-05,90 días,2025-11-03,2025-08-27,2086.2,Pagado
PP-006530,O-006530,PR-00918,da Mota Ltda.,2025-07-15,90 días,2025-10-13,2025-10-01,5186.5,Pagado
PP-006531,O-006531,PR-00783,Caldeira da Rocha - ME,2025-08-02,60 días,2025-10-01,,8194.11,Pendiente
PP-006532,O-006532,PR-00551,Dias S.A.,2025-07-12,90 días,2025-10-10,2025-09-03,3917.6,Pagado
PP-006533,O-006533,PR-00715,Cardoso,2025-08-23,60 días,2025-10-22,2025-09-05,7630.48,Pagado
PP-006534,O-006534,PR-00554,Albuquerque da Mata S/A,2025-07-11,90 días,2025-10-09,2025-07-24,7914.3,Pagado
PP-006535,O-006535,PR-01018,Cirino da Costa - ME,2025-07-14,60 días,2025-09-12,,9119.88,Pendiente
PP-006536,O-006536,PR-00529,Gonçalves Ltda.,2025-08-14,60 días,2025-10-13,,7961.36,Pendiente
PP-006537,O-006537,PR-00532,Gomes,2025-08-23,30 días,2025-09-22,2025-09-14,659.75,Pagado
PP-006538,O-006538,PR-00897,Moreira S/A,2025-07-11,60 días,2025-09-09,,4577.83,Pendiente
PP-006539,O-006539,PR-00897,Moreira S/A,2025-08-18,60 días,2025-10-17,,3325.56,Pendiente
PP-006540,O-006540,PR-00561,Casa Grande,2025-08-04,90 días,2025-11-02,,208.56,Pendiente
PP-006541,O-006541,PR-01146,Silva,2025-07-04,Contado,2025-07-04,,1375.66,Pendiente
PP-006542,O-006542,PR-00551,Dias S.A.,2025-08-09,90 días,2025-11-07,,455.0,Pendiente
PP-006543,O-006543,PR-00715,Cardoso,2025-07-15,60 días,2025-09-13,2025-07-17,896.7,Pagado
PP-006544,O-006544,PR-00553,Costa Gomes Ltda.,2025-07-26,Contado,2025-07-26,2025-07-26,963.95,Pagado
PP-006545,O-006545,PR-00524,Pinto S.A.,2025-08-20,60 días,2025-10-19,,5311.79,Pendiente
PP-006546,O-006546,PR-01298,Câmara Sampaio Ltda.,2025-07-23,90 días,2025-10-21,2025-08-21,3947.19,Pagado
PP-006547,O-006547,PR-00527,Vieira S/A,2025-07-01,60 días,2025-08-30,2025-08-15,6052.02,Pagado
PP-006548,O-006548,PR-01146,Silva,2025-08-08,Contado,2025-08-08,2025-08-08,423.4,Pagado
PP-006549,O-006549,PR-01146,Silva,2025-08-20,Contado,2025-08-20,2025-08-20,7425.9,Pagado
PP-006550,O-006550,PR-01269,Nunes,2025-07-08,60 días,2025-09-06,,825.28,Pendiente
PP-006551,O-006551,PR-00563,Macedo,2025-08-09,90 días,2025-11-07,2025-08-30,6037.29,Pagado
PP-006552,O-006552,PR-00523,Cardoso e Filhos,2025-08-15,90 días,2025-11-13,2025-09-21,587.07,Pagado
PP-006553,O-006553,PR-00525,Ribeiro Jesus S/A,2025-07-06,60 días,2025-09-04,,343.9,Pendiente
PP-006554,O-006554,PR-01018,Cirino da Costa - ME,2025-07-22,60 días,2025-09-20,,7219.08,Pendiente
PP-006555,O-006555,PR-00530,Sá Ltda.,2025-08-15,90 días,2025-11-13,,12828.42,Pendiente
PP-006556,O-006556,PR-00530,Sá Ltda.,2025-07-01,90 días,2025-09-29,2025-09-23,7127.1,Pagado
PP-006557,O-006557,PR-00647,da Mata,2025-07-20,60 días,2025-09-18,2025-09-09,2236.32,Pagado
PP-006558,O-006558,PR-00564,Cardoso,2025-07-12,60 días,2025-09-10,2025-08-05,1001.88,Pagado
PP-006559,O-006559,PR-00783,Caldeira da Rocha - ME,2025-07-25,60 días,2025-09-23,2025-07-29,6568.38,Pagado
PP-006560,O-006560,PR-00783,Caldeira da Rocha - ME,2025-07-30,60 días,2025-09-28,,12133.52,Pendiente
PP-006561,O-006561,PR-00551,Dias S.A.,2025-08-10,90 días,2025-11-08,,12748.64,Pendiente
PP-006562,O-006562,PR-00554,Albuquerque da Mata S/A,2025-08-16,90 días,2025-11-14,,1556.75,Pendiente
PP-006563,O-006563,PR-00528,Barros S.A.,2025-07-21,60 días,2025-09-19,,5226.0,Pendiente
PP-006564,O-006564,PR-00529,Gonçalves Ltda.,2025-08-14,60 días,2025-10-13,2025-09-05,637.77,Pagado
PP-006565,O-006565,PR-00646,Pastor Duarte S.A.,2025-07-22,60 días,2025-09-20,2025-07-29,11924.55,Pagado
PP-006566,O-006566,PR-00532,Gomes,2025-07-16,30 días,2025-08-15,2025-08-14,2761.92,Pagado
PP-006567,O-006567,PR-01251,Viana,2025-07-13,60 días,2025-09-11,,4097.92,Pendiente
PP-006568,O-006568,PR-01146,Silva,2025-08-18,Contado,2025-08-18,2025-08-18,4175.73,Pagado
PP-006569,O-006569,PR-01269,Nunes,2025-07-09,60 días,2025-09-07,2025-09-01,2179.8,Pagado
PP-006570,O-006570,PR-00725,Silveira,2025-07-08,60 días,2025-09-06,2025-08-18,1014.5,Pagado
PP-006571,O-006571,PR-00551,Dias S.A.,2025-08-24,90 días,2025-11-22,,3367.35,Pendiente
PP-006572,O-006572,PR-00552,Farias Ltda.,2025-07-23,30 días,2025-08-22,2025-08-21,5382.6,Pagado
PP-006573,O-006573,PR-00553,Costa Gomes Ltda.,2025-08-15,Contado,2025-08-15,2025-08-15,674.94,Pagado
PP-006574,O-006574,PR-00837,Martins,2025-07-11,60 días,2025-09-09,,1599.14,Pendiente
PP-006575,O-006575,PR-00524,Pinto S.A.,2025-07-08,60 días,2025-09-06,2025-08-19,3474.24,Pagado
PP-006576,O-006576,PR-00527,Vieira S/A,2025-08-11,60 días,2025-10-10,,2923.6,Pendiente
PP-006577,O-006577,PR-00527,Vieira S/A,2025-07-23,60 días,2025-09-21,2025-08-27,1608.2,Pagado
PP-006578,O-006578,PR-01018,Cirino da Costa - ME,2025-08-09,60 días,2025-10-08,2025-08-11,7690.28,Pagado
PP-006579,O-006579,PR-00528,Barros S.A.,2025-08-11,60 días,2025-10-10,,7837.56,Pendiente
PP-006580,O-006580,PR-00528,Barros S.A.,2025-08-25,60 días,2025-10-24,2025-09-06,7863.12,Pagado
PP-006581,O-006581,PR-00529,Gonçalves Ltda.,2025-07-30,60 días,2025-09-28,2025-08-24,7760.54,Pagado
PP-006582,O-006582,PR-00530,Sá Ltda.,2025-08-17,90 días,2025-11-15,2025-08-30,3053.6,Pagado
PP-006583,O-006583,PR-00647,da Mata,2025-07-06,60 días,2025-09-04,2025-07-07,2081.72,Pagado
PP-006584,O-006584,PR-00562,Cassiano da Paz - EI,2025-07-22,30 días,2025-08-21,,6273.48,Retrasado
PP-006585,O-006585,PR-00647,da Mata,2025-08-04,60 días,2025-10-03,,4639.56,Pendiente
PP-006586,O-006586,PR-00563,Macedo,2025-08-26,90 días,2025-11-24,,5110.2,Pendiente
PP-006587,O-006587,PR-00564,Cardoso,2025-07-01,60 días,2025-08-30,2025-07-26,3686.25,Pagado
PP-006588,O-006588,PR-00564,Cardoso,2025-08-23,60 días,2025-10-22,2025-10-17,6667.42,Pagado
PP-006589,O-006589,PR-00551,Dias S.A.,2025-08-21,90 días,2025-11-19,2025-10-23,14723.0,Pagado
PP-006590,O-006590,PR-00784,Souza Leão Ltda.,2025-08-15,90 días,2025-11-13,2025-09-05,4981.76,Pagado
PP-006591,O-006591,PR-00554,Albuquerque da Mata S/A,2025-07-18,90 días,2025-10-16,2025-09-09,81.42,Pagado
PP-006592,O-006592,PR-01406,Rodrigues S/A,2025-07-18,90 días,2025-10-16,2025-09-14,3019.5,Pagado
PP-006593,O-006593,PR-01053,Ramos da Rosa Ltda.,2025-07-14,90 días,2025-10-12,2025-09-18,3667.95,Pagado
PP-006594,O-006594,PR-00524,Pinto S.A.,2025-08-09,60 días,2025-10-08,2025-09-13,5389.02,Pagado
PP-006595,O-006595,PR-00525,Ribeiro Jesus S/A,2025-08-18,60 días,2025-10-17,,11793.18,Pendiente
PP-006596,O-006596,PR-00525,Ribeiro Jesus S/A,2025-07-23,60 días,2025-09-21,2025-08-10,3313.96,Pagado
PP-006597,O-006597,PR-00530,Sá Ltda.,2025-08-02,90 días,2025-10-31,,1146.46,Pendiente
PP-006598,O-006598,PR-01033,Abreu e Filhos,2025-07-23,60 días,2025-09-21,,415.95,Pendiente
PP-006599,O-006599,PR-00531,Mendes S.A.,2025-08-07,60 días,2025-10-06,2025-08-25,3130.88,Pagado
PP-006600,O-006600,PR-01146,Silva,2025-07-24,Contado,2025-07-24,,3985.64,Pendiente
PP-006601,O-006601,PR-00562,Cassiano da Paz - EI,2025-07-02,30 días,2025-08-01,2025-07-09,5982.6,Pagado
PP-006602,O-006602,PR-01312,Oliveira Marques S/A,2025-07-07,30 días,2025-08-06,2025-07-23,2470.66,Pagado
PP-006603,O-006603,PR-00550,Barbosa,2025-07-15,Contado,2025-07-15,,9235.76,Pendiente
PP-006604,O-006604,PR-00551,Dias S.A.,2025-07-08,90 días,2025-10-06,,2876.25,Pendiente
PP-006605,O-006605,PR-00527,Vieira S/A,2025-08-04,60 días,2025-10-03,,5050.35,Pendiente
PP-006606,O-006606,PR-00530,Sá Ltda.,2025-08-21,90 días,2025-11-19,,5317.29,Pendiente
PP-006607,O-006607,PR-00532,Gomes,2025-07-04,30 días,2025-08-03,,903.35,Retrasado
PP-006608,O-006608,PR-01315,Barbosa,2025-08-19,90 días,2025-11-17,2025-09-06,6937.32,Pagado
PP-006609,O-006609,PR-00783,Caldeira da Rocha - ME,2025-08-21,60 días,2025-10-20,,2631.38,Pendiente
PP-006610,O-006610,PR-00837,Martins,2025-07-02,60 días,2025-08-31,2025-08-29,2104.92,Pagado
PP-006611,O-006611,PR-00525,Ribeiro Jesus S/A,2025-07-17,60 días,2025-09-15,2025-09-04,453.68,Pagado
PP-006612,O-006612,PR-00525,Ribeiro Jesus S/A,2025-08-11,60 días,2025-10-10,2025-10-05,2167.26,Pagado
PP-006613,O-006613,PR-01298,Câmara Sampaio Ltda.,2025-08-10,90 días,2025-11-08,2025-10-11,6475.98,Pagado
PP-006614,O-006614,PR-00528,Barros S.A.,2025-08-12,60 días,2025-10-11,2025-09-16,1197.68,Pagado
PP-006615,O-006615,PR-00528,Barros S.A.,2025-08-15,60 días,2025-10-14,,3085.6,Pendiente
PP-006616,O-006616,PR-00531,Mendes S.A.,2025-07-14,60 días,2025-09-12,2025-08-27,7423.52,Pagado
PP-006617,O-006617,PR-00531,Mendes S.A.,2025-08-14,60 días,2025-10-13,,7177.84,Pendiente
PP-006618,O-006618,PR-01315,Barbosa,2025-08-05,90 días,2025-11-03,,7606.56,Pendiente
PP-006619,O-006619,PR-01251,Viana,2025-07-22,60 días,2025-09-20,,1163.66,Pendiente
PP-006620,O-006620,PR-01395,Cardoso,2025-08-06,90 días,2025-11-04,,2960.55,Pendiente
PP-006621,O-006621,PR-01269,Nunes,2025-08-20,60 días,2025-10-19,,3311.0,Pendiente
PP-006622,O-006622,PR-00564,Cardoso,2025-07-26,60 días,2025-09-24,2025-08-13,2835.25,Pagado
PP-006623,O-006623,PR-00783,Caldeira da Rocha - ME,2025-08-10,60 días,2025-10-09,,3179.12,Pendiente
PP-006624,O-006624,PR-00551,Dias S.A.,2025-07-30,90 días,2025-10-28,2025-08-02,849.87,Pagado
PP-006625,O-006625,PR-00552,Farias Ltda.,2025-07-02,30 días,2025-08-01,,3831.3,Pendiente
PP-006626,O-006626,PR-00523,Cardoso e Filhos,2025-07-14,90 días,2025-10-12,,901.0,Pendiente
PP-006627,O-006627,PR-00888,Peixoto,2025-08-07,30 días,2025-09-06,2025-09-03,458.66,Pagado
PP-006628,O-006628,PR-00525,Ribeiro Jesus S/A,2025-07-11,60 días,2025-09-09,,8975.32,Pendiente
PP-006629,O-006629,PR-01298,Câmara Sampaio Ltda.,2025-08-05,90 días,2025-11-03,2025-09-15,1025.46,Pagado
PP-006630,O-006630,PR-01298,Câmara Sampaio Ltda.,2025-08-21,90 días,2025-11-19,2025-11-07,8048.81,Pagado
PP-006631,O-006631,PR-00529,Gonçalves Ltda.,2025-07-21,60 días,2025-09-19,,5112.75,Pendiente
PP-006632,O-006632,PR-01033,Abreu e Filhos,2025-07-27,60 días,2025-09-25,2025-09-15,5510.04,Pagado
PP-006633,O-006633,PR-01312,Oliveira Marques S/A,2025-07-05,30 días,2025-08-04,2025-07-12,8298.29,Pagado
PP-006634,O-006634,PR-01080,Novais,2025-08-26,Contado,2025-08-26,,1705.28,Retrasado
PP-006635,O-006635,PR-00526,Dias,2025-07-17,90 días,2025-10-15,,4252.56,Pendiente
PP-006636,O-006636,PR-01033,Abreu e Filhos,2025-08-17,60 días,2025-10-16,2025-09-16,733.38,Pagado
PP-006637,O-006637,PR-01033,Abreu e Filhos,2025-08-14,60 días,2025-10-13,2025-09-05,1486.54,Pagado
PP-006638,O-006638,PR-00646,Pastor Duarte S.A.,2025-07-21,60 días,2025-09-19,,5694.08,Pendiente
PP-006639,O-006639,PR-00525,Ribeiro Jesus S/A,2025-07-25,60 días,2025-09-23,,1370.94,Pendiente
PP-006640,O-006640,PR-01298,Câmara Sampaio Ltda.,2025-08-12,90 días,2025-11-10,2025-08-22,4574.57,Pagado
PP-006641,O-006641,PR-00526,Dias,2025-08-02,90 días,2025-10-31,2025-10-03,534.89,Pagado
PP-006642,O-006642,PR-00564,Cardoso,2025-08-12,60 días,2025-10-11,2025-09-23,2216.93,Pagado
PP-006643,O-006643,PR-00783,Caldeira da Rocha - ME,2025-07-18,60 días,2025-09-16,2025-07-19,5027.2,Pagado
PP-006644,O-006644,PR-00783,Caldeira da Rocha - ME,2025-07-23,60 días,2025-09-21,,10966.56,Pendiente
PP-006645,O-006645,PR-01080,Novais,2025-07-16,Contado,2025-07-16,,6667.65,Pendiente
PP-006646,O-006646,PR-00525,Ribeiro Jesus S/A,2025-08-06,60 días,2025-10-05,,6184.83,Pendiente
PP-006647,O-006647,PR-00525,Ribeiro Jesus S/A,2025-07-05,60 días,2025-09-03,,4084.21,Pendiente
PP-006648,O-006648,PR-00527,Vieira S/A,2025-07-16,60 días,2025-09-14,2025-08-21,4949.2,Pagado
PP-006649,O-006649,PR-01028,Peixoto Costa e Filhos,2025-07-04,90 días,2025-10-02,2025-08-30,3183.3,Pagado
PP-006650,O-006650,PR-00562,Cassiano da Paz - EI,2025-07-18,30 días,2025-08-17,2025-07-19,9998.52,Pagado
PP-006651,O-006651,PR-00691,Aragão Sousa S/A,2025-07-14,90 días,2025-10-12,2025-09-13,644.8,Pagado
PP-006652,O-006652,PR-00783,Caldeira da Rocha - ME,2025-08-27,60 días,2025-10-26,2025-09-15,6614.61,Pagado
PP-006653,O-006653,PR-00707,Moraes,2025-07-22,90 días,2025-10-20,,1569.98,Pendiente
PP-006654,O-006654,PR-00554,Albuquerque da Mata S/A,2025-08-14,90 días,2025-11-12,2025-11-10,2196.9,Pagado
PP-006655,O-006655,PR-01053,Ramos da Rosa Ltda.,2025-08-19,90 días,2025-11-17,,1210.86,Pendiente
PP-006656,O-006656,PR-00888,Peixoto,2025-08-01,30 días,2025-08-31,2025-08-18,4115.1,Pagado
PP-006657,O-006657,PR-00526,Dias,2025-07-23,90 días,2025-10-21,,3759.15,Pendiente
PP-006658,O-006658,PR-00527,Vieira S/A,2025-08-21,60 días,2025-10-20,2025-09-12,816.8,Pagado
PP-006659,O-006659,PR-01395,Cardoso,2025-07-09,90 días,2025-10-07,,5988.84,Pendiente
PP-006660,O-006660,PR-01312,Oliveira Marques S/A,2025-07-12,30 días,2025-08-11,2025-07-13,6286.14,Pagado
PP-006661,O-006661,PR-00783,Caldeira da Rocha - ME,2025-07-18,60 días,2025-09-16,,4854.52,Pendiente
PP-006662,O-006662,PR-00783,Caldeira da Rocha - ME,2025-07-11,60 días,2025-09-09,,11244.75,Pendiente
PP-006663,O-006663,PR-00551,Dias S.A.,2025-08-23,90 días,2025-11-21,,677.91,Pendiente
PP-006664,O-006664,PR-00715,Cardoso,2025-07-25,60 días,2025-09-23,,301.0,Pendiente
PP-006665,O-006665,PR-01406,Rodrigues S/A,2025-08-17,90 días,2025-11-15,,4968.46,Pendiente
PP-006666,O-006666,PR-00523,Cardoso e Filhos,2025-08-05,90 días,2025-11-03,,5295.92,Pendiente
PP-006667,O-006667,PR-00837,Martins,2025-07-19,60 días,2025-09-17,,2765.2,Pendiente
PP-006668,O-006668,PR-00888,Peixoto,2025-08-06,30 días,2025-09-05,,2569.02,Pendiente
PP-006669,O-006669,PR-00524,Pinto S.A.,2025-08-23,60 días,2025-10-22,,2723.39,Pendiente
PP-006670,O-006670,PR-00525,Ribeiro Jesus S/A,2025-08-01,60 días,2025-09-30,2025-08-03,10598.7,Pagado
PP-006671,O-006671,PR-01298,Câmara Sampaio Ltda.,2025-08-24,90 días,2025-11-22,2025-11-20,6471.75,Pagado
PP-006672,O-006672,PR-01251,Viana,2025-08-22,60 días,2025-10-21,,260.28,Pendiente
PP-006673,O-006673,PR-00918,da Mota Ltda.,2025-07-20,90 días,2025-10-18,,12285.9,Pendiente
PP-006674,O-006674,PR-00561,Casa Grande,2025-07-04,90 días,2025-10-02,2025-08-21,5820.54,Pagado
PP-006675,O-006675,PR-01269,Nunes,2025-08-01,60 días,2025-09-30,2025-08-23,2503.2,Pagado
PP-006676,O-006676,PR-00783,Caldeira da Rocha - ME,2025-08-11,60 días,2025-10-10,2025-08-11,3429.16,Pagado
PP-006677,O-006677,PR-00554,Albuquerque da Mata S/A,2025-08-12,90 días,2025-11-10,,11087.72,Pendiente
PP-006678,O-006678,PR-00554,Albuquerque da Mata S/A,2025-08-02,90 días,2025-10-31,2025-10-05,7806.17,Pagado
PP-006679,O-006679,PR-00523,Cardoso e Filhos,2025-08-04,90 días,2025-11-02,2025-10-03,10106.25,Pagado
PP-006680,O-006680,PR-00525,Ribeiro Jesus S/A,2025-08-24,60 días,2025-10-23,2025-09-22,6266.04,Pagado
PP-006681,O-006681,PR-01298,Câmara Sampaio Ltda.,2025-08-02,90 días,2025-10-31,2025-10-07,2881.0,Pagado
PP-006682,O-006682,PR-00527,Vieira S/A,2025-08-06,60 días,2025-10-05,2025-09-14,4105.91,Pagado
PP-006683,O-006683,PR-00527,Vieira S/A,2025-07-12,60 días,2025-09-10,2025-08-12,2724.15,Pagado
PP-006684,O-006684,PR-00897,Moreira S/A,2025-08-28,60 días,2025-10-27,2025-09-10,3105.96,Pagado
PP-006685,O-006685,PR-00897,Moreira S/A,2025-07-04,60 días,2025-09-02,,4413.12,Pendiente
PP-006686,O-006686,PR-00550,Barbosa,2025-07-08,Contado,2025-07-08,2025-07-08,8857.48,Pagado
PP-006687,O-006687,PR-00551,Dias S.A.,2025-07-20,90 días,2025-10-18,,3380.65,Pendiente
PP-006688,O-006688,PR-00553,Costa Gomes Ltda.,2025-08-01,Contado,2025-08-01,2025-08-01,3555.2,Pagado
PP-006689,O-006689,PR-00525,Ribeiro Jesus S/A,2025-07-15,60 días,2025-09-13,2025-09-09,13420.65,Pagado
PP-006690,O-006690,PR-00527,Vieira S/A,2025-08-10,60 días,2025-10-09,2025-08-20,805.62,Pagado
PP-006691,O-006691,PR-01018,Cirino da Costa - ME,2025-07-21,60 días,2025-09-19,,3075.6,Pendiente
PP-006692,O-006692,PR-00561,Casa Grande,2025-08-18,90 días,2025-11-16,2025-09-02,6162.22,Pagado
PP-006693,O-006693,PR-01395,Cardoso,2025-07-28,90 días,2025-10-26,,561.2,Pendiente
PP-006694,O-006694,PR-00551,Dias S.A.,2025-07-14,90 días,2025-10-12,,9242.34,Pendiente
PP-006695,O-006695,PR-00551,Dias S.A.,2025-08-10,90 días,2025-11-08,,6982.36,Pendiente
PP-006696,O-006696,PR-00784,Souza Leão Ltda.,2025-07-24,90 días,2025-10-22,2025-10-04,3833.76,Pagado
PP-006697,O-006697,PR-00715,Cardoso,2025-07-01,60 días,2025-08-30,2025-07-10,2387.84,Pagado
PP-006698,O-006698,PR-00552,Farias Ltda.,2025-08-15,30 días,2025-09-14,2025-08-25,4389.0,Pagado
PP-006699,O-006699,PR-00759,Fernandes,2025-07-28,90 días,2025-10-26,,10336.2,Pendiente
PP-006700,O-006700,PR-00554,Albuquerque da Mata S/A,2025-07-06,90 días,2025-10-04,2025-08-14,5773.88,Pagado
PP-006701,O-006701,PR-00888,Peixoto,2025-08-06,30 días,2025-09-05,2025-08-27,7594.44,Pagado
PP-006702,O-006702,PR-00897,Moreira S/A,2025-07-26,60 días,2025-09-24,2025-08-22,8371.2,Pagado
PP-006703,O-006703,PR-00918,da Mota Ltda.,2025-08-08,90 días,2025-11-06,,4238.35,Pendiente
PP-006704,O-006704,PR-01269,Nunes,2025-08-02,60 días,2025-10-01,,2523.14,Pendiente
PP-006705,O-006705,PR-00725,Silveira,2025-07-29,60 días,2025-09-27,2025-08-16,7116.31,Pagado
PP-006706,O-006706,PR-00564,Cardoso,2025-07-05,60 días,2025-09-03,2025-08-21,5308.6,Pagado
PP-006707,O-006707,PR-00783,Caldeira da Rocha - ME,2025-08-11,60 días,2025-10-10,2025-09-15,4484.48,Pagado
PP-006708,O-006708,PR-00551,Dias S.A.,2025-06-30,90 días,2025-09-28,2025-09-10,2489.4,Pagado
PP-006709,O-006709,PR-00715,Cardoso,2025-08-23,60 días,2025-10-22,,3928.47,Pendiente
PP-006710,O-006710,PR-01406,Rodrigues S/A,2025-07-28,90 días,2025-10-26,,8311.17,Pendiente
PP-006711,O-006711,PR-00837,Martins,2025-08-08,60 días,2025-10-07,2025-09-13,4496.4,Pagado
PP-006712,O-006712,PR-00523,Cardoso e Filhos,2025-08-27,90 días,2025-11-25,,1798.2,Pendiente
PP-006713,O-006713,PR-00837,Martins,2025-07-26,60 días,2025-09-24,2025-09-12,10350.38,Pagado
PP-006714,O-006714,PR-00888,Peixoto,2025-08-15,30 días,2025-09-14,,4867.85,Pendiente
PP-006715,O-006715,PR-01298,Câmara Sampaio Ltda.,2025-08-02,90 días,2025-10-31,2025-08-20,4401.81,Pagado
PP-006716,O-006716,PR-00527,Vieira S/A,2025-06-30,60 días,2025-08-29,,6048.84,Pendiente
PP-006717,O-006717,PR-00562,Cassiano da Paz - EI,2025-07-26,30 días,2025-08-25,2025-08-05,1196.3,Pagado
PP-006718,O-006718,PR-00691,Aragão Sousa S/A,2025-07-13,90 días,2025-10-11,,464.36,Pendiente
PP-006719,O-006719,PR-00550,Barbosa,2025-07-22,Contado,2025-07-22,2025-07-22,11739.15,Pagado
PP-006720,O-006720,PR-00552,Farias Ltda.,2025-08-23,30 días,2025-09-22,2025-08-28,2335.58,Pagado
PP-006721,O-006721,PR-01053,Ramos da Rosa Ltda.,2025-07-29,90 días,2025-10-27,2025-09-21,415.34,Pagado
PP-006722,O-006722,PR-00888,Peixoto,2025-08-16,30 días,2025-09-15,,5962.92,Pendiente
PP-006723,O-006723,PR-01018,Cirino da Costa - ME,2025-08-19,60 días,2025-10-18,2025-09-23,9641.61,Pagado
PP-006724,O-006724,PR-01269,Nunes,2025-07-08,60 días,2025-09-06,,1978.0,Pendiente
PP-006725,O-006725,PR-01269,Nunes,2025-07-16,60 días,2025-09-14,,2503.46,Pendiente
PP-006726,O-006726,PR-00725,Silveira,2025-08-08,60 días,2025-10-07,,6460.65,Pendiente
PP-006727,O-006727,PR-00783,Caldeira da Rocha - ME,2025-07-07,60 días,2025-09-05,2025-07-15,2241.0,Pagado
PP-006728,O-006728,PR-00783,Caldeira da Rocha - ME,2025-07-12,60 días,2025-09-10,2025-09-08,2507.92,Pagado
PP-006729,O-006729,PR-00552,Farias Ltda.,2025-07-20,30 días,2025-08-19,,8821.98,Retrasado
PP-006730,O-006730,PR-01080,Novais,2025-07-29,Contado,2025-07-29,2025-07-29,4265.56,Pagado
PP-006731,O-006731,PR-00553,Costa Gomes Ltda.,2025-08-08,Contado,2025-08-08,2025-08-08,3716.12,Pagado
PP-006732,O-006732,PR-01406,Rodrigues S/A,2025-08-19,90 días,2025-11-17,2025-11-14,3406.96,Pagado
PP-006733,O-006733,PR-00707,Moraes,2025-07-04,90 días,2025-10-02,,6073.62,Pendiente
PP-006734,O-006734,PR-00525,Ribeiro Jesus S/A,2025-07-03,60 días,2025-09-01,2025-08-07,6540.75,Pagado
PP-006735,O-006735,PR-00525,Ribeiro Jesus S/A,2025-08-14,60 días,2025-10-13,2025-08-20,5779.32,Pagado
PP-006736,O-006736,PR-00647,da Mata,2025-07-19,60 días,2025-09-17,2025-08-21,3527.52,Pagado
PP-006737,O-006737,PR-00647,da Mata,2025-07-03,60 días,2025-09-01,2025-07-20,1519.68,Pagado
PP-006738,O-006738,PR-00691,Aragão Sousa S/A,2025-07-28,90 días,2025-10-26,,10194.3,Pendiente
PP-006739,O-006739,PR-00691,Aragão Sousa S/A,2025-07-19,90 días,2025-10-17,,6660.0,Pendiente
PP-006740,O-006740,PR-00783,Caldeira da Rocha - ME,2025-08-04,60 días,2025-10-03,2025-09-30,444.6,Pagado
PP-006741,O-006741,PR-00759,Fernandes,2025-08-18,90 días,2025-11-16,2025-10-23,616.07,Pagado
PP-006742,O-006742,PR-00553,Costa Gomes Ltda.,2025-08-06,Contado,2025-08-06,2025-08-06,13071.64,Pagado
PP-006743,O-006743,PR-01406,Rodrigues S/A,2025-08-15,90 días,2025-11-13,2025-09-02,11208.89,Pagado
PP-006744,O-006744,PR-00527,Vieira S/A,2025-07-18,60 días,2025-09-16,,2055.0,Pendiente
PP-006745,O-006745,PR-01395,Cardoso,2025-08-25,90 días,2025-11-23,,6482.4,Pendiente
PP-006746,O-006746,PR-00562,Cassiano da Paz - EI,2025-07-25,30 días,2025-08-24,2025-08-04,4028.66,Pagado
PP-006747,O-006747,PR-00552,Farias Ltda.,2025-08-12,30 días,2025-09-11,,6497.27,Pendiente
PP-006748,O-006748,PR-01406,Rodrigues S/A,2025-08-01,90 días,2025-10-30,,6153.22,Pendiente
PP-006749,O-006749,PR-01406,Rodrigues S/A,2025-07-16,90 días,2025-10-14,,4640.8,Pendiente
PP-006750,O-006750,PR-00707,Moraes,2025-07-26,90 días,2025-10-24,2025-08-28,10293.84,Pagado
PP-006751,O-006751,PR-01053,Ramos da Rosa Ltda.,2025-07-05,90 días,2025-10-03,2025-09-02,4266.34,Pagado
PP-006752,O-006752,PR-00527,Vieira S/A,2025-07-06,60 días,2025-09-04,,2970.24,Pendiente
PP-006753,O-006753,PR-00527,Vieira S/A,2025-08-20,60 días,2025-10-19,2025-09-17,4768.3,Pagado
PP-006754,O-006754,PR-00561,Casa Grande,2025-08-07,90 días,2025-11-05,2025-10-12,725.41,Pagado
PP-006755,O-006755,PR-00725,Silveira,2025-08-25,60 días,2025-10-24,2025-10-23,3516.48,Pagado
PP-006756,O-006756,PR-00783,Caldeira da Rocha - ME,2025-08-16,60 días,2025-10-15,2025-09-23,2040.39,Pagado
PP-006757,O-006757,PR-00715,Cardoso,2025-07-22,60 días,2025-09-20,2025-08-02,13516.16,Pagado
PP-006758,O-006758,PR-00553,Costa Gomes Ltda.,2025-08-06,Contado,2025-08-06,2025-08-06,4600.47,Pagado
PP-006759,O-006759,PR-01406,Rodrigues S/A,2025-07-08,90 días,2025-10-06,2025-07-28,2572.22,Pagado
PP-006760,O-006760,PR-01406,Rodrigues S/A,2025-08-26,90 días,2025-11-24,2025-09-09,4412.78,Pagado
PP-006761,O-006761,PR-00523,Cardoso e Filhos,2025-08-23,90 días,2025-11-21,,7169.08,Pendiente
PP-006762,O-006762,PR-00837,Martins,2025-08-08,60 días,2025-10-07,,10586.19,Pendiente
PP-006763,O-006763,PR-00888,Peixoto,2025-06-30,30 días,2025-07-30,2025-07-05,3782.08,Pagado
PP-006764,O-006764,PR-00524,Pinto S.A.,2025-07-23,60 días,2025-09-21,2025-08-03,1187.78,Pagado
PP-006765,O-006765,PR-00525,Ribeiro Jesus S/A,2025-08-15,60 días,2025-10-14,,2753.28,Pendiente
PP-006766,O-006766,PR-00525,Ribeiro Jesus S/A,2025-07-15,60 días,2025-09-13,2025-07-15,2977.56,Pagado
PP-006767,O-006767,PR-01298,Câmara Sampaio Ltda.,2025-07-07,90 días,2025-10-05,2025-07-22,5695.95,Pagado
PP-006768,O-006768,PR-01298,Câmara Sampaio Ltda.,2025-07-12,90 días,2025-10-10,2025-10-01,3266.4,Pagado
PP-006769,O-006769,PR-01018,Cirino da Costa - ME,2025-08-05,60 días,2025-10-04,2025-09-21,4234.01,Pagado
PP-006770,O-006770,PR-00610,联通时科科技有限公司,2025-08-21,60 días,2025-10-20,,7806.19,Pendiente
PP-006771,O-006771,PR-00597,银嘉科技有限公司,2025-07-31,60 días,2025-09-29,,6469.68,Pendiente
PP-006772,O-006772,PR-00597,银嘉科技有限公司,2025-08-17,60 días,2025-10-16,,2081.42,Pendiente
PP-006773,O-006773,PR-00782,毕博诚传媒有限公司,2025-08-15,60 días,2025-10-14,,3417.15,Pendiente
PP-006774,O-006774,PR-00600,图龙信息网络有限公司,2025-08-21,90 días,2025-11-19,2025-10-17,3744.14,Pagado
PP-006775,O-006775,PR-00739,诺依曼软件科技有限公司,2025-07-02,Contado,2025-07-02,,1781.76,Pendiente
PP-006776,O-006776,PR-01219,四通科技有限公司,2025-07-26,90 días,2025-10-24,,265.2,Pendiente
PP-006777,O-006777,PR-01219,四通科技有限公司,2025-07-23,90 días,2025-10-21,2025-07-29,4771.25,Pagado
PP-006778,O-006778,PR-00697,盟新科技有限公司,2025-07-04,30 días,2025-08-03,2025-07-09,6807.32,Pagado
PP-006779,O-006779,PR-00574,海创信息有限公司,2025-07-19,60 días,2025-09-17,,1846.04,Pendiente
PP-006780,O-006780,PR-01336,网新恒天传媒有限公司,2025-07-31,60 días,2025-09-29,2025-09-26,4666.27,Pagado
PP-006781,O-006781,PR-00602,七喜网络有限公司,2025-08-02,60 días,2025-10-01,2025-09-27,11549.8,Pagado
PP-006782,O-006782,PR-01240,双敏电子科技有限公司,2025-08-16,Contado,2025-08-16,,6547.45,Pendiente
PP-006783,O-006783,PR-00997,东方峻景科技有限公司,2025-07-23,30 días,2025-08-22,2025-07-24,928.48,Pagado
PP-006784,O-006784,PR-00605,立信电子科技有限公司,2025-08-12,30 días,2025-09-11,,6541.36,Pendiente
PP-006785,O-006785,PR-01313,新宇龙信息网络有限公司,2025-07-05,Contado,2025-07-05,2025-07-05,8832.72,Pagado
PP-006786,O-006786,PR-01010,联软信息有限公司,2025-07-17,90 días,2025-10-15,2025-10-13,11276.25,Pagado
PP-006787,O-006787,PR-01019,华成育卓网络有限公司,2025-08-13,Contado,2025-08-13,2025-08-13,9712.3,Pagado
PP-006788,O-006788,PR-00855,快讯网络有限公司,2025-08-21,90 días,2025-11-19,,12005.82,Pendiente
PP-006789,O-006789,PR-01390,商软冠联信息有限公司,2025-08-19,60 días,2025-10-18,2025-08-25,2459.36,Pagado
PP-006790,O-006790,PR-00568,迪摩信息有限公司,2025-08-06,90 días,2025-11-04,2025-10-09,6006.0,Pagado
PP-006791,O-006791,PR-00585,巨奥传媒有限公司,2025-06-30,90 días,2025-09-28,,1713.15,Pendiente
PP-006792,O-006792,PR-00586,通际名联传媒有限公司,2025-08-06,90 días,2025-11-04,,3832.58,Pendiente
PP-006793,O-006793,PR-00586,通际名联传媒有限公司,2025-07-13,90 días,2025-10-11,,1594.48,Pendiente
PP-006794,O-006794,PR-00924,维涛传媒有限公司,2025-07-06,90 días,2025-10-04,2025-08-13,4055.04,Pagado
PP-006795,O-006795,PR-01010,联软信息有限公司,2025-08-23,90 días,2025-11-21,2025-10-15,2814.7,Pagado
PP-006796,O-006796,PR-00580,晖来计算机科技有限公司,2025-08-08,30 días,2025-09-07,2025-08-11,3763.11,Pagado
PP-006797,O-006797,PR-00590,黄石金承传媒有限公司,2025-07-13,30 días,2025-08-12,2025-07-20,2342.0,Pagado
PP-006798,O-006798,PR-00591,鸿睿思博信息有限公司,2025-08-28,90 días,2025-11-26,2025-10-03,2142.63,Pagado
PP-006799,O-006799,PR-00591,鸿睿思博信息有限公司,2025-07-31,90 días,2025-10-29,,5955.0,Pendiente
PP-006800,O-006800,PR-00594,迪摩网络有限公司,2025-08-20,30 días,2025-09-19,2025-09-11,723.76,Pagado
PP-006801,O-006801,PR-00596,群英传媒有限公司,2025-07-26,90 días,2025-10-24,,2215.08,Pendiente
PP-006802,O-006802,PR-00596,群英传媒有限公司,2025-08-16,90 días,2025-11-14,2025-10-25,555.84,Pagado
PP-006803,O-006803,PR-00608,同兴万点网络有限公司,2025-07-12,60 días,2025-09-10,,6654.2,Pendiente
PP-006804,O-006804,PR-00611,恒聪百汇传媒有限公司,2025-08-06,90 días,2025-11-04,2025-10-21,6212.0,Pagado
PP-006805,O-006805,PR-00611,恒聪百汇传媒有限公司,2025-07-15,90 días,2025-10-13,2025-08-11,6560.73,Pagado
PP-006806,O-006806,PR-00597,银嘉科技有限公司,2025-07-27,60 días,2025-09-25,2025-08-31,6562.56,Pagado
PP-006807,O-006807,PR-00599,思优科技有限公司,2025-07-09,30 días,2025-08-08,2025-07-21,6653.7,Pagado
PP-006808,O-006808,PR-00782,毕博诚传媒有限公司,2025-07-03,60 días,2025-09-01,2025-07-31,360.0,Pagado
PP-006809,O-006809,PR-00600,图龙信息网络有限公司,2025-07-31,90 días,2025-10-29,,5492.66,Pendiente
PP-006810,O-006810,PR-00913,诺依曼软件传媒有限公司,2025-08-16,90 días,2025-11-14,2025-11-09,6263.04,Pagado
PP-006811,O-006811,PR-00913,诺依曼软件传媒有限公司,2025-08-09,90 días,2025-11-07,,3736.02,Pendiente
PP-006812,O-006812,PR-01219,四通科技有限公司,2025-07-23,90 días,2025-10-21,2025-09-07,2626.8,Pagado
PP-006813,O-006813,PR-00570,商软冠联信息有限公司,2025-07-21,60 días,2025-09-19,2025-09-16,846.23,Pagado
PP-006814,O-006814,PR-00570,商软冠联信息有限公司,2025-07-15,60 días,2025-09-13,,3949.55,Pendiente
PP-006815,O-006815,PR-00573,华成育卓信息有限公司,2025-07-18,90 días,2025-10-16,,6723.75,Pendiente
PP-006816,O-006816,PR-00732,凌云信息有限公司,2025-07-20,60 días,2025-09-18,2025-08-08,3926.72,Pagado
PP-006817,O-006817,PR-01171,浙大万朋网络有限公司,2025-08-25,90 días,2025-11-23,2025-10-26,11948.0,Pagado
PP-006818,O-006818,PR-01266,易动力网络有限公司,2025-08-11,90 días,2025-11-09,,4258.28,Pendiente
PP-006819,O-006819,PR-01171,浙大万朋网络有限公司,2025-07-29,90 días,2025-10-27,2025-10-14,6403.38,Pagado
PP-006820,O-006820,PR-01336,网新恒天传媒有限公司,2025-07-07,60 días,2025-09-05,2025-08-08,7089.32,Pagado
PP-006821,O-006821,PR-00577,东方峻景网络有限公司,2025-08-04,30 días,2025-09-03,2025-08-04,897.0,Pagado
PP-006822,O-006822,PR-00578,开发区世创网络有限公司,2025-08-09,Contado,2025-08-09,,7584.0,Retrasado
PP-006823,O-006823,PR-01288,凌云网络有限公司,2025-08-18,90 días,2025-11-16,,5796.4,Pendiente
PP-006824,O-006824,PR-00605,立信电子科技有限公司,2025-07-20,30 días,2025-08-19,2025-08-05,410.04,Pagado
PP-006825,O-006825,PR-00606,晖来计算机信息有限公司,2025-07-10,60 días,2025-09-08,2025-08-03,2984.15,Pagado
PP-006826,O-006826,PR-01443,维旺明科技有限公司,2025-07-12,90 días,2025-10-10,2025-09-11,5799.85,Pagado
PP-006827,O-006827,PR-01443,维旺明科技有限公司,2025-07-03,90 días,2025-10-01,,2403.1,Pendiente
PP-006828,O-006828,PR-01426,飞利信信息有限公司,2025-08-06,90 días,2025-11-04,2025-09-05,2447.52,Pagado
PP-006829,O-006829,PR-00700,数字100网络有限公司,2025-07-04,90 días,2025-10-02,2025-08-20,11513.76,Pagado
PP-006830,O-006830,PR-01314,超艺科技有限公司,2025-07-01,60 días,2025-08-30,,2605.24,Pendiente
PP-006831,O-006831,PR-00700,数字100网络有限公司,2025-07-15,90 días,2025-10-13,2025-09-09,2815.71,Pagado
PP-006832,O-006832,PR-00751,恩悌信息有限公司,2025-08-24,90 días,2025-11-22,,6236.03,Pendiente
PP-006833,O-006833,PR-01000,襄樊地球村科技有限公司,2025-08-14,90 días,2025-11-12,2025-09-24,5317.2,Pagado
PP-006834,O-006834,PR-01313,新宇龙信息网络有限公司,2025-07-06,Contado,2025-07-06,2025-07-06,1776.6,Pagado
PP-006835,O-006835,PR-00721,襄樊地球村传媒有限公司,2025-07-11,60 días,2025-09-09,,5526.72,Pendiente
PP-006836,O-006836,PR-00798,浙大万朋科技有限公司,2025-07-02,60 días,2025-08-31,2025-08-01,12420.54,Pagado
PP-006837,O-006837,PR-00595,时空盒数字信息有限公司,2025-08-16,Contado,2025-08-16,2025-08-16,3079.3,Pagado
PP-006838,O-006838,PR-00607,彩虹信息有限公司,2025-07-12,90 días,2025-10-10,2025-08-01,1783.04,Pagado
PP-006839,O-006839,PR-00835,思优传媒有限公司,2025-08-03,60 días,2025-10-02,2025-08-14,2165.0,Pagado
PP-006840,O-006840,PR-00610,联通时科科技有限公司,2025-08-24,60 días,2025-10-23,2025-10-06,1663.41,Pagado
PP-006841,O-006841,PR-00610,联通时科科技有限公司,2025-08-16,60 días,2025-10-15,,8005.38,Pendiente
PP-006842,O-006842,PR-00611,恒聪百汇传媒有限公司,2025-07-30,90 días,2025-10-28,2025-09-05,2314.38,Pagado
PP-006843,O-006843,PR-00598,菊风公司传媒有限公司,2025-07-06,90 días,2025-10-04,2025-08-28,5988.45,Pagado
PP-006844,O-006844,PR-00600,图龙信息网络有限公司,2025-07-08,90 días,2025-10-06,,11349.42,Pendiente
PP-006845,O-006845,PR-01050,开发区世创网络有限公司,2025-07-18,60 días,2025-09-16,2025-08-29,4509.15,Pagado
PP-006846,O-006846,PR-00578,开发区世创网络有限公司,2025-08-07,Contado,2025-08-07,2025-08-07,11576.04,Pagado
PP-006847,O-006847,PR-01358,兰金电子科技有限公司,2025-08-01,30 días,2025-08-31,,5907.9,Pendiente
PP-006848,O-006848,PR-00579,泰麒麟科技有限公司,2025-07-11,Contado,2025-07-11,2025-07-11,7097.23,Pagado
PP-006849,O-006849,PR-00579,泰麒麟科技有限公司,2025-07-06,Contado,2025-07-06,,2122.6,Retrasado
PP-006850,O-006850,PR-00579,泰麒麟科技有限公司,2025-07-28,Contado,2025-07-28,2025-07-28,349.6,Pagado
PP-006851,O-006851,PR-01240,双敏电子科技有限公司,2025-08-12,Contado,2025-08-12,2025-08-12,5600.98,Pagado
PP-006852,O-006852,PR-00605,立信电子科技有限公司,2025-07-27,30 días,2025-08-26,2025-08-15,8556.82,Pagado
PP-006853,O-006853,PR-01068,良诺传媒有限公司,2025-07-27,90 días,2025-10-25,2025-08-06,13923.0,Pagado
PP-006854,O-006854,PR-01068,良诺传媒有限公司,2025-08-04,90 días,2025-11-02,,6252.0,Pendiente
PP-006855,O-006855,PR-01313,新宇龙信息网络有限公司,2025-07-26,Contado,2025-07-26,2025-07-26,1487.04,Pagado
PP-006856,O-006856,PR-00582,新宇龙信息网络有限公司,2025-07-03,60 días,2025-09-01,2025-08-29,4856.05,Pagado
PP-006857,O-006857,PR-00583,图龙信息传媒有限公司,2025-07-18,90 días,2025-10-16,2025-08-11,650.44,Pagado
PP-006858,O-006858,PR-00584,联软信息有限公司,2025-07-13,60 días,2025-09-11,2025-07-23,8473.68,Pagado
PP-006859,O-006859,PR-00608,同兴万点网络有限公司,2025-07-05,60 días,2025-09-03,,489.9,Pendiente
PP-006860,O-006860,PR-01117,新格林耐特传媒有限公司,2025-08-14,60 días,2025-10-13,2025-10-10,479.65,Pagado
PP-006861,O-006861,PR-00609,浦华众城科技有限公司,2025-08-09,60 días,2025-10-08,,5888.42,Pendiente
PP-006862,O-006862,PR-00869,浦华众城网络有限公司,2025-07-09,60 días,2025-09-07,,7259.56,Pendiente
PP-006863,O-006863,PR-00610,联通时科科技有限公司,2025-07-28,60 días,2025-09-26,2025-09-15,2187.64,Pagado
PP-006864,O-006864,PR-00792,天开信息有限公司,2025-08-07,30 días,2025-09-06,2025-08-26,406.87,Pagado
PP-006865,O-006865,PR-00599,思优科技有限公司,2025-08-19,30 días,2025-09-18,2025-09-05,10701.56,Pagado
PP-006866,O-006866,PR-00600,图龙信息网络有限公司,2025-07-22,90 días,2025-10-20,2025-09-26,1085.24,Pagado
PP-006867,O-006867,PR-01265,精芯网络有限公司,2025-07-03,90 días,2025-10-01,,10766.25,Pendiente
PP-006868,O-006868,PR-00601,MBP软件信息有限公司,2025-08-28,30 días,2025-09-27,2025-09-06,10868.76,Pagado
PP-006869,O-006869,PR-00578,开发区世创网络有限公司,2025-08-13,Contado,2025-08-13,2025-08-13,6735.69,Pagado
PP-006870,O-006870,PR-00579,泰麒麟科技有限公司,2025-08-21,Contado,2025-08-21,,5351.84,Pendiente
PP-006871,O-006871,PR-01264,济南亿次元科技有限公司,2025-07-09,30 días,2025-08-08,2025-08-03,10134.67,Pagado
PP-006872,O-006872,PR-00602,七喜网络有限公司,2025-08-22,60 días,2025-10-21,2025-09-24,3958.28,Pagado
PP-006873,O-006873,PR-00604,四通科技有限公司,2025-07-02,60 días,2025-08-31,,4656.6,Pendiente
PP-006874,O-006874,PR-00605,立信电子科技有限公司,2025-07-18,30 días,2025-08-17,2025-07-26,6720.78,Pagado
PP-006875,O-006875,PR-00605,立信电子科技有限公司,2025-07-26,30 días,2025-08-25,,2443.02,Pendiente
PP-006876,O-006876,PR-01068,良诺传媒有限公司,2025-07-13,90 días,2025-10-11,2025-09-14,1631.5,Pagado
PP-006877,O-006877,PR-00581,开发区世创传媒有限公司,2025-08-19,60 días,2025-10-18,,3805.56,Pendiente
PP-006878,O-006878,PR-00583,图龙信息传媒有限公司,2025-08-16,90 días,2025-11-14,2025-10-03,5223.4,Pagado
PP-006879,O-006879,PR-01436,浦华众城网络有限公司,2025-07-21,30 días,2025-08-20,2025-07-29,1037.53,Pagado
PP-006880,O-006880,PR-01420,商软冠联科技有限公司,2025-07-18,90 días,2025-10-16,,2004.58,Pendiente
PP-006881,O-006881,PR-00610,联通时科科技有限公司,2025-08-03,60 días,2025-10-02,2025-10-01,9666.54,Pagado
PP-006882,O-006882,PR-00611,恒聪百汇传媒有限公司,2025-07-05,90 días,2025-10-03,2025-08-11,2942.28,Pagado
PP-006883,O-006883,PR-00597,银嘉科技有限公司,2025-08-12,60 días,2025-10-11,2025-08-26,8617.54,Pagado
PP-006884,O-006884,PR-00601,MBP软件信息有限公司,2025-07-18,30 días,2025-08-17,2025-08-08,4023.5,Pagado
PP-006885,O-006885,PR-00574,海创信息有限公司,2025-08-02,60 días,2025-10-01,,8132.25,Pendiente
PP-006886,O-006886,PR-00772,明腾网络有限公司,2025-07-05,30 días,2025-08-04,2025-07-26,1355.48,Pagado
PP-006887,O-006887,PR-00576,恒聪百汇网络有限公司,2025-08-21,90 días,2025-11-19,2025-11-14,2556.0,Pagado
PP-006888,O-006888,PR-00578,开发区世创网络有限公司,2025-08-01,Contado,2025-08-01,2025-08-01,4166.43,Pagado
PP-006889,O-006889,PR-00603,银嘉传媒有限公司,2025-07-08,90 días,2025-10-06,,2867.22,Pendiente
PP-006890,O-006890,PR-01200,和泰传媒有限公司,2025-07-19,90 días,2025-10-17,,9384.0,Pendiente
PP-006891,O-006891,PR-00605,立信电子科技有限公司,2025-07-04,30 días,2025-08-03,,4983.55,Retrasado
PP-006892,O-006892,PR-00605,立信电子科技有限公司,2025-07-16,30 días,2025-08-15,2025-07-24,1204.77,Pagado
PP-006893,O-006893,PR-01017,通际名联信息有限公司,2025-08-26,30 días,2025-09-25,,2871.89,Pendiente
PP-006894,O-006894,PR-00611,恒聪百汇传媒有限公司,2025-07-15,90 días,2025-10-13,2025-08-23,778.44,Pagado
PP-006895,O-006895,PR-00598,菊风公司传媒有限公司,2025-07-21,90 días,2025-10-19,2025-10-15,2111.85,Pagado
PP-006896,O-006896,PR-00791,创汇信息有限公司,2025-07-10,60 días,2025-09-08,,2115.54,Pendiente
PP-006897,O-006897,PR-00600,图龙信息网络有限公司,2025-08-01,90 días,2025-10-30,,8026.2,Pendiente
PP-006898,O-006898,PR-00739,诺依曼软件科技有限公司,2025-08-22,Contado,2025-08-22,2025-08-22,5495.16,Pagado
PP-006899,O-006899,PR-01050,开发区世创网络有限公司,2025-08-15,60 días,2025-10-14,2025-08-28,915.6,Pagado
PP-006900,O-006900,PR-00579,泰麒麟科技有限公司,2025-08-17,Contado,2025-08-17,2025-08-17,6509.1,Pagado
PP-006901,O-006901,PR-00579,泰麒麟科技有限公司,2025-07-04,Contado,2025-07-04,,6895.64,Pendiente
PP-006902,O-006902,PR-00603,银嘉传媒有限公司,2025-07-28,90 días,2025-10-26,,3238.38,Pendiente
PP-006903,O-006903,PR-01240,双敏电子科技有限公司,2025-08-15,Contado,2025-08-15,2025-08-15,2146.2,Pagado
PP-006904,O-006904,PR-00583,图龙信息传媒有限公司,2025-08-14,90 días,2025-11-12,2025-10-16,7683.78,Pagado
PP-006905,O-006905,PR-01049,诺依曼软件网络有限公司,2025-07-08,90 días,2025-10-06,,5189.85,Pendiente
PP-006906,O-006906,PR-00855,快讯网络有限公司,2025-07-13,90 días,2025-10-11,2025-08-08,3127.0,Pagado
PP-006907,O-006907,PR-00584,联软信息有限公司,2025-07-12,60 días,2025-09-10,2025-07-19,2066.82,Pagado
PP-006908,O-006908,PR-01436,浦华众城网络有限公司,2025-07-20,30 días,2025-08-19,2025-08-18,7205.12,Pagado
PP-006909,O-006909,PR-01117,新格林耐特传媒有限公司,2025-08-24,60 días,2025-10-23,2025-09-10,1503.6,Pagado
PP-006910,O-006910,PR-01117,新格林耐特传媒有限公司,2025-08-14,60 días,2025-10-13,2025-09-14,3072.72,Pagado
PP-006911,O-006911,PR-01117,新格林耐特传媒有限公司,2025-07-03,60 días,2025-09-01,2025-08-09,5885.34,Pagado
PP-006912,O-006912,PR-00869,浦华众城网络有限公司,2025-07-06,60 días,2025-09-04,2025-07-20,2278.47,Pagado
PP-006913,O-006913,PR-00609,浦华众城科技有限公司,2025-07-04,60 días,2025-09-02,2025-08-01,10965.78,Pagado
PP-006914,O-006914,PR-00610,联通时科科技有限公司,2025-07-22,60 días,2025-09-20,2025-08-04,6140.16,Pagado
PP-006915,O-006915,PR-00600,图龙信息网络有限公司,2025-07-28,90 días,2025-10-26,,7397.9,Pendiente
PP-006916,O-006916,PR-00600,图龙信息网络有限公司,2025-07-24,90 días,2025-10-22,,942.48,Pendiente
PP-006917,O-006917,PR-00913,诺依曼软件传媒有限公司,2025-07-13,90 días,2025-10-11,2025-09-28,7550.82,Pagado
PP-006918,O-006918,PR-00573,华成育卓信息有限公司,2025-08-05,90 días,2025-11-03,,3652.17,Pendiente
PP-006919,O-006919,PR-01266,易动力网络有限公司,2025-07-13,90 días,2025-10-11,2025-08-11,2793.9,Pagado
PP-006920,O-006920,PR-01171,浙大万朋网络有限公司,2025-07-10,90 días,2025-10-08,,6194.82,Pendiente
PP-006921,O-006921,PR-00579,泰麒麟科技有限公司,2025-08-28,Contado,2025-08-28,2025-08-28,5448.56,Pagado
PP-006922,O-006922,PR-00602,七喜网络有限公司,2025-07-21,60 días,2025-09-19,2025-07-28,3390.47,Pagado
PP-006923,O-006923,PR-00602,七喜网络有限公司,2025-08-11,60 días,2025-10-10,,2574.33,Pendiente
PP-006924,O-006924,PR-01240,双敏电子科技有限公司,2025-08-16,Contado,2025-08-16,2025-08-16,1563.1,Pagado
PP-006925,O-006925,PR-00997,东方峻景科技有限公司,2025-07-11,30 días,2025-08-10,2025-07-26,3064.75,Pagado
PP-006926,O-006926,PR-00605,立信电子科技有限公司,2025-07-30,30 días,2025-08-29,,280.8,Pendiente
PP-006927,O-006927,PR-00605,立信电子科技有限公司,2025-08-05,30 días,2025-09-04,,2041.8,Pendiente
PP-006928,O-006928,PR-00606,晖来计算机信息有限公司,2025-07-10,60 días,2025-09-08,,6175.23,Pendiente
PP-006929,O-006929,PR-00606,晖来计算机信息有限公司,2025-07-01,60 días,2025-08-30,,4122.38,Pendiente
PP-006930,O-006930,PR-01313,新宇龙信息网络有限公司,2025-08-25,Contado,2025-08-25,2025-08-25,1860.18,Pagado
PP-006931,O-006931,PR-00580,晖来计算机科技有限公司,2025-07-27,30 días,2025-08-26,2025-08-19,6488.64,Pagado
PP-006932,O-006932,PR-01443,维旺明科技有限公司,2025-07-08,90 días,2025-10-06,,1445.99,Pendiente
PP-006933,O-006933,PR-00584,联软信息有限公司,2025-07-18,60 días,2025-09-16,2025-08-23,1691.19,Pagado
PP-006934,O-006934,PR-01117,新格林耐特传媒有限公司,2025-08-16,60 días,2025-10-15,,10725.4,Pendiente
PP-006935,O-006935,PR-00610,联通时科科技有限公司,2025-07-09,60 días,2025-09-07,,6527.0,Pendiente
PP-006936,O-006936,PR-00791,创汇信息有限公司,2025-07-10,60 días,2025-09-08,,2001.86,Pendiente
PP-006937,O-006937,PR-00600,图龙信息网络有限公司,2025-08-15,90 días,2025-11-13,2025-09-09,676.0,Pagado
PP-006938,O-006938,PR-01219,四通科技有限公司,2025-07-09,90 días,2025-10-07,2025-10-06,8650.37,Pagado
PP-006939,O-006939,PR-00573,华成育卓信息有限公司,2025-08-06,90 días,2025-11-04,2025-08-31,1406.46,Pagado
PP-006940,O-006940,PR-00573,华成育卓信息有限公司,2025-07-04,90 días,2025-10-02,,1579.95,Pendiente
PP-006941,O-006941,PR-00577,东方峻景网络有限公司,2025-07-29,30 días,2025-08-28,2025-08-18,740.6,Pagado
PP-006942,O-006942,PR-00578,开发区世创网络有限公司,2025-08-11,Contado,2025-08-11,2025-08-11,9520.8,Pagado
PP-006943,O-006943,PR-01264,济南亿次元科技有限公司,2025-08-10,30 días,2025-09-09,,2383.4,Pendiente
PP-006944,O-006944,PR-00579,泰麒麟科技有限公司,2025-07-31,Contado,2025-07-31,2025-07-31,2632.83,Pagado
PP-006945,O-006945,PR-00603,银嘉传媒有限公司,2025-07-26,90 días,2025-10-24,2025-09-13,4844.37,Pagado
PP-006946,O-006946,PR-00604,四通科技有限公司,2025-07-17,60 días,2025-09-15,,6657.92,Pendiente
PP-006947,O-006947,PR-00606,晖来计算机信息有限公司,2025-07-21,60 días,2025-09-19,2025-08-11,4161.11,Pagado
PP-006948,O-006948,PR-00606,晖来计算机信息有限公司,2025-08-23,60 días,2025-10-22,2025-10-03,4485.36,Pagado
PP-006949,O-006949,PR-00581,开发区世创传媒有限公司,2025-07-24,60 días,2025-09-22,2025-08-13,453.9,Pagado
PP-006950,O-006950,PR-01049,诺依曼软件网络有限公司,2025-06-30,90 días,2025-09-28,2025-07-11,5723.59,Pagado
PP-006951,O-006951,PR-01436,浦华众城网络有限公司,2025-08-09,30 días,2025-09-08,,9275.44,Pendiente
PP-006952,O-006952,PR-00597,银嘉科技有限公司,2025-07-21,60 días,2025-09-19,,4499.22,Pendiente
PP-006953,O-006953,PR-00597,银嘉科技有限公司,2025-08-25,60 días,2025-10-24,,3516.9,Pendiente
PP-006954,O-006954,PR-00598,菊风公司传媒有限公司,2025-07-17,90 días,2025-10-15,2025-08-16,1635.29,Pagado
PP-006955,O-006955,PR-00782,毕博诚传媒有限公司,2025-07-11,60 días,2025-09-09,2025-07-11,3168.44,Pagado
PP-006956,O-006956,PR-00782,毕博诚传媒有限公司,2025-08-08,60 días,2025-10-07,,8861.74,Pendiente
PP-006957,O-006957,PR-00570,商软冠联信息有限公司,2025-07-24,60 días,2025-09-22,,7241.39,Pendiente
PP-006958,O-006958,PR-00570,商软冠联信息有限公司,2025-08-08,60 días,2025-10-07,,3889.2,Pendiente
PP-006959,O-006959,PR-00655,创亿科技有限公司,2025-07-23,90 días,2025-10-21,2025-08-26,2232.6,Pagado
PP-006960,O-006960,PR-00573,华成育卓信息有限公司,2025-08-07,90 días,2025-11-05,,7743.72,Pendiente
PP-006961,O-006961,PR-00573,华成育卓信息有限公司,2025-08-13,90 días,2025-11-11,,4859.01,Pendiente
PP-006962,O-006962,PR-00772,明腾网络有限公司,2025-07-15,30 días,2025-08-14,2025-08-08,1245.34,Pagado
PP-006963,O-006963,PR-01336,网新恒天传媒有限公司,2025-07-12,60 días,2025-09-10,2025-09-04,1445.07,Pagado
PP-006964,O-006964,PR-00576,恒聪百汇网络有限公司,2025-07-15,90 días,2025-10-13,,3094.56,Pendiente
PP-006965,O-006965,PR-00577,东方峻景网络有限公司,2025-07-13,30 días,2025-08-12,2025-07-20,2887.08,Pagado
PP-006966,O-006966,PR-00602,七喜网络有限公司,2025-07-07,60 días,2025-09-05,2025-07-31,10535.7,Pagado
PP-006967,O-006967,PR-00605,立信电子科技有限公司,2025-08-05,30 días,2025-09-04,2025-08-12,3613.82,Pagado
PP-006968,O-006968,PR-01019,华成育卓网络有限公司,2025-08-09,Contado,2025-08-09,2025-08-09,8162.13,Pagado
PP-006969,O-006969,PR-01019,华成育卓网络有限公司,2025-07-11,Contado,2025-07-11,,2733.12,Pendiente
PP-006970,O-006970,PR-01443,维旺明科技有限公司,2025-08-20,90 días,2025-11-18,,2132.24,Pendiente
PP-006971,O-006971,PR-01011,易动力科技有限公司,2025-08-22,90 días,2025-11-20,,9235.2,Pendiente
PP-006972,O-006972,PR-00608,同兴万点网络有限公司,2025-08-02,60 días,2025-10-01,2025-08-09,2544.9,Pagado
PP-006973,O-006973,PR-00869,浦华众城网络有限公司,2025-08-18,60 días,2025-10-17,2025-09-27,4240.8,Pagado
PP-006974,O-006974,PR-01420,商软冠联科技有限公司,2025-08-02,90 días,2025-10-31,,11432.5,Pendiente
PP-006975,O-006975,PR-00597,银嘉科技有限公司,2025-08-07,60 días,2025-10-06,,3969.86,Pendiente
PP-006976,O-006976,PR-00600,图龙信息网络有限公司,2025-08-22,90 días,2025-11-20,,3584.05,Pendiente
PP-006977,O-006977,PR-00913,诺依曼软件传媒有限公司,2025-08-06,90 días,2025-11-04,2025-10-30,1382.0,Pagado
PP-006978,O-006978,PR-00697,盟新科技有限公司,2025-08-07,30 días,2025-09-06,,3668.6,Pendiente
PP-006979,O-006979,PR-00662,凌颖信息科技有限公司,2025-07-03,90 días,2025-10-01,2025-08-05,9751.7,Pagado
PP-006980,O-006980,PR-00697,盟新科技有限公司,2025-07-26,30 días,2025-08-25,2025-08-18,7802.52,Pagado
PP-006981,O-006981,PR-00606,晖来计算机信息有限公司,2025-07-18,60 días,2025-09-16,,3680.04,Pendiente
PP-006982,O-006982,PR-00848,银嘉科技有限公司,2025-07-28,Contado,2025-07-28,2025-07-28,1509.9,Pagado
PP-006983,O-006983,PR-01436,浦华众城网络有限公司,2025-07-08,30 días,2025-08-07,2025-07-18,5976.96,Pagado
PP-006984,O-006984,PR-00610,联通时科科技有限公司,2025-07-16,60 días,2025-09-14,,1296.54,Pendiente
PP-006985,O-006985,PR-00597,银嘉科技有限公司,2025-08-26,60 días,2025-10-25,2025-09-22,5391.34,Pagado
PP-006986,O-006986,PR-00792,天开信息有限公司,2025-08-03,30 días,2025-09-02,2025-09-01,7549.36,Pagado
PP-006987,O-006987,PR-00598,菊风公司传媒有限公司,2025-08-25,90 días,2025-11-23,,1771.35,Pendiente
PP-006988,O-006988,PR-00913,诺依曼软件传媒有限公司,2025-08-12,90 días,2025-11-10,2025-10-04,4140.18,Pagado
PP-006989,O-006989,PR-00849,济南亿次元信息有限公司,2025-08-16,60 días,2025-10-15,,894.66,Pendiente
PP-006990,O-006990,PR-00575,襄樊地球村科技有限公司,2025-07-05,60 días,2025-09-03,2025-07-17,7680.16,Pagado
PP-006991,O-006991,PR-01336,网新恒天传媒有限公司,2025-08-23,60 días,2025-10-22,2025-09-17,2768.25,Pagado
PP-006992,O-006992,PR-00607,彩虹信息有限公司,2025-08-02,90 días,2025-10-31,,464.6,Pendiente
PP-006993,O-006993,PR-01420,商软冠联科技有限公司,2025-08-12,90 días,2025-11-10,2025-08-12,1499.52,Pagado
PP-006994,O-006994,PR-00597,银嘉科技有限公司,2025-07-09,60 días,2025-09-07,,8424.78,Pendiente
PP-006995,O-006995,PR-00792,天开信息有限公司,2025-08-19,30 días,2025-09-18,,210.84,Pendiente
PP-006996,O-006996,PR-00782,毕博诚传媒有限公司,2025-08-28,60 días,2025-10-27,2025-10-24,4992.63,Pagado
PP-006997,O-006997,PR-00913,诺依曼软件传媒有限公司,2025-08-11,90 días,2025-11-09,2025-09-07,3542.4,Pagado
PP-006998,O-006998,PR-00662,凌颖信息科技有限公司,2025-07-17,90 días,2025-10-15,,3922.36,Pendiente
PP-006999,O-006999,PR-01358,兰金电子科技有限公司,2025-08-17,30 días,2025-09-16,,10298.11,Pendiente
PP-007000,O-007000,PR-00578,开发区世创网络有限公司,2025-08-16,Contado,2025-08-16,2025-08-16,1127.5,Pagado
PP-007001,O-007001,PR-01436,浦华众城网络有限公司,2025-08-14,30 días,2025-09-13,2025-09-05,11372.24,Pagado
PP-007002,O-007002,PR-00792,天开信息有限公司,2025-08-01,30 días,2025-08-31,2025-08-27,12052.0,Pagado
PP-007003,O-007003,PR-00598,菊风公司传媒有限公司,2025-07-23,90 días,2025-10-21,2025-10-13,5222.36,Pagado
PP-007004,O-007004,PR-00791,创汇信息有限公司,2025-07-04,60 días,2025-09-02,,10060.12,Pendiente
PP-007005,O-007005,PR-00600,图龙信息网络有限公司,2025-08-19,90 días,2025-11-17,2025-09-04,5976.9,Pagado
PP-007006,O-007006,PR-00913,诺依曼软件传媒有限公司,2025-08-27,90 días,2025-11-25,2025-11-02,4462.0,Pagado
PP-007007,O-007007,PR-00662,凌颖信息科技有限公司,2025-07-11,90 días,2025-10-09,,1155.84,Pendiente
PP-007008,O-007008,PR-00772,明腾网络有限公司,2025-07-01,30 días,2025-07-31,2025-07-25,5761.73,Pagado
PP-007009,O-007009,PR-00575,襄樊地球村科技有限公司,2025-07-05,60 días,2025-09-03,2025-07-17,6746.38,Pagado
PP-007010,O-007010,PR-01358,兰金电子科技有限公司,2025-07-10,30 días,2025-08-09,2025-07-25,1291.64,Pagado
PP-007011,O-007011,PR-01264,济南亿次元科技有限公司,2025-07-31,30 días,2025-08-30,,9443.98,Pendiente
PP-007012,O-007012,PR-00579,泰麒麟科技有限公司,2025-08-07,Contado,2025-08-07,,5242.26,Retrasado
PP-007013,O-007013,PR-01011,易动力科技有限公司,2025-07-29,90 días,2025-10-27,2025-08-05,9392.11,Pagado
PP-007014,O-007014,PR-00607,彩虹信息有限公司,2025-07-10,90 días,2025-10-08,,7701.65,Pendiente
PP-007015,O-007015,PR-00869,浦华众城网络有限公司,2025-08-24,60 días,2025-10-23,2025-08-26,4094.8,Pagado
PP-007016,O-007016,PR-00611,恒聪百汇传媒有限公司,2025-07-29,90 días,2025-10-27,,5548.38,Pendiente
PP-007017,O-007017,PR-00598,菊风公司传媒有限公司,2025-08-07,90 días,2025-11-05,2025-09-13,5805.33,Pagado
PP-007018,O-007018,PR-00782,毕博诚传媒有限公司,2025-07-23,60 días,2025-09-21,,6037.2,Pendiente
PP-007019,O-007019,PR-00600,图龙信息网络有限公司,2025-07-19,90 días,2025-10-17,,10562.94,Pendiente
PP-007020,O-007020,PR-00600,图龙信息网络有限公司,2025-07-13,90 días,2025-10-11,,1253.64,Pendiente
PP-007021,O-007021,PR-00739,诺依曼软件科技有限公司,2025-06-30,Contado,2025-06-30,2025-06-30,2146.29,Pagado
PP-007022,O-007022,PR-00697,盟新科技有限公司,2025-08-01,30 días,2025-08-31,,5913.84,Pendiente
PP-007023,O-007023,PR-00573,华成育卓信息有限公司,2025-06-30,90 días,2025-09-28,,915.5,Pendiente
PP-007024,O-007024,PR-00575,襄樊地球村科技有限公司,2025-08-18,60 días,2025-10-17,,8873.58,Pendiente
PP-007025,O-007025,PR-01266,易动力网络有限公司,2025-08-16,90 días,2025-11-14,,14398.56,Pendiente
PP-007026,O-007026,PR-00575,襄樊地球村科技有限公司,2025-08-22,60 días,2025-10-21,2025-09-22,3426.06,Pagado
PP-007027,O-007027,PR-01336,网新恒天传媒有限公司,2025-08-23,60 días,2025-10-22,,1457.82,Pendiente
PP-007028,O-007028,PR-00576,恒聪百汇网络有限公司,2025-07-07,90 días,2025-10-05,,2575.64,Pendiente
PP-007029,O-007029,PR-00576,恒聪百汇网络有限公司,2025-08-03,90 días,2025-11-01,2025-10-16,1519.44,Pagado
PP-007030,O-007030,PR-00577,东方峻景网络有限公司,2025-07-29,30 días,2025-08-28,2025-08-27,3113.72,Pagado
PP-007031,O-007031,PR-01050,开发区世创网络有限公司,2025-08-27,60 días,2025-10-26,2025-10-13,5061.85,Pagado
PP-007032,O-007032,PR-01050,开发区世创网络有限公司,2025-08-21,60 días,2025-10-20,2025-10-10,1704.78,Pagado
PP-007033,O-007033,PR-01288,凌云网络有限公司,2025-08-11,90 días,2025-11-09,,4445.1,Pendiente
PP-007034,O-007034,PR-01288,凌云网络有限公司,2025-07-09,90 días,2025-10-07,,1580.04,Pendiente
PP-007035,O-007035,PR-00608,同兴万点网络有限公司,2025-07-26,60 días,2025-09-24,,3389.77,Pendiente
PP-007036,O-007036,PR-00610,联通时科科技有限公司,2025-08-25,60 días,2025-10-24,2025-09-20,11503.8,Pagado
PP-007037,O-007037,PR-00597,银嘉科技有限公司,2025-07-20,60 días,2025-09-18,2025-08-26,3523.5,Pagado
PP-007038,O-007038,PR-00600,图龙信息网络有限公司,2025-07-23,90 días,2025-10-21,,1163.82,Pendiente
PP-007039,O-007039,PR-00600,图龙信息网络有限公司,2025-07-23,90 días,2025-10-21,,1944.81,Pendiente
PP-007040,O-007040,PR-01265,精芯网络有限公司,2025-07-25,90 días,2025-10-23,2025-10-04,2079.48,Pagado
PP-007041,O-007041,PR-01219,四通科技有限公司,2025-08-18,90 días,2025-11-16,2025-10-24,3045.6,Pagado
PP-007042,O-007042,PR-00573,华成育卓信息有限公司,2025-07-06,90 días,2025-10-04,2025-08-27,7914.72,Pagado
PP-007043,O-007043,PR-01266,易动力网络有限公司,2025-08-04,90 días,2025-11-02,2025-10-11,5121.6,Pagado
PP-007044,O-007044,PR-00575,襄樊地球村科技有限公司,2025-07-25,60 días,2025-09-23,,8255.2,Pendiente
PP-007045,O-007045,PR-00576,恒聪百汇网络有限公司,2025-07-29,90 días,2025-10-27,2025-10-11,3613.98,Pagado
PP-007046,O-007046,PR-01358,兰金电子科技有限公司,2025-08-18,30 días,2025-09-17,,2003.0,Pendiente
PP-007047,O-007047,PR-00579,泰麒麟科技有限公司,2025-08-08,Contado,2025-08-08,,9415.0,Pendiente
PP-007048,O-007048,PR-00607,彩虹信息有限公司,2025-08-14,90 días,2025-11-12,,9131.2,Pendiente
PP-007049,O-007049,PR-00835,思优传媒有限公司,2025-07-11,60 días,2025-09-09,2025-08-14,4372.28,Pagado
PP-007050,O-007050,PR-00869,浦华众城网络有限公司,2025-07-03,60 días,2025-09-01,,2180.05,Pendiente
PP-007051,O-007051,PR-00609,浦华众城科技有限公司,2025-08-08,60 días,2025-10-07,,6698.3,Pendiente
PP-007052,O-007052,PR-00611,恒聪百汇传媒有限公司,2025-07-12,90 días,2025-10-10,2025-10-06,6956.58,Pagado
PP-007053,O-007053,PR-00791,创汇信息有限公司,2025-08-19,60 días,2025-10-18,,6299.64,Pendiente
PP-007054,O-007054,PR-00600,图龙信息网络有限公司,2025-08-20,90 días,2025-11-18,,1468.28,Pendiente
PP-007055,O-007055,PR-01265,精芯网络有限公司,2025-08-24,90 días,2025-11-22,2025-10-08,9481.62,Pagado
PP-007056,O-007056,PR-00697,盟新科技有限公司,2025-08-01,30 días,2025-08-31,2025-08-11,2451.95,Pagado
PP-007057,O-007057,PR-00572,四通信息有限公司,2025-08-21,60 días,2025-10-20,,12671.8,Pendiente
PP-007058,O-007058,PR-00573,华成育卓信息有限公司,2025-07-19,90 días,2025-10-17,2025-09-30,3281.93,Pagado
PP-007059,O-007059,PR-01336,网新恒天传媒有限公司,2025-08-07,60 días,2025-10-06,2025-08-23,4223.34,Pagado
PP-007060,O-007060,PR-00579,泰麒麟科技有限公司,2025-08-17,Contado,2025-08-17,,1404.52,Retrasado
PP-007061,O-007061,PR-01288,凌云网络有限公司,2025-08-05,90 días,2025-11-03,,240.96,Pendiente
PP-007062,O-007062,PR-01436,浦华众城网络有限公司,2025-08-25,30 días,2025-09-24,2025-08-30,8016.12,Pagado
PP-007063,O-007063,PR-00608,同兴万点网络有限公司,2025-07-21,60 días,2025-09-19,,8815.19,Pendiente
PP-007064,O-007064,PR-00610,联通时科科技有限公司,2025-08-15,60 días,2025-10-14,2025-09-18,3613.64,Pagado
PP-007065,O-007065,PR-00610,联通时科科技有限公司,2025-08-07,60 días,2025-10-06,2025-09-06,2275.7,Pagado
PP-007066,O-007066,PR-00610,联通时科科技有限公司,2025-08-04,60 días,2025-10-03,,1106.0,Pendiente
PP-007067,O-007067,PR-00598,菊风公司传媒有限公司,2025-08-02,90 días,2025-10-31,2025-10-25,11558.04,Pagado
PP-007068,O-007068,PR-00739,诺依曼软件科技有限公司,2025-07-02,Contado,2025-07-02,,14109.12,Retrasado
PP-007069,O-007069,PR-00655,创亿科技有限公司,2025-07-15,90 días,2025-10-13,2025-09-30,6991.77,Pagado
PP-007070,O-007070,PR-00661,创联世纪传媒有限公司,2025-07-18,30 días,2025-08-17,,3962.8,Retrasado
PP-007071,O-007071,PR-00772,明腾网络有限公司,2025-08-28,30 días,2025-09-27,2025-09-07,4282.96,Pagado
PP-007072,O-007072,PR-01471,富罳信息有限公司,2025-07-11,60 días,2025-09-09,2025-09-05,3995.48,Pagado
PP-007073,O-007073,PR-01336,网新恒天传媒有限公司,2025-07-28,60 días,2025-09-26,,3640.0,Pendiente
PP-007074,O-007074,PR-01336,网新恒天传媒有限公司,2025-07-30,60 días,2025-09-28,,3448.96,Pendiente
PP-007075,O-007075,PR-01050,开发区世创网络有限公司,2025-08-10,60 días,2025-10-09,,3047.49,Pendiente
PP-007076,O-007076,PR-01288,凌云网络有限公司,2025-07-12,90 días,2025-10-10,,6956.85,Pendiente
PP-007077,O-007077,PR-00579,泰麒麟科技有限公司,2025-07-18,Contado,2025-07-18,2025-07-18,214.65,Pagado
PP-007078,O-007078,PR-01436,浦华众城网络有限公司,2025-07-17,30 días,2025-08-16,,1976.95,Retrasado
PP-007079,O-007079,PR-00611,恒聪百汇传媒有限公司,2025-07-12,90 días,2025-10-10,2025-09-18,5173.0,Pagado
PP-007080,O-007080,PR-00792,天开信息有限公司,2025-07-07,30 días,2025-08-06,,2861.02,Pendiente
PP-007081,O-007081,PR-00600,图龙信息网络有限公司,2025-08-20,90 días,2025-11-18,2025-10-08,1082.48,Pagado
PP-007082,O-007082,PR-00601,MBP软件信息有限公司,2025-07-27,30 días,2025-08-26,2025-08-04,4686.4,Pagado
PP-007083,O-007083,PR-00571,黄石金承网络有限公司,2025-07-08,30 días,2025-08-07,,959.48,Retrasado
PP-007084,O-007084,PR-00849,济南亿次元信息有限公司,2025-06-30,60 días,2025-08-29,2025-08-11,5401.76,Pagado
PP-007085,O-007085,PR-00573,华成育卓信息有限公司,2025-07-28,90 días,2025-10-26,2025-10-09,853.86,Pagado
PP-007086,O-007086,PR-01471,富罳信息有限公司,2025-07-18,60 días,2025-09-16,2025-09-15,2575.5,Pagado
PP-007087,O-007087,PR-01266,易动力网络有限公司,2025-08-26,90 días,2025-11-24,,5481.58,Pendiente
PP-007088,O-007088,PR-01336,网新恒天传媒有限公司,2025-07-21,60 días,2025-09-19,2025-07-26,5837.04,Pagado
PP-007089,O-007089,PR-00577,东方峻景网络有限公司,2025-08-25,30 días,2025-09-24,2025-09-15,10546.84,Pagado
PP-007090,O-007090,PR-01358,兰金电子科技有限公司,2025-08-20,30 días,2025-09-19,,9108.26,Pendiente
PP-007091,O-007091,PR-01358,兰金电子科技有限公司,2025-07-22,30 días,2025-08-21,,344.08,Retrasado
PP-007092,O-007092,PR-01436,浦华众城网络有限公司,2025-07-27,30 días,2025-08-26,,6884.7,Retrasado
PP-007093,O-007093,PR-00610,联通时科科技有限公司,2025-08-21,60 días,2025-10-20,,8478.6,Pendiente
PP-007094,O-007094,PR-00600,图龙信息网络有限公司,2025-08-28,90 días,2025-11-26,2025-10-02,6745.98,Pagado
PP-007095,O-007095,PR-00600,图龙信息网络有限公司,2025-08-01,90 días,2025-10-30,2025-09-25,7441.92,Pagado
PP-007096,O-007096,PR-00600,图龙信息网络有限公司,2025-07-27,90 días,2025-10-25,2025-10-22,4785.55,Pagado
PP-007097,O-007097,PR-00575,襄樊地球村科技有限公司,2025-08-03,60 días,2025-10-02,2025-08-14,1428.18,Pagado
PP-007098,O-007098,PR-01050,开发区世创网络有限公司,2025-08-10,60 días,2025-10-09,2025-08-17,3700.97,Pagado
PP-007099,O-007099,PR-00577,东方峻景网络有限公司,2025-08-06,30 días,2025-09-05,2025-08-25,1022.58,Pagado
PP-007100,O-007100,PR-00869,浦华众城网络有限公司,2025-07-08,60 días,2025-09-06,,5855.34,Pendiente
PP-007101,O-007101,PR-00597,银嘉科技有限公司,2025-07-16,60 días,2025-09-14,2025-08-12,1604.0,Pagado
PP-007102,O-007102,PR-00739,诺依曼软件科技有限公司,2025-08-22,Contado,2025-08-22,,1064.18,Retrasado
PP-007103,O-007103,PR-00739,诺依曼软件科技有限公司,2025-08-08,Contado,2025-08-08,,7125.62,Pendiente
PP-007104,O-007104,PR-00662,凌颖信息科技有限公司,2025-07-17,90 días,2025-10-15,,3567.6,Pendiente
PP-007105,O-007105,PR-00655,创亿科技有限公司,2025-08-04,90 días,2025-11-02,,1256.97,Pendiente
PP-007106,O-007106,PR-00655,创亿科技有限公司,2025-07-24,90 días,2025-10-22,,5204.78,Pendiente
PP-007107,O-007107,PR-00573,华成育卓信息有限公司,2025-07-24,90 días,2025-10-22,2025-10-04,1555.4,Pagado
PP-007108,O-007108,PR-01336,网新恒天传媒有限公司,2025-07-06,60 días,2025-09-04,,1903.32,Pendiente
PP-007109,O-007109,PR-00578,开发区世创网络有限公司,2025-08-15,Contado,2025-08-15,2025-08-15,8924.96,Pagado
PP-007110,O-007110,PR-00579,泰麒麟科技有限公司,2025-07-01,Contado,2025-07-01,2025-07-01,9472.54,Pagado
PP-007111,O-007111,PR-01288,凌云网络有限公司,2025-08-27,90 días,2025-11-25,,7384.35,Pendiente
PP-007112,O-007112,PR-00835,思优传媒有限公司,2025-08-12,60 días,2025-10-11,,11376.12,Pendiente
PP-007113,O-007113,PR-00610,联通时科科技有限公司,2025-07-22,60 días,2025-09-20,2025-08-29,3025.28,Pagado
PP-007114,O-007114,PR-00611,恒聪百汇传媒有限公司,2025-08-07,90 días,2025-11-05,,8106.54,Pendiente
PP-007115,O-007115,PR-00792,天开信息有限公司,2025-08-05,30 días,2025-09-04,2025-09-02,9802.32,Pagado
PP-007116,O-007116,PR-01265,精芯网络有限公司,2025-08-10,90 días,2025-11-08,,9419.41,Pendiente
PP-007117,O-007117,PR-00570,商软冠联信息有限公司,2025-07-25,60 días,2025-09-23,,3494.5,Pendiente
PP-007118,O-007118,PR-00662,凌颖信息科技有限公司,2025-08-20,90 días,2025-11-18,,6445.56,Pendiente
PP-007119,O-007119,PR-00849,济南亿次元信息有限公司,2025-08-18,60 días,2025-10-17,2025-09-30,11669.0,Pagado
PP-007120,O-007120,PR-00772,明腾网络有限公司,2025-07-05,30 días,2025-08-04,,5543.2,Retrasado
PP-007121,O-007121,PR-01266,易动力网络有限公司,2025-08-27,90 días,2025-11-25,,1796.13,Pendiente
PP-007122,O-007122,PR-00576,恒聪百汇网络有限公司,2025-08-20,90 días,2025-11-18,2025-10-16,4495.05,Pagado
PP-007123,O-007123,PR-00577,东方峻景网络有限公司,2025-08-03,30 días,2025-09-02,,3868.16,Pendiente
PP-007124,O-007124,PR-01264,济南亿次元科技有限公司,2025-08-02,30 días,2025-09-01,2025-08-23,633.88,Pagado
PP-007125,O-007125,PR-00607,彩虹信息有限公司,2025-08-02,90 días,2025-10-31,2025-10-13,5393.24,Pagado
PP-007126,O-007126,PR-00597,银嘉科技有限公司,2025-07-18,60 días,2025-09-16,,3799.2,Pendiente
PP-007127,O-007127,PR-00598,菊风公司传媒有限公司,2025-08-20,90 días,2025-11-18,2025-09-04,1152.16,Pagado
PP-007128,O-007128,PR-00791,创汇信息有限公司,2025-08-22,60 días,2025-10-21,,4894.86,Pendiente
PP-007129,O-007129,PR-00600,图龙信息网络有限公司,2025-07-08,90 días,2025-10-06,,11940.32,Pendiente
PP-007130,O-007130,PR-00913,诺依曼软件传媒有限公司,2025-07-03,90 días,2025-10-01,2025-09-23,6298.11,Pagado
PP-007131,O-007131,PR-01219,四通科技有限公司,2025-07-11,90 días,2025-10-09,,4861.78,Pendiente
PP-007132,O-007132,PR-00570,商软冠联信息有限公司,2025-07-17,60 días,2025-09-15,,7942.58,Pendiente
PP-007133,O-007133,PR-00661,创联世纪传媒有限公司,2025-08-10,30 días,2025-09-09,2025-08-20,550.93,Pagado
PP-007134,O-007134,PR-00849,济南亿次元信息有限公司,2025-08-17,60 días,2025-10-16,,1750.4,Pendiente
PP-007135,O-007135,PR-00772,明腾网络有限公司,2025-08-18,30 días,2025-09-17,2025-09-06,7891.84,Pagado
PP-007136,O-007136,PR-00732,凌云信息有限公司,2025-07-04,60 días,2025-09-02,,5837.7,Pendiente
PP-007137,O-007137,PR-00772,明腾网络有限公司,2025-08-07,30 días,2025-09-06,2025-08-10,1382.4,Pagado
PP-007138,O-007138,PR-01171,浙大万朋网络有限公司,2025-07-11,90 días,2025-10-09,2025-08-08,5187.56,Pagado
PP-007139,O-007139,PR-00578,开发区世创网络有限公司,2025-07-18,Contado,2025-07-18,2025-07-18,8104.8,Pagado
PP-007140,O-007140,PR-01358,兰金电子科技有限公司,2025-08-20,30 días,2025-09-19,2025-09-15,9311.88,Pagado
PP-007141,O-007141,PR-00579,泰麒麟科技有限公司,2025-07-10,Contado,2025-07-10,,2888.73,Pendiente
PP-007142,O-007142,PR-01264,济南亿次元科技有限公司,2025-08-28,30 días,2025-09-27,2025-08-28,6207.36,Pagado
PP-007143,O-007143,PR-01420,商软冠联科技有限公司,2025-07-30,90 días,2025-10-28,,6009.5,Pendiente
PP-007144,O-007144,PR-00611,恒聪百汇传媒有限公司,2025-07-26,90 días,2025-10-24,,503.31,Pendiente
PP-007145,O-007145,PR-00611,恒聪百汇传媒有限公司,2025-08-27,90 días,2025-11-25,,1477.8,Pendiente
PP-007146,O-007146,PR-00597,银嘉科技有限公司,2025-07-17,60 días,2025-09-15,,2563.6,Pendiente
PP-007147,O-007147,PR-00597,银嘉科技有限公司,2025-08-21,60 días,2025-10-20,,3822.72,Pendiente
PP-007148,O-007148,PR-00600,图龙信息网络有限公司,2025-08-07,90 días,2025-11-05,2025-09-21,3369.3,Pagado
PP-007149,O-007149,PR-00570,商软冠联信息有限公司,2025-08-03,60 días,2025-10-02,,689.13,Pendiente
PP-007150,O-007150,PR-01219,四通科技有限公司,2025-07-31,90 días,2025-10-29,,7546.0,Pendiente
PP-007151,O-007151,PR-00662,凌颖信息科技有限公司,2025-08-07,90 días,2025-11-05,,5633.4,Pendiente
PP-007152,O-007152,PR-00697,盟新科技有限公司,2025-07-25,30 días,2025-08-24,2025-08-21,3782.28,Pagado
PP-007153,O-007153,PR-00572,四通信息有限公司,2025-07-21,60 días,2025-09-19,,8305.5,Pendiente
PP-007154,O-007154,PR-00573,华成育卓信息有限公司,2025-08-04,90 días,2025-11-02,,790.84,Pendiente
PP-007155,O-007155,PR-00574,海创信息有限公司,2025-07-29,60 días,2025-09-27,,3251.16,Pendiente
PP-007156,O-007156,PR-00577,东方峻景网络有限公司,2025-07-19,30 días,2025-08-18,,2660.18,Retrasado
PP-007157,O-007157,PR-01358,兰金电子科技有限公司,2025-08-21,30 días,2025-09-20,,1766.16,Pendiente
PP-007158,O-007158,PR-00578,开发区世创网络有限公司,2025-08-01,Contado,2025-08-01,,2259.6,Retrasado
PP-007159,O-007159,PR-01436,浦华众城网络有限公司,2025-08-17,30 días,2025-09-16,,11933.68,Pendiente
PP-007160,O-007160,PR-00607,彩虹信息有限公司,2025-07-24,90 días,2025-10-22,2025-08-18,6612.27,Pagado
PP-007161,O-007161,PR-01420,商软冠联科技有限公司,2025-07-01,90 días,2025-09-29,2025-08-18,10413.75,Pagado
PP-007162,O-007162,PR-00611,恒聪百汇传媒有限公司,2025-07-11,90 días,2025-10-09,,11565.84,Pendiente
PP-007163,O-007163,PR-00597,银嘉科技有限公司,2025-07-27,60 días,2025-09-25,,6300.48,Pendiente
PP-007164,O-007164,PR-00597,银嘉科技有限公司,2025-08-01,60 días,2025-09-30,,5556.6,Pendiente
PP-007165,O-007165,PR-00792,天开信息有限公司,2025-07-24,30 días,2025-08-23,2025-08-11,4346.55,Pagado
PP-007166,O-007166,PR-00661,创联世纪传媒有限公司,2025-07-02,30 días,2025-08-01,2025-07-17,946.83,Pagado
PP-007167,O-007167,PR-00573,华成育卓信息有限公司,2025-07-29,90 días,2025-10-27,2025-08-02,10997.14,Pagado
PP-007168,O-007168,PR-00732,凌云信息有限公司,2025-08-19,60 días,2025-10-18,,3317.28,Pendiente
PP-007169,O-007169,PR-00576,恒聪百汇网络有限公司,2025-07-02,90 días,2025-09-30,,8856.1,Pendiente
PP-007170,O-007170,PR-01336,网新恒天传媒有限公司,2025-08-07,60 días,2025-10-06,2025-09-03,4024.91,Pagado
PP-007171,O-007171,PR-00577,东方峻景网络有限公司,2025-08-03,30 días,2025-09-02,2025-08-27,9283.4,Pagado
PP-007172,O-007172,PR-01264,济南亿次元科技有限公司,2025-07-10,30 días,2025-08-09,,3636.0,Pendiente
PP-007173,O-007173,PR-00608,同兴万点网络有限公司,2025-08-06,60 días,2025-10-05,2025-08-31,3420.82,Pagado
PP-007174,O-007174,PR-00835,思优传媒有限公司,2025-07-03,60 días,2025-09-01,2025-07-12,6653.8,Pagado
PP-007175,O-007175,PR-00610,联通时科科技有限公司,2025-07-21,60 días,2025-09-19,2025-09-07,6074.25,Pagado
PP-007176,O-007176,PR-00611,恒聪百汇传媒有限公司,2025-07-18,90 días,2025-10-16,,9594.2,Pendiente
PP-007177,O-007177,PR-00597,银嘉科技有限公司,2025-07-24,60 días,2025-09-22,,8433.18,Pendiente
PP-007178,O-007178,PR-00791,创汇信息有限公司,2025-08-09,60 días,2025-10-08,2025-10-01,13512.96,Pagado
PP-007179,O-007179,PR-00600,图龙信息网络有限公司,2025-08-08,90 días,2025-11-06,2025-10-08,1917.12,Pagado
PP-007180,O-007180,PR-01219,四通科技有限公司,2025-07-25,90 días,2025-10-23,2025-09-30,9183.21,Pagado
PP-007181,O-007181,PR-00662,凌颖信息科技有限公司,2025-07-10,90 días,2025-10-08,,4666.81,Pendiente
PP-007182,O-007182,PR-00655,创亿科技有限公司,2025-07-11,90 días,2025-10-09,,1290.0,Pendiente
PP-007183,O-007183,PR-00573,华成育卓信息有限公司,2025-07-11,90 días,2025-10-09,2025-07-31,6533.46,Pagado
PP-007184,O-007184,PR-00575,襄樊地球村科技有限公司,2025-07-31,60 días,2025-09-29,2025-09-19,2562.0,Pagado
PP-007185,O-007185,PR-00576,恒聪百汇网络有限公司,2025-07-22,90 días,2025-10-20,,683.2,Pendiente
PP-007186,O-007186,PR-00578,开发区世创网络有限公司,2025-08-05,Contado,2025-08-05,2025-08-05,967.26,Pagado
PP-007187,O-007187,PR-01358,兰金电子科技有限公司,2025-07-22,30 días,2025-08-21,2025-08-20,10506.96,Pagado
PP-007188,O-007188,PR-01288,凌云网络有限公司,2025-07-12,90 días,2025-10-10,2025-08-16,5186.0,Pagado
PP-007189,O-007189,PR-00609,浦华众城科技有限公司,2025-07-31,60 días,2025-09-29,2025-08-08,1394.06,Pagado
PP-007190,O-007190,PR-00869,浦华众城网络有限公司,2025-07-04,60 días,2025-09-02,,6646.64,Pendiente
PP-007191,O-007191,PR-00611,恒聪百汇传媒有限公司,2025-08-09,90 días,2025-11-07,,524.16,Pendiente
PP-007192,O-007192,PR-00739,诺依曼软件科技有限公司,2025-07-07,Contado,2025-07-07,2025-07-07,5116.57,Pagado
PP-007193,O-007193,PR-00570,商软冠联信息有限公司,2025-08-11,60 días,2025-10-10,2025-08-16,3290.04,Pagado
PP-007194,O-007194,PR-00662,凌颖信息科技有限公司,2025-07-23,90 días,2025-10-21,2025-07-29,3055.86,Pagado
PP-007195,O-007195,PR-00572,四通信息有限公司,2025-07-10,60 días,2025-09-08,2025-07-17,4571.32,Pagado
PP-007196,O-007196,PR-00661,创联世纪传媒有限公司,2025-08-18,30 días,2025-09-17,2025-09-03,2776.2,Pagado
PP-007197,O-007197,PR-00772,明腾网络有限公司,2025-07-28,30 días,2025-08-27,2025-08-07,4296.8,Pagado
PP-007198,O-007198,PR-01011,易动力科技有限公司,2025-08-19,90 días,2025-11-17,2025-10-08,6953.05,Pagado
PP-007199,O-007199,PR-00610,联通时科科技有限公司,2025-08-09,60 días,2025-10-08,,4596.27,Pendiente
PP-007200,O-007200,PR-00610,联通时科科技有限公司,2025-08-11,60 días,2025-10-10,,2919.84,Pendiente
PP-007201,O-007201,PR-00611,恒聪百汇传媒有限公司,2025-07-23,90 días,2025-10-21,2025-07-26,4338.25,Pagado
PP-007202,O-007202,PR-00597,银嘉科技有限公司,2025-07-20,60 días,2025-09-18,,4218.84,Pendiente
PP-007203,O-007203,PR-00573,华成育卓信息有限公司,2025-07-01,90 días,2025-09-29,,1180.98,Pendiente
PP-007204,O-007204,PR-01471,富罳信息有限公司,2025-07-31,60 días,2025-09-29,2025-08-11,1991.44,Pagado
PP-007205,O-007205,PR-00835,思优传媒有限公司,2025-08-01,60 días,2025-09-30,,5992.5,Pendiente
PP-007206,O-007206,PR-00835,思优传媒有限公司,2025-08-22,60 días,2025-10-21,2025-09-10,6808.48,Pagado
PP-007207,O-007207,PR-01420,商软冠联科技有限公司,2025-07-04,90 días,2025-10-02,,11139.0,Pendiente
PP-007208,O-007208,PR-00610,联通时科科技有限公司,2025-08-19,60 días,2025-10-18,2025-10-16,2488.6,Pagado
PP-007209,O-007209,PR-00611,恒聪百汇传媒有限公司,2025-06-30,90 días,2025-09-28,2025-08-12,2472.4,Pagado
PP-007210,O-007210,PR-00597,银嘉科技有限公司,2025-08-24,60 días,2025-10-23,,1687.29,Pendiente
PP-007211,O-007211,PR-00600,图龙信息网络有限公司,2025-08-02,90 días,2025-10-31,,8639.08,Pendiente
PP-007212,O-007212,PR-00600,图龙信息网络有限公司,2025-07-12,90 días,2025-10-10,2025-07-23,5353.92,Pagado
PP-007213,O-007213,PR-00601,MBP软件信息有限公司,2025-08-17,30 días,2025-09-16,,7734.65,Pendiente
PP-007214,O-007214,PR-00571,黄石金承网络有限公司,2025-08-08,30 días,2025-09-07,2025-09-02,4324.32,Pagado
PP-007215,O-007215,PR-00571,黄石金承网络有限公司,2025-08-22,30 días,2025-09-21,,5618.83,Pendiente
PP-007216,O-007216,PR-00573,华成育卓信息有限公司,2025-07-20,90 días,2025-10-18,2025-08-18,3704.35,Pagado
PP-007217,O-007217,PR-00573,华成育卓信息有限公司,2025-08-15,90 días,2025-11-13,2025-09-20,2155.1,Pagado
PP-007218,O-007218,PR-00661,创联世纪传媒有限公司,2025-07-17,30 días,2025-08-16,2025-07-21,1860.4,Pagado
PP-007219,O-007219,PR-00611,恒聪百汇传媒有限公司,2025-07-05,90 días,2025-10-03,2025-09-01,4515.2,Pagado
PP-007220,O-007220,PR-00597,银嘉科技有限公司,2025-07-16,60 días,2025-09-14,,2879.2,Pendiente
PP-007221,O-007221,PR-00792,天开信息有限公司,2025-08-03,30 días,2025-09-02,,9044.95,Pendiente
PP-007222,O-007222,PR-00601,MBP软件信息有限公司,2025-07-15,30 días,2025-08-14,,5961.66,Retrasado
PP-007223,O-007223,PR-00570,商软冠联信息有限公司,2025-07-25,60 días,2025-09-23,2025-08-13,4734.5,Pagado
PP-007224,O-007224,PR-00662,凌颖信息科技有限公司,2025-07-08,90 días,2025-10-06,,817.33,Pendiente
PP-007225,O-007225,PR-00573,华成育卓信息有限公司,2025-07-08,90 días,2025-10-06,2025-07-09,6028.3,Pagado
PP-007226,O-007226,PR-01436,浦华众城网络有限公司,2025-07-01,30 días,2025-07-31,2025-07-29,4007.88,Pagado
PP-007227,O-007227,PR-00611,恒聪百汇传媒有限公司,2025-07-01,90 días,2025-09-29,2025-09-02,442.8,Pagado
PP-007228,O-007228,PR-00597,银嘉科技有限公司,2025-07-02,60 días,2025-08-31,2025-08-02,5140.85,Pagado
PP-007229,O-007229,PR-00597,银嘉科技有限公司,2025-07-02,60 días,2025-08-31,2025-08-22,1825.32,Pagado
PP-007230,O-007230,PR-00792,天开信息有限公司,2025-07-23,30 días,2025-08-22,,1152.32,Pendiente
PP-007231,O-007231,PR-00792,天开信息有限公司,2025-08-20,30 días,2025-09-19,2025-09-02,8523.84,Pagado
PP-007232,O-007232,PR-00599,思优科技有限公司,2025-07-14,30 días,2025-08-13,2025-07-22,3494.94,Pagado
PP-007233,O-007233,PR-00570,商软冠联信息有限公司,2025-07-05,60 días,2025-09-03,,409.46,Pendiente
PP-007234,O-007234,PR-00572,四通信息有限公司,2025-07-01,60 días,2025-08-30,2025-08-17,3963.33,Pagado
PP-007235,O-007235,PR-00574,海创信息有限公司,2025-08-20,60 días,2025-10-19,2025-10-12,9566.93,Pagado
PP-007236,O-007236,PR-00610,联通时科科技有限公司,2025-07-27,60 días,2025-09-25,2025-08-26,1917.66,Pagado
PP-007237,O-007237,PR-00611,恒聪百汇传媒有限公司,2025-08-20,90 días,2025-11-18,2025-09-02,6286.45,Pagado
PP-007238,O-007238,PR-00611,恒聪百汇传媒有限公司,2025-08-19,90 días,2025-11-17,2025-10-17,4551.84,Pagado
PP-007239,O-007239,PR-00782,毕博诚传媒有限公司,2025-08-08,60 días,2025-10-07,,10026.96,Pendiente
PP-007240,O-007240,PR-00571,黄石金承网络有限公司,2025-07-22,30 días,2025-08-21,2025-08-13,6494.28,Pagado
PP-007241,O-007241,PR-00573,华成育卓信息有限公司,2025-08-13,90 días,2025-11-11,,5407.16,Pendiente
PP-007242,O-007242,PR-00607,彩虹信息有限公司,2025-08-24,90 días,2025-11-22,,546.0,Pendiente
PP-007243,O-007243,PR-00792,天开信息有限公司,2025-07-02,30 días,2025-08-01,2025-07-04,825.36,Pagado
PP-007244,O-007244,PR-00782,毕博诚传媒有限公司,2025-08-11,60 días,2025-10-10,,1904.94,Pendiente
PP-007245,O-007245,PR-00600,图龙信息网络有限公司,2025-08-28,90 días,2025-11-26,,205.82,Pendiente
PP-007246,O-007246,PR-01265,精芯网络有限公司,2025-08-08,90 días,2025-11-06,2025-11-04,1717.24,Pagado
PP-007247,O-007247,PR-01265,精芯网络有限公司,2025-08-28,90 días,2025-11-26,2025-10-10,2311.14,Pagado
PP-007248,O-007248,PR-01219,四通科技有限公司,2025-08-10,90 días,2025-11-08,2025-10-09,6142.5,Pagado
PP-007249,O-007249,PR-00571,黄石金承网络有限公司,2025-08-17,30 días,2025-09-16,,1845.56,Pendiente
PP-007250,O-007250,PR-00697,盟新科技有限公司,2025-08-08,30 días,2025-09-07,,7478.25,Pendiente
PP-007251,O-007251,PR-00573,华成育卓信息有限公司,2025-08-19,90 días,2025-11-17,2025-10-23,1108.83,Pagado
PP-007252,O-007252,PR-00573,华成育卓信息有限公司,2025-08-19,90 días,2025-11-17,2025-10-19,2921.44,Pagado
PP-007253,O-007253,PR-00574,海创信息有限公司,2025-08-21,60 días,2025-10-20,2025-09-05,1502.01,Pagado
PP-007254,O-007254,PR-01436,浦华众城网络有限公司,2025-07-05,30 días,2025-08-04,,2670.2,Retrasado
PP-007255,O-007255,PR-00835,思优传媒有限公司,2025-08-26,60 días,2025-10-25,,7826.22,Pendiente
PP-007256,O-007256,PR-00610,联通时科科技有限公司,2025-08-19,60 días,2025-10-18,2025-09-25,7163.31,Pagado
PP-007257,O-007257,PR-00597,银嘉科技有限公司,2025-06-30,60 días,2025-08-29,,4531.2,Pendiente
PP-007258,O-007258,PR-00597,银嘉科技有限公司,2025-08-15,60 días,2025-10-14,2025-08-19,769.44,Pagado
PP-007259,O-007259,PR-00598,菊风公司传媒有限公司,2025-08-05,90 días,2025-11-03,2025-08-28,11045.65,Pagado
PP-007260,O-007260,PR-00600,图龙信息网络有限公司,2025-07-04,90 días,2025-10-02,,7951.56,Pendiente
PP-007261,O-007261,PR-01219,四通科技有限公司,2025-07-27,90 días,2025-10-25,,6367.01,Pendiente
PP-007262,O-007262,PR-00739,诺依曼软件科技有限公司,2025-07-15,Contado,2025-07-15,,8052.21,Retrasado
PP-007263,O-007263,PR-00571,黄石金承网络有限公司,2025-07-04,30 días,2025-08-03,2025-07-07,2929.0,Pagado
PP-007264,O-007264,PR-00572,四通信息有限公司,2025-07-30,60 días,2025-09-28,2025-09-25,9108.84,Pagado
PP-007265,O-007265,PR-00597,银嘉科技有限公司,2025-07-17,60 días,2025-09-15,,3475.8,Pendiente
PP-007266,O-007266,PR-00597,银嘉科技有限公司,2025-08-17,60 días,2025-10-16,,1311.2,Pendiente
PP-007267,O-007267,PR-00913,诺依曼软件传媒有限公司,2025-08-09,90 días,2025-11-07,2025-09-06,7868.7,Pagado
PP-007268,O-007268,PR-00697,盟新科技有限公司,2025-08-18,30 días,2025-09-17,2025-09-08,779.13,Pagado
PP-007269,O-007269,PR-00571,黄石金承网络有限公司,2025-08-18,30 días,2025-09-17,,5572.56,Pendiente
PP-007270,O-007270,PR-00661,创联世纪传媒有限公司,2025-07-11,30 días,2025-08-10,2025-07-12,12670.84,Pagado
PP-007271,O-007271,PR-00772,明腾网络有限公司,2025-08-19,30 días,2025-09-18,,10076.32,Pendiente
PP-007272,O-007272,PR-00772,明腾网络有限公司,2025-07-11,30 días,2025-08-10,2025-07-13,1560.16,Pagado
PP-007273,O-007273,PR-01436,浦华众城网络有限公司,2025-07-12,30 días,2025-08-11,2025-08-08,393.9,Pagado
PP-007274,O-007274,PR-00869,浦华众城网络有限公司,2025-07-23,60 días,2025-09-21,,847.7,Pendiente
PP-007275,O-007275,PR-00869,浦华众城网络有限公司,2025-07-31,60 días,2025-09-29,,3690.28,Pendiente
PP-007276,O-007276,PR-00611,恒聪百汇传媒有限公司,2025-07-01,90 días,2025-09-29,,11132.16,Pendiente
PP-007277,O-007277,PR-00597,银嘉科技有限公司,2025-06-30,60 días,2025-08-29,,3377.55,Pendiente
PP-007278,O-007278,PR-00597,银嘉科技有限公司,2025-08-23,60 días,2025-10-22,,2779.04,Pendiente
PP-007279,O-007279,PR-00601,MBP软件信息有限公司,2025-08-25,30 días,2025-09-24,,5491.02,Pendiente
PP-007280,O-007280,PR-00662,凌颖信息科技有限公司,2025-07-23,90 días,2025-10-21,,928.28,Pendiente
PP-007281,O-007281,PR-00573,华成育卓信息有限公司,2025-08-25,90 días,2025-11-23,2025-08-30,2350.32,Pagado
PP-007282,O-007282,PR-00574,海创信息有限公司,2025-07-20,60 días,2025-09-18,,3504.36,Pendiente
PP-007283,O-007283,PR-00607,彩虹信息有限公司,2025-07-25,90 días,2025-10-23,,6763.38,Pendiente
PP-007284,O-007284,PR-00869,浦华众城网络有限公司,2025-07-06,60 días,2025-09-04,,5532.78,Pendiente
PP-007285,O-007285,PR-00609,浦华众城科技有限公司,2025-08-22,60 días,2025-10-21,2025-09-24,1945.68,Pagado
PP-007286,O-007286,PR-00610,联通时科科技有限公司,2025-07-07,60 días,2025-09-05,2025-07-30,4711.0,Pagado
PP-007287,O-007287,PR-00611,恒聪百汇传媒有限公司,2025-08-27,90 días,2025-11-25,2025-10-08,641.79,Pagado
PP-007288,O-007288,PR-00597,银嘉科技有限公司,2025-07-07,60 días,2025-09-05,2025-09-04,3250.8,Pagado
PP-007289,O-007289,PR-00597,银嘉科技有限公司,2025-07-24,60 días,2025-09-22,,7394.94,Pendiente
PP-007290,O-007290,PR-00597,银嘉科技有限公司,2025-08-27,60 días,2025-10-26,,6307.76,Pendiente
PP-007291,O-007291,PR-00791,创汇信息有限公司,2025-07-17,60 días,2025-09-15,2025-09-14,2581.25,Pagado
PP-007292,O-007292,PR-00697,盟新科技有限公司,2025-07-27,30 días,2025-08-26,,7246.23,Retrasado
PP-007293,O-007293,PR-00849,济南亿次元信息有限公司,2025-08-16,60 días,2025-10-15,2025-10-04,3363.75,Pagado
PP-007294,O-007294,PR-00849,济南亿次元信息有限公司,2025-08-08,60 días,2025-10-07,2025-09-01,3751.31,Pagado
PP-007295,O-007295,PR-00661,创联世纪传媒有限公司,2025-06-30,30 días,2025-07-30,,11385.86,Retrasado
PP-007296,O-007296,PR-00611,恒聪百汇传媒有限公司,2025-07-26,90 días,2025-10-24,,4187.43,Pendiente
PP-007297,O-007297,PR-00597,银嘉科技有限公司,2025-06-30,60 días,2025-08-29,,4250.85,Pendiente
PP-007298,O-007298,PR-00598,菊风公司传媒有限公司,2025-08-06,90 días,2025-11-04,2025-09-23,6039.26,Pagado
PP-007299,O-007299,PR-00600,图龙信息网络有限公司,2025-08-15,90 días,2025-11-13,,700.92,Pendiente
PP-007300,O-007300,PR-00600,图龙信息网络有限公司,2025-08-23,90 días,2025-11-21,2025-08-31,2560.2,Pagado
PP-007301,O-007301,PR-00913,诺依曼软件传媒有限公司,2025-07-06,90 días,2025-10-04,,3291.9,Pendiente
PP-007302,O-007302,PR-00570,商软冠联信息有限公司,2025-07-18,60 días,2025-09-16,,7523.17,Pendiente
PP-007303,O-007303,PR-00739,诺依曼软件科技有限公司,2025-07-27,Contado,2025-07-27,2025-07-27,6563.99,Pagado
PP-007304,O-007304,PR-00849,济南亿次元信息有限公司,2025-07-05,60 días,2025-09-03,2025-07-07,9383.64,Pagado
PP-007305,O-007305,PR-00772,明腾网络有限公司,2025-07-05,30 días,2025-08-04,2025-07-31,4186.71,Pagado
